$MeshFormat
4.1 0 8
$EndMeshFormat
$PhysicalNames
18
1 18 "Outer_Boundary"
2 1 "Rotor_Yoke"
2 2 "Rotor_Aluminium"
2 3 "Stator_Yoke"
2 4 "AirGap"
2 5 "Air_Hole_1"
2 6 "Air_Hole_2"
2 7 "Air_Hole_3"
2 8 "Air_Hole_4"
2 9 "Air_Hole_5"
2 10 "Air_Hole_6"
2 11 "Slot_1"
2 12 "Slot_2"
2 13 "Slot_3"
2 14 "Slot_4"
2 15 "Slot_5"
2 16 "Slot_6"
2 17 "Air_Box"
$EndPhysicalNames
$Entities
29 41 18 0
1 85.50000015000001 0 0 0 
2 57 0 0 0 
3 20 0 0 0 
4 30 0 0 0 
5 50.22814296703 -13.45859034533 0 0 
6 52 3.388131789017e-17 0 0 
7 36.7695526217 36.7695526217 0 0 
8 26 45.03332099679 0 0 
9 -13.45859034533 50.22814296703 0 0 
10 -26 45.03332099679 0 0 
11 -50.22814296703 13.45859034533 0 0 
12 -52 2.081668171172e-14 0 0 
13 -36.7695526217 -36.7695526217 0 0 
14 -26 -45.03332099679 0 0 
15 13.45859034533 -50.22814296703 0 0 
16 26 -45.03332099679 0 0 
17 30.8634518852 -8.269837008275001 0 0 
18 32 0 0 0 
19 16 -27.7128129211 0 0 
20 22.59361487692 22.59361487692 0 0 
21 8.269837008275001 -30.8634518852 0 0 
22 -16 -27.7128129211 0 0 
23 -22.59361487692 -22.59361487692 0 0 
24 -32 1.214306433184e-14 0 0 
25 -30.8634518852 8.269837008275001 0 0 
26 -16 27.7128129211 0 0 
27 -8.269837008275001 30.8634518852 0 0 
28 16 27.7128129211 0 0 
29 31 0 0 0 
1 -85.50000025 -85.50000025 -1e-07 85.50000025 85.50000025 1e-07 1 18 2 1 -1 
2 -57.0000001 -57.0000001 -1e-07 57.0000001 57.0000001 1e-07 0 2 2 -2 
3 -20.00000010000001 -20.00000010000001 -1.000000088817842e-07 20.00000010000001 20.00000010000001 1.000000088817842e-07 0 2 3 -3 
4 -30.00000010000001 -30.00000010000001 -1.000000133226763e-07 30.00000010000001 30.00000010000001 1.000000133226763e-07 0 2 4 -4 
5 50.22814286703172 -13.45859044533045 -1e-07 52.0000001 9.999998695775503e-08 1e-07 0 2 5 -6 
6 36.76955252170047 -1.000000082740371e-07 -1.000000071054274e-07 52.00000010000001 36.76955272170048 1.000000071054274e-07 0 2 6 -7 
7 25.99999990000035 36.76955252170046 -1.000000071054274e-07 36.76955272170049 45.03332109679062 1.000000071054274e-07 0 2 7 -8 
8 -13.45859044533046 45.03332089679061 -1e-07 26.00000010000036 52.0000001 1e-07 0 2 8 -9 
9 -26.00000010000035 45.03332089679061 -1e-07 -13.45859024533046 50.22814306703172 1e-07 0 2 9 -10 
10 -50.22814306703174 13.45859024533045 -1.000000227484671e-07 -25.99999990000033 45.03332109679063 1.000000227484671e-07 0 2 10 -11 
11 -52.0000001 -9.999999406318238e-08 -1e-07 -50.22814286703171 13.45859044533047 1e-07 0 2 11 -12 
12 -52.00000010000002 -36.76955272170049 -1.000000191319487e-07 -36.76955252170045 1.000000260376055e-07 1.000000191319487e-07 0 2 12 -13 
13 -36.76955272170053 -45.03332109679064 -1.000000476646557e-07 -25.99999990000033 -36.76955252170042 1.000000476646557e-07 0 2 13 -14 
14 -26.00000010000038 -52.0000001 -1e-07 13.45859044533043 -45.03332089679058 1e-07 0 2 14 -15 
15 13.45859024533043 -50.22814306703172 -1e-07 26.00000010000036 -45.0333208967906 1e-07 0 2 15 -16 
16 25.99999990000036 -45.0333210967906 -1e-07 50.22814306703172 -13.45859024533045 1e-07 0 2 16 -5 
17 30.8634517852 -13.45859044533886 -1.000000017763568e-07 50.22814306702764 -8.269836908275 1.000000017763568e-07 0 2 17 -5 
18 30.90962634125044 -8.28220954327962 -1.000000286428934e-07 32.00000010000003 1.00000020708535e-07 1.000000286428934e-07 0 2 17 -18 
19 31.9999999 -9.999999999999883e-08 -1e-07 52.0000001 1.000000000338813e-07 1e-07 0 2 18 -6 
20 15.9999999 -45.0333210967875 -1.000000035527137e-07 26.00000010000433 -27.7128128211 1.000000035527137e-07 0 2 19 -16 
21 15.99999990000086 -27.71281302110154 -1e-07 30.90962654125047 -8.282209343279593 1e-07 0 2 19 -17 
22 22.62741689796952 -1.000000029449666e-07 -1.000000035527137e-07 32.0000001 22.62741709796952 1.000000035527137e-07 0 2 18 -20 
23 22.59361477692 22.59361477692 -1e-07 36.7695527217 36.7695527217 1e-07 0 2 20 -7 
24 8.269836908275 -50.22814306702764 -1.000000017763568e-07 13.45859044533886 -30.8634517852 1.000000017763568e-07 0 2 21 -15 
25 8.282209343279549 -30.90962654125051 -1.000000301980663e-07 16.00000010000089 -27.71281282110151 1.000000301980663e-07 0 2 21 -19 
26 -16.0000001000009 -32.00000010000003 -1.000000286428934e-07 8.282209543279606 -27.7128128211015 1.000000286428934e-07 0 2 22 -21 
27 -22.62741709796956 -27.71281302110156 -1.000000305615986e-07 -15.99999990000084 -22.62741689796949 1.000000305615986e-07 0 2 23 -22 
28 -32.0000001 -22.62741709796952 -1e-07 -22.62741689796952 1.000000047213234e-07 1e-07 0 2 24 -23 
29 -32.0000001 -9.999999583953922e-08 -1e-07 -30.90962634125047 8.282209543279587 1e-07 0 2 25 -24 
30 -30.90962654125049 8.282209343279574 -1.000000128094913e-07 -15.99999990000087 27.71281302110154 1.000000128094913e-07 0 2 26 -25 
31 -16.00000010000088 27.71281282110153 -1e-07 -8.28220934327959 30.90962654125047 1e-07 0 2 27 -26 
32 -8.282209543279588 27.71281282110153 -1e-07 16.00000010000089 32.0000001 1e-07 0 2 28 -27 
33 15.99999990000088 22.62741689796951 -1.000000079441093e-07 22.62741709796953 27.71281302110154 1.000000079441093e-07 0 2 20 -28 
34 -31.00000010000002 -31.00000010000002 -1.000000137667655e-07 31.00000010000002 31.00000010000002 1.000000137667655e-07 0 2 29 -29 
35 15.9999999 27.7128128211 -1.000000035527137e-07 26.00000010000433 45.0333210967875 1.000000035527137e-07 0 2 28 -8 
36 -26.00000010000433 -45.0333210967875 -1.000000035527137e-07 -15.9999999 -27.7128128211 1.000000035527137e-07 0 2 22 -14 
37 -13.45859044533886 30.8634517852 -1.000000017763568e-07 -8.269836908275 50.22814306702764 1.000000017763568e-07 0 2 27 -9 
38 -36.7695527217 -36.7695527217 -1e-07 -22.59361477692 -22.59361477692 1e-07 0 2 23 -13 
39 -26.00000010000433 27.7128128211 -1.000000035527137e-07 -15.9999999 45.0333210967875 1.000000035527137e-07 0 2 26 -10 
40 -52.0000001 -9.999998785693566e-08 -1e-07 -31.9999999 1.000000208166817e-07 1e-07 0 2 24 -12 
41 -50.22814306702764 8.269836908275 -1.000000017763568e-07 -30.8634517852 13.45859044533886 1.000000017763568e-07 0 2 25 -11 
1 -20.00000010000001 -20.00000010000001 -1.000000088817842e-07 20.00000010000001 20.00000010000001 1.000000088817842e-07 1 1 1 3 
2 -30.00000010000001 -30.00000010000001 -1.000000133226763e-07 30.00000010000001 30.00000010000001 1.000000133226763e-07 1 2 2 4 -3 
3 -31.00000010000002 -31.00000010000002 -1.000000137667655e-07 31.00000010000002 31.00000010000002 1.000000137667655e-07 1 4 2 34 -4 
4 30.86345178519997 -13.45859044533888 -1.000000286428934e-07 52.00000010000003 1.000000287021408e-07 1.000000286428934e-07 1 5 4 17 5 -19 -18 
5 8.269836908274971 -50.22814306703175 -1.000000301980663e-07 26.00000010000436 -27.71281282109997 1.000000301980663e-07 1 6 4 15 -20 -25 24 
6 -36.76955272170053 -45.03332109679064 -1.000000476646557e-07 -15.99999989999995 -22.59361477691995 1.000000476646557e-07 1 7 4 13 -36 -27 38 
7 -52.0000001 -9.999999761589606e-08 -1.000000017763568e-07 -30.8634517852 13.45859044533886 1.000000017763568e-07 1 8 4 11 -40 -29 41 
8 15.99999989999999 22.59361477691999 -1.000000079441093e-07 36.76955272170049 45.03332109679062 1.000000079441093e-07 1 9 4 23 7 -35 -33 
9 -26.00000010000433 27.7128128211 -1.000000035527137e-07 -8.269836908274998 50.22814306703172 1.000000035527137e-07 1 10 4 37 9 -39 -31 
10 22.59361477691999 -1.000000082740371e-07 -1.000000071054274e-07 52.00000010000001 36.76955272170048 1.000000071054274e-07 1 11 4 19 6 -23 -22 
11 15.9999999 -45.0333210967906 -1.000000035527137e-07 50.22814306703172 -8.269836908274996 1.000000035527137e-07 1 12 4 16 -17 -21 20 
12 -26.00000010000436 -52.00000010000003 -1.000000286428934e-07 13.45859044533888 -27.71281282109997 1.000000286428934e-07 1 13 4 14 -24 -26 36 
13 -52.00000010000002 -36.76955272170049 -1.000000191319487e-07 -22.59361477691998 1.000000402484602e-07 1.000000191319487e-07 1 14 4 12 -38 -28 40 
14 -50.22814306703174 8.269836908274979 -1.000000227484671e-07 -15.99999989999998 45.03332109679063 1.000000227484671e-07 1 15 4 39 10 -41 -30 
15 -13.45859044533886 27.7128128211 -1.000000035527137e-07 26.00000010000433 52.0000001 1.000000035527137e-07 1 16 4 35 8 -37 -32 
16 -57.00000010000005 -57.00000010000005 -1.000000476646557e-07 57.00000010000005 57.00000010000005 1.000000476646557e-07 1 3 13 2 -5 -16 -15 -14 -13 -12 -11 -10 -9 -8 -7 -6 
17 -32.00000010000003 -32.00000010000003 -1.000000305615986e-07 32.00000010000003 32.00000010000003 1.000000305615986e-07 1 4 13 21 18 22 33 32 31 30 29 28 27 26 25 -34 
18 -85.50000025 -85.50000025 -1e-07 85.50000025 85.50000025 1e-07 1 17 2 1 -2 
$EndEntities
$Nodes
88 6307 1 6307
0 1 0 1
1
85.50000015000001 0 0
0 2 0 1
2
57 0 0
0 3 0 1
3
20 0 0
0 4 0 1
4
30 0 0
0 5 0 1
5
50.22814296703 -13.45859034533 0
0 6 0 1
6
52 3.388131789017e-17 0
0 7 0 1
7
36.7695526217 36.7695526217 0
0 8 0 1
8
26 45.03332099679 0
0 9 0 1
9
-13.45859034533 50.22814296703 0
0 10 0 1
10
-26 45.03332099679 0
0 11 0 1
11
-50.22814296703 13.45859034533 0
0 12 0 1
12
-52 2.081668171172e-14 0
0 13 0 1
13
-36.7695526217 -36.7695526217 0
0 14 0 1
14
-26 -45.03332099679 0
0 15 0 1
15
13.45859034533 -50.22814296703 0
0 16 0 1
16
26 -45.03332099679 0
0 17 0 1
17
30.8634518852 -8.269837008275001 0
0 18 0 1
18
32 0 0
0 19 0 1
19
16 -27.7128129211 0
0 20 0 1
20
22.59361487692 22.59361487692 0
0 21 0 1
21
8.269837008275001 -30.8634518852 0
0 22 0 1
22
-16 -27.7128129211 0
0 23 0 1
23
-22.59361487692 -22.59361487692 0
0 24 0 1
24
-32 1.214306433184e-14 0
0 25 0 1
25
-30.8634518852 8.269837008275001 0
0 26 0 1
26
-16 27.7128129211 0
0 27 0 1
27
-8.269837008275001 30.8634518852 0
0 28 0 1
28
16 27.7128129211 0
0 29 0 1
29
31 0 0
1 1 0 94
30
31
32
33
34
35
36
37
38
39
40
41
42
43
44
45
46
47
48
49
50
51
52
53
54
55
56
57
58
59
60
61
62
63
64
65
66
67
68
69
70
71
72
73
74
75
76
77
78
79
80
81
82
83
84
85
86
87
88
89
90
91
92
93
94
95
96
97
98
99
100
101
102
103
104
105
106
107
108
109
110
111
112
113
114
115
116
117
118
119
120
121
122
123
85.31306527687727 5.650744969760883 0
84.753078076146 11.2767806695307 0
83.8224872293532 16.8535058766691 0
82.52536197349467 22.35653499077355 0
80.86737430727688 27.76180466570532 0
78.85577418890988 33.0456790324795 0
76.49935783388472 38.18505305290623 0
73.80842925136108 43.15745355204391 0
70.79475518735708 47.94113748767521 0
67.47151367176279 52.51518702709844 0
63.85323639416845 56.85960101548764 0
59.95574516048337 60.95538243585365 0
55.79608270820437 64.78462147816577 0
51.39243818286092 68.33057385439419 0
46.76406760150984 71.57773401702109 0
41.93120965107212 74.51190296085477 0
36.91499718970446 77.12025031166661 0
31.73736483818761 79.391370430153 0
26.4209530654107 81.31533228589406 0
20.98900918736129 82.88372288322276 0
15.46528571252763 84.08968404911442 0
9.87393647822247 84.92794242223243 0
4.239411031998239 85.39483251199556 0
-1.413652280003587 85.4883127268356 0
-7.06053405027116 85.20797430155795 0
-12.67654190160186 84.55504308476777 0
-18.23711846058512 83.53237417854581 0
-23.71794874074797 82.14443945381363 0
-29.0950664658043 80.39730799597976 0
-34.34495886808303 78.29861956637349 0
-39.44466950387881 75.85755119551233 0
-44.37189863613918 73.0847770542826 0
-49.10510074554079 69.99242177850607 0
-53.62357874356366 66.59400745099236 0
-57.9075744755929 62.90439447291154 0
-61.93835511830168 58.93971658304062 0
-65.69829509352141 54.7173103090291 0
-69.17095314041035 50.25563915917453 0
-72.34114420890408 45.57421288619852 0
-75.19500586007571 40.69350217606222 0
-77.72005888305422 35.63484913486496 0
-79.90526186343843 30.42037396524465 0
-81.74105946459282 25.07287824035969 0
-83.21942421070338 19.61574519841132 0
-84.33389158888689 14.07283749369244 0
-85.07958831686086 8.468392851271917 0
-85.45325365256716 2.826918081589907 0
-85.45325365256718 -2.826918081588786 0
-85.07958831686098 -8.468392851270799 0
-84.33389158888707 -14.07283749369133 0
-83.21942421070365 -19.61574519841019 0
-81.74105946459316 -25.07287824035857 0
-79.90526186343884 -30.42037396524356 0
-77.72005888305469 -35.63484913486393 0
-75.19500586007622 -40.69350217606126 0
-72.34114420890467 -45.57421288619759 0
-69.17095314041102 -50.25563915917362 0
-65.69829509352212 -54.71731030902824 0
-61.93835511830245 -58.9397165830398 0
-57.90757447559375 -62.90439447291075 0
-53.62357874356461 -66.59400745099163 0
-49.10510074554174 -69.9924217785054 0
-44.37189863614011 -73.08477705428203 0
-39.44466950387984 -75.85755119551179 0
-34.34495886808408 -78.29861956637303 0
-29.09506646580533 -80.39730799597939 0
-23.71794874074896 -82.14443945381335 0
-18.23711846058611 -83.5323741785456 0
-12.67654190160284 -84.55504308476762 0
-7.060534050272109 -85.20797430155788 0
-1.413652280004443 -85.48831272683559 0
4.239411031997384 -85.39483251199559 0
9.873936478221715 -84.92794242223253 0
15.46528571252683 -84.08968404911457 0
20.98900918736053 -82.88372288322296 0
26.42095306541004 -81.31533228589429 0
31.7373648381869 -79.39137043015329 0
36.91499718970383 -77.12025031166691 0
41.93120965107154 -74.5119029608551 0
46.76406760150937 -71.5777340170214 0
51.39243818286051 -68.33057385439452 0
55.796082708204 -64.78462147816609 0
59.95574516048304 -60.95538243585397 0
63.85323639416815 -56.85960101548797 0
67.47151367176254 -52.51518702709876 0
70.79475518735686 -47.94113748767555 0
73.80842925136093 -43.15745355204417 0
76.49935783388459 -38.18505305290647 0
78.85577418890982 -33.04567903247965 0
80.86737430727679 -27.76180466570553 0
82.52536197349464 -22.35653499077366 0
83.82248722935319 -16.85350587666919 0
84.75307807614598 -11.27678066953085 0
85.31306527687727 -5.650744969760927 0
1 2 0 70
124
125
126
127
128
129
130
131
132
133
134
135
136
137
138
139
140
141
142
143
144
145
146
147
148
149
150
151
152
153
154
155
156
157
158
159
160
161
162
163
164
165
166
167
168
169
170
171
172
173
174
175
176
177
178
179
180
181
182
183
184
185
186
187
188
189
190
191
192
193
56.77694865559113 5.037668246358431 0
56.10954040085092 10.03590932627819 0
55.0029986203011 14.95560573080058 0
53.46598341672786 19.75825440878272 0
51.51052416612552 24.40626764032137 0
49.15192488353591 28.86326870337528 0
46.40864487409083 33.09437536728142 0
43.3021542075728 37.06647327415416 0
39.85676534187403 40.74847551114998 0
36.0994487233567 44.1115608641288 0
32.05960559907966 47.12941426361525 0
27.76885154544457 49.77841785198743 0
23.26076374511152 52.03784075068936 0
18.57062857336216 53.88999679337739 0
13.73515312272773 55.32039017121284 0
8.792181633555204 56.3178261487655 0
3.780399144767816 56.87449852355833 0
-1.260970099733443 56.98605052473437 0
-6.292470921136072 56.65160906546836 0
-11.27472418866506 55.87379166003978 0
-16.1687359329691 54.65868621115874 0
-20.93619995002328 53.01580454593371 0
-25.53981012727071 50.95800328371354 0
-29.94353970299984 48.50138585705435 0
-34.11292439055659 45.66517698995778 0
-38.0153287863881 42.47157610994454 0
-41.62021190495387 38.94557691172049 0
-44.89935973196157 35.11477603032529 0
-47.82710908745665 31.00915407321718 0
-50.38054616097838 26.660843357282 0
-52.5396869521766 22.10387511200886 0
-54.2876331973352 17.37391383170728 0
-55.61070408376607 12.50798110439106 0
-56.49854541627531 7.544161043156244 0
-56.94421003905421 2.521297885629004 0
-56.94420985258697 -2.52130209703964 0
-56.49854384788922 -7.54417278885758 0
-55.61069982414065 -12.50800004274558 0
-54.28762635461962 -17.37393521287592 0
-52.53967826285964 -22.10389576602266 0
-50.38053571357734 -26.66086309955021 0
-47.82709678492021 -31.00917304808168 0
-44.89934587175942 -35.1147937526069 0
-41.62019633373595 -38.94559355230412 0
-38.01531533161588 -42.47158815299718 0
-34.11291589504901 -45.66518333629367 0
-29.94353724403602 -48.50138737515689 0
-25.53980534408798 -50.95800568101243 0
-20.93618800523161 -53.01580926298868 0
-16.1687163093447 -54.65869201607308 0
-11.27470293734993 -55.87379594832012 0
-6.292449223336376 -56.65161147550644 0
-1.260948721747227 -56.98605099777597 0
3.780420844812525 -56.87449708117081 0
8.792203138072274 -56.31782279153618 0
13.73517446858195 -55.32038487138005 0
18.57064435825632 -53.88999135386053 0
23.26077199352229 -52.0378370636729 0
27.76885301501362 -49.77841703218945 0
32.05961122223805 -47.12941043848254 0
36.09945975646657 -44.11155183499273 0
39.85678123477469 -40.748459966032 0
43.30216892283522 -37.06645608334095 0
46.40865801207001 -33.09435694372576 0
49.15193625690723 -28.86324933539064 0
51.51053371527639 -24.40624748639934 0
53.46599123119935 -19.75823326275186 0
55.00300447207119 -14.95558420942883 0
56.10954315715563 -10.03589391610385 0
56.77694937128567 -5.037660180129683 0
1 3 0 53
194
195
196
197
198
199
200
201
202
203
204
205
206
207
208
209
210
211
212
213
214
215
216
217
218
219
220
221
222
223
224
225
226
227
228
229
230
231
232
233
234
235
236
237
238
239
240
241
242
243
244
245
246
19.86472453507842 2.322222888840237 0
19.46082563881531 4.61262023752537 0
18.7937459502341 6.840695370944348 0
17.87250592400563 8.976276065071955 0
16.70960373394664 10.99041141424998 0
15.32071820697568 12.85595557018006 0
13.72462532785933 14.54766852832034 0
11.94297325086369 16.04261169289945 0
9.999808875851073 17.32061841986163 0
7.921373770306297 18.3644177035675 0
5.735854012390556 19.15985330707266 0
3.472788882178484 19.69618585868385 0
1.162700822871929 19.96617456591255 0
-1.163084835079615 19.96615219982077 0
-3.473097494141364 19.69613144239723 0
-5.736208425818329 19.15974720333154 0
-7.92173643842614 18.36426126475311 0
-10.00008409392877 17.32045952376417 0
-11.94325504623967 16.04240190558978 0
-13.72491690455073 14.54739344223485 0
-15.32092816184228 12.85570535830951 0
-16.70978786092322 10.99013146613555 0
-17.87268649787553 8.975916518587814 0
-18.79386220077837 6.840375982221595 0
-19.46090018908626 4.612305695682196 0
-19.86477090803128 2.321826171666193 0
-20 -2.906496657933966e-13 0
-19.86477090803121 -2.321826171666779 0
-19.46090018908613 -4.612305695682771 0
-18.79386220077816 -6.840375982222158 0
-17.87268649787527 -8.975916518588342 0
-16.7097878609229 -10.99013146613605 0
-15.32092816184184 -12.85570535831005 0
-13.7249169045502 -14.54739344223535 0
-11.94325504623923 -16.04240190559011 0
-10.00008409392839 -17.32045952376439 0
-7.921736438425883 -18.36426126475322 0
-5.736208425818062 -19.15974720333162 0
-3.473097494141286 -19.69613144239725 0
-1.163084835079691 -19.96615219982077 0
1.162700822872035 -19.96617456591254 0
3.47278888217875 -19.6961858586838 0
5.73585401239084 -19.15985330707258 0
7.921373770306468 -18.36441770356743 0
9.999808875851327 -17.32061841986149 0
11.94297325086378 -16.04261169289939 0
13.72462532785946 -14.54766852832022 0
15.32071820697581 -12.85595557017991 0
16.70960373394672 -10.99041141424987 0
17.87250592400558 -8.976276065072048 0
18.79374595023403 -6.840695370944547 0
19.46082563881527 -4.61262023752554 0
19.86472453507842 -2.322222888840213 0
1 4 0 307
247
248
249
250
251
252
253
254
255
256
257
258
259
260
261
262
263
264
265
266
267
268
269
270
271
272
273
274
275
276
277
278
279
280
281
282
283
284
285
286
287
288
289
290
291
292
293
294
295
296
297
298
299
300
301
302
303
304
305
306
307
308
309
310
311
312
313
314
315
316
317
318
319
320
321
322
323
324
325
326
327
328
329
330
331
332
333
334
335
336
337
338
339
340
341
342
343
344
345
346
347
348
349
350
351
352
353
354
355
356
357
358
359
360
361
362
363
364
365
366
367
368
369
370
371
372
373
374
375
376
377
378
379
380
381
382
383
384
385
386
387
388
389
390
391
392
393
394
395
396
397
398
399
400
401
402
403
404
405
406
407
408
409
410
411
412
413
414
415
416
417
418
419
420
421
422
423
424
425
426
427
428
429
430
431
432
433
434
435
436
437
438
439
440
441
442
443
444
445
446
447
448
449
450
451
452
453
454
455
456
457
458
459
460
461
462
463
464
465
466
467
468
469
470
471
472
473
474
475
476
477
478
479
480
481
482
483
484
485
486
487
488
489
490
491
492
493
494
495
496
497
498
499
500
501
502
503
504
505
506
507
508
509
510
511
512
513
514
515
516
517
518
519
520
521
522
523
524
525
526
527
528
529
530
531
532
533
534
535
536
537
538
539
540
541
542
543
544
545
546
547
548
549
550
551
552
553
29.9923465231063 0.6776061082321532 0
29.97293891246919 1.273943856451446 0
29.94029707065355 1.891721787423949 0
29.89494855795342 2.508396044750253 0
29.83914468466196 3.102490046367629 0
29.7682453782515 3.721769350753485 0
29.6860553867809 4.328754505972457 0
29.59372886192348 4.92048900486089 0
29.48462402686744 5.536871498804313 0
29.36664548258767 6.131894739802147 0
29.23742166976093 6.721099173840063 0
29.09068048249604 7.330232538284466 0
28.9379627066378 7.911656867511353 0
28.77137568059532 8.497525607260497 0
28.58807641717254 9.095157324967126 0
28.40119864560755 9.662914440930328 0
28.19716278065678 10.2430469647046 0
27.9788798169758 10.82507663655201 0
27.75814890857839 11.37915502878787 0
27.51682927828759 11.95090400219059 0
27.2655557105739 12.51357150431447 0
27.01103565732784 13.05388649860891 0
26.73344732146433 13.61333149197842 0
26.45095506626403 14.15439776474017 0
26.16248115821708 14.68075541809537 0
25.85025100770056 15.22381433277732 0
25.5382992964038 15.74151419169393 0
25.21549932092114 16.25357173044207 0
24.87072131897731 16.7763887971687 0
24.53043932091385 17.27013453111942 0
24.17348534369108 17.76633350858733 0
23.7986942249788 18.26532652831481 0
23.43051906666169 18.73528159027249 0
23.04020437061869 19.21325018210411 0
22.63834485747027 19.6851553743995 0
22.24249274494483 20.13135654870472 0
21.82016114601806 20.58836000175351 0
21.39417025713423 21.03067947092421 0
20.97065927118706 21.45300561067787 0
20.5188623052335 21.88552694588065 0
20.07097084929076 22.29699820977973 0
19.6196468830825 22.6951416867829 0
19.14136716528994 23.09995807449789 0
18.67366142061432 23.47965862503671 0
18.1943968379954 23.85296467321291 0
17.69297323395553 24.22723050913028 0
17.20619828373038 24.57532788430205 0
16.70014531441846 24.92198119085453 0
16.1792318618947 25.26326297925609 0
15.67368461988668 25.57998456677267 0
15.14241729071686 25.89801534082871 0
14.6059259621677 26.20433030603292 0
14.08174558754955 26.48970443790434 0
13.52803767077432 26.77670996926454 0
12.97904705204572 27.04707632297405 0
12.43624732044283 27.3009112042946 0
11.8637894431556 27.55450054071875 0
11.30477148901141 27.7885253581624 0
10.7432752451064 28.01039158969192 0
10.15600645301519 28.22862966787998 0
9.588747806281413 28.4263243404337 0
9.009111421231486 28.61530903904126 0
8.411170389337865 28.79673961894863 0
7.835992647132136 28.95854311311415 0
7.240211402666666 29.11321587947123 0
6.635885340073061 29.25687997298077 0
6.052961767837883 29.38301641828308 0
5.443408429167581 29.50202204380689 0
4.836851970687655 29.6075136243092 0
4.246283170959259 29.69796422706493 0
3.626886080448642 29.77995462319323 0
3.02084164859917 29.84752109864551 0
2.422693443434068 29.90201592667527 0
1.797751788500302 29.94608636377956 0
1.194637141486469 29.97620459798373 0
0.5890118925856059 29.99421719249217 0
-0.03710435018895691 29.99997705444451 0
-0.6363637417850032 29.99324992707761 0
-1.247885109816189 29.97403514298165 0
-1.870789220742373 29.94161230948584 0
-2.466085903860952 29.89846852791591 0
-3.081090709310788 29.84136189990327 0
-3.696433169394781 29.77140208025477 0
-4.287675630658494 29.69201639643656 0
-4.902992440507825 29.59663266536116 0
-5.507215991296642 29.49017755160532 0
-6.094290143197297 29.37447238080249 0
-6.7055424752277 29.240993487105 0
-7.296393295522468 29.09918632671805 0
-7.879123988026772 28.94683756788125 0
-8.481977646821708 28.77596314980294 0
-9.057629269642245 28.59998867156629 0
-9.63543545432894 28.4105329694017 0
-10.22567230408008 28.20346833156464 0
-10.78594961103029 27.99398669336534 0
-11.35657265779518 27.76739558309743 0
-11.93014246136126 27.52583696913911 0
-12.47506057233723 27.28319746137753 0
-13.03595665698227 27.0196934482477 0
-13.58907062271713 26.74578769845461 0
-14.11856524679818 26.47009851458628 0
-14.66605646334979 26.17072386873997 0
-15.19632884326143 25.86641818434591 0
-15.71022111410671 25.55756155320526 0
-16.24027437309493 25.22406565735579 0
-16.7460017210763 24.89119174241582 0
-17.24396444279883 24.54884295227557 0
-17.75278791764873 24.1834348501404 0
-18.23313230650588 23.82336849174464 0
-18.71393435599726 23.4475726018585 0
-19.19802406304722 23.05289292203171 0
-19.65318237568989 22.66610735234157 0
-20.11449596652892 22.25774139513019 0
-20.57067917409065 21.83683031753082 0
-21.00072489852362 21.42357471890557 0
-21.44002935875313 20.98392577893384 0
-21.86573883149927 20.53994803675669 0
-22.27058266447591 20.10027730616533 0
-22.68451800654316 19.63192916681443 0
-23.07849536957147 19.16723901548338 0
-23.45785758853708 18.70104054206378 0
-23.84329103884099 18.20707204459643 0
-24.20461298849268 17.72390222488523 0
-24.55795098195666 17.23099078891907 0
-24.91213824164306 16.71482480402548 0
-25.24087738667044 16.21413299412179 0
-25.56658202486593 15.69553705885218 0
-25.88720083789674 15.16089815210163 0
-26.18363246830791 14.64299801149245 0
-26.47980547242344 14.10035113543679 0
-26.76498528362075 13.5512199734033 0
-27.02918166359558 13.01627206984966 0
-27.29366241142425 12.45214809465448 0
-27.54237506834152 11.89191219252813 0
-27.77418544125823 11.339956925606 0
-28.00469482420448 10.75811636873179 0
-28.21664145349061 10.18926617010054 0
-28.41567549704311 9.620259146548161 0
-28.61039709745407 9.024698218001081 0
-28.78557889849112 8.44928680296408 0
-28.95106766625432 7.863566683379973 0
-29.1086701268572 7.258465639913969 0
-29.24754396575408 6.676913356580446 0
-29.37817309715462 6.076425386164177 0
-29.49782680159899 5.466096777671254 0
-29.6006665932867 4.878579427772046 0
-29.69519426512637 4.265611041387398 0
-29.77659695264543 3.654349999617812 0
-29.84343178951437 3.060976808896661 0
-29.90066564473294 2.439301949715782 0
-29.94413067807386 1.830037686616348 0
-29.9747379002132 1.230889033797402 0
-29.9939023112329 0.6048339807066357 0
-30 9.495838360421005e-13 0
-29.99390231123294 -0.6048339807048968 0
-29.97473790021327 -1.230889033795637 0
-29.94413067807397 -1.830037686614453 0
-29.90066564473308 -2.439301949714088 0
-29.84343178951455 -3.060976808894865 0
-29.77659695264566 -3.654349999615966 0
-29.69519426512661 -4.265611041385729 0
-29.600666593287 -4.87857942777025 0
-29.49782680159932 -5.466096777669478 0
-29.37817309715496 -6.076425386162512 0
-29.24754396575449 -6.676913356578633 0
-29.10867012685762 -7.258465639912242 0
-28.95106766625477 -7.863566683378321 0
-28.78557889849165 -8.449286802962245 0
-28.61039709745459 -9.024698217999411 0
-28.41567549704367 -9.620259146546513 0
-28.21664145349126 -10.18926617009874 0
-28.00469482420511 -10.75811636873016 0
-27.77418544125891 -11.33995692560433 0
-27.54237506834227 -11.8919121925264 0
-27.29366241142496 -12.45214809465292 0
-27.02918166359638 -13.01627206984801 0
-26.76498528362159 -13.55121997340165 0
-26.47980547242422 -14.10035113543532 0
-26.1836324683088 -14.64299801149085 0
-25.88720083789765 -15.16089815210006 0
-25.56658202486683 -15.69553705885073 0
-25.2408773866715 -16.21413299412015 0
-24.91213824164406 -16.71482480402399 0
-24.55795098195769 -17.23099078891761 0
-24.204612988494 -17.72390222488343 0
-23.84329103884222 -18.20707204459482 0
-23.45785758853834 -18.7010405420622 0
-23.07849536957276 -19.16723901548183 0
-22.68451800654423 -19.63192916681319 0
-22.27058266447708 -20.10027730616404 0
-21.86573883150037 -20.53994803675552 0
-21.44002935875404 -20.98392577893291 0
-21.00072489852458 -21.42357471890463 0
-20.57067917409159 -21.83683031752993 0
-20.11449596652971 -22.25774139512947 0
-19.65318237569065 -22.66610735234091 0
-19.1980240630482 -23.0528929220309 0
-18.7139343559982 -23.44757260185775 0
-18.23313230650699 -23.8233684917438 0
-17.75278791764968 -24.1834348501397 0
-17.24396444279969 -24.54884295227496 0
-16.74600172107713 -24.89119174241527 0
-16.24027437309569 -25.22406565735531 0
-15.71022111410755 -25.55756155320475 0
-15.19632884326226 -25.86641818434542 0
-14.66605646335062 -26.1707238687395 0
-14.11856524679922 -26.47009851458573 0
-13.58907062271809 -26.74578769845413 0
-13.03595665698325 -27.01969344824722 0
-12.47506057233824 -27.28319746137706 0
-11.93014246136229 -27.52583696913866 0
-11.35657265779617 -27.76739558309703 0
-10.7859496110314 -27.99398669336491 0
-10.22567230408109 -28.20346833156427 0
-9.635435454330057 -28.41053296940132 0
-9.057629269643471 -28.5999886715659 0
-8.481977646823006 -28.77596314980256 0
-7.87912398802824 -28.94683756788085 0
-7.296393295523962 -29.09918632671768 0
-6.70554247522909 -29.24099348710469 0
-6.094290143198842 -29.37447238080217 0
-5.5072159912983 -29.49017755160502 0
-4.902992440509376 -29.5966326653609 0
-4.287675630660214 -29.6920163964363 0
-3.696433169396613 -29.77140208025454 0
-3.081090709312458 -29.8413618999031 0
-2.466085903862765 -29.89846852791576 0
-1.87078922074397 -29.94161230948574 0
-1.247885109817667 -29.97403514298159 0
-0.6363637417866955 -29.99324992707758 0
-0.0371043501904031 -29.99997705444451 0
0.5890118925842467 -29.99421719249219 0
1.194637141484918 -29.97620459798379 0
1.797751788498865 -29.94608636377964 0
2.422693443432667 -29.90201592667539 0
3.020841648597765 -29.84752109864565 0
3.626886080447293 -29.77995462319339 0
4.246283170957854 -29.69796422706513 0
4.836851970686307 -29.60751362430942 0
5.443408429166481 -29.50202204380709 0
6.052961767836792 -29.3830164182833 0
6.635885340071794 -29.25687997298106 0
7.240211402665431 -29.11321587947153 0
7.835992647130816 -28.95854311311451 0
8.411170389336611 -28.796739618949 0
9.009111421230283 -28.61530903904164 0
9.588747806280113 -28.42632434043414 0
10.15600645301402 -28.2286296678804 0
10.74327524510524 -28.01039158969237 0
11.30477148901027 -27.78852535816286 0
11.8637894431546 -27.55450054071918 0
12.43624732044185 -27.30091120429505 0
12.97904705204488 -27.04707632297445 0
13.52803767077366 -26.77670996926487 0
14.08174558754905 -26.48970443790461 0
14.60592596216709 -26.20433030603327 0
15.1424172907161 -25.89801534082915 0
15.67368461988567 -25.57998456677328 0
16.1792318618938 -25.26326297925667 0
16.70014531441749 -24.92198119085518 0
17.20619828372915 -24.57532788430291 0
17.69297323395439 -24.22723050913112 0
18.19439683799428 -23.85296467321376 0
18.67366142061318 -23.47965862503762 0
19.14136716528899 -23.09995807449868 0
19.61964688308161 -22.69514168678367 0
20.07097084928991 -22.2969982097805 0
20.51886230523301 -21.8855269458811 0
20.97065927118663 -21.45300561067829 0
21.39417025713403 -21.03067947092441 0
21.82016114601775 -20.58836000175384 0
22.24249274494485 -20.13135654870469 0
22.63834485747004 -19.68515537439976 0
23.04020437061846 -19.21325018210438 0
23.43051906666163 -18.73528159027255 0
23.79869422497876 -18.26532652831487 0
24.17348534369103 -17.76633350858739 0
24.53043932091406 -17.27013453111913 0
24.87072131897753 -16.77638879716837 0
25.21549932092152 -16.25357173044148 0
25.53829929640442 -15.74151419169291 0
25.85025100770118 -15.22381433277627 0
26.16248115821753 -14.68075541809455 0
26.45095506626444 -14.1543977647394 0
26.73344732146472 -13.61333149197767 0
27.01103565732826 -13.05388649860803 0
27.26555571057432 -12.51357150431354 0
27.51682927828785 -11.95090400219 0
27.75814890857862 -11.37915502878732 0
27.97887981697594 -10.82507663655165 0
28.19716278065685 -10.24304696470441 0
28.40119864560763 -9.662914440930098 0
28.58807641717254 -9.09515732496714 0
28.77137568059535 -8.497525607260421 0
28.93796270663773 -7.911656867511642 0
29.09068048249594 -7.330232538284838 0
29.23742166976086 -6.721099173840399 0
29.36664548258755 -6.131894739802709 0
29.48462402686732 -5.536871498804947 0
29.59372886192338 -4.920489004861516 0
29.68605538678084 -4.328754505972859 0
29.76824537825146 -3.721769350753791 0
29.83914468466195 -3.102490046367703 0
29.89494855795339 -2.508396044750541 0
29.94029707065355 -1.891721787423922 0
29.97293891246918 -1.27394385645164 0
29.9923465231063 -0.6776061082321754 0
1 5 0 3
554
555
556
51.00083459229626 -10.14469668788758 0
51.55513279143818 -6.787361995442367 0
51.88866400460967 -3.400962777909311 0
1 6 0 9
557
558
559
560
561
562
563
564
565
51.83970131070708 4.079873529495067 0
51.35979365312865 8.13459254714369 0
50.56323579035151 12.13915921344293 0
49.45493880355583 16.06888384227566 0
48.0417356905869 19.89953848298468 0
46.3323393221321 23.60750586018801 0
44.33728870382051 27.16992510836329 0
42.06888392474391 30.56483282019425 0
39.54111057057558 33.77129809239669 0
1 7 0 3
566
567
568
34.28598234154708 39.09567002719255 0
31.65559430845364 41.2543736951441 0
28.88965216529998 43.23641980747225 0
1 8 0 9
569
570
571
572
573
574
575
576
577
22.38657653458352 46.93443502441714 0
18.63513303130277 48.54618231030787 0
14.76879763575073 49.85862629870827 0
10.81140778390637 50.86367526762187 0
6.787361995443137 51.55513279143808 0
2.721469866153685 51.92873579982106 0
-1.361201010852484 51.98218090661505 0
-5.435479722340101 51.7151385977842 0
-9.4762467815041 51.12925529416631 0
1 9 0 3
578
579
580
-16.71485225074881 49.24036671508081 0
-19.89953848298457 48.04173569058695 0
-22.99901183931008 46.63738258538181 0
1 10 0 9
581
582
583
584
585
586
587
588
589
-29.45312477612429 42.85456149492202 0
-32.72466062182666 40.41158976316408 0
-35.79443815460157 37.71946708526518 0
-38.64353101965026 34.79479142534596 0
-41.25437369514456 31.65559430845304 0
-43.6108694559792 28.32122993963257 0
-45.69848971467381 24.81225579825123 0
-47.5043636470848 21.15030577758933 0
-49.01735735208049 17.3579572017689 0
1 11 0 3
590
591
592
-51.00083459229626 10.14469668788759 0
-51.55513279143818 6.78736199544236 0
-51.88866400460967 3.400962777909281 0
1 12 0 9
593
594
595
596
597
598
599
600
601
-51.83970131070708 -4.079873529495054 0
-51.35979365312865 -8.134592547143656 0
-50.56323579035152 -12.13915921344289 0
-49.45493880355583 -16.06888384227564 0
-48.0417356905869 -19.8995384829847 0
-46.33233932213207 -23.60750586018808 0
-44.33728870382049 -27.16992510836332 0
-42.06888392474388 -30.5648328201943 0
-39.54111057057556 -33.77129809239671 0
1 13 0 3
602
603
604
-34.28598234154708 -39.09567002719254 0
-31.65559430845363 -41.25437369514411 0
-28.88965216529999 -43.23641980747225 0
1 14 0 9
605
606
607
608
609
610
611
612
613
-22.38657653458356 -46.93443502441713 0
-18.63513303130281 -48.54618231030785 0
-14.76879763575082 -49.85862629870824 0
-10.8114077839065 -50.86367526762184 0
-6.787361995443233 -51.55513279143807 0
-2.721469866153795 -51.92873579982106 0
1.361201010852396 -51.98218090661505 0
5.43547972234005 -51.7151385977842 0
9.476246781504049 -51.12925529416631 0
1 15 0 3
614
615
616
16.71485225074878 -49.24036671508081 0
19.89953848298455 -48.04173569058695 0
22.99901183931009 -46.63738258538181 0
1 16 0 9
617
618
619
620
621
622
623
624
625
29.45312477612431 -42.85456149492201 0
32.72466062182666 -40.41158976316407 0
35.79443815460159 -37.71946708526517 0
38.64353101965025 -34.79479142534596 0
41.25437369514455 -31.65559430845305 0
43.61086945597918 -28.3212299396326 0
45.6984897146738 -24.81225579825125 0
47.5043636470848 -21.15030577758931 0
49.0173573520805 -17.35795720176888 0
1 17 0 11
626
627
628
629
630
631
632
633
634
635
636
31.41347205323737 -8.417214468121729 0
32.06136509519202 -8.590816885495554 0
32.82695211478556 -8.795955309131786 0
33.73168829773596 -9.038378638717029 0
34.8008885802275 -9.324869990958318 0
36.06446045718261 -9.663443054967768 0
37.55774508555616 -10.06356746521104 0
39.32250739492287 -10.53643410083964 0
41.40810388979419 -11.09526799737867 0
43.87286415921835 -11.75569852110846 0
46.78572197158116 -12.53619641959926 0
1 18 0 14
637
638
639
640
641
642
643
644
645
646
647
648
649
650
31.04948810245067 -7.741400944000638 0
31.17986596001139 -7.198330272759312 0
31.30074396354996 -6.653076531071221 0
31.41208064779189 -6.105832406528865 0
31.51385343855518 -5.556711388336101 0
31.60603298490989 -5.005864456493805 0
31.68858137888089 -4.453516609831269 0
31.7614740686288 -3.899841661890965 0
31.82469658521113 -3.344949515202114 0
31.87822765762855 -2.78901441523809 0
31.92204566819114 -2.232263505484777 0
31.95613989122047 -1.674850218003985 0
31.98050275853456 -1.116890017576984 0
31.99512445129428 -0.5585797581284712 0
1 19 0 11
651
652
653
654
655
656
657
658
659
660
661
32.57223219347842 9.705377735414635e-19 0
33.2466983456034 2.113088345988088e-18 0
34.04270960045262 3.461537207412074e-18 0
34.98223806935631 5.053105274384387e-18 0
36.09118191513156 6.93166422328016e-18 0
37.40010081148633 9.148982363863782e-18 0
38.94506232238875 1.176615841210299e-17 0
40.76863604116994 1.485530556904734e-17 0
42.9210689267937 1.850154254902653e-17 0
45.46166801295647 2.280533589893323e-17 0
48.46043675676816 2.788527198480254e-17 0
1 20 0 11
662
663
664
665
666
667
668
669
670
671
672
16.28611609673925 -28.20838053751543 0
16.6233491728018 -28.7924853592482 0
17.02135480022649 -29.48185132764575 0
17.49111903467845 -30.29550684929482 0
18.04559095756623 -31.25588039110639 0
18.70005040574384 -32.38943740684293 0
19.47253116119533 -33.72741332315343 0
20.38431802058632 -35.30667448929147 0
21.46053446339868 -37.17073604818258 0
22.73083400648072 -39.37095939763108 0
24.23021837838737 -41.96796930984684 0
1 21 0 43
673
674
675
676
677
678
679
680
681
682
683
684
685
686
687
688
689
690
691
692
693
694
695
696
697
698
699
700
701
702
703
704
705
706
707
708
709
710
711
712
713
714
715
16.49268704287561 -27.42245930083155 0
16.97942134216259 -27.12377648642079 0
17.46093515716612 -26.81633351965253 0
17.93662887825922 -26.50051592863047 0
18.40692438141846 -26.17604123653427 0
18.87099105938595 -25.84348460321432 0
19.32944984228756 -25.50239927525427 0
19.78131671939362 -25.15351881640099 0
20.22733655017824 -24.79626697883823 0
20.6664454502877 -24.4314967296374 0
21.09944120395669 -24.05854486208122 0
21.52524869147399 -23.67833754236553 0
21.94465326157537 -23.29017374836928 0
22.35663140037009 -22.89500016221852 0
22.76189632916028 -22.4921336360195 0
23.15953355226548 -22.08248187232335 0
23.55013002683127 -21.66544196916693 0
23.93293129303181 -21.24181724154077 0
24.30835081611036 -20.81115279365626 0
24.67583823647688 -20.37407684601257 0
25.03559328521786 -19.93035546238839 0
25.38730688932018 -19.48036572827821 0
25.73093341589879 -19.02417056133022 0
26.06642390183212 -18.56183032381223 0
26.39349410448445 -18.09374115423741 0
26.71231829468455 -17.61964958004162 0
27.02243210157126 -17.1402498031963 0
27.32416790805556 -16.65502471125116 0
27.6169450400132 -16.16491096965555 0
27.90119394033315 -15.66918557883327 0
28.17627452457743 -15.16896680448767 0
28.44266206768346 -14.66338891605759 0
28.69970704982422 -14.15368557140754 0
28.94788334316139 -13.63891674403503 0
29.18657460130396 -13.12036062928602 0
29.41621495099456 -12.59707497623491 0
29.63625584284243 -12.07030818237828 0
29.8470611056778 -11.5391916248035 0
30.04817685204982 -11.00486564515612 0
30.23987390407903 -10.46661484269866 0
30.42181167698903 -9.925390384756339 0
30.59415383289852 -9.380711660046961 0
30.75668317064642 -8.833257629010676 0
1 22 0 43
716
717
718
719
720
721
722
723
724
725
726
727
728
729
730
731
732
733
734
735
736
737
738
739
740
741
742
743
744
745
746
747
748
749
750
751
752
753
754
755
756
757
758
31.9948899102028 0.5718563053799652 0
31.97959015489276 1.142721980661068 0
31.95409364295838 1.713446660111429 0
31.91843444671784 2.283318302509835 0
31.87257887205703 2.85284350157943 0
31.81660971838869 3.421015350409094 0
31.75045055096796 3.988594966969988 0
31.67424464927009 4.554363391099217 0
31.58786539778441 5.119253813931715 0
31.49151954548645 5.681918401054752 0
31.38503163062847 6.243379657240979 0
31.26866617680857 6.802243418410415 0
31.14220875542917 7.359540327579625 0
31.00596746031539 7.913910654655067 0
30.85970727868776 8.466313641349787 0
30.70375705617442 9.015503459897271 0
30.53788814293208 9.562289881078087 0
30.36241900023683 10.10561786602172 0
30.17716240940134 10.64607293402663 0
29.98238724554203 11.1828643494571 0
29.77799077949162 11.71628205261857 0
29.56414504036119 12.24586983568285 0
29.34088169998986 12.77155672058814 0
29.10822855207424 13.29327012289338 0
28.86638654131228 13.81056581199863 0
28.61522328943864 14.32372144715082 0
28.35510780756538 14.83198777040168 0
28.0857584546294 15.33591119002106 0
27.8076960696426 15.83452049474134 0
27.52050973804954 16.32854995882734 0
27.22484786413848 16.81688612004358 0
26.92019834071937 17.30037344384017 0
26.60730478692891 17.77783260061444 0
26.28559005201661 18.25014398894775 0
25.95585291242746 18.71613473953506 0
25.61749441829459 19.17665194262662 0
25.27132143886862 19.63059634176657 0
24.91676363905604 20.07871733342085 0
24.55458163996546 20.52005166870374 0
24.18429129744456 20.95519158682037 0
23.80654605417208 21.38336654903955 0
23.42101151962762 21.80495859655483 0
23.02816709021993 22.21944014742298 0
1 23 0 11
759
760
761
762
763
764
765
766
767
768
769
22.99625758511082 22.99625758511082 0
23.47054820969177 23.47054820969177 0
24.03099680564929 24.03099680564929 0
24.69330965901482 24.69330965901482 0
25.4760185892656 25.4760185892656 0
26.40101740221201 26.40101740221201 0
27.49417762034333 27.49417762034333 0
28.78607329408284 28.78607329408284 0
30.31283589241698 30.31283589241698 0
32.11716563811379 32.11716563811379 0
34.249525551989 34.249525551989 0
1 24 0 11
770
771
772
773
774
775
776
777
778
779
780
8.417214468121728 -31.41347205323737 0
8.590816885495551 -32.06136509519201 0
8.795955309131781 -32.82695211478553 0
9.038378638717024 -33.73168829773594 0
9.324869990958312 -34.80088858022748 0
9.663443054967761 -36.06446045718258 0
10.06356746521103 -37.55774508555613 0
10.53643410083963 -39.32250739492284 0
11.09526799737866 -41.40810388979416 0
11.75569852110845 -43.87286415921832 0
12.53619641959925 -46.78572197158114 0
1 25 0 14
781
782
783
784
785
786
787
788
789
790
791
792
793
794
8.820494172838021 -30.76034594322584 0
9.35599609896386 -30.60172114434371 0
9.888638692543751 -30.43377769532279 0
10.41823434859037 -30.25657602997821 0
10.94467349547914 -30.07015334309681 0
11.46781070522884 -29.87455970602812 0
11.98743216914994 -29.66987478891728 0
12.50337508437944 -29.45616423601891 0
13.01553703806382 -29.2334704681259 0
13.52375649369702 -29.0018621867491 0
14.02782593040499 -28.76143424216285 0
14.52760710928517 -28.51225406168806 0
15.02299625081288 -28.25437282347747 0
15.5138179650688 -27.98788045112935 0
1 26 0 43
795
796
797
798
799
800
801
802
803
804
805
806
807
808
809
810
811
812
813
814
815
816
817
818
819
820
821
822
823
824
825
826
827
828
829
830
831
832
833
834
835
836
837
-15.50220286732893 -27.99431560621154 0
-15.00016881273191 -28.26649846708193 0
-14.49315848579399 -28.52978017976405 0
-13.98180556846035 -28.78383423114042 0
-13.4656544906403 -29.02888473811385 0
-12.94561865900449 -29.26449995362358 0
-12.42100070868215 -29.49099424222448 0
-11.89292792987822 -29.70788220750046 0
-11.36052884760791 -29.91552079277024 0
-10.82507409520049 -30.11341513069249 0
-10.2855904266735 -30.30192451932257 0
-9.743417485336314 -30.48058096077636 0
-9.197555493855528 -30.64971407594935 0
-8.64933605994702 -30.80891081687407 0
-8.097810949529201 -30.95844727736979 0
-7.544223503910642 -31.09798533222116 0
-6.987758116102496 -31.2277318502456 0
-6.429487707206714 -31.34743510756307 0
-5.86881159329269 -31.45722572768351 0
-5.30654900906684 -31.55694119547032 0
-4.742397494275436 -31.64663751500766 0
-4.176838151042695 -31.7262355639618 0
-3.609948284092749 -31.79572728191912 0
-3.041804650243771 -31.85510044670642 0
-2.47289243682946 -31.90430696623689 0
-1.902904994755729 -31.94337102719332 0
-1.33267570599577 -31.97223757359889 0
-0.7615905465754566 -31.99093590127314 0
-0.1907510296310015 -31.99943146439784 0
0.3806842022820132 -31.99773553766161 0
0.9514266604373828 -31.98585292453226 0
1.522463726962518 -31.9637623598988 0
2.092402262893733 -31.93151817202303 0
2.662293291143249 -31.88906073298387 0
3.230721688874942 -31.83649536882213 0
3.798720532698407 -31.77372691886263 0
4.364934403972292 -31.70090452414598 0
4.930297466620282 -31.61790895822552 0
5.493595212082909 -31.52491731386111 0
6.055582606633048 -31.4218064295203 0
6.615265622815566 -31.30875693379721 0
7.173142313269548 -31.18567025660314 0
7.728516080425099 -31.05269777643499 0
1 27 0 14
838
839
840
841
842
843
844
845
846
847
848
849
850
851
-22.22899392961152 -23.01894499922389 0
-21.82386986104662 -23.40339087158314 0
-21.41210527100552 -23.78070116425035 0
-20.99384629920105 -24.15074362344817 0
-20.56917994307576 -24.51344195475964 0
-20.13822227968101 -24.86869524953329 0
-19.70114920973111 -25.21635817908508 0
-19.25809898424972 -25.55632257412713 0
-18.8091595471479 -25.88852095292304 0
-18.35447116393231 -26.21284777151039 0
-17.89421973778715 -26.52917073667756 0
-17.42853278193645 -26.83740384368366 0
-16.95750650772305 -27.13748280590023 0
-16.48130648622702 -27.42930069300074 0
1 28 0 43
852
853
854
855
856
857
858
859
860
861
862
863
864
865
866
867
868
869
870
871
872
873
874
875
876
877
878
879
880
881
882
883
884
885
886
887
888
889
890
891
892
893
894
-31.9948899102028 -0.5718563053799678 0
-31.97959015489276 -1.142721980661073 0
-31.95409364295838 -1.713446660111427 0
-31.91843444671784 -2.28331830250983 0
-31.87257887205703 -2.852843501579422 0
-31.81660971838869 -3.421015350409092 0
-31.75045055096796 -3.988594966969991 0
-31.67424464927009 -4.554363391099224 0
-31.58786539778441 -5.119253813931741 0
-31.49151954548645 -5.681918401054777 0
-31.38503163062846 -6.243379657241023 0
-31.26866617680855 -6.802243418410479 0
-31.14220875542916 -7.359540327579682 0
-31.00596746031538 -7.913910654655141 0
-30.85970727868775 -8.466313641349846 0
-30.7037570561744 -9.015503459897346 0
-30.53788814293205 -9.562289881078163 0
-30.36241900023682 -10.10561786602176 0
-30.17716240940133 -10.64607293402667 0
-29.98238724554201 -11.18286434945716 0
-29.77799077949159 -11.71628205261865 0
-29.56414504036116 -12.24586983568292 0
-29.34088169998984 -12.7715567205882 0
-29.10822855207421 -13.29327012289346 0
-28.86638654131223 -13.81056581199872 0
-28.6152232894386 -14.32372144715089 0
-28.35510780756535 -14.83198777040174 0
-28.08575845462937 -15.33591119002112 0
-27.80769606964257 -15.8345204947414 0
-27.52050973804951 -16.3285499588274 0
-27.22484786413844 -16.81688612004365 0
-26.92019834071933 -17.30037344384023 0
-26.60730478692889 -17.77783260061448 0
-26.2855900520166 -18.25014398894775 0
-25.95585291242747 -18.71613473953504 0
-25.61749441829463 -19.17665194262657 0
-25.27132143886863 -19.63059634176657 0
-24.91676363905603 -20.07871733342086 0
-24.55458163996544 -20.52005166870376 0
-24.18429129744457 -20.95519158682036 0
-23.80654605417208 -21.38336654903955 0
-23.4210115196276 -21.80495859655485 0
-23.02816709021994 -22.21944014742297 0
1 29 0 14
895
896
897
898
899
900
901
902
903
904
905
906
907
908
-31.04948810245068 7.74140094400062 0
-31.17986596001139 7.198330272759295 0
-31.30074396354997 6.653076531071203 0
-31.41208064779189 6.105832406528875 0
-31.51385343855518 5.556711388336083 0
-31.60603298490989 5.005864456493815 0
-31.68858137888089 4.453516609831279 0
-31.7614740686288 3.899841661890961 0
-31.82469658521113 3.344949515202124 0
-31.87822765762856 2.789014415238086 0
-31.92204566819114 2.232263505484773 0
-31.95613989122047 1.674850218003995 0
-31.98050275853457 1.116890017576966 0
-31.99512445129428 0.5585797581284814 0
1 30 0 43
909
910
911
912
913
914
915
916
917
918
919
920
921
922
923
924
925
926
927
928
929
930
931
932
933
934
935
936
937
938
939
940
941
942
943
944
945
946
947
948
949
950
951
-16.49268704287564 27.42245930083153 0
-16.9794213421626 27.12377648642078 0
-17.46093515716614 26.81633351965252 0
-17.93662887825925 26.50051592863045 0
-18.40692438141849 26.17604123653425 0
-18.87099105938598 25.8434846032143 0
-19.32944984228757 25.50239927525426 0
-19.78131671939363 25.15351881640098 0
-20.22733655017827 24.79626697883821 0
-20.66644545028772 24.43149672963738 0
-21.09944120395673 24.05854486208119 0
-21.52524869147402 23.67833754236551 0
-21.94465326157539 23.29017374836926 0
-22.35663140037013 22.89500016221848 0
-22.76189632916031 22.49213363601947 0
-23.15953355226551 22.08248187232332 0
-23.5501300268313 21.6654419691669 0
-23.93293129303184 21.24181724154074 0
-24.30835081611038 20.81115279365624 0
-24.67583823647691 20.37407684601254 0
-25.03559328521789 19.93035546238835 0
-25.3873068893202 19.48036572827819 0
-25.7309334158988 19.02417056133019 0
-26.06642390183214 18.5618303238122 0
-26.39349410448447 18.09374115423739 0
-26.71231829468456 17.61964958004161 0
-27.02243210157127 17.1402498031963 0
-27.32416790805557 16.65502471125114 0
-27.61694504001321 16.16491096965554 0
-27.90119394033315 15.66918557883327 0
-28.17627452457744 15.16896680448765 0
-28.44266206768347 14.66338891605756 0
-28.69970704982423 14.15368557140753 0
-28.9478833431614 13.63891674403503 0
-29.18657460130398 13.12036062928596 0
-29.41621495099458 12.59707497623488 0
-29.63625584284246 12.07030818237821 0
-29.84706110567785 11.5391916248034 0
-30.04817685204984 11.00486564515606 0
-30.23987390407904 10.46661484269865 0
-30.42181167698904 9.925390384756335 0
-30.59415383289851 9.380711660046984 0
-30.75668317064641 8.833257629010699 0
1 31 0 14
952
953
954
955
956
957
958
959
960
961
962
963
964
965
-8.820494172838032 30.76034594322584 0
-9.355996098963857 30.60172114434371 0
-9.888638692543761 30.43377769532278 0
-10.41823434859038 30.2565760299782 0
-10.94467349547917 30.0701533430968 0
-11.46781070522885 29.87455970602811 0
-11.98743216914996 29.66987478891727 0
-12.50337508437945 29.4561642360189 0
-13.01553703806383 29.23347046812589 0
-13.52375649369704 29.0018621867491 0
-14.02782593040499 28.76143424216284 0
-14.52760710928519 28.51225406168804 0
-15.02299625081289 28.25437282347746 0
-15.51381796506881 27.98788045112935 0
1 32 0 43
966
967
968
969
970
971
972
973
974
975
976
977
978
979
980
981
982
983
984
985
986
987
988
989
990
991
992
993
994
995
996
997
998
999
1000
1001
1002
1003
1004
1005
1006
1007
1008
15.50220286732893 27.99431560621153 0
15.00016881273193 28.26649846708192 0
14.49315848579401 28.52978017976404 0
13.98180556846037 28.78383423114041 0
13.46565449064032 29.02888473811383 0
12.9456186590045 29.26449995362358 0
12.42100070868218 29.49099424222447 0
11.89292792987826 29.70788220750045 0
11.36052884760793 29.91552079277023 0
10.82507409520053 30.11341513069248 0
10.28559042667354 30.30192451932256 0
9.74341748533633 30.48058096077636 0
9.197555493855551 30.64971407594935 0
8.649336059947037 30.80891081687407 0
8.097810949529224 30.95844727736979 0
7.544223503910659 31.09798533222115 0
6.987758116102547 31.22773185024559 0
6.429487707206753 31.34743510756306 0
5.868811593292715 31.4572257276835 0
5.306549009066864 31.55694119547032 0
4.742397494275467 31.64663751500765 0
4.176838151042719 31.72623556396179 0
3.609948284092801 31.79572728191911 0
3.041804650243824 31.85510044670641 0
2.47289243682952 31.90430696623688 0
1.902904994755775 31.94337102719332 0
1.332675705995794 31.97223757359889 0
0.7615905465755166 31.99093590127314 0
0.1907510296310686 31.99943146439784 0
-0.380684202281946 31.99773553766162 0
-0.9514266604373156 31.98585292453226 0
-1.522463726962458 31.9637623598988 0
-2.092402262893666 31.93151817202304 0
-2.662293291143175 31.88906073298388 0
-3.230721688874925 31.83649536882213 0
-3.79872053269841 31.77372691886263 0
-4.364934403972325 31.70090452414598 0
-4.930297466620329 31.61790895822551 0
-5.49359521208292 31.5249173138611 0
-6.055582606633052 31.4218064295203 0
-6.615265622815564 31.30875693379721 0
-7.173142313269524 31.18567025660315 0
-7.728516080425116 31.05269777643499 0
1 33 0 14
1009
1010
1011
1012
1013
1014
1015
1016
1017
1018
1019
1020
1021
1022
22.22899392961151 23.01894499922389 0
21.82386986104662 23.40339087158313 0
21.41210527100551 23.78070116425035 0
20.99384629920105 24.15074362344817 0
20.56917994307576 24.51344195475964 0
20.13822227968101 24.86869524953329 0
19.70114920973112 25.21635817908508 0
19.25809898424973 25.55632257412712 0
18.8091595471479 25.88852095292303 0
18.35447116393232 26.21284777151039 0
17.89421973778715 26.52917073667756 0
17.42853278193646 26.83740384368365 0
16.95750650772306 27.13748280590022 0
16.48130648622704 27.42930069300073 0
1 34 0 317
1023
1024
1025
1026
1027
1028
1029
1030
1031
1032
1033
1034
1035
1036
1037
1038
1039
1040
1041
1042
1043
1044
1045
1046
1047
1048
1049
1050
1051
1052
1053
1054
1055
1056
1057
1058
1059
1060
1061
1062
1063
1064
1065
1066
1067
1068
1069
1070
1071
1072
1073
1074
1075
1076
1077
1078
1079
1080
1081
1082
1083
1084
1085
1086
1087
1088
1089
1090
1091
1092
1093
1094
1095
1096
1097
1098
1099
1100
1101
1102
1103
1104
1105
1106
1107
1108
1109
1110
1111
1112
1113
1114
1115
1116
1117
1118
1119
1120
1121
1122
1123
1124
1125
1126
1127
1128
1129
1130
1131
1132
1133
1134
1135
1136
1137
1138
1139
1140
1141
1142
1143
1144
1145
1146
1147
1148
1149
1150
1151
1152
1153
1154
1155
1156
1157
1158
1159
1160
1161
1162
1163
1164
1165
1166
1167
1168
1169
1170
1171
1172
1173
1174
1175
1176
1177
1178
1179
1180
1181
1182
1183
1184
1185
1186
1187
1188
1189
1190
1191
1192
1193
1194
1195
1196
1197
1198
1199
1200
1201
1202
1203
1204
1205
1206
1207
1208
1209
1210
1211
1212
1213
1214
1215
1216
1217
1218
1219
1220
1221
1222
1223
1224
1225
1226
1227
1228
1229
1230
1231
1232
1233
1234
1235
1236
1237
1238
1239
1240
1241
1242
1243
1244
1245
1246
1247
1248
1249
1250
1251
1252
1253
1254
1255
1256
1257
1258
1259
1260
1261
1262
1263
1264
1265
1266
1267
1268
1269
1270
1271
1272
1273
1274
1275
1276
1277
1278
1279
1280
1281
1282
1283
1284
1285
1286
1287
1288
1289
1290
1291
1292
1293
1294
1295
1296
1297
1298
1299
1300
1301
1302
1303
1304
1305
1306
1307
1308
1309
1310
1311
1312
1313
1314
1315
1316
1317
1318
1319
1320
1321
1322
1323
1324
1325
1326
1327
1328
1329
1330
1331
1332
1333
1334
1335
1336
1337
1338
1339
30.9924983718563 0.6819418380509895 0
30.97367885489013 1.277191526017994 0
30.94169200584076 1.900446214890141 0
30.89811006710517 2.51133316807115 0
30.84373203657628 3.108728688045599 0
30.77437134666474 3.733372231318511 0
30.69631933866768 4.328507717278194 0
30.60490421918109 4.933542108338746 0
30.49932566458813 5.54897594204516 0
30.38709901360268 6.133857965221157 0
30.25751224521918 6.744105035541132 0
30.118298760726 7.340850070642435 0
29.97067300134967 7.922042656169575 0
29.80391532477156 8.527991047945983 0
29.6331466171667 9.103659789639636 0
29.44779061365011 9.686466227403084 0
29.24664638642848 10.27782443648509 0
29.0438039834832 10.83777883927354 0
28.819914070527 11.41983156475785 0
28.5884351506583 11.98755086064727 0
28.35130185253133 12.53808929887858 0
28.09130402123307 13.11024936401497 0
27.83199892306084 13.65210005628219 0
27.55741666399828 14.19819660403356 0
27.26565649546949 14.75072797766478 0
26.97724396563744 15.27181416919674 0
26.66469517442508 15.81119955142531 0
26.34661952793878 16.33571668002462 0
26.02594194965023 16.84192226657742 0
25.67918489709414 17.36604338992772 0
25.33773018848356 17.86055511163101 0
24.98085220508932 18.35638916310842 0
24.60568865127901 18.85630096271056 0
24.23888033279319 19.3255447584934 0
23.84552197570251 19.80886371567761 0
23.44868227242309 20.27706338913382 0
23.05249703387228 20.72636920696218 0
22.62762378046273 21.18939928478005 0
22.21245585331757 21.6242180197208 0
21.78225360220083 22.05750276004537 0
21.33298329476126 22.49230587879858 0
20.89690424690637 22.89802159348328 0
20.43259332627555 23.31328226490298 0
19.96679310328194 23.71343866187974 0
19.50500923419857 24.09470096875718 0
19.01260923057208 24.48511160369838 0
18.53400579064573 24.84935873120895 0
18.04126618176409 25.20937751232139 0
17.52903936203446 25.5681985881729 0
17.03453872129492 25.900279738889 0
16.51089247583912 26.23719553708588 0
15.98766422772628 26.55926566269259 0
15.47181528445499 26.86304025615316 0
14.92416031090298 27.1711140554536 0
14.39398655479701 27.45565790616431 0
13.85104137494742 27.73352939727461 0
13.28858473048143 28.00738323836798 0
12.74796585097572 28.25755415216181 0
12.17807100025897 28.50779869987599 0
11.61039024100483 28.74367475552804 0
11.05334717319327 28.96245010818077 0
10.46408494574915 29.18052306330622 0
9.895499416801304 29.37820776174212 0
9.315917025965771 29.56710486275789 0
8.71721682170697 29.74911983375893 0
8.143932118200034 29.91114122955107 0
7.5420170686921 30.06855464659978 0
6.943980850217037 30.21226787170766 0
6.359631072313077 30.34065082729884 0
5.743444504561018 30.46330325527794 0
5.150573643006732 30.5691280730734 0
4.548819408497053 30.6644458940461 0
3.928773436562638 30.75003641110299 0
3.337089916862586 30.81986098097741 0
2.71816902090445 30.88060163231597 0
2.104645789584287 30.92847338780861 0
1.507547438862032 30.96332186183486 0
0.8797885154937741 30.98751316527361 0
0.2773756884099625 30.9987590514117 0
-0.3315487320611035 30.99822697249423 0
-0.9575022363751515 30.98520920483411 0
-1.552857813733685 30.96108254906999 0
-2.173358977176391 30.92372084268526 0
-2.787099206351587 30.87445672419119 0
-3.382079288029583 30.81495642848585 0
-4.005772460907584 30.74010063404859 0
-4.602732830394436 30.65639982926908 0
-5.203663764513354 30.56013552695555 0
-5.81993136884112 30.44878320823312 0
-6.404137800083042 30.33128779062221 0
-7.010767841005578 30.19683980617048 0
-7.609433294107147 30.05156443419433 0
-8.18748930947446 29.89924779667946 0
-8.791582869717994 29.7272277658863 0
-9.368218066569128 29.55057512565886 0
-9.94620715713851 29.36107905352402 0
-10.53742907791714 29.15411786399764 0
-11.09593968048705 28.94615903029265 0
-11.67360630233899 28.71805905520064 0
-12.24226495466148 28.48029053187252 0
-12.78901977293612 28.23899738389182 0
-13.35847141976586 27.97411734670638 0
-13.90040026004774 27.70882301019775 0
-14.44108654698858 27.43091357104946 0
-14.99251991851692 27.13345437818181 0
-15.51142412950689 26.84018855139716 0
-16.04577028231868 26.52420132722301 0
-16.57022184987451 26.1997661792227 0
-17.07208452961375 25.87554694714148 0
-17.5927184319083 25.52442473740778 0
-18.08640950569909 25.17700917885517 0
-18.57637627913689 24.81770022254118 0
-19.07426345402934 24.43711262989719 0
-19.54063242441294 24.06581983756177 0
-20.0183938164537 23.66989457115025 0
-20.48552460616925 23.26678494356352 0
-20.93002718306062 22.86774938896138 0
-21.38888752385911 22.43915084159167 0
-21.8219967181359 22.01818473974787 0
-22.24910443580463 21.58650855985421 0
-22.68101646798758 21.13223821507973 0
-23.08322519086773 20.69214137753001 0
-23.49255966904407 20.22621171145017 0
-23.89067046167535 19.75438849703106 0
-24.26677749833305 19.29050309987785 0
-24.65245134916739 18.79512283750587 0
-25.01412972090914 18.31101620078825 0
-25.36781676019564 17.81779651980393 0
-25.72296428409112 17.30113026479405 0
-26.05098062608553 16.80316661880482 0
-26.3817623861628 16.27890086584613 0
-26.70086137803432 15.75004767202294 0
-26.99924369263488 15.23288679225693 0
-27.30214509468388 14.68308118988754 0
-27.58331045290696 14.14782613897108 0
-27.85485424371794 13.6054068318896 0
-28.12435737632113 13.03919177591047 0
-28.36999195069395 12.4957415433243 0
-28.61406220468657 11.92625021313605 0
-28.8461159728662 11.35348375081206 0
-29.05938128426438 10.79594180123925 0
-29.27199003690178 10.20542009324079 0
-29.46555451558402 9.632294487252047 0
-29.64828684391889 9.054230349439223 0
-29.82539736940633 8.452554155816463 0
-29.98250784179568 7.87713295029738 0
-30.13387631308366 7.276640594929456 0
-30.27301184809032 6.67418561664144 0
-30.39588795733198 6.09015560436027 0
-30.51293641469889 5.473637853616388 0
-30.61398506340659 4.876875899335387 0
-30.70345564221228 4.277594140016415 0
-30.78372623389343 3.655434195372921 0
-30.84837055204604 3.062357634839316 0
-30.90336283639557 2.445846561435306 0
-30.94601622803806 1.828682480368015 0
-30.97548102829007 1.232710455071231 0
-30.99408487181929 0.6055600370423401 0
-31 -2.577722649048375e-13 0
-30.99408487181928 -0.6055600370428141 0
-30.97548102829005 -1.232710455071732 0
-30.94601622803803 -1.828682480368516 0
-30.90336283639554 -2.445846561435779 0
-30.84837055204599 -3.062357634839829 0
-30.78372623389337 -3.655434195373406 0
-30.70345564221222 -4.277594140016885 0
-30.6139850634065 -4.87687589933591 0
-30.51293641469881 -5.473637853616828 0
-30.39588795733189 -6.090155604360722 0
-30.27301184809021 -6.67418561664193 0
-30.13387631308356 -7.276640594929891 0
-29.98250784179555 -7.877132950297852 0
-29.8253973694062 -8.452554155816921 0
-29.64828684391875 -9.054230349439676 0
-29.46555451558386 -9.632294487252523 0
-29.27199003690163 -10.20542009324123 0
-29.05938128426421 -10.79594180123971 0
-28.84611597286602 -11.35348375081253 0
-28.61406220468638 -11.92625021313649 0
-28.36999195069373 -12.49574154332478 0
-28.12435737632092 -13.03919177591092 0
-27.85485424371772 -13.60540683189005 0
-27.58331045290671 -14.14782613897158 0
-27.30214509468365 -14.68308118988796 0
-26.99924369263463 -15.23288679225737 0
-26.70086137803405 -15.75004767202339 0
-26.38176238616254 -16.27890086584654 0
-26.05098062608523 -16.80316661880527 0
-25.72296428409082 -17.3011302647945 0
-25.36781676019535 -17.81779651980435 0
-25.01412972090885 -18.31101620078865 0
-24.65245134916714 -18.7951228375062 0
-24.26677749833268 -19.29050309987831 0
-23.89067046167499 -19.7543884970315 0
-23.49255966904381 -20.22621171145047 0
-23.08322519086747 -20.69214137753029 0
-22.68101646798731 -21.13223821508002 0
-22.24910443580444 -21.5865085598544 0
-21.82199671813573 -22.01818473974804 0
-21.38888752385889 -22.43915084159188 0
-20.9300271830604 -22.86774938896158 0
-20.48552460616881 -23.26678494356391 0
-20.01839381645321 -23.66989457115067 0
-19.54063242441242 -24.06581983756219 0
-19.07426345402892 -24.43711262989752 0
-18.57637627913654 -24.81770022254143 0
-18.08640950569881 -25.17700917885537 0
-17.59271843190819 -25.52442473740785 0
-17.07208452961357 -25.8755469471416 0
-16.57022184987422 -26.19976617922288 0
-16.04577028231846 -26.52420132722314 0
-15.51142412950662 -26.84018855139732 0
-14.99251991851667 -27.13345437818194 0
-14.44108654698827 -27.43091357104962 0
-13.90040026004732 -27.70882301019797 0
-13.35847141976567 -27.97411734670647 0
-12.78901977293591 -28.23899738389191 0
-12.24226495466127 -28.48029053187261 0
-11.67360630233886 -28.71805905520069 0
-11.09593968048694 -28.94615903029269 0
-10.5374290779171 -29.15411786399766 0
-9.946207157138412 -29.36107905352405 0
-9.36821806656903 -29.55057512565889 0
-8.791582869717967 -29.7272277658863 0
-8.187489309474401 -29.89924779667947 0
-7.609433294107261 -30.0515644341943 0
-7.010767841005672 -30.19683980617046 0
-6.404137800083137 -30.33128779062218 0
-5.819931368841235 -30.4487832082331 0
-5.20366376451347 -30.56013552695553 0
-4.602732830394485 -30.65639982926907 0
-4.005772460907449 -30.74010063404861 0
-3.382079288029598 -30.81495642848585 0
-2.787099206351794 -30.87445672419117 0
-2.173358977176522 -30.92372084268525 0
-1.552857813733864 -30.96108254906998 0
-0.9575022363753243 -30.98520920483411 0
-0.3315487320614552 -30.99822697249422 0
0.2773756884092253 -30.99875905141171 0
0.8797885154930853 -30.98751316527363 0
1.507547438861578 -30.96332186183488 0
2.104645789583771 -30.92847338780864 0
2.718169020904065 -30.880601632316 0
3.337089916862312 -30.81986098097744 0
3.928773436562399 -30.75003641110303 0
4.548819408496869 -30.66444589404612 0
5.150573643006318 -30.56912807307347 0
5.743444504560713 -30.463303255278 0
6.359631072312867 -30.34065082729889 0
6.943980850216641 -30.21226787170776 0
7.542017068691838 -30.06855464659984 0
8.143932118199588 -29.91114122955119 0
8.717216821706566 -29.74911983375905 0
9.315917025965515 -29.56710486275797 0
9.895499416801218 -29.37820776174215 0
10.46408494574905 -29.18052306330625 0
11.05334717319291 -28.96245010818091 0
11.61039024100464 -28.74367475552812 0
12.17807100025884 -28.50779869987605 0
12.74796585097553 -28.25755415216189 0
13.28858473048107 -28.00738323836815 0
13.8510413749468 -27.73352939727491 0
14.39398655479602 -27.45565790616483 0
14.92416031090213 -27.17111405545407 0
15.47181528445422 -26.8630402561536 0
15.98766422772551 -26.55926566269305 0
16.51089247583872 -26.23719553708613 0
17.03453872129425 -25.90027973888944 0
17.52903936203383 -25.56819858817333 0
18.04126618176355 -25.20937751232178 0
18.53400579064543 -24.84935873120918 0
19.01260923057186 -24.48511160369856 0
19.50500923419814 -24.09470096875754 0
19.96679310328166 -23.71343866187998 0
20.43259332627516 -23.31328226490332 0
20.89690424690602 -22.8980215934836 0
21.33298329476094 -22.49230587879888 0
21.78225360220074 -22.05750276004545 0
22.2124558533175 -21.62421801972088 0
22.62762378046278 -21.18939928478 0
23.05249703387233 -20.72636920696212 0
23.44868227242308 -20.27706338913383 0
23.84552197570266 -19.80886371567742 0
24.23888033279328 -19.32554475849328 0
24.60568865127902 -18.85630096271055 0
24.98085220508929 -18.35638916310846 0
25.33773018848351 -17.86055511163109 0
25.67918489709408 -17.36604338992781 0
26.02594194964997 -16.84192226657782 0
26.34661952793843 -16.33571668002519 0
26.66469517442487 -15.81119955142567 0
26.9772439656373 -15.271814169197 0
27.26565649546938 -14.75072797766498 0
27.55741666399821 -14.19819660403369 0
27.83199892306088 -13.65210005628212 0
28.09130402123296 -13.11024936401518 0
28.35130185253124 -12.53808929887879 0
28.58843515065817 -11.98755086064758 0
28.81991407052676 -11.41983156475846 0
29.04380398348298 -10.83777883927413 0
29.2466463864283 -10.27782443648561 0
29.44779061364994 -9.686466227403598 0
29.63314661716652 -9.103659789640226 0
29.80391532477135 -8.52799104794672 0
29.97067300134952 -7.922042656170131 0
30.1182987607258 -7.340850070643231 0
30.25751224521897 -6.744105035542076 0
30.3870990136024 -6.13385796522255 0
30.49932566458793 -5.548975942046246 0
30.60490421918091 -4.933542108339879 0
30.6963193386675 -4.328507717279424 0
30.77437134666465 -3.733372231319235 0
30.8437320365762 -3.108728688046451 0
30.89811006710511 -2.511333168071867 0
30.94169200584072 -1.900446214890753 0
30.97367885489011 -1.27719152601852 0
30.99249837185631 -0.6819418380509129 0
1 35 0 11
1340
1341
1342
1343
1344
1345
1346
1347
1348
1349
1350
16.28611609673925 28.20838053751543 0
16.62334917280179 28.79248535924819 0
17.02135480022649 29.48185132764574 0
17.49111903467844 30.29550684929481 0
18.04559095756623 31.25588039110638 0
18.70005040574383 32.38943740684292 0
19.47253116119532 33.72741332315341 0
20.38431802058631 35.30667448929146 0
21.46053446339867 37.17073604818257 0
22.73083400648071 39.37095939763107 0
24.23021837838737 41.96796930984684 0
1 36 0 11
1351
1352
1353
1354
1355
1356
1357
1358
1359
1360
1361
-16.28611609673925 -28.20838053751543 0
-16.62334917280179 -28.79248535924819 0
-17.02135480022649 -29.48185132764574 0
-17.49111903467844 -30.29550684929481 0
-18.04559095756623 -31.25588039110638 0
-18.70005040574383 -32.38943740684292 0
-19.47253116119532 -33.72741332315341 0
-20.38431802058631 -35.30667448929146 0
-21.46053446339867 -37.17073604818257 0
-22.73083400648071 -39.37095939763107 0
-24.23021837838737 -41.96796930984684 0
1 37 0 11
1362
1363
1364
1365
1366
1367
1368
1369
1370
1371
1372
-8.417214468121728 31.41347205323737 0
-8.590816885495551 32.06136509519201 0
-8.795955309131781 32.82695211478553 0
-9.038378638717024 33.73168829773594 0
-9.324869990958312 34.80088858022748 0
-9.663443054967761 36.06446045718259 0
-10.06356746521103 37.55774508555614 0
-10.53643410083963 39.32250739492284 0
-11.09526799737866 41.40810388979416 0
-11.75569852110845 43.87286415921832 0
-12.53619641959925 46.78572197158114 0
1 38 0 11
1373
1374
1375
1376
1377
1378
1379
1380
1381
1382
1383
-22.99625758511082 -22.99625758511082 0
-23.47054820969177 -23.47054820969177 0
-24.03099680564929 -24.03099680564929 0
-24.69330965901482 -24.69330965901482 0
-25.4760185892656 -25.4760185892656 0
-26.40101740221201 -26.40101740221201 0
-27.49417762034333 -27.49417762034333 0
-28.78607329408284 -28.78607329408284 0
-30.31283589241698 -30.31283589241698 0
-32.11716563811379 -32.11716563811379 0
-34.249525551989 -34.249525551989 0
1 39 0 11
1384
1385
1386
1387
1388
1389
1390
1391
1392
1393
1394
-16.28611609673925 28.20838053751543 0
-16.6233491728018 28.7924853592482 0
-17.02135480022649 29.48185132764575 0
-17.49111903467845 30.29550684929482 0
-18.04559095756623 31.25588039110639 0
-18.70005040574384 32.38943740684293 0
-19.47253116119533 33.72741332315342 0
-20.38431802058632 35.30667448929147 0
-21.46053446339868 37.17073604818258 0
-22.73083400648072 39.37095939763108 0
-24.23021837838737 41.96796930984684 0
1 40 0 11
1395
1396
1397
1398
1399
1400
1401
1402
1403
1404
1405
-32.57223219347841 1.239123048677418e-14 0
-33.24669834560339 1.268373355373491e-14 0
-34.04270960045262 1.302894840646709e-14 0
-34.98223806935631 1.343640392930603e-14 0
-36.09118191513156 1.391733166000761e-14 0
-37.40010081148633 1.448498474442168e-14 0
-38.94506232238875 1.515500499503243e-14 0
-40.76863604116994 1.594585403006844e-14 0
-42.92106892679369 1.687932299435744e-14 0
-45.46166801295647 1.798113221381039e-14 0
-48.46043675676816 1.928164084853929e-14 0
1 41 0 11
1406
1407
1408
1409
1410
1411
1412
1413
1414
1415
1416
-31.41347205323737 8.417214468121728 0
-32.06136509519202 8.590816885495554 0
-32.82695211478556 8.795955309131786 0
-33.73168829773596 9.038378638717028 0
-34.8008885802275 9.324869990958316 0
-36.06446045718261 9.663443054967768 0
-37.55774508555616 10.06356746521104 0
-39.32250739492287 10.53643410083964 0
-41.40810388979419 11.09526799737867 0
-43.87286415921835 11.75569852110846 0
-46.78572197158116 12.53619641959926 0
2 1 0 135
1417
1418
1419
1420
1421
1422
1423
1424
1425
1426
1427
1428
1429
1430
1431
1432
1433
1434
1435
1436
1437
1438
1439
1440
1441
1442
1443
1444
1445
1446
1447
1448
1449
1450
1451
1452
1453
1454
1455
1456
1457
1458
1459
1460
1461
1462
1463
1464
1465
1466
1467
1468
1469
1470
1471
1472
1473
1474
1475
1476
1477
1478
1479
1480
1481
1482
1483
1484
1485
1486
1487
1488
1489
1490
1491
1492
1493
1494
1495
1496
1497
1498
1499
1500
1501
1502
1503
1504
1505
1506
1507
1508
1509
1510
1511
1512
1513
1514
1515
1516
1517
1518
1519
1520
1521
1522
1523
1524
1525
1526
1527
1528
1529
1530
1531
1532
1533
1534
1535
1536
1537
1538
1539
1540
1541
1542
1543
1544
1545
1546
1547
1548
1549
1550
1551
-8.206200450708131 16.41208169867495 0
7.833176118400725 -15.66201575889908 0
16.48369122985012 7.110682439996681 0
-15.46025426765146 -8.953118262032005 0
-16.72165194418634 5.279099653721117 0
6.250120910524319 16.84166746024971 0
16.78930927845276 -5.202043922341581 0
-4.140138268861098 -17.4680601936302 0
2.181444947058553 -17.96123594250711 0
13.01296525973836 -12.52645552231085 0
-11.4928035565888 -13.8273543778343 0
-18.06824112067055 -3.253989362317567 0
13.46002928467974 12.00979249957734 0
17.9214407827423 1.043970088142919 0
-14.25226217036817 10.29386103745245 0
0.007219512553476318 18.35171846583518 0
15.45999152236606 -8.847943045914327 0
-8.056951441966376 -16.04245852669781 0
-17.63888761326441 1.01911365286161 0
9.681200519377459 14.84198515653999 0
-11.46934203584723 13.58269639904975 0
-4.138989099978416 17.45406305850678 0
17.98610421639322 -1.254781466221349 0
15.70105899514829 -0.2535993211650162 0
15.64103826510209 2.792014531120119 0
12.86526274539557 0.9483680670074184 0
12.78245916298678 4.444072404335962 0
9.602003837562137 2.356835526661687 0
9.906384132308876 -1.429238614848664 0
6.063274845646325 0.2735532713940981 0
6.286187694348006 4.93077515026958 0
1.791322980465459 2.271994295510266 0
2.719933501460827 -3.15015037126475 0
-2.494714383269864 -0.618600045435623 0
-2.619386638385354 5.011754816258215 0
-2.107506873829489 -5.72963273670505 0
-6.470177312916745 -3.58614325588331 0
2.06266703300161 -8.252547282223674 0
-6.275531045796691 -8.378347679021788 0
-10.58795836219013 -6.413388777507995 0
-10.61816873220123 -2.077805602547755 0
-1.996560237228832 -10.30807527704393 0
1.893713157902407 -12.82449587298052 0
5.56757980541682 -10.72490142805009 0
6.169383754862397 -6.746072850059367 0
9.361024363977249 -9.51594461615718 0
-13.8704205828565 -4.522344579526162 0
-14.49435680124353 -0.9519550798815339 0
-11.72145530627536 1.962375804487156 0
-5.653508276007613 -11.931690508225 0
-2.106002248414336 -14.37686648356654 0
-9.336510058972042 -10.09541452735058 0
5.487864839272748 -14.10790989037003 0
10.29236991972872 -5.122087545792953 0
-6.753907689100431 1.926597467716952 0
-9.618450052307486 5.309977996556551 0
-13.42241673898012 5.147129625821012 0
-12.03960785878093 7.993146891631425 0
-8.753627677145005 8.482190854502649 0
-14.88966701049328 7.539158630681428 0
8.16899468053151 -12.83866334343114 0
-15.32006318079674 2.602634443112112 0
1.575533654099782 7.095265050142184 0
5.444360111253263 9.380100479586403 0
2.005771726891688 11.40467370900606 0
5.125957183485297 12.91309321293245 0
2.241971862887161 15.11252479129172 0
-0.7114528355524464 13.37294789618245 0
8.553596691579443 11.86578382595652 0
8.910158244291022 8.138951887672976 0
-1.514082300528946 9.656743502027433 0
-4.455307176865303 12.3937379860206 0
-11.41144771640082 10.87282379611524 0
-8.320419580424065 12.19961376098741 0
12.52974746612396 -8.064481184247102 0
13.80512763815227 -4.885696460048779 0
-12.62122862149706 -9.163738272738344 0
-5.158464576547653 8.856585353057749 0
-8.745607929442727 -13.11346270072821 0
5.707083422265667 -16.75597635905995 0
-5.605640604872835 -15.14398606814732 0
-1.371227971456458 -17.19123352050686 0
16.00958757306723 -2.809763545762621 0
11.45055640175199 10.44899848978307 0
10.02444190833573 -14.63046704567102 0
0.6889140669957765 -15.99273467431358 0
13.09663183396683 -2.258669570101768 0
11.90810386737272 7.517993086052424 0
13.65526965544499 9.594337112475513 0
17.92138379011189 3.16033684569585 0
17.21014835524256 4.946295462339834 0
-16.67844252282016 -5.210142509807112 0
-16.64728956021486 -7.391045089609054 0
-14.47046368299563 -10.90726524784466 0
-13.26468832559652 -12.76309407546074 0
1.85301181727487 17.75173544540145 0
-13.23577939780185 12.43049600663236 0
-2.112814807125856 18.07501392590501 0
4.196591198630754 17.70759425070493 0
8.312757654080707 16.24938314656593 0
-17.80125476707301 3.166995923408646 0
11.46883024601861 13.29280669884612 0
-17.5801558392031 -1.427852855727523 0
16.67105223165994 -7.36971999902774 0
14.14118755849232 -10.60230742121445 0
-9.470691324960271 14.93802364851856 0
-10.03412630461793 -15.25065771047329 0
-6.276938077050986 16.73807564943096 0
-4.854000743608119 15.27645467513463 0
-2.705961006433786 15.37473871362167 0
7.242259903146472 14.46871181319253 0
14.96020525734184 5.161423348756643 0
-6.29213503598885 -17.23570265131203 0
7.03026923080143 -3.234799222114327 0
9.968737719412303 5.354578524737213 0
10.76449665971369 -12.4282948794009 0
-6.266562625393317 5.688620602878278 0
-14.43120231194923 -6.975672175395649 0
14.87637787189108 -6.904738256187416 0
11.8525688358467 -10.40640363541832 0
3.369404085529727 -15.93442467788588 0
11.88332554429568 -14.06246290161573 0
15.86525722633814 9.196835670999718 0
4.093315069884707 -17.90153522904186 0
-15.95475420059792 9.211411093623957 0
4.837919625798178 15.43980497442637 0
18.02211024836138 -3.240286412138261 0
-16.94730915004621 7.310303481838617 0
0.299749406078043 -18.21550618061217 0
-6.908186614887087 14.37128450444797 0
14.2767369823071 7.263666091753161 0
-0.2380042427327635 16.33977987303958 0
14.97139014310212 10.97499144021827 0
-15.93156772154452 -3.069029247711578 0
-11.40306518913859 -11.66924063181485 0
2 2 0 1464
1552
1553
1554
1555
1556
1557
1558
1559
1560
1561
1562
1563
1564
1565
1566
1567
1568
1569
1570
1571
1572
1573
1574
1575
1576
1577
1578
1579
1580
1581
1582
1583
1584
1585
1586
1587
1588
1589
1590
1591
1592
1593
1594
1595
1596
1597
1598
1599
1600
1601
1602
1603
1604
1605
1606
1607
1608
1609
1610
1611
1612
1613
1614
1615
1616
1617
1618
1619
1620
1621
1622
1623
1624
1625
1626
1627
1628
1629
1630
1631
1632
1633
1634
1635
1636
1637
1638
1639
1640
1641
1642
1643
1644
1645
1646
1647
1648
1649
1650
1651
1652
1653
1654
1655
1656
1657
1658
1659
1660
1661
1662
1663
1664
1665
1666
1667
1668
1669
1670
1671
1672
1673
1674
1675
1676
1677
1678
1679
1680
1681
1682
1683
1684
1685
1686
1687
1688
1689
1690
1691
1692
1693
1694
1695
1696
1697
1698
1699
1700
1701
1702
1703
1704
1705
1706
1707
1708
1709
1710
1711
1712
1713
1714
1715
1716
1717
1718
1719
1720
1721
1722
1723
1724
1725
1726
1727
1728
1729
1730
1731
1732
1733
1734
1735
1736
1737
1738
1739
1740
1741
1742
1743
1744
1745
1746
1747
1748
1749
1750
1751
1752
1753
1754
1755
1756
1757
1758
1759
1760
1761
1762
1763
1764
1765
1766
1767
1768
1769
1770
1771
1772
1773
1774
1775
1776
1777
1778
1779
1780
1781
1782
1783
1784
1785
1786
1787
1788
1789
1790
1791
1792
1793
1794
1795
1796
1797
1798
1799
1800
1801
1802
1803
1804
1805
1806
1807
1808
1809
1810
1811
1812
1813
1814
1815
1816
1817
1818
1819
1820
1821
1822
1823
1824
1825
1826
1827
1828
1829
1830
1831
1832
1833
1834
1835
1836
1837
1838
1839
1840
1841
1842
1843
1844
1845
1846
1847
1848
1849
1850
1851
1852
1853
1854
1855
1856
1857
1858
1859
1860
1861
1862
1863
1864
1865
1866
1867
1868
1869
1870
1871
1872
1873
1874
1875
1876
1877
1878
1879
1880
1881
1882
1883
1884
1885
1886
1887
1888
1889
1890
1891
1892
1893
1894
1895
1896
1897
1898
1899
1900
1901
1902
1903
1904
1905
1906
1907
1908
1909
1910
1911
1912
1913
1914
1915
1916
1917
1918
1919
1920
1921
1922
1923
1924
1925
1926
1927
1928
1929
1930
1931
1932
1933
1934
1935
1936
1937
1938
1939
1940
1941
1942
1943
1944
1945
1946
1947
1948
1949
1950
1951
1952
1953
1954
1955
1956
1957
1958
1959
1960
1961
1962
1963
1964
1965
1966
1967
1968
1969
1970
1971
1972
1973
1974
1975
1976
1977
1978
1979
1980
1981
1982
1983
1984
1985
1986
1987
1988
1989
1990
1991
1992
1993
1994
1995
1996
1997
1998
1999
2000
2001
2002
2003
2004
2005
2006
2007
2008
2009
2010
2011
2012
2013
2014
2015
2016
2017
2018
2019
2020
2021
2022
2023
2024
2025
2026
2027
2028
2029
2030
2031
2032
2033
2034
2035
2036
2037
2038
2039
2040
2041
2042
2043
2044
2045
2046
2047
2048
2049
2050
2051
2052
2053
2054
2055
2056
2057
2058
2059
2060
2061
2062
2063
2064
2065
2066
2067
2068
2069
2070
2071
2072
2073
2074
2075
2076
2077
2078
2079
2080
2081
2082
2083
2084
2085
2086
2087
2088
2089
2090
2091
2092
2093
2094
2095
2096
2097
2098
2099
2100
2101
2102
2103
2104
2105
2106
2107
2108
2109
2110
2111
2112
2113
2114
2115
2116
2117
2118
2119
2120
2121
2122
2123
2124
2125
2126
2127
2128
2129
2130
2131
2132
2133
2134
2135
2136
2137
2138
2139
2140
2141
2142
2143
2144
2145
2146
2147
2148
2149
2150
2151
2152
2153
2154
2155
2156
2157
2158
2159
2160
2161
2162
2163
2164
2165
2166
2167
2168
2169
2170
2171
2172
2173
2174
2175
2176
2177
2178
2179
2180
2181
2182
2183
2184
2185
2186
2187
2188
2189
2190
2191
2192
2193
2194
2195
2196
2197
2198
2199
2200
2201
2202
2203
2204
2205
2206
2207
2208
2209
2210
2211
2212
2213
2214
2215
2216
2217
2218
2219
2220
2221
2222
2223
2224
2225
2226
2227
2228
2229
2230
2231
2232
2233
2234
2235
2236
2237
2238
2239
2240
2241
2242
2243
2244
2245
2246
2247
2248
2249
2250
2251
2252
2253
2254
2255
2256
2257
2258
2259
2260
2261
2262
2263
2264
2265
2266
2267
2268
2269
2270
2271
2272
2273
2274
2275
2276
2277
2278
2279
2280
2281
2282
2283
2284
2285
2286
2287
2288
2289
2290
2291
2292
2293
2294
2295
2296
2297
2298
2299
2300
2301
2302
2303
2304
2305
2306
2307
2308
2309
2310
2311
2312
2313
2314
2315
2316
2317
2318
2319
2320
2321
2322
2323
2324
2325
2326
2327
2328
2329
2330
2331
2332
2333
2334
2335
2336
2337
2338
2339
2340
2341
2342
2343
2344
2345
2346
2347
2348
2349
2350
2351
2352
2353
2354
2355
2356
2357
2358
2359
2360
2361
2362
2363
2364
2365
2366
2367
2368
2369
2370
2371
2372
2373
2374
2375
2376
2377
2378
2379
2380
2381
2382
2383
2384
2385
2386
2387
2388
2389
2390
2391
2392
2393
2394
2395
2396
2397
2398
2399
2400
2401
2402
2403
2404
2405
2406
2407
2408
2409
2410
2411
2412
2413
2414
2415
2416
2417
2418
2419
2420
2421
2422
2423
2424
2425
2426
2427
2428
2429
2430
2431
2432
2433
2434
2435
2436
2437
2438
2439
2440
2441
2442
2443
2444
2445
2446
2447
2448
2449
2450
2451
2452
2453
2454
2455
2456
2457
2458
2459
2460
2461
2462
2463
2464
2465
2466
2467
2468
2469
2470
2471
2472
2473
2474
2475
2476
2477
2478
2479
2480
2481
2482
2483
2484
2485
2486
2487
2488
2489
2490
2491
2492
2493
2494
2495
2496
2497
2498
2499
2500
2501
2502
2503
2504
2505
2506
2507
2508
2509
2510
2511
2512
2513
2514
2515
2516
2517
2518
2519
2520
2521
2522
2523
2524
2525
2526
2527
2528
2529
2530
2531
2532
2533
2534
2535
2536
2537
2538
2539
2540
2541
2542
2543
2544
2545
2546
2547
2548
2549
2550
2551
2552
2553
2554
2555
2556
2557
2558
2559
2560
2561
2562
2563
2564
2565
2566
2567
2568
2569
2570
2571
2572
2573
2574
2575
2576
2577
2578
2579
2580
2581
2582
2583
2584
2585
2586
2587
2588
2589
2590
2591
2592
2593
2594
2595
2596
2597
2598
2599
2600
2601
2602
2603
2604
2605
2606
2607
2608
2609
2610
2611
2612
2613
2614
2615
2616
2617
2618
2619
2620
2621
2622
2623
2624
2625
2626
2627
2628
2629
2630
2631
2632
2633
2634
2635
2636
2637
2638
2639
2640
2641
2642
2643
2644
2645
2646
2647
2648
2649
2650
2651
2652
2653
2654
2655
2656
2657
2658
2659
2660
2661
2662
2663
2664
2665
2666
2667
2668
2669
2670
2671
2672
2673
2674
2675
2676
2677
2678
2679
2680
2681
2682
2683
2684
2685
2686
2687
2688
2689
2690
2691
2692
2693
2694
2695
2696
2697
2698
2699
2700
2701
2702
2703
2704
2705
2706
2707
2708
2709
2710
2711
2712
2713
2714
2715
2716
2717
2718
2719
2720
2721
2722
2723
2724
2725
2726
2727
2728
2729
2730
2731
2732
2733
2734
2735
2736
2737
2738
2739
2740
2741
2742
2743
2744
2745
2746
2747
2748
2749
2750
2751
2752
2753
2754
2755
2756
2757
2758
2759
2760
2761
2762
2763
2764
2765
2766
2767
2768
2769
2770
2771
2772
2773
2774
2775
2776
2777
2778
2779
2780
2781
2782
2783
2784
2785
2786
2787
2788
2789
2790
2791
2792
2793
2794
2795
2796
2797
2798
2799
2800
2801
2802
2803
2804
2805
2806
2807
2808
2809
2810
2811
2812
2813
2814
2815
2816
2817
2818
2819
2820
2821
2822
2823
2824
2825
2826
2827
2828
2829
2830
2831
2832
2833
2834
2835
2836
2837
2838
2839
2840
2841
2842
2843
2844
2845
2846
2847
2848
2849
2850
2851
2852
2853
2854
2855
2856
2857
2858
2859
2860
2861
2862
2863
2864
2865
2866
2867
2868
2869
2870
2871
2872
2873
2874
2875
2876
2877
2878
2879
2880
2881
2882
2883
2884
2885
2886
2887
2888
2889
2890
2891
2892
2893
2894
2895
2896
2897
2898
2899
2900
2901
2902
2903
2904
2905
2906
2907
2908
2909
2910
2911
2912
2913
2914
2915
2916
2917
2918
2919
2920
2921
2922
2923
2924
2925
2926
2927
2928
2929
2930
2931
2932
2933
2934
2935
2936
2937
2938
2939
2940
2941
2942
2943
2944
2945
2946
2947
2948
2949
2950
2951
2952
2953
2954
2955
2956
2957
2958
2959
2960
2961
2962
2963
2964
2965
2966
2967
2968
2969
2970
2971
2972
2973
2974
2975
2976
2977
2978
2979
2980
2981
2982
2983
2984
2985
2986
2987
2988
2989
2990
2991
2992
2993
2994
2995
2996
2997
2998
2999
3000
3001
3002
3003
3004
3005
3006
3007
3008
3009
3010
3011
3012
3013
3014
3015
-29.04284774000399 5.083751473974858 0
-28.5137158188815 7.482866485346226 0
-29.23901837350945 2.698646405994474 0
-27.74618082388557 9.688464604351445 0
-26.94117965036225 11.96127934497955 0
-25.87529328715235 14.09617135898187 0
-29.40052840769249 0.3575515724146797 0
-29.39946026628181 -2.09736332503263 0
-29.11747969557931 -4.468700299193841 0
-28.68340872840745 -6.850475018796605 0
-27.96114651340915 -9.112848988674832 0
-27.18027297189346 -11.4151808872588 0
-26.15925632423643 -13.58952227948447 0
-24.96032546402457 -15.67536856084787 0
-24.63142410719156 16.14567085354263 0
-23.301114902792 18.15938416484133 0
-21.65894370579314 19.95738314938628 0
-19.99937503875581 21.6800903782209 0
-18.15494008397156 23.22281994836902 0
-23.60551467545609 -17.65257314739576 0
-22.10100416426688 -19.53064698119973 0
-20.3737875605017 -21.18113133924178 0
-18.62373660582169 -22.84663158131703 0
-16.6771199558397 -24.23816224824401 0
-14.63384643790829 -25.53317775689117 0
-12.58050694821285 -26.65948309194811 0
-10.32680434389685 -27.6207116455392 0
-8.038750669622811 -28.36160776322423 0
-5.700549449984091 -28.92390383675252 0
-3.328380523259913 -29.29111214656201 0
-0.9849879576531958 -29.31436174484906 0
1.470111309053966 -29.43883287517315 0
3.86442608863731 -29.21087779579237 0
6.233891297726021 -28.80919498412864 0
8.560267220759197 -28.20408863468342 0
10.80343409905038 -27.34460545484364 0
13.02183464817733 -26.44140057518357 0
15.13575178875005 -25.28766204416267 0
17.14184459030642 -23.96928656597305 0
18.95118379941704 -22.39434354347084 0
20.80745302738493 -20.86708160787346 0
22.4335253955962 -19.1040860524299 0
23.92726720308314 -17.21668210072198 0
25.26419518770609 -15.18249129331629 0
26.4713827561618 -13.01859439026716 0
27.40090290690951 -10.96901632666977 0
28.17799446804927 -8.608597904628732 0
28.79176756827514 -6.314585852139746 0
29.19995579132312 -3.950619352492355 0
29.40552456984375 -1.567225394552795 0
-16.26904925631547 24.67716359825909 0
-14.15421138617486 25.87981313465279 0
-12.01942315082868 27.01631675635273 0
-9.757290028144975 27.81813538451243 0
-7.45893476165858 28.52383992319117 0
-5.11405056754512 29.02659800752237 0
-2.727763074996946 29.33824250705079 0
-0.3461290136686199 29.46371754718574 0
2.07217409037726 29.39236069294366 0
4.461283094029931 29.13340887739016 0
6.80183054017433 28.67018138895179 0
9.133815694911354 28.02443464540888 0
11.37655858422078 27.09130736390882 0
13.5624688229999 26.1717811172409 0
15.65503150609821 24.98774034793305 0
17.63133870258313 23.62163079787125 0
19.49333686582458 22.09922360388369 0
21.15565988931121 20.36863967048474 0
22.84062539282105 18.65648338340462 0
24.34816875535237 16.76563215167147 0
25.55601113584527 14.69421169492993 0
26.67036917284623 12.56330816957804 0
27.59687690123154 10.34986422465281 0
28.34627966157631 8.063145670906719 0
28.90399361690636 5.728369620671976 0
29.28217272734601 3.355408992258595 0
29.46619907859423 0.9589674985033002 0
12.14226051416243 -18.29268875926691 0
-5.29092946980201 -21.32259469945656 0
17.52071178130423 12.78569785467046 0
2.759547996703374 22.0650819824492 0
21.72070893143241 -3.950956296901674 0
19.80268499739861 8.652732980643348 0
-19.07801121455828 -10.80729938438478 0
16.18181533045363 -15.15677084755724 0
-14.07875429374769 16.8955421295948 0
7.525049683104202 20.15769392839757 0
19.90956206266959 -8.932217513491086 0
21.95642458756125 1.278607722258259 0
0.1064293564828668 -21.89967470607722 0
-20.94141754090159 6.441691065419984 0
-9.585470545824945 19.39871090091603 0
7.487262588807904 -20.28097286550894 0
11.67341449341881 18.26324735176134 0
-21.79583169622147 1.519323108578219 0
-15.61336332010701 -14.89523929075767 0
-4.981856227340847 21.29728828518077 0
-12.17471817160697 -18.00940374373659 0
-19.0266682767103 11.22221656684063 0
-21.50701304277002 -3.603618857887277 0
22.00724142134558 19.66850014817314 0
-3.942839826522197 29.17248486270944 0
-26.3429458646499 13.08782517745483 0
29.36316642301205 -2.75852601481207 0
-25.60016698290394 -14.65334824590878 0
14.10141094874615 -25.90226047460075 0
-2.068834863250822 -29.33198558489376 0
-13.57988888448198 -26.18571742018115 0
23.15994603253171 -18.15399248810446 0
-29.29613811399101 -3.299782737669146 0
-19.09063709019966 22.46532147569442 0
7.984638070366629 28.38227736264308 0
27.94044933313633 9.207278720498087 0
29.14278724993497 4.548208379031555 0
12.48781973065407 26.70391540689885 0
-15.18692720442648 25.26646735694588 0
-29.30265574916837 1.419187300657738 0
25.85518910516694 -14.17165770091212 0
-17.64517727974466 -23.57462583034479 0
2.674739469158094 -29.37438989403182 0
9.711482900031916 -27.82802184999036 0
-22.86443675786864 -18.60560245991178 0
28.49971780637789 -7.503228799649465 0
-28.10490133937434 8.50558969723286 0
28.59042206074978 6.872000336314255 0
10.26959951571173 27.63446772430127 0
-8.601078975286034 28.14255957402607 0
-17.18690283744778 23.93359735984799 0
-29.45130979467012 -0.9005939059732156 0
18.53623116836599 22.89049411633618 0
24.60753459870601 -16.22773461628654 0
-15.69737778302847 -24.94917135417661 0
0.2721425412319537 -29.49876703672844 0
11.94107899690307 -26.95680065548686 0
-24.30465540910814 -16.67757959437751 0
29.02516971661983 -5.1376967800398 0
-27.40405621387329 10.85674075733082 0
-6.288506444834776 28.79754336371051 0
20.38354366293174 21.29195124669868 0
24.94545696770922 15.72834365828781 0
0.8749360817571973 29.47381001835091 0
-23.95044735821072 17.16569465650221 0
23.56141129654356 17.69361092720841 0
-27.61528913262203 -10.29195682317572 0
-1.52495331159508 29.43416370878833 0
18.0896575611081 -23.11706802721139 0
-6.895608140619662 -28.73799099594699 0
-9.183285278885025 -28.00738626104544 0
19.90912490675109 -21.71830251357471 0
-28.36490666710325 -8.011119775445108 0
-25.29549007801769 15.16040089843273 0
-22.4984573975349 19.07877066492597 0
3.268468086772573 29.2889367629444 0
26.22211615573088 13.68039103277592 0
-26.68718589430522 -12.51187184576804 0
16.19779067570419 -24.73337177130963 0
-4.516754703143805 -29.1163306785609 0
-11.43991922776161 -27.1635613268186 0
21.65649576257634 -20.01764567413323 0
-28.9128478168732 -5.671569762834294 0
16.65662361434878 24.31574624970732 0
-10.87755368824808 27.39287882740932 0
-20.79229177466703 20.79474643431093 0
-28.8242833605647 6.2670349483745 0
5.647616292558873 28.92740029310119 0
27.80917478520951 -9.78249981857785 0
-21.27383514427369 -20.39848461354334 0
27.12377422547765 11.43976972986663 0
7.387083797609484 -28.51652756248395 0
5.046742290130658 -28.96504862368118 0
-19.53557711253749 -22.06850759166491 0
26.85580685706409 -11.99385112760559 0
-29.23700538515804 3.895961770470755 0
-13.07919602406325 26.41158861016338 0
14.58497448325897 25.55783519472678 0
29.38551034438401 2.157436683887427 0
29.44380714329837 -0.3296726430462742 0
-2.904408848379438 -21.83144926286032 0
-4.466914446459685 -23.22447951905581 0
-6.192450672959774 -22.98232035560141 0
-5.57279464286428 -24.55953557527705 0
-4.166897234708238 -24.94912611223896 0
-7.130460177869845 -24.21703759468394 0
-7.768593615089311 -22.84485224073422 0
-8.661503849215141 -24.19713178424444 0
-9.27571394398854 -22.66316847818321 0
-10.09893390334975 -23.83631579031891 0
-10.70203643862959 -22.53648444075041 0
-11.50172228154209 -23.82699138125199 0
-12.08947305447714 -22.39300840668301 0
-6.709826352764511 -25.55660220309537 0
-12.83462337244801 -23.45646870161289 0
-13.37269738149793 -22.29032634864565 0
-9.660223702214232 -25.07131778763995 0
-14.23921733623947 -23.32873828963686 0
-14.65851301164649 -22.18285435087512 0
-12.44507391623464 -24.57592417442607 0
-13.96586559764747 -21.0540779581118 0
-15.18737500440526 -21.07850547221868 0
-15.84866815185056 -22.07907159540114 0
-16.41581607144134 -21.04266903634111 0
-15.77959123877787 -20.00793656442199 0
-17.05638033678109 -19.98194477655282 0
-16.41051933444 -18.87174835836737 0
-17.71706079144223 -18.91048571145479 0
-18.25496498236237 -20.01508527381469 0
-19.04451408864024 -19.0842240484471 0
-18.44609202368805 -17.86618034414021 0
-19.8292121745432 -18.03096541505305 0
-19.17540153703758 -16.82706569056211 0
-20.43058289645261 -16.93554919102576 0
-19.88294138950518 -15.76066000512629 0
-21.29991414543982 -15.91768643879145 0
-20.67312858637236 -14.7202668076875 0
-21.94880565963184 -14.77924707996371 0
-21.44012351411898 -13.6614012516992 0
-22.6501335885095 -13.74424568127703 0
-22.13753226224388 -12.57194242637887 0
-23.52979451493885 -12.79889892730224 0
-22.86936373940441 -11.50426378671774 0
-24.26418313663245 -11.71708511868526 0
-23.61530580431296 -10.4974988945408 0
-24.8180293840102 -10.70952128680837 0
-24.52644716143926 -9.533391481810794 0
-23.0460444774479 -9.323758687485125 0
-23.86017922176229 -8.243021246856783 0
-25.17527893581846 -8.389794371497619 0
-24.68496705326999 -7.214652921806778 0
-25.90385264829137 -7.390057921694482 0
-25.49072145811477 -6.254802458516215 0
-26.5542828368371 -6.584912060538792 0
-26.38716246650246 -5.434139440250645 0
-25.08623289568929 -5.120512388224728 0
-25.91980625118616 -4.245149447299154 0
-19.23562078463396 -14.27156400743917 0
-27.05505312697806 -4.45535586496101 0
-26.74698386318767 -3.361441415998679 0
-25.5502517056186 -3.069209187499959 0
-26.44556947051623 -2.198108630685673 0
-25.24146379126471 -1.852842919599444 0
-26.16112347577382 -0.9960418705862359 0
-27.29421909303899 -1.2799537249898 0
-27.04610217826866 -0.1520206380016259 0
-25.90945648684088 0.2060220575267326 0
-26.83376768370637 1.019488316976506 0
-25.71546931851664 1.415271754011787 0
-26.80275948715252 2.268043666803092 0
-25.53994715086901 2.649236256640005 0
-26.46179094052407 3.438160850633284 0
-25.28592049978064 3.875909625044888 0
-26.22376784742428 4.655223289395197 0
-25.03974693339793 5.113310374688901 0
-26.16985387714235 5.920406723368461 0
-24.83605842314229 6.369408671441696 0
-25.80233358346862 7.14158271454438 0
-24.6237446458293 7.607463574741711 0
-25.72731190190084 8.381562153425742 0
-24.41916498857807 8.823625760618807 0
-25.41919162247084 9.498191343970097 0
-24.40361047504183 10.12061393802861 0
-23.22090744649785 9.23389452526996 0
-23.07412322240972 10.55930602674631 0
-24.07065798536744 11.3710556294701 0
-22.92653194163739 11.85534339397638 0
-23.89838799020461 12.55553851073191 0
-22.80584153057544 13.07071401786862 0
-23.73341538003069 4.107176094019341 0
-23.84083531086499 13.82763570716841 0
-22.70429866602435 14.27944630994511 0
-21.69109680893639 13.56531549733521 0
-21.59375919860397 14.84332528825898 0
-20.48201609332457 14.10845622525523 0
-20.45206660806418 15.43809882027052 0
-21.57125171345496 16.13149724521949 0
-20.59786776358435 16.78734910750792 0
-19.28968917430847 16.11053489047067 0
-19.40074072783465 17.39537119758393 0
-20.43651890064854 18.00444894265607 0
-19.42544617602107 18.63471746914431 0
-18.34060048469619 18.07414950995419 0
-18.42241848686665 19.32863839394808 0
-17.31994527481231 18.80424705762521 0
-17.49724522411672 20.21494131446901 0
-16.28539631044826 19.55192370600341 0
-16.39450608009424 20.82372592188147 0
-15.21590941517768 20.26839626257961 0
-15.37918108239169 21.69359207046945 0
-14.15531509074737 21.03280096446154 0
-14.23765699703825 22.3354322097031 0
-13.07992365886019 21.76906127754575 0
-13.20692906529492 23.02744030692726 0
-12.03254701629161 22.50810008182308 0
-12.28915946402426 23.90142368596047 0
-11.00165763202816 23.26561436864262 0
-11.12686834250596 24.49720296924428 0
-10.00503063835523 23.98229561656709 0
-10.22458775237507 25.14153581915704 0
-9.087629355076059 24.87996480306505 0
-8.869307160236767 23.44303291681996 0
-7.837570125161159 24.2665674840463 0
-7.975743350686508 25.53118961706712 0
-6.8328802579482 25.06739350684249 0
-7.07254666814619 26.23580023078864 0
-5.881493453563359 26.02208061757881 0
-5.514434656707079 24.40096314813459 0
-4.676344707360475 25.48212342959456 0
-4.946781101883636 26.78281154123269 0
-3.825540242891852 26.34834601396469 0
-3.466554907990413 25.15599525846208 0
-2.581236639975071 26.06422130802068 0
-2.208081617547875 24.76796411263076 0
-1.256513722297811 25.7623770809944 0
-0.8731073682284255 24.41903271573545 0
0.07727468044126083 25.44367716077342 0
-0.2340873429457394 26.69915060790287 0
0.9759890046858548 26.43625404434404 0
1.398476370201028 25.1719468546258 0
2.232604774114515 26.29359365703294 0
2.727128015472779 25.00640385080593 0
3.552599371874497 25.99038339897408 0
4.054399991617813 24.7365200507676 0
4.909450120786402 25.92856373048152 0
5.387303306724242 24.50048020558006 0
6.216064222540788 25.53541821949149 0
6.715215005522343 24.27045819882172 0
7.554405868552287 25.44798894942473 0
8.028350431304879 24.04724050765864 0
8.827179636162004 25.058309249544 0
9.298436324064051 23.83301422879341 0
10.10524393097353 24.96331095131695 0
10.56056495219244 23.63607633893496 0
11.2240697927794 24.65332810335562 0
11.85083630750274 23.62604825396632 0
10.9911344403234 22.4476068778606 0
12.30665237976752 22.29015196066707 0
13.10644671037801 23.29009073910418 0
13.59184686698748 22.14246152849178 0
14.24759019456692 23.14722735397101 0
14.93629572291466 22.15250745448309 0
5.865337503101384 26.70045255599472 0
14.17469362742918 21.05056404784672 0
15.43260069970955 20.98106546464524 0
16.13569831749374 21.85460481479005 0
16.64687796801779 20.90644357908397 0
16.02489982243613 19.85177718447118 0
17.45186311459289 19.92885903849865 0
16.66318969791706 18.72105587869473 0
18.00109834753874 18.7389610567106 0
17.32729460211105 17.55329860901502 0
18.69047966281168 17.61222103248481 0
19.24851404296657 18.76039965500341 0
20.09296948129057 17.81211837054569 0
19.45435537856728 16.53914722750213 0
20.70518277427503 16.67373706132852 0
20.18018049811151 15.48371991804111 0
21.55562931269294 15.70875824594263 0
20.97667734857741 14.46974908565579 0
22.20088078965135 14.57822775833783 0
21.7014630234517 13.40148470223509 0
23.06065156267238 13.618824567844 0
22.42852555056951 12.33645439775332 0
23.66569416104547 12.47882811197966 0
23.15086616405785 11.31215896483492 0
24.49121355461359 11.54660958648598 0
23.88563848482036 10.30730890698953 0
25.06199121699557 10.45465108953918 0
24.57977496814311 9.356425915496837 0
25.8034010951364 9.55678211452385 0
25.2608007434088 8.475969400615309 0
24.08848373846213 8.262083769302558 0
25.00390377980897 7.27914464002995 0
23.53040098748832 7.068050416359504 0
24.35875746104595 5.948833725995745 0
25.70426493781614 6.11491044109992 0
25.22635592320628 4.922899430755719 0
26.44609120076545 5.14075574983392 0
26.04707406989172 3.991461322539381 0
20.7786836133025 12.16436399928149 0
23.8861185665467 4.6884882478206 0
-3.067623101148118 27.21927573938967 0
3.1562147727838 27.13363254552997 0
27.22153560690076 4.131371437370709 0
26.76405316077636 3.04705418539646 0
25.66789762231142 2.866021198270338 0
26.62722254876329 1.873234237545972 0
25.26551528828551 1.672366418051241 0
26.11813515231869 0.731300676592856 0
24.81291398094758 0.4411706722161018 0
25.73778666549141 -0.5249363083221694 0
26.82967267793875 -0.1500039089941505 0
26.7464530978898 -1.372280353816816 0
25.4198090942155 -1.775302094451566 0
26.34617551510491 -2.639861471144088 0
25.09938163705842 -3.039104237637658 0
26.21773971742406 -3.959345891349996 0
24.80585377959018 -4.325745337730652 0
25.76031218386789 -5.215112007821451 0
24.46038207162933 -5.616258927531388 0
25.60082728386133 -6.549082521975266 0
24.15308971774232 -6.931221845150858 0
25.12606688638839 -7.821962135960121 0
23.83675724688273 -8.235084651743236 0
24.94602871151711 -9.144377688423614 0
23.53018308518136 -9.525099593397341 0
24.48045407022628 -10.3849329041645 0
23.2342424257393 -10.77272297844629 0
24.25925413220551 -11.63514373954905 0
22.97345945444568 -11.99743900155 0
23.87691723123778 -12.78634109102462 0
22.78127516561873 -13.37832054549995 0
21.74294145185625 -12.40271735472762 0
21.4744538145383 -13.68041581319216 0
22.24903512800498 -14.34959280093459 0
21.37852438885031 -15.03050708570694 0
20.18450751859334 -14.10974246297253 0
20.0482042429076 -15.50150303823017 0
21.06422229685439 -16.31673641310118 0
19.92493650387033 -16.8105619842014 0
20.92744277882113 -17.4627186366043 0
19.93692669054802 -18.12673486009822 0
18.81498289997627 -17.35389978279395 0
18.81365907475905 -18.80576156547102 0
17.66219086755633 -17.9372845258589 0
17.59366468485447 -19.22913240725441 0
16.45707488032462 -18.5017313257504 0
16.42904401955058 -19.84741917661988 0
17.52563988596831 -20.47110284020895 0
16.52059275350251 -21.21676424588575 0
15.32020759700492 -20.52890169215164 0
15.3960326434742 -21.930491024819 0
14.2376720521522 -21.21088201762326 0
14.26593872957236 -22.46724138453258 0
13.16324813842797 -21.8938371603258 0
13.26739479212716 -23.27449678175921 0
12.08162379226227 -22.57040558139694 0
12.11641231051181 -23.79047493444001 0
10.97159658603874 -23.19625987603987 0
11.12395508207872 -24.55623078952742 0
9.908822917911497 -23.85785827628996 0
9.977671272060972 -25.06693871037282 0
8.884523789618704 -24.49815593073218 0
9.024501315671285 -25.80152134913978 0
7.876688146408233 -25.14322184879558 0
7.947020409265119 -26.27489621493639 0
6.959153647481666 -25.73932206978252 0
6.836914983727486 -24.528661108883 0
5.798300249494333 -25.40916831619984 0
5.685907086188735 -23.92655260460904 0
4.529735689250789 -24.6922033830637 0
4.597720362934218 -26.03584648018234 0
3.441912214795984 -25.4812335714453 0
3.576246975584145 -26.71052717069821 0
2.456143814835906 -26.23541326344322 0
10.92209396557694 -21.51970261551886 0
2.907336158927878 -24.09823755892184 0
26.30544049226831 -7.547994872284064 0
26.93513389132076 -4.945160488422482 0
26.33882402972677 8.648991775943053 0
17.74806230622825 21.05259358270795 0
2.593103718331407 -27.48121673485568 0
1.578567455885312 -26.91676396436555 0
1.365508624426581 -25.77154240951831 0
0.4409843545001677 -26.65681402090378 0
0.2184493708126448 -25.30126008000376 0
-0.7338736784831114 -26.13499802810568 0
-0.5986887381706645 -27.29643649636121 0
-1.619754630687286 -26.91822117327122 0
-21.53315008032046 -17.03951190862859 0
-16.50784974055781 21.92870229713438 0
-23.33496786893922 -6.933559038580491 0
19.78729188892335 -19.20452489620956 0
-23.09523412344809 -14.86044551651298 0
25.60437455768819 -10.11613356243743 0
8.480915814339475 26.18638291703963 0
-17.18370005900858 17.50404534233552 0
-27.28322251360681 4.24905389493171 0
-14.32116795691501 23.4778887027909 0
-1.297440463670159 -24.73478694613142 0
27.46880341793783 -2.330829106904436 0
7.118631783240282 -26.81801323937292 0
0.5117027886190958 27.57803900043475 0
-0.4672783808685201 27.95414569221515 0
22.72163221684854 15.59040134757274 0
4.639706686417463 -27.19968013033277 0
26.86791993313927 6.238366635512947 0
-12.85441594676506 20.28855635345932 0
24.10514426415492 -2.128440019853701 0
21.24651088555561 17.69113279027795 0
-18.62817414043355 20.41673729945656 0
16.36128135561273 -22.25383986998193 0
13.08873365021456 -24.40340000592796 0
-16.8820213922717 -22.00817989277697 0
-24.93770085838852 12.04475029507588 0
21.93305582874414 -16.99348889569253 0
27.57842098060853 2.324488927994695 0
-26.35224703960195 -8.528602247413822 0
15.79731308030835 17.39761145587942 0
24.20118330037132 13.46110829814923 0
-24.50983258642962 -12.67077396271248 0
-20.08156779526778 -19.00726945765146 0
-26.86138331799419 6.829825896977503 0
-27.73585078564381 1.664847363048099 0
5.68476885187722 22.99484085544423 0
-23.54897835890613 14.9455065987245 0
-21.65812056525978 9.814507970206844 0
-9.826708569325508 -21.25276114394246 0
-12.14940595092412 25.01989897881752 0
22.70899843655875 -7.237384943221858 0
13.84177209820899 24.2863443543551 0
-8.16988996505135 26.74521878589675 0
-1.860346327257016 23.23911109386036 0
10.89623269870103 -25.6417905774097 0
25.56313848485453 11.3812650884185 0
-1.424912039366286 -28.00826717592398 0
-2.443540391283077 -27.61139142651387 0
10.97595593817593 25.64462246192972 0
-27.76075347563862 -3.758190879560174 0
24.97297288176785 -12.56074302696717 0
-20.48938945034554 19.17999779436597 0
-26.38741325543221 9.242127662558682 0
11.80586099596922 25.41502959153901 0
-24.72025272068442 0.6094471335089564 0
-7.577758381610392 22.92460941084626 0
-15.01455880909545 -18.83984011909397 0
16.63532024730936 16.12663002266676 0
-24.86612614619592 13.19059732488008 0
27.61279678735276 5.377835224349704 0
24.76728444800095 -13.53531958629029 0
1.584683144453358 -27.99697558601967 0
-26.30153150755416 10.16974534355118 0
-2.61349731382584 -26.53507813695778 0
-3.404011725445783 -27.31751917319786 0
8.878366070776615 -23.40498111225842 0
-0.4069034197137523 22.87995227846979 0
-28.1411706178626 -0.5518310145091917 0
3.702269749837673 -27.8990621065112 0
13.69348933133206 -16.86767965576185 0
22.78518526396182 10.23690049265413 0
18.83013996704019 -14.62905357928659 0
11.4579879596884 21.13185120075702 0
-16.4705029151387 -22.97269764464103 0
-24.25501350314504 -2.69613899422313 0
-23.66777873502978 -1.392056797689393 0
8.757963850017129 -26.81429960689453 0
19.02952140774797 -12.93804076065682 0
-0.4365039433516855 -28.31299932495944 0
-21.3266999320625 18.54887979977309 0
-7.268052011549123 27.35029455548369 0
14.91377203973773 24.06253092079402 0
-28.25323658056041 -1.567679444417107 0
-27.55702861416359 -2.173835882583901 0
-15.66074128489215 15.08414077653222 0
-17.51983546555959 13.97626761821539 0
21.86347571703514 -17.99551522498285 0
14.16514317135214 -19.88100933841946 0
0.2666512509418925 -27.75135562390919 0
5.491779683658701 -21.19296463940725 0
24.35657825501148 2.67890293310323 0
1.318957873800076 -24.48439326941385 0
-24.65979823101228 14.05335885302149 0
-21.57618876825791 -11.39368842135299 0
9.454292041828383 25.97387926101954 0
26.7449740150997 9.363793591048223 0
18.87119374256525 15.34079337146828 0
-10.75799467075647 -24.92456480650911 0
-10.28534058739953 -25.89689123465358 0
-9.342477853151443 -26.08422925845072 0
-11.28965390157218 -25.83467868404023 0
-23.58225287611482 6.79162609387776 0
26.11780530239973 10.6019473930744 0
10.09759713630827 -26.09998594351868 0
25.35920460161546 -11.14064111713726 0
-26.69351617510646 7.754338341486898 0
12.25138851266154 -24.89451718576035 0
-13.52809165066736 24.12597367400199 0
20.82650832455913 6.711597954106663 0
24.75314704162335 12.67471238877648 0
6.893863044283107 26.5027643006106 0
6.489266560232749 27.40949156154504 0
5.574114838799281 27.60239203476782 0
7.415831268042508 27.34498521706056 0
4.194040363509908 26.9628446488891 0
3.872672278721919 27.97562906214812 0
2.839955518037706 28.15120188514716 0
26.03484224609174 -8.555726511020668 0
26.96444134737843 -8.216255231943208 0
27.18325133723512 -7.324362956319067 0
26.81447272099396 -9.16093599345945 0
26.67821559828672 -5.910994821077409 0
27.69062488486126 -5.657863447081796 0
27.92910504298087 -4.660627509211389 0
27.25257409176547 -3.330119305162596 0
28.22188266571017 -2.935472899208993 0
28.33427041016432 -2.040684844218522 0
-15.20191397258164 22.88313104565534 0
23.31628355054986 14.78173314869283 0
23.63866372835669 15.65622636094177 0
23.07930622409678 16.32871485629763 0
21.78684025858852 16.8550064956465 0
-23.7632769631274 -14.04402105866629 0
-27.14894790307244 5.27747449585925 0
-22.49295144522532 -15.74171800699982 0
0.3080453990550288 28.35443260234123 0
1.126235338246374 28.35529779696744 0
2.203799721589618 27.37189630902681 0
-17.36480531150886 21.39313215603966 0
-15.27870675050524 23.9043192498121 0
-15.91519750553604 23.29285811807798 0
-10.93283554526661 22.17297006345588 0
12.81571065461765 24.36698845691573 0
24.26178119027711 14.92422926384046 0
22.96479288098131 8.142229140693891 0
-27.51992844327138 3.254957748666695 0
-8.795672160741619 21.95860258949939 0
6.788878532894609 -23.42577357373517 0
13.050762494072 -25.25448879821351 0
13.84299346384149 -24.87237137805793 0
-27.04638004904276 -7.667315822595533 0
-20.97876433373796 -17.87738931751322 0
-2.836698257291527 -23.81434704946453 0
-7.860988070571397 -25.37052092238728 0
-7.415734083481829 -26.45920494925208 0
-6.434896810376777 -26.70176345596012 0
-7.087150502274112 -27.40715513919833 0
-6.145894751709225 -27.59904913817596 0
-5.353663277481401 -27.07543462831719 0
-8.06070508080612 -27.21258933323948 0
-5.349055067135708 -27.98239143518262 0
-21.4094508829708 17.55270443261377 0
-22.34494211423894 17.00867392429942 0
-13.61732669451421 -24.34423694580169 0
-14.64291196247302 -24.18839857389495 0
-15.40527234710896 -23.00762566192963 0
-23.53606344939498 -15.81332587526254 0
-22.9747079385915 -16.6340631797392 0
-24.02049485379537 -14.9662482469937 0
7.981963344674589 -27.16378990551592 0
-14.41982951822636 24.50112490205288 0
20.98465357220198 -18.59044508982237 0
-25.1430400031001 11.08592046535926 0
-28.02156237932933 -4.612110702367765 0
22.28309017128239 -15.98031823062809 0
23.27367321439444 -15.45907558294753 0
22.87818585155135 -16.74330233377826 0
10.49611229650074 -19.69066660899452 0
-27.50144448821147 -5.394558026962393 0
-27.78068797689377 -6.315867059211185 0
-17.83518758802946 -16.67962046879191 0
9.114774875742384 26.92002604412301 0
-22.16460722211923 18.09256776306622 0
26.25904644787768 -10.77182078054394 0
-11.24613788739955 25.68404306671206 0
-10.38966046295076 26.08655402460407 0
-8.929053274541678 26.07718478057492 0
-1.229383721596408 27.03551154750708 0
-1.452703169556458 28.12164689581323 0
15.33340537313775 23.1661349822848 0
16.2492950524236 23.1754223175887 0
26.2832092600773 7.132450974995462 0
27.31357957491435 7.245683136212404 0
-22.02411692320443 3.39511616356039 0
5.595193905755999 -26.68974315894585 0
5.559571908829986 -27.79009665397232 0
2.153811209684748 -21.4505681404208 0
-17.34568761125724 22.40988767910928 0
-18.1909393305536 21.83570680361833 0
9.971697066975487 21.32054065568153 0
8.57679341364047 23.00237784420297 0
-25.3515317408464 -11.67754550789677 0
-25.79700465511617 -10.87937034029422 0
-25.6063621188007 -12.5777358008555 0
-25.75922589791488 -9.365530669052552 0
-26.6905640947201 -9.477240544995761 0
-6.319588778977976 27.01810805042408 0
-5.516559380935587 27.69401960067777 0
21.67859008269859 3.423499944386876 0
-20.27019672869104 -8.632614472737735 0
18.52666659298943 -20.00106644791015 0
18.43680498152954 -21.02411878521063 0
19.36529005411401 -20.59432072831295 0
17.6011640033974 -21.50821963691033 0
-13.13032393391732 -25.18191496559522 0
21.82477191776536 -0.7606660519421726 0
18.68124515062229 19.73154214006592 0
19.74333717817739 19.72019054841174 0
19.25988205400647 20.5763956519629 0
20.29033180681765 18.94294508368461 0
-21.88439277239533 -17.8857147216163 0
-7.003645798662561 21.19670828277797 0
-25.83685889895354 11.6780791768386 0
13.33822222369581 25.07955190648183 0
-9.094606444835243 26.9228975118208 0
22.26603903580648 -9.900237084068765 0
22.21763468721947 17.79763257076234 0
21.60905217915524 18.52899111036038 0
2.894350134734371 -28.3749106483096 0
27.81914341413954 -1.416472477895355 0
28.17854695777836 -0.3979133582351779 0
-21.33101892870315 -6.844130272812378 0
20.69307390231117 -19.49596297074894 0
-19.57732123728859 19.86946188404313 0
19.01379658172003 11.55053670094028 0
-27.96553801747154 0.6066338639193821 0
-20.63516512553737 12.7227499804483 0
27.14976353281513 0.8039528058566406 0
28.3775791344034 1.387523616388829 0
-12.09317676610467 25.95355669484796 0
14.39312777479269 -23.57144286096554 0
15.17634944594754 -23.06439078153558 0
15.17249978467835 -23.89834475464698 0
15.82976141522385 -23.44100613137914 0
28.09099412877886 4.569184022256517 0
28.05736134407886 3.717363395308892 0
-15.72563255063645 -17.53050424147165 0
-21.44622513952394 -18.62022673803386 0
23.71669173674949 -13.86311180133936 0
24.53706588030103 -14.36863228649467 0
-27.33769778453863 -8.441590570756297 0
-24.59561338432486 -14.380338695605 0
17.72099996442865 -16.54371901104832 0
25.0324679872046 13.44485078834577 0
25.69850775627052 12.77823510728774 0
-15.06708518224104 18.55982388989092 0
-26.3319278680037 -11.53184327881164 0
-12.47086183732865 18.25463866484947 0
-17.60174659221173 -21.14312865391411 0
-18.77531120197738 -21.0750193195647 0
-19.26697677128608 -20.18031189074084 0
-18.24882949249098 -21.83499526297821 0
-27.95531999073384 4.897804599260774 0
-27.91095665920999 5.817120976235821 0
-28.2004057118789 3.980813159794579 0
-28.48329862651812 3.064342726845382 0
27.88061994105553 6.312120535589036 0
-3.129238845802968 -28.18010540253276 0
-4.003951469296245 -28.06673427280254 0
12.38414998520217 -25.87812318457066 0
19.22261359597067 -10.87595293022512 0
-14.12127372524084 -17.68893662921951 0
15.93946898625037 23.93233311820224 0
-19.43860778658512 20.78980453046053 0
1.855943932632557 23.87145835508559 0
-17.94263270271098 -12.69229672668576 0
-6.553601924641834 27.90008969301039 0
10.61115753575998 19.8975307550992 0
4.642832993913031 -28.21422330595558 0
11.6684882551494 26.33748299286851 0
10.76112146011412 26.58451465353393 0
-13.77189322029214 24.87473493931227 0
-22.65327658748656 15.41476309778385 0
-23.52998083374491 15.8220342157217 0
-20.35410152636218 20.03799901620967 0
-2.325080134964276 -28.59351037236004 0
-27.47830280950492 7.401546330262227 0
-12.88977028731278 25.67537883238291 0
27.32232395610626 8.772144484687479 0
26.19302899743102 -11.63318474621637 0
-9.867664389764547 -26.79185957127944 0
-8.950780674366111 -26.90981923809845 0
-7.200096977113293 -20.36961474951127 0
-22.01995432159604 8.180996960382769 0
-20.19858197579109 8.361535569879491 0
-0.7802382423155607 28.69702238304063 0
-28.5725434748752 -2.422964101182177 0
21.16556016473876 -5.896427990369869 0
10.92440537901511 -26.5708005318283 0
-4.043957136298539 27.47398857745624 0
-3.391693072393972 28.10497388506166 0
-4.142106813269265 28.46076621937161 0
-11.0200028819898 26.60410054873899 0
17.21226561277361 21.8081844274704 0
18.11914532689173 21.82634137282441 0
17.76343914331601 22.6668160936159 0
25.51156204612674 -13.20294121815554 0
-28.54698394745132 1.350237105610715 0
-4.32939105537594 -27.14513014971271 0
-4.740699273096749 -26.13464318571405 0
13.78295575493974 17.10031940536647 0
13.52941646140348 18.98329998178399 0
-25.81291329842265 12.5560605950241 0
4.611293203504971 21.45378788709028 0
-1.55971193319579 -28.87235962388856 0
17.40396421871085 -13.49872509872231 0
-24.25497795893296 15.51575244819084 0
-28.6738666433051 0.1269422609599301 0
-19.65290453072792 -12.60778197812317 0
20.64214622567854 19.73778623474048 0
7.393307222164789 -27.74057465636504 0
22.71465105255116 -17.47964632998101 0
23.37405034513946 -4.740283558023657 0
-16.03096739080729 -23.77795937178744 0
-10.80117298986139 -26.67226834382501 0
-27.40515699254134 8.259643001983662 0
-21.84510787696154 -1.770907087883736 0
-3.690297752246505 -26.25718167486883 0
11.95952296713596 -20.17833449066002 0
-13.96116778587809 -25.1069062490775 0
-19.62147888470673 -20.9826371895664 0
-20.15426378996656 -20.37783341806966 0
-25.67268703110763 13.35569651099006 0
-26.97423162058478 9.821380239753985 0
-8.083412249863633 27.6025897141194 0
20.26490606204617 20.4755802561638 0
0.3823885535867592 -28.53725812308001 0
-2.441990093372122 28.14864122201718 0
-19.15995459262021 13.17112473035118 0
-23.31585331528132 2.498110392821563 0
-28.5243316010554 2.19556402096967 0
-17.58275773129142 15.65787797840777 0
-12.24098727382326 -25.50626280234733 0
-17.32052551706699 -22.8396291829882 0
18.35078872160974 -21.90548906981252 0
17.70563367448163 -22.42039177165064 0
19.17769611760518 -21.56344249504857 0
14.56007230549386 24.83246103091883 0
28.6407722982837 -1.304571659164783 0
-3.067450736196693 21.67762276304899 0
-4.500457224323177 23.07236041409304 0
-2.621241231976432 -25.19948457458341 0
-1.292560491142976 -23.09204846343982 0
-10.30999026011824 -19.42223823180283 0
-11.97420338596183 -19.92530511071399 0
19.36670696096357 13.05841604500996 0
27.80399854646056 -7.937486422733943 0
6.15028651184188 28.22654777558101 0
-20.8135074016603 11.14138960685873 0
21.7940061463406 -18.87573125007425 0
21.36069559296414 19.70966235095839 0
10.22377469097791 -26.92024073701083 0
-28.51990931703869 -3.974079982035286 0
4.461436461562301 -22.95160370509842 0
22.86826902243773 5.727505211643619 0
26.34414252719821 11.38311943688329 0
29.45641721094984 0.3298671047213292 0
28.87193260250758 0.6736403450225725 0
-8.018898823311174 28.31738062885804 0
19.04719944448247 22.50375590392257 0
-28.02285850308583 9.162212620499668 0
-27.21610689589223 9.042483926294752 0
28.62040138462815 -6.912514650959715 0
28.15093049510715 -6.483912152598548 0
-23.23088772853083 -18.12698358030491 0
-22.99813524720366 -17.49083437698792 0
10.27015419651207 -27.63652016940719 0
2.073164819647604 -29.39632257506898 0
1.794066533349335 -28.80613830089092 0
1.049998671767296 -28.85512346659973 0
-17.19188072320251 -23.94051659331644 0
25.55810966504177 -14.67721838445278 0
25.19012881490754 -14.14766947366019 0
-29.50345690693 0.8754417089868721 0
-12.90135125089354 -25.98091153178045 0
9.225666220830011 -20.9752614115099 0
24.59187194434426 16.25102073967657 0
-15.73700691536678 24.91172617842935 0
0.2350558212628075 29.47219507021012 0
11.94170916104303 26.95746427633019 0
-24.30762179094024 16.67610591566748 0
29.03295230823859 5.139074363574149 0
28.42502773986061 5.271046116540705 0
-27.35300614310443 -10.8631579643224 0
-26.96250848902899 -10.37292786835358 0
17.62207151768591 -23.59032479980271 0
17.04983284372942 -23.32820382602393 0
-6.290318900585104 -28.80584331115899 0
-9.765086193672669 -27.8362954899087 0
20.38283005896391 -21.29440267988453 0
20.1907851513031 -20.67066534505327 0
-28.51779588729628 -7.427278979287529 0
-27.88965995804448 -7.549071672888473 0
28.11183228897152 8.638674825349627 0
-22.09303950261868 19.52626496284618 0
-21.40880005269651 19.3336193275085 0
8.555941095362328 28.1989984203958 0
8.726530963774064 27.5996385259972 0
3.867608948759353 29.21654663069421 0
3.495457018299661 28.68235177302806 0
-18.63191695043517 22.85275801955083 0
26.33208069769696 13.17449687474348 0
26.0887273740764 12.05446137873814 0
-29.36154654612884 -2.703140523050328 0
23.51309649035491 -17.67111852291842 0
-14.13056347541459 -25.86024550401553 0
-1.536280174216873 -29.45675213834349 0
13.56912535870103 -26.17835307640551 0
-25.29453487413323 -15.1695048395852 0
-22.48089440877983 5.416372647293521 0
29.29485118804559 -3.353873794781072 0
-26.69779671818929 12.51684656544036 0
16.15913775812075 24.66440497400803 0
-4.516917685261178 29.13846364690772 0
-11.44471373263232 27.17494565782 0
-22.40318938815906 -8.036307217242713 0
20.36414646218543 10.42122451619961 0
-28.9502751114562 5.676573456988782 0
27.59668668487616 -10.35759532832548 0
26.96405057351763 -10.45943554633453 0
26.82160425325618 -11.32287182052132 0
26.27525549795314 -12.38040767366008 0
-20.85853167023658 -20.84218830861172 0
6.819764476708182 -28.68748420948858 0
6.403365085490907 -28.18287877673646 0
5.650192082898817 -28.94059363245116 0
6.257716090497205 28.89280516977956 0
-20.42781218964153 21.25777199607037 0
27.36918460440743 10.90176903219763 0
26.94592970918208 10.42565829209458 0
-29.04044174726631 -5.083276230598473 0
22.04643661370745 -19.5530861441486 0
-11.9708491947897 -26.90214211363465 0
-12.04758704512378 -26.24456178764119 0
-19.99585644346683 -21.67149884091727 0
-3.923176231444652 -29.21872382382132 0
15.68573236741211 -24.95514965365451 0
-26.44518401481837 -13.00568618082761 0
29.38567896414474 -0.9699222827978464 0
29.35254612367109 2.757115473658931 0
28.84443477385845 2.453413104250051 0
-25.59084065898235 14.59721607735481 0
14.09671576779336 25.89310286672026 0
-29.15655607111599 4.495003735273873 0
-2.109629038410379 29.36510931344614 0
-13.57927215817563 26.12708117888639 0
23.20803042969176 18.18178155606219 0
22.93109650238533 17.61952168773162 0
-8.403148683122145 -26.24225959731956 0
-29.29697504427392 3.299877005662478 0
22.39512073594575 19.17024227130932 0
-19.09145288763651 -22.46628148302984 0
-12.43060172124028 26.60582672919011 0
4.454497800024797 -29.04951324697905 0
7.983913220721847 -28.38114964046724 0
-21.68205972897984 -19.96139776985982 0
-21.07638115589634 -19.79988198667699 0
28.00497110817963 -9.217861733991468 0
-3.332715695201359 29.28061755979837 0
-28.67922390535985 6.859004467393098 0
15.11826955264632 25.25162358834642 0
20.82946944707993 20.91057397504638 0
-10.32467496533719 27.57459797494463 0
-9.778792526857778 27.18569212647535 0
-5.711824881991391 28.88421177556602 0
17.15011599748125 23.98250448429867 0
-27.16980468443536 11.40921866452138 0
-26.74791818503892 10.92188979968286 0
29.44643663163327 1.55587611401221 0
29.12328403645522 -4.544992433060295 0
28.59439486364228 -4.176298311391701 0
-24.64420099472673 -16.1813097153657 0
29.40815397546046 -2.162593992208709 0
-25.87012021387087 -14.11961290692073 0
-25.48116949803201 -13.58638367725378 0
12.48980702545423 -26.70816503200606 0
14.62091921920559 -25.60761721613075 0
-0.3382131413783373 -29.46167899338204 0
-2.726365911914693 -29.36135778967754 0
22.82752028679874 -18.64424680697809 0
-22.59361777872453 -5.278201138086594 0
-15.18848264905807 -25.27141415223047 0
24.26471634582566 -16.72129197290219 0
23.95085084018534 -16.15753906793709 0
24.34662201975776 -15.56183150752091 0
-29.22354904413607 -3.886275430514743 0
26.83489971474333 11.98418903692852 0
-19.53795419145832 22.06875401990825 0
-29.44629595020283 -1.50424993378027 0
5.063835733734973 29.00387944198207 0
4.670880365154725 28.52333372806768 0
7.409810771215288 28.54171672559831 0
25.88332272052727 14.12269645469268 0
-21.18207731619189 20.35506139982215 0
27.80259711081681 9.781403517359907 0
-17.68168552308083 23.58881349322844 0
-17.09788515746656 23.28842181556548 0
-28.81402147357806 -6.268153206532754 0
-28.2911060777566 -5.894748133356258 0
2.67430320571152 29.35835062798458 0
2.334987388931045 28.79628265354215 0
21.23946667654426 -20.45539461765828 0
-10.88285672323521 -27.40623342890825 0
9.705080213368788 27.84457683883843 0
-13.48988527196542 -19.55396810556494 0
-5.116526442514397 -29.04065070928067 0
-4.730307208999625 -28.47828515091992 0
16.60662233315921 -24.34989481567372 0
-22.79748991438269 18.48329975616846 0
-26.92787051563768 -11.97646717807748 0
28.51062387485808 7.487593065930032 0
29.20981979696072 3.954448077965564 0
-24.9537971955665 15.64170081059627 0
-28.20719915116604 -8.587573726171414 0
12.99003713935575 26.41864560975397 0
13.05384748812263 25.76583029344193 0
-0.9370695056633391 29.45765192543526 0
-14.68252664177973 25.58943725116423 0
19.5163529728347 -22.11723373901527 0
23.95549370401471 17.16043237371506 0
-8.619880521689668 -28.19754466983546 0
-29.41303996728771 2.098332103596928 0
-2.38640677491501 28.85950180068488 0
26.08143079956492 -13.5258110665751 0
-18.09211977090244 -23.1864607193698 0
-18.05926245090324 -22.53410722962393 0
-7.458080269056258 -28.52699498913824 0
18.5985864956485 -22.89787239954733 0
3.268946646686509 -29.3081621645108 0
9.142292176126688 -27.98930038585607 0
-22.49184704706159 -19.06921970232034 0
-27.81893928101324 -9.727435795693504 0
-28.38898467471735 -3.267470155022585 0
-28.43940349730654 8.039309245406068 0
4.287977510669552 23.28596418003665 0
28.760132663458 6.299116147902256 0
19.93766049448639 21.66750277750135 0
19.3373975821376 21.40028675675925 0
-9.187303635152595 28.01964153274161 0
-23.6136661712931 17.65866896350339 0
-23.23817582096795 17.07659868159796 0
-6.884307608392395 28.65873205197544 0
18.15981345457497 23.30231286121459 0
10.83580307664917 27.42311295093691 0
-27.63157097321691 10.29518552291157 0
1.470650983382674 29.44963979994672 0
28.91500760989698 -5.731885951741959 0
28.41361118668311 -5.317656766160243 0
-23.95893313740055 -17.17316536172588 0
11.38675086912695 -27.19967157646544 0
-16.7049149268613 24.29809931478119 0
0.876616515027284 -29.47388255790966 0
25.26147847808155 15.219502450843 0
-16.17252520755251 -24.56138602986073 0
24.94183392779659 -15.69673479861766 0
-29.45440808682846 -0.2860383104729322 0
-28.92864677595536 -0.559990346364006 0
28.01426846036858 7.061241196236854 0
8.684064131116212 -27.55609621904116 0
27.70248868524238 8.196797143777857 0
-18.94183701057901 21.8720593778611 0
-5.964104794968185 22.81068529845013 0
-18.92602354383822 -21.83475090135679 0
-14.62973143534972 -24.89089883593239 0
9.963828148650832 26.63184347980219 0
4.089850285823621 -28.6014519050706 0
12.85269643805599 21.0911282494809 0
28.89140186486962 -0.6210275135581651 0
11.5750084052393 -26.10141886486768 0
-24.15947825070065 -5.933751875106412 0
-23.76636244946611 -4.800783305423668 0
6.971433233443714 28.0293110659835 0
-26.60489056918385 -10.94969345896265 0
-27.64248572745891 6.596511047192965 0
24.6027357653075 14.16305963223193 0
-21.80408581092301 12.24584372322759 0
-5.310760456021913 28.40499630908759 0
18.62859625642094 21.20886714444928 0
17.08584920967533 23.18342258923067 0
-19.08105327752807 14.74372671049513 0
-15.64341002146677 -24.28776580518578 0
27.53384863948446 -8.745316901987385 0
23.89517818670699 -14.89837081196562 0
5.303010980058243 -28.43481838719265 0
12.62548231701746 25.15502610497775 0
26.91153314879676 8.003867117149879 0
-27.32518150707275 -9.244084252582871 0
18.08763700865607 16.3939589177894 0
15.27745933171295 -19.12408738549989 0
0.4790100430000788 24.08340421527391 0
4.739295050764981 27.73074610125589 0
-17.078249038253 -17.74669591081302 0
-22.90999935763232 17.74653220891279 0
-22.84033207298709 16.3449250852853 0
-24.92101390550798 -0.6014637015460804 0
9.767036415828066 22.67635958971658 0
23.30984087282261 9.242608962580524 0
24.44162147991184 -0.8340606225922106 0
23.37687489156889 0.05542770227302614 0
-18.35949763542786 16.94839578375042 0
7.848657416945021 -23.91142531021426 0
21.96990409301474 -11.16743338645292 0
20.92872635683263 -10.23746452653797 0
20.39651894101101 -12.73413567069996 0
-9.882574185135237 22.77453283605119 0
-5.880380254600083 -28.29012356966387 0
-17.37439750434287 -14.69920242251633 0
-22.30911332352237 -10.30613627037246 0
-23.44646826508867 8.007799401261385 0
9.632472971561711 -22.50475837170866 0
7.179781118630602 23.02935060621727 0
21.84376282577401 10.93696798684494 0
-26.2120323096045 13.62533859355344 0
22.57575016645603 -8.616840652138182 0
28.43820984162416 -8.091699120356841 0
28.70986558807611 3.545945114804831 0
28.27835583777723 2.929018302915039 0
-11.91785847459251 21.24276909593777 0
-11.31709928744704 19.67444198885657 0
0.05247057651881631 -23.75362250963792 0
12.38275142094043 26.00603891070889 0
-23.89978172463839 5.557089391838432 0
-26.23801698446498 -10.14975372911228 0
-23.69028878125791 -16.59620043013227 0
23.13488957240997 -5.980616047549155 0
-5.899072066647241 28.30054668905542 0
14.57398057486184 -24.98960325878749 0
-26.02621174643145 10.9550013420961 0
-8.7216240188532 -27.58253489294148 0
-11.4748496619142 -26.54593162955056 0
-14.00242178085541 19.62822007953203 0
28.01055914108982 -3.817439502465137 0
16.31625080161428 14.35534532614927 0
15.10165628780202 18.65463005536978 0
-24.51007068001121 1.884788527935118 0
-20.9949533466514 19.80049359052318 0
-15.14860240373866 24.62335854988315 0
23.60975774444437 -3.448009101679415 0
22.47085120577398 -2.403276333613357 0
-18.70070976070981 -15.64762251888716 0
27.38759729971447 -6.490421299723617 0
15.12689665633017 24.67778299372293 0
-24.60583207518672 -3.914082607776094 0
-16.34319770603294 18.25270902773607 0
6.472048039059103 21.53406782312723 0
24.80411847501973 3.766936725854545 0
2.297971737357285 -25.2141640145485 0
18.79849266235573 -15.99131041090961 0
-28.39772266513408 -5.229057337931974 0
15.23504955642717 -17.66927233914438 0
16.60092691944772 23.69814103592109 0
16.38370359002073 -17.00178244726618 0
-8.743361091274451 27.51299258126031 0
-20.13011436130036 20.65013974693798 0
5.322974250811082 28.32959808521731 0
28.8863869782984 1.811537634992838 0
-20.88313450788838 -10.28223134751922 0
-2.973770010680592 28.75045219098676 0
-15.85986170365449 16.84350514282532 0
23.77610218700416 1.425971365970896 0
28.87363901484783 -0.01208458098424921 0
-7.595692324496608 -27.89119883911228 0
-7.591791349557231 27.95107736223992 0
-3.217976648909154 23.7587123136011 0
27.40255771141823 9.36755617088131 0
27.94098281158723 -7.108654380330726 0
-28.85905532281761 -1.141086788547156 0
23.33092073750524 17.01400867005512 0
22.61206162002998 16.98696598748137 0
3.47553727260457 -28.72605900651294 0
-16.56746127334624 23.60276216335709 0
1.731777328069206 28.89668727285666 0
1.924395007546467 28.1917116365258 0
28.69193062796587 -3.540243606143049 0
15.25129304240621 15.90551494767645 0
22.5766751085985 -18.14283723105121 0
7.704549494017578 -22.22803224272963 0
22.88830611865022 2.429352747923517 0
14.00705805026808 25.21239000822165 0
16.4737637892227 -23.72257500931766 0
9.300079577342412 -27.30596223194571 0
-16.65768491622519 -23.66688553369398 0
20.65998485932914 -20.29441285010287 0
20.00545188132311 -19.97679248212149 0
-23.65793220796559 16.54244410738535 0
-1.776550709584372 28.80348747647897 0
-24.33619020974454 -15.64035342101558 0
-24.62021186995368 -13.5237512473561 0
-14.64128807867422 -20.07577395054279 0
21.27918249598062 -7.746081847393108 0
-17.89663747859046 12.31332293952692 0
16.42218170340423 -23.06108994801156 0
-18.0747740288504 22.60553922880044 0
25.60255162338899 -12.11852591051009 0
-23.4130942919781 1.026161523918089 0
12.25942029087657 19.91184362260466 0
6.554140828095772 -27.47098156605089 0
-25.27807060833421 13.9106283112964 0
-9.643743402120334 26.4863825711734 0
-10.39484504367273 26.88301445445272 0
18.85951050090314 21.89775234832183 0
19.72643747895519 14.30981043390628 0
-16.54921858710805 22.81022704992176 0
-13.13735487265794 -26.51831863812221 0
9.540331055933525 -26.70964207688394 0
-4.782086975480419 27.90923077825024 0
23.3045350852937 -17.14473018180082 0
1.063193710762198 22.41904345617331 0
21.70570357819269 8.984680409034759 0
-6.710774072013016 23.87968758871746 0
19.83025797942515 21.04678324316173 0
-22.42463680394086 -0.1334648442523684 0
-0.169321536131751 21.40961106199261 0
-1.381733539053979 21.82941643090941 0
28.32409042493378 5.834848950942521 0
-5.755502716091608 -26.00518639482616 0
1.418345507579389 27.60954812248088 0
17.62280975952689 -15.13707951867661 0
-0.5961285607241528 -28.93524699857915 0
-27.14672549697557 6.0882678279268 0
-2.127612553460082 27.22694536885554 0
0.8533037422122914 -28.11626767058871 0
-23.31082135715619 -3.773081783882886 0
-11.64708640878573 -24.93368436971495 0
26.6310664022732 -6.764571294275885 0
4.073580340993117 28.70625401426564 0
8.134908544263794 27.81448206322614 0
-28.10287424654088 -6.930068337888557 0
-22.60785606132324 -17.94883729003724 0
2.408244407530423 -28.85836768917492 0
13.09995336501112 -20.64755426361632 0
5.830006271000795 -28.43151648689625 0
-13.04552332586803 24.86287173225893 0
1.616386975949624 -23.08152568570522 0
28.82994011798425 -3.007757776519038 0
8.262996782884656 27.06377787021672 0
-6.764732163334435 -28.17976514034209 0
14.61585262595218 19.9375568218104 0
21.38045589429851 -19.41012262617638 0
7.561573749155535 27.98294372716426 0
-25.20375926063316 -14.15806824025518 0
17.49564567031435 -23.0205693042016 0
28.67339409857305 4.175666405640858 0
19.82012317896877 -21.14438879217321 0
-21.97547232500771 18.8573773728386 0
25.32245627179575 12.11841291148303 0
-4.137440757048647 -28.64822843673679 0
-3.558175446353668 28.75868100864904 0
26.81149806499911 10.99109028123189 0
29.00970688508738 1.27750904178395 0
28.09974392215346 0.5938859244124337 0
-17.67099448092532 23.02309643301453 0
2.91949418428301 28.84987706586608 0
23.60964225071467 -16.69431721625457 0
27.97744805139194 7.610892042612773 0
-26.51466498990523 11.49472070983953 0
28.39238834896473 -5.901180833944458 0
-27.28249650089142 -9.822729056960288 0
27.43721364584491 -9.330764125167519 0
-1.810289225418584 -25.8767819994489 0
-23.44551595598194 -17.10936729919621 0
-22.34467851579887 -17.2335778790478 0
-15.94584843309567 24.18718388179999 0
23.88852707383564 14.18979098215169 0
-28.90611831894757 -1.746668718591868 0
-3.581211963161647 -28.706379778619 0
5.070987252924168 27.05687518682053 0
1.163608378970105 28.96650855012415 0
27.23632908995566 -9.907537725254581 0
26.50450130478111 -9.91063471140539 0
-28.84546016634305 0.7647466573579063 0
25.28191113025825 14.08093517833774 0
21.07625207217399 19.09822635474631 0
8.994156718420619 20.05473088040069 0
24.32423489299707 15.68598213545446 0
-21.51636199012165 -19.41864710391437 0
-20.90129819877953 -19.14559006772251 0
-11.25918643471728 -21.14866096579622 0
17.00644018395936 -22.67152013370774 0
-19.43990009513106 21.46726075571222 0
-18.82804597971648 21.17422213308914 0
-18.1006446662335 21.03935162670203 0
15.15038785391569 -24.59770987620081 0
28.61711296927626 -4.767454359972686 0
22.28565107263754 -18.55500222580224 0
-28.92985588973679 1.774731037691131 0
27.15369515649952 9.886660175099282 0
-15.16576390132299 -24.55454073610432 0
26.75923790449564 -12.59754902730245 0
-15.19143420410662 -23.77028838693593 0
-24.10227976884646 -16.18175380723072 0
-22.20809758680963 -18.52042122183304 0
13.98143519951445 -18.49997095229965 0
-14.88245300071589 -16.19611092293306 0
11.64614693677655 -25.41441612042716 0
24.94714151841287 14.71801758265963 0
20.91195837820409 18.4291616233024 0
-13.87071586043984 18.33902014723113 0
-26.68590104417462 8.536031017149947 0
-12.69188518771118 -21.0608911492526 0
-24.7067639487713 -15.10349453282084 0
-8.735157213574995 -20.196075511639 0
-22.00487294044978 11.1214520374318 0
-28.60104679573147 4.689171732375005 0
-26.13024948841938 -12.25326595610874 0
-27.06267525825724 10.39156331179773 0
-24.44326555958702 3.036805155474996 0
-20.88966181062405 -12.55378490521047 0
-28.27293707451016 6.404639106689163 0
-28.0714031832078 7.106633999165146 0
10.25658796440845 25.97048845051572 0
-24.34427812773987 14.68663520720763 0
22.24016895963121 18.57619154157011 0
-13.62730160552359 -25.60525101777627 0
23.89552285523816 16.40885961254458 0
16.74187899756064 22.53780950676733 0
-28.49121112559033 5.326180264740247 0
24.66625315878156 -15.0524297098516 0
-4.27515362905806 24.37403091277707 0
7.721602555620406 26.50917985087045 0
-3.018055475820699 -28.82649309795027 0
-8.283575383289115 -21.51606414562469 0
17.5471784185718 15.19166324359942 0
-8.583441454108627 20.42969042497186 0
-27.73112432590883 -2.945761928220105 0
25.01671822642277 -11.81858929723097 0
-26.36068271116659 12.04139727842443 0
21.07444799620019 4.995025541285432 0
3.747826583473573 -21.61879605467399 0
-13.6180651652515 25.493356821937 0
10.32875589241881 27.11039791851407 0
-20.44359038893569 -19.70641365286491 0
-11.70900935669922 26.50646490894364 0
-27.82755772230154 2.4766800354746 0
25.98084390821442 -9.377561693349307 0
9.794711296808952 27.27460188772635 0
27.30416773592802 -4.182637972061168 0
18.0891581860497 -11.9964698717615 0
-27.79861978094295 -8.112383559439634 0
14.52188206499822 -24.32226854574696 0
27.57130675658567 3.179479531209749 0
-16.41821383368078 -16.29122887621394 0
-17.12016806717111 -23.39188777315019 0
28.94013625354379 -1.898224064878034 0
-5.35536368464678 -28.54307094035991 0
-19.39648789117446 -21.52355683439053 0
-7.100578178037693 28.11093381561634 0
23.26433403920434 -16.1948846025922 0
26.517753751545 9.985458867851154 0
-28.33441970063535 -6.451862351157073 0
-27.4354217622387 -6.883347872233881 0
21.71725015891677 20.0933037440149 0
-23.82935529142823 -0.09827533721215928 0
-24.98365155363447 14.58782499295842 0
28.89347501014577 3.008180197577489 0
28.91196001396668 -2.416044434245359 0
15.87379403133087 -24.24257885888321 0
-8.788206336355984 -25.41719388248935 0
13.63517779612478 -25.57854498252189 0
-28.79625860024958 3.676743263103063 0
27.28007122342815 -11.51417319171483 0
28.28152185820034 2.066166909729834 0
-24.07638737975505 16.1404015081016 0
8.120703027887327 -27.80913981121455 0
-1.31340620452981 -21.69733115804953 0
-9.39665559201679 -27.40638528421362 0
-14.72827925233806 25.06262737348709 0
-8.201761662516454 -27.82190894425804 0
-25.4277448165891 -10.12751350141564 0
2.254889587679779 -28.30352179185016 0
-28.61893348136756 -4.718081171472662 0
12.96500966771599 -19.32660009990392 0
-0.1534711020733731 28.86057346456483 0
-1.801215544524133 26.46382760204689 0
0.5823810587902182 28.93924177981595 0
21.7274025034215 19.15399579936964 0
-10.14499309330237 21.09310255709838 0
19.29972694737095 -19.75779592384724 0
12.14456886539837 -21.38615152816461 0
9.294982608921107 27.53265558841878 0
-25.45871707091968 10.36589448660105 0
15.04373662721861 -16.24863476360997 0
22.35109392645135 16.29396938658817 0
-18.58602088212357 22.32627698110503 0
-18.58240649323066 -22.30040204813496 0
25.91933209267716 -12.81574333690039 0
-27.67332717653053 8.739535343045274 0
6.934565398556515 -28.13259204793889 0
-15.91067217763505 22.52170211625178 0
-17.62247708898893 -22.07200804445629 0
5.864302567175189 -22.68350630535175 0
23.11777354965973 -14.52037942999261 0
9.817423135909445 -27.29029603583232 0
-6.947129223650702 -21.80708923818563 0
-22.11215144504201 -16.48165271539457 0
-22.25983445695251 6.85730385007894 0
8.428120228072231 21.60894993223519 0
0.9729160249452352 -27.45286259514626 0
20.85214088773706 -11.48354077372872 0
22.68751119434976 18.16632214790617 0
25.88458986297489 7.898613263223552 0
6.357874850810568 -26.33418172665974 0
-4.77318449951558 28.5880109922279 0
-12.62318619968025 26.16158771664609 0
17.03902239419072 -22.01414713162728 0
15.81417896575869 -22.70715541784799 0
13.62059142315749 25.62504469612711 0
-21.78233568514175 -9.316209599071451 0
-0.03233171658515129 -29.01208283930461 0
13.13221005645546 -25.86618212337903 0
-20.76132042986177 -20.22496039595333 0
11.50116697466735 -26.6586838903989 0
20.55634571477919 13.37310645405297 0
-25.20325897349086 -12.95846228135042 0
-28.83054587835089 -3.547741423463323 0
-25.86827330968111 -13.05237877104795 0
-19.71013717804589 -19.59484685313142 0
22.28461308713233 7.120308891318007 0
-20.30628345270664 -11.46153476102351 0
21.12589541901188 -19.93470774776394 0
-21.95270718555674 -19.03183234946027 0
13.48641588874348 20.19487854470534 0
-20.59090495248847 -18.51356153408272 0
1.651282749475832 26.85169000744411 0
9.026044750459292 -19.32638740188845 0
-21.58283328474072 16.87185344354413 0
28.67303110507721 4.740635857408757 0
24.74801860949557 15.25521501821707 0
-9.312270745253009 27.4918718273621 0
18.35392977637417 20.49965151153694 0
22.46780666870157 -15.12689951182147 0
-20.95441999400068 4.437462348724456 0
-1.294302987742962 28.90279447791128 0
18.75254753985127 10.11823633542104 0
12.01454901004468 -26.43648142746052 0
2.977359477919625 -22.64014622896405 0
-9.712200897301681 25.78044698203294 0
12.05022225085743 24.71120920859554 0
18.40752060873423 14.13307772920957 0
-25.08016769015329 -14.692950910835 0
18.46510511679187 22.35703196700418 0
27.49227427148049 -0.6865235369464863 0
-10.38296833823138 -27.14606977325941 0
-27.06475143963555 -2.665379324591476 0
14.14804879091536 -25.36328187857268 0
-20.77176949421759 -5.356222314725438 0
-24.7664389827783 15.11846287147718 0
-26.89126459660363 -8.883212056856957 0
-14.22913419734377 25.23351573710104 0
22.57865244375181 4.468401707354766 0
15.8538477313611 22.62509904378009 0
-19.89390429902431 21.15945024166758 0
-19.9139129434594 9.903113246474701 0
13.88457663368752 -24.21773932250393 0
-9.947835771516448 -27.36026435284008 0
20.35048651349613 -18.85441695421977 0
22.21336783904328 -5.136939670367641 0
23.22447553351118 -1.231930402883982 0
-28.89513979797449 -3.002320298943558 0
27.67328760975638 1.524754645976756 0
-27.15045667276951 -6.059384131498974 0
-14.21278446955376 -24.63261015117664 0
-23.02487378822015 -2.499489730723377 0
15.55886138930745 24.46495847093205 0
3.136999489419215 23.79308568382899 0
-5.666105678840139 26.87925495247833 0
23.36539399027975 3.575930384407255 0
2.941401082369369 -28.92007141872515 0
-13.44699193832232 -16.13017180333204 0
25.48111904275342 -13.71667980911865 0
21.39185202354907 -9.086568324725821 0
27.56557483334792 0.06218919641044875 0
-5.07727203658738 -25.39458816598648 0
-7.351572011044813 19.73913234946003 0
9.435708223929913 18.70825433520301 0
-20.31138270926101 -13.63845307654292 0
-28.48993266626627 5.898309750605702 0
25.02641271655137 -14.65692208795727 0
25.71752689783205 13.4929041561833 0
-22.36065114448951 18.58078035967023 0
-25.04321262801936 -12.30065204708533 0
-27.95632055634427 7.826685297482554 0
-28.76360823341889 4.142721652742121 0
-1.000448886858222 -28.68864697364004 0
-4.753273615657783 -27.749595127387 0
0.5278220979111298 -29.07428947856825 0
18.30075511202429 -22.50010063997328 0
2 3 0 314
3016
3017
3018
3019
3020
3021
3022
3023
3024
3025
3026
3027
3028
3029
3030
3031
3032
3033
3034
3035
3036
3037
3038
3039
3040
3041
3042
3043
3044
3045
3046
3047
3048
3049
3050
3051
3052
3053
3054
3055
3056
3057
3058
3059
3060
3061
3062
3063
3064
3065
3066
3067
3068
3069
3070
3071
3072
3073
3074
3075
3076
3077
3078
3079
3080
3081
3082
3083
3084
3085
3086
3087
3088
3089
3090
3091
3092
3093
3094
3095
3096
3097
3098
3099
3100
3101
3102
3103
3104
3105
3106
3107
3108
3109
3110
3111
3112
3113
3114
3115
3116
3117
3118
3119
3120
3121
3122
3123
3124
3125
3126
3127
3128
3129
3130
3131
3132
3133
3134
3135
3136
3137
3138
3139
3140
3141
3142
3143
3144
3145
3146
3147
3148
3149
3150
3151
3152
3153
3154
3155
3156
3157
3158
3159
3160
3161
3162
3163
3164
3165
3166
3167
3168
3169
3170
3171
3172
3173
3174
3175
3176
3177
3178
3179
3180
3181
3182
3183
3184
3185
3186
3187
3188
3189
3190
3191
3192
3193
3194
3195
3196
3197
3198
3199
3200
3201
3202
3203
3204
3205
3206
3207
3208
3209
3210
3211
3212
3213
3214
3215
3216
3217
3218
3219
3220
3221
3222
3223
3224
3225
3226
3227
3228
3229
3230
3231
3232
3233
3234
3235
3236
3237
3238
3239
3240
3241
3242
3243
3244
3245
3246
3247
3248
3249
3250
3251
3252
3253
3254
3255
3256
3257
3258
3259
3260
3261
3262
3263
3264
3265
3266
3267
3268
3269
3270
3271
3272
3273
3274
3275
3276
3277
3278
3279
3280
3281
3282
3283
3284
3285
3286
3287
3288
3289
3290
3291
3292
3293
3294
3295
3296
3297
3298
3299
3300
3301
3302
3303
3304
3305
3306
3307
3308
3309
3310
3311
3312
3313
3314
3315
3316
3317
3318
3319
3320
3321
3322
3323
3324
3325
3326
3327
3328
3329
24.38742547466698 18.31037539811223 0
24.38742547466689 -18.31037539811225 0
8.860787382868804 29.1801042205341 0
8.860787382867741 -29.18010422053434 0
-10.08793977016746 28.77849625033907 0
-10.0879397701681 -28.77849625033874 0
-25.13876674519515 17.26507179321205 0
-25.13876674519551 -17.26507179321142 0
-30.48197540534271 -0.9198869045595853 0
-30.4819754053425 0.9198869045605331 0
-24.05147218165 -18.74841162395771 0
-24.05147218164916 18.74841162395849 0
9.452883854860598 -28.99477490345791 0
9.452883854861664 28.99477490345725 0
-9.501650152219533 28.97698138288396 0
-9.501650152220238 -28.97698138288378 0
-8.313985902012993 -29.33216614028371 0
-8.313985902011487 29.33216614028369 0
24.75477266428269 17.80968008556256 0
24.75477266428266 -17.8096800855624 0
10.60109825521046 -28.59640832102276 0
10.60109825521116 28.59640832102249 0
30.49444203455275 0.336991796680927 0
30.49431473805316 -0.3395668943937938 0
25.44598322722176 16.81185471734292 0
25.44598322722182 -16.81185471734288 0
30.49119024342915 0.9640147381932199 0
30.49119024342918 -0.9640147381934936 0
-24.78408274223215 17.76855788688356 0
-24.78408274223283 -17.76855788688282 0
24.02529135541427 -18.79124613125877 0
24.02529135541426 18.7912461312588 0
-30.49402872266255 -0.3038084623746495 0
-30.49399855184287 0.3044120766559252 0
-24.42121925664558 -18.26256979369147 0
-24.42121925664365 18.26256979369287 0
-8.914471195472361 -29.16121622681383 0
-8.91447119547092 29.16121622681381 0
8.281616687586332 29.3529274599435 0
8.281616687585558 -29.35292745994376 0
10.03264037097477 -28.79551105959929 0
10.03264037097576 28.79551105959871 0
25.10532466638242 17.30613004981526 0
25.10532466638251 -17.30613004981486 0
30.45285503075723 1.590442266894437 0
30.45285503075725 -1.590442266894724 0
-10.65674600808866 28.57658436449799 0
-10.65674600808908 -28.57658436449788 0
-25.47915205290981 16.76374146654655 0
-25.47915205291016 -16.76374146654618 0
23.63085686659967 19.27243239342412 0
23.63085686659963 -19.27243239342415 0
-30.46129772995603 -1.524391597249349 0
-30.46129772995607 1.524391597249877 0
7.682101131835083 29.50924406920053 0
7.682101131834187 -29.50924406920073 0
-23.67842345904038 -19.22379492079847 0
-23.67842345904005 19.22379492079899 0
-11.23295411449689 28.3482312901622 0
-11.23295411449742 -28.34823129016195 0
-7.71006988962356 -29.4908498128874 0
-7.710069889621898 29.49084981288743 0
11.17066273869005 -28.38107228147 0
11.17066273869067 28.38107228146979 0
-25.80923997547394 16.2381811750356 0
-25.8092399754743 -16.23818117503486 0
30.29892968705145 3.42516237922171 0
30.29892968705145 -3.425162379222139 0
-30.37673133896731 -2.74367990937337 0
-30.3767313389673 2.743679909373908 0
-26.13270809258021 15.70813433021281 0
-26.13270809258056 -15.7081343302118 0
-22.89011802767305 -20.15742030765644 0
-22.89011802767272 20.15742030765689 0
-11.80676183639021 28.11199997949759 0
-11.80676183639081 -28.11199997949724 0
-6.501144550160062 -29.77129684755517 0
-6.501144550158481 29.77129684755518 0
7.079953243209404 29.65770202740987 0
7.079953243208416 -29.65770202741001 0
12.31722065944874 -27.88951665740818 0
12.31722065944941 27.88951665740783 0
23.2324972882973 19.74791565712867 0
23.23249728829718 -19.74791565712879 0
22.42410337482789 -20.66166252474379 0
22.424103374828 20.66166252474368 0
26.41319509960693 15.22720850721691 0
26.41319509960718 -15.22720850721642 0
30.41172121897922 -2.209960809295985 0
30.41172121897918 2.20996080929568 0
25.7784565244082 16.30184462389547 0
25.77845652440831 -16.30184462389547 0
-30.42203407602732 -2.135323364125925 0
-30.4220340760273 2.135323364126539 0
5.888288283231947 29.91756659234521 0
5.888288283231108 -29.91756659234531 0
-12.9216043032141 27.61798451648206 0
-12.92160430321461 -27.61798451648176 0
-23.28579749892487 -19.69349726987198 0
-23.28579749892446 19.69349726987248 0
-26.74041538826922 14.65126204297889 0
-26.74041538826956 -14.65126204297802 0
-30.23083603010303 -3.974220321702866 0
-30.23083603010278 3.974220321703775 0
11.74081759526119 -28.14418138219406 0
11.74081759526181 28.1441813821938 0
-22.04481336089101 -21.06449138232211 0
-22.04481336089039 21.06449138232262 0
26.09858610508056 15.77354964783892 0
26.09858610508073 -15.77354964783865 0
-5.891937486569296 -29.89498376760215 0
-5.891937486567622 29.89498376760214 0
-7.113146627654028 -29.63749156500385 0
-7.113146627652537 29.63749156500391 0
12.90702056239918 -27.60033317964862 0
12.90702056240008 27.60033317964809 0
26.71866085168243 14.64334462420103 0
26.71866085168275 -14.64334462420014 0
29.99476148902129 5.309322599135358 0
29.99476148902123 -5.309322599135922 0
21.06438734731291 22.00313722957706 0
21.06438734731246 -22.00313722957744 0
3.997180831529427 30.19673393722647 0
3.997180831527983 -30.19673393722647 0
-14.56375963969744 26.78353210002928 0
-14.56375963969782 -26.78353210002899 0
-27.57238485833853 13.00798251708298 0
-27.57238485833874 -13.00798251708217 0
-29.93136493033332 -5.79144275188635 0
-29.93136493033299 5.791442751887176 0
-20.72978940039791 -22.35366927310017 0
-20.72978940039742 22.35366927310047 0
30.19112860246473 4.088087790926936 0
30.19112860246483 -4.088087790927236 0
-3.52184342171129 -30.28185069121119 0
-3.521843421710279 30.2818506912112 0
15.04603752698403 26.51402786784814 0
15.04603752698328 -26.51402786784858 0
21.94381650096542 21.13374279969204 0
21.9438165009651 -21.13374279969234 0
27.28088705027213 -13.59411037470376 0
27.28088705027194 13.59411037470438 0
27.80230989968642 12.50566000830935 0
27.80230989968651 -12.50566000830895 0
13.98187591668608 27.08461970957859 0
13.98187591668541 -27.08461970957891 0
-5.286537530532335 -30.00560861173755 0
-5.286537530530625 30.00560861173752 0
5.235451986802237 30.01823201877681 0
5.235451986801034 -30.01823201877685 0
-4.718164380474243 -30.11364296946544 0
-4.718164380473055 30.11364296946546 0
-21.60249354980645 -21.50821374963616 0
-21.60249354980579 21.50821374963664 0
-13.48293089071906 27.34126910546921 0
-13.48293089071956 -27.34126910546883 0
13.43346676726645 -27.36278566041246 0
13.43346676726714 27.36278566041209 0
-30.13623760308801 -4.593362854069178 0
-30.13623760308763 4.59336285407015 0
4.612215013568568 30.11400921239279 0
4.612215013567161 -30.11400921239284 0
21.51239300569504 21.57274654426825 0
21.5123930056946 -21.57274654426847 0
-27.02985604853958 14.09608974989213 0
-27.02985604853984 -14.09608974989116 0
30.10228876884298 -4.696768090254485 0
30.10228876884301 4.696768090253858 0
27.00288901666676 14.14230693649257 0
27.00288901666697 -14.14230693649201 0
19.77831040558715 23.21451151577748 0
19.77831040558653 -23.21451151577806 0
29.67174271722382 -7.047903521249257 0
29.67174271722395 7.047903521248708 0
2.245548645599349 30.41484266468271 0
2.245548645598353 -30.41484266468279 0
-16.15471813339906 25.86774924905055 0
-16.15471813339946 -25.86774924905032 0
-28.3155504799874 11.32940374210126 0
-28.31555047998781 -11.32940374210049 0
-29.53987944920161 -7.584980495758944 0
-29.53987944920149 7.584980495759774 0
-19.3547085378264 -23.5699498546489 0
-19.35470853782609 23.56994985464922 0
29.87727423065753 -5.923932172581463 0
29.87727423065758 5.923932172580751 0
20.60595516883926 22.42983185315639 0
20.60595516883847 -22.42983185315695 0
-1.693834073471575 -30.45142580871351 0
-1.693834073470575 30.45142580871362 0
29.36172071518297 -8.235676529304881 0
29.36172071518308 8.235676529304568 0
3.374733540722352 30.27001863927379 0
3.374733540720931 -30.27001863927378 0
-15.14481355452784 26.43371778333767 0
-15.14481355452847 -26.4337177833372 0
16.62148257558092 -25.57139219558975 0
16.62148257558171 25.57139219558929 0
18.8265447529251 23.98977297427393 0
18.82654475292438 -23.98977297427456 0
-27.83503351613954 12.38098731285223 0
-27.83503351614002 -12.38098731285077 0
-29.77241985481027 -6.453933352828988 0
-29.77241985480976 6.453933352830539 0
28.51712467227561 10.81457306327856 0
28.51712467227563 -10.81457306327865 0
1.019601978323556 30.47818744120007 0
1.019601978322491 -30.47818744120015 0
-20.20900449233926 -22.79517056150574 0
-20.20900449233851 22.79517056150628 0
18.31050410629758 24.36197866973368 0
18.31050410629676 -24.3619786697343 0
29.16563007921109 -8.840651035102118 0
29.16563007921114 8.840651035101914 0
-28.74641832854048 -10.17975690169444 0
-28.74641832854009 10.17975690169518 0
0.3830701604094839 30.47332876955908 0
0.3830701604083427 -30.47332876955908 0
-17.18140033635486 25.19466200372519 0
-17.18140033635531 -25.19466200372488 0
-29.20843405735721 8.767233627508856 0
-29.20843405735734 -8.767233627508027 0
28.05563856639131 -11.86726743824574 0
28.05563856639113 11.86726743824634 0
-18.38884244622835 -24.3281923765488 0
-18.38884244622798 24.32819237654918 0
-17.78739919573777 -24.76658976457822 0
-17.78739919573709 24.76658976457877 0
-2.839425138008307 -30.3304436810797 0
-2.839425138006701 30.33044368107968 0
-0.635164528618855 -30.54160074794851 0
-0.6351645286185982 30.54160074794856 0
15.62646810462541 26.14932527636631 0
15.62646810462451 -26.14932527636689 0
-28.98254112168697 -9.475575516166794 0
-28.98254112168656 9.475575516168012 0
17.5268122934844 25.02000000915493 0
17.52681229348388 -25.02000000915527 0
28.92083949085597 -9.837117031012058 0
28.92083949085617 9.837117031011484 0
29.79961589317519 -6.450465434706408 0
29.79961589317533 6.45046543470566 0
20.23406347999693 22.80796452064713 0
20.23406347999628 -22.80796452064768 0
28.2863568642344 -11.3822424320449 0
28.28635686423437 11.38224243204498 0
16.09990397759231 25.89340436962714 0
16.09990397759152 -25.89340436962763 0
2.853179369353663 30.35581015709511 0
2.853179369352682 -30.35581015709517 0
-2.305098753268096 30.40335464901191 0
-2.305098753269155 -30.40335464901185 0
-15.62721267618677 26.18163944142659 0
-15.62721267618713 -26.18163944142636 0
-19.81980631525442 -23.17013336754017 0
-19.81980631525411 23.17013336754042 0
-28.0751997768512 11.89404198825799 0
-28.07519977685152 -11.89404198825721 0
-29.67923359296629 -6.987519842775104 0
-29.67923359296608 6.987519842775937 0
30.36443104205455 -2.811011855959114 0
30.36443104205457 2.81101185595867 0
22.8397695953059 -20.20492045017883 0
22.83976959530596 20.20492045017876 0
6.493450092813735 29.79468061833757 0
6.493450092812936 -29.79468061833772 0
-12.3608089834834 27.8763844737101 0
-12.36080898348385 -27.87638447370987 0
-26.44067697628721 15.19103783351094 0
-26.44067697628754 -15.19103783351025 0
-30.30994881619499 -3.358503144966717 0
-30.30994881619489 3.358503144967399 0
-22.47258242389938 -20.61441943758474 0
-22.47258242389893 20.61441943758521 0
-14.00493184902993 27.07976895735559 0
-14.00493184903016 -27.07976895735504 0
-27.29572320602875 13.5770510439244 0
-27.29572320602842 -13.57705104392348 0
-30.04362383483492 -5.168457362635722 0
-30.04362383483401 5.168457362636341 0
-21.18803042866195 -21.91658511948138 0
-21.18803042866121 21.91658511948143 0
-4.149910142934344 -30.19904459608384 0
-4.149910142933458 30.1990445960835 0
14.48975121314796 -26.81759858663251 0
14.48975121314852 26.81759858663213 0
27.53586934641055 13.07711758880839 0
27.53586934641044 -13.07711758880784 0
29.52517973060263 -7.631393697193995 0
29.52517973060275 7.631393697193517 0
19.3152810136495 23.59867347003715 0
19.31528101364881 -23.59867347003774 0
1.644955463725999 30.45118605288159 0
1.644955463724996 -30.45118605288165 0
-16.6607834905689 25.54216362981858 0
-16.66078349056923 -25.54216362981838 0
-28.53146705722552 10.76766145578001 0
-28.53146705722581 -10.76766145577934 0
-29.38214421375119 -8.165792452620384 0
-29.38214421375102 8.165792452621087 0
-18.88425225416688 -23.94533596537649 0
-18.88425225416658 23.94533596537675 0
-1.120601250633997 -30.48443389677088 0
-1.1206012506332 30.48443389677092 0
17.10303609175659 -25.25952993449431 0
17.10303609175739 25.25952993449378 0
28.7211293265513 10.27887579594727 0
28.72112932655122 -10.27887579594749 0
28.98036204554189 -9.371769268765664 0
28.98036204554183 9.371769268765339 0
17.84732039365457 24.68011430427561 0
17.84732039365371 -24.68011430427613 0
-0.1779805915502096 30.45562957583416 0
-0.1779805915510967 -30.45562957583395 0
2 4 0 84
3330
3331
3332
3333
3334
3335
3336
3337
3338
3339
3340
3341
3342
3343
3344
3345
3346
3347
3348
3349
3350
3351
3352
3353
3354
3355
3356
3357
3358
3359
3360
3361
3362
3363
3364
3365
3366
3367
3368
3369
3370
3371
3372
3373
3374
3375
3376
3377
3378
3379
3380
3381
3382
3383
3384
3385
3386
3387
3388
3389
3390
3391
3392
3393
3394
3395
3396
3397
3398
3399
3400
3401
3402
3403
3404
3405
3406
3407
3408
3409
3410
3411
3412
3413
32.27052511404337 -4.221389296431639 0
36.70266023832974 -1.08183684033405 0
32.02258002728922 -5.926204813177555 0
34.50412500748914 -8.323046265067623 0
34.4767538493748 -0.7564006114558968 0
38.91585735955493 -8.813343440533201 0
32.38690485425666 -2.593401203900942 0
43.16844100544792 -9.455120982162436 0
39.72073240368401 -1.441997330663944 0
31.74553973420396 -7.083888183506495 0
43.77702694576944 -1.960733661295563 0
32.46690212127032 -1.414242613391314 0
32.60815819987143 -8.081331276791897 0
48.20683740881563 -7.713217668452711 0
32.87464430236353 -0.4990127151583574 0
31.68689204134052 -7.834829063597144 0
37.09599006970991 -8.358471110702236 0
38.42136912011525 -7.13134199521897 0
36.73548148966263 -6.706997602878934 0
37.93483353934639 -5.524409147922491 0
36.42007090469276 -5.045943543986043 0
39.41230815901337 -5.952349480653968 0
37.47594516516576 -4.002139589788677 0
36.0259713777557 -3.64398725167872 0
35.07761004519298 -4.592684379604383 0
34.79070115265856 -3.406779200008866 0
33.97035588220344 -4.23463473884338 0
34.21486483025662 -5.29142709985596 0
33.74391566159921 -3.235354503578441 0
34.34824822647129 -2.453322397301544 0
33.33360219040279 -4.915282703708204 0
33.44640376615502 -5.903889517463187 0
34.31121507848389 -6.454665858106577 0
33.49965242553166 -6.771566917915983 0
33.46249270346817 -2.387721775023607 0
33.02858788604912 -4.002449471840406 0
32.6730116348176 -6.42041263412928 0
37.08440167572136 -2.510117764733059 0
35.66724218030466 -2.270270497919978 0
38.579760862584 -2.775930181663409 0
33.46920323682907 -8.208513856349981 0
35.68864504358033 -8.485487357912286 0
35.27086665919594 -7.282861584123967 0
40.86888693544031 -9.095398558179264 0
42.23890273604837 -7.123705692085511 0
44.99898323504915 -7.40229801095525 0
43.86498014322085 -4.839681946939915 0
46.63603363862322 -5.260713631750542 0
42.04423957255461 -3.262029348917042 0
33.58917886253773 -0.6302497123773528 0
33.81539320341104 -1.533028403340967 0
35.46822321713738 -0.8263645768774991 0
38.07211971903235 -1.301647019565743 0
46.77749507127364 -2.235633847040775 0
32.62135726159175 -5.417941026056601 0
32.88741207633034 -3.103124277674563 0
35.33835150124747 -5.89576334475931 0
34.75517213533983 -1.567877297379177 0
32.04673298289887 -5.362748048054862 0
31.83033961959639 -6.475874865726636 0
32.43171478303343 -1.983688121310404 0
32.35093112464399 -3.614182174562232 0
32.15579303167421 -4.842888543236087 0
32.25573755168639 -7.474542945944973 0
45.91866756236846 -9.946371902985408 0
33.00000046229669 -1.794031071025554 0
39.07699061835387 -4.398121339186921 0
32.28485061903901 -3.095907033606481 0
32.45846219558322 -0.8500607926235862 0
32.9734386495608 -7.339408468271672 0
49.18140783730727 -4.322139929650534 0
32.70152846772054 -4.595871822548352 0
40.1595092268736 -7.548519136076124 0
40.99435102270908 -5.189047756736197 0
33.03409685791042 -1.120104217986188 0
41.74318312592666 -1.499887311726479 0
40.26370505225429 -3.145649219716568 0
34.02146180952344 -7.44496946658587 0
32.28117148578413 -6.928815702363855 0
48.41221838606338 -10.55160323868354 0
32.85029904484497 -2.330040344346538 0
32.38009262854388 -0.3815306531820845 0
50.23021837838409 -1.644367118086727 0
36.21191442805535 -7.684160089012896 0
2 5 0 84
3414
3415
3416
3417
3418
3419
3420
3421
3422
3423
3424
3425
3426
3427
3428
3429
3430
3431
3432
3433
3434
3435
3436
3437
3438
3439
3440
3441
3442
3443
3444
3445
3446
3447
3448
3449
3450
3451
3452
3453
3454
3455
3456
3457
3458
3459
3460
3461
3462
3463
3464
3465
3466
3467
3468
3469
3470
3471
3472
3473
3474
3475
3476
3477
3478
3479
3480
3481
3482
3483
3484
3485
3486
3487
3488
3489
3490
3491
3492
3493
3494
3495
3496
3497
12.4794321870474 -30.0577891904411 0
17.41443193268608 -32.32635457302629 0
10.87904609740219 -30.69547020494177 0
10.04409300132354 -34.04297192437222 0
16.58331477972884 -30.23594497930733 0
11.8253493680035 -38.1087928036899 0
13.9475011023444 -29.3445829556858 0
13.39584553632468 -42.1125270435646 0
18.61155988129961 -35.12016198384125 0
9.737942742615331 -31.03438795842267 0
20.19046831215167 -38.89238426783514 0
15.00868103032443 -28.82428332589845 0
9.305440917835408 -32.28015901010603 0
17.42357625861382 -45.60495466636093 0
16.00516446304366 -28.71978346380191 0
9.05828501728489 -31.35906800657478 0
11.30934671619154 -36.30530533425282 0
13.03476122912652 -36.83955270380429 0
12.55931043761873 -35.16735899173707 0
14.183138106675 -35.61473410736429 0
13.84012015719293 -34.06367838308349 0
14.55126821706069 -37.10823482780778 0
15.27201802833468 -34.45619033875496 0
14.85720015785651 -33.02140003498243 0
13.56142367829456 -32.67444359298044 0
14.44499324403539 -31.8330206136759 0
13.31787668151392 -31.53650853900583 0
12.52492212437923 -32.27665567997904 0
14.07005864044999 -30.84076543789142 0
15.04948459349626 -30.97311673826532 0
12.41004140700689 -31.32538764838641 0
11.6102835798174 -31.91738008545261 0
11.56570293318164 -32.94171682173045 0
10.88547723842396 -32.39733347741655 0
14.66341863739309 -30.17322964266471 0
13.04807102304577 -30.60482089636467 0
10.77626537347349 -31.50586441096112 0
16.3683750871109 -33.37109281768265 0
15.86750916548948 -32.02387306003154 0
16.88585437484094 -34.79901806975288 0
9.625820091498683 -33.08943717569253 0
10.49567490634848 -35.15001691334074 0
11.3282901855018 -34.18689733241708 0
12.55759725879903 -39.94119358957132 0
14.95014126960084 -40.14181564343486 0
16.088913493662 -42.67141163149359 0
17.74120255932971 -40.4080281139913 0
18.76210517218907 -43.01834667865837 0
18.19711950223076 -38.04239422708407 0
16.24877716962276 -29.40420704340358 0
15.58005505968898 -30.05150375478285 0
17.01845889220566 -31.12956462157377 0
17.90880047381278 -33.62224636238323 0
21.45263183054205 -41.62831598064136 0
11.61860406602411 -30.95989460749458 0
13.75632158259651 -30.03289646166511 0
12.56329491936148 -33.55179180032125 0
16.01976449812185 -30.88280063079216 0
11.37909044773759 -30.43465889551508 0
14.49793308527699 -29.07853295105373 0
10.30689766434836 -30.80382015452075 0
11.88383200969719 -30.26917791588263 0
13.04549198524535 -29.82381927730318 0
9.654724702974882 -31.67155961053628 0
14.3455230377223 -44.73991856843097 0
14.94632374846167 -29.4758542607591 0
15.7296105005168 -36.04072724852788 0
13.46129117066078 -29.50745431027656 0
15.49305685661872 -28.5348832254627 0
10.1306051425056 -32.22553975478277 0
20.84762094086821 -44.75341854581291 0
12.37062248299525 -30.61829030689967 0
13.5425452806469 -38.55341476202163 0
16.00332833257512 -38.09667327568476 0
15.54700972129337 -29.1684191790181 0
19.57265104819828 -36.90060067773675 0
17.40764039046164 -36.44221603558848 0
10.56319821629869 -33.18593493422112 0
10.1400553265031 -31.42072242179323 0
15.06815273768121 -47.20201259521804 0
14.40727539237491 -29.61421366692323 0
15.85963107629409 -28.23274811980188 0
23.69104549178005 -44.32282871236148 0
11.45127937019804 -35.20251785886817 0
2 6 0 84
3498
3499
3500
3501
3502
3503
3504
3505
3506
3507
3508
3509
3510
3511
3512
3513
3514
3515
3516
3517
3518
3519
3520
3521
3522
3523
3524
3525
3526
3527
3528
3529
3530
3531
3532
3533
3534
3535
3536
3537
3538
3539
3540
3541
3542
3543
3544
3545
3546
3547
3548
3549
3550
3551
3552
3553
3554
3555
3556
3557
3558
3559
3560
3561
3562
3563
3564
3565
3566
3567
3568
3569
3570
3571
3572
3573
3574
3575
3576
3577
3578
3579
3580
3581
-19.79109292699551 -25.83639989400826 0
-19.28822830564406 -31.24451773269188 0
-21.14353392988581 -24.76926539176317 0
-24.46003200616147 -25.71992565930084 0
-17.89343906964639 -29.47954436785079 0
-27.09050799154948 -29.29544936315635 0
-18.43940375191224 -26.75118175178397 0
-29.77259546912405 -32.6574060614067 0
-21.10917252238489 -33.67816465317836 0
-22.00759699158777 -23.95049977491383 0
-23.58655863362007 -36.93165060654177 0
-17.45822109094722 -27.41004071250683 0
-23.30271728203136 -24.19882773330979 0
-30.78326115020174 -37.89173699791236 0
-16.86947983932059 -28.22077074864346 0
-22.62860702405456 -23.5242389429744 0
-25.78664335351537 -27.94683422354913 0
-25.38660789098581 -29.7082107085848 0
-24.1761710520404 -28.46036138885746 0
-23.75169543266779 -30.09032495944141 0
-22.57995074749609 -29.01773483909675 0
-24.86103994194944 -31.15588534715415 0
-22.20392713682699 -30.45405074896587 0
-21.16877121989502 -29.37741278330287 0
-21.51618636689462 -28.081759213375 0
-20.34570790861904 -28.42624141366575 0
-20.65247920068585 -27.30187380016107 0
-21.68994270587384 -26.9852285801218 0
-19.67385702114555 -27.6054109343114 0
-19.29876363297065 -28.51979434096219 0
-20.92356078339289 -26.41010494467675 0
-21.83612018633444 -26.01349056798821 0
-22.7455121452985 -26.4870509636217 0
-22.6141751871041 -25.62576655949845 0
-18.79907406607332 -27.78550786764006 0
-19.98051686300123 -26.60237142452278 0
-21.89674626134196 -25.08545177683034 0
-20.71602658860786 -30.8609750529491 0
-19.79973301481152 -29.75360256211043 0
-21.69390648774158 -32.02308788808992 0
-23.84338314532589 -24.88092331933823 0
-25.19297013722821 -26.66452955542581 0
-23.94257647369018 -26.90403574829054 0
-28.3112896766407 -30.84579503139349 0
-27.28876146644635 -33.01810995135286 0
-28.91006974138653 -35.26911362054341 0
-26.12377758388891 -35.5683461670554 0
-27.87392846643055 -37.75763304691412 0
-23.84712007032426 -34.78036487817183 0
-17.34040169291547 -28.7739573310262 0
-18.2353381437219 -28.51847535144087 0
-18.44976432493225 -30.30320004469604 0
-20.16331924521959 -32.32059934281759 0
-25.32486324073696 -39.3926821335996 0
-21.00275319556609 -25.5419535814366 0
-19.1310904937315 -26.92977218398893 0
-22.77505658188227 -27.65602845556053 0
-18.73540763721654 -29.31492333341207 0
-20.66764253516116 -25.07191084745904 0
-21.52344195524749 -24.32794528879266 0
-17.93378169775794 -27.09484482974268 0
-19.30543913939811 -26.20963710273983 0
-20.27196102197644 -25.42628937264526 0
-22.60101284870865 -24.19701666458555 0
-31.57314452464946 -34.79354666545338 0
-18.05367671383531 -27.68182318973297 0
-23.34738011783375 -31.64260590934143 0
-18.82355944837824 -26.41154727666913 0
-16.96540533896507 -27.6848224328387 0
-22.84283350705203 -24.88613128650767 0
-28.33378689644146 -40.43127861616399 0
-20.33090598472377 -26.02241848434929 0
-26.61696394622453 -31.00489562594524 0
-24.99102269013228 -32.90762551895084 0
-17.48708713661759 -28.0483149610315 0
-22.17053207772994 -35.40071336601322 0
-22.85606466179224 -33.29656681587442 0
-23.4582635932206 -25.74096546763169 0
-22.14111615927976 -24.49190671942697 0
-33.34406564837614 -36.65040935654431 0
-18.44302365246924 -27.28417332257587 0
-16.52046155225057 -27.85121746661997 0
-26.53917288660399 -42.67846159427804 0
-24.76063505785364 -27.51835776985351 0
2 7 0 84
3582
3583
3584
3585
3586
3587
3588
3589
3590
3591
3592
3593
3594
3595
3596
3597
3598
3599
3600
3601
3602
3603
3604
3605
3606
3607
3608
3609
3610
3611
3612
3613
3614
3615
3616
3617
3618
3619
3620
3621
3622
3623
3624
3625
3626
3627
3628
3629
3630
3631
3632
3633
3634
3635
3636
3637
3638
3639
3640
3641
3642
3643
3644
3645
3646
3647
3648
3649
3650
3651
3652
3653
3654
3655
3656
3657
3658
3659
3660
3661
3662
3663
3664
3665
-32.27052511404339 4.221389296431739 0
-36.70266023832968 1.081836840334104 0
-32.02258002728918 5.926204813177703 0
-34.50412500748914 8.32304626506766 0
-34.47675384937484 0.7564006114559473 0
-38.91585735955491 8.813343440533226 0
-32.38690485425656 2.593401203901034 0
-43.16844100544792 9.455120982162438 0
-39.72073240368391 1.441997330663977 0
-31.74553973420391 7.083888183506473 0
-43.77702694576943 1.960733661295537 0
-32.46690212127035 1.414242613391329 0
-32.60815819987143 8.081331276791895 0
-48.20683740881559 7.713217668452693 0
-32.87464430236356 0.4990127151583729 0
-31.68689204134053 7.83482906359714 0
-37.09599006970984 8.358471110702261 0
-38.42136912011513 7.131341995218991 0
-36.7354814896625 6.706997602879086 0
-37.93483353934614 5.52440914792257 0
-36.42007090469254 5.045943543986215 0
-39.41230815901319 5.952349480653975 0
-37.47594516516542 4.002139589788835 0
-36.02597137775539 3.643987251678973 0
-35.07761004519277 4.592684379604653 0
-34.79070115265828 3.406779200009213 0
-33.97035588220326 4.234634738843757 0
-34.2148648302565 5.291427099856244 0
-33.74391566159897 3.235354503578879 0
-34.34824822647099 2.453322397301973 0
-33.33360219040272 4.915282703708522 0
-33.44640376615497 5.903889517463534 0
-34.31121507848385 6.454665858106799 0
-33.49965242553157 6.771566917916275 0
-33.46249270346797 2.387721775023838 0
-33.02858788604899 4.002449471840666 0
-32.67301163481751 6.420412634129434 0
-37.08440167572111 2.510117764733229 0
-35.66724218030435 2.270270497920266 0
-38.57976086258377 2.775930181663483 0
-33.46920323682908 8.208513856349995 0
-35.68864504358029 8.48548735791228 0
-35.27086665919587 7.282861584124039 0
-40.86888693544029 9.095398558179264 0
-42.23890273604827 7.12370569208555 0
-44.99898323504906 7.402298010955213 0
-43.86498014322068 4.839681946939892 0
-46.636033638623 5.260713631750378 0
-42.04423957255458 3.262029348916969 0
-33.58917886253777 0.630249712377339 0
-33.81539320341102 1.533028403341134 0
-35.46822321713733 0.8263645768775669 0
-38.07211971903225 1.301647019565803 0
-46.77749507127367 2.235633847040764 0
-32.62135726159173 5.417941026056745 0
-32.88741207632998 3.103124277674968 0
-35.33835150124734 5.895763344759506 0
-34.75517213533971 1.567877297379378 0
-32.04673298289889 5.36274804805486 0
-31.83033961959637 6.475874865726635 0
-32.43171478303344 1.983688121310407 0
-32.15579303167423 4.842888543236135 0
-32.35093112464391 3.614182174562362 0
-32.25573755168639 7.474542945944959 0
-45.91866756236851 9.94637190298535 0
-33.00000046229665 1.794031071025638 0
-39.07699061835354 4.398121339186962 0
-32.28485061903894 3.095907033606572 0
-32.45846219558329 0.8500607926235817 0
-32.97343864956074 7.339408468271758 0
-49.18140783730723 4.322139929650546 0
-32.70152846772057 4.595871822548378 0
-40.15950922687361 7.548519136076068 0
-40.99435102270895 5.189047756736184 0
-33.03409685791043 1.120104217986232 0
-41.74318312592666 1.499887311726442 0
-40.26370505225412 3.145649219716559 0
-34.02146180952341 7.444969466586026 0
-32.28117148578401 6.928815702363861 0
-48.41221838606338 10.55160323868358 0
-32.85029904484487 2.3300403443466 0
-32.38009262854391 0.3815306531820905 0
-50.23021837838404 1.644367118086735 0
-36.21191442805524 7.684160089012937 0
2 8 0 84
3666
3667
3668
3669
3670
3671
3672
3673
3674
3675
3676
3677
3678
3679
3680
3681
3682
3683
3684
3685
3686
3687
3688
3689
3690
3691
3692
3693
3694
3695
3696
3697
3698
3699
3700
3701
3702
3703
3704
3705
3706
3707
3708
3709
3710
3711
3712
3713
3714
3715
3716
3717
3718
3719
3720
3721
3722
3723
3724
3725
3726
3727
3728
3729
3730
3731
3732
3733
3734
3735
3736
3737
3738
3739
3740
3741
3742
3743
3744
3745
3746
3747
3748
3749
19.79109292699552 25.83639989400824 0
19.28822830564407 31.24451773269184 0
21.14353392988588 24.76926539176311 0
24.46003200616147 25.71992565930084 0
17.89343906964642 29.47954436785079 0
27.09050799154947 29.29544936315634 0
18.43940375191224 26.75118175178397 0
29.77259546912405 32.65740606140671 0
21.10917252238478 33.67816465317833 0
22.00759699158773 23.95049977491383 0
23.58655863362003 36.93165060654179 0
17.45822109094722 27.41004071250682 0
23.30271728203136 24.19882773330979 0
30.78326115020172 37.89173699791236 0
16.86947983932061 28.22077074864342 0
22.62860702405454 23.5242389429744 0
25.78664335351536 27.94683422354909 0
25.38660789098578 29.70821070858474 0
24.17617105204042 28.46036138885735 0
23.75169543266776 30.09032495944129 0
22.57995074749612 29.01773483909655 0
24.8610399419494 31.1558853471541 0
22.20392713682694 30.45405074896565 0
21.16877121989506 29.37741278330259 0
21.51618636689469 28.08175921337477 0
20.34570790861914 28.4262414136655 0
20.65247920068594 27.30187380016086 0
21.68994270587394 26.98522858012161 0
19.67385702114565 27.60541093431123 0
19.2987636329708 28.51979434096198 0
20.92356078339299 26.41010494467663 0
21.83612018633458 26.01349056798807 0
22.7455121452986 26.48705096362159 0
22.61417518710423 25.62576655949835 0
18.79907406607333 27.78550786763999 0
19.98051686300128 26.60237142452268 0
21.89674626134202 25.08545177683026 0
20.71602658860786 30.8609750529489 0
19.79973301481166 29.75360256211013 0
21.69390648774147 32.02308788808985 0
23.84338314532584 24.88092331933827 0
25.1929701372282 26.66452955542581 0
23.9425764736902 26.90403574829048 0
28.31128967664069 30.84579503139349 0
27.28876146644633 33.01810995135283 0
28.91006974138649 35.2691136205434 0
26.12377758388886 35.56834616705536 0
27.87392846643048 37.75763304691409 0
23.84712007032416 34.78036487817184 0
17.34040169291548 28.77395733102616 0
18.23533814372195 28.51847535144081 0
18.44976432493225 30.30320004469603 0
20.16331924521955 32.32059934281754 0
25.32486324073695 39.39268213359966 0
21.00275319556614 25.54195358143655 0
19.13109049373152 26.92977218398886 0
22.77505658188233 27.65602845556039 0
18.73540763721662 29.31492333341195 0
20.66764253516116 25.07191084745901 0
21.52344195524748 24.32794528879267 0
17.93378169775789 27.09484482974281 0
20.27196102197645 25.42628937264525 0
19.30543913939814 26.20963710273979 0
22.60101284870868 24.1970166645856 0
31.57314452464943 34.79354666545343 0
18.0536767138353 27.68182318973292 0
23.34738011783367 31.64260590934136 0
18.82355944837826 26.41154727666911 0
16.96540533896514 27.6848224328387 0
22.84283350705203 24.88613128650764 0
28.33378689644146 40.43127861616399 0
20.33090598472378 26.02241848434934 0
26.6169639462245 31.00489562594526 0
24.99102269013217 32.90762551895082 0
17.48708713661761 28.04831496103147 0
22.17053207772986 35.40071336601322 0
22.85606466179199 33.29656681587442 0
23.45826359322065 25.74096546763165 0
22.1411161592797 24.49190671942694 0
33.34406564837612 36.65040935654432 0
18.44302365246918 27.28417332257584 0
16.52046155225059 27.85121746661996 0
26.53917288660396 42.6784615942781 0
24.76063505785362 27.51835776985346 0
2 9 0 84
3750
3751
3752
3753
3754
3755
3756
3757
3758
3759
3760
3761
3762
3763
3764
3765
3766
3767
3768
3769
3770
3771
3772
3773
3774
3775
3776
3777
3778
3779
3780
3781
3782
3783
3784
3785
3786
3787
3788
3789
3790
3791
3792
3793
3794
3795
3796
3797
3798
3799
3800
3801
3802
3803
3804
3805
3806
3807
3808
3809
3810
3811
3812
3813
3814
3815
3816
3817
3818
3819
3820
3821
3822
3823
3824
3825
3826
3827
3828
3829
3830
3831
3832
3833
-12.4794321870474 30.05778919044113 0
-17.41443193268607 32.32635457302629 0
-10.87904609740223 30.69547020494172 0
-10.04409300132355 34.04297192437222 0
-16.58331477972886 30.23594497930734 0
-11.82534936800345 38.10879280368989 0
-13.94750110234434 29.34458295568578 0
-13.39584553632468 42.1125270435646 0
-18.61155988129955 35.12016198384128 0
-9.737942742615338 31.03438795842267 0
-20.19046831215168 38.89238426783513 0
-15.00868103032444 28.82428332589844 0
-9.305440917835407 32.28015901010604 0
-17.42357625861382 45.60495466636089 0
-16.00516446304368 28.71978346380192 0
-9.058285017284884 31.35906800657479 0
-11.3093467161915 36.30530533425279 0
-13.03476122912642 36.83955270380423 0
-12.55931043761859 35.16735899173703 0
-14.18313810667487 35.61473410736424 0
-13.84012015719281 34.06367838308345 0
-14.55126821706057 37.10823482780771 0
-15.27201802833453 34.45619033875492 0
-14.85720015785638 33.02140003498241 0
-13.56142367829446 32.67444359298042 0
-14.44499324403525 31.83302061367586 0
-13.31787668151381 31.53650853900582 0
-12.52492212437914 32.276655679979 0
-14.07005864044983 30.84076543789141 0
-15.04948459349611 30.97311673826526 0
-12.41004140700681 31.32538764838642 0
-11.61028357981735 31.91738008545254 0
-11.5657029331816 32.94171682173039 0
-10.88547723842394 32.3973334774165 0
-14.66341863739298 30.17322964266466 0
-13.04807102304571 30.60482089636466 0
-10.77626537347348 31.50586441096108 0
-16.3683750871108 33.37109281768262 0
-15.86750916548933 32.02387306003148 0
-16.88585437484081 34.79901806975288 0
-9.62582009149868 33.08943717569254 0
-10.49567490634849 35.15001691334073 0
-11.32829018550177 34.18689733241704 0
-12.557597258799 39.94119358957131 0
-14.9501412696008 40.14181564343482 0
-16.08891349366199 42.67141163149354 0
-17.74120255932968 40.40802811399123 0
-18.76210517218908 43.01834667865825 0
-18.19711950223077 38.04239422708407 0
-16.24877716962281 29.40420704340358 0
-15.58005505968895 30.05150375478284 0
-17.01845889220573 31.12956462157378 0
-17.90880047381273 33.62224636238323 0
-21.45263183054204 41.62831598064137 0
-11.61860406602409 30.95989460749455 0
-13.75632158259634 30.03289646166505 0
-12.56329491936139 33.55179180032122 0
-16.01976449812179 30.88280063079214 0
-11.3790904477376 30.43465889551501 0
-14.49793308527691 29.07853295105372 0
-10.30689766434846 30.80382015452073 0
-13.04549198524532 29.82381927730318 0
-11.88383200969719 30.26917791588263 0
-9.654724702974876 31.67155961053628 0
-14.34552303772234 44.73991856843094 0
-14.94632374846162 29.47585426075909 0
-15.72961050051662 36.04072724852784 0
-13.46129117066075 29.50745431027655 0
-15.49305685661875 28.53488322546271 0
-10.13060514250558 32.22553975478277 0
-20.84762094086818 44.75341854581291 0
-12.37062248299522 30.61829030689969 0
-13.54254528064676 38.55341476202156 0
-16.00332833257502 38.09667327568475 0
-15.54700972129337 29.16841917901809 0
-19.57265104819827 36.90060067773675 0
-17.40764039046147 36.44221603558855 0
-10.56319821629868 33.18593493422109 0
-10.14005532650309 31.42072242179323 0
-15.0681527376812 47.2020125952179 0
-14.40727539237478 29.6142136669232 0
-15.85963107629427 28.23274811980219 0
-23.69104549178002 44.32282871236153 0
-11.45127937019798 35.20251785886811 0
2 10 0 275
3834
3835
3836
3837
3838
3839
3840
3841
3842
3843
3844
3845
3846
3847
3848
3849
3850
3851
3852
3853
3854
3855
3856
3857
3858
3859
3860
3861
3862
3863
3864
3865
3866
3867
3868
3869
3870
3871
3872
3873
3874
3875
3876
3877
3878
3879
3880
3881
3882
3883
3884
3885
3886
3887
3888
3889
3890
3891
3892
3893
3894
3895
3896
3897
3898
3899
3900
3901
3902
3903
3904
3905
3906
3907
3908
3909
3910
3911
3912
3913
3914
3915
3916
3917
3918
3919
3920
3921
3922
3923
3924
3925
3926
3927
3928
3929
3930
3931
3932
3933
3934
3935
3936
3937
3938
3939
3940
3941
3942
3943
3944
3945
3946
3947
3948
3949
3950
3951
3952
3953
3954
3955
3956
3957
3958
3959
3960
3961
3962
3963
3964
3965
3966
3967
3968
3969
3970
3971
3972
3973
3974
3975
3976
3977
3978
3979
3980
3981
3982
3983
3984
3985
3986
3987
3988
3989
3990
3991
3992
3993
3994
3995
3996
3997
3998
3999
4000
4001
4002
4003
4004
4005
4006
4007
4008
4009
4010
4011
4012
4013
4014
4015
4016
4017
4018
4019
4020
4021
4022
4023
4024
4025
4026
4027
4028
4029
4030
4031
4032
4033
4034
4035
4036
4037
4038
4039
4040
4041
4042
4043
4044
4045
4046
4047
4048
4049
4050
4051
4052
4053
4054
4055
4056
4057
4058
4059
4060
4061
4062
4063
4064
4065
4066
4067
4068
4069
4070
4071
4072
4073
4074
4075
4076
4077
4078
4079
4080
4081
4082
4083
4084
4085
4086
4087
4088
4089
4090
4091
4092
4093
4094
4095
4096
4097
4098
4099
4100
4101
4102
4103
4104
4105
4106
4107
4108
31.68755880502396 7.190291046589596 0
31.09397224423117 9.432427698917834 0
30.30181584546652 11.71464459298779 0
29.47695056232246 13.7312705623826 0
28.37853558658705 15.82602493161666 0
27.283391939948 17.88344099778405 0
32.11975865414202 4.911537881158867 0
25.83419545628428 19.72389546482709 0
39.80936819031989 1.467885503888608 0
29.17288495311602 27.10736596131014 0
32.35144307533741 3.185285342787644 0
24.74395757910805 21.05662464124748 0
35.57311883712855 0.8954911042888229 0
25.68998848365122 24.48382728392487 0
47.56819159229226 12.92805989285825 0
42.19105462420831 23.94885227508227 0
32.6574060614067 29.77259546912405 0
44.23658147307422 2.131131989119046 0
26.52428131015923 18.76870010369681 0
27.73928187574518 16.91145444655591 0
32.4630763096791 1.9742354954653 0
28.98243446679976 14.8167874631129 0
31.92398896926183 6.054770443783683 0
31.41576430442973 8.330601190451709 0
30.67794853961512 10.51062248748586 0
30.0027691551624 12.72856238674265 0
23.98511841143745 22.00714525780964 0
33.64470397302801 0.6367353950653648 0
24.26720396283344 23.1407971458163 0
37.99648967579144 30.1379964060972 0
48.31249770436794 5.618105787967413 0
32.49048200005981 0.9170959814656506 0
23.50564436623533 22.62811768500446 0
27.82148600617283 26.07370901638253 0
29.48170666067064 25.33411771100463 0
30.95397047054712 26.47861801056386 0
31.19209178949813 24.59596945422767 0
29.52415417705134 23.49396353524655 0
31.31409821854794 22.78410718189404 0
29.91063321929291 21.87282351917698 0
31.31279101555363 20.94588538383588 0
32.91211769575819 22.02101778289414 0
32.99178148189873 20.27129456876932 0
31.67543504344856 19.42798926721345 0
32.91856207936294 18.46958684933313 0
34.5241194245574 19.39181960015541 0
34.49084634151175 17.66892935246746 0
33.23755220567396 16.95529730922045 0
34.49538921343953 16.0612670843778 0
35.97465700208873 16.72258882016262 0
35.83016998559572 14.99972336387317 0
34.15575553830148 14.44382901849376 0
35.58502472680939 13.30660324974521 0
37.21422578774033 13.91479701042031 0
36.92079742111176 12.1851909377425 0
35.39016514696563 11.84463167850648 0
36.34825375706242 10.49022426923241 0
38.21280639420483 10.99740995826644 0
37.78047077665833 9.284631902503721 0
36.16832232880072 8.772486661629943 0
37.32668930466306 7.663585474782215 0
38.97686686357161 7.912721447087814 0
35.7761471513228 7.241915608726305 0
36.87620305939914 6.172659025520645 0
35.41451125280985 5.866389818247122 0
36.46833428332944 4.815774756605653 0
34.77953655721477 8.360351847576368 0
35.14398772603424 4.537972730608501 0
32.46948906104068 25.65029296498949 0
28.52419179452408 22.30896375214617 0
28.72784998894018 21.02635122320425 0
37.89899381689301 5.096996373245729 0
27.47779274520731 21.35195546848721 0
34.26911127293349 5.318698825110142 0
34.02928971543199 4.26711855523464 0
34.78602675282927 3.473636178168514 0
27.73010674904961 20.31063794502028 0
28.76894221512435 19.87450217619944 0
27.26789801601737 22.66227757498307 0
26.48817562341761 21.87719342442388 0
37.44020324619237 3.75963086438757 0
27.78402062784364 19.25261723359259 0
28.76415753427158 18.80659123643601 0
33.63311367782477 3.295178952673931 0
34.38985426658647 2.503765617918546 0
35.49748667233057 2.624988456159239 0
39.07168989461338 4.077451396688502 0
33.36755364108027 4.994491983873027 0
33.48851028704883 5.866359154659326 0
33.05452739913191 4.072541601689008 0
29.70028763660635 19.33615195314472 0
29.67471561632882 18.27336488706985 0
28.71492178311883 17.73195089026122 0
29.62864279972581 17.24978031948006 0
30.57128452250578 17.70307743122797 0
30.48152572780006 16.66078422199871 0
29.49488561279741 16.26931002743288 0
30.3712861788891 15.66602480304341 0
31.29909479641044 16.03311295965295 0
31.1821963448682 14.99591886334056 0
32.1690956826996 15.35490984639999 0
32.00124385386406 14.30349582007486 0
30.95454975821927 13.97022515660449 0
31.7887326125833 13.29976773106753 0
39.62516834348913 5.972858841900694 0
40.89953740824736 4.275271499555992 0
41.69180055466206 6.382606139581168 0
34.94433374035809 9.590185580998954 0
33.86792339601401 10.93393923211344 0
33.77689014881333 9.04344915049799 0
33.55327322580099 8.031982880314306 0
32.78891513262892 10.18233638761385 0
32.88745521592917 8.663373142687009 0
34.36515167646061 7.215401382871608 0
32.72437146978411 7.811977429077248 0
27.00438281322105 19.70787699587362 0
26.50768578969681 20.87502235650667 0
25.79247967328554 21.35280409940915 0
25.57089125943954 22.23309771211855 0
33.5118682275061 2.356756810187617 0
30.85476127627578 13.03204930684058 0
31.4774474985675 12.31393654750149 0
32.62511843925357 12.57943189153131 0
32.29356796590327 11.66559253642287 0
31.42054560685565 11.40548565956864 0
33.2318023147898 7.177764381896455 0
34.00338776224869 12.77403904407093 0
28.05341160144055 24.57694775454814 0
27.9532757045346 18.31884893601385 0
30.24228355880831 14.73069009644457 0
34.06063026232054 1.603383516964658 0
33.08825132416412 1.461519427540039 0
26.18574466238263 22.93140153458751 0
25.21883665346733 23.05308832538681 0
43.01891924429635 4.429274883819053 0
43.84587645093381 6.949665448030617 0
42.41465978595303 8.69148976234753 0
44.6439217800031 9.255125672353573 0
42.55344340123583 11.41448067304211 0
30.22704726259338 13.53550805891323 0
32.65531078098834 5.590633604397682 0
28.79679721323111 16.82079527529235 0
32.07247646873098 10.70889290766812 0
38.05696512087533 1.361295798424349 0
24.68816918362295 22.3587132806385 0
40.3837147087434 27.01041797800368 0
38.79844492318536 23.88309406196044 0
40.16598371684789 21.14079847173915 0
37.2972537625898 21.49806122133868 0
38.35506046133366 18.91830407947656 0
41.21160083784475 18.45004974931613 0
39.45620521632036 16.38207672750426 0
42.19570097046117 15.97479584479244 0
36.17302853856958 23.61064235372894 0
37.27823928849293 26.50917013943314 0
44.14765060923961 18.09618017931285 0
40.60501650899551 13.75488845691111 0
29.56439825073114 15.36769876742858 0
26.70814480516804 25.17597361800474 0
34.86224943363568 31.35049719642865 0
34.55405295823921 0.8143186891130506 0
36.74564136330896 1.025909162157075 0
41.68933308733516 2.178161084668103 0
46.95880300810671 2.551881090818046 0
30.51793246079406 12.32299170654738 0
47.82453795399388 9.414820341255634 0
25.8293602063521 20.5273823462044 0
27.30617317327263 18.67926224629229 0
27.86698916875296 17.55923101171691 0
31.37534224311896 17.06102585170357 0
35.03320681070107 28.53066844030799 0
34.88309884749855 21.41892784175811 0
36.1357390452693 18.37487992488168 0
37.46717888022988 15.66080293294357 0
38.67843439550558 12.80947208863114 0
39.54340471397996 9.626927699394587 0
32.40313585380719 7.083251535161044 0
26.86374474216036 18.29823021835995 0
26.32938034609874 19.31704158541515 0
28.16614143645785 16.45252119250251 0
32.33350354239858 3.754279289197704 0
28.73077207527428 15.33724329519251 0
32.38837239492032 2.607764205909697 0
32.93037135989489 2.916156033034338 0
29.20536140396515 14.28373593479703 0
32.41389171811975 1.44418984562438 0
31.25440437117944 8.877454143509492 0
31.7232479786327 9.314963869143892 0
31.55417227671906 9.993759883874116 0
31.57783711269217 7.798013770191578 0
25.12995645222557 20.57471687592927 0
31.95568866953261 5.47162282886534 0
30.92068940913265 9.985914608704269 0
31.87490668911806 6.618878194069671 0
24.3830801093446 21.53327803622035 0
29.67625132081236 13.2338430594552 0
30.65352466431756 11.1298070126362 0
32.27417244985619 4.332561883318934 0
32.6446108949109 6.37264004185944 0
26.81245690628064 23.98895043433534 0
30.70052073646936 28.38699938744113 0
36.00719365709162 3.630562073970481 0
29.88091780913395 20.52502848315078 0
24.9452254501581 23.84480269268311 0
36.89304963477799 2.422348013936637 0
25.01826192986754 21.63472864869405 0
32.99502113901899 10.90718889340385 0
33.32079570685652 11.80893821342386 0
32.94298991498851 13.67897584563217 0
32.89774943346239 14.71299403943627 0
35.02033084581458 1.703247298817085 0
32.86337978976533 23.96799713882439 0
32.90946526954077 0.4750850164894552 0
32.13967143476511 8.413726345841038 0
25.39631943855732 20.10706167242964 0
38.1407842776032 6.56376423250742 0
34.35940829126938 6.28092296319092 0
43.68172746680992 20.85715416977051 0
30.6424466473377 18.79146115355931 0
29.01839788533299 15.84504964857419 0
31.5131954841014 18.16779510554502 0
26.40902663410425 20.07730787731001 0
45.39022327317134 15.15546025142418 0
32.71254990322656 4.714054169798822 0
24.11322235727192 22.52867937314511 0
45.54173268220577 5.034188038202391 0
31.26463451003091 10.65382644199432 0
38.68421215775833 14.50440744328208 0
40.27024246334638 11.57053442996419 0
43.03868345886364 13.63589942894563 0
32.84759435651183 3.466017033731695 0
29.54343997564849 14.71353447340648 0
29.78970812359082 14.2279886365612 0
32.2082689781956 9.824863189142715 0
32.79996609394116 27.43121539852144 0
33.2196621774583 15.78375966658057 0
36.04684207828213 1.777536408458196 0
27.43297704458879 17.28575491281658 0
34.41779830468225 25.52692339514918 0
28.25682629546119 17.09519056326578 0
36.68378557073844 33.25577397372241 0
30.05309426665909 12.13533688300791 0
30.87425321520026 11.7773731038483 0
30.64237563041604 19.80530324818083 0
49.51428775598998 2.449972081656106 0
46.0337133143009 7.254381057561926 0
34.29233844327569 23.07193848502646 0
34.26570625481909 11.66056089422704 0
32.87912334183349 2.352164767856556 0
32.10651493521451 7.659452025372101 0
37.47776812104838 17.21173049699373 0
38.5737494023706 2.672029215603281 0
28.12059729407197 23.32402818032962 0
26.96111163905095 19.12511597362713 0
32.42051263407792 0.4241935498591289 0
26.9491551929725 20.31262851503315 0
40.00873559657727 2.934159740080898 0
28.77095154688129 16.24274021508372 0
46.74279869025251 17.37781743195248 0
32.2481405915102 16.43916958153712 0
36.04455839445891 20.09110719614058 0
44.98739580228346 11.87031927064607 0
34.74669906606025 10.75804119949501 0
40.62771160631724 7.9155923491532 0
33.70781035537643 10.09592209533208 0
25.77045043118799 23.66041405418353 0
30.32483613593291 14.10041395656283 0
32.23842649873821 17.42667120123853 0
35.0800953468724 6.725978584846033 0
25.25330396659047 21.10409326156721 0
32.27445099150675 9.061060353490916 0
32.95808497659705 9.444520572834376 0
31.76150781610274 8.799561180487409 0
33.71046657486528 6.62343457412819 0
41.16239047335129 10.10446956736553 0
2 11 0 275
4109
4110
4111
4112
4113
4114
4115
4116
4117
4118
4119
4120
4121
4122
4123
4124
4125
4126
4127
4128
4129
4130
4131
4132
4133
4134
4135
4136
4137
4138
4139
4140
4141
4142
4143
4144
4145
4146
4147
4148
4149
4150
4151
4152
4153
4154
4155
4156
4157
4158
4159
4160
4161
4162
4163
4164
4165
4166
4167
4168
4169
4170
4171
4172
4173
4174
4175
4176
4177
4178
4179
4180
4181
4182
4183
4184
4185
4186
4187
4188
4189
4190
4191
4192
4193
4194
4195
4196
4197
4198
4199
4200
4201
4202
4203
4204
4205
4206
4207
4208
4209
4210
4211
4212
4213
4214
4215
4216
4217
4218
4219
4220
4221
4222
4223
4224
4225
4226
4227
4228
4229
4230
4231
4232
4233
4234
4235
4236
4237
4238
4239
4240
4241
4242
4243
4244
4245
4246
4247
4248
4249
4250
4251
4252
4253
4254
4255
4256
4257
4258
4259
4260
4261
4262
4263
4264
4265
4266
4267
4268
4269
4270
4271
4272
4273
4274
4275
4276
4277
4278
4279
4280
4281
4282
4283
4284
4285
4286
4287
4288
4289
4290
4291
4292
4293
4294
4295
4296
4297
4298
4299
4300
4301
4302
4303
4304
4305
4306
4307
4308
4309
4310
4311
4312
4313
4314
4315
4316
4317
4318
4319
4320
4321
4322
4323
4324
4325
4326
4327
4328
4329
4330
4331
4332
4333
4334
4335
4336
4337
4338
4339
4340
4341
4342
4343
4344
4345
4346
4347
4348
4349
4350
4351
4352
4353
4354
4355
4356
4357
4358
4359
4360
4361
4362
4363
4364
4365
4366
4367
4368
4369
4370
4371
4372
4373
4374
4375
4376
4377
4378
4379
4380
4381
4382
4383
22.07075410946317 -23.84708538576849 0
23.71570812873917 -22.21195601861271 0
25.29608773656732 -20.38482000647765 0
26.63010441442206 -18.66215273187774 0
27.89500742500002 -16.66352027437582 0
29.129210181135 -14.68639002251033 0
20.31339590380501 -25.36075801733198 0
29.99849226227149 -12.51112181906052 0
21.17591023137524 -33.74198140947856 0
38.06211002873881 -11.71077649042792 0
18.93425956282584 -26.42452888093397 0
30.60755064682848 -10.90058353304734 0
18.56207746373697 -30.35947905265185 0
34.04861065158054 -10.00626900781204 0
34.98012408500698 -34.73123238458529 0
41.83584177380642 -24.56409897947971 0
42.11252704356463 -13.39584553632469 0
23.96390517793318 -37.24443733770072 0
29.51631174089307 -13.58635137987327 0
28.51539010353374 -15.56719556385397 0
17.94127624696551 -27.12673102144391 0
27.32293157893034 -17.69113078020969 0
21.20557950303157 -24.61960021562243 0
22.92239441194358 -23.0415493717145 0
24.44144035355792 -21.3125715275563 0
26.02464295815525 -19.61887907887966 0
31.05130606375664 -9.768149228177576 0
17.3737810141293 -28.81880064591425 0
32.17412017351931 -9.445616537725636 0
45.09851534474024 -17.83692711082182 0
29.02167118571186 -39.03079743827787 0
17.03946941768735 -27.67903480252098 0
31.34934693815608 -9.042426310981382 0
36.49123738216225 -11.05725914419091 0
36.68084285053481 -12.86484805956331 0
38.40814108953065 -13.56761577020985 0
36.89678027282017 -14.71515915977255 0
35.10844634563768 -13.82168577495587 0
35.38866473134471 -15.72675096292185 0
33.89773742974985 -14.96695645160267 0
33.796064354938 -16.64472979095026 0
35.52681966505719 -17.49222112542915 0
34.05134680510316 -18.43607359505122 0
32.66284977158401 -17.71773678994963 0
32.45441244860807 -19.27351759212361 0
34.05586811161961 -20.20285466488425 0
32.5471648476661 -21.03548445354868 0
31.30249430134025 -20.30691591512216 0
31.15715991875794 -21.84324983008941 0
32.46951523634741 -22.79367244616779 0
30.90522647565081 -23.52997574751273 0
29.58660062708459 -22.35783747238143 0
29.31636881576354 -24.16423378285056 0
30.65768059339742 -25.2710664091525 0
29.01308361260337 -25.88175302580024 0
27.95283450553754 -24.72646622215475 0
27.25892758708011 -26.2333990022127 0
28.63043959679125 -27.59455610815517 0
26.93096248068197 -28.07653150828048 0
25.68135746772865 -26.93644261820023 0
25.30020435756252 -28.49406843962667 0
26.34105121803042 -29.79859614024454 0
24.15975646487708 -27.3620944782225 0
23.78378105469497 -28.84939913180343 0
22.78769823750409 -27.73667149842947 0
22.40475041978339 -29.17461654477413 0
24.63004536318088 -25.93978626661845 0
21.50199352939905 -28.16659979573984 0
38.44854985271815 -15.29425589227237 0
33.5822252387293 -13.54819284040843 0
32.57327930266075 -14.36587227493291 0
23.36362525066926 -30.27299323668733 0
32.23023222878913 -13.1204888230331 0
21.74068393408481 -27.01857151493026 0
20.71007792750271 -27.33667008869662 0
20.40127055020647 -28.38876477560093 0
31.4545818019818 -13.85965792182514 0
31.59629487972123 -14.97738371020909 0
33.26005709556107 -12.28355360218639 0
32.1902930807676 -12.00083627757454 0
21.97603746050243 -30.54435170187235 0
30.56526592755149 -14.4353590661905 0
30.66906453647991 -15.5071955249235 0
19.67026552193901 -27.47954137703572 0
19.36325176352552 -28.53060461835883 0
20.02205002383308 -29.42923100066714 0
23.06702143953173 -31.79835031918938 0
21.00913375756667 -26.3999031233854 0
21.8246711991769 -26.0687210661585 0
20.05418818459088 -26.58978963690121 0
31.59574262116374 -16.05312761643875 0
30.66255601299009 -16.56237513028993 0
29.71378082118406 -16.00187628673692 0
29.75306936623361 -17.03426718448286 0
30.61695704185977 -17.62397030720385 0
29.66942524712187 -18.06738351539041 0
28.83707859220025 -17.40866520868592 0
28.75281854519672 -18.4692929750093 0
29.53463052301008 -19.08925472932882 0
28.5779448611766 -19.50661474878652 0
29.38228984115165 -20.18179915479737 0
28.38781267004049 -20.5621422201168 0
27.57584476131548 -19.82231387503047 0
27.41230302582703 -20.87996613108136 0
24.98523166204505 -31.32997299375828 0
24.15226243080978 -33.28240264880965 0
26.37339933655533 -32.91485534007433 0
25.77751121032827 -25.46758794698134 0
26.40303083645 -23.86351241832516 0
24.72030177656721 -24.72992035446812 0
23.73253783001025 -25.0419955535151 0
25.21261954786434 -23.30486527358851 0
23.94642883199197 -24.14968511148129 0
23.43129673429393 -26.1533936652934 0
23.12755664225946 -24.43414830117902 0
30.56971353969599 -13.5325430318346 0
31.33214256015206 -12.51881811116273 0
31.38831062876509 -11.66054057395614 0
32.03987305323766 -11.02849257202649 0
18.79694538191378 -27.84375080820933 0
26.71346640123163 -20.20498243954249 0
26.40290562000851 -21.10330090630478 0
27.20666680286735 -21.96446542411154 0
26.24948346968974 -22.13425396910753 0
25.58771312711142 -21.50824786652644 0
22.83202745449079 -25.19070282720982 0
28.06433620222257 -23.06077809481321 0
35.31096690364625 -12.00649323239833 0
29.84122639894479 -15.04882241111222 0
27.87829361819939 -18.82524078216098 0
18.41888598885278 -28.69567931760612 0
17.80983861445379 -27.92450649976454 0
32.95204860452829 -11.21181932734521 0
32.57397845220794 -10.31360903310157 0
25.34532419187764 -35.04083946700995 0
27.94152505126138 -34.49681013369948 0
28.73438082390057 -32.38642798634938 0
30.33713483747466 -34.03520754988371 0
31.16195193447846 -31.14512266746536 0
26.83561746344211 -19.40963678134482 0
21.16928611514743 -25.4850119026164 0
28.96563462687608 -16.52836029664443 0
25.31041153881104 -22.42113293037135 0
20.20739930393773 -32.27765068640397 0
31.70729828877798 -10.20122504562731 0
43.58356549015904 -21.46811384795315 0
40.08258864022394 -21.65889189982933 0
38.39146039123755 -24.21436303091241 0
37.26649403108784 -21.55133863913048 0
35.5612621600126 -23.75730468346653 0
36.58401220291716 -26.46526838153927 0
33.91539722092496 -25.97903769051763 0
34.93242950709118 -28.55515104851604 0
38.53393034728376 -19.52144046935895 0
41.59673441823983 -19.02931716247569 0
37.74557705136552 -29.18489685534432 0
32.21459108440445 -28.28753158942308 0
28.0910166556645 -17.91967054902483 0
35.15710512078821 -10.54194508022988 0
44.58145171019856 -14.51634504438871 0
17.98224715066462 -29.51752832099355 0
19.26128407805806 -31.30970431789595 0
22.73100937652454 -35.0149409781319 0
25.68939535613973 -39.3915757909201 0
25.93099009889128 -20.26780892874979 0
32.06574256458844 -36.709854621791 0
30.69191468818628 -12.1051909290989 0
29.8298022158765 -14.30820852504654 0
29.14023471144183 -15.35390504126555 0
30.46295292375807 -18.64133050912659 0
42.22488706160983 -16.07431285395095 0
35.99088505653879 -19.50018584378359 0
33.98098232907127 -22.10702803529471 0
32.29624262370592 -24.6171272519515 0
30.4325454355745 -27.09177072081229 0
28.10886630506094 -29.43212918475146 0
22.33584369774273 -24.52031304409964 0
29.27860458447641 -14.11557027831051 0
29.89373891197932 -13.14339145291707 0
28.33137202723851 -16.16633341430682 0
19.41805300854584 -26.12449581647341 0
27.64782835529662 -17.21295683993212 0
18.45257624685846 -26.74527117827627 0
18.99065088595453 -27.06046013720814 0
26.97275888246545 -18.15071693513989 0
17.45765095325823 -27.34915874059822 0
23.31530299480167 -22.62838109383795 0
23.92861933532989 -22.81565670547652 0
24.4319360771162 -22.3298348450933 0
22.54219658039274 -23.44820225106315 0
30.38320571634083 -11.47582224565887 0
20.71640870448999 -24.93862676880929 0
24.108400435727 -21.78514522648444 0
21.66957000517676 -24.29503983900144 0
30.8399058607931 -10.34972777909246 0
26.29896993959146 -19.08346600318645 0
24.96545794431985 -20.98182756851521 0
19.88919487934973 -25.78397228603697 0
21.84117361287398 -25.08474231072758 0
34.18126893940479 -11.22579360155106 0
39.93412297497596 -12.39393117347728 0
21.14775581461425 -29.36786338905231 0
32.71565498437644 -15.61511966953442 0
33.12281760517474 -9.680797596627448 0
20.54433973426111 -30.73914419983475 0
31.24535557868652 -10.84908606545079 0
25.94341323507031 -23.1209320581006 0
26.88723833797205 -22.95218644974545 0
28.3178355375643 -21.68997822018629 0
29.19070132061144 -21.13378971700304 0
18.98522085260398 -29.47687251200804 0
37.18858429493984 -16.47652318274548 0
16.86616832800676 -28.26289044013743 0
23.35633647336661 -23.62690875887683 0
30.11138592306376 -11.94032696020001 0
24.75477870860044 -29.74900598842405 0
22.61914299096588 -26.61565895765449 0
39.90368909507506 -27.40090858256022 0
31.59510605688062 -17.14140665392982 0
28.23141446255807 -17.20814492153488 0
31.49036983420406 -18.20733029089046 0
30.59197197840427 -12.83223401570042 0
35.82012522036381 -31.73135631230499 0
20.43876561747553 -25.97287215385996 0
31.56701982949514 -9.618323441928931 0
27.13060106961039 -36.92320341605738 0
24.85880160129114 -21.749054504729 0
31.90329139160145 -26.24930673237141 0
30.15549798338605 -29.08978577484767 0
33.32837703834786 -30.45464350634601 0
19.42545597941579 -26.71384264908195 0
27.51401462125146 -18.22860229738921 0
27.2166536658138 -18.68464968807226 0
24.61271559960355 -22.98074755246815 0
40.15611243877581 -14.68999618136498 0
30.27896792721616 -20.87719151753331 0
19.56281272501095 -30.32871276177077 0
28.68639140038484 -15.11477756563954 0
39.31586329300149 -17.04322597661295 0
28.93328245805485 -15.92353412056154 0
47.14223786912643 -15.14120322438182 0
25.53605715749657 -19.95907465574977 0
25.63663090537968 -20.84920105531477 0
32.47308355778856 -16.63442410416058 0
26.87888193927272 -41.6556450061515 0
29.29933494172935 -36.23917463194189 0
37.12705406422399 -18.16206700454076 0
27.23119508418358 -23.84469164818398 0
18.47659611376965 -27.29807368426336 0
22.68653750064495 -23.97533154819743 0
33.64467991401243 -23.85083402147963 0
21.60091988154986 -32.06983229387156 0
34.25949956978885 -12.69113753609713 0
30.04339210300963 -13.78644960687432 0
16.57761870733957 -27.86489076989532 0
31.06582990814045 -13.18233875012871 0
22.54542467195823 -33.18150152989621 0
28.45210142677459 -16.79500482310957 0
38.42103070352534 -31.79154239376465 0
30.36080877048676 -19.70812418629832 0
35.42168841924335 -21.16994963973 0
32.77369594055083 -33.02506797957016 0
26.69008650674995 -24.71250348912258 0
27.16895986352472 -31.22683417413494 0
25.59723018687154 -24.1438590260463 0
33.37574485057925 -10.48765771328746 0
27.373734758222 -19.21187148103729 0
31.21115321304085 -19.20596072533207 0
23.36491599321822 -27.0172644451582 0
30.90333287165083 -11.31795613377365 0
23.98433394709969 -23.41996427509902 0
24.65823723093452 -23.82027856341018 0
23.50139743250828 -23.10649204100096 0
22.59129588892669 -25.88240314020403 0
29.33192257378326 -30.59544104674925 0
2 12 0 275
4384
4385
4386
4387
4388
4389
4390
4391
4392
4393
4394
4395
4396
4397
4398
4399
4400
4401
4402
4403
4404
4405
4406
4407
4408
4409
4410
4411
4412
4413
4414
4415
4416
4417
4418
4419
4420
4421
4422
4423
4424
4425
4426
4427
4428
4429
4430
4431
4432
4433
4434
4435
4436
4437
4438
4439
4440
4441
4442
4443
4444
4445
4446
4447
4448
4449
4450
4451
4452
4453
4454
4455
4456
4457
4458
4459
4460
4461
4462
4463
4464
4465
4466
4467
4468
4469
4470
4471
4472
4473
4474
4475
4476
4477
4478
4479
4480
4481
4482
4483
4484
4485
4486
4487
4488
4489
4490
4491
4492
4493
4494
4495
4496
4497
4498
4499
4500
4501
4502
4503
4504
4505
4506
4507
4508
4509
4510
4511
4512
4513
4514
4515
4516
4517
4518
4519
4520
4521
4522
4523
4524
4525
4526
4527
4528
4529
4530
4531
4532
4533
4534
4535
4536
4537
4538
4539
4540
4541
4542
4543
4544
4545
4546
4547
4548
4549
4550
4551
4552
4553
4554
4555
4556
4557
4558
4559
4560
4561
4562
4563
4564
4565
4566
4567
4568
4569
4570
4571
4572
4573
4574
4575
4576
4577
4578
4579
4580
4581
4582
4583
4584
4585
4586
4587
4588
4589
4590
4591
4592
4593
4594
4595
4596
4597
4598
4599
4600
4601
4602
4603
4604
4605
4606
4607
4608
4609
4610
4611
4612
4613
4614
4615
4616
4617
4618
4619
4620
4621
4622
4623
4624
4625
4626
4627
4628
4629
4630
4631
4632
4633
4634
4635
4636
4637
4638
4639
4640
4641
4642
4643
4644
4645
4646
4647
4648
4649
4650
4651
4652
4653
4654
4655
4656
4657
4658
-9.616804695562559 -31.03737643235851 0
-7.378264115493721 -31.64438371753111 0
-5.005728108902471 -32.09946459946728 0
-2.846846147903047 -32.39342329426085 0
-0.4835281615886723 -32.48954520599342 0
1.845818241185508 -32.56983102029555 0
-11.80636275033879 -30.27229589849113 0
4.164296805985416 -32.23501728388862 0
-18.63345795895083 -35.20986691336982 0
8.889225075622754 -38.81814245174018 0
-13.41718351251331 -29.60981422372175 0
5.863593067718683 -31.95720817429637 0
-17.01104137340457 -31.25497015693123 0
8.358622167925382 -34.49009629174044 0
-12.58806750729775 -47.65929227744434 0
-0.3552128504027371 -48.51295125456247 0
9.45512098216243 -43.1684410054479 0
-20.27267629514801 -39.37556932682246 0
2.992030430732342 -32.35505148357112 0
0.7761082277864814 -32.47865001041129 0
-14.52180006272294 -29.10096651691001 0
-1.659502887872143 -32.507918243323 0
-10.71840946623203 -30.67437065940646 0
-8.493369892489046 -31.37215056216678 0
-6.236508186062754 -31.8231940150416 0
-3.978126197010582 -32.34744146562338 0
7.066187652317297 -31.77529448598817 0
-16.27092295889898 -29.45553604097968 0
7.906916210682193 -32.58641368354406 0
7.102025668951641 -47.97492351691872 0
-19.29082651866351 -44.64890322624672 0
-15.45101258238019 -28.5961307839857 0
7.8437025719177 -31.67054399598636 0
8.669751375987889 -37.13096816057645 0
7.19913618986329 -38.19896577057116 0
7.45417061898372 -40.04623378077699 0
5.70468848332112 -39.31112861400435 0
5.584292168584497 -37.31564931020582 0
4.074566512794622 -38.51085814482048 0
3.987104210453983 -36.83977997078329 0
2.48327333938066 -37.59061517479094 0
2.614701969296408 -39.51323890832925 0
1.059565323200169 -38.70736816382679 0
0.987414728130243 -37.14572605716832 0
-0.464149630761085 -37.7431044414628 0
-0.4682513129433978 -39.59467426504606 0
-1.943681493852963 -38.70441380602367 0
-1.935057904342207 -37.26221322434906 0
-3.338229294691302 -37.90451691447506 0
-3.505141765750314 -39.51626126633928 0
-4.924943509956237 -38.529699111395 0
-4.569154911229611 -36.80166649088311 0
-6.268655911059613 -37.47083703260395 0
-6.556545194356294 -39.18586341958395 0
-7.907713808524753 -38.06694396355277 0
-7.43733064144531 -36.57109790066935 0
-9.089326170001636 -36.72362327145317 0
-9.582366797432831 -38.59196606643356 0
-10.84950829599901 -37.36116341079438 0
-10.48696486109462 -35.70892927983643 0
-12.02648494712651 -36.15765391441687 0
-12.63581564556783 -37.7113175873445 0
-11.61639068647125 -34.60401008695286 0
-13.0924220047333 -35.02205815732974 0
-12.62681301533421 -33.60306131667819 0
-14.06358386357837 -33.99039130138296 0
-10.14949119405604 -34.30013811419779 0
-13.6419941966667 -32.70457252634773 0
5.979060791676498 -40.94454885726486 0
5.058033444202469 -35.85715659255727 0
3.845429313716949 -35.39222349813996 0
-14.53536856625675 -35.36998960994043 0
4.752439483578859 -34.47244429152186 0
-12.52842733887704 -32.33727034003838 0
-13.31921178796013 -31.60378864392732 0
-14.38475620265686 -31.86240095376651 0
3.724475052928029 -34.17029586684748 0
2.827352664592313 -34.85188588641135 0
5.992159079540621 -34.94583117717149 0
5.702117457346869 -33.87802970199971 0
-15.46416578572529 -34.3039825662657 0
2.781245299704322 -33.68797629978448 0
1.90490700220284 -34.31378676136222 0
-13.96284815591007 -30.77472032970579 0
-15.0266025030963 -31.03437023627229 0
-15.47543664853211 -32.05421945682167 0
-16.0046684551165 -35.87580171589081 0
-12.35841988353559 -31.39439510725438 0
-11.66383908789457 -31.93508022081191 0
-13.00033921457108 -30.66233123858352 0
1.895454984552186 -35.38927956958708 0
0.9878403966549855 -34.83574001736323 0
0.9988590380598725 -33.73382717700044 0
0.1244265665004367 -34.28404750396619 0
0.04567251934695001 -35.32704773843622 0
-0.8121004806865917 -34.72816773739337 0
-0.6578070206037739 -33.67797523612121 0
-1.61846763370206 -34.13531777805599 0
-1.764464273409947 -35.12236768898711 0
-2.604251483702882 -34.50253361213171 0
-2.786805841559189 -35.53670900120358 0
-3.613431183836552 -34.8656380401974 0
-3.378704996914141 -33.79253903163692 0
-4.376429586770593 -34.1797338621535 0
-14.63993668147623 -37.30283183567247 0
-16.74727497747638 -37.55767414838088 0
-15.31840121814024 -39.29746147967531 0
-9.166822530049689 -35.05777352798474 0
-7.464892559581681 -34.79745165044348 0
-9.056588372265463 -33.77336950496687 0
-9.820735395812369 -33.07397843382958 0
-7.576295584780355 -33.4872016612045 0
-8.941026383954583 -32.8130582541663 0
-10.93385494219075 -33.36879504816596 0
-9.596814827541643 -32.24612573025298 0
3.56533072647244 -33.24042002770833 0
4.824456770452064 -33.39384046766968 0
5.595830955476413 -33.0133446733665 0
6.468981793795655 -33.261590284146 0
-14.71492284561718 -30.20050761839492 0
-4.141294875052922 -33.23703174638526 0
-5.074541878571905 -33.41723745381034 0
-5.418451636402012 -34.54389731564873 0
-6.044084496231121 -33.79984650553537 0
-5.832832479760763 -32.91373352609762 0
-10.39977486032065 -32.36846720910058 0
-5.939051560042195 -35.83481713889184 0
7.257555302203229 -36.58344098694965 0
1.887950694407343 -33.36767134712787 0
-2.363989940615001 -33.55593087860597 0
-15.64174427350643 -30.29906283456304 0
-15.27841270972984 -29.38602592730296 0
6.76630394214261 -34.14322086193437 0
7.355141798737631 -33.3666973584899 0
-17.67359505244019 -39.47011435084161 0
-15.90435139969916 -41.44647558174756 0
-13.68048748586843 -41.08509824214294 0
-14.30682169652198 -43.29152997115423 0
-11.39149146677834 -42.55960334053495 0
-3.391429799157795 -32.94514484025736 0
-11.48602466585446 -31.07564550700458 0
0.1688374136388271 -33.34915557193896 0
-6.762064929935585 -33.1300258380423 0
-17.84956581694773 -33.63894648483082 0
7.019129105152972 -32.55993832626647 0
3.199850781415428 -48.4785318259572 0
1.284143717037857 -45.5419859617902 0
-1.774523325611178 -45.35516150265201 0
-0.030759731504142 -43.04939986047082 0
-2.793798301323571 -42.67560876294445 0
-4.627588634928562 -44.91531813085588 0
-5.540807995401055 -42.36111441802637 0
-7.263271463370681 -44.52994689330846 0
2.360901808713121 -43.13208282308972 0
4.318495129747411 -45.53848730190876 0
-6.402073557874991 -47.28107703465763 0
-8.390425424594486 -42.04242004633672 0
-1.473381595077452 -33.28736931645354 0
8.448960315616933 -35.71791869823781 0
9.719202276568726 -45.86684224081502 0
-16.57180580759003 -30.331847010103 0
-17.48435728525202 -32.33561348005327 0
-18.95832371082717 -37.1931020628077 0
-21.26940765197438 -41.94345688174111 0
-4.586942361903269 -32.59080063529962 0
-15.7587979225179 -46.12476218964358 0
4.862554481830949 -32.63257327530415 0
2.523629042602736 -32.98747077134018 0
1.27324554268878 -32.91313605298441 0
-0.9123893193690144 -35.70235636083499 0
7.191680250910543 -44.60498129425869 0
1.107786209037687 -40.91911368554531 0
-2.154756716205065 -40.48190796018091 0
-5.170936256534475 -40.2779301849034 0
-8.245888959946443 -39.90124280945566 0
-11.43474693273185 -39.06623737758323 0
-10.06729215608089 -31.60356457925169 0
2.414859842314457 -32.41380049667151 0
3.564358565878639 -32.46043303833244 0
0.1652305907777564 -32.61885460681091 0
-12.9154505338592 -29.87877510567023 0
-1.082943719981037 -32.55020013512534 0
-13.93579614806362 -29.35303538418599 0
-13.93972047394666 -29.97661617024295 0
-2.232602521501256 -32.43445286993726 0
-14.95624076486776 -28.79334858622241 0
-7.939101376380765 -31.50583523734925 0
-7.794628643304526 -32.13062057462096 0
-7.122236199608756 -32.32359472896818 0
-9.035640532303713 -31.24621602125481 0
5.25324926411315 -32.05053912158957 0
-11.23927996504673 -30.41024959767298 0
-6.812288973407271 -31.77105983518921 0
-10.20533668394858 -30.91391803306744 0
6.456825751446939 -31.88300581531405 0
-3.377281381222577 -32.31730906264251 0
-5.688066720004609 -32.11163458115207 0
-12.38497757051381 -30.11653416935535 0
-10.80343728205543 -31.45738235257589 0
7.368812033119681 -35.21474403588932 0
9.233602238508148 -40.78093056091929 0
-14.85943784251177 -32.99842546302314 0
2.834737175238452 -36.14014815268895 0
8.177592155013109 -33.52560028931352 0
-16.34870990054161 -33.16149221377164 0
6.227093648817179 -32.48381471414618 0
-7.05160790396586 -34.02812095150856 0
-6.433557368902152 -34.76112466317583 0
-4.625154377438347 -35.36895406582511 0
-3.707048112863319 -35.84678375644625 0
-16.03510999323761 -31.18011981081705 0
4.325204505173476 -40.44452032157294 0
-16.04329694153405 -28.73797545662623 0
-8.783334961412894 -32.04063510471206 0
4.715066484504418 -32.04738863263076 0
-13.38600556903213 -36.31277022094081 0
-11.74026530032933 -32.89658192084448 0
-3.778038371735749 -48.25806275233118 0
0.9526594095369456 -35.93286780749325 0
-0.7869834227767271 -33.05319457011007 0
-0.02282564990368895 -36.3751253964409 0
4.18294534429774 -32.90954189301066 0
-9.570098052812785 -46.8868165637295 0
-12.27378428575344 -30.68692632366229 0
7.45379747221971 -32.1470028150739 0
-18.4111316126097 -41.95739145426912 0
-6.405832908751974 -32.4028809467227 0
-6.780920766166552 -40.75371417566122 0
-10.11486860128304 -40.6645943080519 0
-9.710306420522343 -44.09054293529508 0
-13.42213837710634 -30.17985968281221 0
-2.029425354399969 -32.94213677079559 0
-2.573054457779221 -32.91263832463372 0
-7.595553378595833 -32.80561074161658 0
7.356146344835127 -42.1212115798871 0
-2.940694250252899 -36.66095118412203 0
-16.48402935329624 -32.10624917021104 0
1.253414355795319 -32.40053247845752 0
4.898064988319851 -42.5701493717637 0
0.6764561625903435 -33.0187246838292 0
10.45845229839082 -48.39697719810259 0
-4.517037109163454 -32.09441153875936 0
-5.237622309828603 -32.62657415916538 0
1.830707927367697 -36.43972735234571 0
-22.63540581672184 -44.10561708780848 0
-16.73438583000245 -43.49381248461225 0
2.83471562095135 -41.23400548957009 0
-7.034511170654228 -35.50525254241901 0
-14.40252722807342 -29.65023845212989 0
-9.419977434580341 -31.63478357356601 0
-3.833088207042896 -41.06256451847888 0
-16.97282952084529 -34.74186150948231 0
6.138902275714631 -36.01516571642931 0
3.082280463957681 -32.91156558050055 0
-15.84289392674 -28.28908431975479 0
4.116674715166937 -33.4949672651608 0
-17.46331092464324 -36.1156612699863 0
-0.3188501201105179 -33.03774503819491 0
-8.321767986728812 -49.1693598257175 0
-1.887331821032722 -36.14729376784132 0
-0.6228699752215744 -41.26105683587176 0
-12.21370303242167 -44.89549643181353 0
-8.056612559328762 -35.47054468862358 0
-13.45889359573831 -39.14731121270943 0
-8.110580168522601 -34.23978112138087 0
7.605294419387683 -34.1480717674735 0
-2.95110137771238 -33.31228543759541 0
-1.027273285704981 -36.6326319265759 0
-11.71517935368077 -33.74324303000595 0
5.650028905057207 -32.42204939534356 0
-8.290117044417148 -32.48102462859022 0
-8.299847745677591 -33.26479913623976 0
-8.260110383600876 -31.90605322148786 0
-11.11917068596336 -32.50583771433008 0
-11.83142891884286 -40.7330032048709 0
2 13 0 275
4659
4660
4661
4662
4663
4664
4665
4666
4667
4668
4669
4670
4671
4672
4673
4674
4675
4676
4677
4678
4679
4680
4681
4682
4683
4684
4685
4686
4687
4688
4689
4690
4691
4692
4693
4694
4695
4696
4697
4698
4699
4700
4701
4702
4703
4704
4705
4706
4707
4708
4709
4710
4711
4712
4713
4714
4715
4716
4717
4718
4719
4720
4721
4722
4723
4724
4725
4726
4727
4728
4729
4730
4731
4732
4733
4734
4735
4736
4737
4738
4739
4740
4741
4742
4743
4744
4745
4746
4747
4748
4749
4750
4751
4752
4753
4754
4755
4756
4757
4758
4759
4760
4761
4762
4763
4764
4765
4766
4767
4768
4769
4770
4771
4772
4773
4774
4775
4776
4777
4778
4779
4780
4781
4782
4783
4784
4785
4786
4787
4788
4789
4790
4791
4792
4793
4794
4795
4796
4797
4798
4799
4800
4801
4802
4803
4804
4805
4806
4807
4808
4809
4810
4811
4812
4813
4814
4815
4816
4817
4818
4819
4820
4821
4822
4823
4824
4825
4826
4827
4828
4829
4830
4831
4832
4833
4834
4835
4836
4837
4838
4839
4840
4841
4842
4843
4844
4845
4846
4847
4848
4849
4850
4851
4852
4853
4854
4855
4856
4857
4858
4859
4860
4861
4862
4863
4864
4865
4866
4867
4868
4869
4870
4871
4872
4873
4874
4875
4876
4877
4878
4879
4880
4881
4882
4883
4884
4885
4886
4887
4888
4889
4890
4891
4892
4893
4894
4895
4896
4897
4898
4899
4900
4901
4902
4903
4904
4905
4906
4907
4908
4909
4910
4911
4912
4913
4914
4915
4916
4917
4918
4919
4920
4921
4922
4923
4924
4925
4926
4927
4928
4929
4930
4931
4932
4933
-31.68755880502396 -7.190291046589658 0
-31.09397224423115 -9.432427698917909 0
-30.30181584546657 -11.71464459298781 0
-29.47695056232249 -13.73127056238267 0
-28.37853558658702 -15.82602493161671 0
-27.28339193994798 -17.88344099778406 0
-32.11975865414203 -4.911537881158887 0
-25.83419545628434 -19.72389546482709 0
-39.80936819031981 -1.467885503888612 0
-29.17288495311602 -27.10736596131014 0
-32.35144307533742 -3.185285342787636 0
-24.74395757910802 -21.05662464124752 0
-35.57311883712844 -0.8954911042891583 0
-25.68998848365124 -24.48382728392486 0
-47.568191592292 -12.92805989285841 0
-42.1910546242083 -23.94885227508231 0
-32.65740606140671 -29.77259546912405 0
-44.23658147307414 -2.131131989119052 0
-26.52428131015922 -18.76870010369678 0
-27.73928187574517 -16.91145444655596 0
-32.46307630967893 -1.974235495465426 0
-28.98243446679971 -14.81678746311296 0
-31.92398896926183 -6.054770443783719 0
-31.4157643044297 -8.330601190451789 0
-30.67794853961521 -10.51062248748577 0
-30.00276915516246 -12.72856238674267 0
-23.98511841143745 -22.00714525780963 0
-33.64470397302802 -0.6367353950653551 0
-24.26720396283345 -23.14079714581626 0
-37.99648967579144 -30.13799640609724 0
-48.31249770436784 -5.618105787967482 0
-32.49048200005971 -0.9170959814658253 0
-23.50564436623532 -22.62811768500444 0
-27.82148600617283 -26.07370901638253 0
-29.48170666067062 -25.33411771100463 0
-30.95397047054711 -26.47861801056384 0
-31.19209178949811 -24.59596945422765 0
-29.52415417705131 -23.49396353524654 0
-31.31409821854792 -22.78410718189403 0
-29.91063321929288 -21.87282351917696 0
-31.31279101555362 -20.94588538383588 0
-32.91211769575817 -22.02101778289412 0
-32.99178148189872 -20.27129456876929 0
-31.67543504344859 -19.42798926721347 0
-32.91856207936292 -18.46958684933312 0
-34.52411942455738 -19.39181960015535 0
-34.49084634151167 -17.66892935246741 0
-33.23755220567399 -16.95529730922043 0
-34.49538921343948 -16.06126708437778 0
-35.9746570020886 -16.72258882016254 0
-35.83016998559553 -14.99972336387311 0
-34.15575553830168 -14.44382901849376 0
-35.58502472680912 -13.30660324974519 0
-37.21422578774005 -13.91479701042023 0
-36.92079742111144 -12.18519093774247 0
-35.39016514696562 -11.84463167850645 0
-36.34825375706212 -10.49022426923245 0
-38.21280639420441 -10.99740995826641 0
-37.78047077665788 -9.284631902503758 0
-36.16832232880035 -8.772486661630079 0
-37.32668930466257 -7.663585474782342 0
-38.97686686357105 -7.912721447087873 0
-35.77614715132235 -7.241915608726514 0
-36.87620305939861 -6.172659025520862 0
-35.4145112528094 -5.866389818247458 0
-36.46833428332888 -4.815774756605976 0
-34.77953655721442 -8.360351847576615 0
-35.14398772603373 -4.537972730608899 0
-32.46948906104068 -25.65029296498949 0
-28.52419179452405 -22.30896375214613 0
-28.72784998894018 -21.02635122320422 0
-37.8989938168924 -5.096996373245992 0
-27.47779274520731 -21.35195546848715 0
-34.2691112729331 -5.318698825110545 0
-34.02928971543155 -4.26711855523512 0
-34.78602675282871 -3.473636178168982 0
-27.73010674904966 -20.31063794502022 0
-28.76894221512439 -19.87450217619941 0
-27.26789801601735 -22.66227757498301 0
-26.48817562341762 -21.87719342442378 0
-37.44020324619178 -3.759630864387875 0
-27.7840206278437 -19.25261723359255 0
-28.76415753427169 -18.806591236436 0
-33.63311367782441 -3.295178952674322 0
-34.38985426658585 -2.503765617919088 0
-35.49748667233003 -2.624988456159735 0
-39.07168989461271 -4.077451396688756 0
-33.36755364107999 -4.994491983873389 0
-33.48851028704862 -5.866359154659769 0
-33.0545273991315 -4.07254160168956 0
-29.70028763660644 -19.33615195314473 0
-29.67471561632896 -18.27336488706984 0
-28.71492178311893 -17.73195089026123 0
-29.62864279972599 -17.24978031948003 0
-30.57128452250593 -17.70307743122799 0
-30.48152572780027 -16.66078422199872 0
-29.49488561279755 -16.26931002743288 0
-30.37128617888936 -15.66602480304337 0
-31.29909479641072 -16.033112959653 0
-31.18219634486858 -14.99591886334055 0
-32.16909568269999 -15.3549098464 0
-32.0012438538646 -14.30349582007485 0
-30.95454975821965 -13.97022515660438 0
-31.78873261258389 -13.29976773106744 0
-39.62516834348845 -5.972858841900884 0
-40.89953740824657 -4.27527149955634 0
-41.69180055466123 -6.382606139581363 0
-34.94433374035779 -9.590185580999131 0
-33.86792339601403 -10.93393923211342 0
-33.77689014881299 -9.043449150498283 0
-33.55327322580065 -8.03198288031467 0
-32.78891513262884 -10.18233638761392 0
-32.88745521592885 -8.663373142687339 0
-34.36515167646016 -7.215401382871923 0
-32.72437146978385 -7.811977429077662 0
-27.0043828132211 -19.70787699587357 0
-26.50768578969685 -20.87502235650659 0
-25.79247967328557 -21.35280409940909 0
-25.57089125943953 -22.23309771211848 0
-33.51186822750565 -2.356756810188013 0
-30.8547612762761 -13.03204930684051 0
-31.47744749856798 -12.31393654750138 0
-32.62511843925415 -12.57943189153115 0
-32.29356796590384 -11.66559253642262 0
-31.42054560685617 -11.4054856595684 0
-33.23180231478955 -7.177764381896999 0
-34.00338776224909 -12.77403904407082 0
-28.05341160144055 -24.57694775454812 0
-27.95327570453463 -18.31884893601383 0
-30.24228355880848 -14.73069009644454 0
-34.06063026231983 -1.603383516965351 0
-33.08825132416377 -1.461519427540398 0
-26.18574466238262 -22.93140153458744 0
-25.21883665346733 -23.05308832538673 0
-43.01891924429582 -4.429274883819192 0
-43.84587645093304 -6.949665448030779 0
-42.41465978595222 -8.691489762347608 0
-44.64392178000235 -9.255125672353838 0
-42.55344340123479 -11.41448067304201 0
-30.22704726259355 -13.53550805891313 0
-32.65531078098824 -5.590633604397989 0
-28.79679721323124 -16.82079527529233 0
-32.07247646873135 -10.70889290766792 0
-38.0569651208752 -1.361295798424344 0
-24.68816918362294 -22.35871328063842 0
-40.38371470874339 -27.01041797800373 0
-38.79844492318536 -23.8830940619605 0
-40.16598371684788 -21.14079847173919 0
-37.2972537625898 -21.49806122133869 0
-38.3550604613336 -18.91830407947658 0
-41.21160083784468 -18.45004974931613 0
-39.45620521632022 -16.38207672750422 0
-42.19570097046108 -15.97479584479239 0
-36.17302853856959 -23.61064235372895 0
-37.27823928849294 -26.50917013943318 0
-44.14765060923952 -18.09618017931279 0
-40.60501650899533 -13.75488845691112 0
-29.56439825073132 -15.36769876742845 0
-26.70814480516806 -25.17597361800473 0
-34.86224943363568 -31.35049719642866 0
-34.55405295823894 -0.8143186891133003 0
-36.74564136330888 -1.025909162156947 0
-41.68933308733485 -2.178161084668197 0
-46.95880300810661 -2.55188109081806 0
-30.5179324607941 -12.32299170654744 0
-47.82453795399348 -9.414820341256023 0
-25.82936020635217 -20.52738234620437 0
-27.30617317327264 -18.6792622462922 0
-27.86698916875286 -17.55923101171697 0
-31.37534224311912 -17.06102585170357 0
-35.03320681070107 -28.53066844030802 0
-34.88309884749856 -21.41892784175808 0
-36.13573904526924 -18.37487992488163 0
-37.46717888022969 -15.66080293294348 0
-38.67843439550525 -12.80947208863104 0
-39.54340471397952 -9.62692769939461 0
-32.40313585380704 -7.083251535161675 0
-26.86374474216036 -18.29823021836 0
-26.32938034609878 -19.31704158541512 0
-28.16614143645787 -16.45252119250256 0
-32.33350354239852 -3.754279289197792 0
-28.73077207527428 -15.33724329519255 0
-32.38837239492032 -2.60776420590969 0
-32.93037135989481 -2.916156033034392 0
-29.20536140396512 -14.28373593479711 0
-32.41389171811966 -1.444189845624474 0
-31.2544043711794 -8.877454143509553 0
-31.72324797863268 -9.314963869143943 0
-31.55417227671912 -9.993759883874077 0
-31.57783711269213 -7.798013770191694 0
-25.12995645222559 -20.57471687592927 0
-31.9556886695326 -5.471622828865423 0
-30.92068940913259 -9.985914608704345 0
-31.87490668911804 -6.618878194069926 0
-24.3830801093446 -21.53327803622035 0
-29.67625132081229 -13.23384305945538 0
-30.65352466431771 -11.12980701263611 0
-32.2741724498561 -4.332561883319046 0
-32.64461089491089 -6.372640041860024 0
-26.81245690628068 -23.9889504343353 0
-30.70052073646937 -28.38699938744111 0
-36.00719365709107 -3.630562073970854 0
-29.8809178091339 -20.52502848315077 0
-24.9452254501581 -23.84480269268309 0
-36.89304963477763 -2.422348013936928 0
-25.01826192986752 -21.63472864869407 0
-32.99502113901924 -10.90718889340374 0
-33.32079570685708 -11.80893821342362 0
-32.94298991498901 -13.67897584563211 0
-32.89774943346277 -14.71299403943628 0
-35.02033084581419 -1.703247298817615 0
-32.86337978976531 -23.96799713882439 0
-32.90946526954096 -0.4750850164895886 0
-32.13967143476498 -8.413726345841372 0
-25.39631943855735 -20.10706167242963 0
-38.14078427760262 -6.56376423250759 0
-34.35940829126907 -6.280922963191295 0
-43.68172746680988 -20.85715416977053 0
-30.6424466473378 -18.7914611535593 0
-29.01839788533293 -15.8450496485743 0
-31.51319548410153 -18.16779510554509 0
-26.40902663410429 -20.07730787730997 0
-45.39022327317117 -15.15546025142422 0
-32.71254990322652 -4.714054169798823 0
-24.11322235727195 -22.52867937314512 0
-45.54173268220535 -5.034188038202486 0
-31.26463451003118 -10.65382644199408 0
-38.68421215775811 -14.50440744328202 0
-40.27024246334606 -11.57053442996415 0
-43.03868345886331 -13.63589942894564 0
-32.84759435651171 -3.466017033731845 0
-29.54343997564846 -14.71353447340651 0
-29.78970812359097 -14.22798863656127 0
-32.20826897819546 -9.824863189142812 0
-32.79996609394116 -27.43121539852146 0
-33.2196621774586 -15.78375966658067 0
-36.04684207828209 -1.777536408459055 0
-27.43297704458872 -17.28575491281661 0
-34.41779830468224 -25.52692339514918 0
-28.25682629546122 -17.09519056326581 0
-36.68378557073843 -33.25577397372242 0
-30.05309426665905 -12.13533688300796 0
-30.87425321520051 -11.77737310384823 0
-30.64237563041607 -19.80530324818083 0
-49.51428775598994 -2.449972081656114 0
-46.03371331430041 -7.254381057562121 0
-34.29233844327569 -23.0719384850264 0
-34.26570625481964 -11.66056089422692 0
-32.87912334183319 -2.352164767856533 0
-32.10651493521439 -7.659452025372413 0
-37.47776812104827 -17.21173049699369 0
-38.57374940237018 -2.672029215603455 0
-28.1205972940719 -23.3240281803296 0
-26.96111163905095 -19.1251159736271 0
-32.42051263407787 -0.4241935498592441 0
-26.94915519297252 -20.31262851503312 0
-40.00873559657683 -2.934159740081072 0
-28.77095154688132 -16.24274021508376 0
-46.74279869025246 -17.37781743195246 0
-32.24814059151039 -16.43916958153714 0
-36.04455839445892 -20.09110719614054 0
-44.98739580228283 -11.87031927064632 0
-34.7466990660602 -10.75804119949506 0
-40.62771160631661 -7.915592349153283 0
-33.70781035537624 -10.09592209533222 0
-25.770450431188 -23.66041405418348 0
-30.32483613593302 -14.10041395656271 0
-32.23842649873826 -17.42667120123853 0
-35.08009534687187 -6.725978584846523 0
-25.25330396659048 -21.1040932615672 0
-32.27445099150652 -9.06106035349111 0
-32.95808497659645 -9.444520572834707 0
-31.76150781610266 -8.799561180487554 0
-33.71046657486503 -6.623434574128711 0
-41.16239047335083 -10.10446956736559 0
2 14 0 275
4934
4935
4936
4937
4938
4939
4940
4941
4942
4943
4944
4945
4946
4947
4948
4949
4950
4951
4952
4953
4954
4955
4956
4957
4958
4959
4960
4961
4962
4963
4964
4965
4966
4967
4968
4969
4970
4971
4972
4973
4974
4975
4976
4977
4978
4979
4980
4981
4982
4983
4984
4985
4986
4987
4988
4989
4990
4991
4992
4993
4994
4995
4996
4997
4998
4999
5000
5001
5002
5003
5004
5005
5006
5007
5008
5009
5010
5011
5012
5013
5014
5015
5016
5017
5018
5019
5020
5021
5022
5023
5024
5025
5026
5027
5028
5029
5030
5031
5032
5033
5034
5035
5036
5037
5038
5039
5040
5041
5042
5043
5044
5045
5046
5047
5048
5049
5050
5051
5052
5053
5054
5055
5056
5057
5058
5059
5060
5061
5062
5063
5064
5065
5066
5067
5068
5069
5070
5071
5072
5073
5074
5075
5076
5077
5078
5079
5080
5081
5082
5083
5084
5085
5086
5087
5088
5089
5090
5091
5092
5093
5094
5095
5096
5097
5098
5099
5100
5101
5102
5103
5104
5105
5106
5107
5108
5109
5110
5111
5112
5113
5114
5115
5116
5117
5118
5119
5120
5121
5122
5123
5124
5125
5126
5127
5128
5129
5130
5131
5132
5133
5134
5135
5136
5137
5138
5139
5140
5141
5142
5143
5144
5145
5146
5147
5148
5149
5150
5151
5152
5153
5154
5155
5156
5157
5158
5159
5160
5161
5162
5163
5164
5165
5166
5167
5168
5169
5170
5171
5172
5173
5174
5175
5176
5177
5178
5179
5180
5181
5182
5183
5184
5185
5186
5187
5188
5189
5190
5191
5192
5193
5194
5195
5196
5197
5198
5199
5200
5201
5202
5203
5204
5205
5206
5207
5208
-22.07075410946319 23.84708538576847 0
-23.7157081287392 22.21195601861267 0
-25.29608773656737 20.38482000647767 0
-26.63010441442204 18.66215273187771 0
-27.89500742500002 16.6635202743758 0
-29.12921018113503 14.68639002251031 0
-20.31339590380503 25.36075801733196 0
-29.99849226227155 12.51112181906047 0
-21.17591023137525 33.74198140947857 0
-38.06211002873883 11.71077649042792 0
-18.93425956282587 26.42452888093392 0
-30.60755064682845 10.90058353304733 0
-18.56207746373699 30.35947905265181 0
-34.04861065158058 10.00626900781202 0
-34.98012408500699 34.73123238458531 0
-41.83584177380643 24.56409897947967 0
-42.11252704356463 13.39584553632469 0
-23.96390517793319 37.24443733770072 0
-29.51631174089313 13.58635137987326 0
-28.51539010353377 15.56719556385393 0
-17.94127624696555 27.12673102144384 0
-27.32293157893034 17.6911307802097 0
-21.20557950303159 24.61960021562241 0
-22.92239441194361 23.04154937171447 0
-24.44144035355791 21.31257152755637 0
-26.02464295815526 19.61887907887968 0
-31.05130606375666 9.768149228177567 0
-17.37378101412928 28.81880064591421 0
-32.17412017351937 9.445616537725577 0
-45.09851534474025 17.83692711082181 0
-29.02167118571186 39.03079743827788 0
-17.03946941768738 27.67903480252096 0
-31.3493469381561 9.042426310981378 0
-36.49123738216231 11.05725914419092 0
-36.68084285053484 12.86484805956332 0
-38.40814108953067 13.56761577020986 0
-36.8967802728202 14.71515915977257 0
-35.10844634563768 13.82168577495585 0
-35.38866473134472 15.72675096292186 0
-33.89773742974985 14.96695645160264 0
-33.79606435493797 16.64472979095021 0
-35.52681966505713 17.49222112542914 0
-34.05134680510309 18.43607359505119 0
-32.66284977158401 17.71773678994954 0
-32.45441244860806 19.27351759212355 0
-34.05586811161955 20.20285466488419 0
-32.54716484766606 21.0354844535486 0
-31.30249430134025 20.30691591512209 0
-31.15715991875792 21.84324983008933 0
-32.46951523634738 22.79367244616769 0
-30.9052264756508 23.52997574751267 0
-29.58660062708469 22.35783747238143 0
-29.31636881576354 24.16423378285052 0
-30.65768059339743 25.27106640915244 0
-29.01308361260339 25.8817530258002 0
-27.95283450553761 24.72646622215483 0
-27.25892758708016 26.2333990022127 0
-28.6304395967913 27.59455610815514 0
-26.93096248068204 28.07653150828048 0
-25.68135746772869 26.93644261820024 0
-25.30020435756256 28.49406843962667 0
-26.3410512180305 29.79859614024455 0
-24.15975646487712 27.36209447822251 0
-23.78378105469501 28.84939913180345 0
-22.78769823750412 27.73667149842949 0
-22.40475041978342 29.17461654477416 0
-24.63004536318092 25.93978626661848 0
-21.50199352939907 28.16659979573985 0
-38.44854985271818 15.29425589227239 0
-33.58222523872929 13.54819284040838 0
-32.57327930266077 14.36587227493287 0
-23.36362525066932 30.27299323668737 0
-32.23023222878919 13.12048882303306 0
-21.74068393408485 27.01857151493027 0
-20.71007792750275 27.33667008869662 0
-20.40127055020646 28.38876477560091 0
-31.4545818019818 13.85965792182509 0
-31.59629487972124 14.97738371020905 0
-33.26005709556111 12.28355360218633 0
-32.19029308076772 12.00083627757442 0
-21.97603746050245 30.5443517018724 0
-30.5652659275515 14.43535906619046 0
-30.66906453647993 15.50719552492346 0
-19.67026552193905 27.47954137703567 0
-19.36325176352552 28.53060461835874 0
-20.02205002383308 29.42923100066712 0
-23.06702143953179 31.79835031918943 0
-21.00913375756677 26.39990312338537 0
-21.82467119917696 26.06872106615848 0
-20.05418818459092 26.58978963690123 0
-31.59574262116375 16.05312761643868 0
-30.66255601299011 16.56237513028987 0
-29.7137808211841 16.00187628673687 0
-29.75306936623363 17.03426718448283 0
-30.61695704185984 17.62397030720379 0
-29.66942524712193 18.06738351539039 0
-28.83707859220028 17.40866520868593 0
-28.75281854519679 18.4692929750093 0
-29.53463052301016 19.0892547293288 0
-28.57794486117671 19.50661474878654 0
-29.38228984115178 20.18179915479733 0
-28.38781267004066 20.56214222011685 0
-27.57584476131556 19.82231387503055 0
-27.41230302582722 20.87996613108156 0
-24.98523166204513 31.32997299375831 0
-24.15226243080988 33.28240264880972 0
-26.37339933655544 32.91485534007439 0
-25.77751121032831 25.46758794698133 0
-26.40303083645018 23.86351241832529 0
-24.72030177656722 24.72992035446815 0
-23.73253783001027 25.04199555351515 0
-25.21261954786449 23.3048652735887 0
-23.94642883199197 24.14968511148134 0
-23.43129673429399 26.15339366529347 0
-23.12755664225945 24.43414830117906 0
-30.56971353969609 13.53254303183458 0
-31.3321425601522 12.51881811116264 0
-31.38831062876516 11.66054057395604 0
-32.03987305323776 11.02849257202641 0
-18.79694538191384 27.84375080820921 0
-26.7134664012317 20.20498243954261 0
-26.40290562000871 21.10330090630504 0
-27.20666680286764 21.96446542411179 0
-26.24948346969012 22.13425396910798 0
-25.58771312711158 21.50824786652688 0
-22.8320274544908 25.19070282720983 0
-28.0643362022228 23.06077809481335 0
-35.31096690364628 12.00649323239831 0
-29.84122639894482 15.04882241111218 0
-27.87829361819941 18.82524078216095 0
-18.41888598885279 28.69567931760598 0
-17.80983861445383 27.92450649976444 0
-32.95204860452844 11.21181932734517 0
-32.57397845220809 10.31360903310149 0
-25.3453241918777 35.04083946700997 0
-27.94152505126148 34.49681013369951 0
-28.73438082390069 32.38642798634942 0
-30.33713483747474 34.03520754988376 0
-31.16195193447863 31.14512266746542 0
-26.83561746344203 19.4096367813449 0
-21.16928611514755 25.48501190261637 0
-28.96563462687611 16.52836029664438 0
-25.31041153881126 22.42113293037176 0
-20.20739930393774 32.27765068640395 0
-31.70729828877809 10.20122504562722 0
-43.58356549015905 21.46811384795312 0
-40.08258864022395 21.65889189982927 0
-38.39146039123757 24.21436303091235 0
-37.26649403108784 21.55133863913043 0
-35.56126216001261 23.75730468346645 0
-36.58401220291717 26.46526838153919 0
-33.91539722092496 25.97903769051753 0
-34.93242950709118 28.55515104851593 0
-38.53393034728374 19.52144046935894 0
-41.59673441823985 19.02931716247567 0
-37.74557705136553 29.18489685534421 0
-32.21459108440446 28.28753158942295 0
-28.09101665566453 17.91967054902488 0
-35.15710512078824 10.54194508022988 0
-44.58145171019857 14.51634504438871 0
-17.98224715066462 29.51752832099348 0
-19.26128407805802 31.30970431789596 0
-22.73100937652458 35.01494097813193 0
-25.68939535613975 39.39157579092008 0
-25.93099009889134 20.26780892874973 0
-32.06574256458844 36.70985462179106 0
-30.69191468818631 12.10519092909877 0
-29.82980221587651 14.30820852504651 0
-29.14023471144185 15.3539050412655 0
-30.46295292375815 18.64133050912654 0
-42.22488706160985 16.07431285395094 0
-35.99088505653875 19.50018584378358 0
-33.98098232907126 22.10702803529462 0
-32.29624262370591 24.61712725195141 0
-30.43254543557454 27.09177072081222 0
-28.10886630506102 29.43212918475143 0
-22.33584369774271 24.52031304409965 0
-29.27860458447653 14.11557027831051 0
-29.8937389119794 13.14339145291702 0
-28.33137202723855 16.16633341430681 0
-19.4180530085459 26.12449581647341 0
-27.64782835529663 17.21295683993212 0
-18.45257624685859 26.74527117827619 0
-18.99065088595461 27.06046013720806 0
-26.97275888246543 18.15071693513984 0
-17.45765095325822 27.3491587405982 0
-23.31530299480172 22.62838109383793 0
-23.92861933532997 22.81565670547643 0
-24.43193607711624 22.32983484509334 0
-22.54219658039275 23.44820225106314 0
-30.38320571634083 11.4758222456588 0
-20.71640870449003 24.93862676880926 0
-24.10840043572706 21.78514522648437 0
-21.66957000517677 24.29503983900141 0
-30.83990586079311 10.34972777909244 0
-26.29896993959145 19.08346600318647 0
-24.96545794431989 20.98182756851533 0
-19.8891948793498 25.78397228603693 0
-21.841173612874 25.0847423107275 0
-34.18126893940486 11.22579360155105 0
-39.93412297497595 12.39393117347726 0
-21.14775581461424 29.36786338905234 0
-32.71565498437645 15.61511966953437 0
-33.12281760517482 9.680797596627443 0
-20.54433973426113 30.73914419983474 0
-31.24535557868653 10.84908606545077 0
-25.94341323507057 23.12093205810084 0
-26.88723833797242 22.95218644974571 0
-28.31783553756451 21.68997822018639 0
-29.19070132061158 21.13378971700305 0
-18.98522085260401 29.47687251200797 0
-37.18858429493983 16.47652318274551 0
-16.86616832800687 28.26289044013749 0
-23.35633647336653 23.6269087588769 0
-30.1113859230638 11.94032696019993 0
-24.7547787086005 29.74900598842407 0
-22.61914299096591 26.6156589576545 0
-39.90368909507507 27.40090858256017 0
-31.59510605688067 17.14140665392966 0
-28.23141446255804 17.20814492153492 0
-31.49036983420427 18.20733029089044 0
-30.59197197840438 12.8322340157004 0
-35.82012522036382 31.73135631230492 0
-20.43876561747577 25.9728721538598 0
-31.56701982949514 9.618323441928919 0
-27.13060106961049 36.92320341605738 0
-24.85880160129115 21.74905450472928 0
-31.90329139160146 26.24930673237131 0
-30.15549798338612 29.0897857748476 0
-33.32837703834789 30.45464350634591 0
-19.42545597941585 26.7138426490819 0
-27.51401462125145 18.22860229738917 0
-27.21665366581372 18.68464968807211 0
-24.61271559960363 22.98074755246802 0
-40.15611243877582 14.68999618136498 0
-30.27896792721625 20.87719151753323 0
-19.56281272501105 30.32871276177071 0
-28.68639140038483 15.11477756563951 0
-39.31586329300148 17.04322597661297 0
-28.93328245805488 15.9235341205615 0
-47.14223786912644 15.14120322438183 0
-25.53605715749654 19.95907465574978 0
-25.63663090537978 20.84920105531494 0
-32.47308355778858 16.63442410416049 0
-26.87888193927272 41.65564500615148 0
-29.2993349417294 36.23917463194191 0
-37.12705406422391 18.16206700454086 0
-27.23119508418375 23.8446916481842 0
-18.47659611376979 27.29807368426319 0
-22.68653750064492 23.97533154819744 0
-33.64467991401242 23.85083402147954 0
-21.6009198815499 32.06983229387161 0
-34.25949956978876 12.691137536097 0
-30.04339210300969 13.78644960687421 0
-16.57761870733959 27.86489076989526 0
-31.06582990814073 13.1823387501289 0
-22.54542467195828 33.18150152989625 0
-28.4521014267746 16.79500482310957 0
-38.42103070352536 31.79154239376458 0
-30.36080877048682 19.70812418629826 0
-35.42168841924335 21.16994963972991 0
-32.77369594055089 33.02506797957017 0
-26.69008650675003 24.71250348912265 0
-27.16895986352483 31.22683417413495 0
-25.59723018687162 24.14385902604636 0
-33.37574485057936 10.48765771328743 0
-27.37373475822196 19.2118714810372 0
-31.2111532130409 19.20596072533201 0
-23.36491599321821 27.01726444515828 0
-30.90333287165072 11.3179561337737 0
-23.98433394709972 23.41996427509903 0
-24.65823723093457 23.82027856341029 0
-23.50139743250831 23.10649204100095 0
-22.59129588892673 25.88240314020402 0
-29.33192257378335 30.59544104674923 0
2 15 0 275
5209
5210
5211
5212
5213
5214
5215
5216
5217
5218
5219
5220
5221
5222
5223
5224
5225
5226
5227
5228
5229
5230
5231
5232
5233
5234
5235
5236
5237
5238
5239
5240
5241
5242
5243
5244
5245
5246
5247
5248
5249
5250
5251
5252
5253
5254
5255
5256
5257
5258
5259
5260
5261
5262
5263
5264
5265
5266
5267
5268
5269
5270
5271
5272
5273
5274
5275
5276
5277
5278
5279
5280
5281
5282
5283
5284
5285
5286
5287
5288
5289
5290
5291
5292
5293
5294
5295
5296
5297
5298
5299
5300
5301
5302
5303
5304
5305
5306
5307
5308
5309
5310
5311
5312
5313
5314
5315
5316
5317
5318
5319
5320
5321
5322
5323
5324
5325
5326
5327
5328
5329
5330
5331
5332
5333
5334
5335
5336
5337
5338
5339
5340
5341
5342
5343
5344
5345
5346
5347
5348
5349
5350
5351
5352
5353
5354
5355
5356
5357
5358
5359
5360
5361
5362
5363
5364
5365
5366
5367
5368
5369
5370
5371
5372
5373
5374
5375
5376
5377
5378
5379
5380
5381
5382
5383
5384
5385
5386
5387
5388
5389
5390
5391
5392
5393
5394
5395
5396
5397
5398
5399
5400
5401
5402
5403
5404
5405
5406
5407
5408
5409
5410
5411
5412
5413
5414
5415
5416
5417
5418
5419
5420
5421
5422
5423
5424
5425
5426
5427
5428
5429
5430
5431
5432
5433
5434
5435
5436
5437
5438
5439
5440
5441
5442
5443
5444
5445
5446
5447
5448
5449
5450
5451
5452
5453
5454
5455
5456
5457
5458
5459
5460
5461
5462
5463
5464
5465
5466
5467
5468
5469
5470
5471
5472
5473
5474
5475
5476
5477
5478
5479
5480
5481
5482
5483
9.616804695562575 31.03737643235852 0
7.378264115493759 31.64438371753111 0
5.00572810890255 32.09946459946735 0
2.846846147903161 32.3934232942609 0
0.483528161588736 32.48954520599342 0
-1.845818241185411 32.56983102029561 0
11.80636275033882 30.27229589849111 0
-4.164296805985422 32.23501728388865 0
18.63345795895088 35.20986691336984 0
-8.889225075622756 38.81814245174017 0
13.41718351251335 29.60981422372173 0
-5.86359306771869 31.95720817429635 0
17.01104137340483 31.25497015693115 0
-8.358622167925329 34.49009629174051 0
12.58806750729782 47.65929227744435 0
0.3552128504026443 48.51295125456248 0
-9.455120982162429 43.1684410054479 0
20.27267629514806 39.3755693268225 0
-2.992030430732299 32.35505148357119 0
-0.776108227786409 32.47865001041137 0
14.52180006272306 29.10096651691008 0
1.659502887872253 32.50791824332298 0
10.71840946623206 30.67437065940645 0
8.493369892489085 31.37215056216679 0
6.236508186062983 31.8231940150416 0
3.978126197010722 32.34744146562343 0
-7.06618765231728 31.77529448598818 0
16.27092295889901 29.45553604097973 0
-7.906916210682156 32.58641368354411 0
-7.102025668951663 47.97492351691873 0
19.29082651866356 44.64890322624675 0
15.45101258238031 28.59613078398572 0
-7.843702571917655 31.67054399598635 0
-8.669751375987888 37.13096816057647 0
-7.1991361898633 38.19896577057119 0
-7.454170618983764 40.04623378077703 0
-5.704688483321144 39.31112861400445 0
-5.584292168584479 37.31564931020589 0
-4.074566512794611 38.51085814482061 0
-3.987104210453961 36.83977997078339 0
-2.483273339380643 37.59061517479115 0
-2.614701969296405 39.51323890832941 0
-1.059565323200121 38.70736816382698 0
-0.9874147281301566 37.14572605716875 0
0.4641496307611979 37.7431044414632 0
0.4682513129434719 39.59467426504633 0
1.943681493853085 38.70441380602397 0
1.935057904342533 37.26221322434956 0
3.338229294691589 37.90451691447551 0
3.505141765750484 39.5162612663396 0
4.924943509956473 38.52969911139532 0
4.569154911230142 36.80166649088367 0
6.268655911059853 37.4708370326042 0
6.556545194356574 39.18586341958427 0
7.90771380852506 38.06694396355302 0
7.43733064144574 36.57109790066976 0
9.089326170001986 36.7236232714534 0
9.582366797433201 38.59196606643381 0
10.84950829599939 37.36116341079458 0
10.48696486109498 35.7089292798366 0
12.02648494712692 36.15765391441703 0
12.63581564556825 37.7113175873447 0
11.61639068647163 34.60401008695299 0
13.09242200473373 35.02205815732987 0
12.62681301533461 33.60306131667826 0
14.06358386357882 33.99039130138306 0
10.14949119405637 34.30013811419789 0
13.64199419666717 32.7045725263478 0
-5.979060791676553 40.94454885726493 0
-5.058033444202406 35.85715659255732 0
-3.845429313716872 35.39222349814006 0
14.53536856625723 35.36998960994057 0
-4.752439483578727 34.47244429152191 0
12.5284273388775 32.33727034003839 0
13.31921178796066 31.60378864392735 0
14.38475620265741 31.8624009537666 0
-3.724475052927855 34.17029586684759 0
-2.827352664592202 34.85188588641154 0
-5.992159079540505 34.94583117717154 0
-5.70211745734673 33.87802970199974 0
15.46416578572573 34.30398256626582 0
-2.781245299704145 33.68797629978464 0
-1.904907002202624 34.31378676136256 0
13.96284815591054 30.77472032970578 0
15.02660250309694 31.0343702362724 0
15.47543664853262 32.05421945682175 0
16.00466845511694 35.87580171589098 0
12.35841988353599 31.39439510725432 0
11.66383908789497 31.93508022081188 0
13.00033921457165 30.66233123858349 0
-1.895454984552097 35.38927956958744 0
-0.9878403966547682 34.83574001736367 0
-0.9988590380596509 33.73382717700077 0
-0.1244265665001158 34.28404750396674 0
-0.04567251934668098 35.32704773843685 0
0.8121004806869804 34.72816773739401 0
0.6578070206041192 33.67797523612158 0
1.618467633702567 34.13531777805652 0
1.764464273410433 35.12236768898782 0
2.604251483703468 34.50253361213233 0
2.78680584155987 35.53670900120431 0
3.613431183837287 34.86563804019804 0
3.378704996914716 33.79253903163733 0
4.376429586771354 34.17973386215403 0
14.63993668147667 37.30283183567269 0
16.74727497747688 37.55767414838113 0
15.31840121814065 39.2974614796756 0
9.166822530050002 35.05777352798489 0
7.464892559582148 34.79745165044374 0
9.05658837226572 33.77336950496694 0
9.820735395812667 33.07397843382964 0
7.576295584780703 33.48720166120462 0
8.941026383954798 32.8130582541663 0
10.93385494219109 33.368795048166 0
9.596814827541857 32.24612573025297 0
-3.565330726472294 33.2404200277084 0
-4.824456770451923 33.39384046766971 0
-5.595830955476328 33.01334467336653 0
-6.468981793795566 33.26159028414603 0
14.7149228456176 30.20050761839503 0
4.141294875053371 33.23703174638552 0
5.074541878572513 33.41723745381072 0
5.418451636402813 34.54389731564921 0
6.044084496231971 33.79984650553573 0
5.832832479761517 32.91373352609795 0
10.39977486032098 32.36846720910059 0
5.939051560042905 35.83481713889238 0
-7.257555302203206 36.58344098694972 0
-1.887950694407182 33.36767134712803 0
2.363989940615364 33.55593087860619 0
15.64174427350718 30.29906283456314 0
15.27841270973018 29.38602592730305 0
-6.76630394214247 34.14322086193445 0
-7.355141798737537 33.36669735848998 0
17.67359505244046 39.47011435084178 0
15.90435139969948 41.44647558174781 0
13.68048748586877 41.08509824214321 0
14.30682169652231 43.29152997115443 0
11.39149146677858 42.5596033405353 0
3.391429799158126 32.9451448402575 0
11.4860246658548 31.07564550700438 0
-0.168837413638503 33.34915557193933 0
6.762064929936246 33.13002583804252 0
17.84956581694783 33.63894648483086 0
-7.01912910515293 32.55993832626651 0
-3.199850781415509 48.47853182595721 0
-1.284143717037975 45.54198596179021 0
1.77452332561106 45.355161502652 0
0.03075973150406715 43.04939986047089 0
2.79379830132348 42.67560876294447 0
4.627588634928442 44.91531813085579 0
5.540807995401088 42.36111441802645 0
7.263271463370569 44.52994689330833 0
-2.360901808713191 43.13208282308982 0
-4.318495129747479 45.5384873019088 0
6.402073557874905 47.2810770346575 0
8.390425424594369 42.04242004633666 0
1.47338159507811 33.28736931645383 0
-8.448960315616885 35.71791869823787 0
-9.71920227656871 45.86684224081502 0
16.57180580759033 30.33184701010305 0
17.48435728525199 32.3356134800533 0
18.95832371082735 37.19310206280781 0
21.26940765197443 41.94345688174115 0
4.586942361903285 32.59080063529957 0
15.75879792251814 46.12476218964363 0
-4.86255448183089 32.63257327530417 0
-2.523629042602545 32.98747077134021 0
-1.27324554268872 32.91313605298443 0
0.9123893193693652 35.70235636083565 0
-7.191680250910585 44.6049812942587 0
-1.107786209037684 40.91911368554545 0
2.15475671620516 40.48190796018113 0
5.170936256534686 40.27793018490367 0
8.245888959946766 39.90124280945597 0
11.43474693273225 39.06623737758348 0
10.06729215608112 31.60356457925164 0
-2.414859842314384 32.41380049667152 0
-3.564358565878561 32.46043303833248 0
-0.1652305907776432 32.61885460681101 0
12.91545053385934 29.87877510567018 0
1.082943719981194 32.55020013512539 0
13.93579614806355 29.35303538418603 0
13.93972047394674 29.97661617024297 0
2.2326025215013 32.43445286993722 0
14.95624076486788 28.79334858622243 0
7.939101376380798 31.50583523734927 0
7.794628643304559 32.13062057462096 0
7.122236199608989 32.32359472896823 0
9.035640532303768 31.2462160212548 0
-5.253249264113157 32.05053912158957 0
11.23927996504683 30.41024959767293 0
6.812288973407308 31.77105983518922 0
10.20533668394871 30.91391803306744 0
-6.456825751446935 31.88300581531405 0
3.377281381222628 32.31730906264249 0
5.688066720004869 32.11163458115217 0
12.38497757051394 30.11653416935534 0
10.8034372820558 31.45738235257589 0
-7.368812033119518 35.21474403588947 0
-9.233602238508176 40.78093056091929 0
14.85943784251221 32.99842546302326 0
-2.834737175238554 36.14014815268901 0
-8.177592155013048 33.52560028931357 0
16.34870990054194 33.16149221377168 0
-6.227093648817161 32.48381471414619 0
7.051607903966489 34.02812095150882 0
6.433557368903018 34.76112466317632 0
4.625154377439091 35.3689540658257 0
3.707048112864006 35.84678375644697 0
16.0351099932381 31.18011981081706 0
-4.325204505173509 40.44452032157303 0
16.04329694153397 28.73797545662628 0
8.783334961413118 32.04063510471203 0
-4.715066484504425 32.04738863263078 0
13.38600556903256 36.31277022094098 0
11.74026530032969 32.89658192084452 0
3.778038371735645 48.25806275233115 0
-0.952659409536799 35.9328678074936 0
0.7869834227767554 33.05319457011007 0
0.02282564990384585 36.37512539644189 0
-4.18294534429764 32.90954189301069 0
9.570098052812767 46.88681656372945 0
12.27378428575339 30.68692632366232 0
-7.453797472219688 32.14700281507393 0
18.4111316126099 41.95739145426929 0
6.405832908752526 32.4028809467228 0
6.780920766166696 40.7537141756614 0
10.11486860128341 40.66459430805227 0
9.710306420522336 44.09054293529506 0
13.42213837710657 30.17985968281211 0
2.029425354400104 32.94213677079557 0
2.57305445777935 32.91263832463386 0
7.595553378595896 32.80561074161661 0
-7.356146344835175 42.12121157988712 0
2.94069425025364 36.66095118412312 0
16.48402935329672 32.10624917021084 0
-1.253414355795259 32.40053247845765 0
-4.898064988319899 42.57014937176376 0
-0.6764561625901853 33.01872468382938 0
-10.45845229839084 48.39697719810258 0
4.517037109163485 32.09441153875939 0
5.237622309828946 32.62657415916554 0
-1.830707927367649 36.43972735234599 0
22.63540581672185 44.1056170878085 0
16.73438583000268 43.49381248461238 0
-2.834715620951372 41.23400548957019 0
7.034511170654972 35.50525254241972 0
14.40252722807333 29.65023845213021 0
9.419977434580488 31.63478357356599 0
3.833088207042981 41.06256451847906 0
16.97282952084559 34.74186150948243 0
-6.1389022757146 36.01516571642933 0
-3.08228046395749 32.91156558050064 0
15.84289392673993 28.28908431975486 0
-4.116674715166756 33.49496726516079 0
17.46331092464353 36.11566126998644 0
0.3188501201106928 33.03774503819508 0
8.321767986728752 49.16935982571746 0
1.88733182103318 36.14729376784202 0
0.6228699752216215 41.26105683587193 0
12.21370303242189 44.89549643181368 0
8.056612559329189 35.47054468862391 0
13.4588935957387 39.14731121270966 0
8.110580168522933 34.23978112138101 0
-7.60529441938758 34.1480717674736 0
2.951101377712681 33.31228543759546 0
1.027273285705229 36.6326319265765 0
11.71517935368105 33.74324303000596 0
-5.650028905057209 32.42204939534357 0
8.290117044417261 32.48102462859023 0
8.29984774567769 33.26479913623964 0
8.260110383600964 31.90605322148785 0
11.11917068596372 32.50583771433011 0
11.83142891884323 40.73300320487102 0
2 16 0 51
5484
5485
5486
5487
5488
5489
5490
5491
5492
5493
5494
5495
5496
5497
5498
5499
5500
5501
5502
5503
5504
5505
5506
5507
5508
5509
5510
5511
5512
5513
5514
5515
5516
5517
5518
5519
5520
5521
5522
5523
5524
5525
5526
5527
5528
5529
5530
5531
5532
5533
5534
-34.47773490496564 -42.05199720495087 0
28.60908741400857 46.23222230489242 0
-22.35721518626035 49.57309583165895 0
15.60303337890842 -52.08244734626393 0
52.97948725806887 -12.26348772595047 0
54.34508843910796 2.286543260232712 0
-54.14357682733059 5.150843178074253 0
39.9120343227626 36.96704280040938 0
54.32943178498996 -1.911209309818029 0
52.0068889325468 -16.14856855387234 0
-53.60159302305721 9.07440925131451 0
32.54454643327059 -43.57675342274145 0
-51.02307425345318 -18.83427121728355 0
28.9036457278069 -46.04312047860609 0
-3.574119121327736 54.27076032462038 0
19.40334695089769 -50.77779330164711 0
42.73732275977194 33.60995922708931 0
-25.95097129390984 47.74223779334382 0
-44.34013282470774 31.46566421778668 0
-17.58578891224036 -51.44517691811649 0
-13.30152156096293 -52.70652651444694 0
31.94945675213829 43.97670449754042 0
-46.76214162040787 27.71551227168084 0
-37.11202784478778 -39.7430378665447 0
36.88452260897866 39.93142297909515 0
25.26002222438587 48.01140579479065 0
-31.28357583359057 -44.45621906784189 0
0.712705706008107 54.44357780051791 0
-52.39628789151217 -14.77728173708972 0
25.2172539694365 -48.15074329950973 0
35.88455049351597 -40.91848702998038 0
-49.41817851758498 -22.78209226245269 0
-7.807298679912424 53.84600505260241 0
12.02712336127523 -52.90278416679696 0
-18.63561915794035 51.06803270094134 0
53.73130601086351 -8.264046111102639 0
-54.33437716209676 1.728729204590764 0
53.65629679263741 -5.080248074880406 0
45.19110865888596 30.19573300809993 0
-41.78193690799814 34.74967002141688 0
-52.94578157269729 12.51191824412618 0
-21.44927227005527 -49.92453457933375 0
-15.59142810223908 51.69663934141875 0
-13.0575506397806 53.0799998118177 0
53.95388066834956 6.385863083511326 0
22.15598464723023 -49.1290983881597 0
-28.62202048373918 -46.02795298803355 0
-9.199715787185291 -53.53919263784187 0
34.17500094689487 41.6739464126202 0
-48.71570247865151 24.02392624391543 0
-28.92504441165263 45.80466824007164 0
2 17 0 354
5535
5536
5537
5538
5539
5540
5541
5542
5543
5544
5545
5546
5547
5548
5549
5550
5551
5552
5553
5554
5555
5556
5557
5558
5559
5560
5561
5562
5563
5564
5565
5566
5567
5568
5569
5570
5571
5572
5573
5574
5575
5576
5577
5578
5579
5580
5581
5582
5583
5584
5585
5586
5587
5588
5589
5590
5591
5592
5593
5594
5595
5596
5597
5598
5599
5600
5601
5602
5603
5604
5605
5606
5607
5608
5609
5610
5611
5612
5613
5614
5615
5616
5617
5618
5619
5620
5621
5622
5623
5624
5625
5626
5627
5628
5629
5630
5631
5632
5633
5634
5635
5636
5637
5638
5639
5640
5641
5642
5643
5644
5645
5646
5647
5648
5649
5650
5651
5652
5653
5654
5655
5656
5657
5658
5659
5660
5661
5662
5663
5664
5665
5666
5667
5668
5669
5670
5671
5672
5673
5674
5675
5676
5677
5678
5679
5680
5681
5682
5683
5684
5685
5686
5687
5688
5689
5690
5691
5692
5693
5694
5695
5696
5697
5698
5699
5700
5701
5702
5703
5704
5705
5706
5707
5708
5709
5710
5711
5712
5713
5714
5715
5716
5717
5718
5719
5720
5721
5722
5723
5724
5725
5726
5727
5728
5729
5730
5731
5732
5733
5734
5735
5736
5737
5738
5739
5740
5741
5742
5743
5744
5745
5746
5747
5748
5749
5750
5751
5752
5753
5754
5755
5756
5757
5758
5759
5760
5761
5762
5763
5764
5765
5766
5767
5768
5769
5770
5771
5772
5773
5774
5775
5776
5777
5778
5779
5780
5781
5782
5783
5784
5785
5786
5787
5788
5789
5790
5791
5792
5793
5794
5795
5796
5797
5798
5799
5800
5801
5802
5803
5804
5805
5806
5807
5808
5809
5810
5811
5812
5813
5814
5815
5816
5817
5818
5819
5820
5821
5822
5823
5824
5825
5826
5827
5828
5829
5830
5831
5832
5833
5834
5835
5836
5837
5838
5839
5840
5841
5842
5843
5844
5845
5846
5847
5848
5849
5850
5851
5852
5853
5854
5855
5856
5857
5858
5859
5860
5861
5862
5863
5864
5865
5866
5867
5868
5869
5870
5871
5872
5873
5874
5875
5876
5877
5878
5879
5880
5881
5882
5883
5884
5885
5886
5887
5888
15.97836875498311 27.13310223573914 0
-0.6648958814187945 31.48925878662903 0
-31.15246550922957 4.640605552557196 0
-11.55036380064292 29.32222379463995 0
-19.60814261002783 -24.63737078658737 0
-15.49680315779302 27.41097563730908 0
1.213816767458324 -31.46645594534597 0
-15.49502323863856 -27.41237890361808 0
31.22008240782578 -4.098448468602162 0
15.98055177357225 -27.13239321188454 0
20.04017636275566 24.28744836047557 0
-30.93769647583762 -5.870909432097364 0
12.06032485889792 -29.11619984097673 0
-24.4603621503801 19.83067490241373 0
24.80920924296727 -19.39236243721534 0
10.91535149691371 29.54462284299982 0
-23.2416149122604 -21.24594046766012 0
23.61599335826305 20.82916965264263 0
30.19138051578239 -8.96820261186865 0
-31.48739125541251 0.2982553724976399 0
-30.02462866508842 9.492217033618831 0
31.04166354636207 5.329843679821003 0
29.60451641708691 10.73015896608296 0
-6.791748909416087 30.75716996665696 0
-10.38780460954257 -29.73420876323956 0
-27.60553206642208 15.18084941761703 0
-29.40903408324123 -11.25511379715652 0
7.333120902792891 -30.6335842469259 0
4.930677593415521 31.10107052762772 0
-4.376301027317133 -31.18376795545747 0
27.87208943312169 -14.68572418856402 0
-26.65056410996863 -16.79795733657752 0
20.98803317265083 -23.49271666337252 0
26.94276318446322 16.31257594032688 0
-20.5603071512128 23.87044137609621 0
11.0189507706339 -29.52180411182582 0
-6.208509149770633 30.86972281532919 0
19.60284842148432 24.6667012097783 0
-10.50105542061804 29.71105679544833 0
6.756639707950309 -30.75362219647479 0
-26.34124128123149 -17.28376221845414 0
-10.93822747260226 -29.54502029446757 0
-19.16708420797364 -25.00842896316386 0
11.46318143431622 29.34512498551156 0
26.64498837188748 16.81042243367177 0
23.19210575583433 21.28091866588257 0
21.41520552409155 -23.10886711510681 0
-22.81215886608861 -21.68938828534897 0
29.41473785860635 11.28365484265992 0
-27.32210639013248 15.68932067017196 0
27.59772119274904 -15.19960998740993 0
-20.99910431235418 23.48801949836099 0
-31.48501881895734 -0.307546586125629 0
5.532431896261238 30.99478679156886 0
15.49447084542901 -27.43914642327466 0
27.23701731850737 15.78258721798694 0
-24.83699284566507 19.38724124321731 0
-20.08759864313592 24.23962273861472 0
-16.00536478513765 -27.1403431177461 0
-1.274684806919549 31.45445090248458 0
31.1594173883392 -4.671831847951075 0
-29.20871363158143 -11.80515196989978 0
-31.24778875144805 4.084043753269206 0
28.13765922262092 -14.17595421742653 0
25.17760481381364 -18.94179410381789 0
-4.979878709989007 -31.08694597137199 0
15.44823616601161 27.43205993448367 0
20.11642206190425 -24.25088598832837 0
31.29667015574234 -3.512133319246958 0
-27.88077962556696 14.67545471974844 0
1.834161721693157 -31.42676887820369 0
-30.98263546647982 5.765652850431551 0
-16.00901755461155 27.13519565266166 0
-14.95938968116298 -27.70243639632186 0
10.33835101286813 29.73541617337694 0
16.48906284336996 -26.84565501991584 0
-14.98266420119808 27.70110080426904 0
-27.25278659914791 -15.81457296349425 0
30.9142508869454 5.931799418156838 0
-30.19287875532327 8.897673640578171 0
-29.82676525858027 10.07353747193769 0
-30.80392807824678 -6.480945759672853 0
24.46182597849212 -19.85826149119382 0
29.99975421935356 -9.541134394326646 0
-3.767787105277914 -31.25553223045989 0
16.48101601111437 26.85571389383344 0
-29.61521470711469 -10.67962794104207 0
-9.845425370320115 -29.92943747171341 0
31.23085214726531 4.180654992652504 0
6.17057781301019 -30.87486053337441 0
-24.10410882404744 20.29012548904383 0
29.80080387398775 10.15263502864503 0
-26.02322163155853 -17.76628935356869 0
-11.47993749933183 -29.34380718904391 0
-31.48032512327788 0.8903069982654443 0
-5.621489162472995 30.98007316224878 0
-31.47226128968921 -0.9086231376157763 0
4.321837848987763 31.18354043951622 0
31.51033550187964 -0.845664211598556 0
-20.0662541097651 -24.29743000537224 0
-31.05897162934512 -5.299165437045429 0
12.00092284358542 29.134457567491 0
21.83784299632406 -22.71542064857324 0
24.00960694920207 20.40354799230559 0
-23.64380689257423 -20.79012166288864 0
-7.344122139872997 30.64440334447124 0
30.50906958041585 -7.848111405905307 0
6.120394858712672 30.88400176411471 0
0.5875125413022222 -31.47151648233257 0
-12.58808652468969 28.89910049876615 0
27.31743807553561 -15.70531930361095 0
26.33576775757178 17.29983348429645 0
0.4968596413366924 31.50612736688289 0
-21.42972468419929 23.10115487848435 0
-27.03313552846376 16.18948047503044 0
13.09209059584687 -28.67535077572711 0
-19.6028633684138 24.62252808139269 0
20.48993350903244 23.92985194118393 0
-29.6321241664539 10.6378503814509 0
-5.5710251003439 -30.98758078222528 0
27.53517870535151 15.24026289478236 0
8.491994712636187 -30.32065423356739 0
10.50072365752406 -29.72098990172377 0
30.99758350244042 -5.762269335644058 0
18.74009901233154 25.35303737126593 0
19.66884979558168 -24.61891010464601 0
31.50473346699692 0.3038916161905345 0
-16.95482964473265 -26.58185498631241 0
28.64393366740539 -13.14529022997122 0
-27.54125977764141 -15.31210517177807 0
17.41756449691648 26.28240763633847 0
31.50424072587481 0.8716372963250161 0
-31.38719888234658 3.003327969821775 0
-30.89014461489095 6.303906075427463 0
31.49723187259675 -1.396770049246346 0
-28.78263260325351 -12.85608090902374 0
29.81619530590294 -10.11001322257664 0
-18.29491421737026 -25.67796525341734 0
-20.89607488245566 -23.61883232003031 0
-9.979364593895992 29.90078999132634 0
13.59386692014053 -28.4477380471177 0
21.31771224768394 23.23143656115947 0
-13.09439565421637 28.68049593322739 0
-8.75255403608011 -30.27828003342581 0
31.30519673844851 3.605385958156996 0
17.44931782249678 -26.25701056984636 0
14.54257651412194 -27.97652357172534 0
-28.405601424015 13.65381603498388 0
-31.46993750354317 1.948393434642455 0
31.43363682047775 -2.452349317588594 0
29.00765885841051 12.34058679528752 0
30.89203445183479 -6.309155683440649 0
-16.97817592355055 26.56439636412319 0
17.9018173636483 26.0535110309303 0
-17.42254939283511 -26.27891687558744 0
-23.38202324167877 21.14913899400541 0
-30.51542307559999 7.850348157501726 0
-1.851471409875452 31.43674440189614 0
9.751512915689567 29.9200206861155 0
30.81310710855791 6.497557999163774 0
-30.77857519355799 6.848473858997396 0
-14.04917402883075 28.22615505755491 0
21.74031246655921 22.91503796977068 0
22.78694014563561 21.71851819515035 0
-22.05509045709481 -22.50090992149798 0
24.72913816836016 19.56594085866793 0
10.00673574236923 -29.90673800982626 0
1.077304764580944 31.4942825114169 0
-21.3583373463257 -23.31381082598575 0
3.239861679814588 31.35452242955446 0
23.75582737735112 -20.72870616193532 0
2.409947470632398 -31.3992187767626 0
25.85221213626538 -18.04561798037278 0
-31.244504609546 -4.178844512904489 0
-24.38788517251304 -19.97005564834712 0
-2.68051626434651 -31.40712679356717 0
-19.1659731859746 24.98537390188564 0
31.48713161157688 1.444010466500554 0
-9.483524612979092 30.07755989045163 0
-31.45815904897989 -2.006514833167203 0
-25.5261521098505 18.50405874941504 0
14.49611393854484 27.98964546980732 0
-8.49870976118679 30.34408702705293 0
-17.9117745887666 -26.04466507492011 0
-6.648391547650172 -30.81385675925626 0
-30.69309425692673 -7.044167913722322 0
-28.53854668254286 -13.38420161762717 0
-13.9946605448994 -28.24366116821587 0
30.17447630994817 9.116417028823021 0
-13.610724705383 28.52881295328013 0
0.01550423381691354 -31.49132853633865 0
17.93286933321926 -25.92367196037581 0
29.49559445364558 -11.13440029142789 0
7.196525114571879 30.69034784125446 0
-29.29228807375418 11.6585005122175 0
26.030062209717 17.77447999794104 0
27.82013324688406 14.75253710366003 0
-28.64997589182106 13.1441792741771 0
-17.46794745234309 26.2393414552261 0
9.215563841295767 30.11059528201266 0
28.77277394009493 12.87342271062923 0
-22.97923288449084 21.57817348013019 0
20.54495471972605 -23.87672752836713 0
5.09689755805605 -31.10750546798571 0
18.29180036510928 25.6851653368926 0
31.13930821642178 4.741027617186896 0
-0.06869040939735342 31.49825652991288 0
-30.00711827686928 -9.653125924915644 0
25.09086462743315 19.08285676700732 0
-26.95522201258351 -16.29781915280212 0
9.078003850803523 -30.15604368144673 0
28.87972585294206 -12.63101636417182 0
-4.541321026282001 31.19343497203061 0
3.493926895090087 -31.33401725723973 0
-8.209306374656393 -30.43395574897367 0
7.920298387670862 -30.4827097623883 0
14.10858356977988 -28.28629586399377 0
-24.74341446897316 -19.53693957391105 0
-31.3183606986151 -3.620447832140394 0
-25.7086474899787 -18.23577448382656 0
-21.84669224386065 22.72094155818126 0
23.3603370596542 -21.16517387777918 0
-1.064498852096787 -31.5108851099705 0
19.23163538724131 -24.97407839173028 0
-30.47019939927183 -8.101240585286112 0
-2.93443192835125 31.39140742642115 0
30.86507992895701 -6.854767476722884 0
26.18052213336887 -17.55680495112994 0
13.03884991030742 28.70558561563001 0
31.55014925166537 -1.931335861042891 0
31.37724130669077 3.060157129197575 0
1.625766289351893 31.48464128012774 0
-28.88408889050753 12.63741220879129 0
8.265035054933616 30.51834413614896 0
-12.52465844437595 -28.93375046775305 0
-26.45553307365156 17.15076345850698 0
30.60989076435719 7.556429267346475 0
12.55540482880237 28.89348170516781 0
4.033443185246451 -31.35267142014201 0
30.33687078084835 8.580506131039465 0
13.53961201690933 28.51467811822627 0
22.24827492811928 -22.32751233916783 0
-1.59725258377837 -31.52551632679902 0
-27.81874726305486 -14.82224421484394 0
-31.45869963253656 -3.097574983452381 0
-30.36504678513914 -8.623834770783795 0
-7.671170627689993 -30.58036951283119 0
-26.22719797681242 17.64575071469102 0
-13.49260598875506 -28.49350183859373 0
25.71694654041519 18.23729430136095 0
26.75738829525746 -16.67605771115693 0
-3.473822012968695 31.4195440315939 0
29.10483355393339 -12.12025537341787 0
31.50044863200452 -0.2970490319312355 0
-13.04351147114234 -28.79192687639522 0
2.159546700282193 31.49187795404296 0
22.64576454719134 -21.93518334088373 0
-12.03906597321138 -29.11246394893253 0
-31.06365147954666 5.219891333461736 0
31.50886406555753 2.535471270714054 0
-3.988396542069261 31.27845322194363 0
-31.51215450962101 2.483769177324479 0
-25.86009538704053 18.04366369762498 0
30.55662185711167 8.087840470112074 0
27.00454233687086 -16.22470482118757 0
18.7910343105351 -25.31596390872063 0
26.48233684134695 -17.1308763370077 0
-11.02307415876449 29.51741422830357 0
28.33435648929327 13.8381769981011 0
-25.38757471236739 -18.69322303416893 0
-12.09085480597708 29.09095215090257 0
11.53304265301803 -29.31476055190949 0
12.5995607380704 -28.87442302881443 0
28.63460990880156 13.38513700152746 0
-22.25082151061218 22.33572512353289 0
-7.913838698542212 30.49240402702123 0
23.02018569867883 -21.56053487855658 0
-26.71133527066508 16.70293098877263 0
-30.18073552125471 -9.120666889941527 0
-18.34621401074142 25.6461835392991 0
-17.95008663093411 26.01730137941954 0
-28.08244985259769 -14.33134999334208 0
13.99941817768487 28.24990718130112 0
-25.13445127753419 -19.16650674599586 0
-28.39149212192182 -13.89104914040178 0
4.545510895488026 -31.20257290891019 0
22.0595806342974 22.5047591966359 0
-22.6801177424667 22.01500453437201 0
18.40861705326446 -25.69370784423336 0
25.43156321745384 18.68505890258305 0
31.46827342120175 2.004313130341741 0
-2.122500450729363 -31.45736954998495 0
29.38073180532519 -11.6567974073572 0
2.683146754942391 31.41471786464733 0
7.732067176409839 30.57195295958545 0
-7.172462327271796 -30.78335665214493 0
-31.42750394470992 -2.565296617925422 0
-29.16858199255706 12.17790921855158 0
30.35795950784228 -8.4042525660427 0
-28.98007118842768 -12.35010853194265 0
28.3920810378843 -13.6460326971896 0
-28.14448581061909 14.14992970217635 0
29.19548029300916 11.83229599194233 0
-22.41436459540639 -22.09249779916929 0
16.98616105209961 -26.54969841442864 0
-30.73144572894074 7.383038765637699 0
-21.72960953406028 -22.89838038510337 0
30.69524302416992 -7.369169860801163 0
-16.51108377521566 26.84893834975492 0
-9.28312555364651 -30.10263590556835 0
-30.33674710004145 8.352702059891847 0
19.14146844150242 25.02114827819396 0
31.06351953300225 -5.246532513135194 0
-23.73996320240656 20.73771229144102 0
25.5321058344486 -18.48680703484616 0
-31.14717116526072 -4.717682865722279 0
-16.50249992600218 -26.83549151823425 0
24.10645682991234 -20.3121669218228 0
-25.19132772180185 18.91699588675581 0
24.38241545084657 19.95044438787818 0
-18.69867379026281 -25.35432452417136 0
-24.02563252220267 -20.36933679587364 0
-14.48373080945404 -27.989478835941 0
16.97167516580407 26.54174724262177 0
14.97985517991778 27.72763503777211 0
30.00578300944741 9.63887895310099 0
22.39795274999376 22.12033420191218 0
-29.82997347454137 -10.1715895489754 0
-3.225457585246751 -31.35111536257046 0
3.78301959838556 31.28925350768821 0
-5.080800922856447 31.10548660267396 0
5.633812286425429 -31.01066461930259 0
-31.48449785212371 -1.461528275426584 0
14.98200140685513 -27.71411587187096 0
-31.30887584559567 3.508325788399383 0
6.665792954232781 30.80651259719846 0
-20.50487894285326 -23.91952123638749 0
-6.116493326217052 -30.92086363106329 0
-14.48732139952721 27.97226988803944 0
31.36251222045685 -2.953084737232345 0
20.92384915001747 23.55067285807136 0
-29.45419124251105 11.16497228594653 0
2.975358047251175 -31.35987579151696 0
29.64838181426477 -10.63858287960317 0
-2.416842845965254 31.40781805003344 0
-0.548397860487185 -31.49600286488474 0
-30.57130900447036 -7.595438837745166 0
30.70161396851634 7.050121019780642 0
-31.46806708881737 1.448638933988018 0
-18.72923564720426 25.32869178684161 0
28.08570607004008 14.26611999660489 0
8.698106564989828 30.29130422904917 0
-8.990061503137154 30.30218835419208 0
9.529058282129176 -30.13307707873949 0
2 18 0 419
5889
5890
5891
5892
5893
5894
5895
5896
5897
5898
5899
5900
5901
5902
5903
5904
5905
5906
5907
5908
5909
5910
5911
5912
5913
5914
5915
5916
5917
5918
5919
5920
5921
5922
5923
5924
5925
5926
5927
5928
5929
5930
5931
5932
5933
5934
5935
5936
5937
5938
5939
5940
5941
5942
5943
5944
5945
5946
5947
5948
5949
5950
5951
5952
5953
5954
5955
5956
5957
5958
5959
5960
5961
5962
5963
5964
5965
5966
5967
5968
5969
5970
5971
5972
5973
5974
5975
5976
5977
5978
5979
5980
5981
5982
5983
5984
5985
5986
5987
5988
5989
5990
5991
5992
5993
5994
5995
5996
5997
5998
5999
6000
6001
6002
6003
6004
6005
6006
6007
6008
6009
6010
6011
6012
6013
6014
6015
6016
6017
6018
6019
6020
6021
6022
6023
6024
6025
6026
6027
6028
6029
6030
6031
6032
6033
6034
6035
6036
6037
6038
6039
6040
6041
6042
6043
6044
6045
6046
6047
6048
6049
6050
6051
6052
6053
6054
6055
6056
6057
6058
6059
6060
6061
6062
6063
6064
6065
6066
6067
6068
6069
6070
6071
6072
6073
6074
6075
6076
6077
6078
6079
6080
6081
6082
6083
6084
6085
6086
6087
6088
6089
6090
6091
6092
6093
6094
6095
6096
6097
6098
6099
6100
6101
6102
6103
6104
6105
6106
6107
6108
6109
6110
6111
6112
6113
6114
6115
6116
6117
6118
6119
6120
6121
6122
6123
6124
6125
6126
6127
6128
6129
6130
6131
6132
6133
6134
6135
6136
6137
6138
6139
6140
6141
6142
6143
6144
6145
6146
6147
6148
6149
6150
6151
6152
6153
6154
6155
6156
6157
6158
6159
6160
6161
6162
6163
6164
6165
6166
6167
6168
6169
6170
6171
6172
6173
6174
6175
6176
6177
6178
6179
6180
6181
6182
6183
6184
6185
6186
6187
6188
6189
6190
6191
6192
6193
6194
6195
6196
6197
6198
6199
6200
6201
6202
6203
6204
6205
6206
6207
6208
6209
6210
6211
6212
6213
6214
6215
6216
6217
6218
6219
6220
6221
6222
6223
6224
6225
6226
6227
6228
6229
6230
6231
6232
6233
6234
6235
6236
6237
6238
6239
6240
6241
6242
6243
6244
6245
6246
6247
6248
6249
6250
6251
6252
6253
6254
6255
6256
6257
6258
6259
6260
6261
6262
6263
6264
6265
6266
6267
6268
6269
6270
6271
6272
6273
6274
6275
6276
6277
6278
6279
6280
6281
6282
6283
6284
6285
6286
6287
6288
6289
6290
6291
6292
6293
6294
6295
6296
6297
6298
6299
6300
6301
6302
6303
6304
6305
6306
6307
-62.19190055353061 -0.2406848115764058 0
-59.53558675143151 15.0319114278484 0
-60.01920272947743 -15.51049058767056 0
-53.04261669268615 30.17328521757413 0
-53.06291135200858 -31.01031021837786 0
-42.06572726516698 -44.20883219125783 0
-42.88297709931108 44.0268346621511 0
-29.51613056662654 54.51309955220747 0
-29.64060321488063 -53.31063913158493 0
-15.21983590923575 60.30129811508119 0
-13.85075664149577 -60.18247604352953 0
0.2936963412001655 61.57396788810981 0
1.661226818168413 -61.88814906271303 0
16.91187012266926 -59.42468870035548 0
17.24487219786934 58.9173828925107 0
31.33931499306121 52.36213648975753 0
32.23344254624337 -52.26584590409396 0
44.96471385807728 41.89852258676451 0
44.81760403134334 -41.9773287317028 0
55.15270868859422 28.3029671531022 0
54.87159874913004 -28.32671714708522 0
60.23347051151317 -13.35677615455576 0
60.62323197791539 13.88211436334213 0
61.55241113377397 -1.655773726829449 0
-79.67460217397458 10.21765106635167 0
-79.82534793917033 -10.56859048496045 0
-74.70533441651543 31.21278276771962 0
-74.85401023002103 -30.62186338971031 0
-64.01472404118185 49.12197622470134 0
-63.27179125160015 -50.00132653255042 0
-47.96716052915161 65.11828882158818 0
-48.54929304668222 -64.77758169934383 0
-29.63116876182743 74.80067114350808 0
-30.05272617332465 -75.1851423736849 0
-9.395693772905165 79.60088555358202 0
-9.433946009932082 -80.07596927704482 0
11.94365804931982 79.6665627573345 0
11.82682684852668 -79.35469837427421 0
32.50273001965609 74.16674562377798 0
32.03234923269537 -74.24713457962594 0
50.71287976607676 62.97554180431171 0
50.45357120594769 -63.33884764151367 0
65.17189133025092 47.35015068197107 0
65.61146277998292 -47.28574034853864 0
75.3261579177715 28.14992065105661 0
75.28560481606149 -28.66164504433103 0
80.18875199308184 7.847295201349956 0
79.45819695344275 -13.25922795924818 0
80.62745820313188 -2.374170811858412 0
78.28927893106693 18.31120781696601 0
71.15788719765976 -38.11177181642734 0
70.98242734739074 39.01240539257939 0
58.55420247034932 55.40297182869689 0
58.51595016496486 -55.55491929059811 0
41.95639309285421 68.98012341274753 0
42.40160289124955 -68.91547229680123 0
23.39546056473282 -77.49317192471946 0
22.34671502604271 77.39532619423628 0
1.591335329269464 -80.129947893728 0
1.870404100853696 80.81081838878696 0
-19.67245786051095 77.98348902172796 0
-19.70569305890369 -78.37321595879139 0
-40.29748952555203 70.24908642493298 0
-39.50699122474841 -70.20405852609277 0
-56.52646907636235 -56.81836988596338 0
-56.41822572521502 57.5831226951857 0
-69.68480754959856 -40.58874945677702 0
-68.93659171469925 40.92008411106016 0
-77.75422599148936 21.06401029319441 0
-77.95170080834913 -21.92987529697802 0
-80.47919018556902 -0.06875853661837893 0
41.25826725897419 45.85052187830266 0
46.68842265362823 47.10115042744347 0
50.37882184202488 42.86365397620121 0
42.74623590509501 51.14536475155773 0
48.30370011214222 52.33014721597723 0
44.4046263498151 56.47177001130189 0
39.047256537467 55.45735956238987 0
40.60091961417418 60.45750433266398 0
35.3013183912536 59.76524434404485 0
37.40655623659183 65.44402832601432 0
31.3437801734538 63.77475281067909 0
29.50411759116168 58.3398538592518 0
25.61210912764808 62.50425887825116 0
27.26655843266524 67.58663596847107 0
21.72010080470046 66.6686641492505 0
52.14654873305053 48.08733795018363 0
55.86341275104925 43.72393688876793 0
53.99716233237422 38.47011348116654 0
59.53180709438251 39.35551574075747 0
57.46874129755761 34.04663124632432 0
63.06527674231682 34.89587111498793 0
61.32344981805512 29.69160414497883 0
66.79411708336121 30.54547458352257 0
65.01879543891114 25.33966292973308 0
59.72685892842302 24.22118918899594 0
63.19113574175559 19.78868644623398 0
68.67681173240757 20.96477254162162 0
66.67053649004093 15.37441112268409 0
64.98176987373745 9.745831805628056 0
70.43316931956598 11.13053572679215 0
68.70121554391183 5.670630966510608 0
63.72501847389091 4.111969872228302 0
67.40399096624989 0.1854691256058132 0
66.36967953274966 -5.567572839233897 0
71.57534316552579 -3.439594776585179 0
70.863727465764 -8.971680290333781 0
58.04227657158 49.16019440057122 0
65.6669021245536 -11.27822223790709 0
70.25892996447521 -14.62283324581643 0
64.86972736079197 -16.82524949993544 0
69.89291140892999 -20.29940682841083 0
64.73880270528949 -22.68366386168942 0
69.56018078462418 -25.83241086888383 0
64.34231546325458 -28.15948345555465 0
68.94115837674197 -32.08041860824673 0
63.28285938557271 -33.69451396469675 0
74.72849431594062 -17.07866118599194 0
59.61917046916534 -25.15998745830724 0
27.54423523252339 -54.90005441333555 0
32.54542663003433 -57.80402676454229 0
37.43593456452594 -54.85993806382581 0
27.30020584340263 -60.44851668897704 0
32.07662164689278 -63.49527423897815 0
27.01513173277326 -66.08864380630766 0
22.16001866922252 -62.95507811931103 0
21.88792009005546 -68.58923193376047 0
17.07926795660383 -65.54603150412824 0
16.6691510989867 -71.08192143548293 0
11.98491711853564 -68.18146600688161 0
11.97168612053615 -62.90441173389627 0
6.914671225220158 -65.37197669611949 0
6.875945835429323 -70.89686542357188 0
1.979468195176998 -67.93291854720873 0
-3.179738751449917 -65.43912776636117 0
-2.643689823302493 -70.91549927496541 0
-7.799862044732428 -68.51246803060695 0
-8.506780005828229 -63.32547192124673 0
-13.06520765091244 -66.19778722443226 0
-18.51976449604079 -64.28520089235548 0
-12.17965455810446 -71.54612086898702 0
-19.78329467888659 -58.5121481058565 0
-24.63014380633912 -61.97569826280046 0
-22.40773470817997 -68.36660593866492 0
-27.88981851066768 -66.78375554190154 0
-30.71995176660905 -61.53730241610172 0
-34.05464606243602 -66.78892991829605 0
-36.02745092180194 -60.78140299179834 0
-46.75201742420882 40.23386814749801 0
-48.12246567193662 45.63502937104011 0
-43.96764519127111 49.41826785313371 0
-52.0784827074378 41.60434020478537 0
-53.36181978547219 47.20780228628093 0
-57.18397721552926 43.43498282483717 0
-56.26487857067885 37.85929090448985 0
-62.01410292115356 39.88413020459816 0
-60.63663993699122 34.08372349785347 0
-66.28053937848287 35.37297217240751 0
-64.46351234603453 29.77364424233978 0
-58.97826886898067 28.20630776533372 0
-63.05555612872798 24.22312717140631 0
-68.11490189590204 25.81659286349022 0
-67.09013974121262 20.05587947753038 0
-49.23510331931704 51.09301268346849 0
-44.9511117728423 54.88753838369069 0
-39.65531588956719 53.13313803610612 0
-40.66428087878414 58.64871849718859 0
-35.3098783107599 56.70189039855039 0
-36.27528009542404 62.2698039664274 0
-31.04063993241024 60.65128120301525 0
-32.00647927836918 66.0919722597144 0
-26.77088683066857 64.44129093695281 0
-25.53634136561219 59.1762012775097 0
-21.18157853904535 62.73770410621573 0
-22.39203378697297 68.20831732989329 0
-16.80740385472401 66.33209636422822 0
-11.17462336595614 64.7532613103958 0
-12.59323054312583 70.23785687835426 0
-7.141956805575457 68.59698989557782 0
-5.511788129859147 63.62528585444695 0
-1.509205875117154 67.40014672771392 0
4.233999562059524 66.38496545349096 0
-3.26873439872462 72.32901614599565 0
-41.76464020152763 64.46427345595291 0
40.89064327241872 -45.68394150849404 0
46.28111210380224 -47.31651650090826 0
50.20985892465102 -43.29534349269668 0
51.72284388765749 -48.71985548460723 0
47.70305506004223 -52.75456899053224 0
55.63918309851856 -44.58081496577515 0
54.65869042429599 -38.51595863202829 0
60.14744332134225 -41.10207920299269 0
23.18893758864759 57.43253227023543 0
-50.31402489910965 -35.67932413047726 0
-55.8862645972477 -35.70788485377822 0
-58.55684595651486 -30.76385595998215 0
-52.92761875382809 -40.5185958280219 0
-58.69866225158763 -40.39642191512621 0
-55.96168213762569 -44.96108913751121 0
-50.3062270232548 -45.47216157238369 0
-53.98475518606242 -50.46608589027329 0
-47.7470177109135 -50.61649939774394 0
-50.44811594314255 -55.68883118166607 0
-44.40356368283643 -55.39906228654245 0
-41.5870089031611 -50.44355878029419 0
-38.70369408493394 -55.36051868467914 0
-41.57274193096275 -59.91435873387123 0
-61.46835066291772 -35.47675553817091 0
-64.10826976885986 -30.40295569041005 0
-61.12339393550052 -25.68354384823211 0
-66.72392988075865 -25.33585891453504 0
-63.5404197023103 -20.60648506224988 0
-69.17124988084194 -20.19883106152785 0
-66.34369490954296 -15.51088410950898 0
-71.84986833509629 -15.13392934384998 0
-68.99298822018707 -10.45360695919855 0
-63.58581175601004 -10.52427143125865 0
-65.99302702633895 -5.439630434144939 0
-71.60543190652322 -5.301934088703753 0
-68.42940685830398 -0.3292028200456525 0
-65.53823441304317 4.757944368158457 0
-71.1589354571678 4.596506003775935 0
-68.30279400872968 9.573777736555783 0
-63.05406024725854 9.952279174555231 0
-72.70125351325025 -24.82579614013694 0
6.530369080625313 61.17375875036875 0
9.917199893300749 65.71050944110991 0
7.684033231480517 70.84226196635561 0
13.61002756534477 70.75473972454606 0
15.91573896666333 64.96406641195742 0
-51.01189584515522 35.64759977952873 0
12.02258581579028 60.40065563598752 0
51.74345766342788 -33.34776175811771 0
57.16092083417954 -33.4688097077874 0
-35.20553850347371 -50.91329122875308 0
-57.96734190261551 21.78339631900966 0
-46.89003710237236 -40.91711820017913 0
59.08083418543418 -19.44941084649093 0
36.76058188799735 50.21706669158878 0
61.11815930517194 -7.821983175793288 0
48.29535222870968 -37.77070498138986 0
36.76124295117079 -49.2818497435973 0
22.62462436993273 -57.27602772325209 0
-50.61502110693618 56.25489014440274 0
42.15381770548902 -51.16118386703781 0
43.49817250608012 -56.78585831549599 0
39.01761896754591 -60.71846128741595 0
44.11050912605849 -62.89224022343623 0
65.22587388271201 40.50463312543344 0
74.31363424023999 6.918561894235007 0
76.00514561424455 12.34012006466887 0
-73.9194196905197 9.489343235646556 0
-71.1392217398455 15.15266904716144 0
-18.12162401303938 72.05662008337045 0
-13.84503344102563 75.70130413954683 0
-74.27944805149521 -0.2068917842774247 0
-77.07407002776922 -5.271800388573883 0
-34.56127582343702 50.99377478774291 0
-57.81947957467278 -21.25510036798465 0
51.74575321205146 33.42468001263357 0
-76.87502678138446 4.906972751501884 0
76.30960608684546 -7.124755054734901 0
-66.86850013090435 -35.46935106876011 0
77.64152448363497 2.579463208796898 0
-24.90535460910246 -55.90647809414204 0
26.39602549222415 -72.12804909896876 0
-58.48319762157081 -52.07772496205173 0
-55.58047413252228 -26.24626154335827 0
-38.86591119675517 47.61812807317268 0
48.46620838769857 37.80296978303356 0
-7.147672692526986 -74.9682869646856 0
-64.93832514905731 43.97525164048201 0
-23.64921315753492 73.63346698548577 0
72.37179063214467 16.6951569586308 0
-65.2607169645525 14.88061730851442 0
11.54416839945191 -73.91151215056522 0
6.541966271310881 -76.57557214889049 0
-8.533009566324715 73.83304783273951 0
37.25403398524513 -65.96913897931587 0
56.96908875685861 -50.03913926118431 0
23.42012958097321 71.95098772384715 0
-2.144176203065814 -76.24714315636191 0
53.18901856675566 -54.05007043705378 0
-72.35070615286077 21.84845018662657 0
70.25711433607157 26.20776366704115 0
74.05016188847513 22.17373963163633 0
2.237310759706285 71.56935178622822 0
5.95303522830987 76.37453104285342 0
-27.7062570473906 69.73869463663232 0
-74.44229631949871 -10.06573017818013 0
-64.24608863725003 -40.3418752075861 0
74.62275126470962 -22.46040222151418 0
-20.5995646238462 57.47037225194343 0
-60.74070502660069 -6.144039473469327 0
57.91208277349627 19.3232188305858 0
68.45815048115664 -43.12796483857145 0
-24.81602168141141 -76.86994709281836 0
-44.10155010717657 -67.74637843787634 0
-34.93354245720182 -72.98073259298404 0
37.29329955602581 71.56512943236932 0
-60.42584083488684 53.80759684110298 0
54.62530810879365 -59.43510495291662 0
-3.448294420916796 80.59072972330786 0
17.25822025032015 79.04867837104678 0
18.35957241824309 73.78122741836843 0
37.2482714473019 -71.72938592024066 0
27.53335546675182 76.08189045468873 0
18.03707392759672 -78.72696397755286 0
-79.15615974622034 -16.55981588982888 0
-14.63516879806324 -79.57607399633358 0
-72.01230282593714 35.88381784509198 0
-35.3402222553735 72.75102944190594 0
-79.32321927174596 15.94887465573291 0
54.7660512412535 59.15641517556777 0
-76.48451571506158 26.16069460214026 0
-66.93001991193269 -45.33777134159802 0
-52.38012619860046 -61.05148692700817 0
46.53428886295481 66.32843898123818 0
73.43144181785055 33.96499508737858 0
2.150561039732962 -73.36837410378047 0
-39.92493604924599 -64.82425045663214 0
62.17608760021455 -51.29090065892679 0
-54.62550701318771 52.49135051304039 0
-17.14598193309506 -69.6168859850886 0
-72.27440790486305 -35.48163649401433 0
72.60030271506477 1.723492680574258 0
74.14795648265152 -34.01691351087824 0
53.60799864188248 53.2632165584352 0
-52.03694408179444 61.41960498513949 0
49.60766128997982 57.60249363418649 0
62.61862408762229 52.25762099076506 0
31.80882264200389 -68.79965559707944 0
32.39169356010914 69.08672542115592 0
65.43450394673013 -38.47415257019623 0
49.42385440493894 -57.7040105054628 0
-58.44374454342208 49.06081523713105 0
-69.39287216374352 -30.00508242344748 0
-46.01821063727945 60.09827975546936 0
7.487621648821943 -60.31018424217199 0
60.76705232599493 44.01888616750023 0
-4.090952819399669 -80.94151115393717 0
-69.67118287739076 30.90091367512428 0
-20.98792665062748 -73.36883513866681 0
-61.76144556792554 -44.75213121414952 0
-60.51584895265822 5.844050281319666 0
60.32672495966838 7.576458988926357 0
-8.906620790834943 60.14598916477324 0
6.776088977740819 81.43493742464057 0
-47.0216451220943 -59.90517422036978 0
10.81072188998876 74.68741427862966 0
-4.467229067870917 -60.56310171889127 0
81.29228091928867 -7.937135893026654 0
-38.19730117969334 -46.74049073791919 0
-54.68182640272515 25.85465880655197 0
27.01239709268531 53.99015624438431 0
-26.22106646961434 -71.83712663483239 0
60.73416191009483 -45.98855649052341 0
74.32379095729361 -12.21143154722504 0
27.99643063864986 -76.91501166387235 0
45.73160313145315 61.42075642052196 0
-16.06268695384372 -74.82732041311897 0
69.19667539981435 43.5931560479406 0
-77.29335746063421 -26.5308529397257 0
-44.70125792758225 68.58176950705256 0
-33.19988851614801 -56.59495376225441 0
6.740797571678624 -81.3493288425646 0
-0.1164528779955083 76.23531531383838 0
47.02443780152512 -67.01097360663341 0
-62.54204858374494 19.28704366845425 0
20.73635173710576 62.09738092044105 0
80.57817579287322 13.44611937273236 0
-14.77893050838562 80.35775220287715 0
-75.31575529006085 17.46048893851264 0
75.85628087042539 -1.651910363507329 0
59.85537298026045 -29.76190234668625 0
79.15778660743908 -19.18811078224683 0
18.13616895731738 69.35351742290747 0
55.67340373271914 -23.41339054072663 0
78.25153985951322 23.91518406149492 0
-81.62314017676964 5.340644033666855 0
-25.27673455120465 77.89228382355498 0
-30.6303599346489 -70.71513741233977 0
-11.66985293884878 -76.18530136299201 0
-81.81270576435895 -5.418897258703162 0
68.25139023119482 34.93648029859351 0
-24.55469604619153 54.93253925576154 0
-59.23073712324835 -10.59417527793875 0
55.46228795585468 23.33346284535943 0
-36.33067397422298 67.48002931393268 0
20.53166454033355 -73.69127379382304 0
-4.952437007373361 76.51779891389269 0
-74.24567870770431 -18.91401781445341 0
64.07714448786135 -43.19569869016448 0
78.6273166178115 -24.11778301917546 0
-75.91357496498168 13.54941542330013 0
60.14603943055446 -36.59519443539541 0
-28.70001816049385 -57.80831541544316 0
42.46974953563781 64.57263299886358 0
-61.10783929080564 45.77325648898915 0
-44.23403325123237 -63.43354870961866 0
82.07228403468986 2.731811341351261 0
28.6228934120311 71.77459703838818 0
-72.26532821154611 27.18788681902019 0
71.14807115539038 30.2925246745113 0
-45.99874494231054 -46.44176847493355 0
34.6741351821944 55.40199469308276 0
-56.15842906766092 33.44882268403429 0
-61.42822634646834 -54.71058402976985 0
-59.22540033406437 -48.01355034561789 0
-9.224684523032161 -59.08819908974435 0
-58.86814304678754 10.52930402799547 0
59.74384037602456 2.645260319723051 0
-3.966282230157498 59.67068898320745 0
15.44979717188171 -75.36418173138377 0
-68.15855034356051 46.15662749296369 0
-31.77268747695179 70.3675109161146 0
-75.87311183682155 -13.84495040482354 0
14.62488836485336 75.69119457957217 0
11.7961155338824 -58.63225478594596 0
$EndNodes
$Elements
19 12612 1 12612
1 1 1 95
1 1 30 
2 30 31 
3 31 32 
4 32 33 
5 33 34 
6 34 35 
7 35 36 
8 36 37 
9 37 38 
10 38 39 
11 39 40 
12 40 41 
13 41 42 
14 42 43 
15 43 44 
16 44 45 
17 45 46 
18 46 47 
19 47 48 
20 48 49 
21 49 50 
22 50 51 
23 51 52 
24 52 53 
25 53 54 
26 54 55 
27 55 56 
28 56 57 
29 57 58 
30 58 59 
31 59 60 
32 60 61 
33 61 62 
34 62 63 
35 63 64 
36 64 65 
37 65 66 
38 66 67 
39 67 68 
40 68 69 
41 69 70 
42 70 71 
43 71 72 
44 72 73 
45 73 74 
46 74 75 
47 75 76 
48 76 77 
49 77 78 
50 78 79 
51 79 80 
52 80 81 
53 81 82 
54 82 83 
55 83 84 
56 84 85 
57 85 86 
58 86 87 
59 87 88 
60 88 89 
61 89 90 
62 90 91 
63 91 92 
64 92 93 
65 93 94 
66 94 95 
67 95 96 
68 96 97 
69 97 98 
70 98 99 
71 99 100 
72 100 101 
73 101 102 
74 102 103 
75 103 104 
76 104 105 
77 105 106 
78 106 107 
79 107 108 
80 108 109 
81 109 110 
82 110 111 
83 111 112 
84 112 113 
85 113 114 
86 114 115 
87 115 116 
88 116 117 
89 117 118 
90 118 119 
91 119 120 
92 120 121 
93 121 122 
94 122 123 
95 123 1 
2 1 2 322
96 1466 1497 1467 
97 1435 1519 1464 
98 1458 1459 1454 
99 1464 1478 1435 
100 1457 1471 1465 
101 1492 1503 1470 
102 1453 1471 1457 
103 1467 1497 1424 
104 1468 1495 1466 
105 1418 1477 1469 
106 1466 1467 1458 
107 1490 1494 1488 
108 1500 1518 1485 
109 1485 1518 1436 
110 1429 1518 1500 
111 1475 1494 1490 
112 233 1498 232 
113 1452 1458 1454 
114 1455 1468 1466 
115 1424 1498 1467 
116 1473 1476 1421 
117 1470 1503 1445 
118 1458 1467 1459 
119 1465 1478 1464 
120 1434 1497 1495 
121 1431 1476 1474 
122 1455 1466 1458 
123 1453 1456 1455 
124 1453 1455 1452 
125 1454 1461 1449 
126 1457 1463 1456 
127 1509 1534 1508 
128 1471 1472 1465 
129 1456 1468 1455 
130 1459 1460 1454 
131 1422 1542 1527 
132 232 1498 1424 
133 1489 1490 1437 
134 1511 1551 1510 
135 1421 1478 1473 
136 1480 1481 1479 
137 1472 1473 1465 
138 1463 1534 1456 
139 1447 1480 1479 
140 1488 1526 1525 
141 1519 1550 1464 
142 1455 1458 1452 
143 1480 1482 1481 
144 1490 1522 1437 
145 1510 1551 1493 
146 1452 1454 1449 
147 1457 1464 1463 
148 1479 1487 1451 
149 1475 1490 1489 
150 1459 1469 1460 
151 1456 1534 1493 
152 1473 1478 1465 
153 1491 1521 1433 
154 1431 1541 1476 
155 1447 1486 1480 
156 1469 1477 1460 
157 1450 1471 1453 
158 1461 1530 1449 
159 1508 1534 1463 
160 1450 1453 1452 
161 1487 1494 1451 
162 1469 1496 1418 
163 1464 1550 1463 
164 1460 1462 1461 
165 1428 1550 1519 
166 1482 1483 1481 
167 1453 1457 1456 
168 1423 1499 1492 
169 1484 1526 1488 
170 1502 1537 1459 
171 1495 1497 1466 
172 1460 1477 1462 
173 1474 1489 1431 
174 237 1496 236 
175 1422 1527 1516 
176 1459 1537 1469 
177 1474 1476 1473 
178 1475 1489 1474 
179 1436 1527 1485 
180 1492 1535 1423 
181 1480 1485 1482 
182 1450 1452 1449 
183 1472 1474 1473 
184 1462 1470 1461 
185 1448 1479 1451 
186 1423 1535 1520 
187 1476 1544 1421 
188 1448 1451 1450 
189 1483 1484 1481 
190 1463 1550 1508 
191 239 1501 238 
192 1467 1502 1459 
193 1522 1546 1417 
194 1491 1536 1521 
195 1490 1546 1522 
196 1451 1471 1450 
197 1483 1515 1512 
198 1418 1501 1477 
199 1527 1542 1482 
200 1506 1507 1441 
201 1460 1461 1454 
202 1500 1505 1429 
203 1484 1488 1487 
204 1456 1493 1468 
205 1462 1491 1470 
206 1447 1531 1486 
207 1457 1465 1464 
208 1447 1479 1448 
209 1420 1510 1493 
210 1488 1546 1490 
211 1480 1486 1485 
212 1482 1542 1483 
213 1481 1487 1479 
214 1418 1496 237 
215 1472 1475 1474 
216 1514 1548 1432 
217 1491 1492 1470 
218 1507 1528 1441 
219 1483 1548 1484 
220 1448 1450 1449 
221 1432 1548 1512 
222 238 1501 1418 
223 1445 1503 1442 
224 1485 1527 1482 
225 1445 1530 1470 
226 1512 1548 1483 
227 1495 1523 1434 
228 1444 1447 1446 
229 1491 1535 1492 
230 1526 1548 1514 
231 1484 1487 1481 
232 1448 1449 1446 
233 194 1430 3 
234 238 1418 237 
235 222 1428 221 
236 241 1426 240 
237 200 1429 199 
238 235 1425 234 
239 225 1420 224 
240 197 1419 196 
241 209 1438 208 
242 232 1424 231 
243 213 1437 212 
244 228 1427 227 
245 245 1423 244 
246 215 1431 214 
247 207 1432 206 
248 218 1421 217 
249 204 1422 203 
250 202 1436 201 
251 220 1435 219 
252 243 1433 242 
253 211 1417 210 
254 230 1434 229 
255 1483 1542 1515 
256 1441 1443 1442 
257 1505 1549 1429 
258 1417 1546 1524 
259 1486 1500 1485 
260 1504 1505 1500 
261 1444 1531 1447 
262 1444 1445 1442 
263 1477 1532 1462 
264 1502 1545 1425 
265 233 1545 1498 
266 1433 1535 1491 
267 1470 1530 1461 
268 1430 1441 1440 
269 1447 1448 1446 
270 1449 1530 1446 
271 1528 1547 1443 
272 1524 1546 1525 
273 1493 1534 1420 
274 1443 1444 1442 
275 1488 1494 1487 
276 1444 1446 1445 
277 1421 1517 1478 
278 1478 1517 1435 
279 1441 1442 1440 
280 1495 1551 1427 
281 1427 1523 1495 
282 1499 1503 1492 
283 1471 1533 1472 
284 1498 1545 1502 
285 1443 1547 1504 
286 1508 1550 1428 
287 1451 1533 1471 
288 1472 1533 1475 
289 3 1439 246 
290 203 1516 202 
291 219 1517 218 
292 206 1512 205 
293 244 1520 243 
294 212 1522 211 
295 229 1523 228 
296 210 1524 209 
297 226 1510 225 
298 196 1507 195 
299 242 1521 241 
300 223 1508 222 
301 221 1519 220 
302 201 1518 200 
303 205 1515 204 
304 224 1509 223 
305 195 1506 194 
306 208 1514 207 
307 214 1513 213 
308 227 1511 226 
309 1493 1551 1468 
310 1430 1506 1441 
311 1441 1528 1443 
312 231 1529 230 
313 1437 1513 1489 
314 1489 1513 1431 
315 1521 1536 1426 
316 1475 1533 1494 
317 1425 1537 1502 
318 1442 1503 1440 
319 1440 1499 1439 
320 198 1539 197 
321 216 1541 215 
322 1486 1504 1500 
323 1532 1536 1462 
324 246 1543 245 
325 1494 1533 1451 
326 240 1538 239 
327 1430 1440 1439 
328 1524 1525 1438 
329 217 1544 216 
330 1498 1502 1467 
331 236 1540 235 
332 234 1545 233 
333 1430 1439 3 
334 1437 1522 212 
335 228 1523 1427 
336 209 1524 1438 
337 1423 1520 244 
338 225 1510 1420 
339 1419 1507 196 
340 1432 1512 206 
341 241 1521 1426 
342 222 1508 1428 
343 218 1517 1421 
344 1422 1516 203 
345 202 1516 1436 
346 194 1506 1430 
347 1435 1517 219 
348 1428 1519 221 
349 200 1518 1429 
350 1420 1509 224 
351 243 1520 1433 
352 1438 1514 208 
353 213 1513 1437 
354 1427 1511 227 
355 1436 1518 201 
356 220 1519 1435 
357 204 1515 1422 
358 1433 1521 242 
359 207 1514 1432 
360 1431 1513 214 
361 211 1522 1417 
362 1434 1523 229 
363 1417 1524 210 
364 1462 1536 1491 
365 1424 1529 231 
366 230 1529 1434 
367 199 1549 198 
368 1468 1551 1495 
369 197 1539 1419 
370 215 1541 1431 
371 245 1543 1423 
372 1426 1538 240 
373 1421 1544 217 
374 235 1540 1425 
375 1496 1540 236 
376 1425 1545 234 
377 1429 1549 199 
378 1440 1503 1499 
379 1497 1529 1424 
380 1434 1529 1497 
381 1419 1528 1507 
382 239 1538 1501 
383 1446 1530 1445 
384 1504 1547 1505 
385 1512 1515 205 
386 195 1507 1506 
387 223 1509 1508 
388 226 1511 1510 
389 1539 1547 1419 
390 1516 1527 1436 
391 1525 1526 1438 
392 1499 1543 1439 
393 1525 1546 1488 
394 1423 1543 1499 
395 1443 1531 1444 
396 1438 1526 1514 
397 1439 1543 246 
398 1504 1531 1443 
399 216 1544 1541 
400 1420 1534 1509 
401 1505 1547 1539 
402 1426 1536 1532 
403 1520 1535 1433 
404 198 1549 1539 
405 1486 1531 1504 
406 1501 1532 1477 
407 1419 1547 1528 
408 1532 1538 1426 
409 1469 1537 1496 
410 1425 1540 1537 
411 1515 1542 1422 
412 1484 1548 1526 
413 1501 1538 1532 
414 1427 1551 1511 
415 1537 1540 1496 
416 1541 1544 1476 
417 1539 1549 1505 
2 2 2 3290
418 1623 2430 2273 
419 2184 2818 1746 
420 211 2647 2276 
421 1720 2483 2339 
422 1714 2522 2303 
423 2181 2622 1825 
424 2737 2946 2163 
425 1554 2359 2284 
426 2169 2269 2047 
427 2005 2347 2196 
428 1819 2111 2077 
429 2182 2233 1748 
430 2252 2303 2070 
431 1567 2621 2537 
432 2406 2791 2665 
433 2108 2919 2705 
434 2705 2919 2166 
435 1643 2647 211 
436 1794 2254 2086 
437 2180 2201 2181 
438 1830 2252 2070 
439 2203 2258 2058 
440 1558 2584 2336 
441 2297 2482 1721 
442 2127 2946 2737 
443 1650 2357 2255 
444 1554 2550 2359 
445 2226 2654 2295 
446 2254 2336 2086 
447 1933 2263 2078 
448 2672 2687 2274 
449 2011 2247 2087 
450 1602 2791 2406 
451 2209 2291 2208 
452 1872 2563 1874 
453 2285 2564 1676 
454 2006 2762 2110 
455 1666 2408 2298 
456 2269 2542 1562 
457 1747 2184 1746 
458 2201 2621 2181 
459 2226 2295 2225 
460 1619 2490 2354 
461 1818 2358 2212 
462 2294 2635 226 
463 1614 2299 2298 
464 1825 2622 2301 
465 1958 2854 2123 
466 2183 2990 2182 
467 2171 2370 2029 
468 1844 2761 2126 
469 2058 2761 1844 
470 2512 2513 2194 
471 2214 2725 2213 
472 1874 2563 2054 
473 2354 2739 2237 
474 1752 2277 2043 
475 2483 2892 2339 
476 1619 2354 2338 
477 1749 2828 2533 
478 244 2718 2316 
479 2283 2284 2164 
480 1780 2169 2047 
481 2304 2507 1658 
482 2196 2404 2005 
483 2324 2571 1617 
484 2273 2431 1623 
485 1743 2182 1748 
486 2096 2632 2289 
487 1846 2203 2058 
488 2301 2302 2055 
489 1770 2716 2151 
490 2349 2350 1573 
491 226 2635 1647 
492 217 2313 1642 
493 2037 2659 2276 
494 2402 2799 1668 
495 2297 2612 2214 
496 2362 2553 1670 
497 1725 2474 2306 
498 2537 2621 2201 
499 2110 2675 2006 
500 1933 2078 1927 
501 1648 2240 209 
502 2248 2367 2249 
503 2151 2270 2187 
504 2036 2285 2211 
505 2209 2679 2291 
506 1654 2440 2331 
507 2285 2586 2211 
508 2274 2687 1637 
509 1740 2752 2116 
510 2011 2087 2003 
511 2307 2422 1664 
512 2292 2682 2252 
513 2021 2444 2250 
514 1929 2374 2253 
515 2108 2705 1644 
516 2639 2925 2219 
517 2105 2704 2340 
518 1614 2572 2299 
519 2288 2504 1588 
520 1563 2538 2275 
521 2366 2707 2060 
522 246 2667 2234 
523 2311 2922 1630 
524 2350 2451 1573 
525 2284 2478 1554 
526 1819 2077 1816 
527 2077 2351 2331 
528 2119 2658 2343 
529 216 2313 217 
530 2212 2438 1818 
531 1820 2301 2055 
532 2127 2737 1634 
533 2193 2876 2194 
534 2298 2649 1666 
535 2632 2927 2289 
536 2252 2682 2303 
537 2035 2297 2214 
538 2646 2905 2160 
539 2060 2707 2242 
540 204 2673 2332 
541 2050 2716 1770 
542 2126 2189 2028 
543 2151 2187 2023 
544 2635 2668 2199 
545 2367 2596 2249 
546 2126 2300 2189 
547 2027 2283 2164 
548 2201 3008 2537 
549 2250 2444 2228 
550 2255 2377 1650 
551 2077 2331 2044 
552 1636 2680 2271 
553 2522 2664 2303 
554 2444 2936 2228 
555 2584 2585 2336 
556 1740 2116 1738 
557 2696 2843 2548 
558 2673 2925 2639 
559 2277 2918 2043 
560 2334 2866 242 
561 1689 2570 2295 
562 2318 2734 1858 
563 2179 3013 2177 
564 1858 2734 2226 
565 2228 2685 1635 
566 2119 2343 2117 
567 1658 2333 2304 
568 2236 2354 2237 
569 2105 2340 2045 
570 2031 2188 1995 
571 1642 2313 2312 
572 2251 2767 2190 
573 224 2228 1635 
574 2373 2806 2372 
575 1632 2993 2293 
576 2250 2509 2021 
577 2230 2365 2231 
578 1919 2121 1917 
579 2365 2772 2231 
580 2372 2806 2057 
581 2253 2445 1929 
582 2199 2870 2635 
583 1575 2582 2342 
584 1856 2590 2369 
585 1993 2733 2122 
586 1562 2615 2269 
587 2647 2905 2646 
588 2640 2737 2089 
589 2240 3002 209 
590 1668 2799 2326 
591 1639 2718 244 
592 1555 2390 2352 
593 2353 2681 2061 
594 1712 2441 2291 
595 1993 2122 1991 
596 2104 2719 214 
597 2116 2117 1745 
598 2103 2104 214 
599 2638 2705 2084 
600 1633 2667 246 
601 2061 2681 2243 
602 1591 2365 2363 
603 1902 2236 2235 
604 1958 2123 1956 
605 1748 2752 1740 
606 1881 2113 1879 
607 1978 2230 2229 
608 2010 2323 2322 
609 1734 1742 1732 
610 1757 2278 2277 
611 2369 2847 1856 
612 1903 2825 2238 
613 216 2981 2313 
614 2296 3003 1645 
615 2123 2202 2024 
616 2172 2173 1742 
617 1970 2105 2045 
618 2479 2904 2841 
619 2019 2239 2170 
620 2229 2906 1973 
621 1915 2774 2128 
622 2113 2200 2025 
623 2032 2154 2033 
624 1587 2578 2317 
625 1919 2877 2121 
626 1915 2128 1913 
627 1731 1732 1730 
628 2031 2339 2188 
629 2173 2175 2174 
630 2136 2137 2007 
631 2080 2398 2397 
632 2259 2261 2260 
633 241 2334 242 
634 231 2311 1630 
635 2070 2424 2098 
636 1653 2442 2320 
637 2360 2687 2026 
638 1903 2238 1902 
639 1979 2232 1978 
640 2125 2167 2042 
641 2129 2130 1891 
642 1559 2432 2315 
643 1927 2078 2036 
644 2190 2767 2378 
645 2020 2216 2157 
646 2023 2185 2153 
647 2195 2876 2193 
648 1931 2319 2318 
649 2331 2351 1654 
650 2585 2695 2086 
651 2147 2148 2034 
652 2029 2371 2171 
653 2028 2158 2146 
654 2140 2141 2008 
655 1660 2433 2340 
656 1889 2100 2060 
657 1746 2183 2182 
658 2384 2515 2431 
659 2708 2885 2536 
660 2133 2134 1932 
661 1854 2099 2061 
662 1844 2126 1842 
663 1591 2547 2365 
664 2150 2245 2039 
665 2003 2087 2035 
666 2078 2285 2036 
667 1808 2124 1806 
668 2086 2695 2101 
669 2048 2662 2329 
670 2389 2390 1555 
671 1973 2906 2022 
672 2116 2119 2117 
673 1816 2077 2044 
674 2006 2964 2762 
675 2294 2337 1786 
676 1770 2151 1768 
677 1989 2125 1987 
678 2659 2826 2276 
679 2197 2527 2198 
680 1758 2279 1757 
681 2033 2901 2314 
682 1954 2136 1952 
683 2278 2280 2277 
684 2154 2901 2033 
685 2221 2275 2220 
686 1782 2169 1780 
687 1746 2182 1743 
688 1808 2827 2124 
689 1854 2061 1852 
690 2548 2843 1621 
691 1927 2036 1925 
692 2236 2237 2235 
693 1970 2045 1968 
694 2634 2765 2416 
695 2757 2790 2394 
696 1889 2060 1887 
697 2143 2144 2030 
698 1877 2129 1875 
699 1816 2044 1814 
700 2230 2231 2229 
701 2068 2192 1787 
702 2003 2035 2001 
703 1989 2823 2125 
704 1780 2047 1778 
705 1883 2067 1881 
706 2009 2114 1919 
707 1743 1748 1740 
708 1911 2147 1909 
709 1649 2997 2290 
710 2043 2092 1751 
711 1881 2839 2113 
712 2128 2272 2049 
713 2503 2769 2716 
714 1738 1745 1736 
715 2366 2489 1726 
716 2356 2714 2551 
717 1960 2069 1958 
718 1810 2071 1808 
719 2065 2097 2017 
720 2070 2098 1829 
721 1848 2203 1846 
722 2275 2601 1563 
723 1867 2032 1866 
724 2362 2554 2553 
725 1738 2116 1745 
726 1676 2586 2285 
727 1883 2072 2067 
728 1774 2220 1772 
729 1630 1730 1729 
730 2341 2666 1633 
731 1601 2467 2367 
732 2086 2101 1793 
733 1846 2058 1844 
734 1879 2025 1877 
735 1991 2063 1989 
736 2297 2594 2482 
737 1995 2095 1993 
738 2555 2765 2690 
739 2211 2783 2588 
740 1617 2607 2324 
741 2800 3007 2521 
742 1736 2172 1734 
743 1960 2079 2069 
744 1917 2064 1915 
745 2044 2241 2191 
746 1681 2571 2324 
747 1956 2024 1954 
748 2032 2033 1866 
749 1609 2545 2314 
750 2509 2598 2021 
751 1794 2086 1793 
752 1995 2188 2095 
753 2271 2746 1636 
754 1913 2049 1911 
755 1804 2152 1802 
756 1772 2050 1770 
757 2200 2764 2025 
758 2328 2346 1733 
759 1806 2052 1804 
760 2061 2243 2205 
761 2298 2408 1614 
762 1842 2028 1840 
763 1830 2070 1829 
764 2047 2224 2223 
765 2431 2515 1623 
766 1840 2146 1838 
767 1774 2221 2220 
768 1766 2153 1764 
769 1987 2042 1985 
770 1917 2121 2064 
771 2329 2662 2330 
772 1800 2164 1798 
773 1983 2260 1981 
774 1762 2170 1760 
775 1848 2204 2203 
776 2838 3010 1553 
777 1852 2205 1849 
778 1778 2223 1775 
779 1875 1891 1873 
780 1810 2081 2071 
781 2360 2608 2104 
782 1638 2673 204 
783 1836 2157 1834 
784 2291 2679 1712 
785 1648 2590 2240 
786 2161 2966 1884 
787 2001 2213 1998 
788 1950 2140 1948 
789 1814 2191 1811 
790 1931 2318 1859 
791 1637 2826 2274 
792 1952 2007 1950 
793 1768 2023 1766 
794 2010 2322 1895 
795 1757 2277 1754 
796 1991 2122 2063 
797 1796 2254 1794 
798 2060 2242 2161 
799 1911 2792 2147 
800 1832 2252 1830 
801 2191 2909 1811 
802 1909 2034 1907 
803 1946 2865 2143 
804 1873 2133 1871 
805 2223 2897 1775 
806 1941 2256 1938 
807 2324 2969 1681 
808 1887 2161 1884 
809 1925 2210 1922 
810 2239 2266 2170 
811 2018 2065 2017 
812 1879 2113 2025 
813 1956 2123 2024 
814 2144 2145 2030 
815 1975 2229 1973 
816 2152 2281 2027 
817 1734 2172 1742 
818 2205 2965 1849 
819 1985 2259 1983 
820 1899 2235 1897 
821 1938 2256 1936 
822 2173 2178 2175 
823 2082 2370 2346 
824 1902 2235 1899 
825 2533 2828 2373 
826 1838 2020 1836 
827 1802 2027 1800 
828 1978 2229 1975 
829 2036 2211 2210 
830 2239 2790 2757 
831 2725 2930 2213 
832 1961 2920 2267 
833 1754 2277 1752 
834 2129 2132 2130 
835 1968 2193 1965 
836 1913 2128 2049 
837 1731 1734 1732 
838 2035 2214 2213 
839 2661 2703 200 
840 2220 2833 2222 
841 1871 1932 1869 
842 2028 2189 2158 
843 2323 2324 2322 
844 2513 2611 2194 
845 2216 2217 2157 
846 1905 2039 1903 
847 2261 2262 2260 
848 2169 2867 2269 
849 2023 2187 2185 
850 2474 2858 2306 
851 1764 2019 1762 
852 2141 2142 2008 
853 1948 2008 1946 
854 2421 2867 2169 
855 220 2740 2345 
856 2177 3013 2327 
857 1981 2041 1979 
858 1907 2150 1905 
859 1787 2197 1783 
860 2157 2810 1834 
861 1751 2184 1747 
862 2448 2449 1597 
863 2440 2855 2331 
864 2136 2139 2137 
865 2040 2292 2252 
866 2245 2246 2039 
867 1732 1733 1730 
868 2040 2252 1832 
869 1842 2126 2028 
870 2563 2993 1632 
871 1825 2301 1822 
872 1834 2040 1832 
873 2197 2677 2527 
874 2134 2135 1932 
875 2072 2298 2067 
876 2509 2599 2598 
877 2042 2982 1985 
878 1987 2125 2042 
879 1806 2124 2052 
880 1950 2753 2140 
881 1873 2795 2133 
882 2087 2297 2035 
883 2317 2380 1587 
884 1798 2053 1796 
885 2053 2254 1796 
886 2416 2765 1698 
887 2185 2186 2153 
888 2147 2162 2148 
889 1877 2848 2129 
890 1944 2030 1942 
891 1746 2818 2183 
892 2304 2849 2507 
893 1952 2136 2007 
894 2175 2176 2174 
895 2125 2288 2167 
896 1768 2151 2023 
897 2164 2862 1798 
898 1723 2449 2308 
899 1875 2129 1891 
900 1760 2051 1758 
901 2019 2170 1762 
902 2045 2195 2193 
903 1979 2933 2232 
904 1804 2748 2152 
905 2137 2138 2007 
906 1698 2765 2555 
907 2173 2174 1742 
908 2158 2159 2146 
909 1895 2322 1894 
910 1630 1731 1730 
911 1859 2318 1858 
912 1909 2147 2034 
913 2665 2791 2158 
914 2027 2164 1800 
915 2148 2149 2034 
916 2319 2320 2318 
917 1788 2068 1787 
918 2124 2305 2052 
919 2020 2157 1836 
920 1752 2043 1751 
921 2017 2107 2014 
922 1793 2102 1790 
923 1729 2893 233 
924 2130 2131 1891 
925 2273 3007 2272 
926 238 2953 2196 
927 2128 2273 2272 
928 1969 1970 1968 
929 2167 2168 2042 
930 1829 2180 1826 
931 2259 2260 1983 
932 2012 2080 2011 
933 1827 2608 2360 
934 1822 2301 1820 
935 2064 2774 1915 
936 2079 2325 2069 
937 2353 2387 1678 
938 1802 2152 2027 
939 1954 2863 2136 
940 2023 2153 1766 
941 1866 2206 1863 
942 1901 1902 1899 
943 1719 2515 2384 
944 1946 2143 1944 
945 1977 1978 1975 
946 1971 2190 1970 
947 2466 2944 2833 
948 2256 2988 1936 
949 1865 1866 1863 
950 2773 3008 2201 
951 2346 2370 1733 
952 2066 2304 2065 
953 2028 2146 1840 
954 1948 2140 2008 
955 1985 2982 2259 
956 1871 2133 1932 
957 219 2960 2212 
958 1928 1933 1927 
959 2235 2958 1897 
960 2004 2011 2003 
961 2071 2827 1808 
962 198 2962 2253 
963 2404 2705 2638 
964 2192 2677 2197 
965 1716 2683 2376 
966 2204 2321 2203 
967 214 2719 215 
968 1792 1793 1790 
969 1756 1757 1754 
970 2747 3012 1582 
971 1577 2462 2403 
972 1828 1829 1826 
973 1905 2150 2039 
974 2095 2733 1993 
975 2083 2286 2066 
976 2063 2823 1989 
977 2481 2861 1604 
978 1758 2945 2279 
979 2568 2621 1567 
980 2302 2335 2055 
981 2070 2664 2424 
982 1713 2443 2321 
983 1973 2022 1971 
984 1897 2010 1895 
985 2320 2776 1653 
986 2352 2573 1555 
987 2054 2563 2332 
988 1978 2232 2230 
989 2178 2477 2310 
990 1721 2612 2297 
991 2386 2779 2689 
992 2550 2814 2359 
993 1902 2238 2236 
994 2536 2885 1707 
995 1861 1931 1859 
996 242 2866 2289 
997 1940 1941 1938 
998 1926 1927 1925 
999 1582 3012 2333 
1000 1588 2938 2288 
1001 2122 2317 2063 
1002 2208 2291 2100 
1003 2016 2017 2014 
1004 223 2974 2250 
1005 2689 2779 2249 
1006 2062 2692 2368 
1007 2281 2283 2027 
1008 2312 2924 1642 
1009 2276 2647 2037 
1010 2030 2248 1942 
1011 1819 2840 2111 
1012 2152 2282 2281 
1013 1964 2920 1961 
1014 2445 2737 2640 
1015 2002 2003 2001 
1016 2117 2118 1745 
1017 2225 2295 2099 
1018 1936 2046 1934 
1019 1820 2055 1819 
1020 1781 1782 1780 
1021 1944 2143 2030 
1022 2303 2682 1714 
1023 2098 2201 2180 
1024 2285 2743 2564 
1025 2009 2307 2114 
1026 1757 2279 2278 
1027 2032 2155 2154 
1028 2494 2607 1617 
1029 1744 1746 1743 
1030 2368 2692 2369 
1031 1888 1889 1887 
1032 2207 2714 2356 
1033 2247 2698 2087 
1034 194 2227 195 
1035 235 2108 236 
1036 239 2088 240 
1037 213 2103 214 
1038 232 1729 233 
1039 242 2289 243 
1040 246 2234 3 
1041 195 2127 196 
1042 211 2276 212 
1043 234 2215 235 
1044 2290 2533 1649 
1045 2403 2842 1659 
1046 1632 2736 206 
1047 2307 2588 2422 
1048 2059 2653 2316 
1049 1817 1819 1816 
1050 1932 2156 1869 
1051 2053 2326 2254 
1052 1652 2904 2479 
1053 2304 2333 2065 
1054 2326 2814 1668 
1055 2202 2798 2024 
1056 2308 2450 1723 
1057 2123 2308 2202 
1058 2376 2455 1716 
1059 1736 2886 2172 
1060 2039 2825 1903 
1061 1853 1854 1852 
1062 2080 2750 2398 
1063 2008 2865 1946 
1064 225 2294 226 
1065 2275 2833 2220 
1066 2117 2309 2118 
1067 2033 2314 2207 
1068 2267 2268 2079 
1069 1824 1825 1822 
1070 2098 2773 2201 
1071 2216 2731 2525 
1072 1674 2694 2375 
1073 1893 1894 1890 
1074 2111 2726 2077 
1075 2033 2207 2206 
1076 1573 2463 2349 
1077 1741 1743 1740 
1078 1730 2171 1729 
1079 1779 1780 1778 
1080 1901 1903 1902 
1081 1785 1787 1783 
1082 2569 2621 2568 
1083 2375 2610 1598 
1084 1890 2208 1889 
1085 2026 2628 2360 
1086 1977 1979 1978 
1087 1640 2227 194 
1088 1750 1751 1747 
1089 2170 2951 1760 
1090 2240 2590 2074 
1091 1637 2103 213 
1092 1630 1729 232 
1093 243 2289 1639 
1094 198 2253 1631 
1095 236 2108 1644 
1096 1629 2088 239 
1097 196 2127 1634 
1098 3 2234 1640 
1099 223 2250 2228 
1100 212 2276 1637 
1101 1641 2215 234 
1102 219 2212 1646 
1103 238 2196 1629 
1104 1815 1816 1814 
1105 2519 2754 2134 
1106 2049 2792 1911 
1107 2494 2679 2607 
1108 2295 2654 1689 
1109 1967 1968 1965 
1110 1857 1858 1855 
1111 1645 3003 202 
1112 2249 2970 2248 
1113 1867 2745 2032 
1114 2182 2348 2233 
1115 2211 2614 2210 
1116 2120 2650 2438 
1117 2083 2287 2286 
1118 2044 2191 1814 
1119 1865 1867 1866 
1120 1933 2869 2264 
1121 244 2316 245 
1122 2286 2304 2066 
1123 2044 2331 2241 
1124 2376 2600 1612 
1125 2153 2923 1764 
1126 1739 1740 1738 
1127 2099 2353 2061 
1128 1576 2434 2348 
1129 2047 2223 1778 
1130 2146 2917 1838 
1131 1855 2225 1854 
1132 1566 2541 2335 
1133 200 2329 201 
1134 2588 2614 2211 
1135 2181 2954 2180 
1136 2666 2667 1633 
1137 1834 2810 2040 
1138 2018 2066 2065 
1139 2260 2934 1981 
1140 2061 2205 1852 
1141 1920 2009 1919 
1142 2065 3012 2097 
1143 2314 2901 1609 
1144 2084 2705 2629 
1145 1635 2294 225 
1146 2267 2611 2268 
1147 2225 2994 2226 
1148 2196 2347 1629 
1149 1792 1794 1793 
1150 1756 1758 1757 
1151 2171 2371 1729 
1152 2258 2306 2058 
1153 2103 2360 2104 
1154 2007 2753 1950 
1155 2055 2840 1819 
1156 1891 2795 1873 
1157 1996 2031 1995 
1158 204 2332 205 
1159 2194 2959 2193 
1160 2100 2366 2060 
1161 1706 2833 2538 
1162 1828 1830 1829 
1163 1940 1942 1941 
1164 2329 2330 1645 
1165 1811 2909 1810 
1166 2258 2861 2481 
1167 2060 2161 1887 
1168 2081 2352 2071 
1169 2208 2979 2209 
1170 2263 2411 2078 
1171 1775 2897 1774 
1172 1646 2740 220 
1173 2310 2657 2178 
1174 1970 2190 2105 
1175 2035 2213 2001 
1176 235 2857 2108 
1177 2227 2856 195 
1178 1737 1738 1736 
1179 2215 2857 235 
1180 1742 2744 1732 
1181 195 2856 2127 
1182 2238 2338 2236 
1183 2104 2608 2357 
1184 1918 1919 1917 
1185 2309 2983 2894 
1186 1650 2719 2357 
1187 2045 2340 2195 
1188 1636 2334 241 
1189 2325 2914 2069 
1190 220 2345 221 
1191 1882 1883 1881 
1192 2052 2748 1804 
1193 2289 2866 2096 
1194 2193 2959 1965 
1195 2000 2001 1998 
1196 2036 2210 1925 
1197 1933 2264 2263 
1198 1924 1925 1922 
1199 1735 1736 1734 
1200 1959 1960 1958 
1201 2132 2600 2130 
1202 2016 2018 2017 
1203 2134 2428 2135 
1204 2213 2930 1998 
1205 2269 2867 2542 
1206 1994 1995 1993 
1207 2233 2361 1748 
1208 2426 2764 2200 
1209 228 2997 1649 
1210 2144 2884 2145 
1211 1596 2914 2552 
1212 2212 2358 1646 
1213 2338 2379 1619 
1214 2005 2907 2347 
1215 2333 2435 1582 
1216 1907 2911 2150 
1217 2088 2910 240 
1218 2043 2362 2092 
1219 1847 1848 1846 
1220 1963 1964 1961 
1221 2210 2929 1922 
1222 2047 2976 2224 
1223 207 2368 208 
1224 2137 2375 2138 
1225 1649 2373 2372 
1226 200 2703 2329 
1227 1886 1887 1884 
1228 2465 2885 2811 
1229 2078 2743 2285 
1230 2716 2769 2270 
1231 1798 2862 2053 
1232 1992 1993 1991 
1233 2123 2722 2308 
1234 3 1640 194 
1235 221 1651 222 
1236 240 1636 241 
1237 205 1632 206 
1238 215 1650 216 
1239 224 1635 225 
1240 196 1634 197 
1241 243 1639 244 
1242 208 1648 209 
1243 231 1630 232 
1244 212 1637 213 
1245 1786 2635 2294 
1246 228 1649 229 
1247 233 1641 234 
1248 198 1631 199 
1249 217 1642 218 
1250 203 1638 204 
1251 236 1644 237 
1252 201 1645 202 
1253 238 1629 239 
1254 219 1646 220 
1255 223 2228 224 
1256 226 1647 227 
1257 245 1633 246 
1258 210 1643 211 
1259 229 2372 230 
1260 2321 2728 1713 
1261 1916 1917 1915 
1262 2525 2780 2216 
1263 207 2742 2368 
1264 1957 1958 1956 
1265 2288 2963 2504 
1266 1880 1881 1879 
1267 1709 2531 2343 
1268 1773 1774 1772 
1269 2372 2830 230 
1270 2150 2697 2245 
1271 1851 1852 1849 
1272 2378 2460 1593 
1273 2141 2576 2142 
1274 2075 2533 2290 
1275 2726 2882 2470 
1276 2572 2859 2299 
1277 2068 2381 2192 
1278 2763 2884 2144 
1279 2130 2376 2131 
1280 1931 2356 2319 
1281 1809 1810 1808 
1282 2582 2609 2342 
1283 2466 2833 1706 
1284 1777 1778 1775 
1285 1845 1846 1844 
1286 2401 2998 2079 
1287 2045 2193 1968 
1288 2356 2686 2319 
1289 2121 2384 2064 
1290 1563 2601 2412 
1291 2279 2349 2278 
1292 1914 1915 1913 
1293 2298 2299 2067 
1294 1990 1991 1989 
1295 2101 2315 2102 
1296 1638 2925 2673 
1297 2232 2363 2230 
1298 1813 1814 1811 
1299 1969 1971 1970 
1300 1878 1879 1877 
1301 1955 1956 1954 
1302 2405 2843 2803 
1303 245 2316 1633 
1304 2092 2184 1751 
1305 1890 2979 2208 
1306 1771 1772 1770 
1307 1635 2337 2294 
1308 1889 2208 2100 
1309 2192 2197 1787 
1310 2203 2861 2258 
1311 1824 1826 1825 
1312 2268 2401 2079 
1313 2025 2848 1877 
1314 2176 2179 2177 
1315 1855 2994 2225 
1316 2197 2989 1783 
1317 237 2953 238 
1318 2067 2839 1881 
1319 2278 2591 2280 
1320 1807 1808 1806 
1321 2392 2785 2141 
1322 2375 2643 1674 
1323 1843 1844 1842 
1324 1772 3009 2050 
1325 2253 2374 1631 
1326 1912 1913 1911 
1327 1733 3001 2328 
1328 1745 2886 1736 
1329 201 2329 1645 
1330 1854 2225 2099 
1331 1893 1895 1894 
1332 2172 2477 2173 
1333 2453 2725 2214 
1334 1988 1989 1987 
1335 2521 3007 1705 
1336 2079 2998 2325 
1337 1769 1770 1768 
1338 2403 2462 2361 
1339 1750 1752 1751 
1340 2467 2596 2367 
1341 2222 3009 2220 
1342 2004 2012 2011 
1343 2283 2888 2284 
1344 1953 1954 1952 
1345 1884 2966 1883 
1346 1697 3015 2364 
1347 1785 1788 1787 
1348 2220 3009 1772 
1349 2309 2310 2118 
1350 2188 2587 2095 
1351 1876 1877 1875 
1352 2368 2369 1648 
1353 1856 2738 2590 
1354 218 2960 219 
1355 2139 2610 2137 
1356 1928 1934 1933 
1357 1857 1859 1858 
1358 2102 2972 1790 
1359 2315 2793 1559 
1360 2356 2749 2207 
1361 1971 2984 2190 
1362 197 2962 198 
1363 1805 1806 1804 
1364 199 2661 200 
1365 1841 1842 1840 
1366 2736 2741 206 
1367 2270 2829 2187 
1368 1967 1969 1968 
1369 1961 2267 1960 
1370 2134 2619 2519 
1371 2386 2778 2257 
1372 2492 2728 2727 
1373 1986 1987 1985 
1374 1664 2693 2307 
1375 1910 1911 1909 
1376 2370 2788 2029 
1377 2629 2705 2166 
1378 2336 2799 1558 
1379 1936 2988 2046 
1380 1700 2772 2365 
1381 2180 2954 1826 
1382 2841 2904 2246 
1383 2089 2737 2625 
1384 1926 1928 1927 
1385 1874 1875 1873 
1386 2261 2885 2262 
1387 2351 2641 1654 
1388 1767 1768 1766 
1389 205 2332 1632 
1390 1897 2958 2010 
1391 1951 1952 1950 
1392 2305 3010 2838 
1393 2291 2992 2100 
1394 2002 2004 2003 
1395 222 2974 223 
1396 2097 2107 2017 
1397 1557 2726 2470 
1398 1849 2965 1848 
1399 2306 2932 1725 
1400 1803 1804 1802 
1401 1941 3000 2256 
1402 1839 1840 1838 
1403 2879 2989 2198 
1404 1658 2435 2333 
1405 2433 2735 2340 
1406 2092 2342 2184 
1407 2669 2694 2392 
1408 1908 1909 1907 
1409 2438 2924 2120 
1410 2138 2694 2669 
1411 1858 2994 1855 
1412 1894 2979 1890 
1413 1984 1985 1983 
1414 2189 2977 2895 
1415 1888 1890 1889 
1416 2335 2891 1566 
1417 2098 2180 1829 
1418 2509 2751 2599 
1419 2538 2833 2275 
1420 1949 1950 1948 
1421 2155 2903 2154 
1422 2366 2670 2489 
1423 1765 1766 1764 
1424 1872 1873 1871 
1425 1781 1783 1782 
1426 2601 2651 2413 
1427 2264 2771 2263 
1428 2101 2102 1793 
1429 2481 2932 2258 
1430 1744 1747 1746 
1431 2287 2794 2286 
1432 2202 2449 2448 
1433 1801 1802 1800 
1434 2816 2818 2609 
1435 2019 2790 2239 
1436 1861 2749 1931 
1437 2280 2918 2277 
1438 2339 2916 1720 
1439 2239 2820 2266 
1440 2113 2593 2200 
1441 2024 2863 1954 
1442 2117 2343 2309 
1443 2069 2914 2722 
1444 1906 1907 1905 
1445 1837 1838 1836 
1446 1982 1983 1981 
1447 1782 2879 2169 
1448 1853 1855 1854 
1449 1934 2869 1933 
1450 1818 2835 2358 
1451 2020 2731 2216 
1452 2309 2894 2310 
1453 2178 2690 2175 
1454 2031 2930 2725 
1455 1817 1820 1819 
1456 2226 2994 1858 
1457 2323 2969 2324 
1458 230 2311 231 
1459 1924 1926 1925 
1460 2364 2770 1697 
1461 2354 2490 1690 
1462 1960 2267 2079 
1463 2033 2206 1866 
1464 2316 2718 2059 
1465 1763 1764 1762 
1466 2248 2970 1942 
1467 2000 2002 2001 
1468 2187 2715 2185 
1469 1779 1781 1780 
1470 1980 1981 1979 
1471 221 2345 1651 
1472 1904 1905 1903 
1473 1870 1871 1869 
1474 1947 1948 1946 
1475 2272 3007 2800 
1476 1835 1836 1834 
1477 1741 1744 1743 
1478 2448 2798 2202 
1479 1799 1800 1798 
1480 2216 2721 2217 
1481 2300 2977 2189 
1482 2053 2359 2326 
1483 2533 2717 1749 
1484 1868 1869 1867 
1485 2148 2843 2149 
1486 1815 1817 1816 
1487 2551 2686 2356 
1488 2234 2627 1640 
1489 2382 2919 2108 
1490 1621 2843 2405 
1491 2322 2844 1894 
1492 2190 2378 2105 
1493 2411 2743 2078 
1494 2124 2344 2305 
1495 1825 2954 2181 
1496 1788 2853 2068 
1497 2103 2687 2360 
1498 2194 2876 2512 
1499 1886 1888 1887 
1500 1732 3001 1733 
1501 2097 2355 2107 
1502 1963 1965 1964 
1503 1797 1798 1796 
1504 2308 2449 2202 
1505 1945 1946 1944 
1506 1761 1762 1760 
1507 2552 2914 2325 
1508 2198 2989 2197 
1509 2301 2622 2302 
1510 1759 1760 1758 
1511 2185 2652 2186 
1512 1851 1853 1852 
1513 1739 1741 1740 
1514 1553 3010 2562 
1515 1943 1944 1942 
1516 2245 2841 2246 
1517 2412 2601 2413 
1518 2141 2669 2392 
1519 1833 1834 1832 
1520 2206 2902 1863 
1521 1795 1796 1794 
1522 2145 2248 2030 
1523 1831 1832 1830 
1524 2162 2803 2148 
1525 2189 2665 2158 
1526 2233 2403 2361 
1527 2556 3015 1697 
1528 2082 2083 2066 
1529 2262 2885 2708 
1530 1867 2952 2745 
1531 2314 2961 2207 
1532 2107 2926 2014 
1533 2149 2843 2696 
1534 1651 2991 2751 
1535 208 2368 1648 
1536 2295 2875 2099 
1537 2360 2628 1827 
1538 1636 2910 2680 
1539 2716 2942 2503 
1540 2381 2514 1560 
1541 1777 1779 1778 
1542 2158 2791 2159 
1543 1707 2885 2465 
1544 2255 2604 2377 
1545 2619 2683 2519 
1546 2167 2887 2168 
1547 2175 2765 2176 
1548 1649 2533 2373 
1549 2321 2861 2203 
1550 2279 2350 2349 
1551 2022 2984 1971 
1552 2181 2621 2569 
1553 2496 2834 2081 
1554 2625 2737 2163 
1555 2337 3004 1786 
1556 1813 1815 1814 
1557 2034 2911 1907 
1558 2282 2845 2281 
1559 2432 2987 2315 
1560 1737 1739 1738 
1561 2232 2364 2363 
1562 2257 2779 2386 
1563 2326 2799 2254 
1564 2744 3001 1732 
1565 2087 2698 2594 
1566 1649 2372 229 
1567 1918 1920 1919 
1568 1629 2821 2088 
1569 2288 2938 2167 
1570 2080 2898 2011 
1571 1882 1884 1883 
1572 1942 2970 1941 
1573 2383 2946 2127 
1574 2365 2547 1700 
1575 1557 2641 2351 
1576 2544 2649 2613 
1577 2293 2736 1632 
1578 1731 1735 1734 
1579 2108 2857 2382 
1580 2135 2156 1932 
1581 1666 2649 2543 
1582 2361 2462 2119 
1583 2173 2477 2178 
1584 1675 3010 2344 
1585 2561 2853 2315 
1586 1959 1961 1960 
1587 2627 2688 1640 
1588 2342 2710 1575 
1589 2281 2832 2283 
1590 2529 2701 2135 
1591 2094 2991 2345 
1592 2207 2749 2206 
1593 2348 2592 1576 
1594 2306 2858 2761 
1595 2344 2915 1675 
1596 1994 1996 1995 
1597 2338 2354 2236 
1598 2330 2950 2724 
1599 2363 3015 1591 
1600 1735 1737 1736 
1601 1900 1901 1899 
1602 1604 2861 2443 
1603 1847 1849 1848 
1604 1976 1977 1975 
1605 2233 2842 2403 
1606 2259 2868 2261 
1607 2685 2947 1635 
1608 2284 2888 2478 
1609 1733 2171 1730 
1610 2579 2791 1602 
1611 2087 2594 2297 
1612 2245 2697 2476 
1613 2289 2631 1639 
1614 2022 2712 2251 
1615 2699 2791 2579 
1616 2332 2673 2054 
1617 1992 1994 1993 
1618 1612 2455 2376 
1619 2833 2944 2222 
1620 1957 1959 1958 
1621 2221 2601 2275 
1622 2303 2664 2070 
1623 1916 1918 1917 
1624 1773 1775 1774 
1625 1826 2954 1825 
1626 1880 1882 1881 
1627 2207 2961 2714 
1628 1864 1865 1863 
1629 1809 1811 1810 
1630 2145 2367 2248 
1631 2046 2869 1934 
1632 210 2852 1643 
1633 1974 1975 1973 
1634 2176 2177 2174 
1635 1845 1847 1846 
1636 2380 2395 1587 
1637 1898 1899 1897 
1638 2131 2683 2619 
1639 2041 2933 1979 
1640 1914 1916 1915 
1641 1827 1828 1826 
1642 2319 2776 2320 
1643 2569 2622 2181 
1644 2100 2992 2670 
1645 1896 1897 1895 
1646 2340 2704 1660 
1647 1990 1992 1991 
1648 1878 1880 1879 
1649 1972 1973 1971 
1650 1791 1792 1790 
1651 2127 2856 2383 
1652 2272 2603 2049 
1653 1755 1756 1754 
1654 4 1728 553 
1655 1598 2643 2375 
1656 2254 2799 2336 
1657 2339 2892 2188 
1658 1789 1790 1788 
1659 1753 1754 1752 
1660 2072 2649 2298 
1661 2345 2740 2094 
1662 1939 1940 1938 
1663 1643 2905 2647 
1664 2364 3015 2363 
1665 1955 1957 1956 
1666 1771 1773 1772 
1667 1862 1863 1861 
1668 2214 2760 2453 
1669 1670 2871 2362 
1670 2137 2610 2375 
1671 1860 1861 1859 
1672 1965 2959 1964 
1673 2046 2890 2645 
1674 2578 2940 2317 
1675 2330 2724 1645 
1676 1838 2917 2020 
1677 1650 2981 216 
1678 2076 2703 2661 
1679 2133 2619 2134 
1680 2051 2945 1758 
1681 1843 1845 1844 
1682 1929 2941 2374 
1683 1937 1938 1936 
1684 1637 2687 2103 
1685 2276 2826 1637 
1686 1807 1809 1808 
1687 2183 2818 2816 
1688 1912 1914 1913 
1689 1988 1990 1989 
1690 2140 2669 2141 
1691 2614 2929 2210 
1692 1953 1955 1954 
1693 2350 2939 2451 
1694 2343 2658 1709 
1695 1678 2681 2353 
1696 2015 2016 2014 
1697 2345 2991 1651 
1698 1769 1771 1770 
1699 2404 2638 2005 
1700 2269 2976 2047 
1701 2369 2590 1648 
1702 1935 1936 1934 
1703 1876 1878 1877 
1704 1805 1807 1806 
1705 2130 2600 2376 
1706 2570 2875 2295 
1707 2013 2014 2012 
1708 2336 2585 2086 
1709 1640 2706 2227 
1710 1760 2951 2051 
1711 2056 2981 2377 
1712 2010 2606 2323 
1713 2901 2903 2407 
1714 1764 2923 2019 
1715 1641 2762 2215 
1716 2727 2728 2204 
1717 1841 1843 1842 
1718 2635 2870 1647 
1719 1910 1912 1911 
1720 1981 2934 2041 
1721 1986 1988 1987 
1722 2363 2365 2230 
1723 2176 2634 2179 
1724 2327 2328 2177 
1725 2122 2380 2317 
1726 1783 2989 1782 
1727 2224 2651 2223 
1728 1869 2952 1867 
1729 2796 2903 2155 
1730 1733 2370 2171 
1731 1767 1769 1768 
1732 2123 2854 2722 
1733 1874 1876 1875 
1734 2241 2656 2191 
1735 2761 2858 2300 
1736 2499 2660 2142 
1737 1951 1953 1952 
1738 2688 2706 1640 
1739 2143 2660 2144 
1740 1839 1841 1840 
1741 2305 2602 2052 
1742 2518 2683 1716 
1743 1803 1805 1804 
1744 2135 2701 2156 
1745 1984 1986 1985 
1746 2359 2862 2284 
1747 2083 2327 2287 
1748 1892 1893 1890 
1749 1908 1910 1909 
1750 1705 3007 2430 
1751 1872 1874 1873 
1752 2332 2563 1632 
1753 1949 1951 1950 
1754 1823 1824 1822 
1755 1784 1785 1783 
1756 1801 1803 1802 
1757 2543 2649 2544 
1758 2186 2789 2394 
1759 2525 2731 2699 
1760 1765 1767 1766 
1761 1749 1750 1747 
1762 1690 2739 2354 
1763 240 2910 1636 
1764 2353 2691 2387 
1765 2114 2877 1919 
1766 1906 1908 1907 
1767 396 1554 395 
1768 532 1596 531 
1769 444 1574 443 
1770 278 1694 277 
1771 348 1603 347 
1772 484 1584 483 
1773 1901 1904 1903 
1774 492 1586 491 
1775 326 1696 325 
1776 300 1615 299 
1777 436 1572 435 
1778 540 1598 539 
1779 374 1702 373 
1780 252 1627 251 
1781 388 1553 387 
1782 422 1706 421 
1783 286 1690 285 
1784 340 1605 339 
1785 506 1707 505 
1786 470 1708 469 
1787 334 1689 333 
1788 292 1617 291 
1789 458 1709 457 
1790 518 1710 517 
1791 382 1688 381 
1792 410 1711 409 
1793 1560 2899 2381 
1794 546 1687 545 
1795 430 1686 429 
1796 264 1624 263 
1797 1856 1857 1855 
1798 362 1714 361 
1799 498 1685 497 
1800 1977 1980 1979 
1801 478 1684 477 
1802 312 1612 311 
1803 314 1716 313 
1804 1837 1839 1838 
1805 450 1683 449 
1806 526 1682 525 
1807 360 1569 359 
1808 266 1719 265 
1809 1821 1822 1820 
1810 1982 1984 1983 
1811 402 1680 401 
1812 408 1560 407 
1813 2661 2967 2851 
1814 247 2385 4 
1815 2224 2786 2413 
1816 2589 2809 2217 
1817 272 1622 271 
1818 354 1679 353 
1819 520 1593 519 
1820 456 1577 455 
1821 320 1610 319 
1822 306 1677 305 
1823 472 1581 471 
1824 504 1589 503 
1825 1966 1967 1965 
1826 368 1567 367 
1827 258 1676 257 
1828 424 1564 423 
1829 552 1601 551 
1830 203 2802 1638 
1831 2190 2984 2251 
1832 250 1727 249 
1833 376 1557 375 
1834 416 1562 415 
1835 1763 1765 1764 
1836 1726 2707 2366 
1837 298 1726 297 
1838 328 1608 327 
1839 2083 2346 2327 
1840 346 1725 345 
1841 2286 2849 2304 
1842 512 1591 511 
1843 280 1620 279 
1844 464 1579 463 
1845 394 1724 393 
1846 534 1723 533 
1847 442 1722 441 
1848 486 1721 485 
1849 490 1720 489 
1850 1647 2822 227 
1851 438 1718 437 
1852 538 1717 537 
1853 1865 1868 1867 
1854 390 1715 389 
1855 1947 1949 1948 
1856 1558 2799 2402 
1857 284 1619 283 
1858 342 1713 341 
1859 332 1607 331 
1860 294 1712 293 
1861 2352 2390 2071 
1862 380 1556 379 
1863 2430 3007 2273 
1864 548 1600 547 
1865 1870 1872 1871 
1866 428 1565 427 
1867 500 1588 499 
1868 476 1582 475 
1869 1645 2724 2296 
1870 452 1576 451 
1871 1835 1837 1836 
1872 524 1594 523 
1873 2315 2853 2102 
1874 404 1559 403 
1875 1799 1801 1800 
1876 2069 2854 1958 
1877 270 1705 269 
1878 356 1570 355 
1879 2351 2726 1557 
1880 318 1704 317 
1881 308 1613 307 
1882 1659 2732 2403 
1883 1980 1982 1981 
1884 366 1703 365 
1885 2565 2739 1690 
1886 2445 2640 1929 
1887 260 1625 259 
1888 2278 2874 2591 
1889 2775 2794 2287 
1890 414 1701 413 
1891 2011 2898 2247 
1892 1904 1906 1905 
1893 514 1700 513 
1894 462 1699 461 
1895 2329 2703 2048 
1896 1940 1943 1942 
1897 1651 2751 2509 
1898 466 1698 465 
1899 510 1697 509 
1900 418 1695 417 
1901 256 1626 255 
1902 370 1693 369 
1903 2653 2985 2316 
1904 1782 2989 2879 
1905 304 1614 303 
1906 1756 1759 1758 
1907 322 1692 321 
1908 2251 2712 2711 
1909 447 2399 446 
1910 529 2400 528 
1911 481 2396 480 
1912 495 2395 494 
1913 399 2402 398 
1914 352 1602 351 
1915 433 2393 432 
1916 543 2391 542 
1917 275 2405 274 
1918 351 2406 350 
1919 274 1691 273 
1920 385 2389 384 
1921 2645 2890 2469 
1922 323 2407 322 
1923 303 2408 302 
1924 2018 2082 2066 
1925 289 2388 288 
1926 337 2387 336 
1927 371 2409 370 
1928 255 2410 254 
1929 313 2455 312 
1930 400 1558 399 
1931 419 2412 418 
1932 1792 1795 1794 
1933 528 1595 527 
1934 448 1575 447 
1935 1868 1870 1869 
1936 509 2414 508 
1937 467 2416 466 
1938 480 1583 479 
1939 265 2457 264 
1940 496 1587 495 
1941 461 2417 460 
1942 432 1571 431 
1943 515 2418 514 
1944 544 1599 543 
1945 384 1555 383 
1946 413 2420 412 
1947 290 1681 289 
1948 336 1606 335 
1949 519 2460 518 
1950 338 1678 337 
1951 288 1618 287 
1952 261 2422 260 
1953 365 2423 364 
1954 386 1675 385 
1955 1828 1831 1830 
1956 2473 2714 1696 
1957 542 1674 541 
1958 434 1673 433 
1959 1761 1763 1762 
1960 471 2464 470 
1961 494 1672 493 
1962 309 2425 308 
1963 482 1671 481 
1964 317 2427 316 
1965 446 1670 445 
1966 530 1669 529 
1967 1797 1799 1798 
1968 398 1668 397 
1969 2443 2861 2321 
1970 276 1621 275 
1971 350 1667 349 
1972 357 2429 356 
1973 423 2466 422 
1974 324 1609 323 
1975 302 1666 301 
1976 269 2430 268 
1977 372 1566 371 
1978 254 1665 253 
1979 420 1563 419 
1980 508 1590 507 
1981 468 1580 467 
1982 460 1578 459 
1983 516 1592 515 
1984 405 2432 404 
1985 412 1561 411 
1986 375 2470 374 
1987 1689 2654 2493 
1988 262 1664 261 
1989 364 1568 363 
1990 310 1663 309 
1991 316 1611 315 
1992 358 1662 357 
1993 268 1623 267 
1994 406 1661 405 
1995 2258 2932 2306 
1996 522 1660 521 
1997 454 1659 453 
1998 474 1658 473 
1999 502 1657 501 
2000 523 2433 522 
2001 426 1656 425 
2002 251 2468 250 
2003 550 1655 549 
2004 553 2467 552 
2005 248 1628 247 
2006 378 1654 377 
2007 299 2471 298 
2008 505 2465 504 
2009 296 1616 295 
2010 330 1653 329 
2011 344 1604 343 
2012 457 2461 456 
2013 282 1652 281 
2014 409 2459 408 
2015 392 1552 391 
2016 536 1597 535 
2017 453 2434 452 
2018 440 1573 439 
2019 361 2456 360 
2020 488 1585 487 
2021 1945 1947 1946 
2022 327 2473 326 
2023 2310 2477 2118 
2024 475 2435 474 
2025 347 2474 346 
2026 2562 3010 1675 
2027 501 2436 500 
2028 279 2475 278 
2029 2316 2985 1633 
2030 395 2478 394 
2031 427 2437 426 
2032 549 2439 548 
2033 2221 2651 2601 
2034 1833 1835 1834 
2035 443 2480 442 
2036 379 2440 378 
2037 2101 2793 2315 
2038 485 2482 484 
2039 491 2483 490 
2040 295 2441 294 
2041 331 2442 330 
2042 2270 2968 2829 
2043 437 2484 436 
2044 539 2486 538 
2045 343 2443 342 
2046 389 2488 388 
2047 2267 2920 2611 
2048 1591 3015 2556 
2049 285 2490 284 
2050 391 2446 390 
2051 341 2491 340 
2052 333 2493 332 
2053 1759 1761 1760 
2054 537 2447 536 
2055 293 2494 292 
2056 439 2451 438 
2057 2413 2651 2224 
2058 2403 2732 1577 
2059 381 2495 380 
2060 1863 2902 1861 
2061 489 2452 488 
2062 487 2454 486 
2063 547 2498 546 
2064 1943 1945 1944 
2065 429 2500 428 
2066 2604 2831 2377 
2067 1795 1797 1796 
2068 2317 2597 2063 
2069 499 2504 498 
2070 441 2463 440 
2071 477 2506 476 
2072 2081 2834 2352 
2073 451 2510 450 
2074 525 2511 524 
2075 393 2472 392 
2076 2082 2346 2083 
2077 403 2517 402 
2078 1831 1833 1832 
2079 281 2479 280 
2080 271 2521 270 
2081 345 2481 344 
2082 355 2524 354 
2083 1593 2813 2378 
2084 319 2528 318 
2085 307 2532 306 
2086 329 2487 328 
2087 297 2489 296 
2088 2242 2613 2161 
2089 367 2537 366 
2090 259 2539 258 
2091 415 2542 414 
2092 249 2497 248 
2093 1923 1924 1922 
2094 1672 2709 2558 
2095 551 2501 550 
2096 425 2502 424 
2097 1921 1922 1920 
2098 503 2505 502 
2099 473 2507 472 
2100 513 2547 512 
2101 521 2508 520 
2102 407 2514 406 
2103 463 2549 462 
2104 1999 2000 1998 
2105 267 2515 266 
2106 359 2516 358 
2107 315 2518 314 
2108 311 2520 310 
2109 363 2522 362 
2110 263 2523 262 
2111 411 2526 410 
2112 517 2530 516 
2113 465 2555 464 
2114 459 2531 458 
2115 469 2534 468 
2116 507 2536 506 
2117 511 2556 510 
2118 421 2538 420 
2119 2367 2872 1601 
2120 1631 2661 199 
2121 253 2540 252 
2122 373 2541 372 
2123 301 2543 300 
2124 325 2545 324 
2125 1885 1886 1884 
2126 417 2560 416 
2127 349 2546 348 
2128 277 2548 276 
2129 2176 2765 2634 
2130 397 2550 396 
2131 531 2552 530 
2132 445 2553 444 
2133 1962 1963 1961 
2134 257 2564 256 
2135 483 2557 482 
2136 493 2558 492 
2137 369 2568 368 
2138 435 2559 434 
2139 1997 1998 1996 
2140 387 2562 386 
2141 2376 2683 2131 
2142 287 2565 286 
2143 339 2567 338 
2144 1790 2972 1788 
2145 305 2572 304 
2146 321 2574 320 
2147 335 2570 334 
2148 1713 2728 2491 
2149 291 2571 290 
2150 2327 2346 2328 
2151 1922 2929 1920 
2152 383 2573 382 
2153 545 2575 544 
2154 431 2577 430 
2155 353 2579 352 
2156 497 2578 496 
2157 273 2581 272 
2158 479 2580 478 
2159 449 2582 448 
2160 527 2583 526 
2161 401 2584 400 
2162 1998 2930 1996 
2163 2090 2746 2676 
2164 2375 2694 2138 
2165 2082 2788 2370 
2166 2566 2739 2565 
2167 1850 1851 1849 
2168 377 2641 376 
2169 2132 2768 2600 
2170 2331 2855 2241 
2171 1609 2901 2407 
2172 2391 2694 1674 
2173 1776 1777 1775 
2174 2284 2862 2164 
2175 2349 2874 2278 
2176 2394 2790 2186 
2177 2243 2727 2205 
2178 1644 2953 237 
2179 541 2643 540 
2180 2820 2949 2266 
2181 2156 2952 1869 
2182 2438 2650 1818 
2183 1812 1813 1811 
2184 1634 2962 197 
2185 215 2719 1650 
2186 1642 2960 218 
2187 1709 2658 2461 
2188 1824 1827 1826 
2189 2920 2959 2194 
2190 2015 2648 2029 
2191 1969 1972 1971 
2192 2204 2728 2321 
2193 1893 1896 1895 
2194 2307 2693 2114 
2195 1651 2974 222 
2196 1750 1753 1752 
2197 2442 2931 2320 
2198 2519 2683 2518 
2199 1785 1789 1788 
2200 2014 2926 2012 
2201 1872 2993 2563 
2202 1857 1860 1859 
2203 2613 2649 2072 
2204 2324 2844 2322 
2205 1974 1976 1975 
2206 1898 1900 1899 
2207 1728 2467 553 
2208 2359 2814 2326 
2209 2566 2606 2237 
2210 2068 2561 2381 
2211 2384 2431 2064 
2212 2004 2013 2012 
2213 1862 1864 1863 
2214 1896 1898 1897 
2215 233 2893 1641 
2216 1972 1974 1973 
2217 2251 2984 2022 
2218 1928 1935 1934 
2219 2099 2875 2691 
2220 1789 1791 1790 
2221 2607 2844 2324 
2222 2302 2891 2335 
2223 2097 2937 2355 
2224 1753 1755 1754 
2225 2389 2915 2390 
2226 1901 2616 1904 
2227 1630 2922 1731 
2228 1937 1939 1938 
2229 2551 2714 2473 
2230 2320 2734 2318 
2231 1860 1862 1861 
2232 2015 2029 2016 
2233 1977 2617 1980 
2234 2493 2654 2605 
2235 2690 2765 2175 
2236 2384 2777 1719 
2237 2352 2834 2573 
2238 2699 2731 2159 
2239 2081 2656 2496 
2240 2077 2726 2351 
2241 2257 2988 2779 
2242 1568 2664 2522 
2243 1935 1937 1936 
2244 2110 2648 2015 
2245 1865 2618 1868 
2246 1888 1892 1890 
2247 1924 1930 1926 
2248 2419 2712 2231 
2249 1781 1784 1783 
2250 2458 2777 2121 
2251 1744 1749 1747 
2252 2013 2015 2014 
2253 2313 2981 2056 
2254 2676 2746 2271 
2255 2441 2992 2291 
2256 1853 1856 1855 
2257 2000 2006 2002 
2258 1682 2513 2512 
2259 1817 1821 1820 
2260 1756 2620 1759 
2261 2558 2709 2587 
2262 2397 2398 1583 
2263 1940 2626 1943 
2264 2209 2979 2844 
2265 2151 2716 2270 
2266 2491 2728 2492 
2267 1631 2967 2661 
2268 2622 2713 2302 
2269 1792 2623 1795 
2270 1963 1966 1965 
2271 1828 2628 1831 
2272 2040 2809 2292 
2273 2644 2771 2264 
2274 2569 2713 2622 
2275 1628 2385 247 
2276 2009 2929 2614 
2277 2450 2817 1723 
2278 1777 2021 1779 
2279 2671 2751 2093 
2280 2029 2788 2016 
2281 1823 2608 1824 
2282 230 2830 2311 
2283 1821 1823 1822 
2284 1966 2090 1967 
2285 1564 2466 423 
2286 1581 2464 471 
2287 2499 2702 2660 
2288 1593 2460 519 
2289 1557 2470 375 
2290 250 2468 1727 
2291 1719 2457 265 
2292 552 2467 1601 
2293 2461 2658 2462 
2294 298 2471 1726 
2295 1716 2455 313 
2296 1608 2473 327 
2297 312 2455 1612 
2298 504 2465 1589 
2299 2177 2744 2174 
2300 346 2474 1725 
2301 456 2461 1577 
2302 1620 2475 279 
2303 2186 2923 2153 
2304 264 2457 1624 
2305 2660 2702 2144 
2306 408 2459 1560 
2307 394 2478 1724 
2308 1737 2057 1739 
2309 360 2456 1569 
2310 442 2480 1722 
2311 2362 2871 2092 
2312 1721 2482 485 
2313 518 2460 1710 
2314 490 2483 1720 
2315 1714 2456 361 
2316 1718 2484 437 
2317 1596 2817 2450 
2318 538 2486 1717 
2319 1711 2459 409 
2320 470 2464 1708 
2321 1715 2488 389 
2322 1709 2461 457 
2323 284 2490 1619 
2324 2392 2694 2391 
2325 422 2466 1706 
2326 1713 2491 341 
2327 1707 2465 505 
2328 332 2493 1607 
2329 1994 1997 1996 
2330 1712 2494 293 
2331 374 2470 1702 
2332 1627 2468 251 
2333 380 2495 1556 
2334 2029 2648 2371 
2335 1918 1921 1920 
2336 1615 2471 299 
2337 1600 2498 547 
2338 1882 1885 1884 
2339 428 2500 1565 
2340 326 2473 1696 
2341 1588 2504 499 
2342 476 2506 1582 
2343 1603 2474 347 
2344 2012 2926 2080 
2345 1959 1962 1961 
2346 278 2475 1694 
2347 1576 2510 451 
2348 2545 2961 2314 
2349 524 2511 1594 
2350 2306 2761 2058 
2351 1554 2478 395 
2352 1559 2517 403 
2353 270 2521 1705 
2354 1570 2524 355 
2355 1574 2480 443 
2356 2378 2767 2460 
2357 318 2528 1704 
2358 2606 2729 2323 
2359 1613 2532 307 
2360 484 2482 1584 
2361 366 2537 1703 
2362 1586 2483 491 
2363 1847 1850 1849 
2364 1625 2539 259 
2365 414 2542 1701 
2366 436 2484 1572 
2367 1598 2486 539 
2368 1700 2547 513 
2369 1595 2846 2583 
2370 462 2549 1699 
2371 388 2488 1553 
2372 1698 2555 465 
2373 510 2556 1697 
2374 1690 2490 285 
2375 1695 2560 417 
2376 340 2491 1605 
2377 256 2564 1626 
2378 1773 1776 1775 
2379 1693 2568 369 
2380 1689 2493 333 
2381 292 2494 1617 
2382 2266 2951 2170 
2383 304 2572 1614 
2384 2262 2934 2260 
2385 1692 2574 321 
2386 2344 3010 2305 
2387 1688 2495 381 
2388 352 2579 1602 
2389 296 2489 1616 
2390 248 2497 1628 
2391 1653 2487 329 
2392 550 2501 1655 
2393 1656 2502 425 
2394 344 2481 1604 
2395 1652 2479 281 
2396 502 2505 1657 
2397 1658 2507 473 
2398 1660 2508 521 
2399 392 2472 1552 
2400 406 2514 1661 
2401 1623 2515 267 
2402 358 2516 1662 
2403 1611 2518 315 
2404 310 2520 1663 
2405 1861 2902 2749 
2406 440 2463 1573 
2407 1568 2522 363 
2408 1691 2581 273 
2409 262 2523 1664 
2410 1561 2526 411 
2411 516 2530 1592 
2412 1578 2531 459 
2413 1585 2454 487 
2414 468 2534 1580 
2415 1590 2536 507 
2416 488 2452 1585 
2417 420 2538 1563 
2418 1665 2540 253 
2419 372 2541 1566 
2420 1666 2543 301 
2421 324 2545 1609 
2422 1573 2451 439 
2423 1667 2546 349 
2424 276 2548 1621 
2425 536 2447 1597 
2426 1668 2550 397 
2427 530 2552 1669 
2428 1670 2553 445 
2429 482 2557 1671 
2430 1672 2558 493 
2431 1552 2446 391 
2432 434 2559 1673 
2433 386 2562 1675 
2434 1618 2565 287 
2435 338 2567 1678 
2436 1606 2570 335 
2437 290 2571 1681 
2438 1604 2443 343 
2439 1555 2573 383 
2440 544 2575 1599 
2441 1571 2577 431 
2442 496 2578 1587 
2443 1583 2580 479 
2444 448 2582 1575 
2445 330 2442 1653 
2446 1595 2583 527 
2447 400 2584 1558 
2448 1616 2441 295 
2449 546 2498 1687 
2450 378 2440 1654 
2451 1809 1812 1811 
2452 1686 2500 429 
2453 1655 2439 549 
2454 426 2437 1656 
2455 2362 2918 2554 
2456 1657 2436 501 
2457 474 2435 1658 
2458 2159 2917 2146 
2459 1659 2434 453 
2460 2090 2676 1967 
2461 522 2433 1660 
2462 1812 2312 2056 
2463 1914 2089 1916 
2464 1661 2432 405 
2465 498 2504 1685 
2466 268 2430 1623 
2467 1990 2084 1992 
2468 1662 2429 357 
2469 1684 2506 477 
2470 316 2427 1611 
2471 1663 2425 309 
2472 2343 2971 2309 
2473 364 2423 1568 
2474 1923 2383 1924 
2475 4 2385 1728 
2476 1664 2422 261 
2477 1999 2382 2000 
2478 1788 2972 2853 
2479 412 2420 1561 
2480 450 2510 1683 
2481 1878 2219 1880 
2482 1955 2244 1957 
2483 1592 2418 515 
2484 1682 2511 525 
2485 460 2417 1578 
2486 1580 2416 467 
2487 508 2414 1590 
2488 1563 2412 419 
2489 402 2517 1680 
2490 254 2410 1665 
2491 1566 2409 371 
2492 302 2408 1666 
2493 1654 2641 377 
2494 1629 2900 2821 
2495 1609 2407 323 
2496 1622 2521 271 
2497 1843 2160 1845 
2498 1633 2985 2341 
2499 350 2406 1667 
2500 1621 2405 275 
2501 1921 1923 1922 
2502 354 2524 1679 
2503 398 2402 1668 
2504 1674 2643 541 
2505 1850 2165 2074 
2506 1669 2400 529 
2507 1885 2091 1886 
2508 446 2399 1670 
2509 1558 2402 399 
2510 274 2405 1691 
2511 1602 2406 351 
2512 322 2407 1692 
2513 1610 2528 319 
2514 1614 2408 303 
2515 370 2409 1693 
2516 1626 2410 255 
2517 528 2400 1595 
2518 418 2412 1695 
2519 1671 2396 481 
2520 1575 2399 447 
2521 1997 1999 1998 
2522 1697 2414 509 
2523 306 2532 1677 
2524 466 2416 1698 
2525 494 2395 1672 
2526 1699 2417 461 
2527 514 2418 1700 
2528 1701 2420 413 
2529 480 2396 1583 
2530 1587 2395 495 
2531 260 2422 1625 
2532 1673 2393 433 
2533 1703 2423 365 
2534 455 2732 454 
2535 2092 2710 2342 
2536 542 2391 1674 
2537 308 2425 1613 
2538 1704 2427 317 
2539 432 2393 1571 
2540 1599 2391 543 
2541 356 2429 1570 
2542 2424 2664 1568 
2543 1705 2430 269 
2544 1567 2537 367 
2545 1675 2389 385 
2546 404 2432 1559 
2547 384 2389 1555 
2548 1769 2112 1771 
2549 258 2539 1676 
2550 1594 2433 523 
2551 452 2434 1576 
2552 2566 2729 2606 
2553 288 2388 1618 
2554 1681 2388 289 
2555 1582 2435 475 
2556 1678 2387 337 
2557 500 2436 1588 
2558 2120 2924 2637 
2559 336 2387 1606 
2560 1565 2437 427 
2561 548 2439 1600 
2562 2246 2904 2801 
2563 1556 2440 379 
2564 1885 2218 2091 
2565 2809 2810 2217 
2566 1562 2542 415 
2567 1921 2163 1923 
2568 2599 2751 2671 
2569 294 2441 1712 
2570 1997 2166 1999 
2571 1607 2442 331 
2572 1682 2583 2513 
2573 342 2443 1713 
2574 1805 2120 1807 
2575 390 2446 1715 
2576 334 2570 1689 
2577 1617 2571 291 
2578 1605 2567 339 
2579 286 2565 1690 
2580 382 2573 1688 
2581 1553 2562 387 
2582 1687 2575 545 
2583 430 2577 1686 
2584 1572 2559 435 
2585 1685 2578 497 
2586 478 2580 1684 
2587 492 2558 1586 
2588 1584 2557 483 
2589 512 2547 1591 
2590 1683 2582 449 
2591 526 2583 1682 
2592 444 2553 1574 
2593 1596 2552 531 
2594 1680 2584 401 
2595 1717 2447 537 
2596 396 2550 1554 
2597 272 2581 1622 
2598 1694 2548 277 
2599 1679 2579 353 
2600 1850 2074 1851 
2601 438 2451 1718 
2602 348 2546 1603 
2603 320 2574 1610 
2604 1696 2545 325 
2605 1579 2549 463 
2606 1677 2572 305 
2607 300 2543 1615 
2608 368 2568 1567 
2609 1702 2541 373 
2610 1676 2564 257 
2611 252 2540 1627 
2612 1720 2452 489 
2613 1706 2538 421 
2614 416 2560 1562 
2615 486 2454 1721 
2616 506 2536 1707 
2617 1591 2556 511 
2618 1708 2534 469 
2619 464 2555 1579 
2620 1910 1929 1912 
2621 458 2531 1709 
2622 2116 2752 2119 
2623 1986 2005 1988 
2624 1722 2463 441 
2625 1710 2530 517 
2626 410 2526 1711 
2627 1624 2523 263 
2628 362 2522 1714 
2629 2160 2905 2633 
2630 1724 2472 393 
2631 1612 2520 311 
2632 314 2518 1716 
2633 2048 2076 1900 
2634 1569 2516 359 
2635 280 2479 1620 
2636 266 2515 1719 
2637 1725 2481 345 
2638 1560 2514 407 
2639 520 2508 1593 
2640 328 2487 1608 
2641 1726 2489 297 
2642 1951 2059 1953 
2643 1874 2054 1876 
2644 1900 2616 1901 
2645 472 2507 1581 
2646 1589 2505 503 
2647 424 2502 1564 
2648 1727 2497 249 
2649 2340 2735 2195 
2650 1601 2501 551 
2651 1776 2444 1777 
2652 1976 2617 1977 
2653 1839 2037 1841 
2654 1864 2618 1865 
2655 2062 2085 1864 
2656 540 2643 1598 
2657 1812 2056 1813 
2658 1962 2632 1963 
2659 2377 2831 2056 
2660 1801 1818 1803 
2661 1755 2620 1756 
2662 376 2641 1557 
2663 2075 2265 1755 
2664 2093 2094 1791 
2665 2121 2777 2384 
2666 1791 2623 1792 
2667 1947 2341 1949 
2668 2368 2742 2062 
2669 1763 1786 1765 
2670 1827 2628 1828 
2671 1939 2626 1940 
2672 1980 2106 1982 
2673 1749 2717 1750 
2674 1728 2596 2467 
2675 1966 2096 2090 
2676 1835 2274 1837 
2677 1821 2255 1823 
2678 1904 2115 1906 
2679 2398 2580 1583 
2680 2237 2958 2235 
2681 2811 2885 2261 
2682 2149 2911 2034 
2683 1868 2293 1870 
2684 2241 2784 2656 
2685 2139 2787 2610 
2686 2428 2781 2135 
2687 1824 2608 1827 
2688 1628 2386 2385 
2689 1795 2073 1797 
2690 1943 2038 1945 
2691 2513 2846 2611 
2692 1759 2199 1761 
2693 1831 2026 1833 
2694 1935 2109 1937 
2695 2013 2110 2015 
2696 2136 2863 2139 
2697 1972 2271 1974 
2698 1785 2671 1789 
2699 1789 2093 1791 
2700 1924 2383 1930 
2701 2857 2964 2382 
2702 1753 2075 1755 
2703 1862 2062 1864 
2704 1898 2048 1900 
2705 2000 2382 2006 
2706 1883 2966 2072 
2707 2544 2613 2242 
2708 2434 2842 2348 
2709 2099 2691 2353 
2710 1636 2746 2334 
2711 2348 2842 2233 
2712 2155 2701 2700 
2713 2009 2614 2307 
2714 1786 2668 2635 
2715 2255 2357 1823 
2716 2656 2784 2496 
2717 2492 2727 2243 
2718 2096 2334 2090 
2719 2119 2752 2361 
2720 2590 2738 2074 
2721 2463 2874 2349 
2722 2129 2848 2132 
2723 1904 2616 2115 
2724 2502 2503 1564 
2725 1612 2600 2520 
2726 2231 2906 2229 
2727 2526 2527 1711 
2728 2454 2612 1721 
2729 1708 2535 2534 
2730 2540 2644 1627 
2731 1892 2766 1893 
2732 1980 2617 2106 
2733 2543 2544 1615 
2734 454 2732 1659 
2735 2453 2916 2725 
2736 2135 2781 2529 
2737 2075 2717 2533 
2738 2553 2554 1574 
2739 2328 2744 2177 
2740 1683 2609 2582 
2741 2558 2587 1586 
2742 2057 2830 2372 
2743 1704 2428 2427 
2744 1967 2676 1969 
2745 2425 2426 1613 
2746 1723 2817 533 
2747 2422 2588 1625 
2748 1701 2421 2420 
2749 2075 2290 2265 
2750 2312 2313 2056 
2751 2218 2296 2091 
2752 2111 2882 2726 
2753 1687 2576 2575 
2754 2002 2675 2004 
2755 2165 2240 2074 
2756 2412 2413 1695 
2757 1626 2411 2410 
2758 1680 2585 2584 
2759 2219 2925 2624 
2760 1868 2618 2293 
2761 1848 2965 2204 
2762 1963 2632 1966 
2763 1926 2674 1928 
2764 2618 2736 2293 
2765 2669 2753 2138 
2766 2593 2839 2299 
2767 2396 2397 1583 
2768 2560 2615 1562 
2769 2174 2744 1742 
2770 2393 2394 1571 
2771 1599 2392 2391 
2772 2096 2866 2334 
2773 532 2817 1596 
2774 2539 2586 1676 
2775 2803 2843 2148 
2776 1577 2732 455 
2777 1610 2529 2528 
2778 2357 2719 2104 
2779 2524 2525 1679 
2780 2577 2652 1686 
2781 1774 2897 2221 
2782 1669 2401 2400 
2783 2232 2933 2364 
2784 2279 2945 2350 
2785 1682 2512 2511 
2786 1784 2671 1785 
2787 1688 2496 2495 
2788 2414 2415 1590 
2789 1580 2634 2416 
2790 2645 2869 2046 
2791 1592 2419 2418 
2792 2576 2812 2142 
2793 2491 2492 1605 
2794 2325 2998 2552 
2795 2371 2893 1729 
2796 1652 2880 2379 
2797 1777 2444 2021 
2798 2458 2877 2815 
2799 2423 2424 1568 
2800 210 3002 2852 
2801 1598 2610 2486 
2802 1886 2595 1888 
2803 1759 2620 2199 
2804 1810 2909 2081 
2805 2482 2594 1584 
2806 2378 2813 2105 
2807 2475 2476 1694 
2808 2449 2889 1597 
2809 1943 2626 2038 
2810 2172 2886 2477 
2811 1795 2623 2073 
2812 2379 2880 1619 
2813 1779 2598 1781 
2814 2018 2788 2082 
2815 2447 2448 1597 
2816 2100 2670 2366 
2817 2452 2453 1585 
2818 2381 2899 2192 
2819 2128 2774 2273 
2820 2457 2458 1624 
2821 1831 2628 2026 
2822 2307 2614 2588 
2823 2844 2979 1894 
2824 2461 2462 1577 
2825 1723 2889 2449 
2826 2342 2818 2184 
2827 2593 2864 2200 
2828 2468 2469 1727 
2829 2856 2978 2383 
2830 2764 2848 2025 
2831 1608 2551 2473 
2832 1815 2604 1817 
2833 1856 2847 1857 
2834 2516 2589 1662 
2835 1611 2519 2518 
2836 2633 2905 2165 
2837 2480 2591 1722 
2838 2032 2745 2155 
2839 1930 2674 1926 
2840 2637 2924 2312 
2841 1718 2485 2484 
2842 1589 2655 2505 
2843 1644 2705 2404 
2844 2134 2754 2428 
2845 2091 2595 1886 
2846 2655 2868 2168 
2847 2493 2605 1607 
2848 2887 2973 2168 
2849 2390 2915 2344 
2850 2006 2675 2002 
2851 2217 2810 2157 
2852 2790 2923 2186 
2853 1600 2499 2498 
2854 533 2817 532 
2855 2147 2792 2162 
2856 2612 2760 2214 
2857 1576 2592 2510 
2858 2361 2752 1748 
2859 2347 2900 1629 
2860 2609 2818 2342 
2861 2358 2723 1646 
2862 2779 3000 2249 
2863 2489 2670 1616 
2864 1597 2889 535 
2865 282 2880 1652 
2866 2246 2825 2039 
2867 1618 2566 2565 
2868 1693 2569 2568 
2869 2371 2648 1641 
2870 2237 2739 2566 
2871 2092 2871 2710 
2872 2138 2753 2007 
2873 1619 2880 283 
2874 534 2889 1723 
2875 2747 2937 2097 
2876 2142 2812 2499 
2877 2296 2724 2091 
2878 2282 3005 2845 
2879 2327 3013 2287 
2880 2076 2616 1900 
2881 202 3003 203 
2882 2477 2886 2118 
2883 1939 2627 2626 
2884 2357 2608 1823 
2885 2145 2872 2367 
2886 1916 2625 1918 
2887 2074 2738 1851 
2888 2424 2773 2098 
2889 1880 2624 1882 
2890 1851 2738 1853 
2891 2139 2797 2787 
2892 2607 2679 2209 
2893 2385 2689 1728 
2894 2139 2798 2797 
2895 2125 2823 2288 
2896 1634 2737 2445 
2897 2583 2846 2513 
2898 1992 2629 1994 
2899 1957 2630 1959 
2900 2598 2599 1784 
2901 1789 2671 2093 
2902 2142 2865 2008 
2903 2131 2795 1891 
2904 2085 2618 1864 
2905 2152 2748 2282 
2906 206 2741 207 
2907 1996 2930 2031 
2908 1845 2633 1847 
2909 2406 2665 1667 
2910 2397 2898 2080 
2911 2740 2881 2094 
2912 2016 2788 2018 
2913 2004 2675 2013 
2914 2801 2825 2246 
2915 1807 2637 1809 
2916 1771 2636 1773 
2917 1928 2674 1935 
2918 1896 2662 1898 
2919 2549 2657 1699 
2920 2755 2768 2132 
2921 1920 2929 2009 
2922 1876 2639 1878 
2923 1988 2638 1990 
2924 2624 2925 2218 
2925 1712 2679 2494 
2926 1912 2640 1914 
2927 227 2997 228 
2928 2243 2957 2492 
2929 1953 2642 1955 
2930 2731 2917 2159 
2931 1841 2646 1843 
2932 1803 2650 1805 
2933 1750 2717 1753 
2934 2265 2620 1755 
2935 1969 2676 1972 
2936 2596 2689 2249 
2937 2561 2943 2381 
2938 2462 2658 2119 
2939 2126 2761 2300 
2940 2094 2623 1791 
2941 1812 2637 2312 
2942 2021 2598 1779 
2943 1949 2653 1951 
2944 1888 2595 1892 
2945 2541 2975 2335 
2946 2555 2690 1579 
2947 2680 2910 2678 
2948 209 3002 210 
2949 1976 2678 2617 
2950 2611 2920 2194 
2951 2038 2667 2666 
2952 283 2880 282 
2953 2611 2846 2268 
2954 2779 2988 2256 
2955 1781 2598 1784 
2956 2308 2722 2450 
2957 2720 2934 2262 
2958 2299 2859 2593 
2959 2085 2736 2618 
2960 2619 2795 2131 
2961 1837 2659 1839 
2962 2056 2831 1813 
2963 2043 2918 2362 
2964 1850 2633 2165 
2965 2725 2916 2339 
2966 1966 2632 2096 
2967 2238 2801 2338 
2968 2168 2982 2042 
2969 2715 2819 2185 
2970 535 2889 534 
2971 1817 2604 1821 
2972 2603 2824 2162 
2973 1921 2625 2163 
2974 1885 2624 2218 
2975 1997 2629 2166 
2976 2648 2762 1641 
2977 2364 2933 2807 
2978 2315 2987 2561 
2979 1853 2738 1856 
2980 2231 2772 2419 
2981 2586 2783 2211 
2982 2805 2951 2266 
2983 2299 2839 2067 
2984 1642 2924 2438 
2985 1906 2730 1908 
2986 2429 2721 1570 
2987 2091 2724 2595 
2988 1931 2749 2356 
2989 2762 2964 2215 
2990 2305 2838 2602 
2991 2244 2631 2630 
2992 1860 2692 1862 
2993 2344 2827 2390 
2994 1635 2947 2337 
2995 1714 2682 2456 
2996 2587 2709 2095 
2997 1594 2735 2433 
2998 2398 2750 2355 
2999 1797 2663 1799 
3000 1761 2668 1763 
3001 2567 2681 1678 
3002 2615 2976 2269 
3003 1945 2666 1947 
3004 2273 2774 2431 
3005 2815 2877 2114 
3006 1833 2672 1835 
3007 2057 2806 1739 
3008 2602 2837 2282 
3009 2500 2715 1565 
3010 2169 2879 2421 
3011 2089 2625 1916 
3012 2154 2903 2901 
3013 2350 2945 2860 
3014 1741 2828 1744 
3015 2387 2691 1606 
3016 2219 2624 1880 
3017 2523 2693 1664 
3018 2450 2914 1596 
3019 1575 2710 2399 
3020 2037 2647 2646 
3021 2084 2629 1992 
3022 1964 2959 2920 
3023 1918 2625 1921 
3024 1821 2604 2255 
3025 1882 2624 1885 
3026 2244 2630 1957 
3027 2118 2886 1745 
3028 2031 2725 2339 
3029 1744 2828 1749 
3030 1994 2629 1997 
3031 2386 2689 2385 
3032 2335 2840 2055 
3033 2141 2785 2576 
3034 1959 2630 1962 
3035 2374 2967 1631 
3036 1893 2766 1896 
3037 2160 2633 1845 
3038 2379 2904 1652 
3039 2282 2748 2602 
3040 1727 2684 2497 
3041 1847 2633 1850 
3042 2487 2686 1608 
3043 2292 2980 2682 
3044 2758 2898 2397 
3045 2112 2636 1771 
3046 1773 2636 1776 
3047 2120 2637 1807 
3048 2121 2877 2458 
3049 2289 2927 2631 
3050 2112 2685 2636 
3051 2711 2948 2251 
3052 1982 2759 1984 
3053 2013 2675 2110 
3054 1809 2637 1812 
3055 2333 3012 2065 
3056 1660 2704 2508 
3057 1929 2640 1912 
3058 1990 2638 2084 
3059 2272 2800 2603 
3060 1914 2640 2089 
3061 2263 2955 2411 
3062 1935 2674 2109 
3063 1878 2639 2219 
3064 2080 2926 2750 
3065 2005 2638 1988 
3066 2700 2796 2155 
3067 2054 2639 1876 
3068 1955 2642 2244 
3069 2439 2702 1600 
3070 1694 2696 2548 
3071 2059 2642 1953 
3072 1898 2662 2048 
3073 1813 2831 1815 
3074 2599 2671 1784 
3075 2037 2646 1841 
3076 2105 2813 2704 
3077 1843 2646 2160 
3078 1584 2698 2557 
3079 1753 2717 2075 
3080 1711 2677 2459 
3081 2471 2707 1726 
3082 1739 2806 1741 
3083 2597 2963 2288 
3084 2535 2775 2287 
3085 1805 2650 2120 
3086 2606 2958 2237 
3087 2268 3006 2401 
3088 1972 2676 2271 
3089 2531 2971 2343 
3090 1892 2950 2766 
3091 2162 2792 2603 
3092 2660 2865 2142 
3093 1818 2650 1803 
3094 2132 2764 2755 
3095 1951 2653 2059 
3096 2700 2701 2529 
3097 1862 2692 2062 
3098 2053 2862 2359 
3099 2341 2653 1949 
3100 2178 2896 2690 
3101 2506 2747 1582 
3102 2431 2774 2064 
3103 2048 2703 2076 
3104 1679 2699 2579 
3105 2264 2645 2644 
3106 2574 2700 1610 
3107 2517 2695 1680 
3108 2735 2782 2195 
3109 1974 2680 1976 
3110 1839 2659 2037 
3111 2409 2713 1693 
3112 2338 2801 2379 
3113 2711 2712 2419 
3114 2026 2687 2672 
3115 2464 2775 1708 
3116 2697 2911 2149 
3117 2317 2940 2597 
3118 2274 2659 1837 
3119 2390 2827 2071 
3120 2620 2870 2199 
3121 2288 2823 2597 
3122 2355 2750 2107 
3123 1763 2668 1786 
3124 2054 2673 2639 
3125 1835 2672 2274 
3126 2115 2730 1906 
3127 2245 2928 2841 
3128 1947 2666 2341 
3129 1937 2688 1939 
3130 2832 3011 2283 
3131 2242 2935 2544 
3132 2162 2956 2803 
3133 1737 2850 2057 
3134 2073 2723 2663 
3135 2159 2791 2699 
3136 2073 2663 1797 
3137 2110 2762 2648 
3138 2183 2816 2592 
3139 1622 2800 2521 
3140 2038 2666 1945 
3141 2106 2759 1982 
3142 2199 2668 1761 
3143 2734 2931 2605 
3144 2405 2803 1691 
3145 1735 2850 1737 
3146 2026 2672 1833 
3147 2388 2729 1618 
3148 1590 2708 2536 
3149 2113 2839 2593 
3150 2530 2711 1592 
3151 2527 2677 1711 
3152 2109 2706 2688 
3153 2139 2863 2798 
3154 1728 2689 2596 
3155 2334 2746 2090 
3156 2798 2863 2024 
3157 1939 2688 2627 
3158 2564 2743 1626 
3159 2469 2684 1727 
3160 1769 2836 2112 
3161 1608 2686 2551 
3162 1708 2775 2535 
3163 1801 2835 1818 
3164 2112 2947 2685 
3165 1799 2835 1801 
3166 2721 2912 2217 
3167 1815 2831 2604 
3168 2942 2944 2503 
3169 1626 2743 2411 
3170 2271 2680 1974 
3171 2355 3014 2398 
3172 2122 2733 2380 
3173 2476 2696 1694 
3174 2594 2698 1584 
3175 1680 2695 2585 
3176 2109 2688 1937 
3177 1600 2702 2499 
3178 1767 2836 1769 
3179 2527 2878 2198 
3180 2663 2723 2358 
3181 2525 2699 1679 
3182 1610 2700 2529 
3183 1628 2778 2386 
3184 1976 2680 2678 
3185 2581 2824 1622 
3186 2185 2819 2652 
3187 2485 2939 2860 
3188 2059 2718 2642 
3189 1693 2713 2569 
3190 2415 2708 1590 
3191 1986 2907 2005 
3192 2200 2908 2426 
3193 1565 2829 2437 
3194 1592 2711 2419 
3195 2062 2742 2085 
3196 1857 2847 1860 
3197 1930 2995 2674 
3198 1896 2766 2662 
3199 2280 2913 2554 
3200 2465 2811 1589 
3201 1910 2941 1929 
3202 2460 2767 1710 
3203 1704 2781 2428 
3204 2588 2783 1625 
3205 2413 2786 1695 
3206 2380 2921 2395 
3207 1618 2729 2566 
3208 2559 2820 1673 
3209 2678 2821 2617 
3210 1599 2785 2392 
3211 2292 2809 2808 
3212 2394 2789 1571 
3213 1589 2811 2655 
3214 2722 2914 2450 
3215 2605 2654 2226 
3216 1683 2816 2609 
3217 2124 2827 2344 
3218 1786 3004 1765 
3219 1687 2812 2576 
3220 1703 2773 2423 
3221 2418 2772 1700 
3222 1697 2770 2414 
3223 2381 2943 2514 
3224 2597 2823 2063 
3225 2661 2851 2076 
3226 2265 2870 2620 
3227 2811 2868 2655 
3228 1673 2757 2393 
3229 1701 2867 2421 
3230 1671 2758 2396 
3231 2644 2883 1627 
3232 1688 2834 2496 
3233 1717 2797 2447 
3234 2458 2815 1624 
3235 2420 2756 1561 
3236 1702 2975 2541 
3237 1663 2755 2425 
3238 2057 2850 2830 
3239 2427 2754 1611 
3240 2426 2908 1613 
3241 2453 2760 1585 
3242 2155 2745 2701 
3243 2712 2906 2231 
3244 2652 2819 1686 
3245 2758 2996 2247 
3246 2479 2841 1620 
3247 2587 2892 1586 
3248 1611 2754 2519 
3249 2485 2860 2805 
3250 1668 2814 2550 
3251 2507 2849 1581 
3252 2554 2913 1574 
3253 2085 2741 2736 
3254 1569 2808 2516 
3255 1580 2873 2634 
3256 2293 2993 1870 
3257 2503 2944 1564 
3258 1585 2760 2454 
3259 2868 2982 2168 
3260 2472 2832 1552 
3261 2218 2802 2296 
3262 2806 2828 1741 
3263 2544 2935 1615 
3264 1556 2855 2440 
3265 2591 2874 1722 
3266 1719 2777 2457 
3267 1655 2763 2439 
3268 2234 2986 2627 
3269 1999 2919 2382 
3270 1656 2769 2502 
3271 2182 2990 2348 
3272 2508 2813 1593 
3273 1624 2815 2523 
3274 2520 2768 1663 
3275 2573 2834 1688 
3276 1718 2939 2485 
3277 2484 2804 1572 
3278 1923 2946 2383 
3279 2605 2931 1607 
3280 2247 2898 2758 
3281 2492 2957 1605 
3282 2486 2787 1717 
3283 1665 2771 2540 
3284 1677 2859 2572 
3285 2495 2784 1556 
3286 2498 2812 1687 
3287 1653 2776 2487 
3288 2797 2798 2448 
3289 1715 2837 2488 
3290 2511 2782 1594 
3291 2510 2816 1683 
3292 2617 2821 2106 
3293 2589 2912 1662 
3294 2631 2999 1639 
3295 2179 2873 2535 
3296 2497 2778 1628 
3297 1570 2780 2524 
3298 2528 2781 1704 
3299 2428 2754 2427 
3300 2425 2755 2426 
3301 1625 2783 2539 
3302 2421 2756 2420 
3303 1669 2998 2401 
3304 2554 2918 2280 
3305 2393 2757 2394 
3306 1552 2845 2446 
3307 2396 2758 2397 
3308 1581 2794 2464 
3309 2864 2908 2200 
3310 2290 2822 2265 
3311 2454 2760 2612 
3312 1695 2786 2560 
3313 1860 2847 2692 
3314 1686 2819 2500 
3315 2657 2894 1699 
3316 2529 2781 2528 
3317 2524 2780 2525 
3318 2539 2783 2586 
3319 2512 2782 2511 
3320 2706 2995 2227 
3321 2457 2777 2458 
3322 2496 2784 2495 
3323 2603 2792 2049 
3324 2068 2853 2561 
3325 2610 2787 2486 
3326 2575 2785 1599 
3327 1984 2907 1986 
3328 2502 2769 2503 
3329 2132 2848 2764 
3330 2532 2864 1677 
3331 2600 2768 2520 
3332 2560 2786 2615 
3333 2414 2770 2415 
3334 2488 2838 1553 
3335 1571 2789 2577 
3336 2419 2772 2418 
3337 2540 2771 2644 
3338 2423 2773 2424 
3339 2645 2883 2644 
3340 2415 2807 2720 
3341 2715 2829 1565 
3342 1731 2922 1735 
3343 1559 2793 2517 
3344 2576 2785 2575 
3345 2822 2997 227 
3346 2733 2921 2380 
3347 2447 2797 2448 
3348 2756 2879 2198 
3349 2782 2876 2195 
3350 2665 2895 1667 
3351 2485 2804 2484 
3352 2674 2995 2109 
3353 1603 2858 2474 
3354 2535 2873 2534 
3355 1601 2872 2501 
3356 2663 2835 1799 
3357 2577 2789 2652 
3358 2526 2878 2527 
3359 1692 2796 2574 
3360 2721 2780 1570 
3361 2226 2734 2605 
3362 2499 2812 2498 
3363 2592 2816 2510 
3364 2476 2697 2696 
3365 2404 2953 1644 
3366 2670 2992 1616 
3367 2709 2921 2733 
3368 2198 2878 2756 
3369 1594 2782 2735 
3370 2244 2999 2631 
3371 2602 2748 2052 
3372 2516 2808 2589 
3373 2468 2883 2469 
3374 2196 2953 2404 
3375 2400 3006 1595 
3376 2627 2986 2626 
3377 2475 2928 2476 
3378 1659 2842 2434 
3379 2690 2896 1579 
3380 2445 2962 1634 
3381 2840 2882 2111 
3382 2840 2975 2882 
3383 2438 2960 1642 
3384 2192 2899 2677 
3385 2411 2955 2410 
3386 2038 2986 2667 
3387 2480 2913 2591 
3388 1908 2941 1910 
3389 203 3003 2802 
3390 2165 2852 2240 
3391 2364 2807 2770 
3392 2723 2740 1646 
3393 2534 2873 1580 
3394 2808 2809 2589 
3395 2509 2974 1651 
3396 2452 2916 2453 
3397 1627 2883 2468 
3398 1699 2894 2417 
3399 2212 2960 2438 
3400 2730 2941 1908 
3401 2253 2962 2445 
3402 1722 2874 2463 
3403 2251 2948 2767 
3404 1566 2891 2409 
3405 1561 2878 2526 
3406 1586 2892 2483 
3407 2287 3013 2535 
3408 2228 2936 2685 
3409 1579 2896 2549 
3410 2283 3011 2888 
3411 2399 2871 1670 
3412 2723 2881 2740 
3413 2166 2919 1999 
3414 2631 2927 2630 
3415 2702 2763 2144 
3416 2407 2903 1692 
3417 2469 2883 2645 
3418 2470 2882 1702 
3419 1622 2824 2800 
3420 2501 2884 1655 
3421 2320 2931 2734 
3422 2549 2896 2657 
3423 1657 2887 2436 
3424 2805 2860 2051 
3425 2459 2899 1560 
3426 2770 2807 2415 
3427 2759 2907 1984 
3428 2542 2867 1701 
3429 2691 2875 1606 
3430 2250 2974 2509 
3431 1662 2912 2429 
3432 1720 2916 2452 
3433 1574 2913 2480 
3434 2655 2973 2505 
3435 2421 2879 2756 
3436 2050 2942 2716 
3437 2662 2766 2330 
3438 2227 2995 2978 
3439 1667 2895 2546 
3440 2085 2742 2741 
3441 2696 2697 2149 
3442 2685 2936 2636 
3443 1613 2908 2532 
3444 2415 2720 2708 
3445 2264 2869 2645 
3446 2709 2733 2095 
3447 2163 2946 1923 
3448 2436 2938 1588 
3449 1725 2932 2481 
3450 2188 2892 2587 
3451 1673 2820 2757 
3452 2500 2819 2715 
3453 2630 2927 1962 
3454 2274 2826 2659 
3455 2209 2844 2607 
3456 1606 2875 2570 
3457 1710 2948 2530 
3458 2741 2742 207 
3459 2822 2870 2265 
3460 1607 2931 2442 
3461 2636 2936 1776 
3462 2714 2961 1696 
3463 2241 2855 2784 
3464 2451 2939 1718 
3465 2476 2928 2245 
3466 2143 2865 2660 
3467 1620 2928 2475 
3468 2478 2888 1724 
3469 1685 2940 2578 
3470 1572 2949 2559 
3471 2150 2911 2697 
3472 2724 2950 2595 
3473 1675 2915 2389 
3474 1672 2921 2709 
3475 2022 2906 2712 
3476 1962 2927 2632 
3477 2787 2797 1717 
3478 2523 2815 2693 
3479 1615 2935 2471 
3480 1776 2936 2444 
3481 2261 2868 2811 
3482 2222 2944 2942 
3483 1765 3004 1767 
3484 1735 2922 2850 
3485 1870 2993 1872 
3486 2784 2855 1556 
3487 2429 2912 2721 
3488 2860 2939 2350 
3489 1581 2849 2794 
3490 1663 2768 2755 
3491 2133 2795 2619 
3492 1605 2957 2567 
3493 2439 2763 2702 
3494 2704 2813 2508 
3495 1684 2937 2506 
3496 2464 2794 2775 
3497 2487 2776 2686 
3498 2684 2778 2497 
3499 2257 2778 2684 
3500 2046 2988 2890 
3501 2073 2881 2723 
3502 2710 2871 2399 
3503 2713 2891 2302 
3504 2377 2981 1650 
3505 2890 2988 2257 
3506 2804 2805 2266 
3507 2682 2980 2456 
3508 2517 2793 2695 
3509 2695 2793 2101 
3510 2832 2845 1552 
3511 2803 2956 1691 
3512 2410 2955 1665 
3513 2567 2957 2681 
3514 2701 2745 2156 
3515 2677 2899 2459 
3516 2546 2977 1603 
3517 2382 2964 2006 
3518 1681 2969 2388 
3519 2395 2921 1672 
3520 2574 2796 2700 
3521 2634 2873 2179 
3522 1696 2961 2545 
3523 2504 2963 1685 
3524 1677 2864 2859 
3525 2535 3013 2179 
3526 2730 2967 2374 
3527 2756 2878 1561 
3528 2217 2912 2589 
3529 2767 2948 1710 
3530 1564 2944 2466 
3531 2657 2896 2178 
3532 2471 2935 2707 
3533 2651 2897 2223 
3534 2437 2968 1656 
3535 2729 2969 2323 
3536 1767 3004 2836 
3537 2358 2835 2663 
3538 1641 2893 2371 
3539 2409 2891 2713 
3540 2383 2978 1930 
3541 2841 2928 1620 
3542 1691 2956 2581 
3543 2505 2973 1657 
3544 2249 3000 2970 
3545 2140 2753 2669 
3546 2824 2956 2162 
3547 2401 3006 2400 
3548 2456 2980 1569 
3549 1655 2884 2763 
3550 2708 2720 2262 
3551 2506 2937 2747 
3552 2616 2851 2115 
3553 1692 2903 2796 
3554 2755 2764 2426 
3555 2446 3005 1715 
3556 2417 2983 1578 
3557 2485 2805 2804 
3558 2514 2943 1661 
3559 2720 2807 2041 
3560 2256 3000 2779 
3561 2804 2949 1572 
3562 1661 2987 2432 
3563 2656 2909 2191 
3564 2942 3009 2222 
3565 1569 2980 2808 
3566 2821 2900 2106 
3567 2686 2776 2319 
3568 1724 3011 2472 
3569 2837 3005 2282 
3570 1671 2996 2758 
3571 1595 3006 2846 
3572 2557 2996 1671 
3573 1715 3005 2837 
3574 2615 2786 2224 
3575 1665 2955 2771 
3576 2106 2900 2759 
3577 2698 2996 2557 
3578 2837 2838 2488 
3579 2808 2980 2292 
3580 2591 2913 2280 
3581 2530 2948 2711 
3582 1703 3008 2773 
3583 1656 2968 2769 
3584 1616 2992 2441 
3585 2388 2969 2729 
3586 2801 2904 2379 
3587 1578 2971 2531 
3588 1603 2977 2858 
3589 2707 2935 2242 
3590 2771 2955 2263 
3591 2613 2966 2161 
3592 2238 2825 2801 
3593 2247 2996 2698 
3594 2667 2986 2234 
3595 2348 2990 2592 
3596 2766 2950 2330 
3597 2559 2949 2820 
3598 2595 2950 1892 
3599 2093 2991 2094 
3600 2552 2998 1669 
3601 2581 2956 2824 
3602 2829 2968 2437 
3603 2830 2850 2311 
3604 2836 2947 2112 
3605 2076 2851 2616 
3606 2204 2965 2727 
3607 2373 2828 2806 
3608 2266 2949 2804 
3609 2109 2995 2706 
3610 2532 2908 2864 
3611 2580 3014 1684 
3612 2215 2964 2857 
3613 2537 3008 1703 
3614 2227 2978 2856 
3615 2623 2881 2073 
3616 1657 2973 2887 
3617 2224 2976 2615 
3618 2216 2780 2721 
3619 2872 2884 2501 
3620 2888 3011 1724 
3621 1685 2963 2940 
3622 2221 2897 2651 
3623 2088 2821 2678 
3624 2010 2958 2606 
3625 2626 2986 2038 
3626 2692 2847 2369 
3627 2081 2909 2656 
3628 2759 2900 2347 
3629 2652 2789 2186 
3630 2472 3011 2832 
3631 2722 2854 2069 
3632 2040 2810 2809 
3633 2845 3005 2446 
3634 2072 2966 2613 
3635 2887 2938 2436 
3636 2051 2951 2805 
3637 2757 2820 2239 
3638 1647 2870 2822 
3639 2115 2967 2730 
3640 2310 2894 2657 
3641 2592 2990 2183 
3642 1684 3014 2937 
3643 2218 2925 2802 
3644 2894 2983 2417 
3645 2943 2987 1661 
3646 2727 2965 2205 
3647 2094 2881 2623 
3648 2469 2890 2684 
3649 2749 2902 2206 
3650 2187 2829 2715 
3651 1578 2983 2971 
3652 2335 2975 2840 
3653 2684 2890 2257 
3654 2895 2977 2546 
3655 2794 2849 2286 
3656 2041 2934 2720 
3657 2693 2815 2114 
3658 2189 2895 2665 
3659 2337 2947 2836 
3660 2678 2910 2088 
3661 2971 2983 2309 
3662 2718 2999 2642 
3663 2851 2967 2115 
3664 2751 2991 2093 
3665 2374 2941 2730 
3666 2800 2824 2603 
3667 2750 2926 2107 
3668 2165 2905 2852 
3669 2341 2985 2653 
3670 2512 2876 2782 
3671 2398 3014 2580 
3672 2020 2917 2731 
3673 2347 2907 2759 
3674 2168 2973 2655 
3675 2769 2968 2270 
3676 2328 3001 2744 
3677 2642 2999 2244 
3678 2882 2975 1702 
3679 2745 2952 2156 
3680 2850 2922 2311 
3681 2019 2923 2790 
3682 2978 2995 1930 
3683 2859 2864 2593 
3684 2970 3000 1941 
3685 2050 3009 2942 
3686 2681 2957 2243 
3687 2836 3004 2337 
3688 2853 2972 2102 
3689 2281 2845 2832 
3690 2290 2997 2822 
3691 2802 3003 2296 
3692 2858 2977 2300 
3693 2852 2905 1643 
3694 2807 2933 2041 
3695 2852 3002 2240 
3696 2602 2838 2837 
3697 2802 2925 1638 
3698 2940 2963 2597 
3699 2860 2945 2051 
3700 2937 3014 2355 
3701 2561 2987 2943 
3702 2145 2884 2872 
3703 2846 3006 2268 
3704 2167 2938 2887 
3705 1639 2999 2718 
3706 2097 3012 2747 
3707 2259 2982 2868 
2 3 2 1254
3708 354 3243 3241 
3709 3240 3242 446 
3710 3241 3243 1134 
3711 1228 3242 3240 
3712 3236 3251 1166 
3713 1196 3250 3237 
3714 385 3251 3236 
3715 3237 3250 415 
3716 3230 3250 1198 
3717 1164 3251 3231 
3718 416 3250 3230 
3719 3231 3251 384 
3720 3235 3242 1230 
3721 1132 3243 3234 
3722 3223 3233 1262 
3723 1100 3232 3222 
3724 447 3242 3235 
3725 3234 3243 353 
3726 3215 3227 1294 
3727 1068 3226 3214 
3728 478 3233 3223 
3729 3222 3232 322 
3730 1036 3229 3207 
3731 3206 3228 1326 
3732 509 3227 3215 
3733 3214 3226 291 
3734 3207 3229 260 
3735 540 3228 3206 
3736 1319 3238 3159 
3737 3158 3239 1043 
3738 3152 3248 1075 
3739 1287 3249 3153 
3740 3151 3245 1107 
3741 1255 3244 3150 
3742 3147 3225 1139 
3743 1223 3224 3146 
3744 1134 3243 1133 
3745 1229 3242 1228 
3746 3145 3219 1171 
3747 1191 3218 3144 
3748 3143 3217 1203 
3749 1159 3216 3142 
3750 1166 3251 1165 
3751 1197 3250 1196 
3752 3159 3238 534 
3753 266 3239 3158 
3754 3141 3211 1235 
3755 1127 3210 3140 
3756 1198 3250 1197 
3757 1165 3251 1164 
3758 297 3248 3152 
3759 3153 3249 503 
3760 1230 3242 1229 
3761 1133 3243 1132 
3762 354 3241 355 
3763 445 3240 446 
3764 1262 3233 1261 
3765 1101 3232 1100 
3766 328 3245 3151 
3767 3150 3244 472 
3768 1294 3227 1293 
3769 1069 3226 1068 
3770 359 3225 3147 
3771 3146 3224 441 
3772 1037 3229 1036 
3773 1326 3228 1325 
3774 390 3219 3145 
3775 3144 3218 410 
3776 385 3236 386 
3777 414 3237 415 
3778 421 3217 3143 
3779 3142 3216 379 
3780 452 3211 3141 
3781 3140 3210 348 
3782 416 3230 417 
3783 383 3231 384 
3784 1322 3221 1321 
3785 1041 3220 1040 
3786 447 3235 448 
3787 352 3234 353 
3788 1073 3213 1072 
3789 1290 3212 1289 
3790 478 3223 479 
3791 321 3222 322 
3792 1321 3260 1320 
3793 1042 3261 1041 
3794 1105 3205 1104 
3795 1258 3204 1257 
3796 509 3215 510 
3797 290 3214 291 
3798 1074 3262 1073 
3799 1289 3263 1288 
3800 259 3207 260 
3801 540 3206 541 
3802 1106 3266 1105 
3803 1257 3267 1256 
3804 1137 3199 1136 
3805 1226 3198 1225 
3806 1138 3271 1137 
3807 1225 3270 1224 
3808 1170 3275 1169 
3809 1193 3274 1192 
3810 1169 3197 1168 
3811 1194 3196 1193 
3812 1202 3273 1201 
3813 1161 3272 1160 
3814 1234 3269 1233 
3815 1129 3268 1128 
3816 1201 3195 1200 
3817 1162 3194 1161 
3818 1266 3265 1265 
3819 1097 3264 1096 
3820 1298 3259 1297 
3821 1065 3258 1064 
3822 1233 3193 1232 
3823 1130 3192 1129 
3824 3221 3260 1321 
3825 1041 3261 3220 
3826 1320 3238 1319 
3827 1043 3239 1042 
3828 1033 3257 1032 
3829 1330 3256 1329 
3830 1075 3248 1074 
3831 1288 3249 1287 
3832 1265 3191 1264 
3833 1098 3190 1097 
3834 1107 3245 1106 
3835 1256 3244 1255 
3836 1073 3262 3213 
3837 3212 3263 1289 
3838 1139 3225 1138 
3839 1224 3224 1223 
3840 1320 3260 3238 
3841 3239 3261 1042 
3842 1297 3187 1296 
3843 1066 3186 1065 
3844 3123 3169 1142 
3845 1220 3168 3122 
3846 1171 3219 1170 
3847 1192 3218 1191 
3848 3248 3262 1074 
3849 1288 3263 3249 
3850 1105 3266 3205 
3851 3204 3267 1257 
3852 1203 3217 1202 
3853 1160 3216 1159 
3854 3245 3266 1106 
3855 1256 3267 3244 
3856 1034 3189 1033 
3857 1329 3188 1328 
3858 3119 3175 1174 
3859 1188 3174 3118 
3860 1235 3211 1234 
3861 1128 3210 1127 
3862 3225 3271 1138 
3863 1224 3270 3224 
3864 537 3323 538 
3865 262 3322 263 
3866 1261 3329 1260 
3867 1102 3328 1101 
3868 1267 3209 1266 
3869 1096 3208 1095 
3870 1137 3271 3199 
3871 3198 3270 1225 
3872 3117 3181 1206 
3873 1156 3180 3116 
3874 3219 3275 1170 
3875 1192 3274 3218 
3876 1293 3327 1292 
3877 1070 3326 1069 
3878 293 3321 294 
3879 506 3320 507 
3880 1299 3203 1298 
3881 1064 3202 1063 
3882 3217 3273 1202 
3883 1160 3272 3216 
3884 1038 3325 1037 
3885 1325 3324 1324 
3886 3113 3171 1238 
3887 1124 3170 3112 
3888 362 3169 3123 
3889 3122 3168 438 
3890 1032 3201 1031 
3891 1331 3200 1330 
3892 324 3319 325 
3893 475 3318 476 
3894 1169 3275 3197 
3895 3196 3274 1193 
3896 3211 3269 1234 
3897 1128 3268 3210 
3898 3111 3165 1270 
3899 1092 3164 3110 
3900 355 3317 356 
3901 444 3316 445 
3902 3209 3265 1266 
3903 1096 3264 3208 
3904 393 3175 3119 
3905 3118 3174 407 
3906 1201 3273 3195 
3907 3194 3272 1161 
3908 533 3159 534 
3909 266 3158 267 
3910 386 3315 387 
3911 413 3314 414 
3912 3203 3259 1298 
3913 1064 3258 3202 
3914 3100 3155 1302 
3915 1060 3154 3101 
3916 502 3153 503 
3917 297 3152 298 
3918 328 3151 329 
3919 471 3150 472 
3920 359 3147 360 
3921 440 3146 441 
3922 390 3145 391 
3923 409 3144 410 
3924 1268 3139 1267 
3925 1095 3138 1094 
3926 1233 3269 3193 
3927 3192 3268 1129 
3928 421 3143 422 
3929 378 3142 379 
3930 1032 3257 3201 
3931 3200 3256 1330 
3932 452 3141 453 
3933 347 3140 348 
3934 424 3181 3117 
3935 3116 3180 376 
3936 417 3313 418 
3937 382 3312 383 
3938 1028 3148 3082 
3939 3083 3149 1334 
3940 1265 3265 3191 
3941 3190 3264 1097 
3942 1300 3137 1299 
3943 1063 3136 1062 
3944 448 3311 449 
3945 351 3310 352 
3946 455 3171 3113 
3947 3112 3170 345 
3948 479 3309 480 
3949 320 3308 321 
3950 1297 3259 3187 
3951 3186 3258 1065 
3952 486 3165 3111 
3953 3110 3164 314 
3954 1031 3134 1030 
3955 1332 3135 1331 
3956 510 3307 511 
3957 289 3306 290 
3958 3189 3257 1033 
3959 1329 3256 3188 
3960 1316 3185 1315 
3961 1047 3184 1046 
3962 258 3305 259 
3963 541 3304 542 
3964 517 3155 3100 
3965 3101 3154 283 
3966 1269 3177 1268 
3967 1094 3176 1093 
3968 1079 3173 1078 
3969 1284 3172 1283 
3970 1111 3163 1110 
3971 1252 3162 1251 
3972 1301 3179 1300 
3973 1062 3178 1061 
3974 3082 3148 252 
3975 548 3149 3083 
3976 1030 3183 1029 
3977 1333 3182 1332 
3978 1317 3156 1316 
3979 1046 3157 1045 
3980 3139 3209 1267 
3981 1095 3208 3138 
3982 1285 3161 1284 
3983 1078 3160 1077 
3984 1110 3167 1109 
3985 1253 3166 1252 
3986 3137 3203 1299 
3987 1063 3202 3136 
3988 1142 3169 1141 
3989 1221 3168 1220 
3990 1031 3201 3134 
3991 3135 3200 1331 
3992 1174 3175 1173 
3993 1189 3174 1188 
3994 1206 3181 1205 
3995 1157 3180 1156 
3996 1315 3133 1314 
3997 1048 3132 1047 
3998 3103 3125 1313 
3999 1049 3124 3102 
4000 1238 3171 1237 
4001 1125 3170 1124 
4002 1270 3165 1269 
4003 1093 3164 1092 
4004 1080 3131 1079 
4005 1283 3130 1282 
4006 1302 3155 1301 
4007 1061 3154 1060 
4008 1029 3148 1028 
4009 1334 3149 1333 
4010 1112 3127 1111 
4011 1251 3126 1250 
4012 528 3125 3103 
4013 3102 3124 272 
4014 1081 3121 3097 
4015 3096 3120 1281 
4016 1268 3177 3139 
4017 3138 3176 1094 
4018 362 3123 363 
4019 437 3122 438 
4020 3097 3121 303 
4021 497 3120 3096 
4022 393 3119 394 
4023 406 3118 407 
4024 1300 3179 3137 
4025 3136 3178 1062 
4026 3165 3177 1269 
4027 1093 3176 3164 
4028 1315 3185 3133 
4029 3132 3184 1047 
4030 424 3117 425 
4031 375 3116 376 
4032 3155 3179 1301 
4033 1061 3178 3154 
4034 455 3113 456 
4035 344 3112 345 
4036 1145 3115 3089 
4037 3088 3114 1217 
4038 1029 3183 3148 
4039 3149 3182 1333 
4040 3134 3183 1030 
4041 1332 3182 3135 
4042 486 3111 487 
4043 313 3110 314 
4044 3131 3173 1079 
4045 1283 3172 3130 
4046 1314 3103 1313 
4047 1049 3102 1048 
4048 3156 3185 1316 
4049 1046 3184 3157 
4050 517 3100 518 
4051 282 3101 283 
4052 3161 3172 1284 
4053 1078 3173 3160 
4054 548 3083 549 
4055 251 3082 252 
4056 3127 3163 1111 
4057 1251 3162 3126 
4058 1081 3097 1080 
4059 1282 3096 1281 
4060 3163 3167 1110 
4061 1252 3166 3162 
4062 1177 3109 3085 
4063 3084 3108 1185 
4064 3089 3115 365 
4065 435 3114 3088 
4066 1113 3093 1112 
4067 1250 3092 1249 
4068 3081 3087 1209 
4069 1153 3086 3080 
4070 1145 3089 1144 
4071 1218 3088 1217 
4072 538 3323 3254 
4073 3255 3322 262 
4074 3085 3109 396 
4075 404 3108 3084 
4076 1114 3129 1113 
4077 1249 3128 1248 
4078 3075 3091 1241 
4079 1121 3090 3074 
4080 1177 3085 1176 
4081 1186 3084 1185 
4082 1318 3303 1317 
4083 1045 3302 1044 
4084 1209 3087 1208 
4085 1154 3086 1153 
4086 527 3125 528 
4087 272 3124 273 
4088 1077 3301 1076 
4089 1286 3300 1285 
4090 3252 3321 293 
4091 507 3320 3253 
4092 427 3087 3081 
4093 3080 3086 373 
4094 3071 3095 1273 
4095 1089 3094 3070 
4096 1241 3091 1240 
4097 1122 3090 1121 
4098 303 3121 304 
4099 496 3120 497 
4100 1109 3299 1108 
4101 1254 3298 1253 
4102 1273 3095 1272 
4103 1090 3094 1089 
4104 3233 3329 1261 
4105 1101 3328 3232 
4106 1141 3297 1140 
4107 1222 3296 1221 
4108 3067 3099 1305 
4109 1057 3098 3066 
4110 1314 3133 3103 
4111 3102 3132 1048 
4112 1305 3099 1304 
4113 1058 3098 1057 
4114 365 3115 366 
4115 434 3114 435 
4116 526 3107 527 
4117 273 3106 274 
4118 3227 3327 1293 
4119 1069 3326 3226 
4120 458 3091 3075 
4121 3074 3090 342 
4122 3097 3131 1080 
4123 1282 3130 3096 
4124 3247 3319 324 
4125 476 3318 3246 
4126 396 3109 397 
4127 403 3108 404 
4128 1026 3105 1025 
4129 1337 3104 1336 
4130 1173 3295 1172 
4131 1190 3294 1189 
4132 1115 3077 1114 
4133 1248 3076 1247 
4134 1037 3325 3229 
4135 3228 3324 1325 
4136 304 3079 305 
4137 495 3078 496 
4138 3093 3127 1112 
4139 1250 3126 3092 
4140 1205 3293 1204 
4141 1158 3292 1157 
4142 427 3081 428 
4143 372 3080 373 
4144 1025 3105 3060 
4145 3061 3104 1337 
4146 1237 3291 1236 
4147 1126 3290 1125 
4148 1116 3033 1115 
4149 1247 3032 1246 
4150 458 3075 459 
4151 341 3074 342 
4152 366 3073 367 
4153 433 3072 434 
4154 525 3041 526 
4155 274 3040 275 
4156 305 3037 306 
4157 494 3036 495 
4158 1148 3027 1147 
4159 1215 3026 1214 
4160 489 3095 3071 
4161 3070 3094 311 
4162 397 3069 398 
4163 402 3068 403 
4164 489 3071 490 
4165 310 3070 311 
4166 3241 3317 355 
4167 445 3316 3240 
4168 1180 3025 1179 
4169 1183 3024 1182 
4170 428 3065 429 
4171 371 3064 372 
4172 520 3067 521 
4173 279 3066 280 
4174 1212 3023 1211 
4175 1151 3022 1150 
4176 459 3063 460 
4177 340 3062 341 
4178 248 3060 249 
4179 551 3061 552 
4180 1244 3021 1243 
4181 1119 3020 1118 
4182 490 3055 491 
4183 309 3054 310 
4184 520 3099 3067 
4185 3066 3098 280 
4186 343 3282 344 
4187 456 3283 457 
4188 312 3280 313 
4189 487 3281 488 
4190 374 3284 375 
4191 425 3285 426 
4192 1276 3019 1275 
4193 1087 3018 1086 
4194 518 3278 519 
4195 281 3279 282 
4196 405 3286 406 
4197 394 3287 395 
4198 549 3276 550 
4199 250 3277 251 
4200 278 3047 279 
4201 521 3046 522 
4202 436 3288 437 
4203 363 3289 364 
4204 3236 3315 386 
4205 414 3314 3237 
4206 1308 3017 1307 
4207 1055 3016 1054 
4208 247 3042 248 
4209 552 3043 553 
4210 1023 3038 29 
4211 29 3039 1339 
4212 1310 3059 1309 
4213 1053 3058 1052 
4214 3060 3105 249 
4215 551 3104 3061 
4216 3077 3129 1114 
4217 1248 3128 3076 
4218 1085 3057 1084 
4219 1278 3056 1277 
4220 3230 3313 417 
4221 383 3312 3231 
4222 1117 3053 1116 
4223 1246 3052 1245 
4224 4 3038 247 
4225 553 3039 4 
4226 1113 3129 3093 
4227 3092 3128 1249 
4228 277 3016 278 
4229 522 3017 523 
4230 1149 3051 1148 
4231 1214 3050 1213 
4232 308 3018 309 
4233 491 3019 492 
4234 1309 3035 1308 
4235 1054 3034 1053 
4236 339 3020 340 
4237 460 3021 461 
4238 3235 3311 448 
4239 352 3310 3234 
4240 1144 3289 1143 
4241 1219 3288 1218 
4242 439 3296 440 
4243 360 3297 361 
4244 470 3298 471 
4245 329 3299 330 
4246 408 3294 409 
4247 391 3295 392 
4248 501 3300 502 
4249 298 3301 299 
4250 377 3292 378 
4251 422 3293 423 
4252 267 3302 268 
4253 532 3303 533 
4254 1181 3049 1180 
4255 1182 3048 1181 
4256 346 3290 347 
4257 453 3291 454 
4258 370 3022 371 
4259 429 3023 430 
4260 1176 3287 1175 
4261 1187 3286 1186 
4262 1086 3029 1085 
4263 1277 3028 1276 
4264 430 3045 431 
4265 369 3044 370 
4266 461 3031 462 
4267 338 3030 339 
4268 1208 3285 1207 
4269 1155 3284 1154 
4270 401 3024 402 
4271 398 3025 399 
4272 1084 3037 1083 
4273 1279 3036 1278 
4274 492 3028 493 
4275 307 3029 308 
4276 1240 3283 1239 
4277 1123 3282 1122 
4278 276 3034 277 
4279 523 3035 524 
4280 1118 3030 1117 
4281 1245 3031 1244 
4282 1272 3281 1271 
4283 1091 3280 1090 
4284 1052 3040 1051 
4285 1311 3041 1310 
4286 432 3026 433 
4287 367 3027 368 
4288 3223 3309 479 
4289 321 3308 3222 
4290 1304 3278 1303 
4291 1059 3279 1058 
4292 1150 3044 1149 
4293 1213 3045 1212 
4294 463 3032 464 
4295 336 3033 337 
4296 1027 3277 1026 
4297 1336 3276 1335 
4298 1025 3060 1024 
4299 1338 3061 1337 
4300 400 3048 401 
4301 399 3049 400 
4302 1024 3042 1023 
4303 1339 3043 1338 
4304 431 3050 432 
4305 368 3051 369 
4306 462 3052 463 
4307 337 3053 338 
4308 493 3056 494 
4309 306 3057 307 
4310 1307 3046 1306 
4311 1056 3047 1055 
4312 275 3058 276 
4313 524 3059 525 
4314 1057 3066 1056 
4315 1306 3067 1305 
4316 1088 3054 1087 
4317 1275 3055 1274 
4318 3215 3307 510 
4319 290 3306 3214 
4320 3033 3077 1115 
4321 1247 3076 3032 
4322 1120 3062 1119 
4323 1243 3063 1242 
4324 1089 3070 1088 
4325 1274 3071 1273 
4326 1152 3064 1151 
4327 1211 3065 1210 
4328 1184 3068 1183 
4329 1179 3069 1178 
4330 1121 3074 1120 
4331 1242 3075 1241 
4332 259 3305 3207 
4333 3206 3304 541 
4334 476 3329 477 
4335 323 3328 324 
4336 507 3327 508 
4337 292 3326 293 
4338 1216 3072 1215 
4339 1147 3073 1146 
4340 538 3324 539 
4341 261 3325 262 
4342 1153 3080 1152 
4343 1210 3081 1209 
4344 373 3086 374 
4345 426 3087 427 
4346 342 3090 343 
4347 457 3091 458 
4348 404 3084 405 
4349 395 3085 396 
4350 311 3094 312 
4351 488 3095 489 
4352 435 3088 436 
4353 364 3089 365 
4354 1280 3078 1279 
4355 1083 3079 1082 
4356 280 3098 281 
4357 519 3099 520 
4358 466 3092 467 
4359 333 3093 334 
4360 1028 3082 1027 
4361 1335 3083 1334 
4362 1060 3101 1059 
4363 1303 3100 1302 
4364 550 3104 551 
4365 249 3105 250 
4366 1271 3111 1270 
4367 1092 3110 1091 
4368 1051 3106 1050 
4369 1312 3107 1311 
4370 1185 3108 1184 
4371 1178 3109 1177 
4372 497 3096 498 
4373 302 3097 303 
4374 1124 3112 1123 
4375 1239 3113 1238 
4376 3107 3125 527 
4377 273 3124 3106 
4378 1309 3059 3035 
4379 3034 3058 1053 
4380 464 3076 465 
4381 335 3077 336 
4382 1156 3116 1155 
4383 1207 3117 1206 
4384 1217 3114 1216 
4385 1146 3115 1145 
4386 271 3102 272 
4387 528 3103 529 
4388 1188 3118 1187 
4389 1175 3119 1174 
4390 304 3121 3079 
4391 3078 3120 496 
4392 3029 3057 1085 
4393 1277 3056 3028 
4394 1220 3122 1219 
4395 1143 3123 1142 
4396 465 3128 466 
4397 334 3129 335 
4398 1116 3053 3033 
4399 3032 3052 1246 
4400 1328 3304 1327 
4401 1035 3305 1034 
4402 1067 3306 1066 
4403 1296 3307 1295 
4404 1281 3120 1280 
4405 1082 3121 1081 
4406 1212 3045 3023 
4407 3022 3044 1150 
4408 1264 3309 1263 
4409 1099 3308 1098 
4410 1148 3051 3027 
4411 3026 3050 1214 
4412 1232 3311 1231 
4413 1131 3310 1130 
4414 1050 3124 1049 
4415 1313 3125 1312 
4416 1163 3312 1162 
4417 1200 3313 1199 
4418 1180 3049 3025 
4419 3024 3048 1182 
4420 3030 3053 1117 
4421 1245 3052 3031 
4422 366 3115 3073 
4423 3072 3114 434 
4424 3048 3049 1181 
4425 1195 3314 1194 
4426 1168 3315 1167 
4427 1227 3316 1226 
4428 1136 3317 1135 
4429 397 3109 3069 
4430 3068 3108 403 
4431 1259 3318 1258 
4432 1104 3319 1103 
4433 1244 3031 3021 
4434 3020 3030 1118 
4435 1127 3140 1126 
4436 1236 3141 1235 
4437 1159 3142 1158 
4438 1204 3143 1203 
4439 1291 3320 1290 
4440 1072 3321 1071 
4441 3018 3029 1086 
4442 1276 3028 3019 
4443 1191 3144 1190 
4444 1172 3145 1171 
4445 1308 3035 3017 
4446 3016 3034 1054 
4447 254 3134 255 
4448 545 3135 546 
4449 467 3126 468 
4450 332 3127 333 
4451 428 3081 3065 
4452 3064 3080 372 
4453 1140 3147 1139 
4454 1223 3146 1222 
4455 285 3136 286 
4456 514 3137 515 
4457 1040 3322 1039 
4458 1323 3323 1322 
4459 316 3138 317 
4460 483 3139 484 
4461 268 3157 269 
4462 531 3156 532 
4463 1255 3150 1254 
4464 1108 3151 1107 
4465 500 3161 501 
4466 299 3160 300 
4467 468 3162 469 
4468 331 3163 332 
4469 469 3166 470 
4470 330 3167 331 
4471 498 3130 499 
4472 301 3131 302 
4473 1287 3153 1286 
4474 1076 3152 1075 
4475 438 3168 439 
4476 361 3169 362 
4477 459 3075 3063 
4478 3062 3074 341 
4479 499 3172 500 
4480 300 3173 301 
4481 547 3149 548 
4482 252 3148 253 
4483 270 3132 271 
4484 529 3133 530 
4485 407 3174 408 
4486 392 3175 393 
4487 283 3154 284 
4488 516 3155 517 
4489 1319 3159 1318 
4490 1044 3158 1043 
4491 314 3164 315 
4492 485 3165 486 
4493 3044 3051 1149 
4494 1213 3050 3045 
4495 269 3184 270 
4496 530 3185 531 
4497 546 3182 547 
4498 253 3183 254 
4499 345 3170 346 
4500 454 3171 455 
4501 284 3178 285 
4502 515 3179 516 
4503 490 3071 3055 
4504 3054 3070 310 
4505 376 3180 377 
4506 423 3181 424 
4507 315 3176 316 
4508 484 3177 485 
4509 3047 3066 279 
4510 521 3067 3046 
4511 1231 3235 1230 
4512 1132 3234 1131 
4513 1164 3231 1163 
4514 1199 3230 1198 
4515 1263 3223 1262 
4516 1100 3222 1099 
4517 3028 3056 493 
4518 307 3057 3029 
4519 1196 3237 1195 
4520 1167 3236 1166 
4521 3023 3045 430 
4522 370 3044 3022 
4523 381 3194 382 
4524 418 3195 419 
4525 1068 3214 1067 
4526 1295 3215 1294 
4527 1228 3240 1227 
4528 1135 3241 1134 
4529 412 3196 413 
4530 387 3197 388 
4531 3035 3059 524 
4532 276 3058 3034 
4533 350 3192 351 
4534 449 3193 450 
4535 338 3053 3030 
4536 3031 3052 462 
4537 443 3198 444 
4538 356 3199 357 
4539 542 3188 543 
4540 257 3189 258 
4541 1260 3246 1259 
4542 1103 3247 1102 
4543 1327 3206 1326 
4544 1036 3207 1035 
4545 480 3191 481 
4546 319 3190 320 
4547 552 3061 3043 
4548 3042 3060 248 
4549 274 3106 3040 
4550 3041 3107 526 
4551 474 3204 475 
4552 325 3205 326 
4553 1071 3252 1070 
4554 1292 3253 1291 
4555 400 3049 3048 
4556 288 3186 289 
4557 511 3187 512 
4558 305 3079 3037 
4559 3036 3078 495 
4560 539 3228 540 
4561 260 3229 261 
4562 291 3226 292 
4563 508 3227 509 
4564 1039 3255 1038 
4565 1324 3254 1323 
4566 294 3213 295 
4567 505 3212 506 
4568 477 3233 478 
4569 322 3232 323 
4570 353 3243 354 
4571 446 3242 447 
4572 534 3238 535 
4573 265 3239 266 
4574 263 3220 264 
4575 536 3221 537 
4576 384 3251 385 
4577 415 3250 416 
4578 3021 3031 461 
4579 339 3030 3020 
4580 442 3270 443 
4581 357 3271 358 
4582 411 3274 412 
4583 388 3275 389 
4584 473 3267 474 
4585 326 3266 327 
4586 380 3272 381 
4587 419 3273 420 
4588 504 3263 505 
4589 295 3262 296 
4590 296 3248 297 
4591 503 3249 504 
4592 379 3216 380 
4593 420 3217 421 
4594 349 3268 350 
4595 450 3269 451 
4596 410 3218 411 
4597 389 3219 390 
4598 348 3210 349 
4599 451 3211 452 
4600 264 3261 265 
4601 535 3260 536 
4602 369 3051 3044 
4603 3045 3050 431 
4604 441 3224 442 
4605 358 3225 359 
4606 317 3208 318 
4607 482 3209 483 
4608 318 3264 319 
4609 481 3265 482 
4610 472 3244 473 
4611 327 3245 328 
4612 513 3203 514 
4613 286 3202 287 
4614 287 3258 288 
4615 512 3259 513 
4616 3019 3028 492 
4617 308 3029 3018 
4618 277 3034 3016 
4619 3017 3035 523 
4620 544 3200 545 
4621 255 3201 256 
4622 543 3256 544 
4623 256 3257 257 
4624 401 3048 3024 
4625 3025 3049 399 
4626 1023 3042 3038 
4627 3039 3043 1339 
4628 432 3050 3026 
4629 3027 3051 368 
4630 553 3043 3039 
4631 3038 3042 247 
4632 463 3052 3032 
4633 3033 3053 337 
4634 3038 3039 29 
4635 3076 3128 465 
4636 335 3129 3077 
4637 3032 3076 464 
4638 336 3077 3033 
4639 4 3039 3038 
4640 1024 3060 3042 
4641 3043 3061 1338 
4642 3046 3067 1306 
4643 1056 3066 3047 
4644 3126 3162 468 
4645 332 3163 3127 
4646 1088 3070 3054 
4647 3055 3071 1274 
4648 3092 3126 467 
4649 333 3127 3093 
4650 3130 3172 499 
4651 301 3173 3131 
4652 466 3128 3092 
4653 3093 3129 334 
4654 3083 3276 549 
4655 251 3277 3082 
4656 1120 3074 3062 
4657 3063 3075 1242 
4658 282 3279 3101 
4659 3100 3278 518 
4660 1317 3303 3156 
4661 3157 3302 1045 
4662 547 3182 3149 
4663 3148 3183 253 
4664 270 3184 3132 
4665 3133 3185 530 
4666 3154 3178 284 
4667 516 3179 3155 
4668 313 3280 3110 
4669 3111 3281 487 
4670 1285 3300 3161 
4671 3160 3301 1077 
4672 1152 3080 3064 
4673 3065 3081 1210 
4674 3164 3176 315 
4675 485 3177 3165 
4676 3171 3291 1237 
4677 1125 3290 3170 
4678 3096 3130 498 
4679 302 3131 3097 
4680 3167 3299 1109 
4681 1253 3298 3166 
4682 344 3282 3112 
4683 3113 3283 456 
4684 3169 3297 1141 
4685 1221 3296 3168 
4686 3181 3293 1205 
4687 1157 3292 3180 
4688 1184 3108 3068 
4689 3069 3109 1178 
4690 375 3284 3116 
4691 3117 3285 425 
4692 3175 3295 1173 
4693 1189 3294 3174 
4694 1055 3047 3016 
4695 3017 3046 1307 
4696 406 3286 3118 
4697 3119 3287 394 
4698 1216 3114 3072 
4699 3073 3115 1146 
4700 271 3132 3102 
4701 3103 3133 529 
4702 3016 3047 278 
4703 522 3046 3017 
4704 437 3288 3122 
4705 3123 3289 363 
4706 316 3176 3138 
4707 3139 3177 484 
4708 1280 3120 3078 
4709 3079 3121 1082 
4710 285 3178 3136 
4711 3137 3179 515 
4712 1279 3078 3036 
4713 3037 3079 1083 
4714 254 3183 3134 
4715 3135 3182 546 
4716 3106 3124 1050 
4717 1312 3125 3107 
4718 1087 3054 3018 
4719 3019 3055 1275 
4720 3218 3274 411 
4721 389 3275 3219 
4722 420 3273 3217 
4723 3216 3272 380 
4724 3224 3270 442 
4725 358 3271 3225 
4726 451 3269 3211 
4727 3210 3268 349 
4728 3244 3267 473 
4729 327 3266 3245 
4730 3208 3264 318 
4731 482 3265 3209 
4732 296 3262 3248 
4733 3249 3263 504 
4734 3040 3106 1051 
4735 1311 3107 3041 
4736 3018 3054 309 
4737 491 3055 3019 
4738 513 3259 3203 
4739 3202 3258 287 
4740 265 3261 3239 
4741 3238 3260 535 
4742 3201 3257 256 
4743 544 3256 3200 
4744 3162 3166 469 
4745 331 3167 3163 
4746 3220 3261 264 
4747 536 3260 3221 
4748 500 3172 3161 
4749 3160 3173 300 
4750 531 3185 3156 
4751 3157 3184 269 
4752 3213 3262 295 
4753 505 3263 3212 
4754 474 3267 3204 
4755 3205 3266 326 
4756 443 3270 3198 
4757 3199 3271 357 
4758 412 3274 3196 
4759 3197 3275 388 
4760 1119 3062 3020 
4761 3021 3063 1243 
4762 545 3200 3135 
4763 3134 3201 255 
4764 381 3272 3194 
4765 3195 3273 419 
4766 514 3203 3137 
4767 3136 3202 286 
4768 3138 3208 317 
4769 483 3209 3139 
4770 3020 3062 340 
4771 460 3063 3021 
4772 350 3268 3192 
4773 3193 3269 450 
4774 1026 3277 3105 
4775 3104 3276 1336 
4776 3099 3278 1304 
4777 1058 3279 3098 
4778 3095 3281 1272 
4779 1090 3280 3094 
4780 3091 3283 1240 
4781 1122 3282 3090 
4782 3087 3285 1208 
4783 1154 3284 3086 
4784 3085 3287 1176 
4785 1186 3286 3084 
4786 3089 3289 1144 
4787 1218 3288 3088 
4788 3191 3265 481 
4789 319 3264 3190 
4790 3188 3256 543 
4791 257 3257 3189 
4792 3187 3259 512 
4793 288 3258 3186 
4794 1151 3064 3022 
4795 3023 3065 1211 
4796 494 3056 3036 
4797 3037 3057 306 
4798 3022 3064 371 
4799 429 3065 3023 
4800 3036 3056 1278 
4801 1084 3057 3037 
4802 347 3290 3140 
4803 3141 3291 453 
4804 1183 3068 3024 
4805 3025 3069 1179 
4806 3040 3058 275 
4807 525 3059 3041 
4808 378 3292 3142 
4809 3143 3293 422 
4810 1052 3058 3040 
4811 3041 3059 1310 
4812 409 3294 3144 
4813 3145 3295 391 
4814 3024 3068 402 
4815 398 3069 3025 
4816 440 3296 3146 
4817 3147 3297 360 
4818 471 3298 3150 
4819 3151 3299 329 
4820 502 3300 3153 
4821 3152 3301 298 
4822 1215 3072 3026 
4823 3027 3073 1147 
4824 3158 3302 267 
4825 533 3303 3159 
4826 3026 3072 433 
4827 367 3073 3027 
4828 262 3325 3255 
4829 3254 3324 538 
4830 3253 3327 507 
4831 293 3326 3252 
4832 3246 3329 476 
4833 324 3328 3247 
4834 550 3276 3104 
4835 3105 3277 250 
4836 519 3278 3099 
4837 3098 3279 281 
4838 3094 3280 312 
4839 488 3281 3095 
4840 3090 3282 343 
4841 457 3283 3091 
4842 1335 3276 3083 
4843 3082 3277 1027 
4844 3101 3279 1059 
4845 1303 3278 3100 
4846 3086 3284 374 
4847 426 3285 3087 
4848 3110 3280 1091 
4849 1271 3281 3111 
4850 3084 3286 405 
4851 395 3287 3085 
4852 3112 3282 1123 
4853 1239 3283 3113 
4854 3205 3319 1104 
4855 1258 3318 3204 
4856 3199 3317 1136 
4857 1226 3316 3198 
4858 1290 3320 3212 
4859 3213 3321 1072 
4860 1194 3314 3196 
4861 3197 3315 1168 
4862 3220 3322 1040 
4863 1322 3323 3221 
4864 3188 3304 1328 
4865 1034 3305 3189 
4866 1162 3312 3194 
4867 3195 3313 1200 
4868 3193 3311 1232 
4869 1130 3310 3192 
4870 3191 3309 1264 
4871 1098 3308 3190 
4872 3116 3284 1155 
4873 1207 3285 3117 
4874 1066 3306 3186 
4875 3187 3307 1296 
4876 3088 3288 436 
4877 364 3289 3089 
4878 3118 3286 1187 
4879 1175 3287 3119 
4880 3122 3288 1219 
4881 1143 3289 3123 
4882 3140 3290 1126 
4883 1236 3291 3141 
4884 3142 3292 1158 
4885 1204 3293 3143 
4886 3144 3294 1190 
4887 1172 3295 3145 
4888 3146 3296 1222 
4889 1140 3297 3147 
4890 3170 3290 346 
4891 454 3291 3171 
4892 3150 3298 1254 
4893 1108 3299 3151 
4894 1076 3301 3152 
4895 3153 3300 1286 
4896 3180 3292 377 
4897 423 3293 3181 
4898 1044 3302 3158 
4899 3159 3303 1318 
4900 3174 3294 408 
4901 392 3295 3175 
4902 3168 3296 439 
4903 361 3297 3169 
4904 3189 3305 258 
4905 542 3304 3188 
4906 3166 3298 470 
4907 330 3299 3167 
4908 3186 3306 289 
4909 511 3307 3187 
4910 3190 3308 320 
4911 480 3309 3191 
4912 3192 3310 351 
4913 449 3311 3193 
4914 3194 3312 382 
4915 418 3313 3195 
4916 3196 3314 413 
4917 387 3315 3197 
4918 3198 3316 444 
4919 356 3317 3199 
4920 3204 3318 475 
4921 325 3319 3205 
4922 3212 3320 506 
4923 294 3321 3213 
4924 3161 3300 501 
4925 299 3301 3160 
4926 263 3322 3220 
4927 3221 3323 537 
4928 1260 3329 3246 
4929 3247 3328 1102 
4930 3252 3326 1070 
4931 1292 3327 3253 
4932 1324 3324 3254 
4933 3255 3325 1038 
4934 268 3302 3157 
4935 3156 3303 532 
4936 1327 3304 3206 
4937 3207 3305 1035 
4938 3214 3306 1067 
4939 1295 3307 3215 
4940 3222 3308 1099 
4941 1263 3309 3223 
4942 3234 3310 1131 
4943 1231 3311 3235 
4944 3231 3312 1163 
4945 1199 3313 3230 
4946 3237 3314 1195 
4947 1167 3315 3236 
4948 3240 3316 1227 
4949 1135 3317 3241 
4950 3246 3318 1259 
4951 1103 3319 3247 
4952 3253 3320 1291 
4953 1071 3321 3252 
4954 1039 3322 3255 
4955 3254 3323 1323 
4956 539 3324 3228 
4957 3229 3325 261 
4958 3226 3326 292 
4959 508 3327 3227 
4960 3232 3328 323 
4961 477 3329 3233 
2 4 2 209
4962 3384 3401 3392 
4963 3366 3384 3332 
4964 638 3345 3339 
4965 3342 3345 627 
4966 637 17 626 
4967 3376 3383 3340 
4968 3384 3392 3388 
4969 3355 3368 3359 
4970 3365 3401 3360 
4971 637 3345 638 
4972 3348 3386 3372 
4973 3356 3365 3360 
4974 3351 3403 3396 
4975 3403 3406 3396 
4976 3332 3389 3366 
4977 3331 3381 3368 
4978 627 3345 626 
4979 3372 3386 3362 
4980 3362 3407 3372 
4981 3365 3391 3330 
4982 626 3345 637 
4983 3355 3356 3354 
4984 3353 3368 3355 
4985 3377 3383 3376 
4986 3355 3358 3356 
4987 3353 3355 3354 
4988 3353 3354 3350 
4989 3364 3385 3358 
4990 3379 3404 3380 
4991 3356 3360 3357 
4992 3364 3410 3385 
4993 3358 3365 3356 
4994 3331 3368 3367 
4995 3380 3404 3395 
4996 3342 3393 3345 
4997 3366 3408 3399 
4998 3330 3401 3365 
4999 3381 3387 3368 
5000 3402 3403 3351 
5001 3350 3386 3348 
5002 3359 3380 3364 
5003 632 3346 631 
5004 3385 3391 3365 
5005 3363 3407 3362 
5006 555 3400 3343 
5007 3359 3364 3358 
5008 3349 3350 3348 
5009 3352 3353 3350 
5010 3361 3384 3366 
5011 3345 3393 3339 
5012 3360 3401 3384 
5013 3356 3357 3354 
5014 3361 3366 3363 
5015 3368 3387 3359 
5016 3360 3361 3357 
5017 3347 3348 3346 
5018 3380 3395 3364 
5019 3362 3386 3357 
5020 3357 3386 3354 
5021 3369 3382 3367 
5022 3340 3378 3376 
5023 3367 3382 3331 
5024 3399 3408 3393 
5025 3367 3368 3353 
5026 3385 3410 3336 
5027 3355 3359 3358 
5028 3343 3400 3377 
5029 3346 3371 631 
5030 3366 3399 3363 
5031 3360 3384 3361 
5032 3385 3397 3391 
5033 3338 3382 3369 
5034 3358 3385 3365 
5035 3374 3403 3402 
5036 3349 3352 3350 
5037 3347 3349 3348 
5038 3352 3367 3353 
5039 3384 3388 3332 
5040 3338 3406 3405 
5041 3348 3413 3346 
5042 3379 3380 3334 
5043 3389 3408 3366 
5044 3354 3386 3350 
5045 3361 3363 3362 
5046 3359 3387 3380 
5047 3343 3377 3375 
5048 628 3342 627 
5049 630 3333 629 
5050 633 3335 632 
5051 635 3337 634 
5052 651 3344 652 
5053 653 3334 654 
5054 655 3331 656 
5055 657 3338 658 
5056 659 3340 660 
5057 556 3400 555 
5058 3336 3397 3385 
5059 3335 3346 632 
5060 629 3370 628 
5061 631 3371 630 
5062 634 3373 633 
5063 555 3343 554 
5064 3375 3376 3374 
5065 3375 3394 3343 
5066 3372 3407 3333 
5067 3372 3413 3348 
5068 3337 3374 3373 
5069 3371 3372 3333 
5070 653 3379 3334 
5071 655 3381 3331 
5072 657 3382 3338 
5073 636 3394 635 
5074 5 3409 636 
5075 652 3379 653 
5076 654 3381 655 
5077 656 3382 657 
5078 660 3383 661 
5079 3335 3347 3346 
5080 3361 3362 3357 
5081 3370 3407 3399 
5082 641 3388 642 
5083 644 3391 645 
5084 647 3390 648 
5085 3378 3406 3403 
5086 3378 3403 3376 
5087 3376 3403 3374 
5088 3399 3407 3363 
5089 645 3397 646 
5090 638 3339 639 
5091 648 3341 649 
5092 642 3392 643 
5093 640 3332 641 
5094 646 3336 647 
5095 639 3389 640 
5096 643 3330 644 
5097 3333 3370 629 
5098 3337 3373 634 
5099 3340 3405 3378 
5100 3374 3402 3373 
5101 3344 3404 3379 
5102 628 3370 3342 
5103 3405 3406 3378 
5104 630 3371 3333 
5105 633 3373 3335 
5106 3380 3387 3334 
5107 3347 3351 3349 
5108 3337 3375 3374 
5109 3352 3369 3367 
5110 649 3398 650 
5111 3369 3406 3338 
5112 3375 3377 3376 
5113 635 3394 3337 
5114 659 3405 3340 
5115 658 3405 659 
5116 3370 3399 3342 
5117 18 3411 651 
5118 650 3411 18 
5119 554 3409 5 
5120 3335 3402 3347 
5121 3383 3412 661 
5122 3388 3392 642 
5123 3391 3397 645 
5124 3332 3388 641 
5125 648 3390 3341 
5126 3336 3390 647 
5127 3330 3391 644 
5128 3337 3394 3375 
5129 646 3397 3336 
5130 3339 3389 639 
5131 643 3392 3330 
5132 640 3389 3332 
5133 661 3412 6 
5134 3349 3396 3352 
5135 3338 3405 658 
5136 3341 3398 649 
5137 3351 3396 3349 
5138 3390 3395 3341 
5139 3344 3379 652 
5140 3334 3381 654 
5141 3331 3382 656 
5142 3340 3383 660 
5143 3334 3387 3381 
5144 3393 3408 3339 
5145 3352 3396 3369 
5146 3373 3402 3335 
5147 3342 3399 3393 
5148 3347 3402 3351 
5149 3392 3401 3330 
5150 3346 3413 3371 
5151 3396 3406 3369 
5152 3377 3400 3383 
5153 651 3411 3344 
5154 3333 3407 3370 
5155 3400 3412 3383 
5156 3341 3404 3398 
5157 3395 3404 3341 
5158 3343 3409 554 
5159 6 3412 556 
5160 3390 3410 3395 
5161 3339 3408 3389 
5162 3371 3413 3372 
5163 3398 3404 3344 
5164 3336 3410 3390 
5165 3394 3409 3343 
5166 3395 3410 3364 
5167 3398 3411 650 
5168 636 3409 3394 
5169 3344 3411 3398 
5170 556 3412 3400 
2 5 2 209
5171 3468 3485 3475 
5172 3450 3468 3416 
5173 782 3429 3423 
5174 3426 3429 771 
5175 781 21 770 
5176 3460 3467 3424 
5177 3468 3475 3472 
5178 3439 3452 3443 
5179 3449 3485 3444 
5180 781 3429 782 
5181 3432 3470 3456 
5182 3440 3449 3444 
5183 3435 3487 3480 
5184 3487 3490 3480 
5185 3416 3474 3450 
5186 3415 3465 3452 
5187 771 3429 770 
5188 3456 3470 3446 
5189 3446 3491 3456 
5190 3449 3476 3414 
5191 770 3429 781 
5192 3439 3440 3438 
5193 3437 3452 3439 
5194 3461 3467 3460 
5195 3439 3442 3440 
5196 3437 3439 3438 
5197 3437 3438 3434 
5198 3448 3469 3442 
5199 3463 3488 3464 
5200 3440 3444 3441 
5201 3448 3494 3469 
5202 3442 3449 3440 
5203 3415 3452 3451 
5204 3464 3488 3479 
5205 3426 3477 3429 
5206 3450 3492 3483 
5207 3414 3485 3449 
5208 3465 3471 3452 
5209 3486 3487 3435 
5210 3434 3470 3432 
5211 3443 3464 3448 
5212 776 3430 775 
5213 3469 3476 3449 
5214 3447 3491 3446 
5215 615 3484 3427 
5216 3443 3448 3442 
5217 3433 3434 3432 
5218 3436 3437 3434 
5219 3445 3468 3450 
5220 3429 3477 3423 
5221 3444 3485 3468 
5222 3440 3441 3438 
5223 3445 3450 3447 
5224 3452 3471 3443 
5225 3444 3445 3441 
5226 3431 3432 3430 
5227 3464 3479 3448 
5228 3446 3470 3441 
5229 3441 3470 3438 
5230 3453 3466 3451 
5231 3424 3462 3460 
5232 3451 3466 3415 
5233 3483 3492 3477 
5234 3451 3452 3437 
5235 3469 3494 3420 
5236 3439 3443 3442 
5237 3427 3484 3461 
5238 3430 3455 775 
5239 3450 3483 3447 
5240 3444 3468 3445 
5241 3469 3481 3476 
5242 3422 3466 3453 
5243 3442 3469 3449 
5244 3458 3487 3486 
5245 3433 3436 3434 
5246 3431 3433 3432 
5247 3436 3451 3437 
5248 3468 3472 3416 
5249 3422 3490 3489 
5250 3432 3497 3430 
5251 3463 3464 3418 
5252 3474 3492 3450 
5253 3438 3470 3434 
5254 3445 3447 3446 
5255 3443 3471 3464 
5256 3427 3461 3459 
5257 772 3426 771 
5258 774 3417 773 
5259 777 3419 776 
5260 779 3421 778 
5261 662 3428 663 
5262 664 3418 665 
5263 666 3415 667 
5264 668 3422 669 
5265 670 3424 671 
5266 616 3484 615 
5267 3420 3481 3469 
5268 3419 3430 776 
5269 773 3454 772 
5270 775 3455 774 
5271 778 3457 777 
5272 615 3427 614 
5273 3459 3460 3458 
5274 3459 3478 3427 
5275 3456 3491 3417 
5276 3456 3497 3432 
5277 3421 3458 3457 
5278 3455 3456 3417 
5279 664 3463 3418 
5280 666 3465 3415 
5281 668 3466 3422 
5282 780 3478 779 
5283 15 3493 780 
5284 663 3463 664 
5285 665 3465 666 
5286 667 3466 668 
5287 671 3467 672 
5288 3419 3431 3430 
5289 3445 3446 3441 
5290 3454 3491 3483 
5291 785 3472 786 
5292 788 3476 789 
5293 791 3473 792 
5294 3462 3490 3487 
5295 3462 3487 3460 
5296 3460 3487 3458 
5297 3483 3491 3447 
5298 789 3481 790 
5299 792 3425 793 
5300 782 3423 783 
5301 786 3475 787 
5302 784 3416 785 
5303 790 3420 791 
5304 783 3474 784 
5305 787 3414 788 
5306 3417 3454 773 
5307 3421 3457 778 
5308 3424 3489 3462 
5309 3458 3486 3457 
5310 3428 3488 3463 
5311 772 3454 3426 
5312 3489 3490 3462 
5313 774 3455 3417 
5314 777 3457 3419 
5315 3464 3471 3418 
5316 3431 3435 3433 
5317 3421 3459 3458 
5318 3436 3453 3451 
5319 793 3482 794 
5320 3453 3490 3422 
5321 3459 3461 3460 
5322 779 3478 3421 
5323 670 3489 3424 
5324 669 3489 670 
5325 3454 3483 3426 
5326 19 3495 662 
5327 794 3495 19 
5328 614 3493 15 
5329 3419 3486 3431 
5330 3467 3496 672 
5331 3472 3475 786 
5332 3476 3481 789 
5333 3416 3472 785 
5334 792 3473 3425 
5335 3420 3473 791 
5336 3414 3476 788 
5337 3421 3478 3459 
5338 790 3481 3420 
5339 3423 3474 783 
5340 787 3475 3414 
5341 784 3474 3416 
5342 672 3496 16 
5343 3433 3480 3436 
5344 3422 3489 669 
5345 3425 3482 793 
5346 3435 3480 3433 
5347 3473 3479 3425 
5348 3428 3463 663 
5349 3418 3465 665 
5350 3415 3466 667 
5351 3424 3467 671 
5352 3418 3471 3465 
5353 3477 3492 3423 
5354 3436 3480 3453 
5355 3457 3486 3419 
5356 3426 3483 3477 
5357 3431 3486 3435 
5358 3475 3485 3414 
5359 3430 3497 3455 
5360 3480 3490 3453 
5361 3461 3484 3467 
5362 662 3495 3428 
5363 3417 3491 3454 
5364 3484 3496 3467 
5365 3425 3488 3482 
5366 3479 3488 3425 
5367 3427 3493 614 
5368 16 3496 616 
5369 3473 3494 3479 
5370 3423 3492 3474 
5371 3455 3497 3456 
5372 3482 3488 3428 
5373 3420 3494 3473 
5374 3478 3493 3427 
5375 3479 3494 3448 
5376 3482 3495 794 
5377 780 3493 3478 
5378 3428 3495 3482 
5379 616 3496 3484 
2 6 2 209
5380 3552 3569 3560 
5381 3534 3552 3500 
5382 839 3513 3507 
5383 3510 3513 1374 
5384 23 1373 838 
5385 3544 3551 3508 
5386 3552 3560 3556 
5387 3523 3536 3527 
5388 3533 3569 3528 
5389 838 3513 839 
5390 3516 3554 3540 
5391 3524 3533 3528 
5392 3519 3571 3564 
5393 3571 3574 3564 
5394 3500 3557 3534 
5395 3499 3549 3536 
5396 1374 3513 1373 
5397 3540 3554 3530 
5398 3530 3575 3540 
5399 3533 3559 3498 
5400 1373 3513 838 
5401 3523 3524 3522 
5402 3521 3536 3523 
5403 3545 3551 3544 
5404 3523 3526 3524 
5405 3521 3523 3522 
5406 3521 3522 3518 
5407 3532 3553 3526 
5408 3547 3572 3548 
5409 3524 3528 3525 
5410 3532 3578 3553 
5411 3526 3533 3524 
5412 3499 3536 3535 
5413 3548 3572 3563 
5414 3510 3561 3513 
5415 3534 3576 3567 
5416 3498 3569 3533 
5417 3549 3555 3536 
5418 3570 3571 3519 
5419 3518 3554 3516 
5420 3527 3548 3532 
5421 1379 3514 1378 
5422 3553 3559 3533 
5423 3531 3575 3530 
5424 603 3568 3511 
5425 3527 3532 3526 
5426 3517 3518 3516 
5427 3520 3521 3518 
5428 3529 3552 3534 
5429 3513 3561 3507 
5430 3528 3569 3552 
5431 3524 3525 3522 
5432 3529 3534 3531 
5433 3536 3555 3527 
5434 3528 3529 3525 
5435 3515 3516 3514 
5436 3548 3563 3532 
5437 3530 3554 3525 
5438 3525 3554 3522 
5439 3537 3550 3535 
5440 3508 3546 3544 
5441 3535 3550 3499 
5442 3567 3576 3561 
5443 3535 3536 3521 
5444 3553 3578 3504 
5445 3523 3527 3526 
5446 3511 3568 3545 
5447 3514 3539 1378 
5448 3534 3567 3531 
5449 3528 3552 3529 
5450 3553 3565 3559 
5451 3506 3550 3537 
5452 3526 3553 3533 
5453 3542 3571 3570 
5454 3517 3520 3518 
5455 3515 3517 3516 
5456 3520 3535 3521 
5457 3552 3556 3500 
5458 3506 3574 3573 
5459 3516 3581 3514 
5460 3547 3548 3502 
5461 3557 3576 3534 
5462 3522 3554 3518 
5463 3529 3531 3530 
5464 3527 3555 3548 
5465 3511 3545 3543 
5466 1375 3510 1374 
5467 1377 3501 1376 
5468 1380 3503 1379 
5469 1382 3505 1381 
5470 1351 3512 1352 
5471 1353 3502 1354 
5472 1355 3499 1356 
5473 1357 3506 1358 
5474 1359 3508 1360 
5475 604 3568 603 
5476 3504 3565 3553 
5477 3503 3514 1379 
5478 1376 3538 1375 
5479 1378 3539 1377 
5480 1381 3541 1380 
5481 603 3511 602 
5482 3543 3544 3542 
5483 3543 3562 3511 
5484 3540 3575 3501 
5485 3540 3581 3516 
5486 3505 3542 3541 
5487 3539 3540 3501 
5488 1353 3547 3502 
5489 1355 3549 3499 
5490 1357 3550 3506 
5491 1383 3562 1382 
5492 13 3577 1383 
5493 1352 3547 1353 
5494 1354 3549 1355 
5495 1356 3550 1357 
5496 1360 3551 1361 
5497 3503 3515 3514 
5498 3529 3530 3525 
5499 3538 3575 3567 
5500 842 3556 843 
5501 845 3559 846 
5502 848 3558 849 
5503 3546 3574 3571 
5504 3546 3571 3544 
5505 3544 3571 3542 
5506 3567 3575 3531 
5507 846 3565 847 
5508 839 3507 840 
5509 849 3509 850 
5510 843 3560 844 
5511 841 3500 842 
5512 847 3504 848 
5513 840 3557 841 
5514 844 3498 845 
5515 3501 3538 1376 
5516 3505 3541 1381 
5517 3508 3573 3546 
5518 3542 3570 3541 
5519 3512 3572 3547 
5520 1375 3538 3510 
5521 3573 3574 3546 
5522 1377 3539 3501 
5523 1380 3541 3503 
5524 3548 3555 3502 
5525 3515 3519 3517 
5526 3505 3543 3542 
5527 3520 3537 3535 
5528 850 3566 851 
5529 3537 3574 3506 
5530 3543 3545 3544 
5531 1382 3562 3505 
5532 1359 3573 3508 
5533 1358 3573 1359 
5534 3538 3567 3510 
5535 22 3579 1351 
5536 851 3579 22 
5537 602 3577 13 
5538 3503 3570 3515 
5539 3551 3580 1361 
5540 3556 3560 843 
5541 3559 3565 846 
5542 3500 3556 842 
5543 849 3558 3509 
5544 3504 3558 848 
5545 3498 3559 845 
5546 3505 3562 3543 
5547 847 3565 3504 
5548 3507 3557 840 
5549 844 3560 3498 
5550 841 3557 3500 
5551 1361 3580 14 
5552 3517 3564 3520 
5553 3506 3573 1358 
5554 3509 3566 850 
5555 3519 3564 3517 
5556 3558 3563 3509 
5557 3512 3547 1352 
5558 3502 3549 1354 
5559 3499 3550 1356 
5560 3508 3551 1360 
5561 3502 3555 3549 
5562 3561 3576 3507 
5563 3520 3564 3537 
5564 3541 3570 3503 
5565 3510 3567 3561 
5566 3515 3570 3519 
5567 3560 3569 3498 
5568 3514 3581 3539 
5569 3564 3574 3537 
5570 3545 3568 3551 
5571 1351 3579 3512 
5572 3501 3575 3538 
5573 3568 3580 3551 
5574 3509 3572 3566 
5575 3563 3572 3509 
5576 3511 3577 602 
5577 14 3580 604 
5578 3558 3578 3563 
5579 3507 3576 3557 
5580 3539 3581 3540 
5581 3566 3572 3512 
5582 3504 3578 3558 
5583 3562 3577 3511 
5584 3563 3578 3532 
5585 3566 3579 851 
5586 1383 3577 3562 
5587 3512 3579 3566 
5588 604 3580 3568 
2 7 2 209
5589 3636 3653 3643 
5590 3618 3636 3584 
5591 896 3597 3591 
5592 3594 3597 1407 
5593 1406 895 25 
5594 3628 3635 3592 
5595 3636 3643 3640 
5596 3607 3620 3611 
5597 3617 3653 3612 
5598 895 3597 896 
5599 3600 3638 3624 
5600 3608 3617 3612 
5601 3603 3655 3648 
5602 3655 3658 3648 
5603 3584 3641 3618 
5604 3583 3633 3620 
5605 1407 3597 1406 
5606 3624 3638 3614 
5607 3614 3659 3624 
5608 3617 3644 3582 
5609 1406 3597 895 
5610 3607 3608 3606 
5611 3605 3620 3607 
5612 3629 3635 3628 
5613 3607 3610 3608 
5614 3605 3607 3606 
5615 3605 3606 3602 
5616 3616 3637 3610 
5617 3631 3656 3632 
5618 3608 3612 3609 
5619 3616 3662 3637 
5620 3610 3617 3608 
5621 3583 3620 3619 
5622 3632 3656 3647 
5623 3594 3645 3597 
5624 3618 3660 3651 
5625 3582 3653 3617 
5626 3633 3639 3620 
5627 3654 3655 3603 
5628 3602 3638 3600 
5629 3611 3632 3616 
5630 1412 3598 1411 
5631 3637 3644 3617 
5632 3615 3659 3614 
5633 591 3652 3595 
5634 3611 3616 3610 
5635 3601 3602 3600 
5636 3604 3605 3602 
5637 3613 3636 3618 
5638 3597 3645 3591 
5639 3612 3653 3636 
5640 3608 3609 3606 
5641 3613 3618 3615 
5642 3620 3639 3611 
5643 3612 3613 3609 
5644 3599 3600 3598 
5645 3632 3647 3616 
5646 3614 3638 3609 
5647 3609 3638 3606 
5648 3621 3634 3619 
5649 3592 3630 3628 
5650 3619 3634 3583 
5651 3651 3660 3645 
5652 3619 3620 3605 
5653 3637 3662 3588 
5654 3607 3611 3610 
5655 3595 3652 3629 
5656 3598 3623 1411 
5657 3618 3651 3615 
5658 3612 3636 3613 
5659 3637 3649 3644 
5660 3590 3634 3621 
5661 3610 3637 3617 
5662 3626 3655 3654 
5663 3601 3604 3602 
5664 3599 3601 3600 
5665 3604 3619 3605 
5666 3636 3640 3584 
5667 3590 3658 3657 
5668 3600 3665 3598 
5669 3631 3632 3586 
5670 3641 3660 3618 
5671 3606 3638 3602 
5672 3613 3615 3614 
5673 3611 3639 3632 
5674 3595 3629 3627 
5675 1408 3594 1407 
5676 1410 3585 1409 
5677 1413 3587 1412 
5678 1415 3589 1414 
5679 1395 3596 1396 
5680 1397 3586 1398 
5681 1399 3583 1400 
5682 1401 3590 1402 
5683 1403 3592 1404 
5684 592 3652 591 
5685 3588 3649 3637 
5686 3587 3598 1412 
5687 1409 3622 1408 
5688 1411 3623 1410 
5689 1414 3625 1413 
5690 591 3595 590 
5691 3627 3628 3626 
5692 3627 3646 3595 
5693 3624 3659 3585 
5694 3624 3665 3600 
5695 3589 3626 3625 
5696 3623 3624 3585 
5697 1397 3631 3586 
5698 1399 3633 3583 
5699 1401 3634 3590 
5700 1416 3646 1415 
5701 11 3661 1416 
5702 1396 3631 1397 
5703 1398 3633 1399 
5704 1400 3634 1401 
5705 1404 3635 1405 
5706 3587 3599 3598 
5707 3613 3614 3609 
5708 3622 3659 3651 
5709 899 3640 900 
5710 902 3644 903 
5711 905 3642 906 
5712 3630 3658 3655 
5713 3630 3655 3628 
5714 3628 3655 3626 
5715 3651 3659 3615 
5716 903 3649 904 
5717 896 3591 897 
5718 906 3593 907 
5719 900 3643 901 
5720 898 3584 899 
5721 904 3588 905 
5722 897 3641 898 
5723 901 3582 902 
5724 3585 3622 1409 
5725 3589 3625 1414 
5726 3592 3657 3630 
5727 3626 3654 3625 
5728 3596 3656 3631 
5729 1408 3622 3594 
5730 3657 3658 3630 
5731 1410 3623 3585 
5732 1413 3625 3587 
5733 3632 3639 3586 
5734 3599 3603 3601 
5735 3589 3627 3626 
5736 3604 3621 3619 
5737 907 3650 908 
5738 3621 3658 3590 
5739 3627 3629 3628 
5740 1415 3646 3589 
5741 1403 3657 3592 
5742 1402 3657 1403 
5743 3622 3651 3594 
5744 24 3663 1395 
5745 908 3663 24 
5746 590 3661 11 
5747 3587 3654 3599 
5748 3635 3664 1405 
5749 3640 3643 900 
5750 3644 3649 903 
5751 3584 3640 899 
5752 906 3642 3593 
5753 3588 3642 905 
5754 3582 3644 902 
5755 3589 3646 3627 
5756 904 3649 3588 
5757 3591 3641 897 
5758 901 3643 3582 
5759 898 3641 3584 
5760 1405 3664 12 
5761 3601 3648 3604 
5762 3590 3657 1402 
5763 3593 3650 907 
5764 3603 3648 3601 
5765 3642 3647 3593 
5766 3596 3631 1396 
5767 3586 3633 1398 
5768 3583 3634 1400 
5769 3592 3635 1404 
5770 3586 3639 3633 
5771 3645 3660 3591 
5772 3604 3648 3621 
5773 3625 3654 3587 
5774 3594 3651 3645 
5775 3599 3654 3603 
5776 3643 3653 3582 
5777 3598 3665 3623 
5778 3648 3658 3621 
5779 3629 3652 3635 
5780 1395 3663 3596 
5781 3585 3659 3622 
5782 3652 3664 3635 
5783 3593 3656 3650 
5784 3647 3656 3593 
5785 3595 3661 590 
5786 12 3664 592 
5787 3642 3662 3647 
5788 3591 3660 3641 
5789 3623 3665 3624 
5790 3650 3656 3596 
5791 3588 3662 3642 
5792 3646 3661 3595 
5793 3647 3662 3616 
5794 3650 3663 908 
5795 1416 3661 3646 
5796 3596 3663 3650 
5797 592 3664 3652 
2 8 2 209
5798 3720 3737 3727 
5799 3702 3720 3668 
5800 1010 3681 3675 
5801 3678 3681 760 
5802 1009 20 759 
5803 3712 3719 3676 
5804 3720 3727 3724 
5805 3691 3704 3695 
5806 3701 3737 3696 
5807 1009 3681 1010 
5808 3684 3722 3708 
5809 3692 3701 3696 
5810 3687 3739 3732 
5811 3739 3742 3732 
5812 3668 3725 3702 
5813 3667 3717 3704 
5814 760 3681 759 
5815 3708 3722 3698 
5816 3698 3743 3708 
5817 3701 3728 3666 
5818 759 3681 1009 
5819 3691 3692 3690 
5820 3689 3704 3691 
5821 3713 3719 3712 
5822 3691 3694 3692 
5823 3689 3691 3690 
5824 3689 3690 3686 
5825 3700 3721 3694 
5826 3715 3740 3716 
5827 3692 3696 3693 
5828 3700 3746 3721 
5829 3694 3701 3692 
5830 3667 3704 3703 
5831 3716 3740 3731 
5832 3678 3729 3681 
5833 3702 3744 3735 
5834 3666 3737 3701 
5835 3717 3723 3704 
5836 3738 3739 3687 
5837 3686 3722 3684 
5838 3695 3716 3700 
5839 765 3682 764 
5840 3721 3728 3701 
5841 3699 3743 3698 
5842 567 3736 3679 
5843 3695 3700 3694 
5844 3685 3686 3684 
5845 3688 3689 3686 
5846 3697 3720 3702 
5847 3681 3729 3675 
5848 3696 3737 3720 
5849 3692 3693 3690 
5850 3697 3702 3699 
5851 3704 3723 3695 
5852 3696 3697 3693 
5853 3683 3684 3682 
5854 3716 3731 3700 
5855 3698 3722 3693 
5856 3693 3722 3690 
5857 3705 3718 3703 
5858 3676 3714 3712 
5859 3703 3718 3667 
5860 3735 3744 3729 
5861 3703 3704 3689 
5862 3721 3746 3672 
5863 3691 3695 3694 
5864 3679 3736 3713 
5865 3682 3707 764 
5866 3702 3735 3699 
5867 3696 3720 3697 
5868 3721 3733 3728 
5869 3674 3718 3705 
5870 3694 3721 3701 
5871 3710 3739 3738 
5872 3685 3688 3686 
5873 3683 3685 3684 
5874 3688 3703 3689 
5875 3720 3724 3668 
5876 3674 3742 3741 
5877 3684 3749 3682 
5878 3715 3716 3670 
5879 3725 3744 3702 
5880 3690 3722 3686 
5881 3697 3699 3698 
5882 3695 3723 3716 
5883 3679 3713 3711 
5884 761 3678 760 
5885 763 3669 762 
5886 766 3671 765 
5887 768 3673 767 
5888 1340 3680 1341 
5889 1342 3670 1343 
5890 1344 3667 1345 
5891 1346 3674 1347 
5892 1348 3676 1349 
5893 568 3736 567 
5894 3672 3733 3721 
5895 3671 3682 765 
5896 762 3706 761 
5897 764 3707 763 
5898 767 3709 766 
5899 567 3679 566 
5900 3711 3712 3710 
5901 3711 3730 3679 
5902 3708 3743 3669 
5903 3708 3749 3684 
5904 3673 3710 3709 
5905 3707 3708 3669 
5906 1342 3715 3670 
5907 1344 3717 3667 
5908 1346 3718 3674 
5909 769 3730 768 
5910 7 3745 769 
5911 1341 3715 1342 
5912 1343 3717 1344 
5913 1345 3718 1346 
5914 1349 3719 1350 
5915 3671 3683 3682 
5916 3697 3698 3693 
5917 3706 3743 3735 
5918 1013 3724 1014 
5919 1016 3728 1017 
5920 1019 3726 1020 
5921 3714 3742 3739 
5922 3714 3739 3712 
5923 3712 3739 3710 
5924 3735 3743 3699 
5925 1017 3733 1018 
5926 1010 3675 1011 
5927 1020 3677 1021 
5928 1014 3727 1015 
5929 1012 3668 1013 
5930 1018 3672 1019 
5931 1011 3725 1012 
5932 1015 3666 1016 
5933 3669 3706 762 
5934 3673 3709 767 
5935 3676 3741 3714 
5936 3710 3738 3709 
5937 3680 3740 3715 
5938 761 3706 3678 
5939 3741 3742 3714 
5940 763 3707 3669 
5941 766 3709 3671 
5942 3716 3723 3670 
5943 3683 3687 3685 
5944 3673 3711 3710 
5945 3688 3705 3703 
5946 1021 3734 1022 
5947 3705 3742 3674 
5948 3711 3713 3712 
5949 768 3730 3673 
5950 1348 3741 3676 
5951 1347 3741 1348 
5952 3706 3735 3678 
5953 28 3747 1340 
5954 1022 3747 28 
5955 566 3745 7 
5956 3671 3738 3683 
5957 3719 3748 1350 
5958 3724 3727 1014 
5959 3728 3733 1017 
5960 3668 3724 1013 
5961 1020 3726 3677 
5962 3672 3726 1019 
5963 3666 3728 1016 
5964 3673 3730 3711 
5965 1018 3733 3672 
5966 3675 3725 1011 
5967 1015 3727 3666 
5968 1012 3725 3668 
5969 1350 3748 8 
5970 3685 3732 3688 
5971 3674 3741 1347 
5972 3677 3734 1021 
5973 3687 3732 3685 
5974 3726 3731 3677 
5975 3680 3715 1341 
5976 3670 3717 1343 
5977 3667 3718 1345 
5978 3676 3719 1349 
5979 3670 3723 3717 
5980 3729 3744 3675 
5981 3688 3732 3705 
5982 3709 3738 3671 
5983 3678 3735 3729 
5984 3683 3738 3687 
5985 3727 3737 3666 
5986 3682 3749 3707 
5987 3732 3742 3705 
5988 3713 3736 3719 
5989 1340 3747 3680 
5990 3669 3743 3706 
5991 3736 3748 3719 
5992 3677 3740 3734 
5993 3731 3740 3677 
5994 3679 3745 566 
5995 8 3748 568 
5996 3726 3746 3731 
5997 3675 3744 3725 
5998 3707 3749 3708 
5999 3734 3740 3680 
6000 3672 3746 3726 
6001 3730 3745 3679 
6002 3731 3746 3700 
6003 3734 3747 1022 
6004 769 3745 3730 
6005 3680 3747 3734 
6006 568 3748 3736 
2 9 2 209
6007 3804 3821 3812 
6008 3786 3804 3752 
6009 953 3765 3759 
6010 3762 3765 1363 
6011 952 27 1362 
6012 3796 3803 3760 
6013 3804 3812 3808 
6014 3775 3788 3779 
6015 3785 3821 3780 
6016 952 3765 953 
6017 3768 3806 3792 
6018 3776 3785 3780 
6019 3771 3823 3816 
6020 3823 3826 3816 
6021 3752 3810 3786 
6022 3751 3801 3788 
6023 1363 3765 1362 
6024 3792 3806 3782 
6025 3782 3827 3792 
6026 3785 3811 3750 
6027 1362 3765 952 
6028 3775 3776 3774 
6029 3773 3788 3775 
6030 3797 3803 3796 
6031 3775 3778 3776 
6032 3773 3775 3774 
6033 3773 3774 3770 
6034 3784 3805 3778 
6035 3799 3824 3800 
6036 3776 3780 3777 
6037 3784 3830 3805 
6038 3778 3785 3776 
6039 3751 3788 3787 
6040 3800 3824 3815 
6041 3762 3813 3765 
6042 3786 3828 3819 
6043 3750 3821 3785 
6044 3801 3807 3788 
6045 3822 3823 3771 
6046 3770 3806 3768 
6047 3779 3800 3784 
6048 1368 3766 1367 
6049 3805 3811 3785 
6050 3783 3827 3782 
6051 579 3820 3763 
6052 3779 3784 3778 
6053 3769 3770 3768 
6054 3772 3773 3770 
6055 3781 3804 3786 
6056 3765 3813 3759 
6057 3780 3821 3804 
6058 3776 3777 3774 
6059 3781 3786 3783 
6060 3788 3807 3779 
6061 3780 3781 3777 
6062 3767 3768 3766 
6063 3800 3815 3784 
6064 3782 3806 3777 
6065 3777 3806 3774 
6066 3789 3802 3787 
6067 3760 3798 3796 
6068 3787 3802 3751 
6069 3819 3828 3813 
6070 3787 3788 3773 
6071 3805 3830 3756 
6072 3775 3779 3778 
6073 3763 3820 3797 
6074 3766 3791 1367 
6075 3786 3819 3783 
6076 3780 3804 3781 
6077 3805 3817 3811 
6078 3758 3802 3789 
6079 3778 3805 3785 
6080 3794 3823 3822 
6081 3769 3772 3770 
6082 3767 3769 3768 
6083 3772 3787 3773 
6084 3804 3808 3752 
6085 3758 3826 3825 
6086 3768 3833 3766 
6087 3799 3800 3754 
6088 3810 3828 3786 
6089 3774 3806 3770 
6090 3781 3783 3782 
6091 3779 3807 3800 
6092 3763 3797 3795 
6093 1364 3762 1363 
6094 1366 3753 1365 
6095 1369 3755 1368 
6096 1371 3757 1370 
6097 1384 3764 1385 
6098 1386 3754 1387 
6099 1388 3751 1389 
6100 1390 3758 1391 
6101 1392 3760 1393 
6102 580 3820 579 
6103 3756 3817 3805 
6104 3755 3766 1368 
6105 1365 3790 1364 
6106 1367 3791 1366 
6107 1370 3793 1369 
6108 579 3763 578 
6109 3795 3796 3794 
6110 3795 3814 3763 
6111 3792 3827 3753 
6112 3792 3833 3768 
6113 3757 3794 3793 
6114 3791 3792 3753 
6115 1386 3799 3754 
6116 1388 3801 3751 
6117 1390 3802 3758 
6118 1372 3814 1371 
6119 9 3829 1372 
6120 1385 3799 1386 
6121 1387 3801 1388 
6122 1389 3802 1390 
6123 1393 3803 1394 
6124 3755 3767 3766 
6125 3781 3782 3777 
6126 3790 3827 3819 
6127 956 3808 957 
6128 959 3811 960 
6129 962 3809 963 
6130 3798 3826 3823 
6131 3798 3823 3796 
6132 3796 3823 3794 
6133 3819 3827 3783 
6134 960 3817 961 
6135 963 3761 964 
6136 953 3759 954 
6137 957 3812 958 
6138 955 3752 956 
6139 961 3756 962 
6140 954 3810 955 
6141 958 3750 959 
6142 3753 3790 1365 
6143 3757 3793 1370 
6144 3760 3825 3798 
6145 3794 3822 3793 
6146 3764 3824 3799 
6147 1364 3790 3762 
6148 3825 3826 3798 
6149 1366 3791 3753 
6150 1369 3793 3755 
6151 3800 3807 3754 
6152 3767 3771 3769 
6153 3757 3795 3794 
6154 3772 3789 3787 
6155 964 3818 965 
6156 3789 3826 3758 
6157 3795 3797 3796 
6158 1371 3814 3757 
6159 1392 3825 3760 
6160 1391 3825 1392 
6161 3790 3819 3762 
6162 26 3831 1384 
6163 965 3831 26 
6164 578 3829 9 
6165 3755 3822 3767 
6166 3803 3832 1394 
6167 3808 3812 957 
6168 3811 3817 960 
6169 3752 3808 956 
6170 963 3809 3761 
6171 3756 3809 962 
6172 3750 3811 959 
6173 3757 3814 3795 
6174 961 3817 3756 
6175 3759 3810 954 
6176 958 3812 3750 
6177 955 3810 3752 
6178 1394 3832 10 
6179 3769 3816 3772 
6180 3758 3825 1391 
6181 3761 3818 964 
6182 3771 3816 3769 
6183 3809 3815 3761 
6184 3764 3799 1385 
6185 3754 3801 1387 
6186 3751 3802 1389 
6187 3760 3803 1393 
6188 3754 3807 3801 
6189 3813 3828 3759 
6190 3772 3816 3789 
6191 3793 3822 3755 
6192 3762 3819 3813 
6193 3767 3822 3771 
6194 3812 3821 3750 
6195 3766 3833 3791 
6196 3816 3826 3789 
6197 3797 3820 3803 
6198 1384 3831 3764 
6199 3753 3827 3790 
6200 3820 3832 3803 
6201 3761 3824 3818 
6202 3815 3824 3761 
6203 3763 3829 578 
6204 10 3832 580 
6205 3809 3830 3815 
6206 3759 3828 3810 
6207 3791 3833 3792 
6208 3818 3824 3764 
6209 3756 3830 3809 
6210 3814 3829 3763 
6211 3815 3830 3784 
6212 3818 3831 965 
6213 1372 3829 3814 
6214 3764 3831 3818 
6215 580 3832 3820 
2 10 2 626
6216 3954 3973 3859 
6217 3960 4042 3956 
6218 3860 3866 757 
6219 3885 4042 3960 
6220 3865 4046 3965 
6221 561 4051 3989 
6222 3950 4089 3906 
6223 3860 4028 3978 
6224 3965 4082 3854 
6225 3939 3996 3968 
6226 3963 4100 3936 
6227 759 20 758 
6228 757 3866 758 
6229 760 3866 3862 
6230 3854 4019 3965 
6231 3998 4076 3955 
6232 3859 3998 3954 
6233 562 4051 561 
6234 3906 4089 3910 
6235 3962 4001 3839 
6236 4000 4103 4024 
6237 3954 3998 3955 
6238 759 3866 760 
6239 3840 4057 3974 
6240 3987 4005 3982 
6241 3908 3923 3917 
6242 3991 4015 3855 
6243 3956 4041 3960 
6244 3902 4072 4068 
6245 3965 4046 3861 
6246 758 3866 759 
6247 4045 4080 4072 
6248 3885 4069 4043 
6249 4068 4072 4004 
6250 3868 3961 3871 
6251 3862 4058 3978 
6252 3907 3921 3908 
6253 3906 3910 3904 
6254 4032 4107 3959 
6255 3858 4060 4030 
6256 3903 3906 3904 
6257 3933 3963 3936 
6258 3862 3978 3967 
6259 3943 3946 3944 
6260 3946 3948 3944 
6261 3974 4025 3840 
6262 3913 3951 3950 
6263 3923 4064 3917 
6264 3980 3982 3981 
6265 4030 4060 3958 
6266 3903 3904 3873 
6267 4028 4039 3978 
6268 3921 3923 3908 
6269 3987 4080 4005 
6270 3922 4107 4032 
6271 3907 3908 3901 
6272 3895 4049 3938 
6273 3968 3996 3851 
6274 3910 3949 3915 
6275 3913 3950 3906 
6276 3964 3965 3861 
6277 3943 3944 3900 
6278 3923 4031 4014 
6279 3898 3907 3901 
6280 3893 3900 3896 
6281 3871 3903 3873 
6282 3839 4002 3962 
6283 3863 3988 3979 
6284 3965 4019 3865 
6285 3927 3975 3930 
6286 4001 4011 3839 
6287 3973 4029 3859 
6288 3890 3941 3893 
6289 3866 4058 3862 
6290 3979 3980 3849 
6291 3999 4095 3971 
6292 3961 4086 3871 
6293 3886 3960 3889 
6294 3982 3983 3981 
6295 3900 3947 3896 
6296 3867 3992 3961 
6297 4023 4047 3857 
6298 3941 3943 3900 
6299 3939 4090 3996 
6300 4045 4072 3902 
6301 3958 4076 4030 
6302 3912 3913 3906 
6303 3848 4095 3999 
6304 3980 3981 3849 
6305 3910 3915 3911 
6306 4024 4048 4000 
6307 3980 3987 3982 
6308 3973 4066 3837 
6309 4026 4060 3858 
6310 3936 3954 3937 
6311 3926 3975 3927 
6312 3848 3999 559 
6313 3977 4038 3995 
6314 657 3977 656 
6315 3871 3873 3872 
6316 3931 3991 3963 
6317 3885 3960 3886 
6318 3966 3967 3952 
6319 560 4056 3848 
6320 3916 3962 3926 
6321 3893 3896 3894 
6322 4023 4083 4047 
6323 3908 3917 3909 
6324 3882 4069 3885 
6325 3896 3898 3897 
6326 3915 3962 3916 
6327 3951 4103 4000 
6328 3913 3966 3952 
6329 3983 4094 4006 
6330 4010 4032 3959 
6331 3898 3901 3899 
6332 3953 4082 3965 
6333 3917 3953 3918 
6334 3931 3963 3933 
6335 3936 3973 3954 
6336 3955 3958 3957 
6337 3927 3930 3929 
6338 3851 4059 3968 
6339 3933 3936 3935 
6340 3938 4097 3895 
6341 3916 3926 3925 
6342 3867 3961 3868 
6343 3991 4053 4015 
6344 3856 4025 3974 
6345 3868 3871 3870 
6346 3962 4002 3926 
6347 4030 4076 3836 
6348 3874 3877 3876 
6349 3878 3881 3880 
6350 3882 3885 3884 
6351 3886 3889 3888 
6352 3953 3965 3964 
6353 3890 3893 3892 
6354 3907 3922 3921 
6355 3863 4004 3988 
6356 3975 4091 3930 
6357 3944 3959 3947 
6358 3949 4055 4012 
6359 3922 3974 3921 
6360 3837 4029 3973 
6361 3982 4094 3983 
6362 4022 4067 3976 
6363 3885 4043 4042 
6364 4022 4060 4026 
6365 3912 4033 3966 
6366 3917 4017 3953 
6367 3873 4036 3874 
6368 3989 4092 561 
6369 3979 3988 3980 
6370 3890 4096 3941 
6371 560 4092 4056 
6372 3951 4000 3950 
6373 4013 4073 3853 
6374 3860 4058 3866 
6375 3863 3979 564 
6376 563 3979 3849 
6377 3992 4033 3961 
6378 3913 3952 3951 
6379 3893 3941 3900 
6380 4036 4077 3874 
6381 3903 3912 3906 
6382 3974 4032 3856 
6383 3967 3978 3952 
6384 558 3864 557 
6385 565 3863 564 
6386 563 3849 562 
6387 560 3848 559 
6388 3910 3911 3904 
6389 4012 4087 3949 
6390 3975 4073 4013 
6391 3915 4001 3962 
6392 3849 4051 562 
6393 3912 4086 4033 
6394 3923 4057 4031 
6395 3948 3959 3944 
6396 3990 4062 3972 
6397 3922 4032 3974 
6398 4027 4032 4010 
6399 3944 3947 3900 
6400 3949 4087 3915 
6401 3941 4098 3943 
6402 3954 3955 3937 
6403 3991 4065 3963 
6404 3912 3966 3913 
6405 3856 4032 4027 
6406 3958 3976 3957 
6407 3930 3931 3929 
6408 3915 3916 3911 
6409 3936 3937 3935 
6410 3983 3985 3984 
6411 3952 4039 3951 
6412 3947 4102 3896 
6413 3926 3927 3925 
6414 3834 4027 4010 
6415 3908 3909 3901 
6416 3873 3874 3872 
6417 3871 3872 3870 
6418 3874 4077 3877 
6419 3974 4057 3921 
6420 3997 4059 3851 
6421 3976 4060 4022 
6422 3877 3878 3876 
6423 3881 3882 3880 
6424 3946 4047 3948 
6425 3885 3886 3884 
6426 3930 4091 4053 
6427 3861 3994 3964 
6428 3889 3890 3888 
6429 3977 4085 4038 
6430 3930 3991 3931 
6431 3893 3894 3892 
6432 3896 3897 3894 
6433 3985 3990 3986 
6434 3896 4102 3898 
6435 4063 4095 4056 
6436 654 3994 653 
6437 3898 3899 3897 
6438 3921 4057 3923 
6439 3917 3918 3909 
6440 3977 3995 656 
6441 4013 4091 3975 
6442 3898 4050 3907 
6443 3953 3964 3918 
6444 3877 4054 3878 
6445 3911 4036 3904 
6446 3960 4081 3889 
6447 3917 4064 4017 
6448 3978 4058 3860 
6449 3955 4076 3958 
6450 3850 4068 4004 
6451 4096 4098 3941 
6452 3909 4035 3901 
6453 3993 4004 3863 
6454 3924 4036 3911 
6455 3976 4067 3945 
6456 4072 4080 3987 
6457 3926 4073 3975 
6458 3871 4086 3903 
6459 3942 4098 4096 
6460 564 3979 563 
6461 3948 4010 3959 
6462 3855 4065 3991 
6463 4002 4073 3926 
6464 558 3999 3864 
6465 3889 4096 3890 
6466 4039 4103 3951 
6467 3919 4035 3909 
6468 3942 4041 4040 
6469 653 3994 3861 
6470 3878 4101 3881 
6471 3983 3984 3981 
6472 3945 4098 4040 
6473 4012 4055 3841 
6474 4097 4108 4009 
6475 760 3862 761 
6476 762 3847 763 
6477 3980 3988 3987 
6478 764 3867 765 
6479 765 3843 766 
6480 767 3850 768 
6481 4000 4048 3841 
6482 3852 4011 4001 
6483 653 3861 652 
6484 655 3846 654 
6485 658 3842 657 
6486 660 3851 659 
6487 3931 3933 3932 
6488 3983 4084 3985 
6489 4000 4055 3950 
6490 3955 3957 3956 
6491 3927 3929 3928 
6492 3904 4036 3873 
6493 559 3999 558 
6494 3971 3972 3970 
6495 3972 4063 3990 
6496 3916 3925 3924 
6497 3933 3935 3934 
6498 769 4074 7 
6499 3969 3970 3940 
6500 3985 3986 3984 
6501 3978 4039 3952 
6502 4005 4094 3982 
6503 3868 3870 3869 
6504 656 3995 655 
6505 3874 3876 3875 
6506 659 3996 658 
6507 3842 3977 657 
6508 661 3997 660 
6509 3878 3880 3879 
6510 3882 3884 3883 
6511 3886 3888 3887 
6512 3890 3892 3891 
6513 3852 4087 4012 
6514 764 3992 3867 
6515 4014 4064 3923 
6516 3899 4035 3914 
6517 4038 4070 3995 
6518 4009 4062 3891 
6519 3891 4062 4008 
6520 3867 3868 3843 
6521 3915 4087 4001 
6522 3985 4061 3990 
6523 3967 4037 3862 
6524 3899 3914 3905 
6525 761 4037 762 
6526 762 4037 3847 
6527 3959 4107 3947 
6528 3945 4040 3976 
6529 3973 4100 4066 
6530 4038 4085 3914 
6531 763 3992 764 
6532 3901 4035 3899 
6533 768 3993 769 
6534 3863 4074 3993 
6535 3841 4055 4000 
6536 3958 4060 3976 
6537 721 4014 722 
6538 750 4012 751 
6539 724 4025 725 
6540 748 4011 749 
6541 722 4031 723 
6542 766 4034 767 
6543 4056 4095 3848 
6544 4054 4101 3878 
6545 3895 4097 4009 
6546 3919 4038 4035 
6547 3943 4105 3946 
6548 3864 4059 3997 
6549 3997 4078 3864 
6550 3994 4044 3964 
6551 3864 4078 557 
6552 752 4048 753 
6553 742 4015 743 
6554 731 3835 732 
6555 729 3857 730 
6556 744 4013 745 
6557 754 3845 755 
6558 719 4016 720 
6559 723 3840 724 
6560 733 3858 734 
6561 740 4018 741 
6562 727 3834 728 
6563 756 3860 757 
6564 717 4019 718 
6565 725 3856 726 
6566 738 4029 739 
6567 735 3836 736 
6568 737 3859 738 
6569 716 3865 717 
6570 734 4030 735 
6571 739 3837 740 
6572 755 4028 756 
6573 718 3854 719 
6574 741 3855 742 
6575 732 4026 733 
6576 720 3844 721 
6577 753 4024 754 
6578 730 4020 731 
6579 743 3838 744 
6580 751 3841 752 
6581 745 3853 746 
6582 728 4023 729 
6583 749 3852 750 
6584 747 3839 748 
6585 726 4027 727 
6586 7 4074 565 
6587 6 4078 661 
6588 3931 3932 3929 
6589 3881 4069 3882 
6590 3940 4097 3938 
6591 3955 3956 3937 
6592 4004 4072 3988 
6593 3927 3928 3925 
6594 765 3867 3843 
6595 3984 4051 3981 
6596 565 4074 3863 
6597 3916 3924 3911 
6598 3972 4108 3970 
6599 3910 4089 3949 
6600 3874 3875 3872 
6601 4033 4086 3961 
6602 3878 3879 3876 
6603 4010 4083 3834 
6604 3882 3883 3880 
6605 3886 3887 3884 
6606 3890 3891 3888 
6607 3894 3895 3892 
6608 767 4034 3850 
6609 3842 4085 3977 
6610 3851 3996 659 
6611 3969 3971 3970 
6612 3839 4071 4002 
6613 4002 4071 3853 
6614 3850 4004 3993 
6615 557 4078 6 
6616 3933 3934 3932 
6617 3899 3905 3897 
6618 652 4046 651 
6619 4040 4098 3942 
6620 4001 4087 3852 
6621 3918 3919 3909 
6622 4104 4106 4047 
6623 655 3995 3846 
6624 3964 4044 3918 
6625 658 3996 3842 
6626 3868 3869 3843 
6627 660 3997 3851 
6628 3846 3994 654 
6629 3970 4097 3940 
6630 3870 3902 3869 
6631 3981 4051 3849 
6632 3930 4053 3991 
6633 3861 4046 652 
6634 4021 4022 3835 
6635 4047 4083 3948 
6636 3929 4003 3928 
6637 3880 4006 3879 
6638 3876 4005 3875 
6639 3884 4007 3883 
6640 3888 4008 3887 
6641 3892 4009 3891 
6642 3925 4052 3924 
6643 3970 4108 4097 
6644 3935 4043 3934 
6645 3957 4041 3956 
6646 3843 4034 766 
6647 3914 3920 3905 
6648 3971 4079 3999 
6649 4035 4038 3914 
6650 3859 4075 3998 
6651 3998 4075 3836 
6652 3907 4050 3922 
6653 3836 4076 3998 
6654 18 4088 716 
6655 651 4088 18 
6656 4014 4031 722 
6657 3976 4040 3957 
6658 3986 3989 3984 
6659 3920 3938 3905 
6660 3895 4009 3892 
6661 3891 4008 3888 
6662 3887 4007 3884 
6663 3883 4006 3880 
6664 3879 4005 3876 
6665 3989 4051 3984 
6666 3840 4025 724 
6667 723 4031 3840 
6668 3844 4014 721 
6669 725 4025 3856 
6670 3852 4012 750 
6671 751 4012 3841 
6672 3839 4011 748 
6673 749 4011 3852 
6674 3870 4045 3902 
6675 3932 4003 3929 
6676 3942 4081 4041 
6677 4055 4089 3950 
6678 3939 3940 3938 
6679 3928 4052 3925 
6680 3968 3969 3940 
6681 3937 4042 3935 
6682 739 4029 3837 
6683 735 4030 3836 
6684 3859 4029 738 
6685 718 4019 3854 
6686 756 4028 3860 
6687 3865 4019 717 
6688 733 4026 3858 
6689 741 4018 3855 
6690 3858 4030 734 
6691 3837 4018 740 
6692 754 4024 3845 
6693 720 4016 3844 
6694 3854 4016 719 
6695 3845 4028 755 
6696 743 4015 3838 
6697 731 4020 3835 
6698 3835 4026 732 
6699 3855 4015 742 
6700 3841 4048 752 
6701 753 4048 4024 
6702 729 4023 3857 
6703 745 4013 3853 
6704 3857 4020 730 
6705 3838 4013 744 
6706 727 4027 3834 
6707 3834 4023 728 
6708 3856 4027 726 
6709 4022 4026 3835 
6710 3985 4084 4007 
6711 3920 3939 3938 
6712 3872 4045 3870 
6713 3939 3968 3940 
6714 3853 4073 4002 
6715 4033 4099 3966 
6716 4017 4082 3953 
6717 3846 4044 3994 
6718 3842 4090 4085 
6719 3862 4037 761 
6720 3897 4049 3894 
6721 3869 4034 3843 
6722 3988 4072 3987 
6723 3918 4044 3919 
6724 3845 4039 4028 
6725 4015 4053 3838 
6726 4020 4021 3835 
6727 4016 4017 3844 
6728 746 4071 747 
6729 4040 4041 3957 
6730 3996 4090 3842 
6731 3956 4042 3937 
6732 3894 4049 3895 
6733 3847 4033 3992 
6734 4042 4043 3935 
6735 3853 4071 746 
6736 747 4071 3839 
6737 3847 3992 763 
6738 3875 4045 3872 
6739 4008 4062 3990 
6740 3850 3993 768 
6741 737 4075 3859 
6742 3836 4075 736 
6743 3898 4102 4050 
6744 3968 4059 3969 
6745 561 4092 560 
6746 736 4075 737 
6747 3990 4063 3986 
6748 4021 4106 4104 
6749 4006 4084 3983 
6750 3905 4049 3897 
6751 4031 4057 3840 
6752 3936 4100 3973 
6753 3847 4099 4033 
6754 3999 4079 3864 
6755 3986 4056 3989 
6756 3919 4070 4038 
6757 4047 4106 3857 
6758 4037 4099 3847 
6759 4021 4067 4022 
6760 3938 4049 3905 
6761 3948 4083 4010 
6762 3946 4104 4047 
6763 3986 4063 4056 
6764 4034 4068 3850 
6765 4003 4054 3928 
6766 3969 4079 3971 
6767 4043 4069 3934 
6768 3966 4099 3967 
6769 4018 4065 3855 
6770 3928 4054 4052 
6771 3837 4066 4018 
6772 3903 4086 3912 
6773 4044 4070 3919 
6774 4008 4061 3887 
6775 3942 4096 4081 
6776 3967 4099 4037 
6777 3990 4061 4008 
6778 3887 4061 4007 
6779 3844 4064 4014 
6780 3924 4077 4036 
6781 4005 4080 3875 
6782 3846 4070 4044 
6783 3972 4095 4063 
6784 3995 4070 3846 
6785 3993 4074 769 
6786 3883 4084 4006 
6787 3902 4068 3869 
6788 4017 4064 3844 
6789 4007 4061 3985 
6790 3879 4094 4005 
6791 4016 4082 4017 
6792 3932 4093 4003 
6793 3971 4095 3972 
6794 3914 4085 3920 
6795 4053 4091 3838 
6796 4007 4084 3883 
6797 3845 4103 4039 
6798 4020 4106 4021 
6799 4069 4093 3934 
6800 4052 4054 3877 
6801 3869 4068 4034 
6802 3920 4090 3939 
6803 4065 4066 3963 
6804 661 4078 3997 
6805 4018 4066 4065 
6806 4059 4079 3969 
6807 3854 4082 4016 
6808 3875 4080 4045 
6809 4052 4077 3924 
6810 4085 4090 3920 
6811 3934 4093 3932 
6812 3834 4083 4023 
6813 4104 4105 4067 
6814 4006 4094 3879 
6815 716 4088 3865 
6816 4081 4096 3889 
6817 4098 4105 3943 
6818 4050 4107 3922 
6819 4041 4081 3960 
6820 3838 4091 4013 
6821 4046 4088 651 
6822 3947 4107 4050 
6823 4067 4105 3945 
6824 3945 4105 4098 
6825 4009 4108 4062 
6826 4024 4103 3845 
6827 3857 4106 4020 
6828 3877 4077 4052 
6829 4056 4092 3989 
6830 4021 4104 4067 
6831 3881 4093 4069 
6832 3864 4079 4059 
6833 4050 4102 3947 
6834 3865 4088 4046 
6835 3949 4089 4055 
6836 4062 4108 3972 
6837 4093 4101 4003 
6838 3881 4101 4093 
6839 4066 4100 3963 
6840 4003 4101 4054 
6841 3946 4105 4104 
2 11 2 626
6842 4229 4248 4134 
6843 4235 4317 4231 
6844 4135 4141 714 
6845 4160 4317 4235 
6846 4140 4321 4240 
6847 621 4326 4264 
6848 4225 4364 4181 
6849 4135 4303 4253 
6850 4240 4357 4129 
6851 4214 4271 4243 
6852 4238 4375 4211 
6853 715 626 17 
6854 714 4141 715 
6855 627 4141 4137 
6856 4129 4294 4240 
6857 4273 4351 4230 
6858 4134 4273 4229 
6859 622 4326 621 
6860 4181 4364 4185 
6861 4237 4276 4114 
6862 4275 4378 4299 
6863 4229 4273 4230 
6864 626 4141 627 
6865 4115 4332 4249 
6866 4262 4280 4257 
6867 4183 4198 4192 
6868 4266 4290 4130 
6869 4231 4316 4235 
6870 4177 4347 4343 
6871 4240 4321 4136 
6872 715 4141 626 
6873 4320 4355 4347 
6874 4160 4344 4318 
6875 4343 4347 4279 
6876 4143 4236 4146 
6877 4137 4333 4253 
6878 4182 4196 4183 
6879 4181 4185 4179 
6880 4307 4382 4234 
6881 4133 4335 4305 
6882 4178 4181 4179 
6883 4208 4238 4211 
6884 4137 4253 4242 
6885 4218 4221 4219 
6886 4221 4223 4219 
6887 4249 4300 4115 
6888 4188 4226 4225 
6889 4198 4339 4192 
6890 4255 4257 4256 
6891 4305 4335 4233 
6892 4178 4179 4148 
6893 4303 4314 4253 
6894 4196 4198 4183 
6895 4262 4355 4280 
6896 4197 4382 4307 
6897 4182 4183 4176 
6898 4170 4324 4213 
6899 4243 4271 4126 
6900 4185 4224 4190 
6901 4188 4225 4181 
6902 4239 4240 4136 
6903 4218 4219 4175 
6904 4198 4306 4289 
6905 4173 4182 4176 
6906 4168 4175 4171 
6907 4146 4178 4148 
6908 4114 4277 4237 
6909 4138 4263 4254 
6910 4240 4294 4140 
6911 4202 4250 4205 
6912 4276 4286 4114 
6913 4248 4304 4134 
6914 4165 4216 4168 
6915 4141 4333 4137 
6916 4254 4255 4124 
6917 4274 4370 4246 
6918 4236 4361 4146 
6919 4161 4235 4164 
6920 4257 4258 4256 
6921 4175 4222 4171 
6922 4142 4267 4236 
6923 4298 4322 4132 
6924 4216 4218 4175 
6925 4214 4365 4271 
6926 4320 4347 4177 
6927 4233 4351 4305 
6928 4187 4188 4181 
6929 4123 4370 4274 
6930 4255 4256 4124 
6931 4185 4190 4186 
6932 4299 4323 4275 
6933 4255 4262 4257 
6934 4248 4341 4112 
6935 4301 4335 4133 
6936 4211 4229 4212 
6937 4201 4250 4202 
6938 4123 4274 619 
6939 4252 4313 4270 
6940 668 4252 667 
6941 4146 4148 4147 
6942 4206 4266 4238 
6943 4160 4235 4161 
6944 4241 4242 4227 
6945 620 4331 4123 
6946 4191 4237 4201 
6947 4168 4171 4169 
6948 4298 4358 4322 
6949 4183 4192 4184 
6950 4157 4344 4160 
6951 4171 4173 4172 
6952 4190 4237 4191 
6953 4226 4378 4275 
6954 4188 4241 4227 
6955 4258 4369 4281 
6956 4285 4307 4234 
6957 4173 4176 4174 
6958 4228 4357 4240 
6959 4192 4228 4193 
6960 4206 4238 4208 
6961 4211 4248 4229 
6962 4230 4233 4232 
6963 4202 4205 4204 
6964 4126 4334 4243 
6965 4208 4211 4210 
6966 4213 4372 4170 
6967 4191 4201 4200 
6968 4142 4236 4143 
6969 4266 4328 4290 
6970 4131 4300 4249 
6971 4143 4146 4145 
6972 4237 4277 4201 
6973 4305 4351 4111 
6974 4149 4152 4151 
6975 4153 4156 4155 
6976 4157 4160 4159 
6977 4161 4164 4163 
6978 4228 4240 4239 
6979 4165 4168 4167 
6980 4182 4197 4196 
6981 4138 4279 4263 
6982 4250 4366 4205 
6983 4219 4234 4222 
6984 4224 4330 4287 
6985 4197 4249 4196 
6986 4112 4304 4248 
6987 4257 4369 4258 
6988 4297 4342 4251 
6989 4160 4318 4317 
6990 4297 4335 4301 
6991 4187 4308 4241 
6992 4192 4292 4228 
6993 4148 4311 4149 
6994 4264 4367 621 
6995 4254 4263 4255 
6996 4165 4371 4216 
6997 620 4367 4331 
6998 4226 4275 4225 
6999 4288 4348 4128 
7000 4135 4333 4141 
7001 4138 4254 624 
7002 623 4254 4124 
7003 4267 4308 4236 
7004 4188 4227 4226 
7005 4168 4216 4175 
7006 4311 4352 4149 
7007 4178 4187 4181 
7008 4249 4307 4131 
7009 4242 4253 4227 
7010 625 4138 624 
7011 618 4139 617 
7012 620 4123 619 
7013 623 4124 622 
7014 4185 4186 4179 
7015 4287 4362 4224 
7016 4250 4348 4288 
7017 4190 4276 4237 
7018 4124 4326 622 
7019 4187 4361 4308 
7020 4198 4332 4306 
7021 4223 4234 4219 
7022 4265 4337 4247 
7023 4197 4307 4249 
7024 4302 4307 4285 
7025 4219 4222 4175 
7026 4224 4362 4190 
7027 4216 4373 4218 
7028 4229 4230 4212 
7029 4266 4340 4238 
7030 4187 4241 4188 
7031 4131 4307 4302 
7032 4233 4251 4232 
7033 4205 4206 4204 
7034 4190 4191 4186 
7035 4211 4212 4210 
7036 4258 4260 4259 
7037 4227 4314 4226 
7038 4222 4377 4171 
7039 4201 4202 4200 
7040 4109 4302 4285 
7041 4183 4184 4176 
7042 4148 4149 4147 
7043 4146 4147 4145 
7044 4149 4352 4152 
7045 4249 4332 4196 
7046 4272 4334 4126 
7047 4251 4335 4297 
7048 4152 4153 4151 
7049 4156 4157 4155 
7050 4221 4322 4223 
7051 4160 4161 4159 
7052 4205 4366 4328 
7053 4136 4269 4239 
7054 4164 4165 4163 
7055 4252 4360 4313 
7056 4205 4266 4206 
7057 4168 4169 4167 
7058 4171 4172 4169 
7059 4260 4265 4261 
7060 4171 4377 4173 
7061 4338 4370 4331 
7062 665 4269 664 
7063 4173 4174 4172 
7064 4196 4332 4198 
7065 4192 4193 4184 
7066 4252 4270 667 
7067 4288 4366 4250 
7068 4173 4325 4182 
7069 4228 4239 4193 
7070 4152 4329 4153 
7071 4186 4311 4179 
7072 4235 4356 4164 
7073 4192 4339 4292 
7074 4253 4333 4135 
7075 4230 4351 4233 
7076 4125 4343 4279 
7077 4371 4373 4216 
7078 4184 4310 4176 
7079 4268 4279 4138 
7080 4199 4311 4186 
7081 4251 4342 4220 
7082 4347 4355 4262 
7083 4201 4348 4250 
7084 4146 4361 4178 
7085 4217 4373 4371 
7086 624 4254 623 
7087 4223 4285 4234 
7088 4130 4340 4266 
7089 4277 4348 4201 
7090 618 4274 4139 
7091 4164 4371 4165 
7092 4314 4378 4226 
7093 4194 4310 4184 
7094 4217 4316 4315 
7095 664 4269 4136 
7096 4153 4376 4156 
7097 4258 4259 4256 
7098 4220 4373 4315 
7099 4287 4330 4116 
7100 4372 4383 4284 
7101 627 4137 628 
7102 629 4122 630 
7103 4255 4263 4262 
7104 631 4142 632 
7105 632 4118 633 
7106 634 4125 635 
7107 4275 4323 4116 
7108 4127 4286 4276 
7109 664 4136 663 
7110 666 4121 665 
7111 669 4117 668 
7112 671 4126 670 
7113 4206 4208 4207 
7114 4258 4359 4260 
7115 4275 4330 4225 
7116 4230 4232 4231 
7117 4202 4204 4203 
7118 4179 4311 4148 
7119 619 4274 618 
7120 4246 4247 4245 
7121 4247 4338 4265 
7122 4191 4200 4199 
7123 4208 4210 4209 
7124 636 4349 5 
7125 4244 4245 4215 
7126 4260 4261 4259 
7127 4253 4314 4227 
7128 4280 4369 4257 
7129 4143 4145 4144 
7130 667 4270 666 
7131 4149 4151 4150 
7132 670 4271 669 
7133 4117 4252 668 
7134 672 4272 671 
7135 4153 4155 4154 
7136 4157 4159 4158 
7137 4161 4163 4162 
7138 4165 4167 4166 
7139 4127 4362 4287 
7140 631 4267 4142 
7141 4289 4339 4198 
7142 4174 4310 4189 
7143 4313 4345 4270 
7144 4284 4337 4166 
7145 4166 4337 4283 
7146 4142 4143 4118 
7147 4190 4362 4276 
7148 4260 4336 4265 
7149 4242 4312 4137 
7150 4174 4189 4180 
7151 628 4312 629 
7152 629 4312 4122 
7153 4234 4382 4222 
7154 4220 4315 4251 
7155 4248 4375 4341 
7156 4313 4360 4189 
7157 630 4267 631 
7158 4176 4310 4174 
7159 635 4268 636 
7160 4138 4349 4268 
7161 4116 4330 4275 
7162 4233 4335 4251 
7163 678 4289 679 
7164 707 4287 708 
7165 681 4300 682 
7166 705 4286 706 
7167 679 4306 680 
7168 633 4309 634 
7169 4331 4370 4123 
7170 4329 4376 4153 
7171 4170 4372 4284 
7172 4194 4313 4310 
7173 4218 4380 4221 
7174 4139 4334 4272 
7175 4272 4353 4139 
7176 4269 4319 4239 
7177 4139 4353 617 
7178 709 4323 710 
7179 688 4110 689 
7180 699 4290 700 
7181 701 4288 702 
7182 686 4132 687 
7183 711 4120 712 
7184 676 4291 677 
7185 680 4115 681 
7186 690 4133 691 
7187 697 4293 698 
7188 684 4109 685 
7189 713 4135 714 
7190 674 4294 675 
7191 682 4131 683 
7192 695 4304 696 
7193 692 4111 693 
7194 694 4134 695 
7195 673 4140 674 
7196 696 4112 697 
7197 691 4305 692 
7198 712 4303 713 
7199 675 4129 676 
7200 698 4130 699 
7201 689 4301 690 
7202 710 4299 711 
7203 677 4119 678 
7204 700 4113 701 
7205 687 4295 688 
7206 708 4116 709 
7207 685 4298 686 
7208 702 4128 703 
7209 706 4127 707 
7210 704 4114 705 
7211 683 4302 684 
7212 5 4349 625 
7213 16 4353 672 
7214 4206 4207 4204 
7215 4156 4344 4157 
7216 4215 4372 4213 
7217 4230 4231 4212 
7218 4279 4347 4263 
7219 4202 4203 4200 
7220 632 4142 4118 
7221 4259 4326 4256 
7222 625 4349 4138 
7223 4191 4199 4186 
7224 4247 4383 4245 
7225 4185 4364 4224 
7226 4149 4150 4147 
7227 4308 4361 4236 
7228 4153 4154 4151 
7229 4285 4358 4109 
7230 4157 4158 4155 
7231 4161 4162 4159 
7232 4165 4166 4163 
7233 4169 4170 4167 
7234 634 4309 4125 
7235 4117 4360 4252 
7236 4126 4271 670 
7237 4244 4246 4245 
7238 4114 4346 4277 
7239 4277 4346 4128 
7240 4125 4279 4268 
7241 617 4353 16 
7242 4208 4209 4207 
7243 4174 4180 4172 
7244 663 4321 662 
7245 4315 4373 4217 
7246 4276 4362 4127 
7247 4193 4194 4184 
7248 4379 4381 4322 
7249 666 4270 4121 
7250 4239 4319 4193 
7251 669 4271 4117 
7252 4143 4144 4118 
7253 671 4272 4126 
7254 4121 4269 665 
7255 4245 4372 4215 
7256 4145 4177 4144 
7257 4256 4326 4124 
7258 4205 4328 4266 
7259 4136 4321 663 
7260 4296 4297 4110 
7261 4322 4358 4223 
7262 4204 4278 4203 
7263 4155 4281 4154 
7264 4151 4280 4150 
7265 4159 4282 4158 
7266 4163 4283 4162 
7267 4167 4284 4166 
7268 4200 4327 4199 
7269 4245 4383 4372 
7270 4210 4318 4209 
7271 4232 4316 4231 
7272 4118 4309 633 
7273 4189 4195 4180 
7274 4246 4354 4274 
7275 4310 4313 4189 
7276 4134 4350 4273 
7277 4273 4350 4111 
7278 4182 4325 4197 
7279 4111 4351 4273 
7280 19 4363 673 
7281 662 4363 19 
7282 4289 4306 679 
7283 4251 4315 4232 
7284 4261 4264 4259 
7285 4195 4213 4180 
7286 4170 4284 4167 
7287 4166 4283 4163 
7288 4162 4282 4159 
7289 4158 4281 4155 
7290 4154 4280 4151 
7291 4264 4326 4259 
7292 4115 4300 681 
7293 680 4306 4115 
7294 4119 4289 678 
7295 682 4300 4131 
7296 4127 4287 707 
7297 708 4287 4116 
7298 4114 4286 705 
7299 706 4286 4127 
7300 4145 4320 4177 
7301 4207 4278 4204 
7302 4217 4356 4316 
7303 4330 4364 4225 
7304 4214 4215 4213 
7305 4203 4327 4200 
7306 4243 4244 4215 
7307 4212 4317 4210 
7308 692 4305 4111 
7309 696 4304 4112 
7310 4134 4304 695 
7311 713 4303 4135 
7312 675 4294 4129 
7313 4140 4294 674 
7314 690 4301 4133 
7315 698 4293 4130 
7316 4112 4293 697 
7317 4133 4305 691 
7318 677 4291 4119 
7319 711 4299 4120 
7320 4120 4303 712 
7321 4129 4291 676 
7322 688 4295 4110 
7323 700 4290 4113 
7324 4130 4290 699 
7325 4110 4301 689 
7326 4116 4323 709 
7327 710 4323 4299 
7328 702 4288 4128 
7329 686 4298 4132 
7330 4113 4288 701 
7331 4132 4295 687 
7332 684 4302 4109 
7333 4109 4298 685 
7334 4131 4302 683 
7335 4297 4301 4110 
7336 4260 4359 4282 
7337 4195 4214 4213 
7338 4147 4320 4145 
7339 4214 4243 4215 
7340 4128 4348 4277 
7341 4308 4374 4241 
7342 4292 4357 4228 
7343 4121 4319 4269 
7344 4117 4365 4360 
7345 4137 4312 628 
7346 4172 4324 4169 
7347 4144 4309 4118 
7348 4263 4347 4262 
7349 4193 4319 4194 
7350 4120 4314 4303 
7351 4295 4296 4110 
7352 4290 4328 4113 
7353 4291 4292 4119 
7354 703 4346 704 
7355 4315 4316 4232 
7356 4271 4365 4117 
7357 4231 4317 4212 
7358 4169 4324 4170 
7359 4122 4308 4267 
7360 4317 4318 4210 
7361 4128 4346 703 
7362 704 4346 4114 
7363 4122 4267 630 
7364 4150 4320 4147 
7365 4283 4337 4265 
7366 4125 4268 635 
7367 694 4350 4134 
7368 4111 4350 693 
7369 4173 4377 4325 
7370 4243 4334 4244 
7371 621 4367 620 
7372 693 4350 694 
7373 4265 4338 4261 
7374 4296 4381 4379 
7375 4281 4359 4258 
7376 4180 4324 4172 
7377 4306 4332 4115 
7378 4211 4375 4248 
7379 4122 4374 4308 
7380 4274 4354 4139 
7381 4261 4331 4264 
7382 4194 4345 4313 
7383 4322 4381 4132 
7384 4312 4374 4122 
7385 4296 4342 4297 
7386 4213 4324 4180 
7387 4223 4358 4285 
7388 4221 4379 4322 
7389 4261 4338 4331 
7390 4309 4343 4125 
7391 4278 4329 4203 
7392 4244 4354 4246 
7393 4318 4344 4209 
7394 4241 4374 4242 
7395 4293 4340 4130 
7396 4203 4329 4327 
7397 4112 4341 4293 
7398 4178 4361 4187 
7399 4319 4345 4194 
7400 4283 4336 4162 
7401 4217 4371 4356 
7402 4242 4374 4312 
7403 4265 4336 4283 
7404 4162 4336 4282 
7405 4119 4339 4289 
7406 4199 4352 4311 
7407 4280 4355 4150 
7408 4121 4345 4319 
7409 4247 4370 4338 
7410 4270 4345 4121 
7411 4268 4349 636 
7412 4158 4359 4281 
7413 4177 4343 4144 
7414 4292 4339 4119 
7415 4282 4336 4260 
7416 4154 4369 4280 
7417 4291 4357 4292 
7418 4207 4368 4278 
7419 4246 4370 4247 
7420 4189 4360 4195 
7421 4328 4366 4113 
7422 4282 4359 4158 
7423 4120 4378 4314 
7424 4295 4381 4296 
7425 4344 4368 4209 
7426 4327 4329 4152 
7427 4144 4343 4309 
7428 4195 4365 4214 
7429 4340 4341 4238 
7430 672 4353 4272 
7431 4293 4341 4340 
7432 4334 4354 4244 
7433 4129 4357 4291 
7434 4150 4355 4320 
7435 4327 4352 4199 
7436 4360 4365 4195 
7437 4209 4368 4207 
7438 4109 4358 4298 
7439 4379 4380 4342 
7440 4281 4369 4154 
7441 673 4363 4140 
7442 4356 4371 4164 
7443 4373 4380 4218 
7444 4325 4382 4197 
7445 4316 4356 4235 
7446 4113 4366 4288 
7447 4321 4363 662 
7448 4222 4382 4325 
7449 4342 4380 4220 
7450 4220 4380 4373 
7451 4284 4383 4337 
7452 4299 4378 4120 
7453 4132 4381 4295 
7454 4152 4352 4327 
7455 4331 4367 4264 
7456 4296 4379 4342 
7457 4156 4368 4344 
7458 4139 4354 4334 
7459 4325 4377 4222 
7460 4140 4363 4321 
7461 4224 4364 4330 
7462 4337 4383 4247 
7463 4368 4376 4278 
7464 4156 4376 4368 
7465 4341 4375 4238 
7466 4278 4376 4329 
7467 4221 4380 4379 
2 12 2 626
7468 4504 4523 4409 
7469 4510 4592 4506 
7470 4410 4416 836 
7471 4435 4592 4510 
7472 4415 4596 4515 
7473 609 4601 4539 
7474 4500 4639 4456 
7475 4410 4578 4528 
7476 4515 4632 4404 
7477 4489 4546 4518 
7478 4513 4650 4486 
7479 837 770 21 
7480 836 4416 837 
7481 771 4416 4412 
7482 4404 4569 4515 
7483 4548 4626 4505 
7484 4409 4548 4504 
7485 610 4601 609 
7486 4456 4639 4460 
7487 4512 4551 4389 
7488 4550 4653 4574 
7489 4504 4548 4505 
7490 770 4416 771 
7491 4390 4607 4524 
7492 4537 4555 4532 
7493 4458 4473 4467 
7494 4541 4565 4405 
7495 4506 4591 4510 
7496 4452 4622 4618 
7497 4515 4596 4411 
7498 837 4416 770 
7499 4595 4630 4622 
7500 4435 4619 4593 
7501 4618 4622 4554 
7502 4418 4511 4421 
7503 4412 4608 4528 
7504 4457 4471 4458 
7505 4456 4460 4454 
7506 4582 4657 4509 
7507 4408 4610 4580 
7508 4453 4456 4454 
7509 4483 4513 4486 
7510 4412 4528 4517 
7511 4493 4496 4494 
7512 4496 4498 4494 
7513 4524 4575 4390 
7514 4463 4501 4500 
7515 4473 4614 4467 
7516 4530 4532 4531 
7517 4580 4610 4508 
7518 4453 4454 4423 
7519 4578 4589 4528 
7520 4471 4473 4458 
7521 4537 4630 4555 
7522 4472 4657 4582 
7523 4457 4458 4451 
7524 4445 4599 4488 
7525 4518 4546 4401 
7526 4460 4499 4465 
7527 4463 4500 4456 
7528 4514 4515 4411 
7529 4493 4494 4450 
7530 4473 4581 4564 
7531 4448 4457 4451 
7532 4443 4450 4446 
7533 4421 4453 4423 
7534 4389 4552 4512 
7535 4413 4538 4529 
7536 4515 4569 4415 
7537 4477 4525 4480 
7538 4551 4561 4389 
7539 4523 4579 4409 
7540 4440 4491 4443 
7541 4416 4608 4412 
7542 4529 4530 4399 
7543 4549 4645 4521 
7544 4511 4636 4421 
7545 4436 4510 4439 
7546 4532 4533 4531 
7547 4450 4497 4446 
7548 4417 4542 4511 
7549 4573 4597 4407 
7550 4491 4493 4450 
7551 4489 4640 4546 
7552 4595 4622 4452 
7553 4508 4626 4580 
7554 4462 4463 4456 
7555 4398 4645 4549 
7556 4530 4531 4399 
7557 4460 4465 4461 
7558 4574 4598 4550 
7559 4530 4537 4532 
7560 4523 4616 4387 
7561 4576 4610 4408 
7562 4486 4504 4487 
7563 4476 4525 4477 
7564 4398 4549 607 
7565 4527 4588 4545 
7566 1357 4527 1356 
7567 4421 4423 4422 
7568 4481 4541 4513 
7569 4435 4510 4436 
7570 4516 4517 4502 
7571 608 4606 4398 
7572 4466 4512 4476 
7573 4443 4446 4444 
7574 4573 4633 4597 
7575 4458 4467 4459 
7576 4432 4619 4435 
7577 4446 4448 4447 
7578 4465 4512 4466 
7579 4501 4653 4550 
7580 4463 4516 4502 
7581 4533 4644 4556 
7582 4560 4582 4509 
7583 4448 4451 4449 
7584 4503 4632 4515 
7585 4467 4503 4468 
7586 4481 4513 4483 
7587 4486 4523 4504 
7588 4505 4508 4507 
7589 4477 4480 4479 
7590 4401 4609 4518 
7591 4483 4486 4485 
7592 4488 4647 4445 
7593 4466 4476 4475 
7594 4417 4511 4418 
7595 4541 4603 4565 
7596 4406 4575 4524 
7597 4418 4421 4420 
7598 4512 4552 4476 
7599 4580 4626 4386 
7600 4424 4427 4426 
7601 4428 4431 4430 
7602 4432 4435 4434 
7603 4436 4439 4438 
7604 4503 4515 4514 
7605 4440 4443 4442 
7606 4457 4472 4471 
7607 4413 4554 4538 
7608 4525 4641 4480 
7609 4494 4509 4497 
7610 4499 4605 4562 
7611 4472 4524 4471 
7612 4387 4579 4523 
7613 4532 4644 4533 
7614 4572 4617 4526 
7615 4435 4593 4592 
7616 4572 4610 4576 
7617 4462 4583 4516 
7618 4467 4567 4503 
7619 4423 4586 4424 
7620 4539 4642 609 
7621 4529 4538 4530 
7622 4440 4646 4491 
7623 608 4642 4606 
7624 4501 4550 4500 
7625 4563 4623 4403 
7626 4410 4608 4416 
7627 4413 4529 612 
7628 611 4529 4399 
7629 4542 4583 4511 
7630 4463 4502 4501 
7631 4443 4491 4450 
7632 4586 4627 4424 
7633 4453 4462 4456 
7634 4524 4582 4406 
7635 4517 4528 4502 
7636 606 4414 605 
7637 613 4413 612 
7638 608 4398 607 
7639 611 4399 610 
7640 4460 4461 4454 
7641 4562 4637 4499 
7642 4525 4623 4563 
7643 4465 4551 4512 
7644 4399 4601 610 
7645 4462 4636 4583 
7646 4473 4607 4581 
7647 4498 4509 4494 
7648 4540 4612 4522 
7649 4472 4582 4524 
7650 4577 4582 4560 
7651 4494 4497 4450 
7652 4499 4637 4465 
7653 4491 4648 4493 
7654 4504 4505 4487 
7655 4541 4615 4513 
7656 4462 4516 4463 
7657 4406 4582 4577 
7658 4508 4526 4507 
7659 4480 4481 4479 
7660 4465 4466 4461 
7661 4486 4487 4485 
7662 4533 4535 4534 
7663 4502 4589 4501 
7664 4497 4652 4446 
7665 4476 4477 4475 
7666 4384 4577 4560 
7667 4458 4459 4451 
7668 4423 4424 4422 
7669 4421 4422 4420 
7670 4424 4627 4427 
7671 4524 4607 4471 
7672 4547 4609 4401 
7673 4526 4610 4572 
7674 4427 4428 4426 
7675 4431 4432 4430 
7676 4496 4597 4498 
7677 4435 4436 4434 
7678 4480 4641 4603 
7679 4411 4544 4514 
7680 4439 4440 4438 
7681 4527 4635 4588 
7682 4480 4541 4481 
7683 4443 4444 4442 
7684 4446 4447 4444 
7685 4535 4540 4536 
7686 4446 4652 4448 
7687 4613 4645 4606 
7688 1354 4544 1353 
7689 4448 4449 4447 
7690 4471 4607 4473 
7691 4467 4468 4459 
7692 4527 4545 1356 
7693 4563 4641 4525 
7694 4448 4600 4457 
7695 4503 4514 4468 
7696 4427 4604 4428 
7697 4461 4586 4454 
7698 4510 4631 4439 
7699 4467 4614 4567 
7700 4528 4608 4410 
7701 4505 4626 4508 
7702 4400 4618 4554 
7703 4646 4648 4491 
7704 4459 4585 4451 
7705 4543 4554 4413 
7706 4474 4586 4461 
7707 4526 4617 4495 
7708 4622 4630 4537 
7709 4476 4623 4525 
7710 4421 4636 4453 
7711 4492 4648 4646 
7712 612 4529 611 
7713 4498 4560 4509 
7714 4405 4615 4541 
7715 4552 4623 4476 
7716 606 4549 4414 
7717 4439 4646 4440 
7718 4647 4658 4559 
7719 4589 4653 4501 
7720 4469 4585 4459 
7721 4492 4591 4590 
7722 1353 4544 4411 
7723 4428 4651 4431 
7724 4533 4534 4531 
7725 4495 4648 4590 
7726 4562 4605 4391 
7727 771 4412 772 
7728 773 4397 774 
7729 4530 4538 4537 
7730 775 4417 776 
7731 776 4393 777 
7732 778 4400 779 
7733 4550 4598 4391 
7734 4402 4561 4551 
7735 1353 4411 1352 
7736 1355 4396 1354 
7737 1358 4392 1357 
7738 1360 4401 1359 
7739 4481 4483 4482 
7740 4533 4634 4535 
7741 4550 4605 4500 
7742 4505 4507 4506 
7743 4477 4479 4478 
7744 4454 4586 4423 
7745 607 4549 606 
7746 4521 4522 4520 
7747 4522 4613 4540 
7748 4466 4475 4474 
7749 4483 4485 4484 
7750 780 4624 15 
7751 4519 4520 4490 
7752 4535 4536 4534 
7753 4528 4589 4502 
7754 4555 4644 4532 
7755 4418 4420 4419 
7756 1356 4545 1355 
7757 4424 4426 4425 
7758 1359 4546 1358 
7759 4392 4527 1357 
7760 1361 4547 1360 
7761 4428 4430 4429 
7762 4432 4434 4433 
7763 4436 4438 4437 
7764 4440 4442 4441 
7765 4402 4637 4562 
7766 775 4542 4417 
7767 4564 4614 4473 
7768 4449 4585 4464 
7769 4588 4620 4545 
7770 4559 4612 4441 
7771 4441 4612 4558 
7772 4417 4418 4393 
7773 4465 4637 4551 
7774 4535 4611 4540 
7775 4517 4587 4412 
7776 4449 4464 4455 
7777 772 4587 773 
7778 773 4587 4397 
7779 4509 4657 4497 
7780 4495 4590 4526 
7781 4523 4650 4616 
7782 4588 4635 4464 
7783 774 4542 775 
7784 4451 4585 4449 
7785 779 4543 780 
7786 4413 4624 4543 
7787 4391 4605 4550 
7788 4508 4610 4526 
7789 800 4564 801 
7790 829 4562 830 
7791 803 4575 804 
7792 827 4561 828 
7793 801 4581 802 
7794 777 4584 778 
7795 4606 4645 4398 
7796 4604 4651 4428 
7797 4445 4647 4559 
7798 4469 4588 4585 
7799 4493 4655 4496 
7800 4414 4609 4547 
7801 4547 4628 4414 
7802 4544 4594 4514 
7803 4414 4628 605 
7804 831 4598 832 
7805 810 4385 811 
7806 821 4565 822 
7807 808 4407 809 
7808 823 4563 824 
7809 833 4395 834 
7810 798 4566 799 
7811 802 4390 803 
7812 812 4408 813 
7813 819 4568 820 
7814 806 4384 807 
7815 835 4410 836 
7816 796 4569 797 
7817 804 4406 805 
7818 814 4386 815 
7819 817 4579 818 
7820 816 4409 817 
7821 795 4415 796 
7822 813 4580 814 
7823 818 4387 819 
7824 834 4578 835 
7825 797 4404 798 
7826 811 4576 812 
7827 820 4405 821 
7828 832 4574 833 
7829 799 4394 800 
7830 809 4570 810 
7831 822 4388 823 
7832 830 4391 831 
7833 807 4573 808 
7834 824 4403 825 
7835 828 4402 829 
7836 826 4389 827 
7837 805 4577 806 
7838 15 4624 613 
7839 4522 4658 4520 
7840 14 4628 1361 
7841 4481 4482 4479 
7842 4431 4619 4432 
7843 4490 4647 4488 
7844 4505 4506 4487 
7845 4554 4622 4538 
7846 4477 4478 4475 
7847 776 4417 4393 
7848 4534 4601 4531 
7849 613 4624 4413 
7850 4466 4474 4461 
7851 4460 4639 4499 
7852 4424 4425 4422 
7853 4583 4636 4511 
7854 4520 4658 4647 
7855 4428 4429 4426 
7856 4560 4633 4384 
7857 4432 4433 4430 
7858 4436 4437 4434 
7859 4440 4441 4438 
7860 4444 4445 4442 
7861 778 4584 4400 
7862 4392 4635 4527 
7863 4401 4546 1359 
7864 4519 4521 4520 
7865 4389 4621 4552 
7866 4552 4621 4403 
7867 4400 4554 4543 
7868 605 4628 14 
7869 4483 4484 4482 
7870 4449 4455 4447 
7871 1352 4596 1351 
7872 4590 4648 4492 
7873 4551 4637 4402 
7874 4468 4469 4459 
7875 4654 4656 4597 
7876 1355 4545 4396 
7877 4514 4594 4468 
7878 1358 4546 4392 
7879 4418 4419 4393 
7880 1360 4547 4401 
7881 4396 4544 1354 
7882 4520 4647 4490 
7883 4420 4452 4419 
7884 4531 4601 4399 
7885 4480 4603 4541 
7886 4411 4596 1352 
7887 4571 4572 4385 
7888 4597 4633 4498 
7889 4479 4553 4478 
7890 4430 4556 4429 
7891 4426 4555 4425 
7892 4434 4557 4433 
7893 4438 4558 4437 
7894 4442 4559 4441 
7895 4475 4602 4474 
7896 4485 4593 4484 
7897 4507 4591 4506 
7898 4393 4584 777 
7899 4464 4470 4455 
7900 4521 4629 4549 
7901 4585 4588 4464 
7902 4409 4625 4548 
7903 4548 4625 4386 
7904 4457 4600 4472 
7905 4386 4626 4548 
7906 22 4638 795 
7907 1351 4638 22 
7908 4564 4581 801 
7909 4526 4590 4507 
7910 4536 4539 4534 
7911 4470 4488 4455 
7912 4445 4559 4442 
7913 4441 4558 4438 
7914 4437 4557 4434 
7915 4433 4556 4430 
7916 4429 4555 4426 
7917 4539 4601 4534 
7918 4390 4575 803 
7919 802 4581 4390 
7920 4394 4564 800 
7921 804 4575 4406 
7922 4402 4562 829 
7923 830 4562 4391 
7924 4389 4561 827 
7925 828 4561 4402 
7926 4420 4595 4452 
7927 4482 4553 4479 
7928 4492 4631 4591 
7929 4605 4639 4500 
7930 4489 4490 4488 
7931 4478 4602 4475 
7932 4518 4519 4490 
7933 4487 4592 4485 
7934 814 4580 4386 
7935 818 4579 4387 
7936 4409 4579 817 
7937 835 4578 4410 
7938 797 4569 4404 
7939 4415 4569 796 
7940 820 4568 4405 
7941 812 4576 4408 
7942 4408 4580 813 
7943 4387 4568 819 
7944 833 4574 4395 
7945 799 4566 4394 
7946 4395 4578 834 
7947 4404 4566 798 
7948 810 4570 4385 
7949 822 4565 4388 
7950 4385 4576 811 
7951 4405 4565 821 
7952 4391 4598 831 
7953 832 4598 4574 
7954 808 4573 4407 
7955 824 4563 4403 
7956 4388 4563 823 
7957 4407 4570 809 
7958 806 4577 4384 
7959 4384 4573 807 
7960 4406 4577 805 
7961 4572 4576 4385 
7962 4535 4634 4557 
7963 4470 4489 4488 
7964 4422 4595 4420 
7965 4489 4518 4490 
7966 4403 4623 4552 
7967 4583 4649 4516 
7968 4567 4632 4503 
7969 4396 4594 4544 
7970 4392 4640 4635 
7971 4412 4587 772 
7972 4447 4599 4444 
7973 4419 4584 4393 
7974 4538 4622 4537 
7975 4468 4594 4469 
7976 4395 4589 4578 
7977 4565 4603 4388 
7978 4570 4571 4385 
7979 4566 4567 4394 
7980 825 4621 826 
7981 4590 4591 4507 
7982 4546 4640 4392 
7983 4506 4592 4487 
7984 4444 4599 4445 
7985 4397 4583 4542 
7986 4592 4593 4485 
7987 4403 4621 825 
7988 826 4621 4389 
7989 4397 4542 774 
7990 4425 4595 4422 
7991 4558 4612 4540 
7992 4400 4543 779 
7993 816 4625 4409 
7994 4386 4625 815 
7995 4448 4652 4600 
7996 4518 4609 4519 
7997 609 4642 608 
7998 815 4625 816 
7999 4540 4613 4536 
8000 4571 4656 4654 
8001 4556 4634 4533 
8002 4455 4599 4447 
8003 4581 4607 4390 
8004 4486 4650 4523 
8005 4397 4649 4583 
8006 4549 4629 4414 
8007 4536 4606 4539 
8008 4469 4620 4588 
8009 4597 4656 4407 
8010 4587 4649 4397 
8011 4571 4617 4572 
8012 4488 4599 4455 
8013 4498 4633 4560 
8014 4496 4654 4597 
8015 4536 4613 4606 
8016 4584 4618 4400 
8017 4553 4604 4478 
8018 4519 4629 4521 
8019 4593 4619 4484 
8020 4516 4649 4517 
8021 4568 4615 4405 
8022 4478 4604 4602 
8023 4387 4616 4568 
8024 4453 4636 4462 
8025 4594 4620 4469 
8026 4558 4611 4437 
8027 4492 4646 4631 
8028 4517 4649 4587 
8029 4540 4611 4558 
8030 4437 4611 4557 
8031 4394 4614 4564 
8032 4474 4627 4586 
8033 4555 4630 4425 
8034 4396 4620 4594 
8035 4522 4645 4613 
8036 4545 4620 4396 
8037 4543 4624 780 
8038 4433 4634 4556 
8039 4452 4618 4419 
8040 4567 4614 4394 
8041 4557 4611 4535 
8042 4429 4644 4555 
8043 4566 4632 4567 
8044 4482 4643 4553 
8045 4521 4645 4522 
8046 4464 4635 4470 
8047 4603 4641 4388 
8048 4557 4634 4433 
8049 4395 4653 4589 
8050 4570 4656 4571 
8051 4619 4643 4484 
8052 4602 4604 4427 
8053 4419 4618 4584 
8054 4470 4640 4489 
8055 4615 4616 4513 
8056 1361 4628 4547 
8057 4568 4616 4615 
8058 4609 4629 4519 
8059 4404 4632 4566 
8060 4425 4630 4595 
8061 4602 4627 4474 
8062 4635 4640 4470 
8063 4484 4643 4482 
8064 4384 4633 4573 
8065 4654 4655 4617 
8066 4556 4644 4429 
8067 795 4638 4415 
8068 4631 4646 4439 
8069 4648 4655 4493 
8070 4600 4657 4472 
8071 4591 4631 4510 
8072 4388 4641 4563 
8073 4596 4638 1351 
8074 4497 4657 4600 
8075 4617 4655 4495 
8076 4559 4658 4612 
8077 4495 4655 4648 
8078 4574 4653 4395 
8079 4407 4656 4570 
8080 4427 4627 4602 
8081 4606 4642 4539 
8082 4571 4654 4617 
8083 4431 4643 4619 
8084 4414 4629 4609 
8085 4600 4652 4497 
8086 4415 4638 4596 
8087 4499 4639 4605 
8088 4612 4658 4522 
8089 4643 4651 4553 
8090 4431 4651 4643 
8091 4616 4650 4513 
8092 4553 4651 4604 
8093 4496 4655 4654 
2 13 2 626
8094 4779 4798 4684 
8095 4785 4867 4781 
8096 4685 4691 893 
8097 4710 4867 4785 
8098 4690 4871 4790 
8099 597 4876 4814 
8100 4775 4914 4731 
8101 4685 4853 4803 
8102 4790 4907 4679 
8103 4764 4821 4793 
8104 4788 4925 4761 
8105 894 1373 23 
8106 893 4691 894 
8107 1374 4691 4687 
8108 4679 4844 4790 
8109 4823 4901 4780 
8110 4684 4823 4779 
8111 598 4876 597 
8112 4731 4914 4735 
8113 4787 4826 4664 
8114 4825 4928 4849 
8115 4779 4823 4780 
8116 1373 4691 1374 
8117 4665 4882 4799 
8118 4812 4830 4807 
8119 4733 4748 4742 
8120 4816 4840 4680 
8121 4781 4866 4785 
8122 4727 4897 4893 
8123 4790 4871 4686 
8124 894 4691 1373 
8125 4870 4905 4897 
8126 4710 4894 4868 
8127 4893 4897 4829 
8128 4693 4786 4696 
8129 4687 4883 4803 
8130 4732 4746 4733 
8131 4731 4735 4729 
8132 4857 4932 4784 
8133 4683 4885 4855 
8134 4728 4731 4729 
8135 4758 4788 4761 
8136 4687 4803 4792 
8137 4768 4771 4769 
8138 4771 4773 4769 
8139 4799 4850 4665 
8140 4738 4776 4775 
8141 4748 4889 4742 
8142 4805 4807 4806 
8143 4855 4885 4783 
8144 4728 4729 4698 
8145 4853 4864 4803 
8146 4746 4748 4733 
8147 4812 4905 4830 
8148 4747 4932 4857 
8149 4732 4733 4726 
8150 4720 4874 4763 
8151 4793 4821 4676 
8152 4735 4774 4740 
8153 4738 4775 4731 
8154 4789 4790 4686 
8155 4768 4769 4725 
8156 4748 4856 4839 
8157 4723 4732 4726 
8158 4718 4725 4721 
8159 4696 4728 4698 
8160 4664 4827 4787 
8161 4688 4813 4804 
8162 4790 4844 4690 
8163 4752 4800 4755 
8164 4826 4836 4664 
8165 4798 4854 4684 
8166 4715 4766 4718 
8167 4691 4883 4687 
8168 4804 4805 4674 
8169 4824 4920 4796 
8170 4786 4911 4696 
8171 4711 4785 4714 
8172 4807 4808 4806 
8173 4725 4772 4721 
8174 4692 4817 4786 
8175 4848 4872 4682 
8176 4766 4768 4725 
8177 4764 4915 4821 
8178 4870 4897 4727 
8179 4783 4901 4855 
8180 4737 4738 4731 
8181 4673 4920 4824 
8182 4805 4806 4674 
8183 4735 4740 4736 
8184 4849 4873 4825 
8185 4805 4812 4807 
8186 4798 4891 4662 
8187 4851 4885 4683 
8188 4761 4779 4762 
8189 4751 4800 4752 
8190 4673 4824 595 
8191 4802 4863 4820 
8192 1401 4802 1400 
8193 4696 4698 4697 
8194 4756 4816 4788 
8195 4710 4785 4711 
8196 4791 4792 4777 
8197 596 4881 4673 
8198 4741 4787 4751 
8199 4718 4721 4719 
8200 4848 4908 4872 
8201 4733 4742 4734 
8202 4707 4894 4710 
8203 4721 4723 4722 
8204 4740 4787 4741 
8205 4776 4928 4825 
8206 4738 4791 4777 
8207 4808 4919 4831 
8208 4835 4857 4784 
8209 4723 4726 4724 
8210 4778 4907 4790 
8211 4742 4778 4743 
8212 4756 4788 4758 
8213 4761 4798 4779 
8214 4780 4783 4782 
8215 4752 4755 4754 
8216 4676 4884 4793 
8217 4758 4761 4760 
8218 4763 4922 4720 
8219 4741 4751 4750 
8220 4692 4786 4693 
8221 4816 4878 4840 
8222 4681 4850 4799 
8223 4693 4696 4695 
8224 4787 4827 4751 
8225 4855 4901 4661 
8226 4699 4702 4701 
8227 4703 4706 4705 
8228 4707 4710 4709 
8229 4711 4714 4713 
8230 4778 4790 4789 
8231 4715 4718 4717 
8232 4732 4747 4746 
8233 4688 4829 4813 
8234 4800 4916 4755 
8235 4769 4784 4772 
8236 4774 4880 4837 
8237 4747 4799 4746 
8238 4662 4854 4798 
8239 4807 4919 4808 
8240 4847 4892 4801 
8241 4710 4868 4867 
8242 4847 4885 4851 
8243 4737 4858 4791 
8244 4742 4842 4778 
8245 4698 4861 4699 
8246 4814 4917 597 
8247 4804 4813 4805 
8248 4715 4921 4766 
8249 596 4917 4881 
8250 4776 4825 4775 
8251 4838 4898 4678 
8252 4685 4883 4691 
8253 4688 4804 600 
8254 599 4804 4674 
8255 4817 4858 4786 
8256 4738 4777 4776 
8257 4718 4766 4725 
8258 4861 4902 4699 
8259 4728 4737 4731 
8260 4799 4857 4681 
8261 4792 4803 4777 
8262 594 4689 593 
8263 601 4688 600 
8264 596 4673 595 
8265 599 4674 598 
8266 4735 4736 4729 
8267 4837 4912 4774 
8268 4800 4898 4838 
8269 4740 4826 4787 
8270 4674 4876 598 
8271 4737 4911 4858 
8272 4748 4882 4856 
8273 4773 4784 4769 
8274 4815 4887 4797 
8275 4747 4857 4799 
8276 4852 4857 4835 
8277 4769 4772 4725 
8278 4774 4912 4740 
8279 4766 4923 4768 
8280 4779 4780 4762 
8281 4816 4890 4788 
8282 4737 4791 4738 
8283 4681 4857 4852 
8284 4783 4801 4782 
8285 4755 4756 4754 
8286 4740 4741 4736 
8287 4761 4762 4760 
8288 4808 4810 4809 
8289 4777 4864 4776 
8290 4772 4927 4721 
8291 4751 4752 4750 
8292 4659 4852 4835 
8293 4733 4734 4726 
8294 4698 4699 4697 
8295 4696 4697 4695 
8296 4699 4902 4702 
8297 4799 4882 4746 
8298 4822 4884 4676 
8299 4801 4885 4847 
8300 4702 4703 4701 
8301 4706 4707 4705 
8302 4771 4872 4773 
8303 4710 4711 4709 
8304 4755 4916 4878 
8305 4686 4819 4789 
8306 4714 4715 4713 
8307 4802 4910 4863 
8308 4755 4816 4756 
8309 4718 4719 4717 
8310 4721 4722 4719 
8311 4810 4815 4811 
8312 4721 4927 4723 
8313 4888 4920 4881 
8314 1398 4819 1397 
8315 4723 4724 4722 
8316 4746 4882 4748 
8317 4742 4743 4734 
8318 4802 4820 1400 
8319 4838 4916 4800 
8320 4723 4875 4732 
8321 4778 4789 4743 
8322 4702 4879 4703 
8323 4736 4861 4729 
8324 4785 4906 4714 
8325 4742 4889 4842 
8326 4803 4883 4685 
8327 4780 4901 4783 
8328 4675 4893 4829 
8329 4921 4923 4766 
8330 4734 4860 4726 
8331 4818 4829 4688 
8332 4749 4861 4736 
8333 4801 4892 4770 
8334 4897 4905 4812 
8335 4751 4898 4800 
8336 4696 4911 4728 
8337 4767 4923 4921 
8338 600 4804 599 
8339 4773 4835 4784 
8340 4680 4890 4816 
8341 4827 4898 4751 
8342 594 4824 4689 
8343 4714 4921 4715 
8344 4864 4928 4776 
8345 4744 4860 4734 
8346 4767 4866 4865 
8347 1397 4819 4686 
8348 4703 4926 4706 
8349 4808 4809 4806 
8350 4770 4923 4865 
8351 4837 4880 4666 
8352 4922 4933 4834 
8353 1374 4687 1375 
8354 1376 4672 1377 
8355 4805 4813 4812 
8356 1378 4692 1379 
8357 1379 4668 1380 
8358 1381 4675 1382 
8359 4825 4873 4666 
8360 4677 4836 4826 
8361 1397 4686 1396 
8362 1399 4671 1398 
8363 1402 4667 1401 
8364 1404 4676 1403 
8365 4756 4758 4757 
8366 4808 4909 4810 
8367 4825 4880 4775 
8368 4780 4782 4781 
8369 4752 4754 4753 
8370 4729 4861 4698 
8371 595 4824 594 
8372 4796 4797 4795 
8373 4797 4888 4815 
8374 4741 4750 4749 
8375 4758 4760 4759 
8376 1383 4899 13 
8377 4794 4795 4765 
8378 4810 4811 4809 
8379 4803 4864 4777 
8380 4830 4919 4807 
8381 4693 4695 4694 
8382 1400 4820 1399 
8383 4699 4701 4700 
8384 1403 4821 1402 
8385 4667 4802 1401 
8386 1405 4822 1404 
8387 4703 4705 4704 
8388 4707 4709 4708 
8389 4711 4713 4712 
8390 4715 4717 4716 
8391 4677 4912 4837 
8392 1378 4817 4692 
8393 4839 4889 4748 
8394 4724 4860 4739 
8395 4863 4895 4820 
8396 4834 4887 4716 
8397 4716 4887 4833 
8398 4692 4693 4668 
8399 4740 4912 4826 
8400 4810 4886 4815 
8401 4792 4862 4687 
8402 4724 4739 4730 
8403 1375 4862 1376 
8404 1376 4862 4672 
8405 4784 4932 4772 
8406 4770 4865 4801 
8407 4798 4925 4891 
8408 4863 4910 4739 
8409 1377 4817 1378 
8410 4726 4860 4724 
8411 1382 4818 1383 
8412 4688 4899 4818 
8413 4666 4880 4825 
8414 4783 4885 4801 
8415 857 4839 858 
8416 886 4837 887 
8417 860 4850 861 
8418 884 4836 885 
8419 858 4856 859 
8420 1380 4859 1381 
8421 4881 4920 4673 
8422 4879 4926 4703 
8423 4720 4922 4834 
8424 4744 4863 4860 
8425 4768 4930 4771 
8426 4689 4884 4822 
8427 4822 4903 4689 
8428 4819 4869 4789 
8429 4689 4903 593 
8430 888 4873 889 
8431 867 4660 868 
8432 878 4840 879 
8433 880 4838 881 
8434 865 4682 866 
8435 890 4670 891 
8436 855 4841 856 
8437 859 4665 860 
8438 869 4683 870 
8439 876 4843 877 
8440 863 4659 864 
8441 892 4685 893 
8442 853 4844 854 
8443 861 4681 862 
8444 871 4661 872 
8445 874 4854 875 
8446 873 4684 874 
8447 852 4690 853 
8448 870 4855 871 
8449 875 4662 876 
8450 891 4853 892 
8451 854 4679 855 
8452 877 4680 878 
8453 868 4851 869 
8454 856 4669 857 
8455 889 4849 890 
8456 866 4845 867 
8457 879 4663 880 
8458 887 4666 888 
8459 881 4678 882 
8460 864 4848 865 
8461 885 4677 886 
8462 883 4664 884 
8463 862 4852 863 
8464 13 4899 601 
8465 12 4903 1405 
8466 4756 4757 4754 
8467 4706 4894 4707 
8468 4765 4922 4763 
8469 4780 4781 4762 
8470 4829 4897 4813 
8471 4752 4753 4750 
8472 1379 4692 4668 
8473 4809 4876 4806 
8474 601 4899 4688 
8475 4741 4749 4736 
8476 4797 4933 4795 
8477 4735 4914 4774 
8478 4699 4700 4697 
8479 4858 4911 4786 
8480 4703 4704 4701 
8481 4835 4908 4659 
8482 4707 4708 4705 
8483 4711 4712 4709 
8484 4715 4716 4713 
8485 4719 4720 4717 
8486 1381 4859 4675 
8487 4667 4910 4802 
8488 4676 4821 1403 
8489 4794 4796 4795 
8490 4664 4896 4827 
8491 4827 4896 4678 
8492 4675 4829 4818 
8493 593 4903 12 
8494 4758 4759 4757 
8495 4724 4730 4722 
8496 1396 4871 1395 
8497 4865 4923 4767 
8498 4826 4912 4677 
8499 4743 4744 4734 
8500 4929 4931 4872 
8501 1399 4820 4671 
8502 4789 4869 4743 
8503 1402 4821 4667 
8504 4693 4694 4668 
8505 1404 4822 4676 
8506 4671 4819 1398 
8507 4795 4922 4765 
8508 4695 4727 4694 
8509 4806 4876 4674 
8510 4755 4878 4816 
8511 4686 4871 1396 
8512 4846 4847 4660 
8513 4872 4908 4773 
8514 4754 4828 4753 
8515 4705 4831 4704 
8516 4701 4830 4700 
8517 4709 4832 4708 
8518 4713 4833 4712 
8519 4717 4834 4716 
8520 4750 4877 4749 
8521 4795 4933 4922 
8522 4760 4868 4759 
8523 4782 4866 4781 
8524 4668 4859 1380 
8525 4739 4745 4730 
8526 4796 4904 4824 
8527 4860 4863 4739 
8528 4684 4900 4823 
8529 4823 4900 4661 
8530 4732 4875 4747 
8531 4661 4901 4823 
8532 24 4913 852 
8533 1395 4913 24 
8534 4839 4856 858 
8535 4801 4865 4782 
8536 4811 4814 4809 
8537 4745 4763 4730 
8538 4720 4834 4717 
8539 4716 4833 4713 
8540 4712 4832 4709 
8541 4708 4831 4705 
8542 4704 4830 4701 
8543 4814 4876 4809 
8544 4665 4850 860 
8545 859 4856 4665 
8546 4669 4839 857 
8547 861 4850 4681 
8548 4677 4837 886 
8549 887 4837 4666 
8550 4664 4836 884 
8551 885 4836 4677 
8552 4695 4870 4727 
8553 4757 4828 4754 
8554 4767 4906 4866 
8555 4880 4914 4775 
8556 4764 4765 4763 
8557 4753 4877 4750 
8558 4793 4794 4765 
8559 4762 4867 4760 
8560 871 4855 4661 
8561 875 4854 4662 
8562 4684 4854 874 
8563 854 4844 4679 
8564 892 4853 4685 
8565 4690 4844 853 
8566 869 4851 4683 
8567 877 4843 4680 
8568 4662 4843 876 
8569 4683 4855 870 
8570 856 4841 4669 
8571 890 4849 4670 
8572 4670 4853 891 
8573 4679 4841 855 
8574 867 4845 4660 
8575 879 4840 4663 
8576 4680 4840 878 
8577 4660 4851 868 
8578 4666 4873 888 
8579 889 4873 4849 
8580 881 4838 4678 
8581 865 4848 4682 
8582 4663 4838 880 
8583 4682 4845 866 
8584 863 4852 4659 
8585 4659 4848 864 
8586 4681 4852 862 
8587 4847 4851 4660 
8588 4810 4909 4832 
8589 4745 4764 4763 
8590 4697 4870 4695 
8591 4764 4793 4765 
8592 4678 4898 4827 
8593 4858 4924 4791 
8594 4842 4907 4778 
8595 4671 4869 4819 
8596 4667 4915 4910 
8597 4687 4862 1375 
8598 4722 4874 4719 
8599 4694 4859 4668 
8600 4813 4897 4812 
8601 4743 4869 4744 
8602 4670 4864 4853 
8603 4845 4846 4660 
8604 4840 4878 4663 
8605 4841 4842 4669 
8606 882 4896 883 
8607 4865 4866 4782 
8608 4821 4915 4667 
8609 4781 4867 4762 
8610 4719 4874 4720 
8611 4672 4858 4817 
8612 4867 4868 4760 
8613 4678 4896 882 
8614 883 4896 4664 
8615 4672 4817 1377 
8616 4700 4870 4697 
8617 4833 4887 4815 
8618 4675 4818 1382 
8619 873 4900 4684 
8620 4661 4900 872 
8621 4723 4927 4875 
8622 4793 4884 4794 
8623 597 4917 596 
8624 872 4900 873 
8625 4815 4888 4811 
8626 4846 4931 4929 
8627 4831 4909 4808 
8628 4730 4874 4722 
8629 4856 4882 4665 
8630 4761 4925 4798 
8631 4672 4924 4858 
8632 4824 4904 4689 
8633 4811 4881 4814 
8634 4744 4895 4863 
8635 4872 4931 4682 
8636 4862 4924 4672 
8637 4846 4892 4847 
8638 4763 4874 4730 
8639 4773 4908 4835 
8640 4771 4929 4872 
8641 4811 4888 4881 
8642 4859 4893 4675 
8643 4828 4879 4753 
8644 4794 4904 4796 
8645 4868 4894 4759 
8646 4791 4924 4792 
8647 4843 4890 4680 
8648 4753 4879 4877 
8649 4662 4891 4843 
8650 4728 4911 4737 
8651 4869 4895 4744 
8652 4833 4886 4712 
8653 4767 4921 4906 
8654 4792 4924 4862 
8655 4815 4886 4833 
8656 4712 4886 4832 
8657 4669 4889 4839 
8658 4749 4902 4861 
8659 4830 4905 4700 
8660 4671 4895 4869 
8661 4797 4920 4888 
8662 4820 4895 4671 
8663 4818 4899 1383 
8664 4708 4909 4831 
8665 4727 4893 4694 
8666 4842 4889 4669 
8667 4832 4886 4810 
8668 4704 4919 4830 
8669 4841 4907 4842 
8670 4757 4918 4828 
8671 4796 4920 4797 
8672 4739 4910 4745 
8673 4878 4916 4663 
8674 4832 4909 4708 
8675 4670 4928 4864 
8676 4845 4931 4846 
8677 4894 4918 4759 
8678 4877 4879 4702 
8679 4694 4893 4859 
8680 4745 4915 4764 
8681 4890 4891 4788 
8682 1405 4903 4822 
8683 4843 4891 4890 
8684 4884 4904 4794 
8685 4679 4907 4841 
8686 4700 4905 4870 
8687 4877 4902 4749 
8688 4910 4915 4745 
8689 4759 4918 4757 
8690 4659 4908 4848 
8691 4929 4930 4892 
8692 4831 4919 4704 
8693 852 4913 4690 
8694 4906 4921 4714 
8695 4923 4930 4768 
8696 4875 4932 4747 
8697 4866 4906 4785 
8698 4663 4916 4838 
8699 4871 4913 1395 
8700 4772 4932 4875 
8701 4892 4930 4770 
8702 4770 4930 4923 
8703 4834 4933 4887 
8704 4849 4928 4670 
8705 4682 4931 4845 
8706 4702 4902 4877 
8707 4881 4917 4814 
8708 4846 4929 4892 
8709 4706 4918 4894 
8710 4689 4904 4884 
8711 4875 4927 4772 
8712 4690 4913 4871 
8713 4774 4914 4880 
8714 4887 4933 4797 
8715 4918 4926 4828 
8716 4706 4926 4918 
8717 4891 4925 4788 
8718 4828 4926 4879 
8719 4771 4930 4929 
2 14 2 626
8720 5054 5073 4959 
8721 5060 5142 5056 
8722 4960 4966 950 
8723 4985 5142 5060 
8724 4965 5146 5065 
8725 585 5151 5089 
8726 5050 5189 5006 
8727 4960 5128 5078 
8728 5065 5182 4954 
8729 5039 5096 5068 
8730 5063 5200 5036 
8731 1406 25 951 
8732 950 4966 951 
8733 1407 4966 4962 
8734 4954 5119 5065 
8735 5098 5176 5055 
8736 4959 5098 5054 
8737 586 5151 585 
8738 5006 5189 5010 
8739 5062 5101 4939 
8740 5100 5203 5124 
8741 5054 5098 5055 
8742 1406 4966 1407 
8743 4940 5157 5074 
8744 5087 5105 5082 
8745 5008 5023 5017 
8746 5091 5115 4955 
8747 5056 5141 5060 
8748 5002 5172 5168 
8749 5065 5146 4961 
8750 951 4966 1406 
8751 5145 5180 5172 
8752 4985 5169 5143 
8753 5168 5172 5104 
8754 4968 5061 4971 
8755 4962 5158 5078 
8756 5007 5021 5008 
8757 5006 5010 5004 
8758 5132 5207 5059 
8759 4958 5160 5130 
8760 5003 5006 5004 
8761 5033 5063 5036 
8762 4962 5078 5067 
8763 5043 5046 5044 
8764 5046 5048 5044 
8765 5074 5125 4940 
8766 5013 5051 5050 
8767 5023 5164 5017 
8768 5080 5082 5081 
8769 5130 5160 5058 
8770 5003 5004 4973 
8771 5128 5139 5078 
8772 5021 5023 5008 
8773 5087 5180 5105 
8774 5022 5207 5132 
8775 5007 5008 5001 
8776 4995 5149 5038 
8777 5068 5096 4951 
8778 5010 5049 5015 
8779 5013 5050 5006 
8780 5064 5065 4961 
8781 5043 5044 5000 
8782 5023 5131 5114 
8783 4998 5007 5001 
8784 4993 5000 4996 
8785 4971 5003 4973 
8786 4939 5102 5062 
8787 4963 5088 5079 
8788 5065 5119 4965 
8789 5027 5075 5030 
8790 5101 5111 4939 
8791 5073 5129 4959 
8792 4990 5041 4993 
8793 4966 5158 4962 
8794 5079 5080 4949 
8795 5099 5195 5071 
8796 5061 5186 4971 
8797 4986 5060 4989 
8798 5082 5083 5081 
8799 5000 5047 4996 
8800 4967 5092 5061 
8801 5123 5147 4957 
8802 5041 5043 5000 
8803 5039 5190 5096 
8804 5145 5172 5002 
8805 5058 5176 5130 
8806 5012 5013 5006 
8807 4948 5195 5099 
8808 5080 5081 4949 
8809 5010 5015 5011 
8810 5124 5148 5100 
8811 5080 5087 5082 
8812 5073 5166 4937 
8813 5126 5160 4958 
8814 5036 5054 5037 
8815 5026 5075 5027 
8816 4948 5099 583 
8817 5077 5138 5095 
8818 1390 5077 1389 
8819 4971 4973 4972 
8820 5031 5091 5063 
8821 4985 5060 4986 
8822 5066 5067 5052 
8823 584 5156 4948 
8824 5016 5062 5026 
8825 4993 4996 4994 
8826 5123 5183 5147 
8827 5008 5017 5009 
8828 4982 5169 4985 
8829 4996 4998 4997 
8830 5015 5062 5016 
8831 5051 5203 5100 
8832 5013 5066 5052 
8833 5083 5194 5106 
8834 5110 5132 5059 
8835 4998 5001 4999 
8836 5053 5182 5065 
8837 5017 5053 5018 
8838 5031 5063 5033 
8839 5036 5073 5054 
8840 5055 5058 5057 
8841 5027 5030 5029 
8842 4951 5159 5068 
8843 5033 5036 5035 
8844 5038 5197 4995 
8845 5016 5026 5025 
8846 4967 5061 4968 
8847 5091 5153 5115 
8848 4956 5125 5074 
8849 4968 4971 4970 
8850 5062 5102 5026 
8851 5130 5176 4936 
8852 4974 4977 4976 
8853 4978 4981 4980 
8854 4982 4985 4984 
8855 4986 4989 4988 
8856 5053 5065 5064 
8857 4990 4993 4992 
8858 5007 5022 5021 
8859 4963 5104 5088 
8860 5075 5191 5030 
8861 5044 5059 5047 
8862 5049 5155 5112 
8863 5022 5074 5021 
8864 4937 5129 5073 
8865 5082 5194 5083 
8866 5122 5167 5076 
8867 4985 5143 5142 
8868 5122 5160 5126 
8869 5012 5133 5066 
8870 5017 5117 5053 
8871 4973 5136 4974 
8872 5089 5192 585 
8873 5079 5088 5080 
8874 4990 5196 5041 
8875 584 5192 5156 
8876 5051 5100 5050 
8877 5113 5173 4953 
8878 4960 5158 4966 
8879 4963 5079 588 
8880 587 5079 4949 
8881 5092 5133 5061 
8882 5013 5052 5051 
8883 4993 5041 5000 
8884 5136 5177 4974 
8885 5003 5012 5006 
8886 5074 5132 4956 
8887 5067 5078 5052 
8888 582 4964 581 
8889 589 4963 588 
8890 584 4948 583 
8891 587 4949 586 
8892 5010 5011 5004 
8893 5112 5187 5049 
8894 5075 5173 5113 
8895 5015 5101 5062 
8896 4949 5151 586 
8897 5012 5186 5133 
8898 5023 5157 5131 
8899 5048 5059 5044 
8900 5090 5162 5072 
8901 5022 5132 5074 
8902 5127 5132 5110 
8903 5044 5047 5000 
8904 5049 5187 5015 
8905 5041 5198 5043 
8906 5054 5055 5037 
8907 5091 5165 5063 
8908 5012 5066 5013 
8909 4956 5132 5127 
8910 5058 5076 5057 
8911 5030 5031 5029 
8912 5015 5016 5011 
8913 5036 5037 5035 
8914 5083 5085 5084 
8915 5052 5139 5051 
8916 5047 5202 4996 
8917 5026 5027 5025 
8918 4934 5127 5110 
8919 5008 5009 5001 
8920 4973 4974 4972 
8921 4971 4972 4970 
8922 4974 5177 4977 
8923 5074 5157 5021 
8924 5097 5159 4951 
8925 5076 5160 5122 
8926 4977 4978 4976 
8927 4981 4982 4980 
8928 5046 5147 5048 
8929 4985 4986 4984 
8930 5030 5191 5153 
8931 4961 5094 5064 
8932 4989 4990 4988 
8933 5077 5185 5138 
8934 5030 5091 5031 
8935 4993 4994 4992 
8936 4996 4997 4994 
8937 5085 5090 5086 
8938 4996 5202 4998 
8939 5163 5195 5156 
8940 1387 5094 1386 
8941 4998 4999 4997 
8942 5021 5157 5023 
8943 5017 5018 5009 
8944 5077 5095 1389 
8945 5113 5191 5075 
8946 4998 5150 5007 
8947 5053 5064 5018 
8948 4977 5154 4978 
8949 5011 5136 5004 
8950 5060 5181 4989 
8951 5017 5164 5117 
8952 5078 5158 4960 
8953 5055 5176 5058 
8954 4950 5168 5104 
8955 5196 5198 5041 
8956 5009 5135 5001 
8957 5093 5104 4963 
8958 5024 5136 5011 
8959 5076 5167 5045 
8960 5172 5180 5087 
8961 5026 5173 5075 
8962 4971 5186 5003 
8963 5042 5198 5196 
8964 588 5079 587 
8965 5048 5110 5059 
8966 4955 5165 5091 
8967 5102 5173 5026 
8968 582 5099 4964 
8969 4989 5196 4990 
8970 5139 5203 5051 
8971 5019 5135 5009 
8972 5042 5141 5140 
8973 1386 5094 4961 
8974 4978 5201 4981 
8975 5083 5084 5081 
8976 5045 5198 5140 
8977 5112 5155 4941 
8978 5197 5208 5109 
8979 1407 4962 1408 
8980 1409 4947 1410 
8981 5080 5088 5087 
8982 1411 4967 1412 
8983 1412 4943 1413 
8984 1414 4950 1415 
8985 5100 5148 4941 
8986 4952 5111 5101 
8987 1386 4961 1385 
8988 1388 4946 1387 
8989 1391 4942 1390 
8990 1393 4951 1392 
8991 5031 5033 5032 
8992 5083 5184 5085 
8993 5100 5155 5050 
8994 5055 5057 5056 
8995 5027 5029 5028 
8996 5004 5136 4973 
8997 583 5099 582 
8998 5071 5072 5070 
8999 5072 5163 5090 
9000 5016 5025 5024 
9001 5033 5035 5034 
9002 1416 5174 11 
9003 5069 5070 5040 
9004 5085 5086 5084 
9005 5078 5139 5052 
9006 5105 5194 5082 
9007 4968 4970 4969 
9008 1389 5095 1388 
9009 4974 4976 4975 
9010 1392 5096 1391 
9011 4942 5077 1390 
9012 1394 5097 1393 
9013 4978 4980 4979 
9014 4982 4984 4983 
9015 4986 4988 4987 
9016 4990 4992 4991 
9017 4952 5187 5112 
9018 1411 5092 4967 
9019 5114 5164 5023 
9020 4999 5135 5014 
9021 5138 5170 5095 
9022 5109 5162 4991 
9023 4991 5162 5108 
9024 4967 4968 4943 
9025 5015 5187 5101 
9026 5085 5161 5090 
9027 5067 5137 4962 
9028 4999 5014 5005 
9029 1408 5137 1409 
9030 1409 5137 4947 
9031 5059 5207 5047 
9032 5045 5140 5076 
9033 5073 5200 5166 
9034 5138 5185 5014 
9035 1410 5092 1411 
9036 5001 5135 4999 
9037 1415 5093 1416 
9038 4963 5174 5093 
9039 4941 5155 5100 
9040 5058 5160 5076 
9041 914 5114 915 
9042 943 5112 944 
9043 917 5125 918 
9044 941 5111 942 
9045 915 5131 916 
9046 1413 5134 1414 
9047 5156 5195 4948 
9048 5154 5201 4978 
9049 4995 5197 5109 
9050 5019 5138 5135 
9051 5043 5205 5046 
9052 4964 5159 5097 
9053 5097 5178 4964 
9054 5094 5144 5064 
9055 4964 5178 581 
9056 945 5148 946 
9057 924 4935 925 
9058 935 5115 936 
9059 937 5113 938 
9060 922 4957 923 
9061 912 5116 913 
9062 947 4945 948 
9063 916 4940 917 
9064 933 5118 934 
9065 926 4958 927 
9066 920 4934 921 
9067 910 5119 911 
9068 949 4960 950 
9069 918 4956 919 
9070 931 5129 932 
9071 928 4936 929 
9072 930 4959 931 
9073 909 4965 910 
9074 927 5130 928 
9075 932 4937 933 
9076 948 5128 949 
9077 911 4954 912 
9078 925 5126 926 
9079 934 4955 935 
9080 913 4944 914 
9081 946 5124 947 
9082 936 4938 937 
9083 923 5120 924 
9084 944 4941 945 
9085 921 5123 922 
9086 938 4953 939 
9087 942 4952 943 
9088 919 5127 920 
9089 940 4939 941 
9090 11 5174 589 
9091 10 5178 1394 
9092 5031 5032 5029 
9093 4981 5169 4982 
9094 5040 5197 5038 
9095 5055 5056 5037 
9096 5104 5172 5088 
9097 5027 5028 5025 
9098 1412 4967 4943 
9099 5084 5151 5081 
9100 589 5174 4963 
9101 5016 5024 5011 
9102 5072 5208 5070 
9103 5010 5189 5049 
9104 4974 4975 4972 
9105 5133 5186 5061 
9106 4978 4979 4976 
9107 5110 5183 4934 
9108 4982 4983 4980 
9109 4986 4987 4984 
9110 4990 4991 4988 
9111 4994 4995 4992 
9112 1414 5134 4950 
9113 4942 5185 5077 
9114 4951 5096 1392 
9115 5069 5071 5070 
9116 4939 5171 5102 
9117 5102 5171 4953 
9118 4950 5104 5093 
9119 581 5178 10 
9120 5033 5034 5032 
9121 4999 5005 4997 
9122 1385 5146 1384 
9123 5140 5198 5042 
9124 5101 5187 4952 
9125 5018 5019 5009 
9126 5204 5206 5147 
9127 1388 5095 4946 
9128 5064 5144 5018 
9129 1391 5096 4942 
9130 4968 4969 4943 
9131 1393 5097 4951 
9132 4946 5094 1387 
9133 5070 5197 5040 
9134 4970 5002 4969 
9135 5081 5151 4949 
9136 5030 5153 5091 
9137 4961 5146 1385 
9138 5121 5122 4935 
9139 5147 5183 5048 
9140 5029 5103 5028 
9141 4980 5106 4979 
9142 4976 5105 4975 
9143 4984 5107 4983 
9144 4988 5108 4987 
9145 4992 5109 4991 
9146 5025 5152 5024 
9147 5070 5208 5197 
9148 5035 5143 5034 
9149 5057 5141 5056 
9150 4943 5134 1413 
9151 5014 5020 5005 
9152 5071 5179 5099 
9153 5135 5138 5014 
9154 4959 5175 5098 
9155 5098 5175 4936 
9156 5007 5150 5022 
9157 4936 5176 5098 
9158 26 5188 909 
9159 1384 5188 26 
9160 5114 5131 915 
9161 5076 5140 5057 
9162 5086 5089 5084 
9163 5020 5038 5005 
9164 4995 5109 4992 
9165 4991 5108 4988 
9166 4987 5107 4984 
9167 4983 5106 4980 
9168 4979 5105 4976 
9169 5089 5151 5084 
9170 4940 5125 917 
9171 916 5131 4940 
9172 4944 5114 914 
9173 918 5125 4956 
9174 4952 5112 943 
9175 944 5112 4941 
9176 4939 5111 941 
9177 942 5111 4952 
9178 4970 5145 5002 
9179 5032 5103 5029 
9180 5042 5181 5141 
9181 5155 5189 5050 
9182 5039 5040 5038 
9183 5028 5152 5025 
9184 5068 5069 5040 
9185 5037 5142 5035 
9186 928 5130 4936 
9187 932 5129 4937 
9188 4959 5129 931 
9189 911 5119 4954 
9190 949 5128 4960 
9191 4965 5119 910 
9192 926 5126 4958 
9193 934 5118 4955 
9194 4937 5118 933 
9195 4958 5130 927 
9196 947 5124 4945 
9197 913 5116 4944 
9198 4954 5116 912 
9199 4945 5128 948 
9200 936 5115 4938 
9201 924 5120 4935 
9202 4935 5126 925 
9203 4955 5115 935 
9204 4941 5148 945 
9205 946 5148 5124 
9206 922 5123 4957 
9207 938 5113 4953 
9208 4938 5113 937 
9209 4957 5120 923 
9210 920 5127 4934 
9211 4934 5123 921 
9212 4956 5127 919 
9213 5122 5126 4935 
9214 5085 5184 5107 
9215 5020 5039 5038 
9216 4972 5145 4970 
9217 5039 5068 5040 
9218 4953 5173 5102 
9219 5133 5199 5066 
9220 5117 5182 5053 
9221 4946 5144 5094 
9222 4942 5190 5185 
9223 4962 5137 1408 
9224 4997 5149 4994 
9225 4969 5134 4943 
9226 5088 5172 5087 
9227 5018 5144 5019 
9228 4945 5139 5128 
9229 5115 5153 4938 
9230 5120 5121 4935 
9231 5116 5117 4944 
9232 939 5171 940 
9233 5140 5141 5057 
9234 5096 5190 4942 
9235 5056 5142 5037 
9236 4994 5149 4995 
9237 4947 5133 5092 
9238 5142 5143 5035 
9239 4953 5171 939 
9240 940 5171 4939 
9241 4947 5092 1410 
9242 4975 5145 4972 
9243 5108 5162 5090 
9244 4950 5093 1415 
9245 930 5175 4959 
9246 4936 5175 929 
9247 4998 5202 5150 
9248 5068 5159 5069 
9249 585 5192 584 
9250 929 5175 930 
9251 5090 5163 5086 
9252 5121 5206 5204 
9253 5106 5184 5083 
9254 5005 5149 4997 
9255 5131 5157 4940 
9256 5036 5200 5073 
9257 4947 5199 5133 
9258 5099 5179 4964 
9259 5086 5156 5089 
9260 5019 5170 5138 
9261 5147 5206 4957 
9262 5137 5199 4947 
9263 5121 5167 5122 
9264 5038 5149 5005 
9265 5048 5183 5110 
9266 5046 5204 5147 
9267 5086 5163 5156 
9268 5134 5168 4950 
9269 5103 5154 5028 
9270 5069 5179 5071 
9271 5143 5169 5034 
9272 5066 5199 5067 
9273 5118 5165 4955 
9274 5028 5154 5152 
9275 4937 5166 5118 
9276 5003 5186 5012 
9277 5144 5170 5019 
9278 5108 5161 4987 
9279 5042 5196 5181 
9280 5067 5199 5137 
9281 5090 5161 5108 
9282 4987 5161 5107 
9283 4944 5164 5114 
9284 5024 5177 5136 
9285 5105 5180 4975 
9286 4946 5170 5144 
9287 5072 5195 5163 
9288 5095 5170 4946 
9289 5093 5174 1416 
9290 4983 5184 5106 
9291 5002 5168 4969 
9292 5117 5164 4944 
9293 5107 5161 5085 
9294 4979 5194 5105 
9295 5116 5182 5117 
9296 5032 5193 5103 
9297 5071 5195 5072 
9298 5014 5185 5020 
9299 5153 5191 4938 
9300 5107 5184 4983 
9301 4945 5203 5139 
9302 5120 5206 5121 
9303 5169 5193 5034 
9304 5152 5154 4977 
9305 4969 5168 5134 
9306 5020 5190 5039 
9307 5165 5166 5063 
9308 1394 5178 5097 
9309 5118 5166 5165 
9310 5159 5179 5069 
9311 4954 5182 5116 
9312 4975 5180 5145 
9313 5152 5177 5024 
9314 5185 5190 5020 
9315 5034 5193 5032 
9316 4934 5183 5123 
9317 5204 5205 5167 
9318 5106 5194 4979 
9319 909 5188 4965 
9320 5181 5196 4989 
9321 5198 5205 5043 
9322 5150 5207 5022 
9323 5141 5181 5060 
9324 4938 5191 5113 
9325 5146 5188 1384 
9326 5047 5207 5150 
9327 5167 5205 5045 
9328 5045 5205 5198 
9329 5109 5208 5162 
9330 5124 5203 4945 
9331 4957 5206 5120 
9332 4977 5177 5152 
9333 5156 5192 5089 
9334 5121 5204 5167 
9335 4981 5193 5169 
9336 4964 5179 5159 
9337 5150 5202 5047 
9338 4965 5188 5146 
9339 5049 5189 5155 
9340 5162 5208 5072 
9341 5193 5201 5103 
9342 4981 5201 5193 
9343 5166 5200 5063 
9344 5103 5201 5154 
9345 5046 5205 5204 
2 15 2 626
9346 5329 5348 5234 
9347 5335 5417 5331 
9348 5235 5241 1007 
9349 5260 5417 5335 
9350 5240 5421 5340 
9351 573 5426 5364 
9352 5325 5464 5281 
9353 5235 5403 5353 
9354 5340 5457 5229 
9355 5314 5371 5343 
9356 5338 5475 5311 
9357 1008 1362 27 
9358 1007 5241 1008 
9359 1363 5241 5237 
9360 5229 5394 5340 
9361 5373 5451 5330 
9362 5234 5373 5329 
9363 574 5426 573 
9364 5281 5464 5285 
9365 5337 5376 5214 
9366 5375 5478 5399 
9367 5329 5373 5330 
9368 1362 5241 1363 
9369 5215 5432 5349 
9370 5362 5380 5357 
9371 5283 5298 5292 
9372 5366 5390 5230 
9373 5331 5416 5335 
9374 5277 5447 5443 
9375 5340 5421 5236 
9376 1008 5241 1362 
9377 5420 5455 5447 
9378 5260 5444 5418 
9379 5443 5447 5379 
9380 5243 5336 5246 
9381 5237 5433 5353 
9382 5282 5296 5283 
9383 5281 5285 5279 
9384 5407 5482 5334 
9385 5233 5435 5405 
9386 5278 5281 5279 
9387 5308 5338 5311 
9388 5237 5353 5342 
9389 5318 5321 5319 
9390 5321 5323 5319 
9391 5349 5400 5215 
9392 5288 5326 5325 
9393 5298 5439 5292 
9394 5355 5357 5356 
9395 5405 5435 5333 
9396 5278 5279 5248 
9397 5403 5414 5353 
9398 5296 5298 5283 
9399 5362 5455 5380 
9400 5297 5482 5407 
9401 5282 5283 5276 
9402 5270 5424 5313 
9403 5343 5371 5226 
9404 5285 5324 5290 
9405 5288 5325 5281 
9406 5339 5340 5236 
9407 5318 5319 5275 
9408 5298 5406 5389 
9409 5273 5282 5276 
9410 5268 5275 5271 
9411 5246 5278 5248 
9412 5214 5377 5337 
9413 5238 5363 5354 
9414 5340 5394 5240 
9415 5302 5350 5305 
9416 5376 5386 5214 
9417 5348 5404 5234 
9418 5265 5316 5268 
9419 5241 5433 5237 
9420 5354 5355 5224 
9421 5374 5470 5346 
9422 5336 5461 5246 
9423 5261 5335 5264 
9424 5357 5358 5356 
9425 5275 5322 5271 
9426 5242 5367 5336 
9427 5398 5422 5232 
9428 5316 5318 5275 
9429 5314 5465 5371 
9430 5420 5447 5277 
9431 5333 5451 5405 
9432 5287 5288 5281 
9433 5223 5470 5374 
9434 5355 5356 5224 
9435 5285 5290 5286 
9436 5399 5423 5375 
9437 5355 5362 5357 
9438 5348 5441 5212 
9439 5401 5435 5233 
9440 5311 5329 5312 
9441 5301 5350 5302 
9442 5223 5374 571 
9443 5352 5413 5370 
9444 1346 5352 1345 
9445 5246 5248 5247 
9446 5306 5366 5338 
9447 5260 5335 5261 
9448 5341 5342 5327 
9449 572 5431 5223 
9450 5291 5337 5301 
9451 5268 5271 5269 
9452 5398 5458 5422 
9453 5283 5292 5284 
9454 5257 5444 5260 
9455 5271 5273 5272 
9456 5290 5337 5291 
9457 5326 5478 5375 
9458 5288 5341 5327 
9459 5358 5469 5381 
9460 5385 5407 5334 
9461 5273 5276 5274 
9462 5328 5457 5340 
9463 5292 5328 5293 
9464 5306 5338 5308 
9465 5311 5348 5329 
9466 5330 5333 5332 
9467 5302 5305 5304 
9468 5226 5434 5343 
9469 5308 5311 5310 
9470 5313 5472 5270 
9471 5291 5301 5300 
9472 5242 5336 5243 
9473 5366 5428 5390 
9474 5231 5400 5349 
9475 5243 5246 5245 
9476 5337 5377 5301 
9477 5405 5451 5211 
9478 5249 5252 5251 
9479 5253 5256 5255 
9480 5257 5260 5259 
9481 5261 5264 5263 
9482 5328 5340 5339 
9483 5265 5268 5267 
9484 5282 5297 5296 
9485 5238 5379 5363 
9486 5350 5466 5305 
9487 5319 5334 5322 
9488 5324 5430 5387 
9489 5297 5349 5296 
9490 5212 5404 5348 
9491 5357 5469 5358 
9492 5397 5442 5351 
9493 5260 5418 5417 
9494 5397 5435 5401 
9495 5287 5408 5341 
9496 5292 5392 5328 
9497 5248 5411 5249 
9498 5364 5467 573 
9499 5354 5363 5355 
9500 5265 5471 5316 
9501 572 5467 5431 
9502 5326 5375 5325 
9503 5388 5448 5228 
9504 5235 5433 5241 
9505 5238 5354 576 
9506 575 5354 5224 
9507 5367 5408 5336 
9508 5288 5327 5326 
9509 5268 5316 5275 
9510 5411 5452 5249 
9511 5278 5287 5281 
9512 5349 5407 5231 
9513 5342 5353 5327 
9514 570 5239 569 
9515 577 5238 576 
9516 572 5223 571 
9517 575 5224 574 
9518 5285 5286 5279 
9519 5387 5462 5324 
9520 5350 5448 5388 
9521 5290 5376 5337 
9522 5224 5426 574 
9523 5287 5461 5408 
9524 5298 5432 5406 
9525 5323 5334 5319 
9526 5365 5437 5347 
9527 5297 5407 5349 
9528 5402 5407 5385 
9529 5319 5322 5275 
9530 5324 5462 5290 
9531 5316 5473 5318 
9532 5329 5330 5312 
9533 5366 5440 5338 
9534 5287 5341 5288 
9535 5231 5407 5402 
9536 5333 5351 5332 
9537 5305 5306 5304 
9538 5290 5291 5286 
9539 5311 5312 5310 
9540 5358 5360 5359 
9541 5327 5414 5326 
9542 5322 5477 5271 
9543 5301 5302 5300 
9544 5209 5402 5385 
9545 5283 5284 5276 
9546 5248 5249 5247 
9547 5246 5247 5245 
9548 5249 5452 5252 
9549 5349 5432 5296 
9550 5372 5434 5226 
9551 5351 5435 5397 
9552 5252 5253 5251 
9553 5256 5257 5255 
9554 5321 5422 5323 
9555 5260 5261 5259 
9556 5305 5466 5428 
9557 5236 5369 5339 
9558 5264 5265 5263 
9559 5352 5460 5413 
9560 5305 5366 5306 
9561 5268 5269 5267 
9562 5271 5272 5269 
9563 5360 5365 5361 
9564 5271 5477 5273 
9565 5438 5470 5431 
9566 1343 5369 1342 
9567 5273 5274 5272 
9568 5296 5432 5298 
9569 5292 5293 5284 
9570 5352 5370 1345 
9571 5388 5466 5350 
9572 5273 5425 5282 
9573 5328 5339 5293 
9574 5252 5429 5253 
9575 5286 5411 5279 
9576 5335 5456 5264 
9577 5292 5439 5392 
9578 5353 5433 5235 
9579 5330 5451 5333 
9580 5225 5443 5379 
9581 5471 5473 5316 
9582 5284 5410 5276 
9583 5368 5379 5238 
9584 5299 5411 5286 
9585 5351 5442 5320 
9586 5447 5455 5362 
9587 5301 5448 5350 
9588 5246 5461 5278 
9589 5317 5473 5471 
9590 576 5354 575 
9591 5323 5385 5334 
9592 5230 5440 5366 
9593 5377 5448 5301 
9594 570 5374 5239 
9595 5264 5471 5265 
9596 5472 5483 5384 
9597 5414 5478 5326 
9598 5294 5410 5284 
9599 5317 5416 5415 
9600 1342 5369 5236 
9601 5253 5476 5256 
9602 5358 5359 5356 
9603 5320 5473 5415 
9604 5387 5430 5216 
9605 1363 5237 1364 
9606 1365 5222 1366 
9607 5355 5363 5362 
9608 1367 5242 1368 
9609 1368 5218 1369 
9610 1370 5225 1371 
9611 5375 5423 5216 
9612 5227 5386 5376 
9613 1342 5236 1341 
9614 1344 5221 1343 
9615 1347 5217 1346 
9616 1349 5226 1348 
9617 5306 5308 5307 
9618 5358 5459 5360 
9619 5375 5430 5325 
9620 5330 5332 5331 
9621 5302 5304 5303 
9622 5279 5411 5248 
9623 571 5374 570 
9624 5346 5347 5345 
9625 5347 5438 5365 
9626 5291 5300 5299 
9627 5308 5310 5309 
9628 1372 5449 9 
9629 5344 5345 5315 
9630 5360 5361 5359 
9631 5353 5414 5327 
9632 5380 5469 5357 
9633 5243 5245 5244 
9634 1345 5370 1344 
9635 5249 5251 5250 
9636 1348 5371 1347 
9637 5217 5352 1346 
9638 1350 5372 1349 
9639 5253 5255 5254 
9640 5257 5259 5258 
9641 5261 5263 5262 
9642 5265 5267 5266 
9643 5227 5462 5387 
9644 1367 5367 5242 
9645 5389 5439 5298 
9646 5274 5410 5289 
9647 5413 5445 5370 
9648 5384 5437 5266 
9649 5266 5437 5383 
9650 5242 5243 5218 
9651 5290 5462 5376 
9652 5360 5436 5365 
9653 5342 5412 5237 
9654 5274 5289 5280 
9655 1364 5412 1365 
9656 1365 5412 5222 
9657 5334 5482 5322 
9658 5320 5415 5351 
9659 5348 5475 5441 
9660 5413 5460 5289 
9661 1366 5367 1367 
9662 5276 5410 5274 
9663 1371 5368 1372 
9664 5238 5449 5368 
9665 5216 5430 5375 
9666 5333 5435 5351 
9667 971 5389 972 
9668 1000 5387 1001 
9669 974 5400 975 
9670 998 5386 999 
9671 972 5406 973 
9672 1369 5409 1370 
9673 5431 5470 5223 
9674 5429 5476 5253 
9675 5270 5472 5384 
9676 5294 5413 5410 
9677 5318 5480 5321 
9678 5239 5434 5372 
9679 5372 5453 5239 
9680 5369 5419 5339 
9681 5239 5453 569 
9682 1002 5423 1003 
9683 992 5390 993 
9684 981 5210 982 
9685 994 5388 995 
9686 979 5232 980 
9687 1004 5220 1005 
9688 969 5391 970 
9689 973 5215 974 
9690 990 5393 991 
9691 983 5233 984 
9692 977 5209 978 
9693 1006 5235 1007 
9694 967 5394 968 
9695 975 5231 976 
9696 988 5404 989 
9697 985 5211 986 
9698 987 5234 988 
9699 966 5240 967 
9700 984 5405 985 
9701 989 5212 990 
9702 1005 5403 1006 
9703 968 5229 969 
9704 991 5230 992 
9705 982 5401 983 
9706 970 5219 971 
9707 1003 5399 1004 
9708 980 5395 981 
9709 993 5213 994 
9710 1001 5216 1002 
9711 995 5228 996 
9712 978 5398 979 
9713 999 5227 1000 
9714 997 5214 998 
9715 976 5402 977 
9716 9 5449 577 
9717 5347 5483 5345 
9718 8 5453 1350 
9719 5306 5307 5304 
9720 5256 5444 5257 
9721 5315 5472 5313 
9722 5330 5331 5312 
9723 5379 5447 5363 
9724 5302 5303 5300 
9725 1368 5242 5218 
9726 5359 5426 5356 
9727 577 5449 5238 
9728 5291 5299 5286 
9729 5285 5464 5324 
9730 5249 5250 5247 
9731 5408 5461 5336 
9732 5345 5483 5472 
9733 5253 5254 5251 
9734 5385 5458 5209 
9735 5257 5258 5255 
9736 5261 5262 5259 
9737 5265 5266 5263 
9738 5269 5270 5267 
9739 1370 5409 5225 
9740 5217 5460 5352 
9741 5226 5371 1348 
9742 5344 5346 5345 
9743 5214 5446 5377 
9744 5377 5446 5228 
9745 5225 5379 5368 
9746 569 5453 8 
9747 5308 5309 5307 
9748 5274 5280 5272 
9749 1341 5421 1340 
9750 5415 5473 5317 
9751 5376 5462 5227 
9752 5293 5294 5284 
9753 5479 5481 5422 
9754 1344 5370 5221 
9755 5339 5419 5293 
9756 1347 5371 5217 
9757 5243 5244 5218 
9758 1349 5372 5226 
9759 5221 5369 1343 
9760 5345 5472 5315 
9761 5245 5277 5244 
9762 5356 5426 5224 
9763 5305 5428 5366 
9764 5236 5421 1341 
9765 5396 5397 5210 
9766 5422 5458 5323 
9767 5304 5378 5303 
9768 5255 5381 5254 
9769 5251 5380 5250 
9770 5259 5382 5258 
9771 5263 5383 5262 
9772 5267 5384 5266 
9773 5300 5427 5299 
9774 5310 5418 5309 
9775 5332 5416 5331 
9776 5218 5409 1369 
9777 5289 5295 5280 
9778 5346 5454 5374 
9779 5410 5413 5289 
9780 5234 5450 5373 
9781 5373 5450 5211 
9782 5282 5425 5297 
9783 5211 5451 5373 
9784 28 5463 966 
9785 1340 5463 28 
9786 5389 5406 972 
9787 5351 5415 5332 
9788 5361 5364 5359 
9789 5295 5313 5280 
9790 5270 5384 5267 
9791 5266 5383 5263 
9792 5262 5382 5259 
9793 5258 5381 5255 
9794 5254 5380 5251 
9795 5364 5426 5359 
9796 5215 5400 974 
9797 973 5406 5215 
9798 5219 5389 971 
9799 975 5400 5231 
9800 5227 5387 1000 
9801 1001 5387 5216 
9802 5214 5386 998 
9803 999 5386 5227 
9804 5245 5420 5277 
9805 5307 5378 5304 
9806 5317 5456 5416 
9807 5430 5464 5325 
9808 5314 5315 5313 
9809 5303 5427 5300 
9810 5343 5344 5315 
9811 5312 5417 5310 
9812 985 5405 5211 
9813 989 5404 5212 
9814 5234 5404 988 
9815 968 5394 5229 
9816 1006 5403 5235 
9817 5240 5394 967 
9818 991 5393 5230 
9819 983 5401 5233 
9820 5233 5405 984 
9821 5212 5393 990 
9822 1004 5399 5220 
9823 970 5391 5219 
9824 5220 5403 1005 
9825 5229 5391 969 
9826 981 5395 5210 
9827 993 5390 5213 
9828 5210 5401 982 
9829 5230 5390 992 
9830 5216 5423 1002 
9831 1003 5423 5399 
9832 979 5398 5232 
9833 995 5388 5228 
9834 5213 5388 994 
9835 5232 5395 980 
9836 977 5402 5209 
9837 5209 5398 978 
9838 5231 5402 976 
9839 5397 5401 5210 
9840 5360 5459 5382 
9841 5295 5314 5313 
9842 5247 5420 5245 
9843 5314 5343 5315 
9844 5228 5448 5377 
9845 5408 5474 5341 
9846 5392 5457 5328 
9847 5221 5419 5369 
9848 5217 5465 5460 
9849 5237 5412 1364 
9850 5272 5424 5269 
9851 5244 5409 5218 
9852 5363 5447 5362 
9853 5293 5419 5294 
9854 5220 5414 5403 
9855 5395 5396 5210 
9856 5390 5428 5213 
9857 5391 5392 5219 
9858 996 5446 997 
9859 5415 5416 5332 
9860 5371 5465 5217 
9861 5331 5417 5312 
9862 5269 5424 5270 
9863 5222 5408 5367 
9864 5417 5418 5310 
9865 5228 5446 996 
9866 997 5446 5214 
9867 5222 5367 1366 
9868 5250 5420 5247 
9869 5383 5437 5365 
9870 5225 5368 1371 
9871 987 5450 5234 
9872 5211 5450 986 
9873 5273 5477 5425 
9874 5343 5434 5344 
9875 573 5467 572 
9876 986 5450 987 
9877 5365 5438 5361 
9878 5396 5481 5479 
9879 5381 5459 5358 
9880 5280 5424 5272 
9881 5406 5432 5215 
9882 5311 5475 5348 
9883 5222 5474 5408 
9884 5374 5454 5239 
9885 5361 5431 5364 
9886 5294 5445 5413 
9887 5422 5481 5232 
9888 5412 5474 5222 
9889 5396 5442 5397 
9890 5313 5424 5280 
9891 5323 5458 5385 
9892 5321 5479 5422 
9893 5361 5438 5431 
9894 5409 5443 5225 
9895 5378 5429 5303 
9896 5344 5454 5346 
9897 5418 5444 5309 
9898 5341 5474 5342 
9899 5393 5440 5230 
9900 5303 5429 5427 
9901 5212 5441 5393 
9902 5278 5461 5287 
9903 5419 5445 5294 
9904 5383 5436 5262 
9905 5317 5471 5456 
9906 5342 5474 5412 
9907 5365 5436 5383 
9908 5262 5436 5382 
9909 5219 5439 5389 
9910 5299 5452 5411 
9911 5380 5455 5250 
9912 5221 5445 5419 
9913 5347 5470 5438 
9914 5370 5445 5221 
9915 5368 5449 1372 
9916 5258 5459 5381 
9917 5277 5443 5244 
9918 5392 5439 5219 
9919 5382 5436 5360 
9920 5254 5469 5380 
9921 5391 5457 5392 
9922 5307 5468 5378 
9923 5346 5470 5347 
9924 5289 5460 5295 
9925 5428 5466 5213 
9926 5382 5459 5258 
9927 5220 5478 5414 
9928 5395 5481 5396 
9929 5444 5468 5309 
9930 5427 5429 5252 
9931 5244 5443 5409 
9932 5295 5465 5314 
9933 5440 5441 5338 
9934 1350 5453 5372 
9935 5393 5441 5440 
9936 5434 5454 5344 
9937 5229 5457 5391 
9938 5250 5455 5420 
9939 5427 5452 5299 
9940 5460 5465 5295 
9941 5309 5468 5307 
9942 5209 5458 5398 
9943 5479 5480 5442 
9944 5381 5469 5254 
9945 966 5463 5240 
9946 5456 5471 5264 
9947 5473 5480 5318 
9948 5425 5482 5297 
9949 5416 5456 5335 
9950 5213 5466 5388 
9951 5421 5463 1340 
9952 5322 5482 5425 
9953 5442 5480 5320 
9954 5384 5483 5437 
9955 5320 5480 5473 
9956 5399 5478 5220 
9957 5232 5481 5395 
9958 5252 5452 5427 
9959 5431 5467 5364 
9960 5396 5479 5442 
9961 5256 5468 5444 
9962 5239 5454 5434 
9963 5425 5477 5322 
9964 5240 5463 5421 
9965 5324 5464 5430 
9966 5437 5483 5347 
9967 5468 5476 5378 
9968 5256 5476 5468 
9969 5441 5475 5338 
9970 5378 5476 5429 
9971 5321 5480 5479 
2 16 2 257
9972 155 11 589 
9973 13 601 167 
9974 159 593 12 
9975 190 625 624 
9976 573 140 574 
9977 14 5530 171 
9978 161 595 594 
9979 185 620 619 
9980 164 599 598 
9981 562 129 563 
9982 150 584 583 
9983 558 125 559 
9984 175 610 609 
9985 589 588 154 
9986 189 624 623 
9987 572 139 573 
9988 160 594 593 
9989 569 136 570 
9990 186 621 620 
9991 165 600 599 
9992 190 624 189 
9993 139 140 573 
9994 161 594 160 
9995 186 620 185 
9996 165 599 164 
9997 178 613 612 
9998 561 128 562 
9999 149 583 582 
10000 559 126 560 
10001 176 611 610 
10002 562 128 129 
10003 188 623 622 
10004 150 583 149 
10005 571 138 572 
10006 570 137 571 
10007 187 622 621 
10008 559 125 126 
10009 166 601 600 
10010 176 610 175 
10011 589 154 155 
10012 177 612 611 
10013 560 127 561 
10014 148 582 581 
10015 189 623 188 
10016 138 139 572 
10017 160 593 159 
10018 136 137 570 
10019 187 621 186 
10020 166 600 165 
10021 178 612 177 
10022 561 127 128 
10023 149 582 148 
10024 560 126 127 
10025 177 611 176 
10026 167 601 166 
10027 188 622 187 
10028 137 138 571 
10029 155 5524 11 
10030 12 5520 159 
10031 167 5507 13 
10032 581 5534 148 
10033 171 5530 170 
10034 178 5517 613 
10035 569 5509 136 
10036 588 5533 154 
10037 609 5531 175 
10038 558 5528 125 
10039 171 5525 605 
10040 150 5523 584 
10041 129 5522 563 
10042 577 5516 143 
10043 598 5515 164 
10044 619 5514 185 
10045 161 5512 595 
10046 140 5511 574 
10047 190 5493 625 
10048 148 5534 147 
10049 143 5527 577 
10050 156 5524 155 
10051 577 5527 9 
10052 193 5521 5519 
10053 159 5520 158 
10054 193 5519 192 
10055 145 5518 144 
10056 179 5517 178 
10057 182 5513 181 
10058 170 5510 169 
10059 136 5509 135 
10060 133 5508 132 
10061 168 5507 167 
10062 144 5527 143 
10063 5518 5526 144 
10064 6 5489 557 
10065 134 5505 133 
10066 169 5484 168 
10067 565 5491 7 
10068 184 5495 183 
10069 154 5533 153 
10070 163 5496 162 
10071 142 5498 141 
10072 175 5531 174 
10073 125 5528 124 
10074 147 5501 146 
10075 172 5525 171 
10076 135 5485 134 
10077 151 5523 150 
10078 130 5522 129 
10079 174 5504 173 
10080 153 5506 152 
10081 131 5500 130 
10082 181 5499 180 
10083 146 5486 145 
10084 152 5502 151 
10085 173 5503 172 
10086 625 5493 5 
10087 124 5489 2 
10088 143 5516 142 
10089 164 5515 163 
10090 185 5514 184 
10091 180 5487 179 
10092 132 5491 131 
10093 183 5497 182 
10094 162 5512 161 
10095 141 5511 140 
10096 191 5493 190 
10097 192 5488 191 
10098 157 5494 156 
10099 16 5497 617 
10100 158 5490 157 
10101 2 5492 193 
10102 8 5509 569 
10103 613 5517 15 
10104 10 5534 581 
10105 5513 5529 181 
10106 5504 5531 608 
10107 602 5484 603 
10108 5506 5533 587 
10109 568 5485 8 
10110 617 5495 618 
10111 596 5496 597 
10112 575 5498 576 
10113 170 5530 5510 
10114 579 5486 580 
10115 564 5500 565 
10116 585 5502 586 
10117 606 5503 607 
10118 15 5487 614 
10119 5 5488 554 
10120 574 5511 575 
10121 595 5512 596 
10122 617 5497 5495 
10123 5495 5514 618 
10124 596 5512 5496 
10125 618 5514 619 
10126 575 5511 5498 
10127 5496 5515 597 
10128 597 5515 598 
10129 5498 5516 576 
10130 576 5516 577 
10131 565 5500 5491 
10132 586 5506 587 
10133 607 5504 608 
10134 591 5490 592 
10135 564 5522 5500 
10136 585 5523 5502 
10137 563 5522 564 
10138 606 5525 5503 
10139 584 5523 585 
10140 5489 5528 557 
10141 605 5525 606 
10142 557 5528 558 
10143 608 5531 609 
10144 587 5533 588 
10145 556 5492 6 
10146 133 5532 5508 
10147 590 5494 591 
10148 174 5531 5504 
10149 5485 5509 8 
10150 5 5493 5488 
10151 6 5492 5489 
10152 153 5533 5506 
10153 614 5499 615 
10154 15 5517 5487 
10155 580 5501 10 
10156 5491 5508 7 
10157 567 5505 568 
10158 16 5513 5497 
10159 13 5507 602 
10160 7 5508 566 
10161 5501 5534 10 
10162 5502 5506 586 
10163 603 5510 604 
10164 616 5513 16 
10165 147 5534 5501 
10166 5503 5504 607 
10167 578 5518 579 
10168 554 5519 555 
10169 5505 5532 133 
10170 592 5520 12 
10171 555 5521 556 
10172 11 5524 590 
10173 9 5526 578 
10174 615 5529 616 
10175 604 5530 14 
10176 566 5532 567 
10177 124 5528 5489 
10178 5503 5525 172 
10179 5502 5523 151 
10180 5500 5522 130 
10181 142 5516 5498 
10182 163 5515 5496 
10183 184 5514 5495 
10184 5495 5497 183 
10185 5496 5512 162 
10186 5498 5511 141 
10187 5491 5500 131 
10188 602 5507 5484 
10189 5484 5510 603 
10190 568 5505 5485 
10191 181 5529 5499 
10192 5486 5501 580 
10193 5487 5499 614 
10194 591 5494 5490 
10195 579 5518 5486 
10196 5497 5513 182 
10197 152 5506 5502 
10198 5488 5519 554 
10199 173 5504 5503 
10200 5490 5520 592 
10201 556 5521 5492 
10202 590 5524 5494 
10203 5487 5517 179 
10204 5499 5529 615 
10205 5494 5524 156 
10206 132 5508 5491 
10207 567 5532 5505 
10208 5508 5532 566 
10209 5510 5530 604 
10210 616 5529 5513 
10211 578 5526 5518 
10212 5519 5521 555 
10213 135 5509 5485 
10214 5492 5521 193 
10215 5489 5492 2 
10216 5488 5493 191 
10217 158 5520 5490 
10218 192 5519 5488 
10219 9 5527 5526 
10220 5486 5518 145 
10221 169 5510 5484 
10222 5484 5507 168 
10223 5485 5505 134 
10224 146 5501 5486 
10225 180 5499 5487 
10226 5490 5494 157 
10227 5526 5527 144 
10228 171 605 14 
2 17 2 1380
10229 5717 5810 27 
10230 1222 5841 1223 
10231 1230 5689 1231 
10232 1088 5829 1089 
10233 1115 5810 5717 
10234 1107 5795 1108 
10235 1267 5820 1268 
10236 1248 5781 1249 
10237 1070 5739 1071 
10238 1044 5803 1045 
10239 1169 5695 1170 
10240 1204 5816 1205 
10241 1329 5686 1330 
10242 1195 5813 1196 
10243 1025 5825 1026 
10244 1160 5767 1161 
10245 1035 5774 1036 
10246 1185 5831 1186 
10247 1292 5800 1293 
10248 1320 5787 1321 
10249 1132 5814 1133 
10250 1224 5871 1225 
10251 1257 5826 1258 
10252 1238 5783 1239 
10253 1097 5828 1098 
10254 1223 5841 5703 
10255 1078 5817 1079 
10256 781 5745 5656 
10257 1283 5675 1284 
10258 1214 5752 1215 
10259 1151 5770 1152 
10260 1311 5785 1312 
10261 1175 5869 1176 
10262 5768 5829 1088 
10263 1123 5677 1124 
10264 1302 5756 1303 
10265 1301 5791 1302 
10266 1141 5809 1142 
10267 1150 5797 1151 
10268 1310 5762 1311 
10269 1054 5743 1055 
10270 1239 5769 1240 
10271 1079 5763 1080 
10272 782 5745 781 
10273 1285 5868 1286 
10274 1116 5713 1117 
10275 1053 5784 1054 
10276 1142 5736 1143 
10277 5773 5820 1267 
10278 1230 5718 5689 
10279 1337 5669 1338 
10280 1177 5683 1178 
10281 1186 5831 5779 
10282 1071 5739 5688 
10283 1328 5842 1329 
10284 1213 5804 1214 
10285 1131 5733 1132 
10286 1258 5757 1259 
10287 1026 5825 5794 
10288 5786 5795 1107 
10289 1204 5819 5816 
10290 1194 5759 1195 
10291 1034 5771 1035 
10292 1098 5766 1099 
10293 1072 5858 1073 
10294 5781 5830 1249 
10295 1044 5808 5803 
10296 1276 5701 1277 
10297 1043 5735 1044 
10298 1169 5840 5695 
10299 1063 5676 1064 
10300 1291 5726 1292 
10301 5780 5813 1195 
10302 1321 5727 1322 
10303 1258 5826 5777 
10304 1186 5753 1187 
10305 1098 5828 5790 
10306 1329 5761 5686 
10307 1106 5760 1107 
10308 1203 5721 1204 
10309 1266 5748 1267 
10310 5767 5832 1161 
10311 1292 5823 5800 
10312 1026 5765 1027 
10313 1132 5815 5814 
10314 1035 5798 5774 
10315 5787 5827 1321 
10316 1336 5684 1337 
10317 1079 5817 5775 
10318 1223 5673 1224 
10319 1331 5847 1332 
10320 1056 5854 1057 
10321 1161 5729 1162 
10322 1247 5749 1248 
10323 1249 5719 1250 
10324 1311 5801 5785 
10325 1116 5887 5713 
10326 1124 5696 1125 
10327 1205 5778 1206 
10328 5783 5789 1239 
10329 1151 5782 5770 
10330 1176 5667 1177 
10331 1024 5712 1025 
10332 1228 5855 1229 
10333 1232 5851 1233 
10334 5809 5822 1142 
10335 5791 5811 1302 
10336 1159 5732 1160 
10337 5675 5751 1284 
10338 1293 5758 1294 
10339 1214 5818 5752 
10340 1284 5681 1285 
10341 1319 5746 1320 
10342 1089 5728 1090 
10343 1151 5797 5782 
10344 1239 5789 5769 
10345 5677 5724 1124 
10346 1152 5812 1153 
10347 1071 5665 1072 
10348 1079 5775 5763 
10349 1312 5799 1313 
10350 5784 5824 1054 
10351 1304 5852 1305 
10352 1302 5811 5756 
10353 1170 5668 1171 
10354 1144 5848 1145 
10355 5804 5818 1214 
10356 1184 5714 1185 
10357 5762 5801 1311 
10358 1096 5704 1097 
10359 1276 5888 5701 
10360 1099 5702 1100 
10361 1080 5772 1081 
10362 1068 5846 1069 
10363 1148 5853 1149 
10364 1300 5776 1301 
10365 1140 5755 1141 
10366 5673 5871 1224 
10367 1054 5824 5743 
10368 1268 5738 1269 
10369 1087 5886 1088 
10370 1308 5849 1309 
10371 1240 5792 1241 
10372 1177 5796 5683 
10373 1258 5777 5757 
10374 1108 5747 1109 
10375 5771 5798 1035 
10376 1045 5885 1046 
10377 1142 5822 5736 
10378 1330 5658 1331 
10379 1231 5662 1232 
10380 1187 5708 1188 
10381 1052 5730 1053 
10382 1098 5790 5766 
10383 952 5717 27 
10384 5759 5780 1195 
10385 1027 5679 1028 
10386 1188 5850 1189 
10387 1256 5710 1257 
10388 1337 5764 5669 
10389 1229 5672 1230 
10390 1212 5754 1213 
10391 1259 5880 1260 
10392 1036 5723 1037 
10393 1289 5839 1290 
10394 5733 5815 1132 
10395 1196 5742 1197 
10396 1133 5884 1134 
10397 978 5734 977 
10398 1129 5843 1130 
10399 1246 5678 1247 
10400 1063 5697 5676 
10401 1186 5779 5753 
10402 1215 5709 1216 
10403 1062 5821 1063 
10404 1206 5664 1207 
10405 1064 5875 1065 
10406 5760 5786 1107 
10407 1055 5700 1056 
10408 1329 5842 5761 
10409 1069 5659 1070 
10410 1117 5674 1118 
10411 5748 5773 1267 
10412 1077 5716 1078 
10413 1176 5869 5667 
10414 1026 5794 5765 
10415 5735 5808 1044 
10416 1294 5660 1295 
10417 1178 5883 1179 
10418 1282 5650 1283 
10419 743 5731 742 
10420 1318 5663 1319 
10421 1237 5722 1238 
10422 1158 5682 1159 
10423 1321 5827 5727 
10424 5726 5823 1292 
10425 1143 5690 1144 
10426 1303 5705 1304 
10427 5656 5745 1275 
10428 1193 5881 1194 
10429 5681 5868 1285 
10430 1245 5844 1246 
10431 1265 5877 1266 
10432 1033 5882 1034 
10433 916 5711 915 
10434 1277 5657 1278 
10435 1205 5816 5778 
10436 5684 5764 1337 
10437 5721 5819 1204 
10438 1041 5837 1042 
10439 1309 5707 1310 
10440 1223 5703 5673 
10441 1124 5724 5696 
10442 5749 5781 1248 
10443 1149 5715 1150 
10444 1201 5834 1202 
10445 1139 5648 1140 
10446 1338 5633 1339 
10447 1105 5879 1106 
10448 1122 5644 1123 
10449 1130 5687 1131 
10450 1290 5680 1291 
10451 1051 5646 1052 
10452 1335 5874 1336 
10453 1161 5832 5729 
10454 1125 5873 1126 
10455 1293 5800 5758 
10456 5732 5767 1160 
10457 1171 5606 1172 
10458 5665 5858 1072 
10459 1299 5637 1300 
10460 5770 5812 1152 
10461 1249 5830 5719 
10462 1157 5836 1158 
10463 1322 5878 1323 
10464 1202 5670 1203 
10465 5785 5799 1312 
10466 5746 5787 1320 
10467 1042 5685 1043 
10468 1211 5627 1212 
10469 5667 5796 1177 
10470 1313 5645 1314 
10471 1317 5835 1318 
10472 1162 5876 1163 
10473 1284 5751 5681 
10474 5712 5825 1025 
10475 1023 5666 1024 
10476 1089 5829 5728 
10477 1250 5872 1251 
10478 5776 5791 1301 
10479 727 5694 726 
10480 1090 5870 1091 
10481 1071 5688 5665 
10482 5769 5792 1240 
10483 5755 5809 1141 
10484 5763 5772 1080 
10485 908 5629 907 
10486 977 5734 5693 
10487 1170 5695 5668 
10488 824 5725 823 
10489 1339 5788 29 
10490 864 5720 863 
10491 1114 5810 1115 
10492 1153 5649 1154 
10493 1241 5628 1242 
10494 758 5698 757 
10495 1268 5820 5738 
10496 1183 5867 1184 
10497 1108 5795 5747 
10498 5554 5629 908 
10499 1269 5866 1270 
10500 1109 5865 1110 
10501 998 5692 997 
10502 5714 5831 1185 
10503 5655 5731 743 
10504 1281 5807 1282 
10505 713 5671 712 
10506 1118 5573 1119 
10507 5730 5784 1053 
10508 1095 5864 1096 
10509 5700 5854 1056 
10510 1278 5570 1279 
10511 948 5653 947 
10512 5754 5804 1213 
10513 1037 5860 1038 
10514 828 5706 827 
10515 5704 5828 1097 
10516 5651 5711 916 
10517 1216 5856 1217 
10518 1255 5863 1256 
10519 5662 5851 1232 
10520 1081 5636 1082 
10521 1231 5689 5662 
10522 744 5655 743 
10523 5672 5718 1230 
10524 645 5603 644 
10525 1330 5686 5658 
10526 1229 5855 5672 
10527 1197 5862 1198 
10528 1099 5766 5702 
10529 5658 5847 1331 
10530 1196 5813 5742 
10531 814 5654 813 
10532 1036 5774 5723 
10533 977 5693 976 
10534 1013 5652 1012 
10535 1168 5691 1169 
10536 984 5642 983 
10537 965 5611 964 
10538 1076 5859 1077 
10539 5710 5826 1257 
10540 917 5651 916 
10541 1236 5857 1237 
10542 902 5597 901 
10543 1121 5805 1122 
10544 843 5634 842 
10545 1187 5753 5708 
10546 29 5661 1023 
10547 5705 5852 1304 
10548 1215 5752 5709 
10549 19 5589 794 
10550 1117 5713 5674 
10551 853 5631 852 
10552 835 5624 834 
10553 1055 5743 5700 
10554 966 5601 28 
10555 5690 5848 1144 
10556 1005 5630 1004 
10557 1100 5647 1101 
10558 5716 5817 1078 
10559 5722 5783 1238 
10560 987 5632 986 
10561 1027 5765 5679 
10562 5659 5739 1070 
10563 1063 5821 5697 
10564 817 5619 816 
10565 1149 5853 5715 
10566 871 5621 870 
10567 1309 5849 5707 
10568 23 5838 894 
10569 726 5694 5613 
10570 1303 5756 5705 
10571 1028 5623 1029 
10572 757 5698 5580 
10573 1143 5736 5690 
10574 734 5626 733 
10575 5650 5675 1283 
10576 951 5614 950 
10577 1326 5833 1327 
10578 644 5603 5543 
10579 845 5577 844 
10580 1022 5620 1021 
10581 5545 5652 1013 
10582 1207 5612 1208 
10583 1069 5846 5659 
10584 986 5632 5563 
10585 25 5845 951 
10586 5618 5671 713 
10587 1113 5640 1114 
10588 5678 5749 1247 
10589 5707 5762 1310 
10590 726 5613 725 
10591 5715 5797 1150 
10592 863 5720 5616 
10593 796 5608 795 
10594 1277 5701 5657 
10595 22 5593 851 
10596 5643 5725 824 
10597 5803 5885 1045 
10598 863 5616 862 
10599 825 5643 824 
10600 1015 5572 1014 
10601 997 5692 5594 
10602 5615 5653 948 
10603 909 5607 26 
10604 892 5639 891 
10605 5540 5611 965 
10606 930 5591 929 
10607 816 5619 5564 
10608 1295 5602 1296 
10609 5708 5850 1188 
10610 643 5595 642 
10611 5600 5654 814 
10612 755 5638 754 
10613 1206 5778 5664 
10614 997 5594 996 
10615 693 5617 692 
10616 5687 5733 1131 
10617 5682 5732 1159 
10618 1221 5699 1222 
10619 5561 5621 871 
10620 1130 5843 5687 
10621 1088 5886 5768 
10622 5590 5655 744 
10623 5544 5589 19 
10624 5680 5726 1291 
10625 695 5599 694 
10626 757 5580 756 
10627 827 5706 5605 
10628 5588 5642 984 
10629 1273 5750 1274 
10630 827 5605 826 
10631 1172 5793 1173 
10632 1119 5802 1120 
10633 861 5635 860 
10634 1083 5550 1084 
10635 1314 5585 1315 
10636 928 5625 927 
10637 5644 5677 1123 
10638 1155 5560 1156 
10639 1262 5541 1263 
10640 1290 5839 5680 
10641 1338 5669 5633 
10642 901 5597 5537 
10643 5539 5634 843 
10644 1294 5758 5660 
10645 894 5582 893 
10646 1120 5538 1121 
10647 1279 5806 1280 
10648 1154 5584 1155 
10649 1138 5586 1139 
10650 1190 5546 1191 
10651 1298 5581 1299 
10652 5557 5626 734 
10653 852 5631 5587 
10654 5663 5746 1319 
10655 5592 5651 917 
10656 976 5609 975 
10657 745 5590 744 
10658 5574 5624 835 
10659 5814 5884 1133 
10660 976 5693 5609 
10661 950 5614 5555 
10662 1243 5559 1244 
10663 714 5618 713 
10664 5685 5735 1043 
10665 1274 5656 1275 
10666 1102 5536 1103 
10667 1208 5744 1209 
10668 5670 5721 1203 
10669 1242 5576 1243 
10670 806 5622 805 
10671 736 5583 735 
10672 852 5587 24 
10673 674 5610 673 
10674 5571 5630 1005 
10675 949 5615 948 
10676 1210 5575 1211 
10677 1315 5565 1316 
10678 28 5601 5535 
10679 1050 5579 1051 
10680 918 5592 917 
10681 1280 5547 1281 
10682 1082 5578 1083 
10683 725 5613 5556 
10684 1029 5740 1030 
10685 940 5604 939 
10686 1030 5556 1031 
10687 873 5596 872 
10688 1101 5741 1102 
10689 20 5861 758 
10690 705 5598 704 
10691 1296 5737 1297 
10692 815 5600 814 
10693 5541 5643 825 
10694 985 5588 984 
10695 1297 5567 1298 
10696 862 5616 5546 
10697 5666 5712 1024 
10698 1274 5750 5656 
10699 1042 5837 5685 
10700 836 5574 835 
10701 1202 5834 5670 
10702 1006 5571 1005 
10703 1246 5844 5678 
10704 795 5608 5542 
10705 5648 5755 1140 
10706 1112 5558 1113 
10707 5551 5639 892 
10708 1226 5539 1227 
10709 1127 5540 1128 
10710 1066 5545 1067 
10711 5757 5880 1259 
10712 5676 5875 1064 
10713 1333 5543 1334 
10714 1074 5535 1075 
10715 1180 5554 1181 
10716 1327 5641 1328 
10717 1173 5537 1174 
10718 1194 5881 5759 
10719 1209 5566 1210 
10720 5646 5730 1052 
10721 5552 5638 755 
10722 1034 5882 5771 
10723 5683 5883 1178 
10724 929 5591 5548 
10725 1137 5569 1138 
10726 996 5594 5536 
10727 5549 5617 693 
10728 1272 5562 1273 
10729 1313 5799 5645 
10730 5637 5776 1300 
10731 1234 5542 1235 
10732 1171 5668 5606 
10733 1287 5544 1288 
10734 5546 5635 861 
10735 1049 5568 1050 
10736 1266 5877 5748 
10737 826 5605 5541 
10738 1106 5879 5760 
10739 694 5599 5549 
10740 5535 5620 1022 
10741 5627 5754 1212 
10742 1180 5629 5554 
10743 1158 5836 5682 
10744 5548 5625 928 
10745 5542 5593 22 
10746 1093 5563 1094 
10747 756 5580 5552 
10748 1318 5835 5663 
10749 1039 5557 1040 
10750 1199 5561 1200 
10751 1218 5551 1219 
10752 1306 5549 1307 
10753 1146 5548 1147 
10754 1153 5812 5649 
10755 1058 5552 1059 
10756 844 5577 5539 
10757 1325 5553 1326 
10758 1253 5564 1254 
10759 1165 5555 1166 
10760 5696 5873 1125 
10761 1336 5874 5684 
10762 1059 5580 1060 
10763 716 5661 18 
10764 795 5542 22 
10765 673 5544 19 
10766 1067 5572 1068 
10767 893 5582 5551 
10768 975 5609 5550 
10769 1241 5792 5628 
10770 1219 5582 1220 
10771 1147 5591 1148 
10772 704 5565 703 
10773 883 5566 882 
10774 826 5541 825 
10775 893 5551 892 
10776 1007 5558 1006 
10777 950 5555 949 
10778 862 5546 861 
10779 919 5569 918 
10780 805 5559 804 
10781 929 5548 928 
10782 986 5563 985 
10783 872 5561 871 
10784 694 5549 693 
10785 816 5564 815 
10786 715 5553 714 
10787 837 5562 836 
10788 735 5557 734 
10789 756 5552 755 
10790 746 5568 745 
10791 996 5536 995 
10792 939 5560 938 
10793 725 5556 724 
10794 975 5550 974 
10795 684 5567 683 
10796 1075 5601 1076 
10797 805 5622 5559 
10798 1081 5772 5636 
10799 26 5607 5540 
10800 5553 5618 714 
10801 1282 5807 5650 
10802 5727 5878 1322 
10803 1040 5583 1041 
10804 1227 5577 1228 
10805 1254 5619 1255 
10806 5691 5840 1169 
10807 1066 5652 5545 
10808 1286 5589 1287 
10809 5568 5590 745 
10810 1166 5614 1167 
10811 1235 5608 1236 
10812 5555 5615 949 
10813 5729 5876 1162 
10814 1048 5590 1049 
10815 1014 5572 5545 
10816 1100 5702 5647 
10817 1307 5599 1308 
10818 5543 5595 643 
10819 1198 5621 1199 
10820 21 5750 837 
10821 1270 5624 1271 
10822 1334 5603 1335 
10823 5543 5603 1334 
10824 673 5610 5544 
10825 1091 5642 1092 
10826 1174 5597 1175 
10827 894 5838 5582 
10828 1182 5631 1183 
10829 735 5583 5557 
10830 24 5554 908 
10831 26 5540 965 
10832 28 5535 1022 
10833 5719 5872 1250 
10834 1136 5592 1137 
10835 1014 5545 1013 
10836 958 5538 957 
10837 844 5539 843 
10838 901 5537 900 
10839 1127 5611 5540 
10840 788 5547 787 
10841 644 5543 643 
10842 1110 5630 1111 
10843 1305 5617 1306 
10844 786 5570 785 
10845 1094 5632 1095 
10846 1061 5861 1062 
10847 5728 5870 1090 
10848 1126 5611 1127 
10849 1038 5626 1039 
10850 5633 5788 1339 
10851 1199 5621 5561 
10852 939 5604 5560 
10853 995 5741 994 
10854 724 5740 723 
10855 1128 5607 1129 
10856 683 5737 682 
10857 882 5744 881 
10858 974 5578 973 
10859 1163 5653 1164 
10860 747 5579 746 
10861 1028 5679 5623 
10862 884 5575 883 
10863 1122 5805 5644 
10864 1111 5571 1112 
10865 956 5573 955 
10866 804 5576 803 
10867 5556 5613 1031 
10868 1200 5596 1201 
10869 1226 5634 5539 
10870 5563 5632 1094 
10871 1179 5629 1180 
10872 5747 5865 1109 
10873 1039 5626 5557 
10874 5564 5619 1254 
10875 5569 5592 918 
10876 1251 5654 1252 
10877 685 5581 684 
10878 704 5598 5565 
10879 938 5584 937 
10880 920 5586 919 
10881 1271 5574 1272 
10882 1233 5593 1234 
10883 872 5596 5561 
10884 5738 5866 1269 
10885 703 5585 702 
10886 1008 5640 1007 
10887 5564 5600 815 
10888 1184 5867 5714 
10889 5709 5856 1216 
10890 5723 5860 1037 
10891 1207 5664 5612 
10892 5546 5616 1191 
10893 682 5602 681 
10894 1118 5674 5573 
10895 1287 5589 5544 
10896 5563 5588 985 
10897 1288 5610 1289 
10898 5699 5841 1222 
10899 899 5606 898 
10900 1316 5598 1317 
10901 1217 5639 1218 
10902 951 5845 5614 
10903 1145 5625 1146 
10904 881 5612 880 
10905 5542 5608 1235 
10906 5535 5601 1075 
10907 1096 5864 5704 
10908 1181 5587 1182 
10909 1323 5671 1324 
10910 1278 5657 5570 
10911 1092 5588 1093 
10912 1252 5600 1253 
10913 723 5623 722 
10914 5656 5750 21 
10915 1324 5618 1325 
10916 1256 5863 5710 
10917 1103 5594 1104 
10918 18 5788 650 
10919 5742 5862 1197 
10920 5537 5597 1174 
10921 900 5793 899 
10922 957 5802 956 
10923 787 5806 786 
10924 789 5807 788 
10925 959 5805 958 
10926 1262 5643 5541 
10927 27 5810 1008 
10928 5661 5666 1023 
10929 994 5647 993 
10930 1134 5711 1135 
10931 1263 5605 1264 
10932 885 5627 884 
10933 803 5628 802 
10934 17 5833 715 
10935 1031 5613 1032 
10936 637 5641 17 
10937 973 5636 972 
10938 1225 5634 1226 
10939 1156 5604 1157 
10940 1057 5638 1058 
10941 1332 5595 1333 
10942 748 5646 747 
10943 5555 5614 1166 
10944 1295 5660 5602 
10945 1084 5609 1085 
10946 1191 5616 1192 
10947 1032 5694 1033 
10948 1237 5857 5722 
10949 1244 5622 1245 
10950 5536 5594 1103 
10951 686 5637 685 
10952 1218 5639 5551 
10953 921 5648 920 
10954 1077 5859 5716 
10955 1073 5620 1074 
10956 702 5645 701 
10957 937 5649 936 
10958 1164 5615 1165 
10959 5562 5574 836 
10960 1115 5717 1116 
10961 707 5663 706 
10962 1086 5734 1087 
10963 1104 5692 1105 
10964 781 5656 21 
10965 681 5660 680 
10966 942 5682 941 
10967 650 5633 649 
10968 960 5644 959 
10969 5558 5571 1006 
10970 1046 5731 1047 
10971 880 5664 879 
10972 785 5657 784 
10973 808 5678 807 
10974 1167 5845 1168 
10975 1314 5645 5585 
10976 1189 5635 1190 
10977 1261 5643 1262 
10978 1058 5638 5552 
10979 790 5650 789 
10980 1135 5651 1136 
10981 1017 5659 1016 
10982 838 5699 23 
10983 5541 5605 1263 
10984 717 5666 716 
10985 955 5674 954 
10986 722 5679 721 
10987 1047 5655 1048 
10988 875 5670 874 
10989 1154 5649 5584 
10990 859 5708 858 
10991 738 5685 737 
10992 891 5856 890 
10993 847 5672 846 
10994 5586 5648 1139 
10995 895 5691 25 
10996 1306 5617 5549 
10997 1327 5833 5641 
10998 850 5662 849 
10999 641 5658 640 
11000 797 5857 796 
11001 993 5702 992 
11002 5581 5637 1299 
11003 5548 5591 1147 
11004 676 5680 675 
11005 911 5687 910 
11006 1065 5652 1066 
11007 967 5859 966 
11008 24 5587 5554 
11009 932 5715 931 
11010 904 5667 903 
11011 898 5668 897 
11012 793 5681 792 
11013 1020 5665 1019 
11014 697 5707 696 
11015 1275 5745 1276 
11016 733 5860 732 
11017 691 5705 690 
11018 926 5690 925 
11019 968 5716 967 
11020 972 5772 971 
11021 647 5684 646 
11022 798 5722 797 
11023 963 5696 962 
11024 870 5862 869 
11025 753 5700 752 
11026 649 5669 648 
11027 841 5673 840 
11028 961 5677 960 
11029 1264 5706 1265 
11030 5549 5599 1307 
11031 819 5710 818 
11032 989 5704 988 
11033 890 5709 889 
11034 1192 5720 1193 
11035 818 5863 817 
11036 802 5792 801 
11037 732 5723 731 
11038 869 5742 868 
11039 906 5683 905 
11040 791 5675 790 
11041 1011 5676 1010 
11042 1074 5620 5535 
11043 936 5812 935 
11044 784 5701 783 
11045 886 5754 885 
11046 988 5864 987 
11047 855 5714 854 
11048 718 5712 717 
11049 1190 5635 5546 
11050 749 5730 748 
11051 1004 5865 1003 
11052 687 5776 686 
11053 1242 5628 5576 
11054 1146 5625 5548 
11055 1003 5747 1002 
11056 1085 5693 1086 
11057 833 5738 832 
11058 1018 5739 1017 
11059 954 5713 953 
11060 1009 5821 20 
11061 640 5686 639 
11062 701 5799 700 
11063 849 5689 848 
11064 982 5728 981 
11065 834 5866 833 
11066 848 5718 847 
11067 876 5721 875 
11068 922 5755 921 
11069 812 5719 811 
11070 897 5695 896 
11071 639 5761 638 
11072 1019 5688 1018 
11073 739 5735 738 
11074 854 5867 853 
11075 677 5726 676 
11076 946 5729 945 
11077 792 5751 791 
11078 840 5703 839 
11079 708 5746 707 
11080 962 5724 961 
11081 905 5796 904 
11082 1060 5698 1061 
11083 5575 5627 1211 
11084 1010 5697 1009 
11085 648 5764 647 
11086 912 5733 911 
11087 711 5727 710 
11088 5579 5646 1051 
11089 680 5758 679 
11090 943 5732 942 
11091 925 5736 924 
11092 879 5778 878 
11093 698 5762 697 
11094 1082 5636 5578 
11095 809 5749 808 
11096 690 5756 689 
11097 983 5870 982 
11098 933 5797 932 
11099 889 5752 888 
11100 752 5743 751 
11101 799 5783 798 
11102 830 5748 829 
11103 721 5765 720 
11104 858 5753 857 
11105 1000 5760 999 
11106 813 5872 812 
11107 5539 5577 1227 
11108 1260 5725 1261 
11109 5552 5580 1059 
11110 1220 5838 1221 
11111 969 5817 968 
11112 866 5759 865 
11113 731 5774 730 
11114 868 5813 867 
11115 1234 5593 5542 
11116 822 5757 821 
11117 729 5771 728 
11118 992 5766 991 
11119 887 5804 886 
11120 750 5784 749 
11121 820 5826 819 
11122 801 5769 800 
11123 1002 5795 1001 
11124 758 5861 5698 
11125 923 5809 922 
11126 832 5820 831 
11127 971 5763 970 
11128 944 5767 943 
11129 856 5831 855 
11130 688 5791 687 
11131 990 5828 989 
11132 700 5785 699 
11133 679 5800 678 
11134 709 5787 708 
11135 935 5770 934 
11136 947 5876 946 
11137 980 5768 979 
11138 5540 5607 1128 
11139 981 5829 980 
11140 914 5814 913 
11141 5550 5609 1084 
11142 811 5830 810 
11143 719 5825 718 
11144 810 5781 809 
11145 1001 5786 1000 
11146 741 5803 740 
11147 712 5878 711 
11148 999 5879 998 
11149 720 5794 719 
11150 877 5819 876 
11151 710 5827 709 
11152 878 5816 877 
11153 831 5773 830 
11154 945 5832 944 
11155 730 5798 729 
11156 913 5815 912 
11157 857 5779 856 
11158 751 5824 750 
11159 991 5790 990 
11160 689 5811 688 
11161 970 5775 969 
11162 678 5823 677 
11163 829 5877 828 
11164 867 5780 866 
11165 740 5808 739 
11166 5551 5582 1219 
11167 934 5782 933 
11168 821 5777 820 
11169 924 5822 923 
11170 888 5818 887 
11171 800 5789 799 
11172 699 5801 698 
11173 5647 5741 1101 
11174 5544 5610 1288 
11175 728 5882 727 
11176 865 5881 864 
11177 823 5880 822 
11178 5641 5842 1328 
11179 1111 5630 5571 
11180 964 5873 963 
11181 5623 5740 1029 
11182 5612 5744 1208 
11183 1271 5624 5574 
11184 1325 5618 5553 
11185 646 5874 645 
11186 1012 5875 1011 
11187 1048 5655 5590 
11188 1136 5651 5592 
11189 5606 5793 1172 
11190 1333 5595 5543 
11191 915 5884 914 
11192 5587 5631 1182 
11193 1092 5642 5588 
11194 5557 5583 1040 
11195 1165 5615 5555 
11196 5545 5572 1067 
11197 907 5883 906 
11198 5580 5698 1060 
11199 5559 5622 1244 
11200 742 5885 741 
11201 5602 5737 1296 
11202 979 5886 978 
11203 5573 5802 1119 
11204 1164 5653 5615 
11205 1252 5654 5600 
11206 5594 5692 1104 
11207 5560 5604 1156 
11208 5561 5596 1200 
11209 874 5834 873 
11210 5613 5694 1032 
11211 5640 5810 1114 
11212 706 5835 705 
11213 1093 5588 5563 
11214 1253 5600 5564 
11215 1324 5671 5618 
11216 5570 5806 1279 
11217 941 5836 940 
11218 1049 5590 5568 
11219 5605 5706 1264 
11220 5616 5720 1192 
11221 1112 5571 5558 
11222 1135 5711 5651 
11223 737 5837 736 
11224 1272 5574 5562 
11225 1315 5585 5565 
11226 5609 5693 1085 
11227 1047 5731 5655 
11228 5567 5581 1298 
11229 675 5839 674 
11230 1155 5584 5560 
11231 5565 5598 1316 
11232 5569 5586 1138 
11233 1261 5725 5643 
11234 1243 5576 5559 
11235 1120 5802 5538 
11236 5566 5575 1210 
11237 910 5843 909 
11238 807 5844 806 
11239 715 5833 5553 
11240 953 5887 952 
11241 5554 5587 1181 
11242 1083 5578 5550 
11243 1280 5806 5547 
11244 5568 5579 1050 
11245 783 5888 782 
11246 1137 5592 5569 
11247 5693 5734 1086 
11248 5547 5807 1281 
11249 1173 5793 5537 
11250 638 5842 637 
11251 839 5841 838 
11252 896 5840 895 
11253 5538 5805 1121 
11254 5553 5833 1326 
11255 927 5848 926 
11256 5558 5640 1113 
11257 696 5849 695 
11258 5566 5744 882 
11259 5536 5741 995 
11260 5556 5740 724 
11261 5550 5578 974 
11262 5567 5737 683 
11263 883 5575 5566 
11264 746 5579 5568 
11265 5559 5576 804 
11266 1016 5846 1015 
11267 684 5581 5567 
11268 5560 5584 938 
11269 919 5586 5569 
11270 1007 5640 5558 
11271 5565 5585 703 
11272 1102 5741 5536 
11273 860 5850 859 
11274 692 5852 691 
11275 642 5847 641 
11276 931 5853 930 
11277 1030 5740 5556 
11278 754 5854 753 
11279 851 5851 850 
11280 5661 5788 18 
11281 1297 5737 5567 
11282 682 5737 5602 
11283 881 5744 5612 
11284 5641 5833 17 
11285 723 5740 5623 
11286 846 5855 845 
11287 716 5666 5661 
11288 994 5741 5647 
11289 1209 5744 5566 
11290 5578 5636 973 
11291 884 5627 5575 
11292 747 5646 5579 
11293 5576 5628 803 
11294 685 5637 5581 
11295 920 5648 5586 
11296 5584 5649 937 
11297 5585 5645 702 
11298 5597 5869 1175 
11299 1021 5858 1020 
11300 5602 5660 681 
11301 5598 5835 1317 
11302 5612 5664 880 
11303 5537 5793 900 
11304 5538 5802 957 
11305 958 5805 5538 
11306 5623 5679 722 
11307 5547 5806 787 
11308 788 5807 5547 
11309 1286 5868 5589 
11310 5604 5836 1157 
11311 786 5806 5570 
11312 1189 5850 5635 
11313 5622 5844 1245 
11314 956 5802 5573 
11315 5647 5702 993 
11316 5591 5853 1148 
11317 5636 5772 972 
11318 5572 5846 1068 
11319 5570 5657 785 
11320 5628 5792 802 
11321 885 5754 5627 
11322 899 5793 5606 
11323 748 5730 5646 
11324 5649 5812 936 
11325 686 5776 5637 
11326 5645 5799 701 
11327 921 5755 5648 
11328 5573 5674 955 
11329 707 5746 5663 
11330 717 5712 5666 
11331 5660 5758 680 
11332 5577 5855 1228 
11333 942 5732 5682 
11334 5599 5849 1308 
11335 5664 5778 879 
11336 875 5721 5670 
11337 808 5749 5678 
11338 796 5857 5608 
11339 738 5735 5685 
11340 5639 5856 891 
11341 5583 5837 1041 
11342 1057 5854 5638 
11343 650 5788 5633 
11344 5644 5805 959 
11345 5610 5839 1289 
11346 676 5726 5680 
11347 5679 5765 721 
11348 911 5733 5687 
11349 966 5859 5601 
11350 1305 5852 5617 
11351 5650 5807 789 
11352 5606 5668 898 
11353 5708 5753 858 
11354 1225 5871 5634 
11355 1332 5847 5595 
11356 794 5868 793 
11357 697 5762 5707 
11358 932 5797 5715 
11359 5702 5766 992 
11360 5690 5736 925 
11361 5705 5756 690 
11362 1073 5858 5620 
11363 798 5783 5722 
11364 968 5817 5716 
11365 5700 5743 752 
11366 5709 5752 889 
11367 5626 5860 733 
11368 5607 5843 1129 
11369 5596 5834 1201 
11370 971 5772 5763 
11371 1145 5848 5625 
11372 819 5826 5710 
11373 5723 5774 731 
11374 989 5828 5704 
11375 5742 5813 868 
11376 801 5792 5769 
11377 886 5804 5754 
11378 749 5784 5730 
11379 855 5831 5714 
11380 935 5812 5770 
11381 5747 5795 1002 
11382 718 5825 5712 
11383 5738 5820 832 
11384 687 5791 5776 
11385 700 5799 5785 
11386 922 5809 5755 
11387 5728 5829 981 
11388 5621 5862 870 
11389 876 5819 5721 
11390 5719 5830 811 
11391 1233 5851 5593 
11392 739 5808 5735 
11393 903 5869 902 
11394 708 5787 5746 
11395 677 5823 5726 
11396 943 5767 5732 
11397 5758 5800 679 
11398 5729 5832 945 
11399 817 5863 5619 
11400 912 5815 5733 
11401 5727 5827 710 
11402 842 5871 841 
11403 809 5781 5749 
11404 5778 5816 878 
11405 5736 5822 924 
11406 698 5801 5762 
11407 5756 5811 689 
11408 5782 5797 933 
11409 5663 5835 706 
11410 5765 5794 720 
11411 5633 5669 649 
11412 5743 5824 751 
11413 830 5773 5748 
11414 5752 5818 888 
11415 960 5677 5644 
11416 799 5789 5783 
11417 1000 5786 5760 
11418 5753 5779 857 
11419 5775 5817 969 
11420 5774 5798 730 
11421 5766 5790 991 
11422 987 5864 5632 
11423 867 5813 5780 
11424 866 5780 5759 
11425 729 5798 5771 
11426 5757 5777 821 
11427 5777 5826 820 
11428 1001 5795 5786 
11429 750 5824 5784 
11430 831 5820 5773 
11431 887 5818 5804 
11432 5763 5775 970 
11433 837 5750 5562 
11434 5779 5831 856 
11435 5769 5789 800 
11436 5790 5828 990 
11437 980 5829 5768 
11438 688 5811 5791 
11439 944 5832 5767 
11440 923 5822 5809 
11441 709 5827 5787 
11442 810 5830 5781 
11443 5630 5865 1004 
11444 5794 5825 719 
11445 5770 5782 934 
11446 5800 5823 678 
11447 5785 5801 699 
11448 5814 5815 913 
11449 5657 5701 784 
11450 5816 5819 877 
11451 5803 5808 740 
11452 5682 5836 941 
11453 790 5675 5650 
11454 5670 5834 874 
11455 1017 5739 5659 
11456 5674 5713 954 
11457 847 5718 5672 
11458 5658 5686 640 
11459 5624 5866 834 
11460 5662 5689 849 
11461 5685 5837 737 
11462 853 5867 5631 
11463 5668 5695 897 
11464 5665 5688 1019 
11465 904 5796 5667 
11466 5681 5751 792 
11467 647 5764 5684 
11468 5696 5724 962 
11469 5673 5703 840 
11470 5669 5764 648 
11471 961 5724 5677 
11472 5680 5839 675 
11473 5678 5844 807 
11474 791 5751 5675 
11475 5683 5796 905 
11476 5676 5697 1010 
11477 5688 5739 1018 
11478 5689 5718 848 
11479 5686 5761 639 
11480 1168 5845 5691 
11481 5642 5870 983 
11482 5687 5843 910 
11483 5654 5872 813 
11484 5699 5838 23 
11485 5601 5859 1076 
11486 859 5850 5708 
11487 5707 5849 696 
11488 926 5848 5690 
11489 5653 5876 947 
11490 5611 5873 964 
11491 1221 5838 5699 
11492 5632 5864 1095 
11493 5715 5853 931 
11494 5619 5863 1255 
11495 691 5852 5705 
11496 1062 5861 5821 
11497 645 5874 5603 
11498 5671 5878 712 
11499 873 5834 5596 
11500 998 5879 5692 
11501 828 5877 5706 
11502 5608 5857 1236 
11503 753 5854 5700 
11504 5652 5875 1012 
11505 705 5835 5598 
11506 5725 5880 823 
11507 5631 5867 1183 
11508 29 5788 5661 
11509 1008 5810 5640 
11510 1198 5862 5621 
11511 727 5882 5694 
11512 736 5837 5583 
11513 864 5881 5720 
11514 940 5836 5604 
11515 1251 5872 5654 
11516 1270 5866 5624 
11517 5659 5846 1016 
11518 1091 5870 5642 
11519 1038 5860 5626 
11520 1217 5856 5639 
11521 5603 5874 1335 
11522 5629 5883 907 
11523 641 5847 5658 
11524 5761 5842 638 
11525 5695 5840 896 
11526 1110 5865 5630 
11527 5582 5838 1220 
11528 5703 5841 839 
11529 850 5851 5662 
11530 1163 5876 5653 
11531 1323 5878 5671 
11532 674 5839 5610 
11533 5672 5855 846 
11534 1179 5883 5629 
11535 1126 5873 5611 
11536 5562 5750 1273 
11537 1020 5858 5665 
11538 5711 5884 915 
11539 5691 5845 25 
11540 909 5843 5607 
11541 5731 5885 742 
11542 5614 5845 1167 
11543 806 5844 5622 
11544 1065 5875 5652 
11545 793 5868 5681 
11546 978 5886 5734 
11547 5667 5869 903 
11548 1260 5880 5725 
11549 841 5871 5673 
11550 890 5856 5709 
11551 5722 5857 797 
11552 1015 5846 5572 
11553 5706 5877 1265 
11554 5692 5879 1105 
11555 5716 5859 967 
11556 5734 5886 1087 
11557 5625 5848 927 
11558 695 5849 5599 
11559 5694 5882 1033 
11560 5595 5847 642 
11561 5697 5821 1009 
11562 732 5860 5723 
11563 5617 5852 692 
11564 5720 5881 1193 
11565 5593 5851 851 
11566 930 5853 5591 
11567 1134 5884 5711 
11568 5635 5850 860 
11569 869 5862 5742 
11570 5710 5863 818 
11571 845 5855 5577 
11572 1046 5885 5731 
11573 5638 5854 754 
11574 5704 5864 988 
11575 5717 5887 1116 
11576 637 5842 5641 
11577 1003 5865 5747 
11578 952 5887 5717 
11579 782 5888 5745 
11580 838 5841 5699 
11581 833 5866 5738 
11582 5714 5867 854 
11583 5745 5888 1276 
11584 895 5840 5691 
11585 5620 5858 1021 
11586 5698 5861 1061 
11587 982 5870 5728 
11588 963 5873 5696 
11589 812 5872 5719 
11590 5684 5874 646 
11591 1011 5875 5676 
11592 946 5876 5729 
11593 5589 5868 794 
11594 711 5878 5727 
11595 5748 5877 829 
11596 5821 5861 20 
11597 5760 5879 999 
11598 902 5869 5597 
11599 5634 5871 842 
11600 5759 5881 865 
11601 822 5880 5757 
11602 906 5883 5683 
11603 5771 5882 728 
11604 914 5884 5814 
11605 741 5885 5803 
11606 5768 5886 979 
11607 5713 5887 953 
11608 5701 5888 783 
2 18 2 1004
11609 6136 6167 5944 
11610 6012 6135 6009 
11611 5956 6046 6044 
11612 6135 6167 6136 
11613 5953 6091 6089 
11614 5999 6126 6001 
11615 6004 6222 5939 
11616 5889 6108 6106 
11617 5898 6064 6062 
11618 5911 5987 5985 
11619 6044 6160 5956 
11620 6051 6172 6141 
11621 5924 6229 6159 
11622 6089 6155 5953 
11623 6159 6229 6170 
11624 6005 6222 6004 
11625 6001 6126 6007 
11626 5899 6027 6026 
11627 5952 6187 6035 
11628 5896 6061 6058 
11629 5891 6105 6102 
11630 5908 5984 5981 
11631 5912 5992 5991 
11632 5900 6069 6068 
11633 5890 6163 6112 
11634 5889 6109 6108 
11635 5898 6065 6064 
11636 5911 5988 5987 
11637 5896 6058 6056 
11638 5891 6102 6100 
11639 5908 5981 5979 
11640 6172 6261 6141 
11641 5901 6022 6020 
11642 6009 6135 6010 
11643 6002 6004 5934 
11644 5991 6300 5912 
11645 6112 6299 5890 
11646 6068 6301 5900 
11647 6012 6167 6135 
11648 5902 6016 6014 
11649 6165 6208 5947 
11650 5996 6228 5931 
11651 5931 6219 5996 
11652 5902 6019 6016 
11653 5910 6126 5999 
11654 6049 6124 6048 
11655 6094 6123 6093 
11656 5972 6081 5971 
11657 6010 6135 6134 
11658 6026 6298 5899 
11659 6153 6285 6031 
11660 6176 6238 5925 
11661 6132 6226 6217 
11662 5925 6236 6176 
11663 6150 6246 5936 
11664 5936 6240 6150 
11665 5966 6127 5963 
11666 6088 6125 6085 
11667 6043 6119 6040 
11668 6217 6226 5919 
11669 6136 6223 6134 
11670 5930 6223 6136 
11671 6106 6182 5889 
11672 6062 6181 5898 
11673 5985 6183 5911 
11674 6141 6163 6051 
11675 5899 6028 6027 
11676 5947 6208 6170 
11677 6010 6134 6133 
11678 6035 6209 5952 
11679 5953 6205 6091 
11680 5938 6162 6139 
11681 5910 5999 5997 
11682 5943 6188 5969 
11683 5956 6199 6046 
11684 6151 6225 6213 
11685 6030 6153 6031 
11686 6004 6215 5934 
11687 6079 6122 6121 
11688 6154 6278 5945 
11689 6020 6227 5901 
11690 6167 6220 6194 
11691 5945 6247 6154 
11692 6034 6253 6036 
11693 6034 6285 6253 
11694 6142 6143 5949 
11695 6124 6242 6048 
11696 6123 6241 6093 
11697 6081 6243 5971 
11698 5901 6023 6022 
11699 6213 6225 5916 
11700 6031 6285 6034 
11701 5912 5993 5992 
11702 5900 6070 6069 
11703 6118 6120 5903 
11704 6187 6270 6035 
11705 5931 6228 6137 
11706 6056 6146 5896 
11707 6100 6147 5891 
11708 5979 6148 5908 
11709 6278 6302 6196 
11710 5939 6215 6004 
11711 5966 6294 6127 
11712 6088 6293 6125 
11713 6043 6295 6119 
11714 6121 6129 6079 
11715 6014 6131 5902 
11716 5945 6278 6196 
11717 5913 6149 6140 
11718 6016 6019 6018 
11719 6019 6020 6018 
11720 6094 6095 6036 
11721 172 6030 173 
11722 6137 6250 5931 
11723 6173 6174 5933 
11724 5959 6145 6144 
11725 6180 6264 6006 
11726 6180 6282 6264 
11727 6115 6120 6118 
11728 6085 6125 6082 
11729 6040 6119 6037 
11730 5963 6127 5960 
11731 6074 6133 6077 
11732 5903 6258 6118 
11733 6144 6149 5959 
11734 5997 6128 5910 
11735 5921 6177 6161 
11736 6073 6133 6074 
11737 6143 6166 5923 
11738 5993 6128 5997 
11739 6188 6221 5969 
11740 6210 6245 6168 
11741 5934 6180 6002 
11742 6054 6146 6056 
11743 6098 6147 6100 
11744 5977 6148 5979 
11745 6109 6110 6108 
11746 6065 6066 6064 
11747 5988 5989 5987 
11748 5941 6216 5996 
11749 6114 6115 6070 
11750 6079 6129 6075 
11751 6011 6131 6014 
11752 5904 6294 5971 
11753 5894 6293 6093 
11754 5892 6295 6048 
11755 5935 6139 6138 
11756 5938 6174 6162 
11757 5919 6226 6072 
11758 5896 6274 6061 
11759 5891 6275 6105 
11760 5908 6276 5984 
11761 6079 6284 6122 
11762 5949 6161 6142 
11763 6110 6149 6144 
11764 6135 6136 6134 
11765 6199 6230 6046 
11766 6140 6149 6110 
11767 6133 6134 6077 
11768 6164 6165 5926 
11769 5971 6243 5904 
11770 6093 6241 5894 
11771 6048 6242 5892 
11772 6205 6237 6091 
11773 6005 6263 6122 
11774 6174 6267 5933 
11775 5890 6257 6163 
11776 6089 6297 6155 
11777 6087 6297 6089 
11778 6113 6280 5958 
11779 6138 6152 5935 
11780 5912 6128 5993 
11781 5900 6114 6070 
11782 6122 6284 6005 
11783 6118 6258 5974 
11784 5954 6211 6132 
11785 5958 6251 6113 
11786 6202 6218 6216 
11787 6023 6024 6022 
11788 6194 6220 5928 
11789 5914 6178 6145 
11790 5993 5994 5992 
11791 5899 6030 6028 
11792 6070 6175 6069 
11793 6139 6259 5938 
11794 6114 6120 6115 
11795 5936 6246 6006 
11796 6020 6021 6018 
11797 173 6030 5899 
11798 6072 6252 5919 
11799 6010 6133 6130 
11800 5944 6256 6136 
11801 6018 6164 6017 
11802 5989 6162 5987 
11803 5961 5975 5964 
11804 6038 6052 6041 
11805 6083 6096 6086 
11806 6144 6145 6107 
11807 5916 6225 6113 
11808 6109 6111 6110 
11809 6110 6144 6108 
11810 6065 6067 6066 
11811 6066 6142 6064 
11812 5988 5990 5989 
11813 6115 6116 6070 
11814 6064 6142 6063 
11815 6108 6144 6107 
11816 5932 6245 6210 
11817 6127 6294 5904 
11818 6119 6295 5892 
11819 6125 6293 5894 
11820 6202 6216 5941 
11821 6130 6133 6073 
11822 5955 6179 6151 
11823 6042 6287 6044 
11824 5909 6263 6007 
11825 6280 6305 6197 
11826 6044 6287 6160 
11827 5996 6219 5941 
11828 6139 6162 5989 
11829 6069 6175 6071 
11830 6023 6025 6024 
11831 5993 5995 5994 
11832 6191 6255 5948 
11833 6142 6161 6063 
11834 5947 6254 6165 
11835 6020 6022 6021 
11836 6161 6269 5921 
11837 6109 6112 6111 
11838 6111 6140 6110 
11839 6066 6143 6142 
11840 6065 6068 6067 
11841 5988 5991 5990 
11842 5990 6138 5989 
11843 6115 6117 6116 
11844 6080 6284 6079 
11845 6023 6026 6025 
11846 5993 5997 5995 
11847 5995 6150 5994 
11848 150 6037 151 
11849 165 6082 166 
11850 132 5960 133 
11851 6111 6141 6140 
11852 6068 6069 6067 
11853 5991 5992 5990 
11854 6138 6139 5989 
11855 6115 6118 6117 
11856 6026 6027 6025 
11857 5997 5998 5995 
11858 6030 6031 6028 
11859 6069 6071 6067 
11860 6027 6029 6025 
11861 5997 5999 5998 
11862 6031 6032 6028 
11863 5999 6000 5998 
11864 6031 6033 6032 
11865 6000 6006 5998 
11866 5999 6001 6000 
11867 6031 6034 6033 
11868 6001 6002 6000 
11869 6034 6035 6033 
11870 6001 6003 6002 
11871 6034 6036 6035 
11872 6003 6004 6002 
11873 6001 6007 6003 
11874 6003 6005 6004 
11875 6106 6108 6107 
11876 5985 5987 5986 
11877 6062 6064 6063 
11878 6062 6063 6060 
11879 6106 6107 6104 
11880 5985 5986 5983 
11881 6061 6062 6060 
11882 6105 6106 6104 
11883 6050 6051 6049 
11884 5973 5974 5972 
11885 5984 5985 5983 
11886 6092 6095 6094 
11887 6058 6061 6060 
11888 6102 6105 6104 
11889 6047 6050 6049 
11890 5981 5984 5983 
11891 5970 5973 5972 
11892 6102 6104 6103 
11893 6092 6094 6093 
11894 6058 6060 6059 
11895 6047 6049 6048 
11896 5981 5983 5982 
11897 5970 5972 5971 
11898 6102 6103 6101 
11899 6092 6093 6090 
11900 6047 6048 6045 
11901 6058 6059 6057 
11902 5981 5982 5980 
11903 5970 5971 5968 
11904 6016 6018 6017 
11905 6100 6102 6101 
11906 6101 6113 6099 
11907 6091 6092 6090 
11908 6056 6058 6057 
11909 6046 6047 6045 
11910 6057 6072 6055 
11911 5980 6137 5978 
11912 5969 5970 5968 
11913 5979 5981 5980 
11914 6016 6017 6015 
11915 6100 6101 6099 
11916 6089 6091 6090 
11917 6044 6046 6045 
11918 6056 6057 6055 
11919 5979 5980 5978 
11920 5967 5969 5968 
11921 6014 6016 6015 
11922 6015 6154 6013 
11923 6089 6090 6088 
11924 6098 6100 6099 
11925 6044 6045 6043 
11926 6054 6056 6055 
11927 5977 5979 5978 
11928 5967 5968 5966 
11929 6078 6080 6079 
11930 6014 6015 6013 
11931 6087 6089 6088 
11932 6098 6099 6097 
11933 6042 6044 6043 
11934 6054 6055 6053 
11935 5965 5967 5966 
11936 5977 5978 5976 
11937 6078 6079 6075 
11938 6011 6014 6013 
11939 6087 6088 6085 
11940 6084 6098 6097 
11941 6097 6151 6096 
11942 6039 6054 6053 
11943 6042 6043 6040 
11944 6053 6132 6052 
11945 5965 5966 5963 
11946 5976 5996 5975 
11947 5962 5977 5976 
11948 6076 6078 6075 
11949 6074 6077 6076 
11950 6011 6013 6012 
11951 6084 6097 6096 
11952 6086 6087 6085 
11953 6041 6042 6040 
11954 6039 6053 6052 
11955 5964 5965 5963 
11956 5962 5976 5975 
11957 6151 6179 6096 
11958 6143 6260 5949 
11959 6072 6277 5951 
11960 6095 6209 6036 
11961 6074 6076 6075 
11962 6011 6012 6009 
11963 5958 6280 6197 
11964 6084 6096 6083 
11965 6083 6086 6085 
11966 6038 6041 6040 
11967 6039 6052 6038 
11968 5961 5964 5963 
11969 5962 5975 5961 
11970 6025 6159 6024 
11971 105 5945 104 
11972 107 5928 106 
11973 109 5944 108 
11974 1 5937 123 
11975 49 5946 48 
11976 57 5949 56 
11977 91 5920 90 
11978 61 5951 60 
11979 99 5924 98 
11980 101 5947 100 
11981 37 5940 36 
11982 111 5930 110 
11983 51 5925 50 
11984 53 5948 52 
11985 83 5916 82 
11986 55 5923 54 
11987 41 5941 40 
11988 59 5921 58 
11989 81 5958 80 
11990 87 5918 86 
11991 97 5950 96 
11992 117 5939 116 
11993 39 5931 38 
11994 47 5927 46 
11995 73 5957 72 
11996 35 5933 34 
11997 63 5919 62 
11998 67 5917 66 
11999 79 5914 78 
12000 65 5954 64 
12001 69 5956 68 
12002 85 5955 84 
12003 95 5922 94 
12004 33 5938 32 
12005 113 5942 112 
12006 115 5932 114 
12007 75 5913 74 
12008 77 5959 76 
12009 89 5953 88 
12010 93 5952 92 
12011 31 5935 30 
12012 43 5929 42 
12013 45 5943 44 
12014 122 5936 121 
12015 119 5934 118 
12016 103 5926 102 
12017 71 5915 70 
12018 6029 6159 6025 
12019 6132 6211 6052 
12020 5987 6162 5986 
12021 6006 6264 5936 
12022 6145 6178 6107 
12023 6074 6075 5907 
12024 6008 6011 6009 
12025 6009 6010 5905 
12026 6112 6163 6111 
12027 6111 6163 6141 
12028 5913 6268 6149 
12029 6172 6203 5957 
12030 6191 6279 6255 
12031 6007 6266 5909 
12032 6075 6129 5907 
12033 6010 6130 5905 
12034 6008 6131 6011 
12035 5952 6209 6186 
12036 5996 6216 5975 
12037 6012 6220 6167 
12038 6126 6266 6007 
12039 5893 6084 6083 
12040 6083 6085 6082 
12041 5895 6039 6038 
12042 6038 6040 6037 
12043 5961 5963 5960 
12044 5906 5962 5961 
12045 6067 6166 6066 
12046 5969 6286 5943 
12047 6084 6156 6098 
12048 6039 6157 6054 
12049 5962 6158 5977 
12050 6222 6284 6080 
12051 6054 6157 6146 
12052 6098 6156 6147 
12053 5977 6158 6148 
12054 6161 6177 6063 
12055 6066 6166 6143 
12056 5951 6252 6072 
12057 6021 6165 6164 
12058 6162 6174 5986 
12059 6021 6164 6018 
12060 6163 6257 6051 
12061 6189 6211 5954 
12062 5983 6173 5982 
12063 6165 6254 5926 
12064 6060 6177 6059 
12065 6104 6178 6103 
12066 6094 6253 6123 
12067 6071 6166 6067 
12068 6113 6251 5916 
12069 6002 6180 6000 
12070 6076 6168 6078 
12071 6086 6232 6087 
12072 6277 6304 6200 
12073 6132 6217 5954 
12074 6167 6194 5944 
12075 6028 6212 6027 
12076 5973 6169 5974 
12077 172 6153 6030 
12078 6037 6119 151 
12079 6082 6125 166 
12080 5960 6127 133 
12081 6041 6224 6042 
12082 6138 6214 6152 
12083 6096 6179 6086 
12084 5928 6220 6154 
12085 6169 6195 5946 
12086 6024 6208 6022 
12087 5994 6214 5992 
12088 6168 6171 5942 
12089 6076 6171 6168 
12090 6116 6176 6175 
12091 6049 6257 6124 
12092 5972 6258 6081 
12093 6169 6265 5974 
12094 6022 6208 6021 
12095 6073 6074 5907 
12096 6121 6122 5909 
12097 6008 6009 5905 
12098 5992 6214 5990 
12099 6159 6170 6024 
12100 5923 6260 6143 
12101 6154 6220 6013 
12102 5970 6221 5973 
12103 6052 6211 6041 
12104 6019 6227 6020 
12105 6116 6175 6070 
12106 6077 6171 6076 
12107 6137 6273 5940 
12108 6050 6172 6051 
12109 6097 6225 6151 
12110 5955 6204 6179 
12111 6113 6225 6099 
12112 6189 6224 6211 
12113 5986 6173 5983 
12114 5889 6233 6109 
12115 5898 6235 6065 
12116 5911 6234 5988 
12117 6053 6226 6132 
12118 6072 6226 6055 
12119 5976 6228 5996 
12120 6134 6223 6077 
12121 6137 6228 5978 
12122 6136 6256 5930 
12123 6171 6223 6190 
12124 6063 6177 6060 
12125 6107 6178 6104 
12126 6047 6230 6050 
12127 6193 6265 6169 
12128 6105 6182 6106 
12129 5984 6183 5985 
12130 6061 6181 6062 
12131 5951 6277 6200 
12132 5986 6174 6173 
12133 5893 6156 6084 
12134 5895 6157 6039 
12135 5906 6158 5962 
12136 6171 6190 5942 
12137 6092 6237 6095 
12138 6151 6213 5955 
12139 6000 6180 6006 
12140 5975 6216 5964 
12141 6209 6288 6186 
12142 6036 6209 6035 
12143 5893 6083 6082 
12144 5895 6038 6037 
12145 6145 6272 5914 
12146 5906 5961 5960 
12147 6176 6236 5948 
12148 6006 6246 5998 
12149 5964 6218 5965 
12150 116 6184 115 
12151 96 6185 95 
12152 66 6189 65 
12153 50 6192 49 
12154 98 6198 97 
12155 104 6196 103 
12156 94 6187 93 
12157 112 6190 111 
12158 92 6186 91 
12159 46 6188 45 
12160 108 6194 107 
12161 36 6207 35 
12162 44 6206 43 
12163 48 6195 47 
12164 54 6191 53 
12165 70 6199 69 
12166 74 6201 73 
12167 80 6197 79 
12168 60 6200 59 
12169 42 6202 41 
12170 72 6203 71 
12171 86 6204 85 
12172 90 6205 89 
12173 5995 6246 6150 
12174 5935 6259 6139 
12175 6036 6253 6094 
12176 6032 6212 6028 
12177 6166 6279 5923 
12178 6021 6208 6165 
12179 5940 6250 6137 
12180 5939 6184 116 
12181 5950 6185 96 
12182 115 6184 5932 
12183 111 6190 5930 
12184 95 6185 5922 
12185 5944 6194 108 
12186 5945 6196 104 
12187 5924 6198 98 
12188 5942 6190 112 
12189 5958 6197 80 
12190 49 6192 5946 
12191 45 6188 5943 
12192 93 6187 5952 
12193 5951 6200 60 
12194 65 6189 5954 
12195 43 6206 5929 
12196 5927 6188 46 
12197 5952 6186 92 
12198 5925 6192 50 
12199 5917 6189 66 
12200 5957 6203 72 
12201 107 6194 5928 
12202 5920 6205 90 
12203 5913 6201 74 
12204 5946 6195 48 
12205 97 6198 5950 
12206 5922 6187 94 
12207 35 6207 5933 
12208 5940 6207 36 
12209 103 6196 5926 
12210 5923 6191 54 
12211 85 6204 5955 
12212 91 6186 5920 
12213 41 6202 5941 
12214 53 6191 5948 
12215 5929 6202 42 
12216 5915 6199 70 
12217 73 6201 5957 
12218 47 6195 5927 
12219 5943 6206 44 
12220 69 6199 5956 
12221 71 6203 5915 
12222 5918 6204 86 
12223 79 6197 5914 
12224 59 6200 5921 
12225 89 6205 5953 
12226 5950 6231 6185 
12227 6116 6238 6176 
12228 6273 6292 6207 
12229 190 6126 191 
12230 131 5906 132 
12231 147 6146 148 
12232 166 6125 167 
12233 154 6124 155 
12234 182 5905 183 
12235 149 5895 150 
12236 184 6073 185 
12237 176 5901 177 
12238 171 6153 172 
12239 136 6081 137 
12240 164 5893 165 
12241 162 6147 163 
12242 185 5907 186 
12243 129 6148 130 
12244 128 5908 129 
12245 161 5891 162 
12246 151 6119 152 
12247 137 5903 138 
12248 139 6114 140 
12249 163 6156 164 
12250 140 5900 141 
12251 183 6130 184 
12252 188 5909 189 
12253 125 5911 126 
12254 187 6121 188 
12255 152 5892 153 
12256 148 6157 149 
12257 130 6158 131 
12258 186 6129 187 
12259 138 6120 139 
12260 173 5899 174 
12261 143 5898 144 
12262 170 5897 171 
12263 155 5890 156 
12264 158 5889 159 
12265 167 5894 168 
12266 146 5896 147 
12267 179 5902 180 
12268 134 5904 135 
12269 191 5910 192 
12270 181 6008 182 
12271 180 6131 181 
12272 169 6123 170 
12273 193 5912 2 
12274 133 6127 134 
12275 192 6128 193 
12276 6003 6263 6005 
12277 114 6210 113 
12278 5932 6210 114 
12279 113 6210 5942 
12280 6027 6212 6029 
12281 5974 6265 6118 
12282 5955 6213 84 
12283 83 6213 5916 
12284 117 6215 5939 
12285 5934 6215 118 
12286 6150 6240 5937 
12287 5980 6273 6137 
12288 5990 6214 6138 
12289 6057 6277 6072 
12290 6015 6278 6154 
12291 5946 6193 6169 
12292 6168 6245 6078 
12293 5954 6217 64 
12294 63 6217 5919 
12295 6101 6280 6113 
12296 6231 6244 6185 
12297 5920 6237 6205 
12298 6048 6295 6045 
12299 5971 6294 5968 
12300 6093 6293 6090 
12301 84 6213 83 
12302 6159 6271 5924 
12303 5959 6272 6145 
12304 5941 6219 40 
12305 39 6219 5931 
12306 118 6215 117 
12307 6172 6291 6203 
12308 5895 6037 150 
12309 5893 6082 165 
12310 5906 5960 132 
12311 6204 6232 6179 
12312 6193 6306 6117 
12313 5902 6307 6019 
12314 5942 6210 6168 
12315 6170 6208 6024 
12316 6190 6223 5930 
12317 64 6217 63 
12318 144 6181 145 
12319 159 6182 160 
12320 126 6183 127 
12321 6154 6247 5928 
12322 99 6229 5924 
12323 5947 6229 100 
12324 6080 6281 6222 
12325 5901 6239 6023 
12326 5948 6236 52 
12327 51 6236 5925 
12328 185 6073 5907 
12329 149 6157 5895 
12330 5891 6147 162 
12331 6147 6156 163 
12332 164 6156 5893 
12333 5908 6148 129 
12334 137 6081 5903 
12335 184 6130 6073 
12336 5907 6129 186 
12337 140 6114 5900 
12338 6148 6158 130 
12339 152 6119 5892 
12340 188 6121 5909 
12341 5903 6120 138 
12342 139 6120 6114 
12343 187 6129 6121 
12344 6146 6157 148 
12345 131 6158 5906 
12346 5905 6130 183 
12347 5897 6153 171 
12348 155 6124 5890 
12349 167 6125 5894 
12350 5896 6146 147 
12351 191 6126 5910 
12352 182 6008 5905 
12353 170 6123 5897 
12354 5902 6131 180 
12355 134 6127 5904 
12356 5910 6128 192 
12357 181 6131 6008 
12358 193 6128 5912 
12359 40 6219 39 
12360 5948 6255 6176 
12361 6216 6218 5964 
12362 122 6240 5936 
12363 5937 6240 123 
12364 6218 6248 5965 
12365 6192 6193 5946 
12366 6013 6220 6012 
12367 5967 6286 5969 
12368 5915 6230 6199 
12369 5969 6221 5970 
12370 6149 6268 5959 
12371 5898 6181 144 
12372 5889 6182 159 
12373 5911 6183 126 
12374 5928 6247 106 
12375 105 6247 5945 
12376 6122 6263 5909 
12377 37 6250 5940 
12378 5931 6250 38 
12379 6033 6244 6032 
12380 5916 6251 82 
12381 81 6251 5958 
12382 5919 6252 62 
12383 61 6252 5951 
12384 5940 6273 6207 
12385 101 6254 5947 
12386 5926 6254 102 
12387 6212 6249 6029 
12388 6099 6225 6097 
12389 109 6256 5944 
12390 5930 6256 110 
12391 5938 6259 32 
12392 31 6259 5935 
12393 55 6260 5923 
12394 5949 6260 56 
12395 5937 6289 6152 
12396 6055 6226 6053 
12397 6170 6229 5947 
12398 6152 6289 5935 
12399 5978 6228 5976 
12400 5936 6264 121 
12401 33 6267 5938 
12402 5933 6267 34 
12403 100 6229 99 
12404 75 6268 5913 
12405 5959 6268 76 
12406 5921 6269 58 
12407 57 6269 5949 
12408 6005 6284 6222 
12409 6117 6265 6193 
12410 77 6272 5959 
12411 5914 6272 78 
12412 6046 6230 6047 
12413 5965 6248 5967 
12414 5949 6269 6161 
12415 6155 6296 5953 
12416 5918 6296 6155 
12417 5927 6221 6188 
12418 119 6282 5934 
12419 5956 6303 68 
12420 67 6303 5917 
12421 1 6289 5937 
12422 5935 6289 30 
12423 5953 6296 88 
12424 87 6296 5918 
12425 6160 6303 5956 
12426 5917 6303 6160 
12427 5901 6227 177 
12428 5937 6262 6150 
12429 52 6236 51 
12430 6105 6275 6182 
12431 5984 6276 6183 
12432 6061 6274 6181 
12433 6221 6290 5973 
12434 125 6234 5911 
12435 158 6233 5889 
12436 143 6235 5898 
12437 5929 6248 6218 
12438 6091 6237 6092 
12439 6231 6249 6212 
12440 6077 6223 6171 
12441 6117 6238 6116 
12442 6019 6307 6227 
12443 5938 6267 6174 
12444 5929 6218 6202 
12445 176 6239 5901 
12446 5892 6242 153 
12447 154 6242 6124 
12448 136 6243 6081 
12449 5904 6243 135 
12450 5894 6241 168 
12451 169 6241 6123 
12452 123 6240 122 
12453 6017 6302 6278 
12454 6211 6224 6041 
12455 5918 6232 6204 
12456 177 6227 178 
12457 6176 6255 6175 
12458 6123 6253 5897 
12459 5939 6222 6184 
12460 6164 6302 6017 
12461 6078 6245 6080 
12462 5917 6224 6189 
12463 6033 6270 6244 
12464 6150 6262 5994 
12465 5998 6246 5995 
12466 179 6307 5902 
12467 6140 6283 5913 
12468 5909 6266 189 
12469 190 6266 6126 
12470 106 6247 105 
12471 5912 6300 2 
12472 5890 6299 156 
12473 5900 6301 141 
12474 5899 6298 174 
12475 5934 6282 6180 
12476 157 6233 158 
12477 124 6234 125 
12478 142 6235 143 
12479 128 6276 5908 
12480 161 6275 5891 
12481 146 6274 5896 
12482 6169 6290 6195 
12483 6179 6232 6086 
12484 5926 6302 6164 
12485 38 6250 37 
12486 6095 6288 6209 
12487 6230 6291 6050 
12488 82 6251 81 
12489 62 6252 61 
12490 6214 6262 6152 
12491 5923 6279 6191 
12492 175 6239 176 
12493 6232 6297 6087 
12494 168 6241 169 
12495 135 6243 136 
12496 153 6242 154 
12497 6032 6231 6212 
12498 6182 6275 160 
12499 6181 6274 145 
12500 6183 6276 127 
12501 6081 6258 5903 
12502 6124 6257 5890 
12503 6035 6270 6033 
12504 6152 6262 5937 
12505 102 6254 101 
12506 6050 6291 6172 
12507 6051 6257 6049 
12508 5974 6258 5972 
12509 110 6256 109 
12510 6109 6233 6112 
12511 5988 6234 5991 
12512 6065 6235 6068 
12513 6032 6244 6231 
12514 32 6259 31 
12515 5957 6261 6172 
12516 56 6260 55 
12517 6244 6270 5922 
12518 6237 6288 6095 
12519 6023 6239 6026 
12520 6185 6244 5922 
12521 6141 6283 6140 
12522 5982 6292 6273 
12523 6059 6304 6277 
12524 6196 6302 5926 
12525 6007 6263 6003 
12526 6103 6305 6280 
12527 6118 6265 6117 
12528 6029 6271 6159 
12529 6224 6287 6042 
12530 121 6264 120 
12531 5927 6290 6221 
12532 34 6267 33 
12533 6227 6307 178 
12534 5973 6290 6169 
12535 76 6268 75 
12536 58 6269 57 
12537 6206 6248 5929 
12538 6198 6249 5950 
12539 6175 6255 6071 
12540 78 6272 77 
12541 124 6300 6234 
12542 157 6299 6233 
12543 142 6301 6235 
12544 5982 6273 5980 
12545 6117 6306 6238 
12546 175 6298 6239 
12547 6059 6277 6057 
12548 6017 6278 6015 
12549 6155 6297 5918 
12550 5994 6262 6214 
12551 6103 6280 6101 
12552 6160 6287 5917 
12553 120 6282 119 
12554 5914 6305 6178 
12555 189 6266 190 
12556 6201 6261 5957 
12557 6173 6292 5982 
12558 6090 6293 6088 
12559 5968 6294 5966 
12560 6045 6295 6043 
12561 6177 6304 6059 
12562 30 6289 1 
12563 6178 6305 6103 
12564 88 6296 87 
12565 68 6303 67 
12566 5950 6249 6231 
12567 6197 6305 5914 
12568 6071 6279 6166 
12569 160 6275 161 
12570 145 6274 146 
12571 127 6276 128 
12572 5915 6291 6230 
12573 5921 6304 6177 
12574 6264 6282 120 
12575 5922 6270 6187 
12576 6184 6281 5932 
12577 5924 6271 6198 
12578 6239 6298 6026 
12579 6255 6279 6071 
12580 6253 6285 5897 
12581 6200 6304 5921 
12582 5925 6306 6192 
12583 5913 6283 6201 
12584 6234 6300 5991 
12585 6233 6299 6112 
12586 6235 6301 6068 
12587 5933 6292 6173 
12588 174 6298 175 
12589 2 6300 124 
12590 156 6299 157 
12591 141 6301 142 
12592 178 6307 179 
12593 6248 6286 5967 
12594 5897 6285 6153 
12595 6207 6292 5933 
12596 5920 6288 6237 
12597 5943 6286 6206 
12598 6186 6288 5920 
12599 6195 6290 5927 
12600 6203 6291 5915 
12601 6245 6281 6080 
12602 6261 6283 6141 
12603 6192 6306 6193 
12604 6222 6281 6184 
12605 6238 6306 5925 
12606 5917 6287 6224 
12607 5932 6281 6245 
12608 6249 6271 6029 
12609 6198 6271 6249 
12610 5918 6297 6232 
12611 6206 6286 6248 
12612 6201 6283 6261 
$EndElements
