$MeshFormat
4.1 0 8
$EndMeshFormat
$PhysicalNames
11
1 11 "OuterBoundary"
2 1 "RotorYoke"
2 2 "AirGap"
2 3 "StatorYoke"
2 4 "Magnet"
2 5 "Slot_1"
2 6 "Slot_2"
2 7 "Slot_3"
2 8 "Slot_4"
2 9 "Slot_5"
2 10 "Slot_6"
$EndPhysicalNames
$Entities
10 10 10 0
1 0.065 0 0 0 
2 -0.02100000000000002 -0.04330127018922193 0 0 
3 -0.046 6.123233995736766e-18 0 0 
4 0.02900000000000001 -0.04330127018922193 0 0 
5 0.034 0 0 0 
6 0.05400000000000001 0 0 0 
7 -0.02099999999999999 0.04330127018922194 0 0 
8 0.02900000000000001 0.04330127018922193 0 0 
9 0.032 0 0 0 
10 0.012 0 0 0 
1 -0.06500010000000001 -0.06500010000000001 -1e-07 0.06500010000000001 0.06500010000000001 1e-07 1 11 2 1 -1 
2 -0.02900010000000002 -0.04730137018922193 -1e-07 -0.02099990000000002 -0.03930117018922193 1e-07 0 2 2 -2 
3 -0.05400010000000001 -0.004000099999999994 -1e-07 -0.0459999 0.004000100000000006 1e-07 0 2 3 -3 
4 0.02099990000000001 -0.04730137018922194 -1e-07 0.02900010000000001 -0.03930117018922193 1e-07 0 2 4 -4 
5 -0.03400010000000001 -0.03400010000000001 -1e-07 0.03400010000000001 0.03400010000000001 1e-07 0 2 5 -5 
6 0.0459999 -0.0040001 -1e-07 0.05400010000000001 0.0040001 1e-07 0 2 6 -6 
7 -0.02900009999999999 0.03930117018922194 -1e-07 -0.02099989999999999 0.04730137018922194 1e-07 0 2 7 -7 
8 0.02099990000000001 0.03930117018922193 -1e-07 0.02900010000000001 0.04730137018922194 1e-07 0 2 8 -8 
9 -0.0320001 -0.0320001 -1e-07 0.0320001 0.0320001 1e-07 0 2 9 -9 
10 -0.0120001 -0.0120001 -1e-07 0.0120001 0.0120001 1e-07 0 2 10 -10 
1 -0.0120001 -0.0120001 -1e-07 0.0120001 0.0120001 1e-07 1 1 1 10 
5 0.0459999 -0.0040001 -1e-07 0.05400010000000001 0.0040001 1e-07 1 5 1 6 
6 0.02099990000000001 0.03930117018922193 -1e-07 0.02900010000000001 0.04730137018922194 1e-07 1 6 1 8 
7 -0.02900009999999999 0.03930117018922194 -1e-07 -0.02099989999999999 0.04730137018922194 1e-07 1 7 1 7 
8 -0.05400010000000001 -0.004000099999999994 -1e-07 -0.0459999 0.004000100000000006 1e-07 1 8 1 3 
9 -0.02900010000000002 -0.04730137018922193 -1e-07 -0.02099990000000002 -0.03930117018922193 1e-07 1 9 1 2 
10 0.02099990000000001 -0.04730137018922194 -1e-07 0.02900010000000001 -0.03930117018922193 1e-07 1 10 1 4 
11 -0.06500010000000001 -0.06500010000000001 -1e-07 0.06500010000000001 0.06500010000000001 1e-07 1 3 8 1 -2 -3 -4 -5 -6 -7 -8 
12 -0.03400010000000001 -0.03400010000000001 -1e-07 0.03400010000000001 0.03400010000000001 1e-07 1 2 2 5 -9 
13 -0.0320001 -0.0320001 -1e-07 0.0320001 0.0320001 1e-07 1 4 2 9 -10 
$EndEntities
$Nodes
30 7686 1 7686
0 1 0 1
1
0.065 0 0
0 2 0 1
2
-0.02100000000000002 -0.04330127018922193 0
0 3 0 1
3
-0.046 6.123233995736766e-18 0
0 4 0 1
4
0.02900000000000001 -0.04330127018922193 0
0 5 0 1
5
0.034 0 0
0 6 0 1
6
0.05400000000000001 0 0
0 7 0 1
7
-0.02099999999999999 0.04330127018922194 0
0 8 0 1
8
0.02900000000000001 0.04330127018922193 0
0 9 0 1
9
0.032 0 0
0 10 0 1
10
0.012 0 0
1 1 0 102
11
12
13
14
15
16
17
18
19
20
21
22
23
24
25
26
27
28
29
30
31
32
33
34
35
36
37
38
39
40
41
42
43
44
45
46
47
48
49
50
51
52
53
54
55
56
57
58
59
60
61
62
63
64
65
66
67
68
69
70
71
72
73
74
75
76
77
78
79
80
81
82
83
84
85
86
87
88
89
90
91
92
93
94
95
96
97
98
99
100
101
102
103
104
105
106
107
108
109
110
111
112
0.0648790978653931 0.003962658220531328 0
0.06451684122545402 0.007910575092214045 0
0.06391457769867642 0.01182906410498548 0
0.0630745477449367 0.01570354822235092 0
0.06199987633083613 0.01951961410891683 0
0.06069456130461982 0.02326306574894518 0
0.05916345852391865 0.02691997725646435 0
0.05741226379163998 0.03047674468047965 0
0.05544749166720674 0.03392013661256451 0
0.05327645123196846 0.03723734340856886 0
0.05090721889893864 0.0404160248413367 0
0.04834860836800781 0.04344435600716168 0
0.04561013783840112 0.04631107131520551 0
0.04270199460035206 0.04900550639623576 0
0.0396349971377136 0.05151763777477995 0
0.03642055488248784 0.05383812015711258 0
0.03307062577098944 0.05595832119636158 0
0.02959767175953724 0.05787035360540569 0
0.02601461246515819 0.0595671044981006 0
0.0223347771037635 0.06104226184968248 0
0.0185718549045899 0.06229033797791485 0
0.01473984418536785 0.06330668995762674 0
0.01085300027766015 0.06408753689269941 0
0.006925782496092178 0.06462997398124823 0
0.002972800348751864 0.06493198332167639 0
-0.0009912408111399363 0.06499244141940146 0
-0.004951594490109404 0.06481112336632902 0
-0.008893527912353885 0.06438870367752547 0
-0.0128023768266356 0.06372675378197781 0
-0.01666360005825942 0.06282773617677448 0
-0.02046283360319772 0.06169499526645449 0
-0.02418594406312885 0.06033274492160292 0
-0.02781908122260725 0.05874605280297546 0
-0.03134872957277433 0.05694082150946774 0
-0.03476175858993952 0.05492376662005954 0
-0.03804547158199042 0.05270239171142008 0
-0.04118765292092168 0.05028496044410985 0
-0.04417661348577334 0.04768046582122064 0
-0.04700123414692853 0.0448985967338134 0
-0.04965100713000613 0.041949701917607 0
-0.05211607510547143 0.03884475145500177 0
-0.05438726785854948 0.03559529596565241 0
-0.05645613640302644 0.03221342363740423 0
-0.05831498441203311 0.0287117152574404 0
-0.05995689684888646 0.02510319741092734 0
-0.06137576569148023 0.02140129402126232 0
-0.0625663126545284 0.01761977641219662 0
-0.063524108825133 0.01377271207760694 0
-0.06424559113863117 0.009874412349493884 0
-0.06472807563342955 0.005939379158887185 0
-0.06496976743551784 0.001982251087709798 0
-0.06496976743551787 -0.00198225108770857 0
-0.06472807563342967 -0.005939379158885991 0
-0.06424559113863135 -0.009874412349492672 0
-0.06352410882513325 -0.01377271207760577 0
-0.06256631265452872 -0.01761977641219546 0
-0.06137576569148064 -0.02140129402126116 0
-0.05995689684888692 -0.02510319741092623 0
-0.05831498441203364 -0.02871171525743933 0
-0.05645613640302703 -0.03221342363740319 0
-0.05438726785855014 -0.03559529596565141 0
-0.05211607510547214 -0.03884475145500081 0
-0.04965100713000693 -0.04194970191760607 0
-0.04700123414692935 -0.04489859673381254 0
-0.04417661348577418 -0.04768046582121986 0
-0.04118765292092258 -0.05028496044410911 0
-0.03804547158199136 -0.0527023917114194 0
-0.03476175858994044 -0.05492376662005895 0
-0.03134872957277531 -0.05694082150946721 0
-0.02781908122260817 -0.05874605280297502 0
-0.02418594406312978 -0.06033274492160254 0
-0.02046283360319865 -0.06169499526645419 0
-0.01666360005826032 -0.06282773617677424 0
-0.01280237682663652 -0.06372675378197763 0
-0.008893527912354746 -0.06438870367752535 0
-0.00495159449011021 -0.06481112336632895 0
-0.0009912408111407457 -0.06499244141940146 0
0.00297280034875107 -0.06493198332167643 0
0.00692578249609143 -0.06462997398124831 0
0.01085300027765946 -0.06408753689269953 0
0.01473984418536724 -0.06330668995762688 0
0.0185718549045893 -0.06229033797791502 0
0.02233477710376292 -0.0610422618496827 0
0.02601461246515769 -0.05956710449810081 0
0.02959767175953679 -0.05787035360540592 0
0.03307062577098906 -0.0559583211963618 0
0.03642055488248747 -0.05383812015711283 0
0.03963499713771325 -0.05151763777478022 0
0.04270199460035175 -0.04900550639623602 0
0.04561013783840088 -0.04631107131520575 0
0.0483486083680076 -0.04344435600716191 0
0.0509072188989384 -0.04041602484133699 0
0.05327645123196828 -0.03723734340856912 0
0.0554474916672066 -0.03392013661256474 0
0.05741226379163988 -0.03047674468047984 0
0.05916345852391856 -0.02691997725646455 0
0.06069456130461974 -0.02326306574894538 0
0.06199987633083609 -0.01951961410891699 0
0.06307454774493668 -0.01570354822235103 0
0.06391457769867641 -0.01182906410498553 0
0.06451684122545401 -0.007910575092214166 0
0.0648790978653931 -0.003962658220531397 0
1 2 0 41
113
114
115
116
117
118
119
120
121
122
123
124
125
126
127
128
129
130
131
132
133
134
135
136
137
138
139
140
141
142
143
144
145
146
147
148
149
150
151
152
153
-0.02104467669509951 -0.04270510112451723 0
-0.02117770877685546 -0.04212224949157831 0
-0.02139612452839034 -0.04156573523275169 0
-0.02169504490273604 -0.04104798995696744 0
-0.02206779251268072 -0.04058057923813825 0
-0.02250604079256509 -0.04017394425934981 0
-0.02300000000000002 -0.03983716857408418 0
-0.02353863590253444 -0.03957777519464511 0
-0.02410991626417476 -0.03940155854049463 0
-0.02470107962565432 -0.0393124550004972 0
-0.02529892037434572 -0.0393124550004972 0
-0.02589008373582528 -0.03940155854049463 0
-0.0264613640974656 -0.03957777519464511 0
-0.02700000000000002 -0.03983716857408418 0
-0.02749395920743496 -0.04017394425934981 0
-0.02793220748731933 -0.04058057923813825 0
-0.028304955097264 -0.04104798995696744 0
-0.0286038754716097 -0.04156573523275169 0
-0.02882229122314458 -0.0421222494915783 0
-0.02895532330490053 -0.04270510112451722 0
-0.02900000000000002 -0.04330127018922191 0
-0.02895532330490054 -0.04389743925392661 0
-0.02882229122314459 -0.04448029088686552 0
-0.02860387547160971 -0.04503680514569214 0
-0.02830495509726402 -0.04555455042147639 0
-0.02793220748731935 -0.04602196114030558 0
-0.02749395920743498 -0.04642859611909403 0
-0.02700000000000005 -0.04676537180435966 0
-0.02646136409746563 -0.04702476518379873 0
-0.02589008373582532 -0.04720098183794921 0
-0.02529892037434575 -0.04729008537794664 0
-0.02470107962565436 -0.04729008537794665 0
-0.0241099162641748 -0.04720098183794923 0
-0.02353863590253447 -0.04702476518379875 0
-0.02300000000000005 -0.0467653718043597 0
-0.02250604079256511 -0.04642859611909406 0
-0.02206779251268073 -0.04602196114030561 0
-0.02169504490273605 -0.04555455042147643 0
-0.02139612452839035 -0.04503680514569217 0
-0.02117770877685546 -0.04448029088686555 0
-0.02104467669509951 -0.04389743925392663 0
1 3 0 41
154
155
156
157
158
159
160
161
162
163
164
165
166
167
168
169
170
171
172
173
174
175
176
177
178
179
180
181
182
183
184
185
186
187
188
189
190
191
192
193
194
-0.04604467669509949 0.0005961690647047036 0
-0.04617770877685544 0.001179020697643623 0
-0.04639612452839033 0.001735534956470238 0
-0.04669504490273602 0.002253280232254493 0
-0.04706779251268069 0.002720690951083682 0
-0.04750604079256507 0.003127325929872124 0
-0.048 0.00346410161513776 0
-0.04853863590253442 0.003723494994576822 0
-0.04910991626417474 0.0038997116487273 0
-0.0497010796256543 0.003988815188724727 0
-0.0502989203743457 0.003988815188724727 0
-0.05089008373582526 0.003899711648727301 0
-0.05146136409746559 0.003723494994576823 0
-0.052 0.00346410161513776 0
-0.05249395920743494 0.003127325929872124 0
-0.0529322074873193 0.002720690951083684 0
-0.05330495509726398 0.002253280232254497 0
-0.05360387547160968 0.001735534956470242 0
-0.05382229122314457 0.001179020697643631 0
-0.05395532330490051 0.0005961690647047137 0
-0.05400000000000001 1.904757441306747e-17 0
-0.05395532330490052 -0.000596169064704676 0
-0.05382229122314457 -0.001179020697643594 0
-0.05360387547160969 -0.001735534956470208 0
-0.053304955097264 -0.002253280232254461 0
-0.05293220748731933 -0.002720690951083651 0
-0.05249395920743496 -0.003127325929872095 0
-0.05200000000000003 -0.003464101615137733 0
-0.05146136409746561 -0.003723494994576799 0
-0.0508900837358253 -0.00389971164872728 0
-0.05029892037434573 -0.003988815188724712 0
-0.04970107962565434 -0.003988815188724718 0
-0.04910991626417478 -0.003899711648727296 0
-0.04853863590253445 -0.003723494994576822 0
-0.04800000000000003 -0.003464101615137763 0
-0.04750604079256509 -0.003127325929872127 0
-0.04706779251268071 -0.002720690951083686 0
-0.04669504490273603 -0.002253280232254496 0
-0.04639612452839033 -0.001735534956470237 0
-0.04617770877685545 -0.00117902069764362 0
-0.04604467669509949 -0.0005961690647046951 0
1 4 0 41
195
196
197
198
199
200
201
202
203
204
205
206
207
208
209
210
211
212
213
214
215
216
217
218
219
220
221
222
223
224
225
226
227
228
229
230
231
232
233
234
235
0.02895532330490052 -0.04270510112451723 0
0.02882229122314457 -0.04212224949157831 0
0.02860387547160969 -0.0415657352327517 0
0.02830495509726399 -0.04104798995696744 0
0.02793220748731931 -0.04058057923813826 0
0.02749395920743494 -0.04017394425934982 0
0.02700000000000001 -0.03983716857408418 0
0.02646136409746559 -0.03957777519464512 0
0.02589008373582527 -0.03940155854049464 0
0.02529892037434571 -0.03931245500049721 0
0.02470107962565431 -0.03931245500049721 0
0.02410991626417475 -0.03940155854049464 0
0.02353863590253443 -0.03957777519464512 0
0.02300000000000001 -0.03983716857408418 0
0.02250604079256507 -0.04017394425934982 0
0.0220677925126807 -0.04058057923813826 0
0.02169504490273603 -0.04104798995696744 0
0.02139612452839033 -0.0415657352327517 0
0.02117770877685545 -0.04212224949157831 0
0.0210446766950995 -0.04270510112451723 0
0.02100000000000001 -0.04330127018922192 0
0.02104467669509949 -0.04389743925392661 0
0.02117770877685544 -0.04448029088686553 0
0.02139612452839032 -0.04503680514569215 0
0.02169504490273601 -0.0455545504214764 0
0.02206779251268069 -0.04602196114030559 0
0.02250604079256505 -0.04642859611909404 0
0.02299999999999998 -0.04676537180435967 0
0.0235386359025344 -0.04702476518379874 0
0.02410991626417472 -0.04720098183794922 0
0.02470107962565428 -0.04729008537794665 0
0.02529892037434567 -0.04729008537794666 0
0.02589008373582523 -0.04720098183794923 0
0.02646136409746556 -0.04702476518379876 0
0.02699999999999998 -0.0467653718043597 0
0.02749395920743493 -0.04642859611909406 0
0.0279322074873193 -0.04602196114030563 0
0.02830495509726398 -0.04555455042147644 0
0.02860387547160968 -0.04503680514569217 0
0.02882229122314457 -0.04448029088686556 0
0.02895532330490052 -0.04389743925392663 0
1 5 0 355
236
237
238
239
240
241
242
243
244
245
246
247
248
249
250
251
252
253
254
255
256
257
258
259
260
261
262
263
264
265
266
267
268
269
270
271
272
273
274
275
276
277
278
279
280
281
282
283
284
285
286
287
288
289
290
291
292
293
294
295
296
297
298
299
300
301
302
303
304
305
306
307
308
309
310
311
312
313
314
315
316
317
318
319
320
321
322
323
324
325
326
327
328
329
330
331
332
333
334
335
336
337
338
339
340
341
342
343
344
345
346
347
348
349
350
351
352
353
354
355
356
357
358
359
360
361
362
363
364
365
366
367
368
369
370
371
372
373
374
375
376
377
378
379
380
381
382
383
384
385
386
387
388
389
390
391
392
393
394
395
396
397
398
399
400
401
402
403
404
405
406
407
408
409
410
411
412
413
414
415
416
417
418
419
420
421
422
423
424
425
426
427
428
429
430
431
432
433
434
435
436
437
438
439
440
441
442
443
444
445
446
447
448
449
450
451
452
453
454
455
456
457
458
459
460
461
462
463
464
465
466
467
468
469
470
471
472
473
474
475
476
477
478
479
480
481
482
483
484
485
486
487
488
489
490
491
492
493
494
495
496
497
498
499
500
501
502
503
504
505
506
507
508
509
510
511
512
513
514
515
516
517
518
519
520
521
522
523
524
525
526
527
528
529
530
531
532
533
534
535
536
537
538
539
540
541
542
543
544
545
546
547
548
549
550
551
552
553
554
555
556
557
558
559
560
561
562
563
564
565
566
567
568
569
570
571
572
573
574
575
576
577
578
579
580
581
582
583
584
585
586
587
588
589
590
0.03398958620692198 0.0008414448777066951 0
0.03396842199004377 0.001465028158879775 0
0.03393737283713744 0.002062698454240492 0
0.03389580856409954 0.002659729645267894 0
0.03384374204916098 0.003255936748441717 0
0.03378118942455634 0.003851135035576215 0
0.03370817007152547 0.004445140091056151 0
0.03362470661430839 0.005037767868975932 0
0.03353082491313544 0.005628834750164214 0
0.03342655405621481 0.006218157599076257 0
0.03331192635071983 0.00680555382053646 0
0.03318697731277897 0.00739084141631346 0
0.03305174565647157 0.007973839041510274 0
0.03290627328183267 0.008554366060752005 0
0.0327506052618708 0.009132242604153728 0
0.03258478982860259 0.009707289623051179 0
0.03240887835810858 0.01027932894547701 0
0.03222292535461493 0.0108481833313654 0
0.03202698843360592 0.01141367652746795 0
0.03182112830397237 0.01197563332196378 0
0.03160540874920168 0.01253387959874698 0
0.03137989660761528 0.01308824239137459 0
0.03114466175165943 0.01363854993665831 0
0.03089977706625604 0.01418463172788344 0
0.0306453184262201 0.01472631856763851 0
0.03038136467275072 0.0152634426202392 0
0.030107997589003 0.01579583746373042 0
0.02982530187474848 0.01632333814145026 0
0.02953336512013181 0.01684578121314004 0
0.02923227777853193 0.01736300480558444 0
0.02892032367895639 0.01787777610063384 0
0.02860116658829963 0.01838404933055646 0
0.02827314774207851 0.01888462646584785 0
0.02793636877330954 0.01937935240821157 0
0.02759093402923643 0.0198680738722787 0
0.02723695053899926 0.02035063943310155 0
0.0268745279804727 0.02082689957307112 0
0.02650377864628351 0.02129670672824337 0
0.02612481740901792 0.02175991533406034 0
0.02573776168562963 0.02221638187045171 0
0.02534273140105946 0.0226659649063029 0
0.02493984895107793 0.02310852514327596 0
0.02452923916436228 0.02354392545896958 0
0.0241110292638197 0.02397203094940497 0
0.0236853488271687 0.02439270897082443 0
0.02325232974679089 0.02480582918078942 0
0.02281210618886557 0.02521126357856586 0
0.02236481455179986 0.02560888654478366 0
0.02191059342396711 0.02599857488035853 0
0.02144958354076686 0.02638020784466384 0
0.02098192774101951 0.02675366719294078 0
0.02050777092270931 0.02711883721293519 0
0.0200272599980893 0.02747560476074971 0
0.01954054384816217 0.02782385929590019 0
0.01904777327655114 0.02816349291556543 0
0.01854621656474174 0.02849627784700485 0
0.01804176441754957 0.02881830558345931 0
0.01753172222892591 0.02913140428623009 0
0.01701624802980941 0.02943547694514236 0
0.01649550153418721 0.02973042934664126 0
0.01596964408960927 0.03001617010298296 0
0.01543883862719664 0.03029261068055016 0
0.01490324961115905 0.0305596654272832 0
0.01436304298783747 0.03081725159921847 0
0.0138183861342875 0.03106528938612566 0
0.01326944780641941 0.03130370193623609 0
0.01271639808671103 0.03153241538005441 0
0.01215940833150949 0.03175135885324623 0
0.01159865111793842 0.03196046451859463 0
0.01103430019042685 0.03215966758701878 0
0.01046653040687633 0.03234890633764816 0
0.009895517684483233 0.03252812213694605 0
0.009321438945232673 0.0326972594568765 0
0.008744472061081244 0.03285626589210907 0
0.008164795798845353 0.03300509217625604 0
0.007582589764812252 0.03314369219713707 0
0.006998034349091075 0.03327202301106654 0
0.006411310669720878 0.0333900448561592 0
0.005822600516553307 0.03349772116464989 0
0.005232086294926938 0.03359501857422374 0
0.004639950969151063 0.03368190693835303 0
0.004046378005816172 0.03375835933563785 0
0.003451551316948855 0.03382435207814732 0
0.002855655203028753 0.03387986471875906 0
0.002258874295885012 0.03392488005749453 0
0.001661393501490213 0.03395938414684822 0
0.001063397942669258 0.03398336629610915 0
0.0004650729017411002 0.03399681907467324 0
-0.0001333962368888735 0.03399973831434566 0
-0.0007318240441682308 0.03399212311063222 0
-0.001330025103850579 0.0339739758230197 0
-0.001931250095043579 0.03394510676180581 0
-0.00252843777913007 0.03390585498696454 0
-0.003124842054697571 0.03385609785744945 0
-0.003720278132468642 0.03379585078995757 0
-0.004314561523151248 0.03372513245137731 0
-0.004907508094600712 0.03364396475300479 0
-0.00549893412887104 0.03355237284375484 0
-0.00608865637913786 0.03345038510236891 0
-0.006676492126475486 0.0333380331286222 0
-0.007262259236470315 0.03321535173353282 0
-0.007845776215653175 0.03308237892857602 0
-0.008426862267733082 0.03293915591390673 0
-0.009005337349614949 0.03278572706559411 0
-0.009581022227183985 0.03262213992187218 0
-0.01015373853083936 0.03244844516841059 0
-0.01072330881076012 0.03226469662261021 0
-0.011289556591886 0.03207095121692843 0
-0.01185230642859627 0.03186726898123929 0
-0.01241138395906968 0.0316537130242338 0
-0.01296661595930846 0.03143034951386649 0
-0.01351783039680995 0.03119724765685398 0
-0.01406485648386892 0.03095447967723203 0
-0.01460752473049425 0.03070212079397772 0
-0.01514566699692355 0.0304402491977037 0
-0.01567911654571941 0.03016894602643168 0
-0.01621073335999592 0.02988665461257107 0
-0.01673427378032599 0.02959669037316663 0
-0.01725262927075712 0.02929755592614877 0
-0.01776563922456589 0.02898934395502192 0
-0.01827314469128436 0.02867214995586111 0
-0.01877498842594913 0.02834607220772353 0
-0.01927101493782194 0.02801121174219787 0
-0.01976107053856676 0.0276676723121008 0
-0.02024500338986838 0.02731556035933032 0
-0.02072266355047796 0.02695498498188587 0
-0.0211939030226705 0.02658605790006556 0
-0.02165857579810048 0.02620889342185084 0
-0.02211653790304076 0.02582360840748949 0
-0.02256764744299138 0.02543032223328766 0
-0.02301176464664394 0.02502915675462257 0
-0.02344875190918821 0.02462023626818683 0
-0.02387847383494746 0.02420368747347663 0
-0.02430079727932933 0.02377963943353516 0
-0.02471559139007919 0.02334822353496393 0
-0.02512272764782324 0.02290957344721411 0
-0.02552207990588892 0.02246382508117042 0
-0.02591352442938993 0.02201111654704076 0
-0.02629693993356421 0.02155158811156421 0
-0.02667220762135271 0.02108538215455093 0
-0.02703921122020716 0.02061264312476746 0
-0.02739783701811613 0.02013351749518066 0
-0.02774797389883714 0.01964815371757492 0
-0.02808951337632502 0.01915670217655581 0
-0.02842234962834503 0.01865931514295515 0
-0.02874637952926066 0.01815614672665166 0
-0.02906150268198609 0.01764735282882154 0
-0.02936762144909299 0.01713309109363438 0
-0.0296646409830625 0.01661352085940873 0
-0.02995246925567264 0.01608880310924295 0
-0.03023101708651222 0.01555910042113638 0
-0.03050019817061246 0.01502457691761629 0
-0.03075992910518759 0.01448539821488639 0
-0.03101012941547626 0.01394173137151243 0
-0.03125072157967585 0.01339374483666095 0
-0.03148163105296164 0.01284160839790723 0
-0.03170278629058375 0.01228549312862839 0
-0.03191411877003448 0.01172557133499827 0
-0.03211556301227927 0.01116201650260023 0
-0.03230705660204464 0.01059500324267455 0
-0.03248854020715685 0.01002470723801712 0
-0.03265995759692539 0.009451305188545962 0
-0.03282125565956534 0.008874974756552858 0
-0.03297238441865355 0.00829589451165651 0
-0.03311329704861327 0.007714243875474778 0
-0.03324394988922248 0.007130203066032919 0
-0.0333643024591416 0.006543953041924911 0
-0.03347431746845614 0.005955675446245558 0
-0.03357396083023061 0.005365552550310278 0
-0.03366320167106992 0.004773767197180387 0
-0.03374201234068522 0.00418050274501125 0
-0.033810368420461 0.003585943010240669 0
-0.03386824873102093 0.002990272210635515 0
-0.0339156353387901 0.002393674908213781 0
-0.03395251356155147 0.00179633595206011 0
-0.03397887197299504 0.001198440421052451 0
-0.03399470240625816 0.0006001735665172056 0
-0.034 1.076195014181047e-15 0
-0.0339947024062582 -0.0006001735665151592 0
-0.03397887197299511 -0.001198440421050391 0
-0.03395251356155158 -0.001796335952058066 0
-0.03391563533879025 -0.002393674908211724 0
-0.03386824873102112 -0.002990272210633461 0
-0.03381036842046121 -0.003585943010238619 0
-0.03374201234068547 -0.004180502745009219 0
-0.03366320167107021 -0.004773767197178347 0
-0.03357396083023093 -0.005365552550308256 0
-0.0334743174684565 -0.005955675446243544 0
-0.03336430245914199 -0.006543953041922902 0
-0.03324394988922291 -0.007130203066030917 0
-0.03311329704861373 -0.007714243875472785 0
-0.03297238441865406 -0.00829589451165451 0
-0.03282125565956587 -0.008874974756550883 0
-0.03265995759692596 -0.009451305188543997 0
-0.03248854020715745 -0.01002470723801516 0
-0.03230705660204528 -0.0105950032426726 0
-0.03211556301227995 -0.01116201650259828 0
-0.03191411877003519 -0.01172557133499635 0
-0.03170278629058449 -0.01228549312862648 0
-0.03148163105296242 -0.01284160839790534 0
-0.03125072157967666 -0.01339374483665907 0
-0.03101012941547711 -0.01394173137151055 0
-0.03075992910518846 -0.01448539821488454 0
-0.03050019817061337 -0.01502457691761445 0
-0.03023101708651316 -0.01555910042113456 0
-0.02995246925567361 -0.01608880310924115 0
-0.0296646409830635 -0.01661352085940693 0
-0.02936762144909402 -0.01713309109363261 0
-0.02906150268198715 -0.01764735282881979 0
-0.02874637952926175 -0.01815614672664993 0
-0.02842234962834615 -0.01865931514295344 0
-0.02808951337632619 -0.01915670217655409 0
-0.02774797389883832 -0.01964815371757324 0
-0.02739783701811734 -0.02013351749517901 0
-0.02703921122020841 -0.02061264312476582 0
-0.02667220762135397 -0.02108538215454932 0
-0.02629693993356553 -0.02155158811156261 0
-0.02591352442939126 -0.0220111165470392 0
-0.02552207990589027 -0.02246382508116888 0
-0.02512272764782462 -0.0229095734472126 0
-0.02471559139008059 -0.02334822353496244 0
-0.02430079727933078 -0.02377963943353368 0
-0.02387847383494893 -0.02420368747347518 0
-0.02344875190918971 -0.02462023626818541 0
-0.02301176464664546 -0.02502915675462117 0
-0.02256764744299292 -0.02543032223328629 0
-0.02211653790304234 -0.02582360840748813 0
-0.02165857579810207 -0.02620889342184953 0
-0.02119390302267212 -0.02658605790006427 0
-0.0207226635504796 -0.0269549849818846 0
-0.02024500338987006 -0.02731556035932908 0
-0.01976107053856846 -0.02766767231209958 0
-0.01927101493782366 -0.02801121174219669 0
-0.01877498842595087 -0.02834607220772238 0
-0.0182731446912861 -0.02867214995586 0
-0.01776563922456765 -0.02898934395502084 0
-0.01725262927075891 -0.02929755592614771 0
-0.01673427378032779 -0.02959669037316561 0
-0.01621073335999775 -0.02988665461257008 0
-0.01567911654572121 -0.03016894602643075 0
-0.01514566699692537 -0.0304402491977028 0
-0.01460752473049606 -0.03070212079397686 0
-0.01406485648387076 -0.03095447967723119 0
-0.01351783039681179 -0.03119724765685318 0
-0.01296661595931031 -0.03143034951386572 0
-0.01241138395907155 -0.03165371302423306 0
-0.01185230642859817 -0.03186726898123858 0
-0.01128955659188789 -0.03207095121692777 0
-0.01072330881076203 -0.03226469662260957 0
-0.01015373853084129 -0.03244844516840999 0
-0.009581022227185928 -0.03262213992187161 0
-0.009005337349616916 -0.03278572706559357 0
-0.008426862267735038 -0.03293915591390623 0
-0.00784577621565515 -0.03308237892857556 0
-0.007262259236472307 -0.03321535173353238 0
-0.006676492126477493 -0.03333803312862179 0
-0.006088656379139853 -0.03345038510236855 0
-0.005498934128873045 -0.03355237284375451 0
-0.004907508094602738 -0.0336439647530045 0
-0.004314561523153255 -0.03372513245137705 0
-0.003720278132470661 -0.03379585078995734 0
-0.003124842054699602 -0.03385609785744927 0
-0.002528437779132088 -0.03390585498696438 0
-0.001931250095045584 -0.03394510676180569 0
-0.001330025103852791 -0.03397397582301962 0
-0.000731824044170428 -0.03399212311063218 0
-0.000133396236891056 -0.03399973831434565 0
0.00046507290173888 -0.03399681907467327 0
0.001063397942667054 -0.03398336629610921 0
0.00166139350148804 -0.03395938414684833 0
0.002258874295882804 -0.03392488005749468 0
0.002855655203026564 -0.03387986471875925 0
0.003451551316946691 -0.03382435207814754 0
0.004046378005814028 -0.03375835933563811 0
0.004639950969148893 -0.03368190693835334 0
0.005232086294924796 -0.03359501857422407 0
0.005822600516551186 -0.03349772116465026 0
0.006411310669718727 -0.03339004485615962 0
0.006998034349088946 -0.03327202301106699 0
0.00758258976481016 -0.03314369219713754 0
0.008164795798843228 -0.03300509217625656 0
0.00874447206107915 -0.03285626589210962 0
0.009321438945230603 -0.03269725945687709 0
0.009895517684481197 -0.03252812213694667 0
0.01046653040687428 -0.03234890633764882 0
0.01103430019042482 -0.03215966758701947 0
0.01159865111793643 -0.03196046451859535 0
0.01215940833150746 -0.03175135885324701 0
0.01271639808670904 -0.03153241538005522 0
0.01326944780641746 -0.03130370193623692 0
0.01381838613428553 -0.03106528938612653 0
0.01436304298783553 -0.03081725159921937 0
0.01490324961115715 -0.03055966542728412 0
0.01543883862719478 -0.0302926106805511 0
0.01596964408960739 -0.03001617010298396 0
0.01649550153418537 -0.02973042934664228 0
0.01701624802980761 -0.02943547694514341 0
0.01753172222892409 -0.02913140428623119 0
0.01804176441754779 -0.02881830558346043 0
0.01854621656473999 -0.02849627784700598 0
0.01904777327654949 -0.02816349291556655 0
0.01954054384816053 -0.02782385929590135 0
0.0200272599980877 -0.02747560476075088 0
0.02050777092270775 -0.02711883721293637 0
0.02098192774101796 -0.026753667192942 0
0.02144958354076532 -0.02638020784466509 0
0.02191059342396562 -0.02599857488035979 0
0.02236481455179838 -0.02560888654478495 0
0.02281210618886411 -0.02521126357856718 0
0.02325232974678947 -0.02480582918079075 0
0.0236853488271673 -0.02439270897082579 0
0.02411102926381832 -0.02397203094940637 0
0.02452923916436094 -0.02354392545897098 0
0.02493984895107662 -0.02310852514327737 0
0.02534273140105818 -0.02266596490630434 0
0.02573776168562837 -0.02221638187045318 0
0.0261248174090167 -0.02175991533406181 0
0.02650377864628231 -0.02129670672824487 0
0.02687452798047152 -0.02082689957307264 0
0.02723695053899812 -0.02035063943310308 0
0.02759093402923531 -0.01986807387228025 0
0.02793636877330846 -0.01937935240821313 0
0.02827314774207746 -0.01888462646584943 0
0.02860116658829861 -0.01838404933055804 0
0.0289203236789554 -0.01787777610063544 0
0.02923227777853207 -0.01736300480558422 0
0.02953336512013195 -0.0168457812131398 0
0.02982530187474862 -0.01632333814145002 0
0.03010799758900315 -0.01579583746373016 0
0.03038136467275085 -0.01526344262023894 0
0.03064531842622023 -0.01472631856763826 0
0.03089977706625616 -0.01418463172788317 0
0.03114466175165955 -0.01363854993665804 0
0.03137989660761541 -0.01308824239137429 0
0.0316054087492018 -0.01253387959874669 0
0.03182112830397248 -0.01197563332196346 0
0.03202698843360603 -0.01141367652746764 0
0.03222292535461504 -0.0108481833313651 0
0.03240887835810868 -0.01027932894547669 0
0.0325847898286027 -0.009707289623050832 0
0.03275060526187089 -0.009132242604153419 0
0.03290627328183275 -0.008554366060751672 0
0.03305174565647165 -0.007973839041509919 0
0.03318697731277905 -0.007390841416313111 0
0.0333119263507199 -0.006805553820536117 0
0.03342655405621487 -0.006218157599075891 0
0.0335308249131355 -0.005628834750163856 0
0.03362470661430843 -0.005037767868975582 0
0.03370817007152552 -0.004445140091055776 0
0.03378118942455639 -0.003851135035575848 0
0.03384374204916101 -0.003255936748441358 0
0.03389580856409957 -0.002659729645267512 0
0.03393737283713746 -0.002062698454240087 0
0.03396842199004379 -0.001465028158879377 0
0.033989586206922 -0.0008414448777059721 0
1 6 0 41
591
592
593
594
595
596
597
598
599
600
601
602
603
604
605
606
607
608
609
610
611
612
613
614
615
616
617
618
619
620
621
622
623
624
625
626
627
628
629
630
631
0.05395532330490051 0.0005961690647046976 0
0.05382229122314457 0.001179020697643617 0
0.05360387547160968 0.001735534956470232 0
0.05330495509726398 0.002253280232254487 0
0.05293220748731931 0.002720690951083676 0
0.05249395920743494 0.003127325929872118 0
0.052 0.003464101615137753 0
0.05146136409746559 0.003723494994576816 0
0.05089008373582526 0.003899711648727294 0
0.0502989203743457 0.00398881518872472 0
0.04970107962565431 0.00398881518872472 0
0.04910991626417475 0.003899711648727295 0
0.04853863590253442 0.003723494994576817 0
0.048 0.003464101615137754 0
0.04750604079256507 0.003127325929872118 0
0.0470677925126807 0.002720690951083678 0
0.04669504490273602 0.002253280232254491 0
0.04639612452839033 0.001735534956470236 0
0.04617770877685544 0.001179020697643625 0
0.04604467669509949 0.0005961690647047076 0
0.046 1.29243404173307e-17 0
0.04604467669509948 -0.0005961690647046821 0
0.04617770877685543 -0.0011790206976436 0
0.04639612452839031 -0.001735534956470214 0
0.04669504490273601 -0.002253280232254467 0
0.04706779251268068 -0.002720690951083657 0
0.04750604079256505 -0.003127325929872101 0
0.04799999999999997 -0.003464101615137739 0
0.04853863590253439 -0.003723494994576805 0
0.04910991626417471 -0.003899711648727286 0
0.04970107962565427 -0.003988815188724718 0
0.05029892037434566 -0.003988815188724724 0
0.05089008373582522 -0.003899711648727302 0
0.05146136409746555 -0.003723494994576828 0
0.05199999999999998 -0.003464101615137769 0
0.05249395920743492 -0.003127325929872133 0
0.0529322074873193 -0.002720690951083692 0
0.05330495509726398 -0.002253280232254502 0
0.05360387547160968 -0.001735534956470243 0
0.05382229122314456 -0.001179020697643626 0
0.05395532330490051 -0.0005961690647047011 0
1 7 0 41
632
633
634
635
636
637
638
639
640
641
642
643
644
645
646
647
648
649
650
651
652
653
654
655
656
657
658
659
660
661
662
663
664
665
666
667
668
669
670
671
672
-0.02104467669509948 0.04389743925392664 0
-0.02117770877685543 0.04448029088686556 0
-0.02139612452839031 0.04503680514569217 0
-0.02169504490273601 0.04555455042147643 0
-0.02206779251268069 0.04602196114030561 0
-0.02250604079256506 0.04642859611909406 0
-0.02299999999999999 0.04676537180435969 0
-0.02353863590253441 0.04702476518379876 0
-0.02410991626417473 0.04720098183794923 0
-0.02470107962565429 0.04729008537794666 0
-0.02529892037434569 0.04729008537794666 0
-0.02589008373582525 0.04720098183794923 0
-0.02646136409746557 0.04702476518379876 0
-0.02699999999999999 0.04676537180435969 0
-0.02749395920743493 0.04642859611909406 0
-0.0279322074873193 0.04602196114030561 0
-0.02830495509726397 0.04555455042147643 0
-0.02860387547160967 0.04503680514569217 0
-0.02882229122314455 0.04448029088686557 0
-0.02895532330490051 0.04389743925392665 0
-0.02899999999999999 0.04330127018922195 0
-0.02895532330490051 0.04270510112451726 0
-0.02882229122314456 0.04212224949157834 0
-0.02860387547160968 0.04156573523275173 0
-0.02830495509726398 0.04104798995696747 0
-0.02793220748731932 0.04058057923813829 0
-0.02749395920743495 0.04017394425934984 0
-0.02700000000000002 0.0398371685740842 0
-0.0264613640974656 0.03957777519464514 0
-0.02589008373582528 0.03940155854049465 0
-0.02529892037434572 0.03931245500049722 0
-0.02470107962565433 0.03931245500049722 0
-0.02410991626417477 0.03940155854049464 0
-0.02353863590253444 0.03957777519464512 0
-0.02300000000000001 0.03983716857408417 0
-0.02250604079256507 0.04017394425934981 0
-0.0220677925126807 0.04058057923813825 0
-0.02169504490273602 0.04104798995696744 0
-0.02139612452839032 0.0415657352327517 0
-0.02117770877685543 0.04212224949157831 0
-0.02104467669509948 0.04270510112451724 0
1 8 0 41
673
674
675
676
677
678
679
680
681
682
683
684
685
686
687
688
689
690
691
692
693
694
695
696
697
698
699
700
701
702
703
704
705
706
707
708
709
710
711
712
713
0.02895532330490052 0.04389743925392663 0
0.02882229122314457 0.04448029088686555 0
0.02860387547160969 0.04503680514569217 0
0.02830495509726399 0.04555455042147642 0
0.02793220748731931 0.04602196114030561 0
0.02749395920743494 0.04642859611909405 0
0.02700000000000001 0.04676537180435968 0
0.02646136409746559 0.04702476518379875 0
0.02589008373582527 0.04720098183794923 0
0.02529892037434571 0.04729008537794666 0
0.02470107962565431 0.04729008537794666 0
0.02410991626417475 0.04720098183794923 0
0.02353863590253443 0.04702476518379875 0
0.02300000000000001 0.04676537180435969 0
0.02250604079256507 0.04642859611909405 0
0.0220677925126807 0.04602196114030561 0
0.02169504490273603 0.04555455042147642 0
0.02139612452839033 0.04503680514569217 0
0.02117770877685545 0.04448029088686556 0
0.0210446766950995 0.04389743925392664 0
0.02100000000000001 0.04330127018922195 0
0.02104467669509949 0.04270510112451725 0
0.02117770877685544 0.04212224949157833 0
0.02139612452839032 0.04156573523275172 0
0.02169504490273601 0.04104798995696746 0
0.02206779251268069 0.04058057923813828 0
0.02250604079256505 0.04017394425934983 0
0.02299999999999998 0.0398371685740842 0
0.0235386359025344 0.03957777519464513 0
0.02410991626417472 0.03940155854049465 0
0.02470107962565428 0.03931245500049722 0
0.02529892037434567 0.03931245500049721 0
0.02589008373582523 0.03940155854049463 0
0.02646136409746556 0.0395777751946451 0
0.02699999999999998 0.03983716857408416 0
0.02749395920743493 0.0401739442593498 0
0.0279322074873193 0.04058057923813824 0
0.02830495509726398 0.04104798995696743 0
0.02860387547160968 0.04156573523275169 0
0.02882229122314457 0.04212224949157831 0
0.02895532330490052 0.04270510112451723 0
1 9 0 334
714
715
716
717
718
719
720
721
722
723
724
725
726
727
728
729
730
731
732
733
734
735
736
737
738
739
740
741
742
743
744
745
746
747
748
749
750
751
752
753
754
755
756
757
758
759
760
761
762
763
764
765
766
767
768
769
770
771
772
773
774
775
776
777
778
779
780
781
782
783
784
785
786
787
788
789
790
791
792
793
794
795
796
797
798
799
800
801
802
803
804
805
806
807
808
809
810
811
812
813
814
815
816
817
818
819
820
821
822
823
824
825
826
827
828
829
830
831
832
833
834
835
836
837
838
839
840
841
842
843
844
845
846
847
848
849
850
851
852
853
854
855
856
857
858
859
860
861
862
863
864
865
866
867
868
869
870
871
872
873
874
875
876
877
878
879
880
881
882
883
884
885
886
887
888
889
890
891
892
893
894
895
896
897
898
899
900
901
902
903
904
905
906
907
908
909
910
911
912
913
914
915
916
917
918
919
920
921
922
923
924
925
926
927
928
929
930
931
932
933
934
935
936
937
938
939
940
941
942
943
944
945
946
947
948
949
950
951
952
953
954
955
956
957
958
959
960
961
962
963
964
965
966
967
968
969
970
971
972
973
974
975
976
977
978
979
980
981
982
983
984
985
986
987
988
989
990
991
992
993
994
995
996
997
998
999
1000
1001
1002
1003
1004
1005
1006
1007
1008
1009
1010
1011
1012
1013
1014
1015
1016
1017
1018
1019
1020
1021
1022
1023
1024
1025
1026
1027
1028
1029
1030
1031
1032
1033
1034
1035
1036
1037
1038
1039
1040
1041
1042
1043
1044
1045
1046
1047
0.03198986732673027 0.0008052256939487816 0
0.03196860804049884 0.001417074434513914 0
0.03193649116912974 0.002015076128610953 0
0.03189318911809596 0.00261237207866062 0
0.03183871705315936 0.003208753092535986 0
0.03177309405217763 0.003804010298550008 0
0.03169634309842254 0.004397935218609059 0
0.0316084910725305 0.00499031984122863 0
0.03150956874308807 0.005580956694385586 0
0.03139961075585588 0.006169638918181509 0
0.0312786556216345 0.006756160337291634 0
0.03114674570277678 0.007340315533174045 0
0.03100392719835119 0.007921899916013804 0
0.03085025012796141 0.008500709796376849 0
0.03068576831422788 0.009076542456548532 0
0.03051053936393743 0.009649196221531852 0
0.03032462464786747 0.01021847052968048 0
0.03012808927929207 0.01078416600294184 0
0.02992100209117711 0.0113460845166857 0
0.02970343561207289 0.01190402926909373 0
0.02947546604071221 0.01245780485008579 0
0.02923717321932322 0.0130072173097588 0
0.02898864060566607 0.01355207422631415 0
0.02872995524380334 0.01409218477345003 0
0.02846120773361446 0.01462735978719483 0
0.02818249219906471 0.01515741183215845 0
0.02789390625524 0.01568215526717814 0
0.02759555097415895 0.016201406310336 0
0.02728753084937427 0.01671498310332522 0
0.02696995375937573 0.01722270577514274 0
0.02664293092980769 0.01772439650508578 0
0.02630657689451432 0.01821987958503033 0
0.02596100945542622 0.01870898148096978 0
0.02560634964130237 0.01919153089379204 0
0.02524272166534201 0.01966735881927396 0
0.02487025288168121 0.02013629860727208 0
0.02448907374078941 0.02059818602008872 0
0.02409931774378145 0.02105285928999338 0
0.02370112139566123 0.0215001591758789 0
0.02329462415751333 0.02193992901903278 0
0.02287996839765922 0.02237201479800413 0
0.02245729934179537 0.02279626518254684 0
0.02202676502213058 0.02321253158662029 0
0.02158851622554033 0.02362066822042895 0
0.02114270644075641 0.02402053214148258 0
0.02068949180461029 0.02441198330465929 0
0.02022903104734897 0.02479488461125382 0
0.01976148543704261 0.02516910195699387 0
0.0192870187231033 0.0255345042790077 0
0.01880579707893475 0.02589096360172655 0
0.01831798904373308 0.02623835508170577 0
0.017823765463459 0.02657655705134896 0
0.0173232994310021 0.0269054510615199 0
0.01681676622555819 0.02722492192302717 0
0.01630434325124094 0.0275348577469671 0
0.01578620997494924 0.02783514998391087 0
0.01526254786351221 0.02812569346192195 0
0.01473354032013369 0.02840638642339069 0
0.0141993726201586 0.02867713056067309 0
0.01366023184618357 0.02893783105052126 0
0.01311630682253465 0.02918839658729357 0
0.01256778804913502 0.0294287394149328 0
0.01201486763478575 0.0296587753577011 0
0.01145773922988326 0.02987842384966105 0
0.01089659795859672 0.0300876079628924 0
0.01033164035052929 0.03028625443443469 0
0.009763064271887258 0.03047429369194631 0
0.009191068856180904 0.0306516598780709 0
0.008615854434481604 0.03081829087350276 0
0.008037622465259507 0.03097412831874298 0
0.007456575463826301 0.0311191176345388 0
0.006872916931407903 0.03125320804099903 0
0.006286851283871841 0.03137635257537878 0
0.005698583780134265 0.03148850810852732 0
0.005108320450271722 0.03158963535999325 0
0.00451626802336284 0.03167969891178182 0
0.003922633855085199 0.03175866722075943 0
0.003327625855092746 0.03182651262970101 0
0.002731452414199194 0.03188321137697653 0
0.002134322331392911 0.03192874360487299 0
0.001536444740708789 0.0319630933665493 0
0.0009380290379829066 0.03198624863162138 0
0.0003392848075153577 0.03199820129037552 0
-0.0002595782513328504 0.03199894715660868 0
-0.0008583503975832145 0.0319884859690947 0
-0.001456821922097728 0.03196682139167571 0
-0.002054783221025716 0.03193396101197894 0
-0.002652024869213826 0.03188991633875937 0
-0.003248337693553371 0.03183470279786887 0
-0.003843512846239458 0.03176833972685372 0
-0.004437341877916155 0.03169085036818185 0
-0.005029616810682139 0.03160226186110266 0
-0.005620130210931162 0.03150260523214198 0
-0.006208675262001956 0.03139191538423556 0
-0.006795045836612024 0.03127023108450498 0
-0.007379036569050026 0.03113759495068016 0
-0.007960442927101371 0.03099405343617323 0
-0.008539061283681964 0.03083965681380913 0
-0.009114688988154908 0.03067445915821838 0
-0.009687124437305237 0.0304985183268985 0
-0.0102561671459478 0.03031189593995039 0
-0.01082161781714356 0.03011465735849706 0
-0.0113832784119998 0.02990687166179203 0
-0.01194095221902963 0.02968861162302561 0
-0.01249444392304665 0.02945995368383737 0
-0.01304355967357053 0.02922097792754385 0
-0.01358810715271972 0.02897176805109083 0
-0.01412789564256726 0.02871241133573997 0
-0.01466273609193629 0.02844299861650014 0
-0.01519244118261186 0.02816362425031408 0
-0.01571682539494568 0.0278743860830116 0
-0.01623570507283113 0.02757538541504082 0
-0.01674889848802537 0.02726672696598955 0
-0.0172562259037965 0.02694851883790912 0
-0.01775750963787304 0.02662087247745359 0
-0.01825257412467393 0.02628390263684759 0
-0.01874124597679727 0.02593772733369638 0
-0.01922335404574601 0.02558246780965238 0
-0.0196987294818698 0.02521824848795241 0
-0.02016720579350135 0.0248451969298407 0
-0.02062861890526724 0.02446344378989293 0
-0.02108280721555235 0.02407312277025675 0
-0.02152961165309785 0.02367437057382505 0
-0.02196887573271312 0.02326732685635822 0
-0.0224004456100818 0.02285213417757228 0
-0.02282417013564302 0.02242893795120985 0
-0.02323990090752876 0.02199788639411169 0
-0.023647492323539 0.02155913047430633 0
-0.0240468016321362 0.02111282385813636 0
-0.02443768898244147 0.02065912285643945 0
-0.02482001747321484 0.02019818636980335 0
-0.02519365320080241 0.01973017583291387 0
-0.02555846530603369 0.01925525515801523 0
-0.02591432602005271 0.01877359067750277 0
-0.02626111070906671 0.01828535108566806 0
-0.02659869791799687 0.01779070737961672 0
-0.02692696941301583 0.01728983279937981 0
-0.02724581022295684 0.01678290276723966 0
-0.02755510867958044 0.01627009482629129 0
-0.02785475645668422 0.01575158857826121 0
-0.02814464860804206 0.01522756562060517 0
-0.02842468360415972 0.01469820948290687 0
-0.02869476336783369 0.01416370556260013 0
-0.02895479330850094 0.01362424106003667 0
-0.02920468235536761 0.01308000491292263 0
-0.02944434298930484 0.01253118773014654 0
-0.02967369127350081 0.01197798172502203 0
-0.02989264688285812 0.0114205806479685 0
-0.03010113313212614 0.01085917971865362 0
-0.03029907700275867 0.0102939755576211 0
-0.03048640916848739 0.009725166117427929 0
-0.03066306401960207 0.009152950613315088 0
-0.03082897968592926 0.00857752945343594 0
-0.03098409805850116 0.007999104168666933 0
-0.03112836480990724 0.007417877342025032 0
-0.03126172941332145 0.006834052537716725 0
-0.03138414516019832 0.006247834229843248 0
-0.03149556917663175 0.00565942773078728 0
-0.03159596243837091 0.005069039119305966 0
-0.03168528978448771 0.004476875168355563 0
-0.03176351992969128 0.003883143272672932 0
-0.0318306254752851 0.003288051376139281 0
-0.0318865829187629 0.002691807898951572 0
-0.03193137266203999 0.002094621664627093 0
-0.03196497901831712 0.001496701826866835 0
-0.0319873902175745 0.0008982577963031514 0
-0.03199859841069406 0.0002994991671574219 0
-0.03199859841069406 -0.0002994991671571724 0
-0.0319873902175745 -0.0008982577963029022 0
-0.03196497901831713 -0.001496701826866601 0
-0.03193137266204001 -0.002094621664626845 0
-0.03188658291876292 -0.002691807898951324 0
-0.03183062547528513 -0.003288051376139033 0
-0.03176351992969131 -0.003883143272672698 0
-0.03168528978448774 -0.00447687516835533 0
-0.03159596243837096 -0.005069039119305735 0
-0.03149556917663179 -0.005659427730787048 0
-0.03138414516019836 -0.006247834229843018 0
-0.0312617294133215 -0.00683405253771651 0
-0.0311283648099073 -0.007417877342024817 0
-0.03098409805850122 -0.007999104168666706 0
-0.03082897968592933 -0.008577529453435701 0
-0.03066306401960214 -0.00915295061331485 0
-0.03048640916848746 -0.009725166117427705 0
-0.03029907700275875 -0.01029397555762086 0
-0.03010113313212622 -0.01085917971865338 0
-0.02989264688285821 -0.01142058064796827 0
-0.0296736912735009 -0.01197798172502181 0
-0.02944434298930493 -0.01253118773014632 0
-0.02920468235536771 -0.0130800049129224 0
-0.02895479330850105 -0.01362424106003644 0
-0.0286947633678338 -0.01416370556259991 0
-0.02842468360415983 -0.01469820948290666 0
-0.02814464860804217 -0.01522756562060495 0
-0.02785475645668434 -0.01575158857826099 0
-0.02755510867958057 -0.01627009482629108 0
-0.02724581022295696 -0.01678290276723947 0
-0.02692696941301595 -0.01728983279937963 0
-0.02659869791799701 -0.01779070737961653 0
-0.02626111070906684 -0.01828535108566786 0
-0.02591432602005285 -0.01877359067750258 0
-0.02555846530603383 -0.01925525515801505 0
-0.02519365320080256 -0.01973017583291369 0
-0.024820017473215 -0.02019818636980316 0
-0.02443768898244163 -0.02065912285643925 0
-0.02404680163213636 -0.02111282385813617 0
-0.02364749232353917 -0.02155913047430615 0
-0.02323990090752893 -0.02199788639411151 0
-0.02282417013564319 -0.02242893795120967 0
-0.02240044561008199 -0.02285213417757209 0
-0.02196887573271331 -0.02326732685635805 0
-0.02152961165309803 -0.02367437057382488 0
-0.02108280721555253 -0.02407312277025659 0
-0.02062861890526744 -0.02446344378989276 0
-0.02016720579350153 -0.02484519692984055 0
-0.01969872948186999 -0.02521824848795225 0
-0.01922335404574622 -0.02558246780965223 0
-0.01874124597679747 -0.02593772733369623 0
-0.01825257412467415 -0.02628390263684744 0
-0.01775750963787326 -0.02662087247745344 0
-0.01725622590379673 -0.02694851883790897 0
-0.01674889848802561 -0.0272667269659894 0
-0.01623570507283134 -0.02757538541504069 0
-0.01571682539494591 -0.02787438608301147 0
-0.01519244118261212 -0.02816362425031394 0
-0.01466273609193656 -0.0284429986165 0
-0.01412789564256754 -0.02871241133573983 0
-0.01358810715271998 -0.0289717680510907 0
-0.0130435596735708 -0.02922097792754372 0
-0.01249444392304692 -0.02945995368383725 0
-0.01194095221902992 -0.0296886116230255 0
-0.01138327841200009 -0.02990687166179192 0
-0.01082161781714385 -0.03011465735849695 0
-0.01025616714594809 -0.03031189593995029 0
-0.009687124437305543 -0.0304985183268984 0
-0.009114688988155194 -0.0306744591582183 0
-0.008539061283682259 -0.03083965681380905 0
-0.007960442927101675 -0.03099405343617315 0
-0.007379036569050338 -0.03113759495068008 0
-0.006795045836612344 -0.03127023108450491 0
-0.00620867526200225 -0.0313919153842355 0
-0.005620130210931463 -0.03150260523214192 0
-0.005029616810682448 -0.03160226186110261 0
-0.004437341877916473 -0.0316908503681818 0
-0.003843512846239776 -0.03176833972685368 0
-0.003248337693553697 -0.03183470279786885 0
-0.00265202486921416 -0.03188991633875934 0
-0.002054783221026057 -0.03193396101197892 0
-0.00145682192209807 -0.03196682139167569 0
-0.0008583503975835348 -0.0319884859690947 0
-0.000259578251333178 -0.03199894715660868 0
0.000339284807515023 -0.03199820129037552 0
0.000938029037982565 -0.0319862486316214 0
0.001536444740708441 -0.03196309336654932 0
0.002134322331392556 -0.03192874360487301 0
0.002731452414198846 -0.03188321137697656 0
0.003327625855092392 -0.03182651262970106 0
0.003922633855084867 -0.03175866722075947 0
0.004516268023362502 -0.03167969891178187 0
0.005108320450271378 -0.0315896353599933 0
0.005698583780133943 -0.03148850810852738 0
0.006286851283871513 -0.03137635257537885 0
0.006872916931407569 -0.0312532080409991 0
0.00745657546382599 -0.03111911763453887 0
0.008037622465259199 -0.03097412831874306 0
0.008615854434481297 -0.03081829087350285 0
0.009191068856180618 -0.03065165987807099 0
0.009763064271886966 -0.0304742936919464 0
0.01033164035052899 -0.03028625443443479 0
0.01089659795859644 -0.03008760796289249 0
0.01145773922988299 -0.02987842384966116 0
0.01201486763478547 -0.02965877535770121 0
0.01256778804913476 -0.02942873941493291 0
0.0131163068225344 -0.02918839658729368 0
0.01366023184618331 -0.02893783105052138 0
0.01419937262015836 -0.02867713056067321 0
0.01473354032013345 -0.02840638642339081 0
0.01526254786351194 -0.02812569346192209 0
0.015786209974949 -0.027835149983911 0
0.0163043432512407 -0.02753485774696724 0
0.01681676622555795 -0.02722492192302732 0
0.01732329943100187 -0.02690545106152004 0
0.01782376546345877 -0.02657655705134911 0
0.01831798904373285 -0.02623835508170593 0
0.01880579707893455 -0.0258909636017267 0
0.0192870187231031 -0.02553450427900785 0
0.01976148543704241 -0.02516910195699403 0
0.02022903104734878 -0.02479488461125397 0
0.0206894918046101 -0.02441198330465945 0
0.02114270644075622 -0.02402053214148274 0
0.02158851622554016 -0.0236206682204291 0
0.02202676502213042 -0.02321253158662045 0
0.02245729934179521 -0.022796265182547 0
0.02287996839765907 -0.02237201479800428 0
0.02329462415751318 -0.02193992901903294 0
0.02370112139566108 -0.02150015917587906 0
0.02409931774378132 -0.02105285928999353 0
0.02448907374078928 -0.02059818602008888 0
0.02487025288168108 -0.02013629860727224 0
0.0252427216653419 -0.01966735881927411 0
0.02560634964130226 -0.01919153089379218 0
0.02596100945542611 -0.01870898148096994 0
0.02630657689451423 -0.01821987958503047 0
0.02664293092980759 -0.01772439650508592 0
0.02696995375937563 -0.01722270577514289 0
0.02728753084937419 -0.01671498310332535 0
0.02759555097415887 -0.01620140631033613 0
0.02789390625523991 -0.01568215526717829 0
0.02818249219906464 -0.01515741183215857 0
0.02846120773361439 -0.01462735978719496 0
0.02872995524380327 -0.01409218477345017 0
0.02898864060566601 -0.01355207422631427 0
0.02923717321932317 -0.01300721730975892 0
0.02947546604071217 -0.01245780485008589 0
0.02970343561207284 -0.01190402926909383 0
0.02992100209117707 -0.01134608451668581 0
0.03012808927929203 -0.01078416600294193 0
0.03032462464786745 -0.01021847052968057 0
0.0305105393639374 -0.00964919622153195 0
0.03068576831422784 -0.009076542456548662 0
0.03085025012796137 -0.008500709796376956 0
0.03100392719835116 -0.007921899916013917 0
0.03114674570277675 -0.007340315533174162 0
0.03127865562163448 -0.006756160337291728 0
0.03139961075585586 -0.006169638918181608 0
0.03150956874308805 -0.005580956694385691 0
0.03160849107253048 -0.004990319841228712 0
0.03169634309842253 -0.004397935218609146 0
0.03177309405217762 -0.0038040102985501 0
0.03183871705315935 -0.003208753092536055 0
0.03189318911809595 -0.002612372078660693 0
0.03193649116912974 -0.002015076128611031 0
0.03196860804049884 -0.001417074434513997 0
0.03198986732673027 -0.0008052256939489646 0
1 10 0 18
1048
1049
1050
1051
1052
1053
1054
1055
1056
1057
1058
1059
1060
1061
1062
1063
1064
1065
0.01134980690040762 0.003896393630456208 0
0.009469686112756715 0.007370552552276024 0
0.00656337789746911 0.01004599773915035 0
0.002945825845689575 0.01163280319127197 0
-0.0009909521456680033 0.01195901391608004 0
-0.00482034509583565 0.01098927991986068 0
-0.008127378859508911 0.008828686928077563 0
-0.01055368501447788 0.005711368716444861 0
-0.01183633564083267 0.001975135083368782 0
-0.01183633564083266 -0.001975135083368826 0
-0.01055368501447785 -0.00571136871644491 0
-0.008127378859508873 -0.008828686928077598 0
-0.00482034509583561 -0.0109892799198607 0
-0.0009909521456679504 -0.01195901391608004 0
0.002945825845689637 -0.01163280319127195 0
0.006563377897469172 -0.01004599773915031 0
0.00946968611275676 -0.007370552552275966 0
0.01134980690040762 -0.003896393630456195 0
2 1 0 31
1066
1067
1068
1069
1070
1071
1072
1073
1074
1075
1076
1077
1078
1079
1080
1081
1082
1083
1084
1085
1086
1087
1088
1089
1090
1091
1092
1093
1094
1095
1096
0.00830052758308489 -0.001385113073615753 0
-0.008415301324626111 -1.414479290205872e-17 0
0.0006949300753400652 0.008386558804100866 0
-0.002099397778799807 -0.008250992705111284 0
0.007401036623501852 0.004005240727077228 0
0.003380388039178414 -0.007706508488857539 0
-0.004719151695623195 0.006937150371043755 0
-0.006271127296381889 -0.004884290454715562 0
0.006392225304146267 -0.006943807709666986 0
0.004651373159211178 -0.003868409424466351 0
0.0002417738267380253 -0.00556074064823259 0
0.00110071331297027 -0.001391678231840203 0
-0.002671121458292156 -0.00276119956843147 0
-0.001961116889864808 0.001165586874201254 0
0.00137987825861056 0.002499434818987981 0
0.005198199808477 0.0008538551162765288 0
-0.001409227149114296 0.005334785757543533 0
-0.00428665206401787 0.003391401655808922 0
-0.005421016970221902 -0.0003677932132632973 0
-0.007820589265291016 0.00356232140746546 0
0.008032723811921343 -0.00469285527809625 0
-0.008621547047780424 -0.002723950679645629 0
0.0007366025315564012 -0.009210002422121163 0
0.006392225304146224 0.006943807709667023 0
0.004281463887762379 0.004757436452380367 0
0.003762032583936187 0.008261068050785504 0
-0.002282234747052498 0.008930942323308938 0
-0.005105815832347271 -0.007850390771022639 0
0.008849914183094273 0.001474075280038843 0
-0.00329358194863448 -0.005721868535690357 0
0.001582339143543159 0.005663894204880554 0
2 5 0 104
1097
1098
1099
1100
1101
1102
1103
1104
1105
1106
1107
1108
1109
1110
1111
1112
1113
1114
1115
1116
1117
1118
1119
1120
1121
1122
1123
1124
1125
1126
1127
1128
1129
1130
1131
1132
1133
1134
1135
1136
1137
1138
1139
1140
1141
1142
1143
1144
1145
1146
1147
1148
1149
1150
1151
1152
1153
1154
1155
1156
1157
1158
1159
1160
1161
1162
1163
1164
1165
1166
1167
1168
1169
1170
1171
1172
1173
1174
1175
1176
1177
1178
1179
1180
1181
1182
1183
1184
1185
1186
1187
1188
1189
1190
1191
1192
1193
1194
1195
1196
1197
1198
1199
1200
0.04649996176088782 0.0003418759978846614 0
0.05354235699478942 -0.0002274389947776339 0
0.04999999999999998 -0.003471069912940473 0
0.05000119098822747 0.003506650943672712 0
0.05223470379777209 0.002541355113436331 0
0.04766972460470505 0.00254157089457428 0
0.04766030074073916 -0.002556041180925586 0
0.05227312438946219 -0.002521326416625585 0
0.05323112786166501 0.001268124237641044 0
0.04676317373048405 -0.001327650886714345 0
0.05323112786166501 -0.001268124237641053 0
0.04897688418241877 -0.003316860015788375 0
0.04897688418241879 0.003316860015788379 0
0.05104813739085837 0.003336487692545161 0
0.05149404390831883 -0.003084008709970454 0
0.04697694437216907 0.001845966525707937 0
0.04842490341803554 -0.003149565667304287 0
0.04882732963213881 -0.002745211564639402 0
0.04939550731098709 -0.00288989685650866 0
0.04922808542588052 -0.002230446923389885 0
0.04991509071503573 -0.002459707482987461 0
0.04978348133192285 -0.00162945239466623 0
0.04877488780777839 -0.001468133797749844 0
0.04948648081757416 -0.0004979688801514659 0
0.05073020951302254 -0.0009420723345330873 0
0.05056085830536547 0.0005301528841413878 0
0.04826242258988103 -0.0004284849963161351 0
0.05174202336539339 5.63059082430816e-05 0
0.0512895146581849 0.001529048012164454 0
0.05001654484922775 0.001767890191482499 0
0.05198284529110629 -0.001071547692443161 0
0.05130512067111614 -0.001847912574357467 0
0.04789139711575847 -0.001182562467350915 0
0.04730615046676974 -0.0003828149089519215 0
0.04771415445491418 0.000410454784032201 0
0.04899340981055886 0.0007369444450100662 0
0.04887370928830097 0.001964496757972611 0
0.05223776230522207 0.001082669677101116 0
0.05075390152645479 0.00237558562041724 0
0.0494902408537042 0.002464358191679857 0
0.05254224207861471 -0.0003122721557257421 0
0.04824895019480981 -0.002589555091575946 0
0.04807844323321458 0.00129062548758017 0
0.05161778912800465 0.00223562975796811 0
0.05205920368189854 -0.001899568341012303 0
0.04735961141656601 0.001054502085656321 0
0.05256006543241661 -0.001467790363153388 0
0.0486123315250254 -0.002195672355283002 0
0.04797241716328937 -0.001922159320972377 0
0.04726254235161008 -0.002115497313394926 0
0.05167979961359825 -0.002489116146460463 0
0.05101877906388947 -0.002627727748880316 0
0.05095413079299532 -0.003297959684363637 0
0.05039972530164515 -0.002927544289026954 0
0.04798733744354372 0.002004479787243042 0
0.04833704876367331 0.002599291503219518 0
0.04746064979320114 0.002023364470527369 0
0.05054945783856835 0.003442887682558956 0
0.05031425425635794 0.0029561028717619 0
0.05154995302016855 0.003154561319794322 0
0.05312237287467041 0.001770262561439236 0
0.05197920365306855 0.002995354433999982 0
0.05214194597199952 0.001830512656916737 0
0.04681035527734577 0.00127131932126974 0
0.04699573634034852 0.0006772962992800443 0
0.0530550044313054 -0.001750407972818721 0
0.05266244719336168 -0.002080786720943666 0
0.05280583737853124 -0.0009057469650475312 0
0.0527387154474535 0.002082808244930745 0
0.04950072975966073 -0.003450679626393133 0
0.04945929750506637 0.003457775375467858 0
0.0534444843781922 0.0007322038059698644 0
0.05288720241795109 0.000838966408128178 0
0.05309319288367188 0.000153350795459829 0
0.05252775963948711 0.0003302217987647583 0
0.05343127325462174 -0.0007867183703702719 0
0.05198818542376283 -0.002937175763613282 0
0.04658801276703244 -0.0002085660426420686 0
0.046694432803525 -0.0007857875506600929 0
0.04710797481446233 0.0001736379642959322 0
0.04846435846892778 0.00311798664599913 0
0.05052540109943865 -0.002072402804075252 0
0.05117281439272018 0.002780394197904866 0
0.04688163164433402 -0.001785395349727951 0
0.04728282457733338 -0.0009853422868921528 0
0.0479713380650594 0.002975500564259206 0
0.0505017158104022 -0.00352257547149366 0
0.0527265211464936 0.001478890631026176 0
0.04989271846226648 -0.002993615913848291 0
0.04893093058347393 0.002684580166749425 0
0.0530829805180458 -0.00041576513809227 0
0.0536070715123108 0.0002508569342713515 0
0.04796803902922991 -0.002977317896963133 0
0.04730456362595415 -0.001510134119654898 0
0.04715515785566055 0.002268685905681874 0
0.04650568777010741 0.0008131362761565561 0
0.0497546621557408 0.002988726851598011 0
0.04773364695315908 -0.0007399364952375944 0
0.05076771308099193 0.002978291613037625 0
0.05009350230540521 0.002451729716651087 0
0.04742579213311258 0.001561059690376627 0
0.04929329653456287 0.002974654493432996 0
0.05166510150444657 0.002715974504443738 0
0.05145753965854145 0.0007995441204125101 0
2 6 0 109
1201
1202
1203
1204
1205
1206
1207
1208
1209
1210
1211
1212
1213
1214
1215
1216
1217
1218
1219
1220
1221
1222
1223
1224
1225
1226
1227
1228
1229
1230
1231
1232
1233
1234
1235
1236
1237
1238
1239
1240
1241
1242
1243
1244
1245
1246
1247
1248
1249
1250
1251
1252
1253
1254
1255
1256
1257
1258
1259
1260
1261
1262
1263
1264
1265
1266
1267
1268
1269
1270
1271
1272
1273
1274
1275
1276
1277
1278
1279
1280
1281
1282
1283
1284
1285
1286
1287
1288
1289
1290
1291
1292
1293
1294
1295
1296
1297
1298
1299
1300
1301
1302
1303
1304
1305
1306
1307
1308
1309
0.022639072874321 0.04075679589228875 0
0.027360927125679 0.04584574448615513 0
0.02734845755076213 0.04080781151875874 0
0.02229659076848783 0.04548395717280834 0
0.02439758476202688 0.04675587774031897 0
0.02491127850136367 0.03977736016595919 0
0.02142408776202406 0.04302380084081964 0
0.02845737748236348 0.04301443598835079 0
0.0282484302480471 0.04453800724178286 0
0.02602809276896151 0.04663487610240422 0
0.02161595705673981 0.04407365590807712 0
0.02606621336777569 0.03987303427460956 0
0.02304499535197111 0.04617541703698271 0
0.02349395920743492 0.04017394425934982 0
0.0279930125651426 0.04157423128117749 0
0.02178955937174307 0.04201016024248902 0
0.0240124104514696 0.03992113607376332 0
0.02398863822683108 0.04048528281652879 0
0.02347683967869479 0.04077119126369871 0
0.02404414427319403 0.04113459835407571 0
0.02338246670914588 0.04144412370637972 0
0.02404797891562861 0.04189947648012354 0
0.02486719743568211 0.04141143303697114 0
0.02499704013109634 0.04260072034652397 0
0.02371409072072833 0.04320559495375198 0
0.02523459630019428 0.04405178904047326 0
0.02636551794223349 0.04312809907611769 0
0.0264696859725282 0.04428482863203565 0
0.02504778924872225 0.04522465636408253 0
0.02726922932336422 0.04382546316043799 0
0.02731292859435189 0.04264241984740863 0
0.02660465284337728 0.04209218658684288 0
0.02632611885541725 0.04560926175451335 0
0.02398829583834292 0.04464435629738939 0
0.02291739267468513 0.04408064589895867 0
0.02271656083776723 0.04286436253755928 0
0.02430145121777266 0.04571022705418466 0
0.02724458048679103 0.04467181302329126 0
0.02309034238258608 0.04488913727375657 0
0.02240260103844099 0.04463754594360703 0
0.02508969815749202 0.04595051592334134 0
0.02225559507573093 0.04358161642074094 0
0.02448983226440338 0.04017308294402038 0
0.0273260379549752 0.04191095702841062 0
0.02686063397042234 0.04131928041682312 0
0.02597169363900859 0.04126465045385814 0
0.02542442965296296 0.04068113232279003 0
0.02639571817859 0.04068080472936871 0
0.02790516927322934 0.04223027781375505 0
0.02459988567750064 0.04072737202396066 0
0.02746252141649375 0.04133747489001515 0
0.02779602449956644 0.0432474332173887 0
0.02201566846934633 0.0450645279272844 0
0.02805208214142011 0.04501626848021521 0
0.02699999999999999 0.04036780896237997 0
0.02160592032311306 0.04256562692927653 0
0.02212191117700815 0.04249764379075286 0
0.02243109158531002 0.04206355380353365 0
0.02314807623678628 0.04215927548633322 0
0.02271997749046814 0.04140445446981476 0
0.02204798931777775 0.04151266713820829 0
0.0284403896312212 0.04356933942946214 0
0.02797741478267105 0.04388312250897061 0
0.02549872000063635 0.0399863992774523 0
0.02552915661014628 0.04681199490804048 0
0.02559711482260813 0.04625892349069058 0
0.02777579848711772 0.04551489561559834 0
0.02724438800195224 0.04527406849569928 0
0.02259802594273409 0.04593929482235435 0
0.02297493105498102 0.04553903383251249 0
0.02358440949714783 0.04590486595343249 0
0.02352309069720484 0.04646336524951789 0
0.02359873551502607 0.04531669216758902 0
0.02156964912425708 0.04348543144971473 0
0.02495561147283265 0.04681230864540195 0
0.026546379184244 0.04646807643830402 0
0.02700000000000001 0.04623473141606388 0
0.02842679851726144 0.04248117311116867 0
0.02654045194346178 0.04010248876823207 0
0.02301883937899449 0.04043227248023958 0
0.02848876983799688 0.04407363986420156 0
0.02176846524918509 0.04457543288389933 0
0.02218560462117302 0.04414811945000077 0
0.02686997790482931 0.04567988320824633 0
0.02405486830788627 0.04628069677482889 0
0.02203070348176277 0.04302324422057566 0
0.02773847147268026 0.04446176887131524 0
0.02393199683807561 0.04673967373935459 0
0.02834657137865424 0.04198783770992649 0
0.02798526361234163 0.04273874143161714 0
0.02467310029325632 0.04633421751227938 0
0.02614872956951361 0.0461323893532196 0
0.02304233823053799 0.04103530307552921 0
0.02592897668438964 0.04047682435541394 0
0.02782594381852866 0.04104969511094323 0
0.02667866785110296 0.04507577492657221 0
0.02568211222345499 0.04569421222021842 0
0.02445857821343082 0.03970917134179409 0
0.0249848292193734 0.04026906934683651 0
0.02690120242494361 0.04079392640683264 0
0.02258177919951212 0.0450998684961805 0
0.02224030759343163 0.04103867213468625 0
0.02576122039827956 0.04209941790006277 0
0.02589509635445627 0.04498981251753087 0
0.0272254404422642 0.04321093987966983 0
0.02658724810052186 0.04602911121589934 0
0.02761106411799227 0.04498776289722387 0
0.02518906529134147 0.04645133119299352 0
0.02283829800271055 0.04344792347648437 0
2 7 0 107
1310
1311
1312
1313
1314
1315
1316
1317
1318
1319
1320
1321
1322
1323
1324
1325
1326
1327
1328
1329
1330
1331
1332
1333
1334
1335
1336
1337
1338
1339
1340
1341
1342
1343
1344
1345
1346
1347
1348
1349
1350
1351
1352
1353
1354
1355
1356
1357
1358
1359
1360
1361
1362
1363
1364
1365
1366
1367
1368
1369
1370
1371
1372
1373
1374
1375
1376
1377
1378
1379
1380
1381
1382
1383
1384
1385
1386
1387
1388
1389
1390
1391
1392
1393
1394
1395
1396
1397
1398
1399
1400
1401
1402
1403
1404
1405
1406
1407
1408
1409
1410
1411
1412
1413
1414
1415
1416
-0.02733554875758363 0.04077691247702538 0
-0.02253889097397578 0.04582418995364628 0
-0.02734580813992032 0.04586223570828937 0
-0.02267311603307115 0.04083719012606175 0
-0.02846136409746558 0.04304187680978289 0
-0.0250873642520358 0.03992307247208059 0
-0.02503628783651186 0.04674791589547616 0
-0.02157134030063333 0.04307850565592418 0
-0.02176291410101684 0.04456755420267838 0
-0.02822627528515622 0.0446369763011419 0
-0.02656858445420132 0.04652604369473272 0
-0.02345094079950612 0.04653999918358308 0
-0.02603580677436991 0.03994456087180815 0
-0.02403157689465436 0.04006612650901776 0
-0.02199396527708172 0.0415657352327517 0
-0.0280432799266285 0.04151021995885547 0
-0.0219760787734163 0.04510714781329166 0
-0.02234256663380489 0.04467715736462776 0
-0.02214619233790236 0.04410451459330465 0
-0.02282351249922361 0.04423658994815232 0
-0.0225575733393422 0.04353741454609162 0
-0.02335006713661899 0.04368085021672099 0
-0.02361844925215366 0.0445963404289995 0
-0.02452365528672416 0.04381241960171566 0
-0.02401581535730172 0.04278485042583975 0
-0.0255410448329587 0.0428112696711196 0
-0.02576806828265569 0.04426247871637298 0
-0.02670458138616189 0.04354766274206027 0
-0.02628613093671298 0.04189386754892895 0
-0.02547919058439305 0.04144608101521454 0
-0.02393919371746683 0.04126364017517087 0
-0.02703444968199389 0.04454597338067517 0
-0.02631785938105359 0.04532564342258273 0
-0.02535285977073696 0.04527398714781011 0
-0.02749877009455487 0.04248956825434803 0
-0.02621081646591519 0.04109957497141169 0
-0.02754916947029228 0.04381426282042031 0
-0.02524426451824417 0.04063235236831855 0
-0.02577246848587599 0.04598228686864388 0
-0.02249891385258449 0.04524800965872484 0
-0.02502452970587864 0.04601952841757655 0
-0.02433162942751867 0.04545539003576453 0
-0.02353607440069165 0.04551110058102297 0
-0.02427986891998469 0.0461889608669264 0
-0.02685466749268504 0.0412866199242742 0
-0.02670105066513923 0.04068517370500847 0
-0.02295752262040253 0.0449155559428452 0
-0.02744777559910952 0.04134923428697643 0
-0.02158857099099475 0.04403748673078305 0
-0.02193022285849158 0.04354820924448574 0
-0.02220726807959547 0.0429411625620705 0
-0.02168707787715612 0.04251723449911558 0
-0.02232068010419111 0.04219522441848869 0
-0.02293850623098721 0.0428641003906184 0
-0.02330575696793982 0.04198932519231804 0
-0.02318884716700599 0.04128367493145902 0
-0.02358792615362971 0.04065446647707005 0
-0.02421396032014552 0.0406748283433429 0
-0.02705822830268503 0.04525910766298269 0
-0.0276260361531441 0.04490270313867372 0
-0.02344342531466268 0.04011018664067538 0
-0.02311360543734823 0.04607087295521756 0
-0.02220143185542501 0.04111672743118733 0
-0.02260347318195808 0.04151345471156054 0
-0.02447084338985375 0.03979054547040339 0
-0.02772761312487158 0.04544845258158686 0
-0.02840676690095781 0.04412366591284953 0
-0.02854045194346179 0.04356659038336985 0
-0.02798709645113001 0.04338167822982407 0
-0.02393546101784613 0.04662465219679151 0
-0.02699999999999999 0.04623473141606389 0
-0.02602869252078905 0.04663749450234962 0
-0.02548192788604273 0.04646439768172902 0
-0.02558567838383046 0.03977531855448057 0
-0.02446735281020461 0.04678566766725713 0
-0.02829514112049976 0.04201830034759001 0
-0.02846136409746558 0.04251123642148708 0
-0.02656757335222322 0.04014484141699059 0
-0.02301145909390252 0.04037831280614981 0
-0.02794996304398653 0.04281667615624212 0
-0.02809775102640911 0.04511589751771422 0
-0.02142745693816038 0.04356953735448834 0
-0.02681139225223463 0.0457186303932236 0
-0.02468600874112228 0.04029389306270205 0
-0.02780554168558404 0.04432383231766055 0
-0.02171511131273494 0.04199323577493719 0
-0.02702965109961973 0.04032431878684618 0
-0.0277638140542068 0.04200859115769349 0
-0.02712707360556947 0.04193224256044543 0
-0.02617756747674485 0.04050005136955139 0
-0.02639323263621294 0.04602527039434224 0
-0.02781275337358099 0.04105298718359261 0
-0.02376870156374052 0.04602404356580819 0
-0.02741465274800852 0.04311916496287619 0
-0.02565039867678484 0.04025257698597957 0
-0.02215986842234856 0.04556619954332355 0
-0.02292900145700054 0.04551394581829137 0
-0.02470200981814495 0.04643551821180906 0
-0.02476234140165563 0.04108591674636558 0
-0.02451161603667706 0.0418440526257381 0
-0.02311533711190234 0.04078841108518516 0
-0.02471893240395783 0.04468012318613256 0
-0.02676204226732774 0.04263229595662975 0
-0.0255474865333246 0.04691049608264964 0
-0.02800765134500785 0.04237473201195067 0
-0.02805780529028519 0.04384200593282486 0
-0.02577171065548387 0.04074010627963816 0
2 8 0 104
1417
1418
1419
1420
1421
1422
1423
1424
1425
1426
1427
1428
1429
1430
1431
1432
1433
1434
1435
1436
1437
1438
1439
1440
1441
1442
1443
1444
1445
1446
1447
1448
1449
1450
1451
1452
1453
1454
1455
1456
1457
1458
1459
1460
1461
1462
1463
1464
1465
1466
1467
1468
1469
1470
1471
1472
1473
1474
1475
1476
1477
1478
1479
1480
1481
1482
1483
1484
1485
1486
1487
1488
1489
1490
1491
1492
1493
1494
1495
1496
1497
1498
1499
1500
1501
1502
1503
1504
1505
1506
1507
1508
1509
1510
1511
1512
1513
1514
1515
1516
1517
1518
1519
1520
-0.05350003823911218 0.0003418759978846668 0
-0.04645764300521058 -0.0002274389947776285 0
-0.05000000000000003 -0.003471069912940467 0
-0.04999880901177253 0.003506650943672718 0
-0.04775977934974343 0.002556137112911289 0
-0.05233027539529495 0.002541570894574286 0
-0.05233969925926085 -0.002556041180925579 0
-0.04772687561053782 -0.00252132641662558 0
-0.04676704239994849 0.001280265698181759 0
-0.05323682626951595 -0.001327650886714339 0
-0.046768872138335 -0.001268124237641046 0
-0.05102311581758124 -0.003316860015788369 0
-0.05102311581758121 0.003316860015788385 0
-0.04850595609168118 -0.003084008709970449 0
-0.04895186260914163 0.003336487692545167 0
-0.05302305562783093 0.001845966525707943 0
-0.05157509658196446 -0.00314956566730428 0
-0.0511726703678612 -0.002745211564639396 0
-0.05060449268901292 -0.002889896856508653 0
-0.05077191457411949 -0.002230446923389879 0
-0.05008490928496426 -0.002459707482987456 0
-0.05021651866807716 -0.001629452394666225 0
-0.05122511219222162 -0.001468133797749837 0
-0.05051351918242585 -0.0004979688801514604 0
-0.04926979048697746 -0.0009420723345330835 0
-0.04943914169463453 0.0005301528841413911 0
-0.05173757741011897 -0.0004284849963161268 0
-0.04825797663460662 5.630590824308435e-05 0
-0.04870496848933063 0.001543830011639411 0
-0.04998289220664118 0.001769398558775866 0
-0.04801715470889371 -0.00107154769244316 0
-0.04869487932888386 -0.001847912574357463 0
-0.05210860288424154 -0.001182562467350907 0
-0.05269384953323027 -0.0003828149089519138 0
-0.05228584554508582 0.0004104547840322113 0
-0.05100650976885098 0.0007371599260519829 0
-0.05112619880245314 0.001964743022020516 0
-0.04776223769477794 0.001082669677101117 0
-0.04924522993117156 0.00237791281566986 0
-0.0505096500040663 0.002464650630236743 0
-0.04745775792138529 -0.0003122721557257381 0
-0.0517510498051902 -0.002589555091575939 0
-0.05192152804514608 0.001290702445095147 0
-0.04838221087199535 0.00223562975796811 0
-0.04794079631810147 -0.0018995683410123 0
-0.05264038283910612 0.001054517477159323 0
-0.0474399345675834 -0.001467790363153387 0
-0.05138766847497461 -0.002195672355282995 0
-0.05202758283671063 -0.00192215932097237 0
-0.05273745764838993 -0.002115497313394919 0
-0.04832020038640176 -0.002489116146460458 0
-0.04898122093611053 -0.00262772774888031 0
-0.04904586920700468 -0.003297959684363632 0
-0.04960027469835486 -0.002927544289026949 0
-0.05201264245130875 0.002004533657503528 0
-0.05166293790127986 0.002599327233494334 0
-0.05253934733463492 0.002023372166278872 0
-0.04845004697983146 0.003154561319794328 0
-0.05054070249493364 0.003457775375467865 0
-0.0469252811385366 0.001775189762348322 0
-0.04727115939927237 0.002133888869099588 0
-0.0478839670498349 0.001846232046373649 0
-0.04801969297643456 0.002998310833894978 0
-0.05318964390203597 0.001271321520055888 0
-0.05300426256549379 0.0006772992309949064 0
-0.04694499556869461 -0.001750407972818716 0
-0.04733755280663832 -0.002080786720943662 0
-0.04719416262146877 -0.0009057469650475273 0
-0.05049927024033928 -0.003450679626393127 0
-0.04655521066541006 0.0007342273827266554 0
-0.0471293799490374 0.0008477566354119993 0
-0.04690913246069824 0.0001548956246084918 0
-0.0474741697188148 0.0003312763963599151 0
-0.04656872674537826 -0.0007867183703702662 0
-0.04801181457623718 -0.002937175763613277 0
-0.05341198723296757 -0.0002085660426420633 0
-0.05330556719647499 -0.0007857875506600857 0
-0.04945054216143165 0.003442887682558962 0
-0.04968560098657979 0.002956490737637343 0
-0.05289202512857403 0.000173638116925821 0
-0.05153563930856441 0.003117992601044938 0
-0.04947459890056136 -0.002072402804075247 0
-0.04882718560727983 0.002780394197904874 0
-0.04732801657342178 0.001503163229448827 0
-0.05311836835566598 -0.001785395349727944 0
-0.05271717542266663 -0.0009853422868921448 0
-0.0520286619349406 0.00297550056425921 0
-0.04949828418959781 -0.003522575471493656 0
-0.05010728153773353 -0.002993615913848285 0
-0.05106905099739086 0.002684629519464179 0
-0.04691748455082823 -0.0004154561722625337 0
-0.04639333256528367 0.0002515706154524458 0
-0.0520319609707701 -0.002977317896963126 0
-0.05269543637404586 -0.001510134119654891 0
-0.05284484214433946 0.002268685905681877 0
-0.0534943118469374 0.0008131373022567617 0
-0.05024530761815304 0.002988807840220915 0
-0.05226635304684092 -0.0007399364952375842 0
-0.04923208425912089 0.002978834625263242 0
-0.04990632263215575 0.002452198783549172 0
-0.05257420291247442 0.001561072965360995 0
-0.0507066873646748 0.002974697634238571 0
-0.04833422296259615 0.002717784545195777 0
-0.04854108112833743 0.0008032396202812508 0
2 9 0 109
1521
1522
1523
1524
1525
1526
1527
1528
1529
1530
1531
1532
1533
1534
1535
1536
1537
1538
1539
1540
1541
1542
1543
1544
1545
1546
1547
1548
1549
1550
1551
1552
1553
1554
1555
1556
1557
1558
1559
1560
1561
1562
1563
1564
1565
1566
1567
1568
1569
1570
1571
1572
1573
1574
1575
1576
1577
1578
1579
1580
1581
1582
1583
1584
1585
1586
1587
1588
1589
1590
1591
1592
1593
1594
1595
1596
1597
1598
1599
1600
1601
1602
1603
1604
1605
1606
1607
1608
1609
1610
1611
1612
1613
1614
1615
1616
1617
1618
1619
1620
1621
1622
1623
1624
1625
1626
1627
1628
1629
-0.02732980983194509 -0.04592355061059744 0
-0.02265140565903027 -0.04075433325492643 0
-0.02729473947127446 -0.04080064261729936 0
-0.02262919580034998 -0.04585099621001824 0
-0.02846574352051642 -0.04303795438952664 0
-0.02500000000000005 -0.0467723401021624 0
-0.02500000000000002 -0.03983020027628146 0
-0.02148986404299462 -0.04354411873943233 0
-0.02176370344365661 -0.04193542954771161 0
-0.02822857349358616 -0.04456910584918974 0
-0.02803131293360153 -0.04151883667507643 0
-0.02650952993208336 -0.04016713490129364 0
-0.02343776671784007 -0.040075696264171 0
-0.02397688418241884 -0.04661813020501031 0
-0.02602815898128609 -0.04662177232360207 0
-0.0219517558048793 -0.04513368967942945 0
-0.02342480184749019 -0.04645074931958078 0
-0.02382608940631557 -0.04605307582894617 0
-0.02450707396095219 -0.04626956837430181 0
-0.02424574445928664 -0.04555197115214069 0
-0.02494715407062305 -0.04575474378921342 0
-0.02481959847966489 -0.04496961457604602 0
-0.02373335536121138 -0.04473001601980094 0
-0.02452544579704584 -0.04380628341872581 0
-0.02589642210938504 -0.04427105917995849 0
-0.02534150074087657 -0.04259251803188881 0
-0.0239722053487825 -0.04258929819511452 0
-0.0246116506345898 -0.04159815158435387 0
-0.02625946284340291 -0.04187591217672347 0
-0.02667626559870848 -0.04293301307321679 0
-0.02706657704111781 -0.04413845960004971 0
-0.02637984284681923 -0.0451711797014996 0
-0.0236303006556327 -0.04138527282883287 0
-0.02559581183312544 -0.04070446745416284 0
-0.02286446879582791 -0.04213547015599625 0
-0.02300079024354018 -0.04309145708952737 0
-0.02707974270677059 -0.04202937543183648 0
-0.02428315305420238 -0.04077260888547887 0
-0.02752623350595221 -0.04337639582673345 0
-0.0271719645311059 -0.04495325987363407 0
-0.0222768442589906 -0.04273534826753313 0
-0.02324958441182868 -0.04591636891123946 0
-0.02238214281548314 -0.04350588844382131 0
-0.02294240071826689 -0.04400349720636812 0
-0.02222918493096793 -0.04421503068882843 0
-0.02278744055932857 -0.04472154711530028 0
-0.02678848280820372 -0.04129244292786653 0
-0.02362224690646489 -0.04551077084258694 0
-0.02302659263089041 -0.04535737899892385 0
-0.02286682162016769 -0.04136821947662755 0
-0.02233379579872737 -0.04170172908426512 0
-0.02781491655117765 -0.04406586230253608 0
-0.02813474800156058 -0.04355909358906827 0
-0.02247433683613798 -0.04522662771491087 0
-0.02697228244843756 -0.04034669263026341 0
-0.02660280011373518 -0.04068945585264847 0
-0.02745596994637127 -0.04146250757669506 0
-0.02842739378091342 -0.04402391375325667 0
-0.02140438494649698 -0.04303489835065285 0
-0.02830109071324798 -0.04205600901811076 0
-0.02773888443613463 -0.04204225336127523 0
-0.02808130090189236 -0.0425586457373397 0
-0.0274968244778985 -0.0426469739543335 0
-0.02445899080664005 -0.04683022117947408 0
-0.02807471886146343 -0.04507645995157022 0
-0.02766714033835899 -0.04465141540652413 0
-0.02392370573812824 -0.03995269113945581 0
-0.02169542774522251 -0.0425507366287954 0
-0.02601970591067335 -0.03992946143956529 0
-0.0254931121461003 -0.04675284947735994 0
-0.02556364899053856 -0.04617599917202241 0
-0.02615066332690483 -0.04603402119325901 0
-0.0256262216373226 -0.04539610293533316 0
-0.02655138666839817 -0.0464275044504648 0
-0.02671958338815686 -0.04585542296413202 0
-0.02176887256403809 -0.044610703565617 0
-0.02308038201299464 -0.0404057749532224 0
-0.02319038848583966 -0.04090640284225915 0
-0.0255291566101463 -0.03979054547040338 0
-0.02155712069648697 -0.04409242081606663 0
-0.02447084338985375 -0.03979054547040338 0
-0.02469659079924306 -0.04032853516600794 0
-0.02772037005096849 -0.04552448930507685 0
-0.02224981469086201 -0.04115918562102389 0
-0.02524674542667281 -0.04028505966688836 0
-0.02369058262804449 -0.04052598767941386 0
-0.02701894781918703 -0.04628008918972959 0
-0.02188769667287448 -0.04148201388854395 0
-0.022186848008485 -0.04221174273686031 0
-0.02780383698716612 -0.0410821112128353 0
-0.02608525655611313 -0.04043704826389342 0
-0.02706745485359776 -0.04545391178526637 0
-0.02860851011111101 -0.0435716906379538 0
-0.02497976030816995 -0.04085783208772668 0
-0.02295580079345814 -0.0462974352812712 0
-0.02854159510003819 -0.04249292421870608 0
-0.02794097008156401 -0.04303581269940031 0
-0.02506870362245788 -0.04625860182076583 0
-0.02193804074649407 -0.04377790104799183 0
-0.02613883962778207 -0.04107685751770535 0
-0.0218885357114449 -0.04316899144605721 0
-0.02214302360533333 -0.04557757795225603 0
-0.02363483949376935 -0.04364411038590735 0
-0.02549773914015913 -0.04145899097479656 0
-0.02568903563980176 -0.04021446344209741 0
-0.02421297512189438 -0.04027407366815197 0
-0.02754032972709891 -0.04513190726441433 0
-0.02224231813907037 -0.0447815197528172 0
-0.02671735851689017 -0.04468029828386893 0
2 10 0 111
1630
1631
1632
1633
1634
1635
1636
1637
1638
1639
1640
1641
1642
1643
1644
1645
1646
1647
1648
1649
1650
1651
1652
1653
1654
1655
1656
1657
1658
1659
1660
1661
1662
1663
1664
1665
1666
1667
1668
1669
1670
1671
1672
1673
1674
1675
1676
1677
1678
1679
1680
1681
1682
1683
1684
1685
1686
1687
1688
1689
1690
1691
1692
1693
1694
1695
1696
1697
1698
1699
1700
1701
1702
1703
1704
1705
1706
1707
1708
1709
1710
1711
1712
1713
1714
1715
1716
1717
1718
1719
1720
1721
1722
1723
1724
1725
1726
1727
1728
1729
1730
1731
1732
1733
1734
1735
1736
1737
1738
1739
1740
0.02253316125346135 -0.04582523545496142 0
0.027360927125679 -0.04075679589228873 0
0.02734845755076212 -0.04579472885968513 0
0.02229659076848783 -0.04111858320563552 0
0.02439758476202688 -0.03984666263812489 0
0.02491127850136367 -0.04682518021248468 0
0.02142433760223346 -0.04357909260055786 0
0.02845737748236348 -0.04358810439009307 0
0.02602809276896151 -0.03996766427603964 0
0.0282484302480471 -0.042064533136661 0
0.02161595705673981 -0.04252888447036675 0
0.02606621336777569 -0.04672950610383431 0
0.02304499535197111 -0.04042712334146115 0
0.02349395920743492 -0.04642859611909404 0
0.0279930125651426 -0.04502830909726638 0
0.021768872138335 -0.04456939442686296 0
0.0240124104514696 -0.04668140430468054 0
0.02398863822683108 -0.04611725756191508 0
0.02346430109211789 -0.04581225571743735 0
0.02404205450876455 -0.04546475979148351 0
0.02345470762759802 -0.04509581379335975 0
0.02408364371292123 -0.04460267285274639 0
0.02486719743568211 -0.04519110734147273 0
0.02500298426397845 -0.0439850881909909 0
0.02374702555432441 -0.04336934967134888 0
0.0252401504382626 -0.04254441882450318 0
0.02636695522610229 -0.04347155825802662 0
0.02647085120951772 -0.04231617582011372 0
0.0250487149384003 -0.0413768285954501 0
0.02726960111205826 -0.04277644593649245 0
0.02731313392061886 -0.04395970866756387 0
0.02660492661173324 -0.04450980464030583 0
0.02632611885541725 -0.04099327862393053 0
0.02399392650424898 -0.04195318641166566 0
0.02292290203175686 -0.0425172382762378 0
0.02271656083776723 -0.04373817784088458 0
0.02430145121777267 -0.04089231332425921 0
0.02724471118625392 -0.04193054306877438 0
0.02309219905308238 -0.04171179412591459 0
0.02240382870970234 -0.04196395023783348 0
0.02508985243910503 -0.04065184855195066 0
0.02225628472451855 -0.04302062896907239 0
0.02448983226440338 -0.04642945743442348 0
0.0273260379549752 -0.04469158335003325 0
0.02686063397042234 -0.04528325996162075 0
0.02597173274877372 -0.0453378114744007 0
0.02542442965296296 -0.04592140805565384 0
0.02639571817859 -0.04592173564907515 0
0.02790520349427384 -0.04437219392077692 0
0.02459963689602094 -0.04587478951723503 0
0.02746252141649376 -0.04526506548842872 0
0.02779602449956644 -0.04335510716105517 0
0.02201587308122322 -0.04153783841832558 0
0.02805208214142011 -0.04158627189822865 0
0.02699999999999999 -0.04623473141606389 0
0.0284403896312212 -0.04303320094898172 0
0.0279774309126123 -0.04271939048151367 0
0.02549872000063635 -0.04661614110099157 0
0.02197694598455478 -0.04510732750618722 0
0.02233866327241141 -0.04469272606812326 0
0.02248330265616966 -0.0452465387171701 0
0.02219919036812167 -0.04415909176786878 0
0.02552915661014628 -0.03979054547040339 0
0.02559711482260813 -0.04034361688775328 0
0.02259802594273409 -0.04066324555608952 0
0.02297519629362334 -0.04106327669182099 0
0.02358445370358822 -0.04069763611599297 0
0.02352309069720484 -0.04013917512892598 0
0.02359930379355997 -0.04128534713131474 0
0.02157001390593108 -0.04311741282689101 0
0.02495561147283265 -0.03979023173304191 0
0.02848877306398514 -0.04252889503665039 0
0.026546379184244 -0.04013446394013984 0
0.02700000000000001 -0.04036780896237999 0
0.02842680259119531 -0.04412135909538092 0
0.02654045194346178 -0.04650005161021179 0
0.02299578203055426 -0.04615191518244852 0
0.02161560215627337 -0.04404246809061528 0
0.0217686357590825 -0.04202696246718297 0
0.02777579848711772 -0.04108764476284553 0
0.02724438800195224 -0.04132847188274458 0
0.02218637984433814 -0.04245379435535709 0
0.02686997790482931 -0.04092265717019754 0
0.02329574081219547 -0.04431558245637509 0
0.02405487357055774 -0.04032183904301755 0
0.02196366493247423 -0.04360947868264832 0
0.02773853321293004 -0.04214067115524157 0
0.0228884039119247 -0.04483337425149519 0
0.02393199758988582 -0.03986286598757535 0
0.02834657137865424 -0.04461470266851738 0
0.02798528847165237 -0.04386374908159433 0
0.0246731268839704 -0.04026829278887294 0
0.02614872956951361 -0.04047015102522427 0
0.0259289783811551 -0.04612571261949212 0
0.02782594381852866 -0.04555284526750063 0
0.02667866785110296 -0.04152676545187165 0
0.02568229221867017 -0.0409081229378816 0
0.02445857821343081 -0.04689336903664977 0
0.02498477946307746 -0.04633339526415772 0
0.02215986059448103 -0.04556620578583958 0
0.02296710671107663 -0.04545267691906777 0
0.02690120242494361 -0.04580861397161123 0
0.02258214187219344 -0.04150235993708782 0
0.02268771184048409 -0.04434779047694938 0
0.02576275925725396 -0.04449907398103936 0
0.02589576175071062 -0.04161195157868366 0
0.0272254404422642 -0.04339160049877405 0
0.02658724810052186 -0.04057342916254452 0
0.0276111026059348 -0.04161472055356694 0
0.02518909113024534 -0.04015117975967272 0
0.02283829800271055 -0.0431546169019595 0
2 11 0 3502
1741
1742
1743
1744
1745
1746
1747
1748
1749
1750
1751
1752
1753
1754
1755
1756
1757
1758
1759
1760
1761
1762
1763
1764
1765
1766
1767
1768
1769
1770
1771
1772
1773
1774
1775
1776
1777
1778
1779
1780
1781
1782
1783
1784
1785
1786
1787
1788
1789
1790
1791
1792
1793
1794
1795
1796
1797
1798
1799
1800
1801
1802
1803
1804
1805
1806
1807
1808
1809
1810
1811
1812
1813
1814
1815
1816
1817
1818
1819
1820
1821
1822
1823
1824
1825
1826
1827
1828
1829
1830
1831
1832
1833
1834
1835
1836
1837
1838
1839
1840
1841
1842
1843
1844
1845
1846
1847
1848
1849
1850
1851
1852
1853
1854
1855
1856
1857
1858
1859
1860
1861
1862
1863
1864
1865
1866
1867
1868
1869
1870
1871
1872
1873
1874
1875
1876
1877
1878
1879
1880
1881
1882
1883
1884
1885
1886
1887
1888
1889
1890
1891
1892
1893
1894
1895
1896
1897
1898
1899
1900
1901
1902
1903
1904
1905
1906
1907
1908
1909
1910
1911
1912
1913
1914
1915
1916
1917
1918
1919
1920
1921
1922
1923
1924
1925
1926
1927
1928
1929
1930
1931
1932
1933
1934
1935
1936
1937
1938
1939
1940
1941
1942
1943
1944
1945
1946
1947
1948
1949
1950
1951
1952
1953
1954
1955
1956
1957
1958
1959
1960
1961
1962
1963
1964
1965
1966
1967
1968
1969
1970
1971
1972
1973
1974
1975
1976
1977
1978
1979
1980
1981
1982
1983
1984
1985
1986
1987
1988
1989
1990
1991
1992
1993
1994
1995
1996
1997
1998
1999
2000
2001
2002
2003
2004
2005
2006
2007
2008
2009
2010
2011
2012
2013
2014
2015
2016
2017
2018
2019
2020
2021
2022
2023
2024
2025
2026
2027
2028
2029
2030
2031
2032
2033
2034
2035
2036
2037
2038
2039
2040
2041
2042
2043
2044
2045
2046
2047
2048
2049
2050
2051
2052
2053
2054
2055
2056
2057
2058
2059
2060
2061
2062
2063
2064
2065
2066
2067
2068
2069
2070
2071
2072
2073
2074
2075
2076
2077
2078
2079
2080
2081
2082
2083
2084
2085
2086
2087
2088
2089
2090
2091
2092
2093
2094
2095
2096
2097
2098
2099
2100
2101
2102
2103
2104
2105
2106
2107
2108
2109
2110
2111
2112
2113
2114
2115
2116
2117
2118
2119
2120
2121
2122
2123
2124
2125
2126
2127
2128
2129
2130
2131
2132
2133
2134
2135
2136
2137
2138
2139
2140
2141
2142
2143
2144
2145
2146
2147
2148
2149
2150
2151
2152
2153
2154
2155
2156
2157
2158
2159
2160
2161
2162
2163
2164
2165
2166
2167
2168
2169
2170
2171
2172
2173
2174
2175
2176
2177
2178
2179
2180
2181
2182
2183
2184
2185
2186
2187
2188
2189
2190
2191
2192
2193
2194
2195
2196
2197
2198
2199
2200
2201
2202
2203
2204
2205
2206
2207
2208
2209
2210
2211
2212
2213
2214
2215
2216
2217
2218
2219
2220
2221
2222
2223
2224
2225
2226
2227
2228
2229
2230
2231
2232
2233
2234
2235
2236
2237
2238
2239
2240
2241
2242
2243
2244
2245
2246
2247
2248
2249
2250
2251
2252
2253
2254
2255
2256
2257
2258
2259
2260
2261
2262
2263
2264
2265
2266
2267
2268
2269
2270
2271
2272
2273
2274
2275
2276
2277
2278
2279
2280
2281
2282
2283
2284
2285
2286
2287
2288
2289
2290
2291
2292
2293
2294
2295
2296
2297
2298
2299
2300
2301
2302
2303
2304
2305
2306
2307
2308
2309
2310
2311
2312
2313
2314
2315
2316
2317
2318
2319
2320
2321
2322
2323
2324
2325
2326
2327
2328
2329
2330
2331
2332
2333
2334
2335
2336
2337
2338
2339
2340
2341
2342
2343
2344
2345
2346
2347
2348
2349
2350
2351
2352
2353
2354
2355
2356
2357
2358
2359
2360
2361
2362
2363
2364
2365
2366
2367
2368
2369
2370
2371
2372
2373
2374
2375
2376
2377
2378
2379
2380
2381
2382
2383
2384
2385
2386
2387
2388
2389
2390
2391
2392
2393
2394
2395
2396
2397
2398
2399
2400
2401
2402
2403
2404
2405
2406
2407
2408
2409
2410
2411
2412
2413
2414
2415
2416
2417
2418
2419
2420
2421
2422
2423
2424
2425
2426
2427
2428
2429
2430
2431
2432
2433
2434
2435
2436
2437
2438
2439
2440
2441
2442
2443
2444
2445
2446
2447
2448
2449
2450
2451
2452
2453
2454
2455
2456
2457
2458
2459
2460
2461
2462
2463
2464
2465
2466
2467
2468
2469
2470
2471
2472
2473
2474
2475
2476
2477
2478
2479
2480
2481
2482
2483
2484
2485
2486
2487
2488
2489
2490
2491
2492
2493
2494
2495
2496
2497
2498
2499
2500
2501
2502
2503
2504
2505
2506
2507
2508
2509
2510
2511
2512
2513
2514
2515
2516
2517
2518
2519
2520
2521
2522
2523
2524
2525
2526
2527
2528
2529
2530
2531
2532
2533
2534
2535
2536
2537
2538
2539
2540
2541
2542
2543
2544
2545
2546
2547
2548
2549
2550
2551
2552
2553
2554
2555
2556
2557
2558
2559
2560
2561
2562
2563
2564
2565
2566
2567
2568
2569
2570
2571
2572
2573
2574
2575
2576
2577
2578
2579
2580
2581
2582
2583
2584
2585
2586
2587
2588
2589
2590
2591
2592
2593
2594
2595
2596
2597
2598
2599
2600
2601
2602
2603
2604
2605
2606
2607
2608
2609
2610
2611
2612
2613
2614
2615
2616
2617
2618
2619
2620
2621
2622
2623
2624
2625
2626
2627
2628
2629
2630
2631
2632
2633
2634
2635
2636
2637
2638
2639
2640
2641
2642
2643
2644
2645
2646
2647
2648
2649
2650
2651
2652
2653
2654
2655
2656
2657
2658
2659
2660
2661
2662
2663
2664
2665
2666
2667
2668
2669
2670
2671
2672
2673
2674
2675
2676
2677
2678
2679
2680
2681
2682
2683
2684
2685
2686
2687
2688
2689
2690
2691
2692
2693
2694
2695
2696
2697
2698
2699
2700
2701
2702
2703
2704
2705
2706
2707
2708
2709
2710
2711
2712
2713
2714
2715
2716
2717
2718
2719
2720
2721
2722
2723
2724
2725
2726
2727
2728
2729
2730
2731
2732
2733
2734
2735
2736
2737
2738
2739
2740
2741
2742
2743
2744
2745
2746
2747
2748
2749
2750
2751
2752
2753
2754
2755
2756
2757
2758
2759
2760
2761
2762
2763
2764
2765
2766
2767
2768
2769
2770
2771
2772
2773
2774
2775
2776
2777
2778
2779
2780
2781
2782
2783
2784
2785
2786
2787
2788
2789
2790
2791
2792
2793
2794
2795
2796
2797
2798
2799
2800
2801
2802
2803
2804
2805
2806
2807
2808
2809
2810
2811
2812
2813
2814
2815
2816
2817
2818
2819
2820
2821
2822
2823
2824
2825
2826
2827
2828
2829
2830
2831
2832
2833
2834
2835
2836
2837
2838
2839
2840
2841
2842
2843
2844
2845
2846
2847
2848
2849
2850
2851
2852
2853
2854
2855
2856
2857
2858
2859
2860
2861
2862
2863
2864
2865
2866
2867
2868
2869
2870
2871
2872
2873
2874
2875
2876
2877
2878
2879
2880
2881
2882
2883
2884
2885
2886
2887
2888
2889
2890
2891
2892
2893
2894
2895
2896
2897
2898
2899
2900
2901
2902
2903
2904
2905
2906
2907
2908
2909
2910
2911
2912
2913
2914
2915
2916
2917
2918
2919
2920
2921
2922
2923
2924
2925
2926
2927
2928
2929
2930
2931
2932
2933
2934
2935
2936
2937
2938
2939
2940
2941
2942
2943
2944
2945
2946
2947
2948
2949
2950
2951
2952
2953
2954
2955
2956
2957
2958
2959
2960
2961
2962
2963
2964
2965
2966
2967
2968
2969
2970
2971
2972
2973
2974
2975
2976
2977
2978
2979
2980
2981
2982
2983
2984
2985
2986
2987
2988
2989
2990
2991
2992
2993
2994
2995
2996
2997
2998
2999
3000
3001
3002
3003
3004
3005
3006
3007
3008
3009
3010
3011
3012
3013
3014
3015
3016
3017
3018
3019
3020
3021
3022
3023
3024
3025
3026
3027
3028
3029
3030
3031
3032
3033
3034
3035
3036
3037
3038
3039
3040
3041
3042
3043
3044
3045
3046
3047
3048
3049
3050
3051
3052
3053
3054
3055
3056
3057
3058
3059
3060
3061
3062
3063
3064
3065
3066
3067
3068
3069
3070
3071
3072
3073
3074
3075
3076
3077
3078
3079
3080
3081
3082
3083
3084
3085
3086
3087
3088
3089
3090
3091
3092
3093
3094
3095
3096
3097
3098
3099
3100
3101
3102
3103
3104
3105
3106
3107
3108
3109
3110
3111
3112
3113
3114
3115
3116
3117
3118
3119
3120
3121
3122
3123
3124
3125
3126
3127
3128
3129
3130
3131
3132
3133
3134
3135
3136
3137
3138
3139
3140
3141
3142
3143
3144
3145
3146
3147
3148
3149
3150
3151
3152
3153
3154
3155
3156
3157
3158
3159
3160
3161
3162
3163
3164
3165
3166
3167
3168
3169
3170
3171
3172
3173
3174
3175
3176
3177
3178
3179
3180
3181
3182
3183
3184
3185
3186
3187
3188
3189
3190
3191
3192
3193
3194
3195
3196
3197
3198
3199
3200
3201
3202
3203
3204
3205
3206
3207
3208
3209
3210
3211
3212
3213
3214
3215
3216
3217
3218
3219
3220
3221
3222
3223
3224
3225
3226
3227
3228
3229
3230
3231
3232
3233
3234
3235
3236
3237
3238
3239
3240
3241
3242
3243
3244
3245
3246
3247
3248
3249
3250
3251
3252
3253
3254
3255
3256
3257
3258
3259
3260
3261
3262
3263
3264
3265
3266
3267
3268
3269
3270
3271
3272
3273
3274
3275
3276
3277
3278
3279
3280
3281
3282
3283
3284
3285
3286
3287
3288
3289
3290
3291
3292
3293
3294
3295
3296
3297
3298
3299
3300
3301
3302
3303
3304
3305
3306
3307
3308
3309
3310
3311
3312
3313
3314
3315
3316
3317
3318
3319
3320
3321
3322
3323
3324
3325
3326
3327
3328
3329
3330
3331
3332
3333
3334
3335
3336
3337
3338
3339
3340
3341
3342
3343
3344
3345
3346
3347
3348
3349
3350
3351
3352
3353
3354
3355
3356
3357
3358
3359
3360
3361
3362
3363
3364
3365
3366
3367
3368
3369
3370
3371
3372
3373
3374
3375
3376
3377
3378
3379
3380
3381
3382
3383
3384
3385
3386
3387
3388
3389
3390
3391
3392
3393
3394
3395
3396
3397
3398
3399
3400
3401
3402
3403
3404
3405
3406
3407
3408
3409
3410
3411
3412
3413
3414
3415
3416
3417
3418
3419
3420
3421
3422
3423
3424
3425
3426
3427
3428
3429
3430
3431
3432
3433
3434
3435
3436
3437
3438
3439
3440
3441
3442
3443
3444
3445
3446
3447
3448
3449
3450
3451
3452
3453
3454
3455
3456
3457
3458
3459
3460
3461
3462
3463
3464
3465
3466
3467
3468
3469
3470
3471
3472
3473
3474
3475
3476
3477
3478
3479
3480
3481
3482
3483
3484
3485
3486
3487
3488
3489
3490
3491
3492
3493
3494
3495
3496
3497
3498
3499
3500
3501
3502
3503
3504
3505
3506
3507
3508
3509
3510
3511
3512
3513
3514
3515
3516
3517
3518
3519
3520
3521
3522
3523
3524
3525
3526
3527
3528
3529
3530
3531
3532
3533
3534
3535
3536
3537
3538
3539
3540
3541
3542
3543
3544
3545
3546
3547
3548
3549
3550
3551
3552
3553
3554
3555
3556
3557
3558
3559
3560
3561
3562
3563
3564
3565
3566
3567
3568
3569
3570
3571
3572
3573
3574
3575
3576
3577
3578
3579
3580
3581
3582
3583
3584
3585
3586
3587
3588
3589
3590
3591
3592
3593
3594
3595
3596
3597
3598
3599
3600
3601
3602
3603
3604
3605
3606
3607
3608
3609
3610
3611
3612
3613
3614
3615
3616
3617
3618
3619
3620
3621
3622
3623
3624
3625
3626
3627
3628
3629
3630
3631
3632
3633
3634
3635
3636
3637
3638
3639
3640
3641
3642
3643
3644
3645
3646
3647
3648
3649
3650
3651
3652
3653
3654
3655
3656
3657
3658
3659
3660
3661
3662
3663
3664
3665
3666
3667
3668
3669
3670
3671
3672
3673
3674
3675
3676
3677
3678
3679
3680
3681
3682
3683
3684
3685
3686
3687
3688
3689
3690
3691
3692
3693
3694
3695
3696
3697
3698
3699
3700
3701
3702
3703
3704
3705
3706
3707
3708
3709
3710
3711
3712
3713
3714
3715
3716
3717
3718
3719
3720
3721
3722
3723
3724
3725
3726
3727
3728
3729
3730
3731
3732
3733
3734
3735
3736
3737
3738
3739
3740
3741
3742
3743
3744
3745
3746
3747
3748
3749
3750
3751
3752
3753
3754
3755
3756
3757
3758
3759
3760
3761
3762
3763
3764
3765
3766
3767
3768
3769
3770
3771
3772
3773
3774
3775
3776
3777
3778
3779
3780
3781
3782
3783
3784
3785
3786
3787
3788
3789
3790
3791
3792
3793
3794
3795
3796
3797
3798
3799
3800
3801
3802
3803
3804
3805
3806
3807
3808
3809
3810
3811
3812
3813
3814
3815
3816
3817
3818
3819
3820
3821
3822
3823
3824
3825
3826
3827
3828
3829
3830
3831
3832
3833
3834
3835
3836
3837
3838
3839
3840
3841
3842
3843
3844
3845
3846
3847
3848
3849
3850
3851
3852
3853
3854
3855
3856
3857
3858
3859
3860
3861
3862
3863
3864
3865
3866
3867
3868
3869
3870
3871
3872
3873
3874
3875
3876
3877
3878
3879
3880
3881
3882
3883
3884
3885
3886
3887
3888
3889
3890
3891
3892
3893
3894
3895
3896
3897
3898
3899
3900
3901
3902
3903
3904
3905
3906
3907
3908
3909
3910
3911
3912
3913
3914
3915
3916
3917
3918
3919
3920
3921
3922
3923
3924
3925
3926
3927
3928
3929
3930
3931
3932
3933
3934
3935
3936
3937
3938
3939
3940
3941
3942
3943
3944
3945
3946
3947
3948
3949
3950
3951
3952
3953
3954
3955
3956
3957
3958
3959
3960
3961
3962
3963
3964
3965
3966
3967
3968
3969
3970
3971
3972
3973
3974
3975
3976
3977
3978
3979
3980
3981
3982
3983
3984
3985
3986
3987
3988
3989
3990
3991
3992
3993
3994
3995
3996
3997
3998
3999
4000
4001
4002
4003
4004
4005
4006
4007
4008
4009
4010
4011
4012
4013
4014
4015
4016
4017
4018
4019
4020
4021
4022
4023
4024
4025
4026
4027
4028
4029
4030
4031
4032
4033
4034
4035
4036
4037
4038
4039
4040
4041
4042
4043
4044
4045
4046
4047
4048
4049
4050
4051
4052
4053
4054
4055
4056
4057
4058
4059
4060
4061
4062
4063
4064
4065
4066
4067
4068
4069
4070
4071
4072
4073
4074
4075
4076
4077
4078
4079
4080
4081
4082
4083
4084
4085
4086
4087
4088
4089
4090
4091
4092
4093
4094
4095
4096
4097
4098
4099
4100
4101
4102
4103
4104
4105
4106
4107
4108
4109
4110
4111
4112
4113
4114
4115
4116
4117
4118
4119
4120
4121
4122
4123
4124
4125
4126
4127
4128
4129
4130
4131
4132
4133
4134
4135
4136
4137
4138
4139
4140
4141
4142
4143
4144
4145
4146
4147
4148
4149
4150
4151
4152
4153
4154
4155
4156
4157
4158
4159
4160
4161
4162
4163
4164
4165
4166
4167
4168
4169
4170
4171
4172
4173
4174
4175
4176
4177
4178
4179
4180
4181
4182
4183
4184
4185
4186
4187
4188
4189
4190
4191
4192
4193
4194
4195
4196
4197
4198
4199
4200
4201
4202
4203
4204
4205
4206
4207
4208
4209
4210
4211
4212
4213
4214
4215
4216
4217
4218
4219
4220
4221
4222
4223
4224
4225
4226
4227
4228
4229
4230
4231
4232
4233
4234
4235
4236
4237
4238
4239
4240
4241
4242
4243
4244
4245
4246
4247
4248
4249
4250
4251
4252
4253
4254
4255
4256
4257
4258
4259
4260
4261
4262
4263
4264
4265
4266
4267
4268
4269
4270
4271
4272
4273
4274
4275
4276
4277
4278
4279
4280
4281
4282
4283
4284
4285
4286
4287
4288
4289
4290
4291
4292
4293
4294
4295
4296
4297
4298
4299
4300
4301
4302
4303
4304
4305
4306
4307
4308
4309
4310
4311
4312
4313
4314
4315
4316
4317
4318
4319
4320
4321
4322
4323
4324
4325
4326
4327
4328
4329
4330
4331
4332
4333
4334
4335
4336
4337
4338
4339
4340
4341
4342
4343
4344
4345
4346
4347
4348
4349
4350
4351
4352
4353
4354
4355
4356
4357
4358
4359
4360
4361
4362
4363
4364
4365
4366
4367
4368
4369
4370
4371
4372
4373
4374
4375
4376
4377
4378
4379
4380
4381
4382
4383
4384
4385
4386
4387
4388
4389
4390
4391
4392
4393
4394
4395
4396
4397
4398
4399
4400
4401
4402
4403
4404
4405
4406
4407
4408
4409
4410
4411
4412
4413
4414
4415
4416
4417
4418
4419
4420
4421
4422
4423
4424
4425
4426
4427
4428
4429
4430
4431
4432
4433
4434
4435
4436
4437
4438
4439
4440
4441
4442
4443
4444
4445
4446
4447
4448
4449
4450
4451
4452
4453
4454
4455
4456
4457
4458
4459
4460
4461
4462
4463
4464
4465
4466
4467
4468
4469
4470
4471
4472
4473
4474
4475
4476
4477
4478
4479
4480
4481
4482
4483
4484
4485
4486
4487
4488
4489
4490
4491
4492
4493
4494
4495
4496
4497
4498
4499
4500
4501
4502
4503
4504
4505
4506
4507
4508
4509
4510
4511
4512
4513
4514
4515
4516
4517
4518
4519
4520
4521
4522
4523
4524
4525
4526
4527
4528
4529
4530
4531
4532
4533
4534
4535
4536
4537
4538
4539
4540
4541
4542
4543
4544
4545
4546
4547
4548
4549
4550
4551
4552
4553
4554
4555
4556
4557
4558
4559
4560
4561
4562
4563
4564
4565
4566
4567
4568
4569
4570
4571
4572
4573
4574
4575
4576
4577
4578
4579
4580
4581
4582
4583
4584
4585
4586
4587
4588
4589
4590
4591
4592
4593
4594
4595
4596
4597
4598
4599
4600
4601
4602
4603
4604
4605
4606
4607
4608
4609
4610
4611
4612
4613
4614
4615
4616
4617
4618
4619
4620
4621
4622
4623
4624
4625
4626
4627
4628
4629
4630
4631
4632
4633
4634
4635
4636
4637
4638
4639
4640
4641
4642
4643
4644
4645
4646
4647
4648
4649
4650
4651
4652
4653
4654
4655
4656
4657
4658
4659
4660
4661
4662
4663
4664
4665
4666
4667
4668
4669
4670
4671
4672
4673
4674
4675
4676
4677
4678
4679
4680
4681
4682
4683
4684
4685
4686
4687
4688
4689
4690
4691
4692
4693
4694
4695
4696
4697
4698
4699
4700
4701
4702
4703
4704
4705
4706
4707
4708
4709
4710
4711
4712
4713
4714
4715
4716
4717
4718
4719
4720
4721
4722
4723
4724
4725
4726
4727
4728
4729
4730
4731
4732
4733
4734
4735
4736
4737
4738
4739
4740
4741
4742
4743
4744
4745
4746
4747
4748
4749
4750
4751
4752
4753
4754
4755
4756
4757
4758
4759
4760
4761
4762
4763
4764
4765
4766
4767
4768
4769
4770
4771
4772
4773
4774
4775
4776
4777
4778
4779
4780
4781
4782
4783
4784
4785
4786
4787
4788
4789
4790
4791
4792
4793
4794
4795
4796
4797
4798
4799
4800
4801
4802
4803
4804
4805
4806
4807
4808
4809
4810
4811
4812
4813
4814
4815
4816
4817
4818
4819
4820
4821
4822
4823
4824
4825
4826
4827
4828
4829
4830
4831
4832
4833
4834
4835
4836
4837
4838
4839
4840
4841
4842
4843
4844
4845
4846
4847
4848
4849
4850
4851
4852
4853
4854
4855
4856
4857
4858
4859
4860
4861
4862
4863
4864
4865
4866
4867
4868
4869
4870
4871
4872
4873
4874
4875
4876
4877
4878
4879
4880
4881
4882
4883
4884
4885
4886
4887
4888
4889
4890
4891
4892
4893
4894
4895
4896
4897
4898
4899
4900
4901
4902
4903
4904
4905
4906
4907
4908
4909
4910
4911
4912
4913
4914
4915
4916
4917
4918
4919
4920
4921
4922
4923
4924
4925
4926
4927
4928
4929
4930
4931
4932
4933
4934
4935
4936
4937
4938
4939
4940
4941
4942
4943
4944
4945
4946
4947
4948
4949
4950
4951
4952
4953
4954
4955
4956
4957
4958
4959
4960
4961
4962
4963
4964
4965
4966
4967
4968
4969
4970
4971
4972
4973
4974
4975
4976
4977
4978
4979
4980
4981
4982
4983
4984
4985
4986
4987
4988
4989
4990
4991
4992
4993
4994
4995
4996
4997
4998
4999
5000
5001
5002
5003
5004
5005
5006
5007
5008
5009
5010
5011
5012
5013
5014
5015
5016
5017
5018
5019
5020
5021
5022
5023
5024
5025
5026
5027
5028
5029
5030
5031
5032
5033
5034
5035
5036
5037
5038
5039
5040
5041
5042
5043
5044
5045
5046
5047
5048
5049
5050
5051
5052
5053
5054
5055
5056
5057
5058
5059
5060
5061
5062
5063
5064
5065
5066
5067
5068
5069
5070
5071
5072
5073
5074
5075
5076
5077
5078
5079
5080
5081
5082
5083
5084
5085
5086
5087
5088
5089
5090
5091
5092
5093
5094
5095
5096
5097
5098
5099
5100
5101
5102
5103
5104
5105
5106
5107
5108
5109
5110
5111
5112
5113
5114
5115
5116
5117
5118
5119
5120
5121
5122
5123
5124
5125
5126
5127
5128
5129
5130
5131
5132
5133
5134
5135
5136
5137
5138
5139
5140
5141
5142
5143
5144
5145
5146
5147
5148
5149
5150
5151
5152
5153
5154
5155
5156
5157
5158
5159
5160
5161
5162
5163
5164
5165
5166
5167
5168
5169
5170
5171
5172
5173
5174
5175
5176
5177
5178
5179
5180
5181
5182
5183
5184
5185
5186
5187
5188
5189
5190
5191
5192
5193
5194
5195
5196
5197
5198
5199
5200
5201
5202
5203
5204
5205
5206
5207
5208
5209
5210
5211
5212
5213
5214
5215
5216
5217
5218
5219
5220
5221
5222
5223
5224
5225
5226
5227
5228
5229
5230
5231
5232
5233
5234
5235
5236
5237
5238
5239
5240
5241
5242
-0.004676371222470387 0.03418361391213143 0
-0.00468206316077856 -0.03419217676834552 0
-0.02726511342993411 -0.02116684707954584 0
-0.0272469020591124 0.02115247544333798 0
0.03197445648362625 0.01300578513352505 0
0.03196533686968729 -0.01300645939509168 0
0.02709601824463697 0.02138288149250124 0
0.02708694546193197 -0.02137844801493207 0
-0.03207292175157452 0.01273458036206825 0
-0.03208323037230787 -0.0127564983161644 0
0.005012687535621808 -0.03415759780930919 0
0.005012286303546682 0.03415485043107665 0
-0.02061405930720885 0.04427744812878413 0
-0.02062489911549713 -0.04432478846015162 0
-0.02803836524067034 -0.03999102309955392 0
-0.02807037706834648 0.04001221545942071 0
0.04864871322919566 0.004282248335308139 0
0.04868303210284148 -0.004290478714209148 0
0.02061393154669657 0.04427893985761907 0
0.02061411319688531 -0.04427732920198718 0
-0.04864859061515593 -0.004282116653128643 0
-0.04864210612199996 0.004272024696866142 0
0.028076983806785 -0.04004148643990603 0
0.02803823530220481 0.03999101030598427 0
-0.001655495995792695 0.03447724046569847 0
-0.00166646122154555 -0.03451193875106943 0
-0.02901124701124876 0.0187519180645029 0
-0.0290146426001119 -0.01869274596914708 0
0.03071343076271587 0.01573974346899728 0
0.0306963112804918 -0.01575901044711085 0
0.001993077698504575 0.0344612886458214 0
0.001988745642841138 -0.0344593651557247 0
-0.0308055000360654 -0.01552987250816256 0
-0.03082356836337999 0.01552239303162074 0
0.0291994457432258 -0.01839444858778313 0
0.02920309493548372 0.01840359283133227 0
-0.00764873843031496 0.03363764735311557 0
-0.007669175553168811 -0.03365420585856587 0
-0.02529904163831624 -0.02348148883309558 0
-0.02529693434651861 0.0234854611192617 0
0.032977208612689 0.01015100145876564 0
0.03295706460727388 -0.010154420995814 0
0.02511497781916285 0.02367902571269496 0
0.02511078936868527 -0.02368317713009581 0
-0.03307226047095535 0.009885921612939942 0
-0.03306830158133905 -0.009885698601712813 0
0.007989958399055586 -0.03358154537415561 0
0.007993723920876826 0.0335785974024058 0
-0.02061405930720888 -0.04232509224965973 0
-0.0206064284152151 0.0422984661457288 0
-0.02633931924748556 0.03900573118504962 0
-0.0263011576183888 -0.0390005625436578 0
0.04694462454706008 0.003291579709502896 0
0.04692150690492018 -0.00328869006912649 0
0.02641208113520583 0.03897195433194708 0
0.02634765150090989 -0.03901495129321905 0
-0.04695674305419601 0.003387556063930486 0
-0.04694279854024525 -0.003285696623266743 0
0.02065528900325193 -0.0422711468125562 0
0.02062409340678935 0.04227907687614231 0
-0.01059765457937131 0.03284983322716239 0
-0.0105945715160146 -0.03284077228714307 0
-0.02313798291681907 -0.02562509154650978 0
-0.02311234033723629 0.02561044211550081 0
0.03374860863324798 0.00720332589147954 0
0.03375657581369204 -0.007211147206550377 0
0.02290387778912808 0.02579939881622843 0
0.02293030628311879 -0.02580110835783113 0
-0.03381183358802879 0.006941306436939619 0
-0.03381389743915254 -0.006937140081002715 0
0.01091430086407499 -0.03274599001839009 0
0.01091916255933855 0.0327457364964386 0
-0.01288243843344561 0.03202287628625097 0
-0.01288159390951752 -0.03200912352753613 0
-0.02128628458219506 -0.02718243586324646 0
-0.02127957844329344 0.0271815087271528 0
0.03416276687350962 0.004808579487837914 0
0.03416815306515519 -0.004803719146694825 0
0.02106109584588004 0.02734688405297223 0
0.02106054244917682 -0.02735188685201958 0
-0.03422514123514584 0.004549776652127408 0
-0.03422469526047132 -0.00455649499194918 0
0.01318473990800639 -0.03190902881127355 0
0.01319570287802394 0.03190119173875516 0
-0.02146947766958774 0.04053585966398787 0
-0.02147195330493186 -0.04051870775628089 0
-0.02432833201570966 -0.03884504428166801 0
-0.02433788358199586 0.03884488299629749 0
0.04579553683255326 0.001574830201913484 0
0.04580856549487662 -0.001618869708939507 0
0.02430629539229347 0.03886191535797093 0
0.02432833201570963 -0.03884504428166802 0
-0.04580855363587022 0.001618911602629411 0
-0.04580855363587016 -0.001618911602629335 0
0.01539873936431208 -0.03090260799055844 0
0.0154084919202481 0.03089180882292372 0
0.02150225824357666 0.04048082696060035 0
0.02147662915120114 -0.04049147569814084 0
-0.01509837037595423 0.03103363277563323 0
-0.01509285884229726 -0.03101515540432958 0
-0.01931299935175559 -0.02860821353519195 0
-0.01931299935175384 0.02860821353519313 0
-0.01723686911737778 -0.02986320663072483 0
-0.01724185163172849 0.02988321156517003 0
0.03441499164030117 0.002395825115646425 0
0.03442842422228197 -0.002411667897233909 0
0.01754888926016842 -0.029732022002567 0
0.01754962942807313 0.02973048681758162 0
-0.03445846789251407 0.002129964799708871 0
-0.03446157057826771 -0.002125125035677831 0
0.05069094385780784 0.004451403987363865 0
0.05074159264470543 -0.004467552567366142 0
0.02147662915120113 -0.04611106468030301 0
0.02148311280940654 0.04611414915698735 0
0.02918782128652525 0.04169516470810551 0
0.02919503883308924 -0.04165483877274912 0
-0.02919040272717429 -0.04164648623101407 0
-0.02919446823915251 0.04166199602380664 0
-0.02147195330493185 0.04608383262216299 0
-0.02150230045407963 -0.04612172409448776 0
-0.0506455556158756 0.004446554986978213 0
-0.05069088102935322 -0.004451379456192523 0
0.03462824821386991 0.0003781236110207911 0
0.01909527583535832 -0.02874373406095951 0
0.01908239013233889 0.02877943249504282 0
0.0001683296163149078 -0.03451243270567227 0
-0.02996950905706039 -0.0171271243565942 0
0.0001735207410706651 0.03451853385504086 0
-0.03451881595700847 -0.000297243882721103 0
0.02818632585949186 -0.01992429997893017 0
0.02817902888386312 0.01989963112205353 0
-0.02996570661715635 0.01714593517871435 0
0.05359878634038913 -0.03045059646624001 0
0.0534478128410515 0.03049689807411538 0
-0.05606021297813676 0.02533488873360989 0
-0.05659147525183742 -0.02496723279025586 0
-0.0065704056011249 0.06094852185250295 0
-0.006858276742117817 -0.06101763539877886 0
0.004379179957596719 0.06144093508694157 0
0.004716689263979441 -0.06164147854586822 0
-0.05057514102640829 0.03515755115496576 0
-0.05036369526580596 -0.03517275790058684 0
-0.02300043283970158 -0.03928774544370298 0
0.0224130148936937 -0.04699705124705252 0
0.02246136409746556 0.03957777519464514 0
0.02946555717682961 0.04301574251833261 0
-0.02248878917037767 0.04702739703508423 0
-0.02372790240564411 0.04767375499904786 0
-0.04552118084734619 -0.0003599696212055775 0
0.02950290481095043 -0.04301886884691861 0
0.02948174140357102 -0.04430684647851416 0
0.02937614246921661 0.04430009615082224 0
0.02888731361731155 0.04554561175260127 0
0.05189103412371875 0.004093664525587966 0
0.0455329615569456 0.0003732760626990668 0
0.02803823530220476 0.04661153007245967 0
0.02696329651966393 0.04735631217294714 0
-0.02499354596425147 0.04780468466538109 0
0.05192753880313734 -0.00405872990090936 0
0.05306523956907522 -0.003303542584022633 0
0.0539032983579987 -0.002246117879164421 0
-0.0224956056097982 -0.0471045404189125 0
-0.02367166798429042 -0.04760761681673767 0
-0.02505572307223882 -0.04781204163054122 0
-0.02632833201570966 -0.04760761681673765 0
-0.02758698510630638 -0.04699705124705249 0
-0.02632833201570961 0.04760761681673768 0
-0.02753863590253443 0.04702476518379874 0
-0.05200735344961358 -0.004039890685600454 0
-0.05315727336588556 -0.003402341501917558 0
-0.05391103723507332 -0.00223520738288623 0
-0.05439357158478489 -0.001002804043493142 0
-0.05449339321998132 0.0003345786691701015 0
-0.05418127079251277 0.00167584784466942 0
-0.05351292738036798 0.002848997059815149 0
-0.05253863590253439 0.003723494994576841 0
-0.02306329922438024 0.03923415463978191 0
0.02230041346582051 -0.03957995234830674 0
-0.02949057577375164 -0.04294494448571762 0
-0.02939357158478489 -0.0443040742327151 0
-0.02954592583147 0.04303403614105716 0
-0.02937820228103956 0.04427238940862128 0
-0.02888981469757891 0.04556263258466815 0
0.02570208471078869 0.04775201125038514 0
0.024319134747038 0.04775481168913936 0
0.0543751008845029 -0.001023518270929707 0
0.05447881915265376 0.0003599696212055784 0
0.05422708287828248 0.00159697023636814 0
0.05353117827293723 0.002797882227864284 0
0.0289027958459554 -0.04555455042147639 0
0.02806532928835255 -0.0466049095722267 0
0.02695532330490045 -0.04736154086906443 0
-0.02852312209653957 -0.04611086513246949 0
0.02237461616080195 0.04702204171965096 0
0.02573534012020955 -0.04780400195182485 0
0.02436653839036619 -0.04774298391286853 0
0.0472836190872109 0.039416998282646 0
0.04671961796074595 -0.03948062029296069 0
0.058634295135729 -0.02024681350136115 0
0.05780473045356202 0.02029389662426147 0
0.01567108389349753 -0.05978077762405609 0
0.01539255197550948 0.05965092788393589 0
-0.04319491771879906 -0.04386928481659928 0
-0.04348728011886512 0.04394894876271076 0
-0.0596754764760217 0.01535666879948274 0
-0.05935147383553946 -0.01460153543511129 0
-0.0170806452936158 0.05847345182878931 0
-0.01758223442648644 -0.05897113295678764 0
0.06005571682028424 -0.01315362260685957 0
0.06038098404417473 0.0126777357102127 0
0.02981556260270984 -0.01736940728035166 0
0.02984419848453129 0.01735752312144073 0
-0.01619089469347994 -0.0304891752637657 0
-0.01618799874455261 0.03048556172643803 0
0.03454970400177058 -0.001202764264499994 0
0.01205686403039591 -0.032333010473302 0
0.03260884190882519 -0.01130097970572736 0
0.006806882425455605 -0.03383915154494976 0
-0.02795298268415687 0.02017951183106747 0
-0.02649461239306679 0.0221059427618324 0
0.02431435036664591 -0.02456437938227916 0
-0.0279932428199612 -0.02019406303988235 0
-0.02445492849371909 0.02436716306667925 0
0.03149309574391434 -0.01412275041496058 0
0.003197727972396671 -0.03436947104368887 0
-0.02030797486029465 -0.02791071447866736 0
0.03432799461511985 -0.003612084614708291 0
-0.02399979808411747 -0.02477994503947517 0
-0.01830884180147046 -0.02927305763480154 0
-0.03339984461219858 0.00871655407306402 0
0.009170659115431506 -0.03327643065331085 0
-0.0222212234607066 -0.02641285773151768 0
-0.01400219891672169 -0.03154909752524276 0
0.009171236930799895 0.03328587257726903 0
-0.005882119228921287 -0.03401209342296951 0
-0.02611296333047461 -0.02258804093348965 0
-0.03135489160146222 0.01443304252393835 0
0.003201678616989743 0.03436816957112442 0
-0.03135483010297815 -0.01441524744341571 0
-0.006488402850887284 0.03391137537201633 0
-0.02030746227093166 0.02791343675483055 0
-0.003465723381382184 0.03434904133847676 0
0.03149514011270281 0.01412366719082797 0
-0.02223346310921726 0.02641790353809439 0
0.03398811285146557 -0.006018571199003183 0
-0.0327023576945402 0.0110443481860361 0
0.03400033299553502 0.006020972161158364 0
-0.01829133902995268 0.02928261170072327 0
-0.01174732550064756 0.03245646575365049 0
0.0324107272286518 0.01187293502660489 0
0.02592959687350219 0.02278327965007929 0
-0.009429483290303459 0.03320626294495395 0
0.02201073519931736 0.02659406204948467 0
0.03348176061539871 0.008390085323117281 0
-0.03354762570512475 -0.008126993941560889 0
0.01205918889787327 0.03234329373551366 0
-0.01399918651776055 0.03154427212139503 0
0.03348094415232235 -0.008391715857027148 0
-0.03270608473286338 -0.01103943807581314 0
-0.008851350221509995 -0.03336313991425983 0
0.02426250689885723 0.02455102003214851 0
0.02594039031981268 -0.02277858853871861 0
0.03430056665099063 0.003604945411052142 0
-0.01174245039205107 -0.0324382793097265 0
-0.003490942761409659 -0.03432155392295117 0
0.006813270427212676 0.03384001173008609 0
0.02008125051940958 0.02806042694471137 0
0.02008493275532835 -0.02807149705552397 0
0.02199988474463668 -0.02657581331748729 0
-0.03435294460511561 0.003338016742990258 0
-0.03403488774915609 0.005749565484524387 0
-0.03403031141934071 -0.0057471672258113 0
0.01430552158562057 -0.03141295716419254 0
0.01430552158562259 0.03141295716419162 0
0.01648060148366474 0.03032815365130804 0
0.01646343386036201 -0.03029780542409735 0
-0.03435517462049182 -0.003338233429759836 0
-0.03451339105408668 0.0009146416671592779 0
0.03878363947228427 0.04751504536185197 0
0.03896479804777298 -0.04808568550982552 0
0.02284000904795606 -0.05720169021954999 0
0.02278783745164516 0.05729687730394303 0
-0.03719660574329181 -0.04902865600540968 0
-0.0377030959472863 0.04922476058541232 0
-0.06117383570223682 -0.006596469495037159 0
-0.06109394520652327 0.007337527380496578 0
-0.02439194336187694 0.05623540240163243 0
-0.02510273221820259 -0.05596054583285587 0
0.06115033445788792 0.006092786689877808 0
0.06137664760474638 -0.00602618083501486 0
0.03262254800265442 0.05190451937879716 0
0.0329130862319825 -0.05172294206061425 0
-0.06138886582664555 0.0004171778432489352 0
-0.03158837114024872 0.05340924881777029 0
-0.0311583294286168 -0.05246446825319199 0
0.0236951696110418 0.03900337438970831 0
0.02388437473099193 0.03841339651840235 0
0.02452619779079789 0.0382690107948863 0
0.02400143250128705 0.03775898894828349 0
0.02469983700201349 0.0375992660950947 0
0.02403875373275551 0.03689752871591035 0
0.02532542590838167 0.03685911648511297 0
0.0242542704338275 0.03574188423905417 0
0.02564861123901161 0.03533600813855458 0
0.02291086759658885 0.03626618179331099 0
0.02308735816122808 0.03456656275122526 0
0.02131278736445156 0.0351561457896516 0
0.02328261335591187 0.0385551643138482 0
0.02170654487716266 0.03314547505694664 0
0.01933957315864063 0.03364145725061683 0
0.01963798587338204 0.03616079539146144 0
0.01717230609764994 0.03477546453822677 0
0.01760955890473874 0.03740728489823739 0
0.01500557870721651 0.03611749597301437 0
0.01505693155493515 0.03867449965963675 0
0.01299244562407255 0.0373308705617036 0
0.01251275705229892 0.03990401329258191 0
0.01001509042854406 0.03876342461219212 0
0.01005664573521584 0.04194435527228668 0
0.007162895114490844 0.04058148022158122 0
0.007190201540412852 0.04399079279551237 0
0.01041187961809537 0.04567274075096101 0
0.003945599038590017 0.04188632405551281 0
0.003979480985612315 0.04598871599928411 0
0.0006672310525653521 0.0440350088281636 0
0.000600951644648349 0.04799152178297931 0
-0.002790691977245186 0.04594611366530466 0
-0.002400057213560724 0.04192082417108989 0
-0.00604405327604184 0.04357426657546885 0
-0.006317026386664407 0.0479084603154064 0
-0.01030333050388875 0.04564914875345746 0
-0.009553393361282702 0.04142095578779055 0
-0.01299478588628591 0.04270656539280241 0
-0.0134155187506955 0.04756094377692759 0
-0.01304416523224226 0.03926117780665569 0
0.004040865962433698 0.04998961275535463 0
0.02398461004643456 0.03260108084765835 0
0.02666987009617551 0.03637023154061352 0
0.02722408079223338 0.03490526189110911 0
0.02820824455620069 0.03611183375759339 0
0.02907243472030926 0.03430624404444003 0
0.03036665312978191 0.0364549686097571 0
0.03178401128573699 0.03373293078309537 0
0.02946772349464639 0.03167174557900173 0
0.03292430305487498 0.03065737517408591 0
0.03295918942215972 0.0359916573241741 0
0.0006074097157261311 0.05199557171528722 0
0.03032647906921269 0.02866959343929738 0
0.03315658709973238 0.02720108482170377 0
0.03654795847020422 0.0298169819599582 0
0.03690420238394859 0.02577422120556271 0
0.04028509365713767 0.02876953665590012 0
0.04127199096108423 0.02490517314936082 0
0.03848539148984063 0.02217629041601677 0
0.04234593001283919 0.02107372241788189 0
0.0393834435655132 0.01824596805945675 0
0.04327810238264679 0.0171481067410342 0
0.03997669242875428 0.01417031222937659 0
0.04409936638272961 0.01321904800769889 0
0.04097104684564075 0.01047760525738624 0
0.04619796105395077 0.01992245465596862 0
0.0394049912865557 0.03270930321793682 0
0.01524155696255375 0.04136904361154503 0
0.03202867896068724 0.03803240963998591 0
0.03443367462750562 0.0379141401333393 0
0.03387420881910676 0.04036081047183177 0
0.03641538678526126 0.04040618087695477 0
0.04323661363514987 0.03161248410661437 0
0.0444827008288793 0.009764691230081788 0
0.04743590040017623 0.01180667975590296 0
0.04217803731000702 0.007740927782492686 0
0.03906557776614223 0.007600204578061601 0
0.04071927992713884 0.005296249812704937 0
0.03638794745178064 0.01985531276500263 0
0.03123351768804533 0.02454642925016817 0
-0.01585073564388975 0.04133730370451784 0
-0.01549256180769711 0.03811702559645907 0
0.04868419008410275 0.009333470921819225 0
0.05048127351418476 0.01097480630623418 0
0.05134163909323443 0.008888089409799342 0
0.04619617309216522 0.006805784573988519 0
0.05330748336619651 0.01026710458840866 0
0.05438907614779549 0.007981207091599052 0
0.05306511996131998 0.01350270215578411 0
-0.01810953337812174 0.03933337813062882 0
-0.01793948586469528 0.03712660743208612 0
-0.0195554990452907 0.03753684573456497 0
-0.01944340516310732 0.03546169297714592 0
-0.02154883024656713 0.0361792676243227 0
-0.02119132229385808 0.03433671030200024 0
-0.02318534504496418 0.03520322599678793 0
-0.02268506986389811 0.03276488059587419 0
-0.02503301177614722 0.0334532298043026 0
-0.02491932401877016 0.0311982063660009 0
-0.02734741145250386 0.03244528376475893 0
-0.02708589084599577 0.02982678053352939 0
-0.02972242070597945 0.03077193744331361 0
-0.03021010257405261 0.02744044043222677 0
-0.03312160058626511 0.02936227289854338 0
-0.03324901326330958 0.02618996114238669 0
-0.0363357939939445 0.0276051062499615 0
-0.03605074788028207 0.02442751073938771 0
-0.03308898549389631 0.03321467296840377 0
-0.03965755107290696 0.0256851631693417 0
-0.03888927220259204 0.02174865015370317 0
-0.03959382926327512 0.02925909019734193 0
-0.04296071649105743 0.023487142273657 0
-0.04278224357380711 0.0195020172609678 0
-0.03920270031858509 0.01799102814982869 0
-0.04221001609328713 0.01527664995762689 0
-0.04617462053922901 0.01729541031992959 0
-0.04615104140031594 0.01342281505632031 0
-0.043260053791839 0.01142030062685338 0
-0.04958819745791707 0.01518431305270692 0
-0.04957443030986431 0.01171521663207031 0
-0.02765071723771469 0.03491378141129951 0
-0.01729478164627237 0.0343283957695346 0
-0.03229240628278247 0.02206275733205148 0
-0.0498350379069786 0.01916747634985369 0
0.004009715706547332 0.03891216440590815 0
0.006877747436347652 0.03706738187692293 0
-0.009454734739062881 0.03799159293575718 0
-0.01215691037305476 0.03659173890060037 0
0.04280031976463293 0.004032456733493638 0
0.0409818320684511 0.002963890860520515 0
0.03836360748078622 0.003338202046075974 0
0.03924408462194774 0.00105273657019174 0
0.04159024149633898 0.0003186261229093332 0
0.04008253202079189 -0.001155464907875472 0
0.04198161335401109 -0.002381971353301251 0
0.03975718422032327 -0.003619472348993374 0
0.04204262855448405 -0.004394683585705928 0
0.03989363963038137 -0.006185630739159656 0
0.04284373566623191 -0.006558760373005484 0
0.0401470270000311 -0.008975465655379909 0
0.04368495898843713 -0.009887272897054584 0
0.04063767486835042 -0.01243194339846213 0
0.04439205879394073 -0.01338087535152326 0
0.04175487475051871 -0.01613109132894499 0
0.04592491382835018 -0.01704942827689047 0
0.04257981535685713 -0.0199243779180645 0
0.03874955766827665 -0.01809886671396204 0
0.03918800101562106 -0.02222378803667379 0
0.04681862328591606 -0.0107307127158935 0
0.04325563058115459 -0.02380279038277938 0
0.04023744171317711 -0.02644570967388353 0
0.03650453083529921 -0.02524686626794235 0
0.03728804817554091 -0.02915498129365497 0
0.03368831402318265 -0.0280097555097578 0
0.03393867571983245 -0.03207907136021412 0
0.03050721833379823 -0.03054140975768489 0
0.03801871089318788 -0.03312171513906804 0
0.03544070938700779 -0.03500687567059327 0
0.04407216654984063 -0.02776881996711293 0
0.03268118509418404 -0.02436613346177218 0
0.04707775343874267 -0.02512710816170458 0
0.03827406752689174 -0.03696039780156248 0
0.03573482948654518 -0.04029233510490827 0
0.03226160087152564 -0.03872707715005681 0
0.03334089288580427 -0.04124338397968447 0
0.03786304113217766 -0.01090847845620082 0
0.02832092025709414 0.02542261312287474 0
0.04177142558424624 -0.03435437149196913 0
0.02520404087887762 0.0381324992933036 0
0.03948037721865165 -0.04085609620874039 0
0.02965706037350128 0.03798998986385972 0
-0.02713769832334751 0.02650284440567512 0
-0.02506531494869656 0.02808830594029761 0
-0.02317822153059161 0.02959479299632424 0
-0.0210955373082608 0.03119219790184508 0
-0.0181319583205812 0.04175451096573814 0
0.04469375281761893 -0.005381471643292264 0
0.04435401097648869 -0.003321587421847377 0
0.03778217000807321 -0.005071034599582902 0
0.04952267564836951 0.006634553861576981 0
-0.02953384700662983 0.02537637368147601 0
-0.05254736914361863 0.01288762344343754 0
-0.05273860131173533 0.00981862084684104 0
-0.04984571568614774 0.007737148950793364 0
-0.01636884257711993 0.04425364128519299 0
-0.01643531010277399 0.04773117705206881 0
0.02218876144791214 0.03089666214158567 0
0.02389612679783887 0.03005463146265904 0
0.004057609324242627 0.053926465588784 0
0.007515300100005814 0.05196187464045284 0
0.0006068128396730406 0.05594317339811077 0
-0.002853886547411152 0.05399230151814491 0
0.009983736563441868 0.0362853855212138 0
0.01256877761541176 0.03500379322949309 0
0.02268119493346698 0.02862245190297681 0
0.01909614268594999 0.03889137775109112 0
0.03577545605352165 0.04299098928344534 0
0.03272929525373466 0.04302280114090593 0
0.0339090520315657 0.04480931311050458 0
0.03201203809715854 0.0449538330308793 0
0.03235910957012644 0.0463360302745041 0
0.03093796251174663 0.04679453473506097 0
0.03127398853571937 0.04087135492366311 0
-0.02731962582516008 0.02431147693030745 0
0.02802112509086829 0.03805966006420711 0
0.05225146822431954 0.006307791575471331 0
0.03754913989915547 -0.000841606424171509 0
0.04352490767604484 -0.0005022871724471107 0
0.01515442142501846 0.0339371239958309 0
0.00738517791602071 0.05569836205135228 0
0.01101427096506576 0.05391187786072418 0
-0.02359187331922719 0.03719956835203159 0
-0.02149552471432624 0.03828198836226648 0
-0.01968407402942694 0.03955137246446833 0
0.05582338198719082 0.00962649594254507 0
-0.05522774988060047 0.01076809578803503 0
-0.0558423806626723 0.007684588826071296 0
-0.05303577434957601 0.006650234676753657 0
0.0422689458876105 0.03550163238788792 0
0.03875078462294242 0.04336142634829525 0
0.03095594066285639 0.0433755478827442 0
0.03659905224371396 -0.04310828488081882 0
0.03421314787563519 -0.04447137041514441 0
0.04622947292155533 0.0350660939259645 0
0.04708233904619515 0.03057229136559751 0
0.03194965051650429 0.0480427116230722 0
0.03020811439017189 0.04788258127793264 0
0.03400571184030013 0.04777686530124692 0
0.05609134818040108 0.006876994929510997 0
0.05467021919660252 0.005792517202735656 0
0.05669815582364268 0.004532865916281974 0
0.05530378675744529 0.003821995197239989 0
-0.02558840438100811 0.03616833167178767 0
0.047673916255734 -0.02909950740260878 0
0.03042919171506206 0.04522606159388678 0
0.02102006116494051 0.0376061844221927 0
0.02977000493423977 0.04666237628438986 0
0.02897310602020867 0.04803771811257673 0
0.02954655258712428 0.04911602816249534 0
0.02821033212661822 0.04892968026745565 0
0.02871790041635438 0.05021859820244558 0
0.02742654505044904 0.05005937262538607 0
0.02785805197620003 0.05152523554770809 0
0.02620292098427014 0.05100890238191538 0
0.02670102759401941 0.05299504663486238 0
0.02552569453134964 0.04968423226068699 0
0.0245253888233719 0.050674395336076 0
0.02405114912672949 0.04967239347080264 0
0.02320098416821017 0.05003664622297752 0
0.02272948803320829 0.04912625636192114 0
0.02189397280552279 0.05004071799335541 0
0.02156743648739529 0.04869932386688552 0
0.0205213206455823 0.04980921085154492 0
0.02018338440675504 0.04846307064343629 0
0.01876207140061301 0.04974266542320094 0
0.01872335452529987 0.04757053017685506 0
0.01707226139245664 0.04903640469251117 0
0.0194457886271735 0.05153030992657199 0
0.01642223809774406 0.047105920099611 0
0.01790894614164302 0.04597848222674659 0
0.02269906534693975 0.05163632464538326 0
0.0168041901744227 0.0514782841121741 0
0.01480590803170406 0.04932437039390278 0
0.0198407178185555 0.04666266101892684 0
0.0289527620780147 0.0533407970373654 0
0.02672547454147962 0.04857501356534673 0
0.02118154715024678 0.04747832541636242 0
0.01875347841545495 0.05418718331779852 0
0.01654900989777519 0.04489985398275961 0
0.0175851638611971 0.04375691425972609 0
0.01896113125628236 0.04444959152866891 0
0.03270618520923683 -0.03496645675203317 0
0.02830932203184925 -0.03356129297865221 0
0.02991412263343491 -0.03709008534748325 0
0.03470358999549353 0.02242511515328363 0
0.03228014539573199 0.02120797163725456 0
-0.006651953516603899 0.0407922436273457 0
-0.003369166764979685 0.03883838862105653 0
-0.006545519012442988 0.03706959904520074 0
0.02502846960075339 0.04866864841368437 0
-0.014657878642607 0.03516502563180998 0
0.05116912716674632 -0.02697313203048438 0
0.05008933307324817 -0.0225444986343069 0
0.05376012521087752 -0.02367571153990366 0
0.05289049248014319 -0.02003797035986409 0
-0.01952935194327427 0.03288673008045277 0
-0.0173033178548733 0.03221807671165607 0
0.02110825937359673 0.04563504992592701 0
0.02069510943218181 0.04512542585566452 0
0.02049712606231049 0.04565369538981236 0
0.02016934200379123 0.04513035112512586 0
0.02949885737584752 -0.04361187818077748 0
0.03004565462688731 -0.0433226715541381 0
0.03002413960717534 -0.04272290815153985 0
0.03054577125871906 -0.0429725408079307 0
0.03066285071113369 -0.04382420066722961 0
0.03052822088736416 -0.0422664241059734 0
0.03129061844907943 -0.04288750233695608 0
0.03161070103268243 -0.0438700262280195 0
0.03127063127626997 -0.04482333950865406 0
-0.05002002727751301 0.004491493893466027 0
-0.05037466488782889 0.004999555478696978 0
-0.04973652299274486 0.005027948500716342 0
-0.05102972843542029 0.004947862660681696 0
-0.05067016658106539 0.005592579308334496 0
-0.0514470837080012 0.005620602988169771 0
-0.05177730682719431 0.004981630700860288 0
-0.05109976668393001 0.006298956820919319 0
-0.05005549646166777 0.006256282242403524 0
-0.02110301118989992 0.04095922800470579 0
-0.02080162602313633 0.04148636068251243 0
-0.02050651025618548 0.04093898023630907 0
-0.02014804726013739 0.04146525248304122 0
-0.01985577588127594 0.04090947043441687 0
0.05310127225378659 0.00326359821458666 0
0.05373967655005928 0.003365659302385274 0
0.05329217089589813 0.003870719449198238 0
0.05412690612458923 0.002881761440157669 0
0.05386772289022054 0.003981143104376902 0
0.05354977175154572 0.004564281737170332 0
0.05282181898766141 0.00443912890537861 0
-0.02112006617591142 -0.04103822702276287 0
-0.02082734828292831 -0.04047357640830047 0
-0.0212242965246159 -0.0399339635809936 0
-0.02062958523981698 -0.03988063216966888 0
-0.02090556440742662 -0.03923769858323356 0
-0.02004342351751363 -0.0392965375857269 0
-0.02053014636252022 -0.03828705535943486 0
-0.01929503920080985 -0.03827832138815518 0
-0.01998898890466938 -0.03700588207708894 0
-0.01879392512799462 -0.03974318118525441 0
-0.01767438509316006 -0.03820294243909615 0
-0.01692659638840301 -0.03985206163925369 0
-0.0152893814799637 -0.03775612141404988 0
-0.01453248936810152 -0.04035141015803503 0
-0.02049472276076619 -0.04096506727872061 0
-0.01578580547555445 -0.04260064173854925 0
-0.01306264959930173 -0.04281701552464862 0
-0.01527600242115552 -0.04482669665340557 0
-0.01211183257673803 -0.04588417900588412 0
-0.009144403249342939 -0.04292386425419453 0
-0.008450094573162139 -0.04667551611716515 0
-0.005794126052801279 -0.04387593901485763 0
-0.004794160913222756 -0.04736073646549978 0
-0.002134506767241114 -0.04377637939075037 0
-0.0008447233318463153 -0.0479709369225962 0
0.001950970925495447 -0.04441929497106408 0
0.003124365902976285 -0.04864221627051197 0
0.005809800489548746 -0.04553712189244395 0
0.007055181060658908 -0.04940349428947939 0
0.009621214469774283 -0.04634686928832998 0
0.00850891716600103 -0.04204626889652247 0
0.01216486366977449 -0.0433181703807103 0
0.01347757362103518 -0.04690421902549521 0
-0.01467523982927883 -0.0478310503002756 0
-0.01235647213680063 -0.0378849719482663 0
-0.01716663434139842 -0.03597915095576289 0
-0.02143599136931302 -0.03728531039242818 0
-0.02080591425777369 -0.03553385868334228 0
-0.02270914622403699 -0.03603607055202809 0
-0.02185724511169738 -0.03388482077458389 0
-0.02406712345549185 -0.03425960078641961 0
-0.0227823633361414 -0.03192438330456852 0
-0.02556252914003145 -0.03180731218201015 0
0.000516214695897321 -0.05178582311722572 0
0.0005182702123577429 -0.04129532769790091 0
-0.007342620730573414 -0.05042465718540371 0
0.01136028948693772 -0.03992908677842906 0
0.01440515369900148 -0.04042673993755345 0
-0.02622544346257952 -0.03449355991202448 0
-0.02822741976341672 -0.03264416104609205 0
-0.02984884366725623 -0.03499782079838289 0
-0.03120533200106884 -0.03242579169225544 0
-0.0322097191446459 -0.03550180360060137 0
-0.03439818705314526 -0.03282957310069927 0
-0.03301191699451708 -0.02938376351413069 0
-0.0366727769913625 -0.02982373227827604 0
-0.03443783186855547 -0.02605603811443286 0
-0.03886133231783348 -0.02657694792644012 0
-0.03675436777038477 -0.02282738933606014 0
-0.04112209697667604 -0.02329753116833906 0
-0.03950277464826298 -0.01988617366865431 0
-0.04343890461493924 -0.02004243700819771 0
-0.0412867521970789 -0.01640959769559588 0
-0.04563007842290508 -0.01672095570103945 0
-0.0440440489254728 -0.01260049556177825 0
-0.04773905638961815 -0.01354385345440398 0
-0.02750517878091509 -0.02998142751789465 0
-0.03972268049608385 -0.01220417111371791 0
-0.04191299896397577 -0.009466140895456684 0
-0.03807539147324216 -0.03394075973740793 0
-0.04525598993560074 -0.02378389744555273 0
-0.04964018578317349 -0.01704694402020643 0
0.01323624551262976 -0.0373724573817122 0
0.01590760123039921 -0.03800905473420654 0
-0.007936926888947456 -0.03989206786036766 0
0.007225213373605105 -0.03964777855371338 0
-0.03557912612150405 -0.01936737407759911 0
-0.03106166600061599 -0.02637362918642551 0
0.01519912606037844 -0.03580695591602252 0
0.01765271204052819 -0.03590651213950141 0
-0.03908734935144138 -0.008943283978331606 0
-0.04071387800294455 -0.006663888472780725 0
-0.03728453544880624 -0.01227306994360828 0
-0.01710173810581824 -0.04746060234929653 0
-0.01678170711846791 -0.04971824037881765 0
-0.01887713278154226 -0.04949951908612802 0
-0.01866661617082195 -0.05180490346233509 0
-0.02094170425134662 -0.05163523118627564 0
-0.01592765131733021 -0.05314474557415817 0
-0.04350208960896799 -0.007321381412334398 0
-0.04157800589662736 -0.004376674367852685 0
-0.0395540039758423 -0.004199232016313726 0
-0.04143748601054968 -0.00222391230743697 0
-0.03904801123553545 -0.002151257251924112 0
-0.03985987113539616 -0.00019979749634848 0
-0.02065872925653118 -0.03198810563772961 0
0.009166674193986257 -0.03661738965898819 0
-0.03085035817063989 -0.0373419133620945 0
-0.0329281258867317 -0.03793924504430407 0
-0.03174784925266172 -0.03984757961502712 0
-0.03340012229779151 -0.04028446504974745 0
-0.03206797032049502 -0.04129981847173884 0
-0.0340025141783857 -0.04209416329314714 0
-0.03285904745250351 -0.04364039428776423 0
-0.03576060578833776 -0.0402404462741706 0
-0.02808160504411637 -0.03710307997571934 0
-0.03806759595637838 0.0004511817819871081 0
-0.03891946289669734 0.001982181598449272 0
-0.04152410944001725 0.001912339439406572 0
-0.04051337275772907 0.00389914154947405 0
-0.04287904239596677 0.003760691679397434 0
-0.03840786722574385 0.003984691663796297 0
-0.05128970759103385 -0.0133646153722052 0
-0.05066272947397837 -0.01059948153546232 0
-0.0535616417501648 -0.01011405010917342 0
-0.05237603263049622 -0.007796934000499393 0
0.01723727795761274 -0.033946170346355 0
0.01901457192441158 -0.03424928960292752 0
0.02007576202079258 -0.0364429005345351 0
0.02134295038755108 -0.03449008912037138 0
0.02090057670031506 -0.03243007176155004 0
0.02266089619308449 -0.03248199090512471 0
0.02382866191665522 -0.03505769434170626 0
0.02224991836242555 -0.03049487597185743 0
0.02411727809873243 -0.03084167604774951 0
0.02403650736111682 -0.02918757749473408 0
-0.02221958412125629 -0.03010360576455362 0
-0.02156943927124193 -0.03930576402780307 0
-0.03588357226773321 -0.009593373041002605 0
-0.01755117974043657 -0.04501812154867774 0
0.01737489085490311 -0.04067678640164316 0
-0.03712122263227875 -0.003884463258662449 0
0.01270559448605908 -0.03466121079281455 0
-0.0394017195879131 0.005957631041533319 0
-0.03771127086826821 0.006735719620370913 0
-0.0446697774998672 -0.004269246708436304 0
-0.03679885620723328 -0.04279560315201387 0
-0.05332031683775293 -0.01706071156393642 0
-0.05141586003003921 -0.02063313276578481 0
-0.03650387704806993 -0.001426535965847131 0
-0.04330083566679493 -0.002262174673927584 0
-0.02133284214066635 -0.04896331716891512 0
-0.04385464573154668 0.001634969679248122 0
-0.01973551961754594 -0.04699284457454896 0
-0.03768034732992012 -0.01463906387965264 0
-0.03534921632162287 -0.01467608894135708 0
-0.03454175268631263 -0.01216215254912777 0
0.01495597579775682 -0.03340438404155401 0
-0.02318538824707758 -0.0374000234284101 0
-0.03617684396725289 0.004989534504935338 0
-0.02060824429646102 -0.05371872685094512 0
-0.02975652140672595 -0.03925943134392315 0
-0.0201622780584725 -0.03046820037622672 0
0.02031222972212992 -0.03026088092730896 0
-0.03874902727184905 -0.04026771251621072 0
0.02200015784463098 -0.02883569802639123 0
-0.04673459225876105 -0.01063315487618624 0
-0.04867906391443171 -0.007445007666059105 0
-0.03107559613687464 -0.04284018589594285 0
-0.03205529273736214 -0.04465181599056399 0
-0.03322695923413496 -0.04501521685979532 0
-0.03188012570153882 -0.0458613946457662 0
-0.03075363279477799 -0.04156254857119459 0
-0.03073590956296943 -0.04568171262307592 0
-0.03075474948773227 -0.04682996248029437 0
-0.03217045603972166 -0.04758564718072361 0
-0.03060324746654657 -0.04814574282372688 0
-0.02938127852098554 -0.04772299462346651 0
-0.02933477101170038 -0.0489514086127768 0
-0.02834627841547029 -0.0481610016156022 0
-0.0281516758074159 -0.04944476110448816 0
-0.02721318798912694 -0.04880960604717542 0
-0.02700407333793767 -0.04985322990508646 0
-0.02589014980106499 -0.04942769930534351 0
-0.02590495538170425 -0.05059298115053035 0
-0.02503190169540446 -0.0498049564286025 0
-0.02464521952894867 -0.05106574482243557 0
-0.02710340939111608 -0.05148309542484164 0
-0.02336093142487843 -0.05060798066237897 0
-0.02303355742417577 -0.05209183430905406 0
0.02566681619172937 -0.02935392727293378 0
0.0254880995924818 -0.02780400959578603 0
0.02350491886030654 -0.02719451524509756 0
-0.0386828021085631 0.008253519055968082 0
-0.03704669527237794 0.008886416406447467 0
-0.03797679780991559 0.01039122636601441 0
-0.03644001663802295 0.01103350130499776 0
-0.03715030680540904 0.01260124261318507 0
-0.03544585027270211 0.0130133572078811 0
-0.03567634737269832 0.007300814920010119 0
-0.03433231856766579 0.01152090839298574 0
-0.03501530663793941 0.009368459138426813 0
0.02706089600052471 -0.02788648316614236 0
0.02696096489490414 -0.02593166781878191 0
0.02864689281365012 -0.02661956859479368 0
0.02791304760727265 -0.02475043479039826 0
-0.03217290975353829 -0.0493772484485557 0
0.02491775777856114 -0.02605127819903702 0
0.02665118986138306 -0.02464845346450673 0
0.02746044236810218 -0.02336809742574348 0
0.02880410496495676 -0.02351871458485891 0
0.02803066142901253 -0.02237676230914068 0
0.02932175828808711 -0.02229821082232925 0
0.02888899748790916 -0.02122906267619316 0
0.02998438249431985 -0.02120483605688162 0
0.02968951964593208 -0.020088448919705 0
0.030812767318253 -0.02027283488896358 0
0.0301429956314271 -0.01924649309347036 0
0.03132799014292703 -0.01927479220454978 0
0.03220109273491778 -0.02042732832091176 0
0.03270945839363513 -0.01891887722308116 0
0.03210897754227378 -0.01751334175968669 0
0.03357238925682731 -0.01750320604495434 0
0.03266944114735745 -0.01623042382399504 0
0.03440348661883075 -0.01609385568168969 0
0.0332509642969855 -0.01486035258453229 0
0.0350115336999558 -0.01469026742382976 0
0.03390418080965159 -0.01373628213353945 0
0.0341782510741882 -0.02035358627002219 0
0.03531912674926208 -0.01321193525629757 0
0.03464753491355183 -0.01206425915089233 0
0.03674825569768445 -0.01435096881273779 0
-0.02367734004550872 -0.04884336650633975 0
-0.03355918781790937 -0.02313638937174252 0
-0.02996480789255684 -0.02307869594697561 0
0.004941615505368324 -0.04170884828416437 0
0.003978352406915019 -0.03868099945163483 0
0.005827682232557287 -0.03679616148854265 0
0.03318983139551913 -0.01239008241851672 0
-0.02975872478212494 -0.0463707821615174 0
-0.02958126888594851 -0.04524328422126045 0
0.01624868758207653 -0.04400338731098258 0
0.01684764356405534 -0.0474657448249386 0
-0.02853875273868401 -0.05500659892126458 0
-0.03058590489391555 -0.04400494491329529 0
-0.004167899029401387 -0.04091262837844584 0
-0.001758086831482305 -0.03819289647203846 0
-0.005523236036250948 -0.03765288933212853 0
-0.02502216804176553 -0.03623475916361341 0
-0.02223900594649007 -0.03826034870542049 0
0.03231006150342362 -0.01522089686153084 0
0.02693075871733731 -0.03924587824356465 0
0.02683166442519265 -0.03863426534711769 0
0.02621888797106517 -0.03839644533295916 0
0.02682277469982449 -0.03797134318306667 0
0.02741897487284357 -0.03888557877109027 0
0.02616314049261411 -0.03782453400709035 0
0.02653267060552216 -0.03709611419990119 0
0.02766502777899133 -0.03763983491890426 0
0.0255583928018168 -0.03811775048477045 0
0.02546197637711054 -0.03740000343741014 0
0.02494904909245774 -0.03789612912601981 0
0.02473907092361264 -0.03734033082318077 0
0.02391284741866803 -0.0375693511671881 0
0.02530484779028096 -0.03630101201372034 0
0.02770519021360587 -0.0365240372203027 0
0.04741913704413858 -0.003688605568701555 0
0.04680322752598574 -0.00388434681294683 0
0.04732116918011613 -0.004317282247694513 0
0.04634789534274209 -0.003463974276990076 0
0.04652370850220063 -0.004570573806944277 0
0.04703025812633879 -0.005122758435351933 0
0.04779672956602489 -0.004825905754750387 0
0.04775571522980172 -0.005646878506621252 0
0.0469685994981569 -0.006049893138526266 0
0.04772967125582012 -0.00673236062070679 0
0.0488127224379113 -0.006127486289955794 0
0.04874373757406252 -0.007509610448947855 0
0.0501490011261955 -0.006841990867016514 0
0.05002140669270354 -0.008098431064997457 0
0.05161102141721169 -0.007684134055432903 0
0.05119668117955849 -0.009418000632008561 0
0.05318556782496883 -0.00856490475069629 0
0.05328306900473363 -0.01104752306229717 0
0.05291288412110734 -0.006792240582040402 0
0.05474653139865385 -0.00730308776983609 0
0.05505150631211184 -0.005722882067853164 0
0.05138498696335208 -0.005891897706931017 0
0.05339873625939346 -0.004921266447279251 0
0.05658544642446874 -0.006046247511951154 0
0.05680551668370337 -0.004259708759824852 0
0.05482001966091141 -0.003776216248916844 0
0.05680345267239016 -0.008671377361528029 0
0.0499043897187906 -0.005660663035838126 0
0.04638114787596657 -0.007032322723093687 0
0.05005200067430996 -0.01201128409170215 0
0.05323855949741294 -0.01423638768821361 0
-0.02357369332656612 -0.03896724415237642 0
-0.02392615898437988 -0.03846358845560247 0
-0.02446501647534384 -0.03825717267191624 0
-0.04562549786032367 0.001018931635289126 0
-0.04520916459607711 0.00147777701134501 0
-0.04540783133246621 0.002083810455152454 0
-0.04501813018076171 0.0009276288613615136 0
0.02189268055020593 -0.04002193026494365 0
0.02130924399125886 -0.03985443534445123 0
0.02086754112125119 -0.04036186405500289 0
0.02070014129005823 -0.03978441417765025 0
0.02113011055393375 -0.03917504524014501 0
0.0201831077466887 -0.04017427687055987 0
0.01985884581466398 -0.03943315794788937 0
0.02034762599041335 -0.04087529245787752 0
0.01964491308154065 -0.04089229273221793 0
0.01988760618494349 -0.04153596677061768 0
-0.02563802112504675 0.03878040488340707 0
-0.02617930375951508 0.03840138373241909 0
-0.02681666158502019 0.03860893072052716 0
-0.02664176741249566 0.03798484137899432 0
-0.02734050393563415 0.03812535323019157 0
-0.02561716169037965 0.0382272748171837 0
-0.02743837198474005 0.03886032504004791 0
-0.02795152318773085 0.03840459314368792 0
-0.02785385425119558 0.03741094910461407 0
-0.0288039676660843 0.03789715463264407 0
-0.02898166894055116 0.0389633064870444 0
-0.02977306106732511 0.03846110230443259 0
-0.03001277941922267 0.03940293177718489 0
-0.03110493490197462 0.03887455501875327 0
-0.03102462619398134 0.04014790312802496 0
-0.03229039141367053 0.03959556605326838 0
-0.03256937272895727 0.04111253555565462 0
-0.03415123279308064 0.04001630605227282 0
-0.03408948517916846 0.04221978645184985 0
-0.03285221888505938 0.04322091020811636 0
-0.03665852986585608 0.04097527921298768 0
-0.0362275869200428 0.03775003529108712 0
-0.03122196638121863 0.04193301045109891 0
-0.03012955086198326 0.03706003937600452 0
-0.03258873486747978 0.03771736977603397 0
-0.03409756737629145 0.04438471473196869 0
-0.03241576755005624 0.04552049388510145 0
-0.03966250719428305 0.03906735649000645 0
-0.03112887584448779 0.04433083667822355 0
-0.03947402866552729 0.03557882137945304 0
-0.04290350797244295 0.03684924772347482 0
-0.03017771603096182 0.04080674679786203 0
-0.02910248533354334 0.04018015974062503 0
0.02193032824928182 0.04002230602499745 0
0.02132478986508509 0.03989117352974739 0
0.02092507678984658 0.04037375405327329 0
0.02176040104106996 0.03942373988615128 0
0.02219735396193655 0.03898085069064224 0
0.02103055482970096 0.03927563107348685 0
-0.02081163208591726 -0.04492363416309077 0
-0.02020916459607714 -0.04477904720056696 0
-0.02002033432942134 -0.0442022313740042 0
-0.02036469134463876 -0.04536632286379182 0
-0.01968865177539658 -0.04519319362371896 0
0.02495615122484867 -0.03884344409290816 0
-0.02754667335814742 -0.03960136641706266 0
-0.02817938856774524 -0.03935829863718492 0
-0.02766647985562773 -0.03898356321526388 0
-0.02821533275411971 -0.03873200198830357 0
-0.02861610545768374 -0.03974086436230499 0
-0.02704427102107403 -0.04736238325985852 0
-0.0205224526626785 0.04365680212643902 0
-0.02004242303455641 0.04404850468684904 0
-0.02014226803632028 0.04469822231503111 0
-0.01996544082115511 0.04341372620600298 0
-0.01945866530578188 0.04440347993360096 0
-0.01953140720827976 0.045132640192692 0
-0.02025471516935252 0.04536905748409585 0
-0.01965119902424082 0.04596640176920266 0
-0.01870811043609412 0.04562681595104054 0
-0.01889998600104956 0.04672438094259329 0
-0.02008681834096049 0.04699649346751043 0
-0.01923805952721555 0.04789564572009693 0
-0.02040118000459429 0.04820953179581156 0
-0.01947649938401814 0.04934205554757751 0
-0.02129146762265941 0.04948000877182671 0
-0.01980538815184079 0.0510871289896707 0
-0.02172970260353497 0.05155839140950708 0
-0.02278465648562045 0.05019916801533722 0
-0.0201139979303851 0.05334927579341205 0
-0.01767296683381955 0.0525138226137911 0
-0.02363873017855067 0.05163124562057256 0
-0.02498175991987037 0.05079457470507384 0
-0.02543941035987283 0.05217858539307871 0
-0.0261571390386376 0.05057564677881829 0
-0.02589577031765347 0.04923732958223903 0
-0.02194530774764902 0.04856912872613089 0
-0.02416809132585629 0.04888122307413253 0
-0.02733813132237475 0.05238554467695196 0
-0.02113324237692029 0.04735742341576502 0
-0.02862343711489406 0.05081654650101836 0
-0.02787205438852753 0.04923130938515324 0
-0.02933668175847392 0.0493508789548738 0
-0.02882151356015296 0.04804201219082921 0
-0.03008513903694551 0.04804745853220169 0
-0.02963199251903683 0.04689180481270989 0
-0.03107379197778018 0.04953005446231322 0
-0.03150703205204157 0.04793711365384019 0
-0.03421060359314639 0.04618469254713308 0
-0.03294472248587405 0.04932762280046028 0
-0.02859411287190449 0.04705780748406383 0
-0.02691679208435822 0.04739040564313775 0
-0.02747517301454995 0.04768754843889724 0
-0.02678669148704133 0.04798573870196886 0
0.02752535044591981 0.03959174646579795 0
0.02811425252778545 0.03937534193837028 0
0.02863631560569341 0.03979224349605169 0
0.02871091657953818 0.03909437460966935 0
0.02930398509339956 0.03950884970322653 0
0.02923886951332672 0.04021983140237056 0
0.02993208474001787 0.03999402503473187 0
0.0297992791011245 0.04069690036240714 0
0.0456255332347515 -0.001018952586782271 0
0.04520916459607711 -0.001477777011345025 0
0.04539844461781804 -0.002087168536604852 0
0.04466057282045949 -0.001902484029971385 0
0.04503907505741478 -0.0008618269113467673 0
-0.02562579174368649 0.04777345369727808 0
-0.04808908631175855 -0.004074642062615662 0
-0.04822898030546034 -0.004696215898316138 0
-0.04886195293732928 -0.004834882113864264 0
-0.04759891896460576 -0.004474675027937713 0
-0.0477720914477782 -0.005190515346280248 0
-0.04701513532672805 -0.004909658927679279 0
-0.04722331974692655 -0.005845529225808212 0
-0.04626339854966986 -0.005547238783148113 0
-0.04638699429511596 -0.006674830879811891 0
-0.04702001117693001 -0.004207306247463067 0
-0.02304467669509954 0.04736154086906442 0
-0.02316833557480752 0.04796827503132626 0
-0.0225056735716421 0.04764709376391908 0
-0.02951471457929689 -0.04358160359933745 0
-0.03000875421335616 -0.04325062756065829 0
-0.0299919702017878 -0.04261927371000881 0
-0.04652313377206374 0.002838798984515968 0
-0.04632337868860016 0.003430215241747873 0
-0.04661504280677794 0.00388323307081509 0
-0.04616527384554895 0.004017367226224497 0
-0.04651157843753959 0.004494843934945526 0
-0.04574879640847945 0.004621907317090963 0
-0.04666460136912946 0.00557735107119601 0
-0.04520679637054827 0.005633025360417736 0
-0.04617324376301886 0.00708630132862577 0
-0.0456830644449314 0.003656107801175769 0
-0.0474953268110832 0.005287848938777726 0
-0.04446383911076433 0.007119543379388828 0
-0.04543644926205295 0.008934523617185925 0
-0.05008586148875441 -0.004511344595331591 0
-0.05045356665354542 -0.005014820089275444 0
-0.05105289238952647 -0.004926949348401501 0
-0.05076451746734363 -0.005464713758194313 0
-0.05003787540591995 -0.005631015980414389 0
-0.05146653309850954 -0.005543476001973458 0
-0.05066516012653122 -0.006212224571505188 0
0.02084105517696924 -0.04170767231864179 0
0.04808893132200993 0.004074704013651453 0
0.04823280054302616 0.004714991974147932 0
0.04762741417543356 0.004519315905892897 0
0.04887740846814865 0.004835510736324009 0
0.04831150256290472 0.005363056304051664 0
0.02307801669018916 0.04743491598756024 0
0.0224798932092489 0.04766185264783532 0
0.02299452433710282 0.04797274970683526 0
0.04924358429604296 -0.004483248672882757 0
0.04981647684066151 -0.004543830313208966 0
0.04880407916065525 -0.004891208090342199 0
-0.04804891411192781 0.004040077810963513 0
0.02048120392331781 0.0437140370398511 0
0.02032998042125256 0.04307673936013499 0
0.01992239575526883 0.04346694003727478 0
0.01975082736044677 0.04279001390791713 0
0.01916922503767822 0.04316453592415904 0
0.01901664220683136 0.042508220621078 0
0.02572623118321673 0.03887718506624359 0
0.0261395671878518 0.03840954543551858 0
0.02670794038854399 0.03851622462260354 0
-0.0456339512643008 -0.0009965137491925416 0
-0.04504242303455642 -0.0007472344976271079 0
-0.04492751614664112 -0.0001503858066742603 0
-0.04441947560653375 -0.0005637330097686524 0
-0.04427659310111024 0.0001385640621736044 0
-0.04355705392203189 -0.0003874272001171158 0
-0.04520916459607709 -0.001477777011344914 0
-0.04536469134463848 -0.002065052674569777 0
0.02052254819408935 -0.04365688006425818 0
0.02004242303455643 -0.04404850468684898 0
0.02014285308783051 -0.04469809467004362 0
0.01996641162020327 -0.04341422220728894 0
0.01947276046244054 -0.04438766449687599 0
0.01954930719841678 -0.04512754017521071 0
0.02021072220539858 -0.04542531620806676 0
0.01962098317333764 -0.04592073158134465 0
0.01863705210668919 -0.04482010266360546 0
0.01877662161245917 -0.04376851686395131 0
0.02033475208780787 -0.04606209546993797 0
0.01987992857081407 -0.04672944672297793 0
0.02066006946156155 -0.04718868952890401 0
0.01984822922601056 -0.04781149657075454 0
0.02093017426593589 -0.0481752992882119 0
0.01992987377224105 -0.0490598156903452 0
0.0211968622359302 -0.04951204990245379 0
0.01995715663393887 -0.05066552362207759 0
0.02183499128747837 -0.05119533542437484 0
0.02306232063988493 -0.05029408120950851 0
0.02348817490517401 -0.0516861667809157 0
0.02470064407726317 -0.05048458375747449 0
0.02511194320511631 -0.05218462073387502 0
0.02690906115751346 -0.05088291073060316 0
0.02013677293847869 -0.05306622320477208 0
0.017874304494094 -0.05168127207224964 0
0.02749399197099723 -0.05311410123966115 0
0.02205387035388574 -0.04850838144688335 0
0.02622804594277771 -0.049677048357864 0
0.02720718522659448 -0.04943969471755343 0
0.0245391806394552 -0.04924075974275614 0
0.01798441244162801 -0.05459262430702965 0
0.0147895581541569 -0.053317685899027 0
0.02695462502904877 -0.04860341984200024 0
0.0280993191519846 -0.04869357192039706 0
0.02857571590193664 -0.04989485883775901 0
0.02944796142071861 -0.04875605014767883 0
0.02882238961737833 -0.04787817204322914 0
0.02991078284078598 -0.04759061890157412 0
0.03071609061074172 -0.0484785222294228 0
0.0314273203586457 -0.04736953024763241 0
0.02949460861287154 -0.04673572090015189 0
0.03224873739961139 -0.04886443098075453 0
-0.02890258805490813 -0.04107422266395295 0
-0.02951707449609578 -0.04112596176063943 0
-0.02921551181096761 -0.04058399131106794 0
-0.02990396438204731 -0.04059103984607592 0
-0.02568917554148631 -0.03886285518829617 0
-0.02611562526900797 -0.0384133965184023 0
-0.0255292662513501 -0.03825444880201218 0
-0.02586210839238154 -0.03784594014201111 0
-0.02670958867632631 -0.03853826819357629 0
0.02752136513240121 0.04700433395483189 0
0.02752975624861923 0.04763438386625635 0
0.02807782200738207 0.04723335702048938 0
0.02859864507543388 0.04687224974741794 0
-0.02250510842372465 0.03950032301743331 0
-0.02192255773369307 0.03975837832297281 0
-0.02255121174774976 0.03889768546500419 0
-0.02309464117539603 0.03863709893993218 0
-0.02269035108347359 0.03831119108870683 0
0.02079315650122533 0.04170111440941816 0
0.02018888333485618 0.04187364245992751 0
0.020297679022377 0.04130027092723043 0
0.01956825549245675 0.04147386222161206 0
0.01983194429816081 0.04077745327107464 0
0.01881671406455201 0.04092997551203686 0
0.01708865249677841 0.03964307920349972 0
0.02945027146342854 0.04237262672090058 0
0.02980640881554274 0.04183584541723665 0
0.03005373148280897 0.04231456222343341 0
0.03039331130345393 0.04199976426970448 0
0.02116133374251475 -0.0455681573905846 0
0.05438875802452645 0.0009718000655347587 0
0.05495757696544358 0.0007472344976271311 0
0.05506089360883434 0.0001488606567849134 0
0.05558692752302145 0.00059418329272056 0
0.05484965658606908 0.001366557772015836 0
0.05475144764230993 0.001990448397138926 0
0.05537051911286593 0.001791242636489683 0
-0.02892231513786546 0.04111153975648635 0
0.02849965691887206 -0.04048810942307395 0
0.0286752101349149 -0.03989117352974737 0
0.02910578914099378 -0.04031943741671717 0
0.02928395620340214 -0.03979864311231079 0
0.02980254833434967 -0.04019088786683933 0
0.02892783067097605 -0.03925143851686506 0
0.0298512366882333 -0.03935388221375558 0
0.03083831664482478 -0.03993677000861805 0
-0.04651346889754941 -0.002844346617365396 0
-0.04636103433267239 -0.003468306031276942 0
-0.04592445281820919 -0.003039515279177182 0
-0.0219347604309248 -0.04660481277324455 0
-0.02133911922150868 -0.04673395848308734 0
-0.02090065906448505 -0.04627996785949339 0
-0.02187408745974904 -0.04722104053369907 0
-0.02223128790045427 -0.04764104364890202 0
-0.021330553152089 -0.04729739082400747 0
-0.02939357158478487 0.04229846614572879 0
-0.02980180970883022 0.04184325624299261 0
-0.02995757696544356 0.04255403569159479 0
-0.03014271011252531 0.04307338190508997 0
-0.02495433030119335 0.0388104925680426 0
-0.02462308966103098 0.03829556080213604 0
-0.02405199639609486 0.03836886635526491 0
-0.02426796668972188 0.03774494006429108 0
-0.0243898342028105 0.04774351383837162 0
0.02892030792077205 0.04114174617074692 0
0.04651351467151356 0.002845268064364092 0
0.04636204995823991 0.003481301872958686 0
0.04589377739572782 0.002993869788173348 0
0.04584392236910917 0.003668975130621847 0
0.04626889985023834 0.004188022006429121 0
0.04550130788750426 0.004345521675827247 0
0.04526733128934471 0.003324683290039679 0
0.04535468123847231 0.002505272469514068 0
0.04460363316605157 0.002835114921241371 0
0.0447794379545043 0.001962942608445113 0
0.04389469729838509 0.002170533676031581 0
0.04426580772166933 0.001189375485488956 0
0.02641616070755105 0.04762170676791218 0
0.02190577720599611 -0.04657622752679504 0
0.02182090655176579 -0.04718114972759125 0
0.02373422838059248 -0.03894333947771902 0
0.02315667984434226 -0.03911688784797467 0
0.02329630374579453 -0.03851905028708068 0
0.02268085017170872 -0.0386673305784843 0
0.02283993952112672 -0.03807703434254503 0
0.02212550910584705 -0.03820190975533554 0
0.02232915854139942 -0.03734258292106799 0
0.0500797736234757 0.004545912400068389 0
0.05045737617337085 0.005018052000318955 0
0.05108251012113861 0.00493132180069708 0
0.05082987740170204 0.005593524766056231 0
0.04985466939051135 0.00510879551023988 0
0.04901321909744244 0.005622209112808755 0
0.04844027664381483 0.006266253057089731 0
0.0294496881863611 -0.04236748304845749 0
0.02981167791201645 -0.04183631407560097 0
0.03047940958750613 -0.04146346307330852 0
0.02967143621017072 -0.04126366732047753 0
-0.02096470550217598 0.04558670575231202 0
-0.02089377387098534 0.04619166255754736 0
0.02917447927151372 0.04493963257238331 0
0.05416874597287908 -0.001639546207355913 0
0.05477601577952188 -0.00152585802894435 0
0.05499315733452526 -0.0009049357501464628 0
0.05537679214061006 -0.001306676433744083 0
0.05565477998308696 -0.0007391631711351679 0
0.0561264715132479 -0.001365717804596289 0
0.0566317159281408 -0.0004270443551989495 0
0.05729482925021678 -0.001388494403204155 0
0.05804912616978321 0.0001109290994706198 0
0.05914537934292311 -0.001336514158119967 0
0.05529540507151653 -0.001955161621595771 0
0.05999224384686955 0.0005947372112866799 0
0.05857096091547251 0.001933077779537764 0
0.05619537418127316 -0.002262522595949439 0
0.05769260378308354 -0.002820227718191729 0
-0.02052245266267853 -0.04294573825200483 0
-0.02004242303455644 -0.04255403569159483 0
-0.01813956987588123 -0.04130095562205034 0
-0.01992751614664129 -0.04315088438254779 0
-0.01945591071590033 -0.04275060422380238 0
-0.01929286419363803 -0.04340856879162338 0
-0.02005212172502166 -0.04184917464888972 0
-0.01851889038288241 -0.04281942132365209 0
-0.02250806048378427 -0.03958430663822607 0
0.0474246058604362 0.003790235686233027 0
-0.02809419318063965 -0.04657620377110055 0
0.0249614237523999 -0.04781983939677539 0
0.02532284704381002 -0.04830003378028518 0
0.02589245227380882 -0.04837166980373532 0
0.02919503883308924 -0.04494770160569475 0
0.02949752973114795 -0.04552112832249131 0
0.02980118275031346 -0.04490348011559737 0
0.03013285386152346 -0.04546020779074909 0
0.03047148374216913 -0.0463867910895587 0
0.04561535432102494 0.0009765339869193173 0
-0.05388043010267914 0.002289720826477984 0
-0.05450447526608801 0.0022492224013562 0
-0.05414689076502686 0.002881004541120346 0
-0.0547527918248931 0.002859388628292147 0
-0.05529520783525766 0.002329723929238168 0
-0.05450920027326984 0.003517424137849097 0
-0.05536862760565106 0.003289087283377253 0
-0.05610598641279019 0.002668003872818641 0
-0.05614572943323242 0.001636078841755988 0
-0.0564744306952525 0.003876208471886388 0
-0.05500907106707138 0.004347332018290445 0
-0.05726145929075012 0.002151004787256182 0
-0.05711095524948737 0.0008189310036617455 0
-0.05389933963018125 0.004379499451808608 0
-0.05827377046484897 0.003537597727578142 0
-0.05608624771250494 0.000281788159856055 0
-0.05692104515475693 -0.000569893645446522 0
-0.05591998995982191 -0.0009677446121368815 0
-0.05640749450717264 -0.001769296054828454 0
-0.05562173983992678 -0.002326726558501167 0
-0.05657391752130377 -0.003010347452648253 0
-0.05532517303229004 -0.003499026978427132 0
-0.05649531368745709 -0.004360559448260412 0
-0.0551773885658836 -0.004854716734447648 0
-0.05640616956045955 -0.006037319095211398 0
-0.05798472044713536 -0.002107195492695467 0
-0.05452057364276137 0.005258203067612269 0
-0.0579510605871864 0.006081344642208481 0
-0.05517742364174816 0.00121138084236184 0
-0.05437763170155538 -0.0040269666592656 0
-0.05391318071394035 -0.005090801654540398 0
0.05132807926345691 -0.004290428515540601 0
0.05183166442519277 -0.004667004842104213 0
0.05117031946496615 -0.004872606420989307 0
-0.05353476049301317 -0.002798530869655466 0
-0.05416264501191521 -0.002801394947067197 0
-0.0544746616429403 -0.002262617676816518 0
-0.02926320851417356 0.04492487741334657 0
-0.02951964073063066 0.04556736622421304 0
-0.02985517422933316 0.04511298616741226 0
-0.03016023172932265 0.04552960568134465 0
-0.02571173712799676 -0.04775018959802872 0
-0.02544115705928453 -0.0482972648088803 0
-0.02480673668938317 -0.04834588485900124 0
0.02190735140044239 0.04654801977360475 0
0.02850126112297537 -0.04617450441020358 0
0.05257088050199455 -0.003830700143339936 0
0.05232050635134864 -0.004420739980021069 0
0.05246612782676576 -0.005028927574181833 0
-0.02193476043092477 0.04660481277324457 0
-0.05198343052182853 0.004014110886879549 0
-0.05257753387770185 0.004291807870020289 0
0.02637541515867606 -0.04757140334347949 0
0.02294168663599867 -0.04734694545065589 0
0.02344520572644786 -0.04774512604488655 0
0.02229973813585302 -0.04764333989972941 0
0.02284859157415612 -0.04801533218564354 0
0.02342898732791604 -0.0483511360339571 0
0.02946136239434931 0.04364405383139576 0
0.02992666466794441 0.0440463871884392 0
0.03012959242233083 0.04331815487947236 0
-0.0525864998644402 -0.003729874431740117 0
-0.05253078628953008 -0.004346660959926318 0
-0.05298187947053962 -0.004017629632731 0
-0.02606315134952681 0.04816172262707404 0
0.025010055733076 0.04792215158029708 0
0.02756521301769614 -0.04700305189806183 0
0.0275095524861861 -0.04759085846067626 0
-0.05305080606830699 0.00332350935197156 0
0.05356012865651931 -0.002778043301539146 0
0.05367703464384106 -0.003371882757205246 0
0.05420353840765739 -0.00277207649468015 0
-0.05450670350411251 -0.0002905493185280919 0
-0.02440134953206797 -0.04780829814535256 0
-0.05448604900759869 0.001046136740503122 0
-0.03809954484465378 -0.006905082699039025 0
-0.0234090057803606 -0.0382329220359538 0
0.0004977755987178169 0.04025460965409152 0
-0.02533425827556518 0.04825605151554169 0
0.03783486513127744 0.01154709283199497 0
0.03712058870577939 0.01519877703290669 0
0.03511036658868635 0.01297861830048165 0
0.01888124075185348 -0.04132622505130614 0
0.01933214827891598 -0.04224902845525088 0
0.01830385754504938 -0.04207830559227277 0
0.02957861301217071 0.04550282693658735 0
0.03004248229264556 -0.02517906132508808 0
0.02590771387086306 -0.03426737057027605 0
0.02658750810230657 0.03797459342995798 0
-0.0261187734295548 -0.0481838151053384 0
-0.02685468329790824 -0.04797657666134569 0
-0.02815035569744228 -0.04722218841374726 0
-0.02766635219245014 -0.04762278594509129 0
0.01094195222975587 0.05791549601368524 0
0.02699277130801019 0.04796896389406122 0
-0.02199232458619319 0.03918198905895848 0
-0.02135317427815387 0.03945732392055749 0
0.01731474846927274 0.03305549782162984 0
0.01928944007623755 0.03197261328662371 0
0.0176182784890987 0.03136744176570007 0
0.0160226666013911 0.03225787212101838 0
-0.04928432780905597 0.004511514989083852 0
-0.04916852684195357 0.005138903585548566 0
-0.02946435226433493 0.04369077930211505 0
-0.02995757696544358 0.04404850468684893 0
-0.0231084411897214 -0.04736712598794662 0
-0.02315330858175958 -0.04806447178538654 0
0.02760229285731095 -0.03954707418642012 0
0.02044968537223511 -0.04292488971175733 0
0.02373194388551277 0.04760312378368015 0
0.0238843747309919 0.04818914386004153 0
0.02890279584595539 -0.04104798995696745 0
0.04604872770763627 -0.002190399194052885 0
0.04559806217360624 -0.002675581238766323 0
-0.04816833557480737 0.00466700484210426 0
0.02304467669509947 0.0392409995093795 0
0.02857401027592822 0.04619908707789658 0
0.05303321558116243 0.005320458558944013 0
0.05223502668132975 0.005028190746602812 0
-0.04752430277737741 0.003735159633143837 0
0.02699724174691398 0.0392897078734626 0
0.0275264417967071 0.0390217036426627 0
0.04544224083057688 -0.0003060056013040915 0
0.04485523886558927 -0.000268591164629293 0
-0.04607873832858034 -0.00227209412968713 0
-0.04606083701732043 0.00231642843493501 0
0.02109720415404462 0.04104798995696749 0
-0.0210972041540447 -0.04555455042147651 0
-0.02500000000000003 -0.03879470972471295 0
0.02003309744326122 0.04412832655300265 0
0.02089118298138991 0.04619455068757672 0
-0.02695532330490059 -0.03924099950937951 0
-0.0207572608197211 -0.04162865215006637 0
-0.02852337084879882 -0.04049147569814075 0
-0.04550604079256507 0.0003367756852656542 0
-0.02050604079256505 0.04296449450395629 0
-0.01985478333758785 0.04277791842541565 0
-0.01928386437192134 0.04321937104689112 0
-0.02050604079256508 -0.04363804587448755 0
0.05449395920743494 -0.0003367756852656502 0
0.05856034360253894 0.009201218490845481 0
-0.02086205185186004 0.04042438551799198 0
0.02130913657036177 0.04668796411743701 0
0.0206368314469914 0.04680042057999863 0
-0.02466799064332575 0.04828678577521603 0
0.03817241536881337 0.03682959241827539 0
-0.02933741341230484 -0.05063106288654969 0
-0.04472782838117488 -0.001943772594780765 0
-0.04492146633267188 -0.002603812209651738 0
-0.02516804113246325 0.04882810055756898 0
0.03284324523230474 -0.01381704069088573 0
-0.0251727702347181 0.03780279710564927 0
-0.03598873825947766 0.01961260292638671 0
-0.03334299149245692 0.01870832694523744 0
-0.03626228005501406 0.01672240570691123 0
-0.06200165885947435 0.003952054100474172 0
-0.02920170295880379 0.04608143461777043 0
-0.02662422312685921 0.04870026543423148 0
-0.04479336778772733 0.004171089477918759 0
-0.04431995646472234 0.003121148336708922 0
-0.04950604733408204 -0.004653962379246055 0
-0.002877587113084572 0.05811278112476943 0
-0.006427055590937323 0.05629612599698412 0
-0.01006787731084362 0.05834895374223185 0
-0.009999256284720039 0.05432215893400034 0
-0.01340612776776943 0.05650134929505864 0
-0.02882129679028207 -0.04564850403671637 0
-0.02377591082959674 -0.02988454898693597 0
-0.02521418484263358 -0.02770429506701318 0
-0.02314319972192562 -0.02846988545404349 0
-0.02156757419784131 -0.02885219437633839 0
0.04948846738442563 0.004647421267527985 0
0.03152831702579986 -0.01654855018721805 0
0.03094701621014346 -0.01753529041490487 0
0.03072050505529293 -0.01680132492216051 0
0.05316942680968929 -0.003862474821439017 0
0.0538448624794477 -0.004062917490899473 0
-0.02870302852689141 -0.0466808884808612 0
0.02707640808581194 -0.02246188453716808 0
-0.05811163082883619 -0.005245845028537077 0
-0.05982326162824109 -0.003750953728120223 0
-0.04942863781432361 -0.005268254999515455 0
-0.0488336720000868 -0.005596216284081626 0
-0.03064252797513164 0.04265976656456556 0
0.02046880056641968 -0.03831086156558029 0
0.01904294309774514 -0.03801262032881486 0
-0.05875172881458925 0.001603669504338054 0
0.05693610022875123 0.00104939023094004 0
0.05707544660679259 0.002814097303006667 0
0.03374732559314324 -0.01167546127763293 0
0.0347262294692203 -0.01116248248595156 0
0.03588076972613632 -0.01188021504600111 0
-0.02532064135018293 -0.03753294692747731 0
0.03841307511352982 -0.007754976930633562 0
0.03624822889028306 -0.006675820502990916 0
0.03601595106782502 -0.009139171634296115 0
-0.02756687230674805 0.03952951297114322 0
0.03324310329029137 -0.04664932253175193 0
0.03501980149010697 -0.04874788852829144 0
0.03609963263013525 -0.04616327278537849 0
0.01979934673083511 0.04568880899458046 0
-0.05543847606355252 -0.02056714801722206 0
0.01861047002553206 -0.04644617174465016 0
0.02925155499622152 -0.01942032610652673 0
0.04985358159528409 -0.01572686593587204 0
-0.05201691961989869 -0.004619286257211996 0
-0.05255737023068839 -0.00496879801448105 0
-0.01984463065960955 -0.04596257355273255 0
-0.01875904262507791 -0.04559371206620031 0
0.04132131448014596 0.03973923915525517 0
0.05356252512069729 0.006381957779103667 0
0.04985952555458348 0.03282035238145418 0
-0.05139704090427606 -0.004336406308070711 0
0.04610282273134462 0.005015856985680797 0
0.04523892285368267 0.005578929571325181 0
0.04763175370703794 0.005788234687218379 0
-0.0542994093607457 -0.001686216719789482 0
-0.05482636140202207 -0.001369775798865796 0
-0.0550878821930318 -0.0007668558440919439 0
-0.02369534860947054 0.03893465850533705 0
-0.02942725208726541 -0.0422305892624648 0
-0.02991422441479085 -0.04172561063485416 0
0.05397676243357587 0.002203870215552289 0
0.05127560719517164 0.004327380977707716 0
0.04639612452839047 -0.002771960491281943 0
0.01513039606735738 0.0553773557458386 0
-0.05237398400818402 0.005687753121984202 0
0.01854766593637201 -0.03166786367204676 0
0.01674998284572937 -0.0319156628275007 0
-0.04349450825450617 0.0006061774193897194 0
-0.01364145287115641 0.0525679332182553 0
-0.01043398847975229 0.04997625079280466 0
-0.03688857151793026 0.002419615120460013 0
-0.03613547073540568 0.001012147888767888 0
-0.0277059875839876 -0.03813782147733442 0
-0.05314786460599961 0.003943172364394906 0
-0.05311448619989401 0.004586668680450404 0
-0.03672874794266386 0.04584495270203622 0
0.01860890857565348 -0.04846596295582658 0
-0.02854592581691396 0.04605981052387927 0
-0.04761135081970583 0.004347667996926989 0
0.02251549326233301 0.04832656388432485 0
0.03459718022485302 -0.0004448792040186509 0
0.03520674720597658 -0.0008961488290950522 0
0.03513620896729226 -0.001618133015962705 0
0.03606763889224614 -0.001321790865690373 0
0.03569094422087311 -0.002305641578850423 0
0.03121373917052596 0.0494460797032015 0
0.0367393226369502 -0.002010422431849527 0
0.03660394471096629 -0.003036424752213119 0
0.03550047063170699 -0.003433004903860819 0
0.04299283216596623 0.001371256608562325 0
-0.02670070910210896 -0.036301424105086 0
-0.02370940971177275 0.04823625864076697 0
-0.02327448354983874 0.04863394058352881 0
0.03259775275254034 -0.04297389657645435 0
-0.04567336810413215 -0.00384062726136492 0
-0.04122111110109395 0.007696626063494002 0
-0.04220458394695433 -1.546216665572155e-05 0
0.04236528275738471 0.04364666684460207 0
0.02794137884781605 -0.03903540892621164 0
-0.05548358800482394 -0.01376054110185758 0
-0.05736562608306911 -0.01061800137042088 0
-0.04057450231737883 -0.03035202245421566 0
-0.04216580640470612 -0.03400927692603838 0
-0.04459476345479701 -0.03078432006025089 0
0.03377256748362097 -0.01059645524963318 0
0.03464750228420003 -0.01014336374491865 0
0.03382639671145131 -0.009636845966927616 0
0.0345840993931246 -0.009152517891971608 0
-0.04618500918068932 -0.03450807789549712 0
-0.04403217089315398 -0.03759494077253618 0
-0.04861209428921188 -0.03133664090610808 0
-0.04699619723625596 -0.02757592904655815 0
-0.05085660425945766 -0.02798090473820009 0
-0.04552649714336546 0.002614482159343466 0
0.03804894933882861 -0.002413575018895183 0
0.06194736096906102 -0.001151064567011762 0
0.03575538965347067 -0.01767493514315614 0
0.02200231564955259 -0.03895421558727948 0
0.02648206637575369 -0.02368245616101587 0
0.05255608460974105 0.003817758385859144 0
0.04600345621230346 0.002265824533308301 0
-0.02861658892056166 0.04049594645574516 0
-0.04240761848675287 0.03321213686762042 0
-0.04658408608342032 0.03486063103006923 0
-0.04531089611242241 0.03070907919140223 0
-0.04644757987772723 0.03882417636172596 0
-0.04741725700812079 -0.003771201992216032 0
0.04801657201345678 -0.004142115299136218 0
0.05154656491499793 0.005489997817022849 0
0.03004679837492428 -0.0443341955917224 0
0.03645542027354193 -0.004167458770275428 0
0.0353086346281075 -0.00456214679486228 0
0.03603437353471915 -0.005190596880553342 0
0.03522463916935252 -0.00545953134091206 0
0.03004752416648434 0.03906462658425926 0
0.02100449030487257 -0.04106193505976744 0
0.05520960937048676 0.002433519744595782 0
-0.05371117145385874 0.003482267817826611 0
0.01143179133272132 -0.05047831124122133 0
0.008390573942822974 -0.05320527007395369 0
0.0006998074551813725 0.05963492585870236 0
-0.02392796640414748 -0.03780424488048871 0
0.04498426285893951 0.0007400769896669921 0
-0.04914551171262217 -0.02401802620936818 0
0.02505763454715733 0.03873350811354375 0
-0.02175307117181313 -0.04782496592291516 0
-0.02235998152265186 -0.04834471006273251 0
-0.02267278038021088 -0.0494775987935677 0
-0.02192307127916953 -0.03990673315654279 0
-0.02070107228026669 -0.04707142985194718 0
-0.02019486228128612 -0.04816317850519007 0
0.02076358094753122 -0.04502633849653615 0
0.02862273679389721 0.04050149396500644 0
0.02562471822250007 -0.03877362373517559 0
-0.05140756187485976 0.004362672875852057 0
-0.02075826355338389 0.04490808828546347 0
-0.05503469271367303 7.754041459942685e-05 0
-0.02819970309976483 0.03941333457885454 0
-0.006482512241626505 0.05208547936227796 0
0.04703033087435482 0.004254657672937628 0
0.04688093146570704 0.01603736789800691 0
0.05006859335269096 0.01878979438732624 0
0.04921653131193848 0.02261528185608703 0
0.05318660336950616 0.02135263393070978 0
0.05228030716228051 0.02597148846463258 0
0.05611430606220486 0.02403175085518967 0
0.05419294407674861 0.01704257005850765 0
0.04842266568459692 0.02651807884686979 0
0.01520249475990868 -0.04982779907075517 0
0.03463305396759227 0.001144856473140331 0
0.03534956552376359 0.0006716691217746923 0
0.03530459231109973 0.001662638780143859 0
0.03620228139925603 0.001035879718176625 0
0.03621274002699747 0.00215156407957691 0
0.03544735125338492 0.00254699050713729 0
0.0361525415220456 0.003132441050035962 0
0.03525029339787772 0.003476245275752814 0
0.03601418155565798 0.004127073385243548 0
0.03843159857052503 0.005540559398033314 0
0.03703326160605663 0.008153077624259375 0
0.03603224253345572 0.005974174317363519 0
0.03518683620886475 0.004400394138734818 0
-0.04968995426417896 -0.006504997540650172 0
-0.05038860531639525 -0.007420027713979089 0
0.0427137644595467 0.002562272165151734 0
0.01125578327535349 0.0496068276492876 0
-0.01922281212920256 -0.04080173313038706 0
-0.02804289115158707 0.04737798602857054 0
0.05166493949631061 -0.005301745703111477 0
-0.03038651784808023 0.04208071135014527 0
-0.01936275220610071 0.04156781571815937 0
-0.01879974680944662 0.04073966269805722 0
-0.0192182935344723 0.04243401507797225 0
-0.01836172454812496 0.04293227046538037 0
-0.01699545402456983 0.04278807656605164 0
0.02809888064435423 0.03871943269555188 0
-0.02681746164824197 0.04959123674721973 0
0.02781578382266424 0.0292336529912147 0
-0.04461284316815167 -0.001229583392385596 0
0.02951682676975067 -0.01788950637186878 0
0.03013813881551766 -0.01788372973789744 0
0.02952826489042228 0.0178838366427075 0
0.0301591186972602 0.01793269397425076 0
0.03051950169762697 0.01733444905348843 0
0.03086285331465301 0.0179653218836918 0
0.03133304880294203 0.0172527555479949 0
0.03042859806498271 0.01846091244994373 0
0.03179335852238599 0.01812857637110493 0
0.03235886604136387 0.01722777911987337 0
0.03171669423532831 0.01634829698251617 0
0.03287336682847997 0.01623354174467164 0
0.03220315307874071 0.01536464058299831 0
0.03338126738416547 0.01520252473702701 0
0.0341666461162969 0.01624752440630053 0
0.03269737801490055 0.01429691410122314 0
0.03085928820314223 0.01670282734803248 0
0.03300869662733752 0.01835338297280363 0
0.03486952222091403 0.01471413128618677 0
-0.03158089805814949 0.04657237449873711 0
-0.03451139835795974 -0.0009084616751357401 0
-0.03510221587383296 -0.0006373170751621492 0
-0.03507254072813728 8.093376287546575e-06 0
-0.0350640383337112 -0.00125084045808134 0
-0.03561664883507195 -0.0002577062736786883 0
0.01752045074108502 -0.04550385460248048 0
0.03333969169011933 -0.009015562118997834 0
0.006209006049273224 -0.03395553095787427 0
0.00657846896701458 -0.03450063534020524 0
0.007245297350206646 -0.03434552964847234 0
0.007021138257563632 -0.03508823472953421 0
0.007788173603094777 -0.03488770780624165 0
0.005995110244523851 -0.03454176832405253 0
0.007762319809538139 -0.03589486318502104 0
0.0038012825304799 -0.0343117661818175 0
0.003549696765551589 -0.0348774834088398 0
0.002936898593883669 -0.03492252470865215 0
0.003330625490469998 -0.03556124857015763 0
0.002377380166331317 -0.03556089307299186 0
0.004160248514676048 -0.03480923908713966 0
0.003064007805066925 -0.03636696661166394 0
0.001944144524702149 -0.03654283581028455 0
0.00138228081992172 -0.0357034405115468 0
0.0007837683017995678 -0.03667121805910997 0
0.00147292683565631 -0.03766101875837926 0
0.0003640373451645537 -0.03565424337089568 0
0.003972926231745542 -0.03592190541563834 0
-0.0002057691152718248 -0.03648412746212219 0
-0.0007417251996932473 -0.03562480906768714 0
-0.001329557192253748 -0.03680487146432417 0
-0.002682316854913924 -0.03713077295591081 0
-0.002657170186337267 -0.03585032439721983 0
-0.003814355502511539 -0.03630795719517028 0
-0.003500933679222081 -0.03537727349736541 0
-0.004450380476332817 -0.0353529213849953 0
-0.002775958009225615 -0.03500174601041715 0
-0.002055661439023913 -0.03510075896131819 0
-0.009433470019569344 -0.03320256298455153 0
-0.009265848271472461 -0.03380754595093102 0
-0.009890284407017075 -0.03364144885454146 0
-0.00964374027633819 -0.03421498094361108 0
-0.01040713661559082 -0.03423662339853867 0
-0.008981979728188103 -0.03449822859802774 0
-0.009610426984616414 -0.0350340739344498 0
-0.008405354969465647 -0.03532411334177594 0
-0.009470395552284287 -0.03615711623967487 0
-0.01065068042221369 -0.03534817180887556 0
-0.01155230188329388 -0.03434618281997947 0
-0.007922828731745641 -0.03646686852546444 0
-0.00721393419442925 -0.03540681285025997 0
-0.01192658433436035 -0.03560161383904156 0
-0.01291726559282015 -0.03448659031538066 0
-0.01235658584624569 -0.03350078927879918 0
-0.01391934443677893 -0.03364335086989615 0
-0.0141304961866459 -0.03478885698684323 0
-0.01498087241235268 -0.03388243879525125 0
-0.01454259442164046 -0.03271094123032843 0
-0.01556779590705386 -0.03279865058142556 0
-0.008147884208757611 -0.03449035954384634 0
-0.006999958216587878 -0.03446437168426753 0
-0.01161294161421533 -0.03341498293793126 0
-0.01648275750363189 -0.03380820035221931 0
-0.01722078809613778 -0.03259768098681967 0
-0.01801162565333581 -0.03395451373894171 0
-0.0165053520806958 -0.03167837379289152 0
-0.01744333611470349 -0.03152043574904609 0
-0.009090673339321363 -0.0379446327088625 0
-0.01360849151729162 -0.0327801112703873 0
-0.01517095328760663 -0.03205036431995201 0
-0.02650729761675338 -0.02211612258825713 0
-0.02675804890975167 -0.02269973452589083 0
-0.02632680871340619 -0.02319770460827082 0
-0.02690558890395793 -0.02334080603899267 0
-0.02635004002583961 -0.02399046990508837 0
-0.02752866279337433 -0.02273571284134586 0
-0.02753447059101219 -0.02391022715283742 0
-0.02678280698892867 -0.0249416106612579 0
-0.02573024734523549 -0.02481177457165688 0
-0.02792210125446146 -0.02511183295990834 0
-0.02601915956038382 -0.02580170628158004 0
-0.02497944357282826 -0.02543630383000657 0
-0.02499877907259707 -0.02458524198042108 0
-0.03250981851306551 -0.01161662702040831 0
-0.03312563056465725 -0.01150339369060907 0
-0.03331214035945 -0.01090640800710762 0
-0.03294136912036917 -0.01209345604565605 0
0.02470139689154911 -0.02411670003797646 0
0.0253184887054628 -0.02431602587469667 0
0.02632660116381617 0.02232334869139048 0
0.02652144411494692 0.02289284271920524 0
0.0261125647554676 0.02342193698279306 0
0.02694504605632754 0.02243269686196947 0
0.02716959178899439 0.02310977570279816 0
0.0277137436874253 0.02250827843120843 0
0.02801091416554333 0.02338590173241373 0
0.02869110647050436 0.02262987013112012 0
0.02724018670097554 0.02400040079034496 0
0.02622470174518823 0.02429969667183609 0
0.02824383862474384 0.02168788248604304 0
0.02935462217638111 0.02178542713256736 0
0.02890730314021098 0.0207570479168024 0
0.02980272708106747 0.02088001217315101 0
0.02955331181168923 0.01989551556677721 0
0.03076037173437319 0.02014404922244115 0
0.02918733826818348 0.02416772155699034 0
0.02807347433060169 0.02088029777929361 0
0.03212192107423002 0.01944893820070631 0
-0.01117349581898793 0.03265608901876775 0
-0.01163330937209707 0.03304747129148613 0
-0.01223388191890101 0.03286028253084079 0
-0.01212075912093486 0.03361185126544299 0
-0.01297783068619945 0.03319088792712796 0
-0.01147270876491477 0.03371956175873789 0
-0.01285273880866229 0.03406429790972033 0
-0.01376709987131557 0.03394538955729539 0
-0.01393265614995814 0.03290296319786343 0
-0.0147838817409604 0.03362682619853444 0
-0.01482935645229061 0.03238942099630743 0
-0.01582392308418132 0.03318561880315248 0
-0.01580614748598894 0.03195234264302307 0
0.02855154685819703 -0.01941843450986487 0
-0.03027395030283245 0.01660137391733271 0
-0.03060158450978408 0.01715843339578538 0
-0.03026649878138642 0.01772224094906659 0
-0.03093300626873299 0.01659361199985952 0
-0.03134273896221309 0.01727311922337676 0
-0.03168608798881374 0.01660876871672932 0
-0.03237608609070464 0.01747085221787393 0
-0.03270799504223184 0.01643204420026129 0
-0.03220680281625318 0.0155219149383663 0
-0.03323958137241558 0.01535647022076175 0
-0.03274980331845766 0.01426685267173737 0
-0.03406041663104099 0.01440695652791167 0
-0.03326065355212435 0.01332501587347743 0
-0.03158205701831601 0.01829217489568202 0
-0.03177378605678004 0.0198265613716169 0
-0.03060955188715667 0.01932055417432159 0
-0.03061809983605763 0.0205431375581036 0
-0.0295538951868109 0.01997082017071561 0
-0.02956169218073221 0.02118461925005007 0
-0.0307123256896407 0.02180966676028317 0
-0.02936328189121717 0.02251044020190856 0
-0.0285592850655956 0.02155513757468022 0
-0.0281921813490105 0.02251172423486158 0
-0.03058886777506362 0.02354039042010884 0
-0.02754463227088558 0.02222128740080667 0
-0.0272391838657873 0.02305111238173317 0
-0.02884364701570745 0.02058503208374126 0
-0.0288211805634588 0.01985392128764645 0
-0.02685280754037485 0.02161489657930919 0
0.03387779457125645 -0.006615826660304269 0
0.03432712586548003 -0.007022282272329051 0
0.03420745639217249 -0.007628122322820315 0
0.03489908411926951 -0.007454942024724935 0
0.03506615251306989 -0.006688668518514578 0
-0.02762192013017046 0.02067749629827756 0
0.03362245606859616 0.007798822522258796 0
0.03409012146296731 0.008202385194830084 0
0.03393173263489386 0.008855314371999332 0
0.0347041559284204 0.008614955883414059 0
0.03446049825146646 0.009440574731587686 0
0.03471710187654209 0.007960204937961068 0
0.03525398989593714 0.009240664535732135 0
0.03509727997454531 0.01027195454245258 0
0.03374428384198522 0.009539570829404081 0
0.03646680668819744 0.009770879198849107 0
0.01034239772438685 0.03293649625139453 0
0.01070904523708257 0.03326578954463776 0
0.0114016657244333 0.03330781267198527 0
0.01021169501533348 0.03353913933612199 0
0.01078238865647943 0.03390391957439433 0
0.009979875680436527 0.03427755420830232 0
0.01701131105460356 0.03003393284003237 0
0.0175739981241805 0.0304266763297184 0
0.01815763756390723 0.03004636667568398 0
-0.03158391880956264 0.01389915476492491 0
0.03217721900546121 -0.01244185113821494 0
0.03262891479020631 -0.01293172526690921 0
0.0323922323538275 -0.01187001949620378 0
-0.01454259890783565 -0.0312724101315198 0
-0.02834251330755171 -0.01969693118812875 0
-0.02859286475839648 -0.02024641525348547 0
-0.02824575973519057 -0.02076192688779575 0
-0.02904596787885999 -0.02093155182145711 0
-0.02940686141538873 -0.02008141131391533 0
-0.02996431142830627 -0.02085635463345224 0
-0.03045104892773831 -0.01985079909541429 0
-0.02849081335270812 -0.02156961421826022 0
-0.03106345827911686 -0.02112017775617616 0
-0.03178439292909722 -0.01996425402569354 0
-0.03118076015635011 -0.01884124597705409 0
-0.03244159613497121 -0.01870873206233462 0
-0.03152855373812903 -0.01766886342988431 0
-0.03280406020406335 -0.01737391411186209 0
-0.03237795339983521 -0.01614690327152001 0
-0.03346321895952157 -0.01605195253613378 0
-0.03254657342088693 -0.01510133610895799 0
-0.03109324532796637 -0.01658998556660272 0
-0.03179583276014816 -0.01538845887689952 0
-0.0297980503940631 -0.0193493765470865 0
-0.02998153341370929 -0.01821122457384726 0
0.0255123336917614 -0.02322553106694084 0
-0.02488018099454403 0.02393172327286547 0
-0.02507299434181631 0.02452205566168019 0
-0.02459362447812448 0.024998761310789 0
-0.02515609807125344 0.02515854988664739 0
-0.02474916809325699 0.02569579817820461 0
-0.02585690330666865 0.02463494400381551 0
-0.02412151006238012 0.02545404114265166 0
-0.02405361180882083 0.02634291481114889 0
-0.02566840643598337 0.02595218088713594 0
0.03277016930011047 -0.01071610827080594 0
0.02338284304386446 -0.02539689019882062 0
0.0235017952995066 -0.02598710519078385 0
0.0239026510622805 -0.02556294350906667 0
0.02409662688431917 -0.02620522335347214 0
0.02303385414359021 -0.02653739858817218 0
0.02273112337932057 -0.02723827611257161 0
-0.01670872179734489 -0.03016616751115953 0
-0.016811386832805 -0.03085215150684239 0
-0.01564425166872311 0.0307635351986291 0
-0.0161665558294062 0.03110402612195879 0
-0.01675826781252127 0.03081493757455286 0
-0.004082712402398099 -0.03426849198770211 0
-0.02175890803811714 0.0268062976285909 0
-0.02234356667354001 0.02706044602366093 0
-0.02283428605846981 0.02663513655258107 0
-0.02306521737381568 0.02732821145518177 0
-0.02219969620277167 0.02786969348490075 0
-0.02317003654950404 0.02830505410827615 0
-0.02403225040539036 0.02744114981732125 0
0.006214897401476461 0.03395911667993669 0
0.006621355511436 0.03443555627478344 0
0.007261859142454616 0.03433131738096203 0
0.006004843903666846 0.03454634096945858 0
0.007043412215223731 0.03504881106881991 0
0.007961736401048799 0.03477507509565643 0
0.00755127999530554 0.03587514341438669 0
0.008712982778184941 0.03558055140273712 0
0.008262018004166437 0.03680708016441214 0
0.009052730544693161 0.03448562551732469 0
0.006364069983397801 0.03585237750438073 0
0.005308395905275596 0.03683000144674269 0
0.005200041690668391 0.03558225301789898 0
0.004170809255300151 0.03618304360668014 0
0.004182931363257195 0.0352618824489682 0
0.00342546797574943 0.03556084473735856 0
0.003058125686989295 0.03649064578145016 0
0.002084648191910496 0.03600230277332264 0
0.001950023717954293 0.03721061638143747 0
0.001094912423498895 0.0362618730449042 0
0.001088078530401055 0.03522654238790338 0
0.0003232855788651764 0.03560853144367708 0
-0.000125845933507675 0.03648911613560666 0
-0.0009931980848641214 0.03581063575087476 0
-0.001399848084329647 0.03679330296925761 0
-0.002036312434326987 0.03597206388088994 0
-0.0005159519541485933 0.03813202336389537 0
-0.01880809146267094 0.02894900287902441 0
-0.01888168940844448 0.02958221967123864 0
-0.01831180471387505 0.02994919537925555 0
-0.01908194805788321 0.03031196977756643 0
-0.01965462017481066 0.02967318546563751 0
-0.01828708381984655 0.03068678618384924 0
-0.0296685626490511 -0.01765584635441255 0
-0.03017107385868374 -0.01765746735467001 0
-0.03061286838004135 -0.01730339133190274 0
-0.005873140399251984 0.0340264753505971 0
-0.006257333628682718 0.03456045968574143 0
-0.006907980126928935 0.03440853425016849 0
-0.0055666342938733 0.034647617489954 0
-0.006651106993356945 0.03509652311455738 0
-0.007472120322292516 0.03507347045378899 0
0.01033622948062916 -0.03293302576077427 0
0.01078522307626678 -0.03333388979557714 0
0.01137673367396945 -0.03315564048113472 0
0.01019631719041336 -0.03354815715758382 0
0.01057010391933388 -0.03393000963524666 0
0.009938366352448307 -0.03426553054448483 0
0.01061377708267237 -0.03469379454519134 0
0.009694707697102772 -0.03518813528532171 0
0.009107470003729818 -0.03442970744165505 0
0.01057625431403964 -0.0360109566176005 0
-0.01981355661186172 -0.02826384262665999 0
-0.02039578999621269 -0.02853472234343622 0
0.03449340897969619 -0.001825934355867607 0
-0.03368616330465535 -0.007531569826532387 0
-0.0342608189521199 -0.00733895791150484 0
-0.03439385075815456 -0.00673645389633576 0
-0.03483316017197961 -0.007217807982554014 0
-0.03513295661533335 -0.006371954089163129 0
-0.03467853687621952 -0.008033462497489012 0
-0.03569578600042306 -0.007499979259079049 0
-0.02176177791439451 -0.0268074287088367 0
-0.02186341343301648 -0.02742686107200594 0
-0.02079610090701922 0.02754893850407173 0
-0.02087634911501182 0.02816819973179425 0
-0.0203761148423351 0.0285985305953756 0
-0.02108718713520483 0.02889353785055631 0
-0.01777295880650378 -0.02957764968926775 0
-0.01833243952661864 -0.02997206052279228 0
-0.01887438211636993 -0.02958020250056375 0
-0.01908014224821382 -0.03034076542414967 0
0.03408158059489531 -0.005405009209815131 0
-0.02359087912003699 -0.02520157558182292 0
-0.02374514788545418 -0.02581446443711144 0
-0.02327914794920366 -0.02625988110289888 0
-0.02404580505873921 -0.02648558261337502 0
-0.02319428460078109 -0.02712275263426729 0
-0.005274885534942791 0.03411713705344122 0
-0.03055047915544557 0.01606518126286588 0
0.02887535138289244 0.01891223418677401 0
0.02947931355539229 0.01893763688530442 0
0.02853400877478262 0.01941665160965826 0
0.03409750339902055 0.005414839987108706 0
0.03459628082629559 0.00581646976752032 0
0.03445967192482265 0.006468716103919274 0
0.02469457072441876 0.02412078642226611 0
0.02487373799853829 0.02473725543416298 0
0.02439486340169723 0.0252459516682052 0
0.02515083511053576 0.02544770242363395 0
0.02456053684987345 0.02602192385098168 0
0.02576192765569494 0.02631416600689622 0
0.02475861494415489 0.02712655759519116 0
0.02347693835173409 0.02699139315800972 0
0.02388953825062164 0.02565146832292337 0
0.0238876185766699 0.0280065321254474 0
0.02550163391228818 0.02876687400451382 0
-0.01981427530711895 0.02827971454255608 0
0.03124962628443071 0.01467104421815033 0
-0.01564622639886484 -0.03076392921095282 0
-0.01561739662598174 -0.03140861889588934 0
0.03424934314814781 -0.004210840718954427 0
-0.0004306724576143818 0.03451982009461087 0
-0.01001647159215583 0.03303528444114566 0
-0.009887611471898318 0.03362604558987201 0
-0.00924624554336612 0.03381617358179812 0
-0.009870615597228424 0.03431175133482673 0
-0.009020872090986036 0.03453406310252106 0
-0.009589563946665063 0.0352803169653262 0
-0.008467433652335935 0.03538391643267022 0
-0.0107043171515889 0.03492662538566647 0
-0.008525780241867302 0.03395624243987411 0
-0.01777098882325313 0.02959721316485145 0
-0.03323916717136204 -0.009303490770786639 0
-0.03365793939182814 -0.00974661157748228 0
-0.03385754049120464 -0.009137860424619523 0
-0.03421926954362622 -0.009652881227503953 0
-0.03404154264038176 -0.01042717994455625 0
-0.03470545893551432 -0.009100976868408888 0
0.03447049507246033 0.001790752661743057 0
-0.03057683728257006 -0.01606214947527146 0
-0.03413277566255525 0.005153079656774108 0
-0.03460595996247139 0.005539763337488737 0
-0.03454057189648857 0.00616867761130085 0
-0.03514773096435743 0.005981650312622417 0
-0.0347019151464359 0.004941428536171122 0
-0.03481735967647601 0.004304264171162899 0
0.008583015692880221 0.0334333249540598 0
0.001386408626883637 0.03452456499091561 0
0.000775626370140943 0.03454788272550963 0
-0.01343752690646526 -0.03176865854449916 0
0.0317296797821713 -0.01356378620976895 0
0.01592882139215236 -0.03058960193803792 0
0.01606466422720223 -0.03126051915093139 0
0.01537191647681319 -0.03157318564014668 0
0.02783185631878074 -0.02041591534775739 0
0.02846945262281013 -0.0205125427277387 0
0.02811699728911689 -0.02101531587677885 0
0.03281414188960234 0.01072066731778893 0
0.03341206048662061 0.01058317894515313 0
0.03323756125679862 0.01118908027321657 0
0.03378658587261674 0.01108482528700104 0
0.0336866627264772 0.01182027704594522 0
0.03408498845998022 0.01035368688017777 0
0.03453215125831684 0.01153797124601988 0
0.03599353747473672 0.01146578865005041 0
-0.01672361996767422 0.03019507179678267 0
0.001382867188059602 -0.0344871009898222 0
0.03173885949374729 0.01356711552512984 0
0.03234714260833614 0.01354633863190528 0
0.032594370637331 0.01292166719637487 0
0.03306343529455276 0.01355883486390108 0
0.03332073833953157 0.01262837804964071 0
0.03387525004197891 0.006615364875364043 0
0.01700607430750366 -0.0300212567707437 0
0.01755885514524599 -0.03042985967180271 0
0.01815978700582346 -0.03006466149779402 0
0.01826579750528527 -0.03083064328141719 0
0.01874358736972667 -0.03029856227618052 0
0.01874235143805647 -0.02967068643010687 0
-0.03289168923231087 0.01046702465274332 0
-0.03347777534055752 0.01032994694834779 0
-0.03367333610528275 0.009745042867595477 0
-0.03409139903201771 0.01019136493134267 0
-0.02570837881925634 0.02303975311435299 0
-0.02588357961224338 0.02361576433134098 0
-0.02636256798251134 0.02312778999734974 0
0.0215344267221337 -0.02696709107962241 0
0.02160851845760421 -0.02745223705652387 0
0.02127798434845286 -0.02805348442273975 0
-0.03117834962854511 -0.01503377752186515 0
-0.007097846523310633 -0.03379420698972568 0
-0.02267983519274065 0.02602745730493398 0
-0.02763678178351863 -0.02068372907090486 0
0.01959027576317528 0.02842408568682301 0
0.01968249945385169 0.02906751301090543 0
0.0191197691170832 0.02944265092742149 0
0.01987290182635463 0.02985009443166312 0
0.0204565373327543 0.02931107905555404 0
0.01895285824070401 0.03022549536778866 0
0.01975274843685113 0.03091598240852807 0
-0.02080629748198336 -0.0275481658776271 0
0.01806379558494989 0.02941422018383938 0
0.01857287469163843 0.0290941600896941 0
0.03422180290434816 0.004206239691306753 0
-0.0070683328396026 0.03379115459700419 0
-0.0286766350435866 -0.01920159640895891 0
0.01807005016918613 -0.02942281298198277 0
-0.03368441764674136 0.007535372149797971 0
-0.03425618629608279 0.007347308769651007 0
-0.03414669289665191 0.007964242423990386 0
0.01375041648967233 -0.03166433822055656 0
0.01371296414068492 -0.03232177586915216 0
0.01310276574610619 -0.03256626068021787 0
0.01356055262825247 -0.03299279308481206 0
0.01286088597092884 -0.03343693787081503 0
0.0138634210435917 -0.0338212360435144 0
-0.02269280544561663 -0.02601614958323833 0
0.03438378543083875 -0.003007418848000906 0
-0.000439097328341868 -0.03450728788320441 0
-0.001046640586093817 -0.0345011067810816 0
0.02633902044412607 -0.02233396681704962 0
0.002596961206383728 0.03442216008589923 0
0.002240807560329018 0.03511771068552139 0
-0.02486876826219072 -0.02392701299164643 0
0.03123243838554504 -0.01466999085729567 0
-0.004078663705533976 0.03427515613404571 0
-0.003870559449789814 0.03487492985463788 0
-0.003199611601340371 0.03492659083973451 0
-0.003612786444719039 0.03550938993897469 0
-0.004392482772163033 0.03544641517466893 0
-0.004086460219832487 0.03637034282282113 0
-0.005215336625679327 0.03616965397483145 0
-0.004781659307527165 0.03733436852765119 0
-0.0123205592887455 -0.03224747390150171 0
-0.0128268381352258 -0.03268928798077581 0
0.01959019868988697 -0.02841836024539864 0
0.02013552879907247 -0.0286710607702304 0
-0.03160499575769007 -0.0138760970302331 0
-0.0320448104163173 -0.01436947711024356 0
-0.03275287552963769 -0.01413377976348224 0
-0.03184434049863532 -0.0133176500871222 0
-0.03247473202555609 -0.01329710540389324 0
0.008576562224677217 -0.03344018598238174 0
0.03434421674452674 0.002999192746174478 0
-0.01344282261676762 0.03178821236834138 0
-0.01455106822814995 0.03129146314934216 0
0.0333243319224984 0.009004172654425052 0
0.03220085504216021 0.01244226043369131 0
-0.03441553030855815 -0.002733109182597416 0
-0.03497551660053264 -0.002468478495305859 0
-0.03109671494415991 0.01498030285658277 0
0.01485756762291995 0.03115720147015167 0
0.01480037955807167 0.03175559809931999 0
0.01424068518536504 0.03203627541964926 0
0.01476473332988467 0.0322941926119917 0
0.01437095279754285 0.03284313067596521 0
-0.0111608661530453 -0.03261878516765665 0
0.003801913804928651 0.03427982416989948 0
0.0159494896753347 0.03061306302974463 0
0.01647075273184838 0.03093667026205215 0
-0.03429598856571675 0.003942314777432331 0
-0.002853050809357372 0.03439866308132455 0
-0.002565922978671269 0.03494246875771902 0
-0.002841633926341565 0.03549593986431807 0
-0.002790391106542816 0.03651319090744825 0
-0.008260096005179065 -0.03350262682820609 0
0.02552345940851448 0.0232454865984912 0
0.007406183138415831 -0.03372289905975799 0
0.02247108364931059 0.02619914196067335 0
0.02258414828252556 0.02679779862055664 0
0.02210428528172512 0.02719426043749517 0
0.02281425795544125 0.02756872417099751 0
-0.02571829054616931 -0.0230298282562606 0
-0.03250380528237814 0.01161991660900155 0
-0.03309344145982152 0.0115018858477159 0
-0.03290446554270533 0.01208975625388255 0
-0.03229577144432288 0.01218635954677845 0
0.01148896836687092 -0.03254859137753059 0
0.02747581812451719 -0.02090974029842557 0
0.03315943231825906 -0.009623935226950578 0
0.0007757575377085478 -0.03450319282695906 0
0.005610765764661903 -0.03406207971487768 0
-0.0184034653771197 -0.03238208172418731 0
-0.0286189939557064 0.0192581964926228 0
-0.02814705250416239 0.04664348544078892 0
-0.01913554165014676 0.03122670396421712 0
0.03403777500560814 0.01345940620772152 0
-0.01866982844740984 0.04394071069860597 0
0.01203103461786474 -0.033737522476382 0
-0.04731794510347177 0.008435716157109566 0
-0.03512013134178908 -0.03571726405506115 0
0.02536274964903178 -0.05529765666544443 0
0.02815547070088316 0.0479137256897163 0
0.02749271876810331 0.04835591006847625 0
0.02579784667237237 0.03780600889097577 0
-0.01058486869327727 0.03602281860906303 0
-0.0324758071351114 0.01358711000883121 0
-0.01391134939319356 -0.0321591023850463 0
0.02153918092378177 0.02697193932161067 0
0.02056911616097043 0.0277009385757893 0
0.02108803439574582 0.02796934529302166 0
0.02059900866400099 -0.02773311133191124 0
-0.03214435084556729 -0.01379882187899486 0
-0.03326208799810788 -0.01344317458442057 0
0.04701388554146792 0.005010374987768945 0
0.02634529606707008 0.03131499459141913 0
0.0373786296841942 0.001802448268203143 0
0.03025773543169475 -0.05408888713414339 0
-0.01047028788421009 0.03336876233837676 0
0.01594891511580298 0.03129724553956968 0
0.01647736969141478 0.03157813129370625 0
-0.05298177738752065 0.01695972138202107 0
-0.05372583498814766 0.0215481319416131 0
-0.05001619288672369 0.02316337209988688 0
-0.05664959661532099 0.01844162165070811 0
0.02451229667074938 -0.02531729227141089 0
0.02565546854627227 -0.02517013318595605 0
0.03641419068156928 0.04504327077461808 0
-0.03429170091016035 -0.003944195829094392 0
-0.03482890350259533 -0.004286080265851553 0
-0.03475226582658369 -0.004953234075424838 0
-0.03541893942953228 -0.004657052076986819 0
-0.03537656612270429 -0.003775866184540034 0
-0.0341411713557065 -0.005147354344543769 0
0.02572304159319625 -0.02376999572442959 0
-0.02695532330490049 0.03924099950937949 0
0.01700442940795024 0.03065834830605604 0
-0.00342825764259234 -0.05110014612435779 0
-0.002067028866088709 -0.05484685860630365 0
0.001772894724098467 -0.05547583467899468 0
-0.0007009882462848672 -0.05842436929208322 0
-0.006014253319493539 -0.05414099345344831 0
-0.009755245731370139 -0.05362808069471128 0
-0.008506785235469523 -0.05720787440305176 0
-0.01203727883489973 -0.05700941573451532 0
-0.04290081370642368 -0.02706177468355943 0
0.01645269248228452 -0.04213010646437341 0
0.04482643845413351 -0.03171380978565269 0
0.04835672220432335 -0.03299415006975726 0
0.04567635606198407 -0.03563369730838639 0
0.04428151266018518 0.02771298371078456 0
0.04528943194743246 0.02379128243949212 0
0.05050857538562718 -0.005035623309920348 0
0.03097444936050463 0.03966778809774542 0
0.005616568902670402 0.03406981674810021 0
0.005403232304848978 0.03471112481223219 0
-0.03423726537601546 -0.04826798302347943 0
-0.03449459880988031 -0.05104858960899621 0
-0.0356218279045663 -0.04594800911963234 0
-0.0396049631002957 -0.04593084856295737 0
0.04629437764783021 -0.02121051221572438 0
-0.03449746925219263 -0.001520840832037462 0
-0.03230796207901671 -0.01219040095526219 0
0.04105127499285938 -0.03043056102188738 0
0.004450906929167245 -0.05251291579767763 0
0.005575166888917099 -0.05600635911315475 0
0.009402150245540225 -0.05735585571539337 0
-0.04640269156496338 0.02132258114694317 0
-0.04669057326064439 0.02512772355572351 0
-0.05030517611485696 0.02694554980864395 0
-0.04742108841654664 -0.02037423219169155 0
-0.04368139544523363 0.005344096564433112 0
0.02195301921570746 0.04737517725464598 0
0.01262751381888513 -0.03212425439430333 0
0.01262874122643499 0.0321266188100633 0
0.01252185191180593 0.03274892774326402 0
0.01311871524967583 0.03250513147451619 0
0.01306053550423743 0.03319890827532893 0
0.01233026484562162 0.03342435099074413 0
-0.02140228084201201 0.02776170727951203 0
0.02914240960826672 0.04612551723933642 0
-0.002868332509842691 0.05000176030522503 0
-0.02377721658331833 -0.04817339093506313 0
0.03162105168813232 -0.04594125960633012 0
0.03242606465259193 -0.04478820247772572 0
0.02745114096539512 0.02087400807022513 0
-0.04471481367999395 0.001926112631972111 0
-0.04778064392168238 -0.03817203797210085 0
-0.02870299397739827 0.03977121964107623 0
0.009758065795948933 0.03312031322045 0
0.009606108475457479 0.03373498956409193 0
-0.05480582330804102 -0.006404441544089574 0
-0.006496820793045964 -0.0339118990187027 0
-0.00621243381709484 -0.03444374291724785 0
-0.005635105926777689 -0.03462252556730493 0
-0.006292355513355487 -0.03508526587585709 0
-0.006338685265768843 -0.03627685161691196 0
-0.05250060118951774 -0.03185970166588421 0
0.02383237247629532 -0.02499120930105182 0
0.02873642870435245 -0.04666788393410804 0
0.03262729429729007 0.01130039304091322 0
0.01587999305255524 -0.03201000081786352 0
0.01674566242783706 -0.03120034204965716 0
-0.03605286278727213 -0.0165000761194644 0
-0.02612066881673752 0.0225789564011113 0
0.04251622022228284 -0.03825100810099169 0
0.04364566230450794 -0.04265599844614441 0
0.004409329337385699 -0.03424228267320528 0
0.004813504916444104 -0.03475500771483792 0
-0.008813859821741155 0.03336222095613925 0
0.02981402961880692 0.0184617134838097 0
0.03210903810357238 0.01406085970961954 0
-0.02402024273044834 0.02478888169693548 0
-0.03328847062888443 0.01091685610354493 0
0.01288798424427018 0.03404428749929356 0
-0.001372804634550936 -0.03504369115906692 0
0.02981992012568944 0.04475944128812236 0
0.03015827494172841 0.04599718356573734 0
-0.01973704487929521 -0.03352267912630242 0
0.03497001306337134 -0.00278624737548787 0
0.01375293064875579 0.03166520271064267 0
-0.01749899884741558 -0.03077269817629692 0
-0.005284179276514105 -0.03412093076204393 0
-0.01881943844817432 -0.02894509765705455 0
-0.03387542576608892 -0.01133668786645377 0
-0.03465166090840546 -0.01099198915794183 0
-0.02472950022036158 -0.05311632791005746 0
-0.03191204298702317 0.01335198200272917 0
-0.0335314033367269 0.01196904655661263 0
-0.01110411392446601 -0.0498660734107195 0
0.02825003809498524 -0.04723217946052325 0
-0.03489067492074919 0.007666381693195057 0
-0.03464913628823296 0.008458998314501419 0
0.004405875311254906 0.03420178768628365 0
-0.02688937447149848 -0.02164271098550671 0
-0.02744138829688637 -0.02169306721737305 0
0.02671493895813585 -0.02187550255273508 0
0.03099383233242024 0.0152149808079319 0
0.01984595366639088 -0.04281260229274764 0
0.01485346565521107 -0.03117236928198451 0
-0.0145056290688682 -0.03188950282494792 0
0.05116097012343757 0.006220908803051912 0
-0.04047645953556075 0.04662599065067278 0
0.01536472007458083 0.03150592770797299 0
0.03014347454600224 0.01682719627203344 0
0.02382010492814164 0.02499179630763534 0
-0.02934945025299473 -0.0181793646375466 0
-0.02964682468813068 0.01767375098478438 0
-0.0298988325635118 0.01817069609401245 0
-0.0305053034617125 0.01837790195810003 0
-0.02736291386958541 0.04832191932094132 0
-0.03440861045463201 0.002733011565551803 0
-0.03489949425137513 0.003081322233515233 0
-0.03449678649522063 0.001521405103265828 0
-0.03502176080904015 0.001858684912485522 0
-0.035207631552739 0.001122485464453595 0
0.030645473052016 0.02162903341487473 0
0.02974145974473686 -0.04604645128813111 0
-0.01077674076450442 -0.06047814050198652 0
0.02672372849964892 0.02186327518400689 0
0.02732867206357404 0.02195798289045093 0
0.02528445491822589 0.02425614062428273 0
0.02568828026766791 0.02380540703186378 0
0.03096919760582149 -0.01521868088812783 0
0.03132261775783965 -0.01576453978249436 0
-0.001043457403257424 0.03450808188441126 0
-0.001529185383520204 0.03517372925216374 0
-0.0007597982208642849 0.03508888860105333 0
-0.0001083881010017978 0.03504275110794958 0
0.0004580974393765613 0.03500274014527309 0
0.01816382436514244 0.03071507607205664 0
0.01963713762485269 -0.02903651737421004 0
0.02613714974618351 0.04820078355266693 0
0.02886432778175901 -0.01998442895912274 0
-0.03324303285865272 0.009303659695576066 0
-0.03355696221479593 0.008129621984404194 0
-0.03399500517827014 0.008567082622436059 0
-0.03196705212783581 0.01438682379956687 0
0.03609828637764483 -0.0001381338599368969 0
-0.02474371163763473 0.03699279288683376 0
-0.02602460649292058 0.03722231067545689 0
0.02770763115780387 -0.02147122354490939 0
-0.03051128740391412 0.04357436953884893 0
-0.03149406757727982 0.04310378807570403 0
0.03421366947568134 0.007553833750823404 0
-0.03173173413646765 0.01494784998930787 0
-0.02390186746843628 -0.03677599368071992 0
0.03473948077585742 -0.008260726003851656 0
0.03562091916824679 -0.007991338124559344 0
0.02162094195118217 0.0275888315115954 0
0.02169129249555918 0.02830822533675528 0
0.02145495419857943 0.03867072471160415 0
0.02208179881341523 0.03822643570404636 0
-0.0253981185203582 0.02403798967779277 0
0.05621218692371514 -0.01195345417676466 0
0.05610143657458055 -0.01686382214727243 0
0.04489975432113001 -0.002596142088065867 0
0.04524305449838398 -0.003271003667878 0
-0.01002082001917165 -0.03303672578041579 0
-0.01047183341440164 -0.03346498546597709 0
0.0233894817695041 -0.03668117351683615 0
0.009757978932637867 -0.03312011947207826 0
0.009592556013684672 -0.0337243533479865 0
-0.002263836971245062 -0.03444266057963114 0
0.04942866102166381 -0.005037479909245282 0
-0.004495539413793757 -0.05789353369461572 0
-0.04319241915929129 0.02736355295817096 0
0.007423144347598419 0.04798582387191436 0
-0.02195239900623046 0.04733546241532922 0
-0.03271600171607709 0.012670832183718 0
-0.03376647502324234 -0.01460417841492864 0
0.02879473052643472 0.0199689580259716 0
0.02454643334645511 -0.04831609027849728 0
0.03271313092643324 0.01232536657877895 0
-0.01931813983059824 0.0291627534675387 0
-0.0198129977388844 0.02897373957601438 0
-0.02043710241917523 0.02940061122972394 0
-0.02123150795920084 0.02993348581697361 0
-0.02210456908474965 0.0289790344758707 0
-0.03536774152941084 -0.005494749211324043 0
-0.036340344711392 -0.004849259403630973 0
-0.0364352584859834 -0.002750302542496585 0
-0.03642367620864576 -0.006225650841273525 0
0.02132839470688723 -0.03747696085479697 0
-0.02179680603994685 0.02733593062876348 0
0.03059745097462831 0.04265073741510803 0
-0.01825854342221739 -0.03090806682732759 0
-0.02973103119528982 0.01898455035678753 0
-0.03383154270698898 0.009148159674758136 0
-0.05823892203091986 0.009273813424838908 0
0.05454391753169306 -0.002153247415201948 0
0.05502615475935054 -0.002805301225854084 0
0.02305233264912557 0.02639613085262817 0
0.02021814716708143 0.02863600251934514 0
0.02095764540743716 0.02860916100106425 0
0.02164734053415246 0.02939406008700058 0
0.04475585101542166 0.00735410224250552 0
0.0585831536482456 -0.004819831918742956 0
0.004545235563013623 -0.03538064553368873 0
0.005342904939473048 -0.03522956772571438 0
0.003616720911781981 0.03483765119597639 0
-0.004418231008204775 -0.03465319997452317 0
0.03517522050226437 0.03395028300155215 0
-0.03434188695804961 0.006700883021568235 0
-0.03392796668655346 0.006343343507083925 0
-0.02244823867371515 -0.03899881698242054 0
-0.02808579033741323 0.04811619418979989 0
0.06112323439775674 -0.009407004572435526 0
0.03302452791730462 0.01179602348554225 0
-0.01062336609592543 -0.03689114393361628 0
-0.04629285792939002 -0.00421848279451745 0
0.02889314371560505 -0.01889217113088508 0
-0.002248223358133671 0.03444126985870247 0
-0.02524688569280985 -0.04893376211082529 0
0.002943846352673051 0.03492617598777119 0
0.03046405037841324 0.04446188062016944 0
-0.0538971345174513 -0.003389816651828941 0
0.03489561770351027 0.007194082297216352 0
0.01939767608263816 -0.04309813152266407 0
0.02789653637504007 -0.03839374481781613 0
-0.01932515776032574 -0.03131162901370964 0
-0.04949082414634783 0.005681647882877737 0
-0.04871947791836883 0.005661459879253584 0
-0.0157558740040894 0.0344560441913333 0
-0.03423142189553632 0.01655681276088984 0
-0.00714406953632142 -0.03791039868667551 0
0.01861307407205939 -0.02906811787975536 0
-0.03340699924815573 -0.008715778379288533 0
-0.05820282847271337 -0.007806521621927439 0
0.00840360179853728 0.03405093779821167 0
0.01749003045801487 -0.03133760399438743 0
-0.02934930294490464 0.01823073584259341 0
-0.04888178310658101 0.006530244524562098 0
-0.04757411793837114 0.006865723634918356 0
0.01170167247635116 0.03426610754635453 0
0.05854008422917342 0.01648591952293202 0
0.01370699663071568 0.03230911693417329 0
0.03400614726002631 -0.008781175178955982 0
-0.0228604068986121 -0.0543001491921185 0
-0.02103141596066961 -0.05695244575561537 0
0.01920622930898939 -0.05832215636678835 0
0.05540424984697745 -0.02708267526513049 0
0.01911597837470072 0.05792202937588824 0
0.008680154185328377 0.06131585837806409 0
-0.05394722940229365 0.02862268659330546 0
-0.0526889210290169 0.03223257437865164 0
0.04948649722284363 -0.03663055660888818 0
0.008451065607364458 -0.06118529840065599 0
-0.02122359860900371 0.05800534554988181 0
0.01204577663009177 -0.06050121683991742 0
-0.05893962845517627 -0.01885669931939222 0
-0.03493203782802617 -0.003157753635722861 0
-0.03634173605393881 0.03101086423073006 0
0.008649423561207658 -0.03527038018151517 0
-0.03405338162212522 -0.008510846949801266 0
-0.03406782620190137 -0.007920264328824273 0
-0.05174942224635466 -0.006555368854016368 0
-0.05318990706266309 -0.006437987973225498 0
-0.05398843601493136 -0.007737898021642226 0
-0.0123210926607144 0.0322505745275492 0
0.0261002544688978 -0.03184052288267557 0
0.02983165597366767 -0.018460184152076 0
0.03103266071724987 -0.02248872707749892 0
-0.0241716329057186 -0.02536597692067418 0
-0.02653938554268353 0.02388273293387605 0
0.03600533703119548 0.05008711960618328 0
0.02445681728443536 0.04826064864439477 0
-0.02124761623856292 0.04664583490689577 0
0.0106482802113965 0.03481134853144868 0
-0.002842255348850427 -0.06150686227606506 0
0.02156677238664712 -0.03630092935619809 0
0.02942114568318448 -0.03843952793190634 0
0.02867953956536465 -0.03781164154985268 0
0.02470338315528256 0.05254195002079499 0
0.02276260916212132 0.05400203964575707 0
0.02514659813829019 0.05536715891328439 0
0.02024044079227888 -0.02943715113696363 0
0.02087948849007116 -0.0288446696504014 0
-0.04893334629360312 0.03185171320425578 0
-0.01918531146245491 -0.04177267074041061 0
-0.02138632351100036 -0.02786755329821381 0
-0.0233072244221172 0.02621239408654551 0
-0.02348110549167112 0.02680449064059031 0
0.02126418226631969 -0.04670308838849575 0
0.02395527178968552 -0.03837555336792767 0
-0.0134083408735319 0.06024408433623876 0
-0.03497299641141641 0.002476482534917909 0
-0.03542145895212047 0.002927121189884669 0
-0.03541322912701754 0.003663594578583215 0
-0.03605267776959062 0.003235237831280794 0
0.0301026302868781 -0.01682322692310091 0
0.01941148057820329 0.04391648685033266 0
-0.02960865627403671 -0.01875575211355455 0
-0.0284057863749124 0.05553993960440914 0
-0.002288702200271147 0.06189427981217296 0
-0.02022847112617484 0.0403528480917808 0
0.0142462078699605 -0.03202708086418066 0
0.0227345628751393 0.03873682895349604 0
0.02282669525165212 0.03809516449106826 0
0.02226578704564517 0.03733649178456516 0
0.02325687595092172 0.03739176336653009 0
-0.01771798253249558 0.04630312007505206 0
-0.01771994532597777 0.04494377605501856 0
-0.02711287625529351 -0.02220708329665187 0
-0.03502231653751184 -0.001853876011339453 0
0.03481250231345966 -0.003968435384210103 0
0.03975419194277548 -0.04441088082722364 0
-0.0347568765967956 -0.003700425868993735 0
0.05626719160962042 0.0126862494956051 0
-0.02920516479403849 -0.04483166278344304 0
-0.02977089203179544 -0.04468366716794794 0
0.02168530353505218 -0.04778084146472918 0
-0.03276143719872909 -0.0127367370160763 0
-0.03349924159701682 -0.01263978679106133 0
0.003962804308836549 0.05766477170460577 0
-0.02583598564867066 -0.02355072174129751 0
-0.02551381033214163 -0.02405778500386764 0
0.02334012662629432 0.02541377173051442 0
-0.01505230546189322 0.03163696170605484 0
0.01752519914697109 0.04131877316128064 0
-0.02862943528729481 -0.05234277162078154 0
0.03480536906374437 0.00509624957740958 0
0.01854690917733776 -0.03946252986558819 0
-0.007534055765779463 0.03426178566330027 0
-0.008153663181456595 0.03455837864144112 0
-0.007627923320221819 0.03645529991362929 0
0.008963338688473609 0.03379815008219143 0
-0.01275533535688754 0.0325423970690211 0
-0.02234726718967476 -0.02702746626433636 0
0.04443687704490953 0.004077430575818035 0
-0.01207469368941405 -0.03286863446812229 0
0.0315139011818077 -0.0417874363499313 0
-0.02918420847579343 -0.02445430793412808 0
-0.04045475382032447 -0.03739814740620331 0
0.03045044286753888 0.01625672831449517 0
0.02557339030426352 0.04827753584511799 0
0.02594863730698789 0.04883187122869648 0
0.01381263426305501 0.03361482534856838 0
0.0137991785026616 0.03480429305568273 0
0.01778785275830815 -0.04427734081469213 0
0.03209297747856424 -0.01405382660590664 0
0.05002959185623816 0.03656604948904287 0
0.0305670240165823 -0.01846952166972421 0
-0.004520664938831579 0.03473900891627545 0
-0.01986773071632798 -0.02887856263552134 0
-0.02034206750274706 -0.02940114182053269 0
-0.03143915120566967 0.01548711070242432 0
-0.02091488271287351 -0.02825187894630271 0
-0.01344881412655214 -0.03609746477423278 0
-0.01905409442274713 -0.03547870797262195 0
0.02666212238054498 0.02747121659723406 0
0.0261317474672175 0.02538540641530177 0
0.02715381711833952 0.02501490429914118 0
-0.04430968071821963 0.0008863929619118803 0
-0.0001374579843057159 -0.03503498752691472 0
0.01195296032442396 -0.03293677518674199 0
-0.04579169492473505 -0.04128170306047461 0
-0.01839672352560022 0.05554900095855125 0
0.0301632263563831 0.01922232827267566 0
0.001721331056748848 0.03499725428997123 0
-0.05460673694083454 -0.02825716702415941 0
0.00175747284992155 -0.0350332024357892 0
0.002327467762037499 -0.03490490832413584 0
-0.01998892577096958 0.04213927142702516 0
0.002594228245011391 -0.03441016900140925 0
0.02659005249758657 -0.02296691616174011 0
-0.0347558032451402 0.003665902500736788 0
-0.05479114835329956 0.001665818771172282 0
-0.002901732424187549 -0.03437849661359042 0
0.02680705764503768 -0.0357082016283824 0
0.0009556444205683506 -0.06176881239587746 0
0.03052270358478575 -0.04988602488157144 0
0.02923462994372366 -0.0515993450331993 0
-0.02274694572919655 -0.02656782146325171 0
-0.04550414183071948 -0.002641708603700293 0
0.02048568153042971 0.04075155820914379 0
0.02027650338771952 0.0402583228371731 0
0.01947184945075338 0.03998509001854171 0
0.02021416029081163 0.03944771096796616 0
0.02063955538041342 0.03851150649310547 0
0.03401165616375407 -0.008172238728264943 0
0.02246597747410049 -0.02620636728779995 0
0.005354994680144943 -0.03454920425775834 0
0.006216665786008635 -0.0353742889298124 0
-0.05483797753831959 -0.002739527777406163 0
-0.02786450870247752 -0.02124212681190003 0
0.0269220757486929 -0.04789862871561246 0
-0.0304925902012568 0.04496044255865766 0
-0.03489476979454788 -0.01010459628962497 0
-0.03580444368540823 -0.01103997274192017 0
0.03023277294377158 -0.0407602950390843 0
0.004724809055111662 0.0347568181095327 0
-0.03349100493257205 -0.01992529330440777 0
-0.03392946237066968 -0.006343094852851771 0
0.03063319587782654 -0.0384260679768169 0
0.03591316581011973 -0.01040671090075082 0
0.03754370998327471 -0.0129709101037886 0
-0.03112355847039638 0.01601846773193951 0
-0.0607218555970427 -0.01075331054124049 0
0.04436304101920244 -0.0006898507407035414 0
0.03361589258186527 -0.007794650762080967 0
-0.029987813945974 -0.04399383360028353 0
-0.0344100264078484 -0.00614596432303851 0
-0.03031159504772921 -0.0166308291165032 0
0.007869007211696727 -0.03419427807810174 0
0.008487326115615845 -0.03401344814976818 0
0.03514703474215596 0.006328381730068938 0
0.03591855383025638 0.007037990344059233 0
0.01149443173564084 0.03257592887586941 0
0.01196148062307499 0.03288006280347529 0
-0.02786252114881322 0.02124027214845553 0
-0.05867424280884415 -0.0002587020433893391 0
-0.0395427611198749 0.042900432323902 0
0.01508854077210276 -0.03235169134227859 0
0.0185339413965858 0.04377304886361939 0
0.01814232007260571 0.04272520098245809 0
0.03110439566357715 0.04190392507125596 0
0.05601028963122703 -0.003407152722576715 0
0.03876553631336271 -0.01501358572260579 0
0.02911989656060215 -0.04612536226533608 0
0.05896703843362929 -0.007195324595406766 0
0.06098086351696193 0.003002719435752189 0
0.05879655094808617 0.004101703692944583 0
0.03186751862121466 -0.01463419541404412 0
0.02060686658249011 -0.02828979122940008 0
0.007412451721139564 0.03372132849734291 0
-0.03456355087574376 -0.005531151551030597 0
0.03189281459938076 0.01461403029994688 0
0.03153607376144961 0.01511693663544021 0
0.03134834799118295 0.01570333197096976 0
0.03303122948431238 -0.01176892995272295 0
-0.005103016901849081 0.03518354524758631 0
-0.005912818597207403 0.03535224330839577 0
-0.03289293505620095 -0.01046341599588581 0
-0.03559749598776366 0.00833632234040795 0
0.007806674596811418 0.03409145123491577 0
-0.03452171189924379 0.0003103981641586561 0
-0.03498819450336032 0.0005392171077199371 0
-0.05580997154675771 -0.0003890331054439731 0
-0.05792565465499949 0.02177527115107575 0
-0.03200435533056489 0.03573425043167644 0
-0.03439730614309107 0.03570676760614477 0
-0.02973749532241311 0.03464822879264909 0
0.02114768034744583 -0.02977122216055873 0
-0.05495365685528648 0.0006857300504065168 0
-0.05574971014353781 0.005595171190373362 0
-0.02962374892957684 0.0412587346433349 0
-0.03331294248840474 0.01251425529223408 0
-0.03415218829439001 0.01251662559347977 0
0.03568220721033566 0.0050049138875855 0
0.03210275956474013 -0.04044720047977346 0
0.05568362967621911 0.02757937186617633 0
-0.03568399429722843 -0.002195585970079269 0
-0.03431521930485163 -0.01329402562997486 0
-0.01336143308517723 0.03238736407333657 0
-0.01392943130810394 0.03214716455834534 0
0.0344674110984384 -0.006390844155379151 0
0.01392025368088524 0.04625844292574085 0
0.01285085224424336 0.04335532050991457 0
-0.05234473872788532 -0.005793562007684351 0
-0.02503828290352147 -0.02652197882561203 0
-0.03339457180583998 -0.01028586282534895 0
0.003040389115427457 -0.03756111585503197 0
0.002216345324026455 -0.03950445682683246 0
0.0521725657444383 -0.005878085207664412 0
-0.02242895790448217 0.05371334709269226 0
-0.01772000027539691 0.03023815907849507 0
-0.01744843946368903 0.03088204530801462 0
-0.03574954977995644 -0.01304490885464864 0
-0.007580375821145536 -0.03419830366346598 0
-0.02442324023295256 -0.02437510567948157 0
0.02804802246829274 -0.04789261687264213 0
-0.02797339464325831 -0.02212540789629591 0
0.0125098254356323 -0.03270936969765605 0
0.005012952708809384 -0.03618554000064917 0
-0.02821892379314517 0.02074692496904371 0
0.001095799329912909 -0.03501882834385664 0
-0.0288529724382533 -0.01969804770189694 0
-0.03431380141633778 0.009591324054798555 0
-0.01786592355125236 0.04880712503734895 0
-0.01577400925147506 0.04992498104970526 0
0.0338636654474304 0.0198599904696147 0
-0.05577776486101191 0.01465666937653076 0
-0.03562796904254122 0.001582421288519457 0
0.01477313047194162 -0.0317074568585566 0
-0.04712149043863319 0.01065971026254549 0
0.03031285711235031 0.04131533951158675 0
0.03314489334252522 0.009586395094892758 0
-0.02989256211281073 -0.02890864357217127 0
-0.02059802519068469 0.0397501257250454 0
-0.01807127308557821 0.0318162348415201 0
-0.00504292004521003 -0.03462978846979545 0
-0.005403837914839776 -0.03535345302921391 0
-0.005006375741363703 -0.03636541146375646 0
0.02392030707112575 -0.04809435020686274 0
0.02390911254177318 -0.04877950027159961 0
0.02306802776232685 -0.04898314433544436 0
-0.01927525570665375 -0.02916657018543764 0
0.03097468372702024 -0.01624102059041393 0
-0.01104982005916554 0.03324711600076891 0
0.007378692450973424 -0.03746260674354714 0
-0.03851787743736656 0.01494786885480339 0
-0.02355671810579842 0.0252208929720548 0
0.01362416408566676 0.05188972007670121 0
-0.02887977231540003 0.04657546148952663 0
-0.02992651147930568 0.04630014081843078 0
0.03827163550697005 0.009577087082862331 0
-0.01025021278871626 -0.04026038315156626 0
-0.01772432979506412 -0.03021564724473813 0
0.01777585931635199 -0.04315127780856505 0
-0.05296576838453689 -0.02411303997502104 0
0.04587261201522082 -0.003173845088873726 0
0.04576099680089103 -0.003774629127738371 0
0.05446439395998948 0.002461191180344534 0
0.05488661678324695 0.003020728636931013 0
0.01695917052460324 -0.0306407616437703 0
0.03489734123264191 0.002226150639275374 0
-0.02784694120026219 -0.02768002349724697 0
-0.06005178672293335 -0.001665934617508591 0
-0.02417590531990404 -0.02748205722356717 0
-0.03697444095849597 -0.008385747113997854 0
0.02274301315979538 -0.05378783295063512 0
-0.02453131551634305 -0.04898352019700884 0
0.02330937530596812 0.04851313100626187 0
-2.886872438563282e-05 -0.03809102904621174 0
0.03472103258476827 0.003932584517703613 0
0.02141102611652806 -0.03842379860062746 0
0.04513148720181211 0.00137833046662676 0
0.04436629234772906 0.0002975596697492657 0
0.043731379761231 -0.001500335975236128 0
-0.03270698664689244 -0.02139448909109419 0
-0.03441813465785253 -0.02133018703618075 0
-0.02896580417020677 -0.02236533650737658 0
-0.02852522476103364 -0.02311161471315991 0
0.04935152459427195 -0.01903460927138477 0
-0.008238812433591111 0.03347985268819458 0
-0.04517639099764125 -0.003280407509849388 0
-0.04436513940024763 -0.003287534996765892 0
-0.03784974105659698 -0.005011791262984841 0
0.05177061803667557 -0.03363616347796999 0
-0.02908443528446715 -0.04622141484825108 0
-0.02249594085839065 -0.02761860185183819 0
-0.04322700419554893 0.04050756559386753 0
-0.02294928396415332 -0.04875362879142522 0
0.02209585748893364 -0.02715348677793864 0
0.02211889802669674 -0.0277884984317858 0
0.02303128973636969 -0.02809177643352452 0
0.01857338703965655 0.02964457864888552 0
-0.02143043651572111 -0.03853221314069772 0
0.05728746297470218 -0.02393884122119392 0
-0.01957214325122896 -0.02969110737853424 0
0.019657039476821 0.04474985296601611 0
0.0189199195558197 0.04527866128890652 0
0.03081833360374318 -0.02732700988882129 0
0.01977625589930444 -0.03131173860217311 0
-0.02260229736757564 0.04828015100806877 0
-0.02260406541443779 0.04908206602348238 0
-0.02801530298310888 -0.03550926825149908 0
-0.02712272025049698 -0.03734983850770211 0
0.02383855428139211 -0.04974784260182472 0
-0.03109676909550614 -0.01594505715320087 0
0.007849356944694132 0.03846198267406237 0
-0.02032460339674877 0.03872618421727905 0
0.04935659769636996 0.005150121552628712 0
-0.02864299715082479 -0.03808573169551683 0
0.009689835420173014 0.03515047812648892 0
0.03040457163557246 -0.01629062641466106 0
-0.0244294866750206 -0.02853157503791747 0
-0.008596230432497456 -0.03394821642458556 0
-0.003863956159563581 -0.03480745486096238 0
-0.06109061345245755 0.01132924333081295 0
-0.02124916209597219 0.03999428749937581 0
0.05997317452127331 -0.01709748411735223 0
-0.0158405801798934 -0.03203936241685018 0
-0.02854254889102427 0.03640052076186428 0
-0.02707970800675471 0.03647297125397442 0
-0.01615425132636546 -0.03103844973406835 0
-0.02929319166738034 0.03967859353387201 0
-0.02499175740746982 -0.03809239490387129 0
-0.05985916548942209 0.004875987747970005 0
0.0294935709563065 -0.04073619992617455 0
0.02127212721612702 -0.04740581367958641 0
-0.02212487391427093 0.03851209956622756 0
-0.04990575510961356 -0.005040077828669117 0
-0.02392354879474866 -0.03565599506419229 0
0.0449537928652802 -0.0041179182028532 0
0.04365964348733656 -0.004466548018672492 0
0.05023973219604275 0.00555667137146824 0
0.04479684516064724 -0.007151106600656887 0
0.04777181579102643 0.005092033123102736 0
0.02780708850084994 0.02037190459479721 0
-0.002056486454284289 0.03489368297948435 0
0.04414313158464496 -0.002469083280090292 0
0.0431347033133304 -0.003041570356231252 0
-0.02599354968629485 0.0378769582786164 0
-0.03467256046924815 -0.0439102837310523 0
-0.04174386312985127 0.005550770195223637 0
0.01324360189393371 -0.05695530672865699 0
0.04570724947917748 -0.004568631256327175 0
-0.02671210110968984 0.02529675103876752 0
-0.02049482507329054 -0.04592162105637799 0
0.03527769954245439 -0.02233281224596695 0
-0.04809471875898472 -0.005852158368078133 0
-0.02504817736637206 0.02693157946848731 0
0.03772953371034666 -0.003661593097992002 0
-0.02723590527968025 -0.03858959947633889 0
0.01976664179989412 0.0376812273814171 0
0.04742286531658414 0.00673355369634104 0
0.04680787269153661 0.008432556194909853 0
-0.04485635532731303 0.0004131227736586999 0
0.0550775442001389 -0.0003784313774534094 0
-0.01990015602577398 -0.04368632632627295 0
-0.0289692811040571 -0.0402084890409724 0
-0.0293940223273318 -0.03991270069096969 0
-0.02890931252944928 -0.03905523746593478 0
-0.03037159379245051 -0.03988425257397751 0
-0.03082156653167541 -0.04072556295825025 0
-0.02029982920635783 -0.04136742551280101 0
-0.03173133860001243 0.02094349360465377 0
0.02550637965935913 0.02487723622611728 0
0.004621163588073244 -0.03748530573486022 0
-0.02635289672375468 -0.02696953524599797 0
-0.0007513900744430063 -0.03498112225089015 0
-0.01677175059267123 0.03155157179613888 0
-0.02929005095086766 -0.04687511797266791 0
-0.03542130835149304 -0.008551074441082161 0
0.05021853005774151 0.02927582182653389 0
-0.03030870820977708 0.04141348780047443 0
-0.0189078278471152 -0.04474497733465711 0
0.01212150057072434 0.06125530182520227 0
-0.03991847384876999 0.01244881134273019 0
0.02733095252625907 0.03833785186665802 0
-0.01555352616439314 0.0312980996890598 0
0.01692910588194444 0.0312945711859309 0
-0.02319918287934997 0.03794255620392221 0
0.005855592243297958 0.03515609831127893 0
0.03700696047536829 0.0028296979314714 0
0.05438888656753519 0.003625501415043001 0
0.03517600550922158 -8.587383205102335e-05 0
0.04623684600370221 -0.004052855558360238 0
0.05167995523044808 0.004792256296462614 0
0.03463268837764603 -0.004532965162140999 0
0.05594994153491485 0.001197886144479805 0
-0.02439606246525235 -0.02592486132535584 0
0.06060404053557546 -0.003352746236268778 0
0.01154969872426904 -0.05419842634779629 0
0.03694263149303163 0.004904366129548938 0
0.03153209326111234 -0.01834236465438934 0
0.03449713504884779 -0.04241785419140207 0
-0.02796078579707164 0.02540431608466654 0
0.01666555858552806 0.04272773578683883 0
-0.03538429156661325 0.004651608412271704 0
-0.03620911753943722 0.006208037044365871 0
0.02033304100801648 0.046200027334179 0
0.02486684958087132 -0.0246758789690134 0
-0.02877419842233143 -0.04733243822126901 0
-0.01819581888814039 -0.05529208698511474 0
-0.03027865057391289 -0.01886414616838167 0
-0.03459631951682483 0.0513332076785789 0
-0.03232371234328411 0.04225766658967448 0
-0.03446487191227333 -0.01731310587726838 0
0.02092110646205796 0.05299867425639905 0
-0.01429631967993786 -0.06010109000489816 0
-0.01105990333699782 -0.033156656493135 0
-0.04866274027967419 0.004825440108392085 0
-0.04812894758029854 0.005231565968861289 0
0.0345741771179397 -0.005767405934659902 0
0.02828830622733017 -0.03947517484482341 0
0.03634712927883579 -0.01975989482610736 0
0.04500809182648834 0.0002138351219204591 0
-0.02230852801428495 0.03065324969951333 0
0.05431432199024162 -0.003357678843511159 0
-0.03537097652442801 0.005385337024642531 0
-0.03046430217072196 -0.04287529213799186 0
0.02055534124840294 0.03203492845290521 0
-0.0459405385998535 0.002999886028129664 0
0.02904734321023826 0.0194261992548971 0
-0.02670942695785768 0.02266857362262429 0
-0.01842032456478913 -0.04392752876765544 0
-0.01716681605322241 -0.04359985458938549 0
0.01152092972282061 -0.03488496899552376 0
0.03467969214000877 0.01786922208863747 0
0.03667393320289149 0.01746100956591798 0
0.0004532931689590403 -0.03494473695485967 0
-0.003089724223674041 -0.03896459493358841 0
0.03413753878372402 0.01248493016996179 0
-0.02933747625087399 0.04071538123838738 0
0.01610012483193089 -0.03291128616326246 0
-0.03495789504612191 0.0105213672675732 0
-0.002101937391410526 0.03784794021857708 0
0.03164637804913467 -0.03700171706980503 0
-0.05276335233407058 0.02507067658043263 0
0.04887747465346928 -0.009241091748623358 0
-0.05299868278174763 -0.005385980212729297 0
0.0349428061675453 -0.002191178987454522 0
0.003131451059538185 -0.05873363297631452 0
0.00391174651309136 -0.03531010440309282 0
-0.02859968192999145 0.02381511913358031 0
-0.02936853604477634 -0.04573865794865865 0
-0.03004577632193392 -0.04584097644972229 0
-0.03461932900078645 -0.01582908037783045 0
-0.02592908157312037 -0.03704060892955195 0
0.05096271204699498 -0.005484810378445209 0
0.02841480212521396 0.02039057232537468 0
0.02740417219717459 0.03733299813652417 0
-0.001656214537256158 -0.03577666605487945 0
-0.01989847966903689 -0.04119670220385202 0
-0.01998718524675131 -0.04033677570884433 0
-0.02010435788219773 0.03047067717583024 0
0.04601450878001521 -0.005696679657741783 0
-0.04236848129663393 -0.04065148413954914 0
0.04677489931162999 0.003799964956636442 0
-0.03352307982093118 0.01745117936011124 0
-0.03488499272915008 0.01786554786492798 0
-0.0110208233728999 -0.0337238862231123 0
0.03050882031695126 0.0438730044862965 0
0.02774535225528365 -0.05598762062855114 0
0.0159651948620912 -0.03438774977923403 0
0.0334174535506974 0.01718629006645733 0
0.02730311312442514 -0.02190846557839906 0
-0.02706811536324703 0.03740155411196747 0
0.0348761320148761 -0.003364436680591592 0
-0.0622547364610285 -0.002857029078910139 0
0.01952932004195233 -0.03001020074659405 0
0.02750671897684102 -0.04813581916226563 0
0.02193947786498629 0.04790824861401082 0
-0.05006553501393094 0.005511602682605816 0
0.03423856355584823 0.007007064583760522 0
0.01953117856245952 -0.04374340795552586 0
0.02732699563037842 -0.038304953407599 0
0.02959130307120952 0.04128534092330301 0
0.03047816545478953 0.04053812702798036 0
0.03225203083058677 -0.01347456763371244 0
0.04460064665087696 -0.001286454933720569 0
0.02080519847677369 0.03036717550792801 0
-0.0236280367031676 0.02579481269685436 0
-0.03053025288901532 -0.04220439839488413 0
-0.03136730913284042 -0.04213591922304593 0
0.02018800973237046 0.0424714609060041 0
0.02075421703263276 0.03984931849232935 0
0.02029083906763556 0.04466404609488213 0
0.03108860246043331 -0.04086036543795188 0
-0.01964101777875702 -0.04459853988714399 0
-0.02648021185648203 -0.03787256621289735 0
-0.04465455542428933 0.001351509852184792 0
0.02345039835815294 0.03804289552762648 0
0.03116873777897711 0.04421405995462355 0
0.05534292434446297 0.001139420868666603 0
-0.01968394173448334 -0.04223162132617438 0
-0.02596215589984016 0.05410191451403769 0
-0.04559288941943696 -0.004874590975981115 0
-0.03018209252387747 -0.04114614475420287 0
0.05294525459375159 -0.005608704037328173 0
0.01465011471481528 -0.04286555710709791 0
-0.01948404439616491 0.04380515851439001 0
0.03162077041188428 -0.01523144415327291 0
-0.02736088213371659 -0.02614836732477537 0
-0.03062557335347106 -0.01809105647262335 0
0.03347268694876005 0.01004276664167868 0
0.03237667137850821 0.04172515535307085 0
-0.03097164635493081 0.04569873145697827 0
-0.05254001136551446 0.004904077659165864 0
-0.05333129338970385 0.005351261329419484 0
-0.05197474650020622 0.006553875861654373 0
-0.05108107138155183 0.00726062923992206 0
-0.02705088272939464 -0.03809761877356982 0
0.04843552606449933 0.007584473639706446 0
0.0450523322780554 0.04210425485093966 0
0.03034477059410839 -0.01728259585568307 0
-0.0151555991670865 -0.03552045260436148 0
-0.00169331766109125 -0.04022415811020245 0
-0.01936375412324911 -0.04409469541355951 0
0.0544222337712108 -0.004785718002986569 0
0.06175094457671851 0.009490990415287491 0
0.02763862884579033 0.02135661054370279 0
-0.02413615686426654 0.03618815746133724 0
-0.02153401647595 0.02833443456452681 0
-0.01881759134470867 0.0448094845661916 0
-0.02828397186548529 0.01972343089725127 0
-0.04877527106997492 -0.006400143252167848 0
0.032349237147183 0.03986597269810047 0
-0.05452011236030631 -0.003291346602799007 0
-0.03085963654668242 0.01776477408440216 0
0.03320109338985665 -0.01110207152593514 0
-0.02460490285789098 -0.03744958537134781 0
0.05072086445313221 -0.006123099967528079 0
0.02841320913038592 -0.02167811504587026 0
-0.02965697064366171 -0.03831370509094681 0
-0.02935516650876435 -0.03678368982371621 0
0.03204233729602919 0.04385225080465213 0
0.03047069599412254 -0.04480418801730693 0
0.03085041221601585 -0.0454814660485782 0
0.03521433945522942 0.005606678602701368 0
0.04368985834670517 0.003135561614347272 0
-0.0351126167684483 0.00672595601402252 0
-0.03558298681554028 0.0004181427673048716 0
-0.03657123135920611 -6.698030609246683e-05 0
-0.03577664352316556 -0.001004942596966464 0
-0.03297460292167274 0.0473712581549986 0
-0.05846044846218675 -0.02217911431181151 0
-0.0298512776011985 0.04455676032368281 0
0.00898691469462781 -0.03377682511502046 0
0.03562593988365874 0.008261718002976464 0
0.02037542297605318 -0.04184462037286699 0
0.02008767173896028 -0.04230593806932498 0
-0.03359668394688896 -0.0119470953885816 0
0.03272931473301233 -0.02212943180124636 0
0.05830354436775945 0.006234675033211098 0
0.04423480155951737 0.03806032931822348 0
0.02878532902993721 0.03833244931560742 0
-0.02514461199381054 0.03832985352565619 0
-0.02584160914012592 -0.04871999105653904 0
-0.02648707949928643 -0.04882848634680476 0
-0.02744480331141693 -0.04821440268016244 0
-0.05498230558335721 -0.00197538949338196 0
0.05572620092031383 -6.922210105820451e-05 0
0.03349466518897238 -0.0396264792768958 0
0.006391645584547967 0.03500193099703486 0
0.03002346277796382 -0.0438271793885424 0
0.02870875389073759 0.03733000035471438 0
0.02946897097019527 -0.0188737009485997 0
-0.0243445877049555 0.02903935398572357 0
-0.01042941798406752 0.06158626119260046 0
-0.01768769483113571 -0.04617241790739552 0
0.04660107054038041 0.00582212241705381 0
0.0301184839916438 -0.03534414896988899 0
-0.04596282109381519 0.04202579787394494 0
0.03485251832422953 0.00283142961815314 0
0.05030979199649241 0.01507038032855258 0
-0.01447226959363965 0.03180185650628897 0
0.02320167136168358 -0.03754187763586787 0
-0.02033534133903955 -0.04644568737902002 0
-0.01312266529696062 -0.03333639438147303 0
0.02246533944611632 -0.02674226841679393 0
-0.03039268337426035 0.04437047622557613 0
0.02172695284215433 -0.03951711575702521 0
-0.0560087753232917 -0.007936076481223249 0
-0.03561920043632011 -0.003000389938343486 0
0.02095303161100665 -0.04606044651782806 0
0.02463396740040294 -0.03841690459173803 0
0.0152621518874089 0.03213230202916358 0
0.04542453238874725 -0.008829710479083971 0
-0.05159838522479585 -0.004932920174602205 0
0.04837184901009946 -0.005264063090689663 0
-0.02982471248266058 0.04015528603599271 0
0.0301386987428663 -0.02357452417169021 0
0.01878116167723672 0.04183969439094656 0
0.0007987330230490761 0.03788634712998121 0
0.002137865286274324 0.03898472898877911 0
-0.03237899475428598 0.01489598232394803 0
0.01958229663403303 0.04215948241791422 0
-0.05547429558088873 -0.001529298060301033 0
0.009077818768130701 -0.03891573000069752 0
0.02652863001625762 0.04954551419834216 0
-0.02223718408933866 0.03753838667421781 0
0.0474082356355602 -0.01377983327437628 0
-0.03057087891255932 0.04695398652269157 0
0.0431696570717369 0.0003205820803613767 0
-0.01718642355222347 0.0304109730388899 0
-0.02215370729285509 -0.02823613584178272 0
-0.02914413553547503 0.01940455505225055 0
-0.01294535086023271 0.03520052204238418 0
-0.01408596197037662 0.03671830742192404 0
0.02567700570870638 -0.04886647197885279 0
0.03550207647717812 0.01629813287598989 0
0.01087770562907177 -0.03762099901839079 0
0.02058283873012888 0.02819517486678635 0
-0.02193192865415737 -0.03884378550770481 0
-0.005665924948720598 0.03898099708074663 0
-0.01745368279589716 0.04057620385612748 0
-0.01637643982744651 0.03971616378169542 0
-0.02201335156193142 -0.05053571879864094 0
-0.04489412865233192 0.002547374041372043 0
-0.01799774614529081 0.04755780867265716 0
-0.02451457877364279 -0.02490851469001172 0
0.03674664530034041 -0.05090319594345352 0
-0.02036734091544169 0.04608830449447705 0
0.01891865773979294 -0.04560359572369644 0
-0.04287434221606499 -0.001252382278360647 0
-0.007585092396245469 -0.03476821489856394 0
0.04732919783899696 -0.008345968122724859 0
-0.03745950370132814 -0.01040660298876307 0
0.02362314339617629 -0.02657631973097852 0
0.02431443378380371 -0.02697073214094555 0
0.01561470632983829 -0.04566531744115335 0
-0.05439976707453133 0.00654819781726335 0
0.03247295342649855 -0.01451726243137992 0
0.04986866656324906 0.008458062515395466 0
0.05084509261774625 0.007292551931147384 0
-0.0333651090619824 0.02048203937972665 0
-0.03483026179040948 0.02201862242975544 0
-0.004109822750293485 -0.03755649864014696 0
-0.02355843834606448 0.03838977666294424 0
-0.02996592489821484 -0.04219496800055297 0
-0.03031424903803513 0.05113276138255194 0
0.03764001917523447 -0.006556844748617352 0
0.05616617722702844 0.0004690386423766503 0
-0.04463675314881903 -0.009191955043646569 0
-0.04684766316840144 -0.008175429442538872 0
-0.04898737202703469 -0.009168041628281144 0
0.04902541970628735 -0.005427591190606543 0
0.01530951498460936 0.03278971537996765 0
0.0162594045081163 0.03329695903968728 0
0.03005587031907164 0.02290675761488783 0
-0.04419111029432993 0.002392136258180511 0
-0.003425922958058536 0.03738084621951084 0
-0.03471328810717375 0.01545128190773075 0
-0.03577124690429481 0.01437340983151809 0
-0.006679462658247571 0.03597440539069994 0
0.01434160936737436 -0.03278559670627149 0
0.02224321445590122 -0.04969859846373297 0
-0.03453807113091045 0.01352707300685361 0
0.02596605101641362 -0.02431741288212098 0
-0.03088523652547858 -0.03876435450504552 0
0.06255991323965712 0.001281810060111687 0
-0.02922630302757339 -0.01929648834242655 0
0.01114963368215464 -0.03395597098817593 0
-0.03679836200305464 -0.007254114978347361 0
-0.03566423908377318 0.002416593812924727 0
-0.03601785664817835 0.004106727362225357 0
0.02022955685185975 0.04746864012013621 0
0.03163434853822231 0.0427550696112895 0
0.04966646993302617 0.005704369924622026 0
0.02416761625062431 0.04883691096740065 0
0.03190191399559288 0.02296992449847516 0
-0.003306704606721697 -0.03477730498105731 0
0.05391285774270481 -0.005855649817887274 0
-0.01736507507501584 -0.0423582527870224 0
-0.05383602154514813 0.008153001924482664 0
0.01903845695443064 0.04623582874120309 0
-0.03352214032866248 -0.04664493066457272 0
-0.01921243218577867 0.03864151613835157 0
-0.04322700434635112 -0.005342877477005605 0
-0.02198834988938358 0.04795147901952742 0
-0.0382668109157064 -0.01736611350392727 0
-0.04677509709381744 -0.003771312706016552 0
-0.02703772605444298 0.02221853868887371 0
0.03683966176765952 0.01330533752229069 0
-0.005034449063217206 0.03457088150201251 0
-0.05355255282382221 -0.004094384585666448 0
-0.05106598420146224 0.009089500984014698 0
-0.0440181435802673 -0.001769873135227791 0
0.04833445237061557 -0.004682754189825522 0
-0.03176079131718063 -0.01485607025348328 0
0.006742892657221889 -0.03621457847744738 0
-0.03376179333682518 -0.01857024245398034 0
-0.008050752404149696 -0.03395874246373397 0
-0.02069849426588721 0.04665615838557013 0
-0.04498692065580291 -0.005917458209425993 0
0.0369113147049404 0.00369450864969468 0
0.02049124012665036 -0.04140509739595429 0
-0.05561488397633289 0.0008018144690653605 0
0.03677008503105589 -0.01595368118638645 0
0.01214227079924875 -0.03594652977253094 0
0.005530879819950881 0.03838618343402825 0
-0.03028634554438951 -0.04453346038442418 0
0.03361319098946129 0.01427360555118761 0
0.01178380878130011 0.03585183652781422 0
-0.02129727226258289 0.04818539571492422 0
0.05297225649450611 -0.004430130635648581 0
-0.03397144896032198 0.01081175398496992 0
-0.03052133421454137 -0.04991398620496021 0
-0.02086397130491884 -0.02898932103044638 0
0.033277098390274 -0.01310142050827321 0
-0.04835828308992787 -0.005233997602124081 0
-0.02090194819078326 0.03261190541292335 0
-0.04753932914831641 -0.006816496954472602 0
-0.02852825527834928 0.04874686646366835 0
-0.05298821717356105 -0.004638751413715189 0
0.02511806961330863 -0.03835821074713192 0
0.02066388100505188 -0.0456627100766344 0
0.02671850201436691 0.02345753481753777 0
0.01762604732757555 -0.03835540831971126 0
-0.03364341659068412 0.01134409017716582 0
-0.03101164768221053 -0.04480339697706712 0
-0.004938433633381275 0.04125921376269025 0
-0.01332573605305428 -0.03228066653814011 0
0.003044499195636321 0.03784404868938761 0
0.02792528304816107 0.05572979773693392 0
-0.05206244093232242 0.004520065734146487 0
0.02215136230652585 0.02779990878149929 0
0.02783145385356629 -0.03022601292790111 0
0.02897295892105651 -0.02852009686706867 0
0.02993083765283425 0.05188584914328515 0
-0.02401234958004266 -0.04977395282655388 0
-0.008981544421118629 0.0367266918205538 0
-0.01081277254566483 0.03766781481359857 0
0.02084095270458466 0.05560926155210433 0
0.05444489874782857 0.004554071498885663 0
0.05544965424749138 0.005018937093495025 0
0.04348414045367977 0.005839184179219186 0
0.02727674010058156 0.04909309814500137 0
0.04150455096245015 0.001653756465467129 0
0.02264764033608498 -0.03919101260708499 0
0.0256406765849157 0.03836903628140742 0
-0.02293987791287274 0.03646172122173946 0
-0.03141264730404347 -0.02251425586854764 0
-0.0374694461060418 -0.002345586853035174 0
-0.02046629836461675 0.04184371613912208 0
0.03466497882551604 -0.005088462931514199 0
-0.02507219357905013 0.04970415268022771 0
-0.02932098915514783 0.05263042788912572 0
-0.02739950784463712 0.0216852007347976 0
0.01835997971317536 0.04010639355850828 0
-0.05978562080802487 0.0188224931483338 0
-0.02208693864154316 -0.03930559135753042 0
-0.01427114530146663 -0.05083568415403327 0
0.03672125568674764 -0.007802977470652578 0
0.03729448439643965 0.0005822648544926203 0
-0.002228107183964503 0.03533504255155018 0
-0.04305866908355395 0.008804596934914716 0
-0.02623647367431058 0.02772745969814965 0
-0.04742702615093893 0.02836831787765426 0
-0.04068631795728925 0.00983584673166246 0
-0.02132032757034492 -0.03087285010422228 0
0.01774176619032236 -0.03268425498900011 0
0.03390016890404197 -0.01268539628824818 0
-0.00138158227131 0.03943151518748524 0
0.03461281171945679 0.004525397081869146 0
0.03105316422962147 0.01615142719272714 0
-0.01153017103714471 -0.03289946767531434 0
0.04539459859591369 0.001944922161026121 0
0.05226399349708151 0.004449662770806519 0
0.03197448428689262 -0.01585077286744112 0
0.026339298534044 -0.04883641067472787 0
-0.02340010543479012 -0.04845899616007565 0
-0.03051575502394543 -0.03615002195210027 0
0.02921890662376732 0.04725634567613025 0
0.005172784944630336 0.04011236142163994 0
-0.02790419335541375 0.02181612012276278 0
-0.02744808225371734 0.05036899187309321 0
0.02637420125942399 -0.04812603233061244 0
-0.05660614416044772 -0.01660531983457959 0
0.02706468243483174 0.02615751240310526 0
0.0283758012414021 0.0271741980362118 0
0.03107764352663449 -0.03318551513974483 0
0.03071604708534969 0.03817305948335077 0
0.03453849213940252 -0.01874208424170305 0
0.01821514304784107 0.03223949381650551 0
-0.05117433377457291 -0.008921998074711269 0
0.04237746630757388 -0.04605317132999838 0
-0.01852641061796172 -0.04807363847926008 0
0.02471475590281145 -0.03295135077576802 0
-0.04850368170866679 0.007822222582141948 0
-0.02805292968025081 -0.0506884611643836 0
-0.04322854073198671 -0.003471986794647767 0
-0.02577873126172766 0.0486458699105954 0
0.02911430574369739 0.04666218917167873 0
0.03357996223256254 0.02458335498583869 0
-0.0215712231997117 0.03892160779687676 0
-0.02101756968440768 0.0390695008821104 0
0.004187070928283262 0.0374410145606995 0
-0.02434260072569679 0.05356372981215558 0
-0.02101687635466234 -0.04775491821944075 0
-0.03749484333317211 0.005311545893176245 0
0.03134878112854458 -0.02132023006395002 0
-0.05233327670283722 0.00783727249107875 0
-0.03941110682375386 0.03231219166427053 0
-0.04322219019524149 0.00247769482067401 0
-0.02659106046083252 0.02454314989135344 0
0.01371918555956427 -0.03527002213872008 0
0.05045775955332246 -0.03058419770180063 0
0.01122607421742924 0.03715711801658979 0
-0.0278628752740407 0.03906081403695508 0
-0.02835994763363437 0.0387478405758372 0
-0.04781648567416245 0.005951241050098702 0
0.02590764623404803 0.03364383990732128 0
-0.02272197497198925 -0.0477179987685812 0
-0.02993143185485711 0.0435147348342841 0
0.03323978811821966 -0.01053326121898961 0
0.03339104984776498 -0.010108983731663 0
0.0058779761963016 -0.03828494141568407 0
0.02168775626211522 0.0469900036568943 0
0.02344546201162518 0.04799550917203934 0
0.03010010727061169 0.02619694003787436 0
0.02529897873043271 -0.04954259750852989 0
0.02564973462262067 -0.05055435221766932 0
-0.05800210534020231 0.01227689814394008 0
0.0279826353020272 0.02439830830035299 0
-0.02418122584496745 0.04819075048198599 0
0.0300361962601298 0.05028343765606348 0
0.002506242448606078 -0.04176765163626098 0
-0.04861205510035736 -0.01118159184321411 0
0.05484616156489232 -0.009508069424224448 0
-0.02914597997833463 0.04740533118858803 0
-0.04711871980212794 0.004063250382427503 0
0.02704764306662816 0.03881015451513811 0
-0.02816643967849529 0.02816935342732934 0
0.05470128613723026 0.006796593941031488 0
0.02149162651979197 0.03651531331000151 0
-0.02107930045926348 -0.02978121891205334 0
0.03409064960722005 0.04218104116425968 0
-0.02076750777589647 0.03728739426496615 0
0.01326873410752256 0.03590353627478574 0
0.03422263367418774 -0.03751161983226497 0
0.0243510134372575 -0.02805820055048717 0
-0.05150470001868879 0.01107604990944013 0
0.01504544627419712 0.04372207936335978 0
-0.03792000547343797 -0.0009564960152100425 0
-0.03622341829677094 0.04326503308454889 0
0.03630188175661116 0.04743049308950501 0
-0.01582682598065461 0.05479686434398385 0
0.02504092532882188 -0.04880153706375433 0
-0.03908425581018546 -0.005728597115646161 0
-0.02291547153108719 -0.03862014769017051 0
-0.008001319205381769 0.03403897023367164 0
-0.02249343759871571 -0.02916286099286145 0
-0.01165264416213929 0.03545746446939405 0
0.01709621869682714 0.03196550133408183 0
0.05261621409499825 0.007853117062588238 0
0.00689762149484914 0.05879398287095568 0
0.05863932663934621 -0.01055601824882015 0
0.05040331885224976 0.00627149781819085 0
0.01893079634773108 -0.03096694016124765 0
0.02993814216203618 0.04279115014020141 0
-0.02561459278788509 0.0293879037772534 0
0.02260335592834261 0.02974195139855552 0
0.02346855613605681 -0.0380230513234305 0
0.02457649922290995 0.03437787517676272 0
-0.01863582839255697 -0.03698900096654503 0
-0.02778898638085751 -0.04865744286185706 0
-0.01596269378381071 0.04603492197638479 0
-0.02906308457032247 -0.04525855663041667 0
-0.005898732547482553 -0.03943992067862311 0
-0.04394035672638815 -0.001027433054596664 0
-0.03160339155991242 -0.02426888607037537 0
0.02917933600654606 -0.02060386386792825 0
-0.0349536568458706 0.0483489402590412 0
-0.03698790297380264 -0.03768129522172665 0
-0.01597046615609047 0.03598212582998466 0
-0.01860917274285817 -0.04670929815490565 0
-0.008141925641835841 0.03860628112749816 0
-0.02984397290082833 -0.02177656953603508 0
0.01866538210931248 0.03123935045286711 0
0.02875047676122443 -0.03660844849429138 0
0.028420496384306 -0.03524094295931644 0
0.0310427328298025 0.04490667668386362 0
0.02046696448965278 -0.05575583852728425 0
-0.03550140492378184 -0.001558900454789075 0
-0.01179262865527604 0.03443797932346868 0
-0.03132011635835506 -0.0155646378929893 0
-0.03162494781686072 -0.01603857831645766 0
-0.02646156353590821 0.03531031410820217 0
0.05606515329734187 0.002160625342125607 0
-0.02905601621826791 -0.0264164334539101 0
0.02860479008553501 0.04746267924926612 0
-0.01526567630913338 0.04330049211252271 0
0.02472976476635179 0.04946517434075363 0
0.02433429224733348 -0.036630712699078 0
0.01640793331146303 -0.03079504165672294 0
-0.03183271910467297 0.01601366125794415 0
-0.02634925265179024 0.03424185917653118 0
-0.02423879167332425 -0.04843089212855311 0
-0.03211207466491806 0.0139063719099319 0
0.01728521544049458 -0.04935855184672075 0
-0.02997798971973661 -0.04712004409803407 0
-0.03209980016689815 -0.04261561252733848 0
-0.006338091723717027 -0.04138208721272441 0
-0.01684219229526869 0.03275294569745192 0
-0.0228240597186508 -0.03795840121869874 0
-0.03683977674364468 0.004007892062645673 0
0.03298185349503449 0.04944830877392302 0
-0.03724643229341131 0.001229707651349897 0
-0.01762315898464046 0.04377169501404991 0
0.02604957689562212 -0.02328469753056901 0
-0.02725252745571233 -0.04779403713661449 0
0.02443804132496538 -0.03791965381521088 0
0.02075080211716358 -0.04652602203837378 0
-0.02337873130311462 0.0493408878160029 0
-0.0165499072365912 -0.04129266438898214 0
-0.01042328247277632 0.03919689721982804 0
0.02340297572483643 0.02590733499326164 0
0.01871723256708294 -0.04286905204854081 0
0.03719322368709954 0.006577548723435547 0
-0.01499504082303432 -0.0315166027888546 0
0.02995343164822926 -0.04229828234539293 0
-0.02015334739493256 0.03167764290705371 0
-0.0003327889522745406 0.03560798460783228 0
0.02927427054817366 0.04074538844779639 0
-0.02679989213355637 -0.05338789474424585 0
-0.03822041203311096 -0.003429263591606208 0
-0.03621711087464692 -0.003714557891394109 0
-0.002081314692690274 -0.03639065871808356 0
-0.04014324911896221 -0.04270298663746608 0
0.03572008521360887 -0.005997812532508093 0
0.03668497536438375 -0.005898421852850522 0
-0.04935683591786457 0.03794621572043968 0
0.03501049302248187 -0.006060852496394757 0
0.05588933564527434 0.003078793619095335 0
-0.01635633880854192 -0.03252968596096372 0
0.04234672189669245 -0.0008168085342648752 0
0.02635696459528214 0.03726858969663688 0
0.03101578421537465 0.05419038093639354 0
-0.02404110150082223 0.04997503625781354 0
-0.01808072033139569 0.03324401267962689 0
0.02847591295269267 -0.03874168012686047 0
-0.03023864000487456 -0.04513108297058298 0
0.01912343180245584 -0.02930585129832517 0
-0.02033775153126578 -0.05010031136791414 0
0.0009571898627953137 0.06276130356344861 0
-0.04281456469326278 0.006829785954782017 0
0.01474058066467648 -0.034538069583809 0
0.05028714611301435 -0.004675934183474249 0
-0.03679037933521424 0.007639767737805195 0
0.01236129403559812 -0.03320481030983438 0
0.02377242347592855 -0.05055316858743085 0
0.05244498629647297 -0.0170231258777469 0
-0.04519978876062994 0.003097182004842457 0
-0.03125745944358395 0.02516412522095153 0
-0.01286701431779019 -0.05361831110619543 0
0.02349172257694808 0.04923706760587276 0
0.02109625077745526 0.05120304753465093 0
-0.03055812252352199 -0.04344134635009395 0
-0.03131283114447429 -0.04369440489385599 0
-0.03436095844555386 0.009026804760984197 0
-0.03106047790897923 0.04108273674662299 0
-0.04940060025359669 -0.005877060644066068 0
0.02655414207130292 0.04804494396029506 0
0.02117459287078421 -0.03112513005476216 0
0.03107064785838367 0.01881576888453303 0
0.05254506489617415 0.0343551808504321 0
-0.01076404677509883 0.03398748291264642 0
0.05561583541393886 -0.004666320885684882 0
-0.01405180796848903 0.04491761888288132 0
0.006316445953891524 -0.05901321605931494 0
0.01955396450637942 -0.03280555129134481 0
0.03751225263507182 -0.0091646301746523 0
0.02260948940741022 0.03913411358704072 0
0.02904629897519811 -0.04719242745520828 0
-0.03285922254383901 0.02386559345215552 0
-0.05627799159800623 0.0009095921135892553 0
-0.02097594366796697 0.05553094805718858 0
-0.03613066758757638 0.009794180977680369 0
0.02930096304857212 0.03879805801532446 0
-0.05533055936006102 0.001732934488175134 0
0.03469372554047857 0.003368879513767237 0
0.03559929751489119 -0.007190680422326759 0
0.0229634959684486 -0.02954031369617328 0
-0.05201443244647355 -0.005190715481522825 0
-0.02156700451315961 0.04698588337780864 0
-0.04767061021959258 0.004837027719972758 0
-0.02241052738447585 -0.03731845731876413 0
-0.01954111974790641 -0.0323136686309631 0
-0.004542928143046765 -0.03891736596032731 0
0.01430204259991693 -0.04452220202131128 0
0.01908165123783128 -0.04032754481153411 0
0.0296623256241014 0.04607197600651274 0
-0.04239681501333611 0.03028512146535846 0
0.004145889308646004 0.03465656916173335 0
-0.05759706803435438 -0.003738510305813715 0
0.01603157615480786 -0.0566069930416753 0
-0.04716050887964551 0.004764777224399296 0
-0.02025889250679823 0.04257660646875869 0
-0.01322246216844494 0.04997626881683248 0
-0.0104845267188713 -0.03829244697026329 0
-0.01521039526685243 -0.05658596951282172 0
0.002712954583240991 0.03553493708524252 0
0.02525678761541129 0.03759922269112176 0
0.05154420282403389 -0.00657607175864371 0
0.0352942631061952 -0.009685426952837336 0
-0.04916551735527928 -0.004331897596738197 0
0.02080144670006583 0.04468597153082485 0
0.02061643479087454 0.04272715898468901 0
0.0491464863926614 0.004330073735998177 0
-0.02183587113841012 0.04021529653609932 0
0.02389235157787079 -0.04757019026760399 0
-0.02860386966597642 0.02666094762005767 0
-0.02583659533113739 -0.05192920881042218 0
0.05573476247520649 -0.02095263175391905 0
-0.04526779891583078 -0.007408745146457109 0
-0.05092013675526039 0.02977943835117047 0
0.04998904981595148 -0.004990706150337394 0
0.0326838854058653 -0.01228052165451352 0
-0.02843815419297265 0.02022528868926151 0
-0.04409365901552388 -0.002556525734166922 0
0.008379398944990461 -0.03457206815442981 0
0.0187590359924131 -0.04738376456382956 0
0.01807635201821719 0.04468942535840452 0
-0.03210349083175258 0.05094657902833493 0
0.04156580178467224 0.04640240739657338 0
-0.01718781539028875 -0.03036628918047899 0
0.05386431855819093 0.005316004380728318 0
-0.02373994600485462 0.0379162262838891 0
-0.02581981424929947 -0.02898842502219321 0
-0.04890315232729471 0.009328688894364123 0
0.01358156950602202 0.03290029034214362 0
-0.03230797763487575 0.04422728281850484 0
0.02582264207099363 -0.02667601281360645 0
-0.03546960053058983 0.01188998801077599 0
-0.02512562237568075 0.03509418636982479 0
-0.0427741507641647 0.001378796125007314 0
-0.03670390553652786 0.03413200439707575 0
-0.06005503789099605 0.002877297384721862 0
0.02382900330901256 0.0262759052440138 0
0.01873109178328439 -0.04984622523744395 0
-0.01933552024488921 0.04017734636387041 0
0.02262178440096554 -0.03586557278951338 0
-0.01832601453016642 0.05037993685662725 0
0.001653404278572451 0.03553452039536248 0
-0.03182234187797175 -0.01681177867152235 0
-0.01635664586966012 -0.04622716215637609 0
0.03115655161093742 0.04570238664732201 0
-0.03243394488481646 0.01309298367589015 0
0.02760343626166144 0.03316841720265826 0
0.02702852639843963 -0.02404346881127639 0
0.003974461105276487 -0.03669089744275558 0
2 12 0 1025
5243
5244
5245
5246
5247
5248
5249
5250
5251
5252
5253
5254
5255
5256
5257
5258
5259
5260
5261
5262
5263
5264
5265
5266
5267
5268
5269
5270
5271
5272
5273
5274
5275
5276
5277
5278
5279
5280
5281
5282
5283
5284
5285
5286
5287
5288
5289
5290
5291
5292
5293
5294
5295
5296
5297
5298
5299
5300
5301
5302
5303
5304
5305
5306
5307
5308
5309
5310
5311
5312
5313
5314
5315
5316
5317
5318
5319
5320
5321
5322
5323
5324
5325
5326
5327
5328
5329
5330
5331
5332
5333
5334
5335
5336
5337
5338
5339
5340
5341
5342
5343
5344
5345
5346
5347
5348
5349
5350
5351
5352
5353
5354
5355
5356
5357
5358
5359
5360
5361
5362
5363
5364
5365
5366
5367
5368
5369
5370
5371
5372
5373
5374
5375
5376
5377
5378
5379
5380
5381
5382
5383
5384
5385
5386
5387
5388
5389
5390
5391
5392
5393
5394
5395
5396
5397
5398
5399
5400
5401
5402
5403
5404
5405
5406
5407
5408
5409
5410
5411
5412
5413
5414
5415
5416
5417
5418
5419
5420
5421
5422
5423
5424
5425
5426
5427
5428
5429
5430
5431
5432
5433
5434
5435
5436
5437
5438
5439
5440
5441
5442
5443
5444
5445
5446
5447
5448
5449
5450
5451
5452
5453
5454
5455
5456
5457
5458
5459
5460
5461
5462
5463
5464
5465
5466
5467
5468
5469
5470
5471
5472
5473
5474
5475
5476
5477
5478
5479
5480
5481
5482
5483
5484
5485
5486
5487
5488
5489
5490
5491
5492
5493
5494
5495
5496
5497
5498
5499
5500
5501
5502
5503
5504
5505
5506
5507
5508
5509
5510
5511
5512
5513
5514
5515
5516
5517
5518
5519
5520
5521
5522
5523
5524
5525
5526
5527
5528
5529
5530
5531
5532
5533
5534
5535
5536
5537
5538
5539
5540
5541
5542
5543
5544
5545
5546
5547
5548
5549
5550
5551
5552
5553
5554
5555
5556
5557
5558
5559
5560
5561
5562
5563
5564
5565
5566
5567
5568
5569
5570
5571
5572
5573
5574
5575
5576
5577
5578
5579
5580
5581
5582
5583
5584
5585
5586
5587
5588
5589
5590
5591
5592
5593
5594
5595
5596
5597
5598
5599
5600
5601
5602
5603
5604
5605
5606
5607
5608
5609
5610
5611
5612
5613
5614
5615
5616
5617
5618
5619
5620
5621
5622
5623
5624
5625
5626
5627
5628
5629
5630
5631
5632
5633
5634
5635
5636
5637
5638
5639
5640
5641
5642
5643
5644
5645
5646
5647
5648
5649
5650
5651
5652
5653
5654
5655
5656
5657
5658
5659
5660
5661
5662
5663
5664
5665
5666
5667
5668
5669
5670
5671
5672
5673
5674
5675
5676
5677
5678
5679
5680
5681
5682
5683
5684
5685
5686
5687
5688
5689
5690
5691
5692
5693
5694
5695
5696
5697
5698
5699
5700
5701
5702
5703
5704
5705
5706
5707
5708
5709
5710
5711
5712
5713
5714
5715
5716
5717
5718
5719
5720
5721
5722
5723
5724
5725
5726
5727
5728
5729
5730
5731
5732
5733
5734
5735
5736
5737
5738
5739
5740
5741
5742
5743
5744
5745
5746
5747
5748
5749
5750
5751
5752
5753
5754
5755
5756
5757
5758
5759
5760
5761
5762
5763
5764
5765
5766
5767
5768
5769
5770
5771
5772
5773
5774
5775
5776
5777
5778
5779
5780
5781
5782
5783
5784
5785
5786
5787
5788
5789
5790
5791
5792
5793
5794
5795
5796
5797
5798
5799
5800
5801
5802
5803
5804
5805
5806
5807
5808
5809
5810
5811
5812
5813
5814
5815
5816
5817
5818
5819
5820
5821
5822
5823
5824
5825
5826
5827
5828
5829
5830
5831
5832
5833
5834
5835
5836
5837
5838
5839
5840
5841
5842
5843
5844
5845
5846
5847
5848
5849
5850
5851
5852
5853
5854
5855
5856
5857
5858
5859
5860
5861
5862
5863
5864
5865
5866
5867
5868
5869
5870
5871
5872
5873
5874
5875
5876
5877
5878
5879
5880
5881
5882
5883
5884
5885
5886
5887
5888
5889
5890
5891
5892
5893
5894
5895
5896
5897
5898
5899
5900
5901
5902
5903
5904
5905
5906
5907
5908
5909
5910
5911
5912
5913
5914
5915
5916
5917
5918
5919
5920
5921
5922
5923
5924
5925
5926
5927
5928
5929
5930
5931
5932
5933
5934
5935
5936
5937
5938
5939
5940
5941
5942
5943
5944
5945
5946
5947
5948
5949
5950
5951
5952
5953
5954
5955
5956
5957
5958
5959
5960
5961
5962
5963
5964
5965
5966
5967
5968
5969
5970
5971
5972
5973
5974
5975
5976
5977
5978
5979
5980
5981
5982
5983
5984
5985
5986
5987
5988
5989
5990
5991
5992
5993
5994
5995
5996
5997
5998
5999
6000
6001
6002
6003
6004
6005
6006
6007
6008
6009
6010
6011
6012
6013
6014
6015
6016
6017
6018
6019
6020
6021
6022
6023
6024
6025
6026
6027
6028
6029
6030
6031
6032
6033
6034
6035
6036
6037
6038
6039
6040
6041
6042
6043
6044
6045
6046
6047
6048
6049
6050
6051
6052
6053
6054
6055
6056
6057
6058
6059
6060
6061
6062
6063
6064
6065
6066
6067
6068
6069
6070
6071
6072
6073
6074
6075
6076
6077
6078
6079
6080
6081
6082
6083
6084
6085
6086
6087
6088
6089
6090
6091
6092
6093
6094
6095
6096
6097
6098
6099
6100
6101
6102
6103
6104
6105
6106
6107
6108
6109
6110
6111
6112
6113
6114
6115
6116
6117
6118
6119
6120
6121
6122
6123
6124
6125
6126
6127
6128
6129
6130
6131
6132
6133
6134
6135
6136
6137
6138
6139
6140
6141
6142
6143
6144
6145
6146
6147
6148
6149
6150
6151
6152
6153
6154
6155
6156
6157
6158
6159
6160
6161
6162
6163
6164
6165
6166
6167
6168
6169
6170
6171
6172
6173
6174
6175
6176
6177
6178
6179
6180
6181
6182
6183
6184
6185
6186
6187
6188
6189
6190
6191
6192
6193
6194
6195
6196
6197
6198
6199
6200
6201
6202
6203
6204
6205
6206
6207
6208
6209
6210
6211
6212
6213
6214
6215
6216
6217
6218
6219
6220
6221
6222
6223
6224
6225
6226
6227
6228
6229
6230
6231
6232
6233
6234
6235
6236
6237
6238
6239
6240
6241
6242
6243
6244
6245
6246
6247
6248
6249
6250
6251
6252
6253
6254
6255
6256
6257
6258
6259
6260
6261
6262
6263
6264
6265
6266
6267
0.02043166093695057 -0.02653100814634177 0
0.02043171236206093 0.0265287558439972 0
-0.03311847667343269 0.004996153001683643 0
-0.03311932579908308 -0.004997045662048846 0
0.01170407614582054 -0.03138322581916873 0
0.01170197625673426 0.03137892658273675 0
0.02734824581648913 0.01932831720041234 0
0.02734759417253241 -0.01932926294863426 0
-0.03017212685761224 0.01453911806306011 0
-0.03017053062501528 -0.01453445781811199 0
0.03183513630041729 -0.01040507745570543 0
0.0318361604532436 0.01040204034486671 0
0.001927709285757621 -0.03343687359868685 0
0.001927709285759203 0.03343687359868656 0
-0.008020312221161358 -0.0325179903080374 0
-0.008018801844161649 0.03251831093870262 0
-0.0245444833858676 0.02278768324839487 0
-0.02454593741297215 -0.02278682360128112 0
-0.01724791064152427 -0.0287086741764927 0
-0.0172472480871178 0.02870830328948814 0
-0.01620802953768298 0.02930427558876567 0
-0.01621725894250128 -0.02930434712749355 0
0.03344641072608708 0.001763525705898237 0
0.03344089091384746 -0.00175461259934144 0
-0.02534435432193411 -0.02188848566073865 0
-0.02534244372502256 0.02189788599150689 0
-0.006845480308101015 0.03279935360904994 0
-0.006856896907736631 -0.03279768349174942 0
0.00313228253998752 0.03335965592560604 0
0.003129160229238888 -0.03335853948150517 0
0.03146257299236438 0.01154059326100128 0
0.03146289170483545 -0.01154521789318546 0
-0.03068986955805708 -0.0134469692940226 0
-0.03068592415766751 0.01345869499343802 0
0.02664883296360332 -0.02031122236122924 0
0.02665734994782711 0.02030198305737132 0
0.01282447418898108 0.03096434332605103 0
0.01282263765463679 -0.03096301299531298 0
-0.03329099705412983 -0.003800062830821963 0
-0.03328836742907341 0.003803479104451892 0
0.02136755067860362 0.02579162143832426 0
0.02135419012010626 -0.02579571317531924 0
0.0194752260019442 -0.02726386866688516 0
0.01948753790461798 0.02725980501567494 0
-0.03293922128535772 0.006178242123238275 0
-0.03293869696254133 -0.006178877837041197 0
0.01056776573859241 -0.03179758175495849 0
0.0105817765364805 0.03179531522903996 0
0.02803656000514342 0.01834175246135381 0
0.02802270273184044 -0.01833649044641281 0
-0.02963653945960207 0.01560189360050479 0
-0.02963955801979904 -0.0155999769209392 0
0.03220503839165299 -0.009255898704671431 0
0.03220466038318391 0.00925419362072223 0
0.0007317412461235723 -0.03350766974895432 0
0.0007334648173717555 0.03350591786178904 0
-0.009185966601317376 -0.03222058656557574 0
-0.009168313025252901 0.03221464226190957 0
-0.02371945741453859 0.02366241230956368 0
-0.02371043150107488 -0.02364890876900845 0
-0.01828011465902792 -0.02807856939833593 0
-0.01826732203194825 0.02806681115025227 0
-0.01462436588851716 0.02902919675625528 0
-0.01462202667244492 -0.02902751547958921 0
0.03236842030861379 0.002956330812924724 0
0.03236914551427599 -0.002958083467086846 0
-0.02540345028550573 -0.02027693394104151 0
-0.02540031978236191 0.02027846880200438 0
-0.005404414846921555 0.03205208939964301 0
-0.00540878567475882 -0.03204894774075026 0
0.004290828499651478 0.03221999628451719 0
0.004285724757452894 -0.0322182837920436 0
0.03005777325370178 0.01237030482870672 0
0.03005523527578506 -0.01237594528598202 0
-0.03025424908302506 -0.01188106873836402 0
-0.03025217299945892 0.01188689469764046 0
0.02506725518326223 -0.02069104148702568 0
0.02506823095872926 0.02068775543246984 0
0.01360224286477569 0.02952035596908063 0
0.01359670869138166 -0.02952311438102966 0
0.0184865746939936 -0.02795860536112585 0
0.01848981930777798 0.02795220464795865 0
-0.03241357963399411 -0.002426332122479805 0
-0.03241085397977041 0.002430976352298178 0
0.02170719503436604 0.02419688934238695 0
0.02170247060004355 -0.02420092319104655 0
-0.03168614630913057 0.007239750805625978 0
-0.03168796392370237 -0.00723533469949074 0
0.02787763070701612 -0.01672270342408122 0
0.02786572325386118 0.01672883506263409 0
0.009039601771206737 -0.03122188070714718 0
0.009043587200557876 0.0312182579231463 0
-0.0281425564501261 0.01626919430099935 0
-0.0281462467358123 -0.01626292505249076 0
0.03156749367816068 -0.007769541765706917 0
0.0315668989290715 0.007767812212989286 0
-0.0005708079298124179 -0.0324981293453745 0
-0.0005646339441243791 0.03249840512464271 0
-0.01013064989994734 -0.03088507244960033 0
-0.01012497096946362 0.0308906626507046 0
-0.02209405663928201 0.0238451236541461 0
-0.02209711821502459 -0.02384250872406096 0
-0.01879075961873126 -0.02652295722976087 0
-0.01878875563766499 0.02652675330960883 0
-0.01354608980187143 0.02956182504730908 0
-0.01354307714126046 -0.02955743830213201 0
0.03223482868769249 0.004162427168379089 0
0.03223394961401022 -0.004168535185323377 0
-0.02614274168269964 -0.01931483387539304 0
-0.02614274168269949 0.01931483387539322 0
-0.004217311491072315 0.03223466890434869 0
-0.00422334249807774 -0.0322320728204559 0
0.00549061415613529 0.03203764185557421 0
0.005488131211229239 -0.03203409936773985 0
0.02957582285412598 0.01348562251567052 0
0.02957136906964945 -0.01348861040602635 0
-0.03067403519706335 -0.01074269369543119 0
-0.03067590074432285 0.01076490506956057 0
0.02427715002366079 -0.02161185744382329 0
0.02427715002366092 0.02161185744382311 0
0.01469336142265672 0.02898972195906021 0
0.01469061320669169 -0.02899443303069826 0
0.01681862202509063 -0.02781239680634799 0
0.01682054905737896 0.02780949122642844 0
-0.0324795697117481 -0.001213307095096863 0
-0.03247940530291522 0.001219474115288405 0
0.02259279460114638 0.02336493578752093 0
0.02258972178656474 -0.02337078391710642 0
-0.0313921649878782 0.008421677319365597 0
-0.03139330253289105 -0.008417098251967327 0
0.02847808913612014 -0.01566185336038136 0
0.02848250589122741 0.01565875178089761 0
0.007866087965048603 -0.03153595334189095 0
0.007872087052131977 0.0315345167583626 0
-0.001784960266346917 -0.03245250126885808 0
-0.001781734876349724 0.03245319383806616 0
-0.02751087286198483 0.01730892247937629 0
-0.02751144192232514 -0.01730355499118571 0
0.03183704202807352 -0.006570392251725495 0
0.03183516923296438 0.006565371442429358 0
-0.01127998180984549 -0.03048194523284991 0
-0.0112732310325099 0.0304859833860094 0
-0.02119294542945627 0.02466588485152438 0
-0.02119524951581802 -0.02465883531420779 0
-0.01977745403156955 -0.02581050839483025 0
-0.0197741774537314 0.02581391268956061 0
-0.01240608918636863 0.03004264397140209 0
-0.01240924540418647 -0.03003828998657257 0
0.03207487386542886 -0.005380901037957233 0
0.03207583921771144 0.005377961178118593 0
-0.02685827832879446 -0.0183303883315684 0
-0.02685666381806285 0.01833321721644398 0
-0.002992930876220887 0.03238431249564013 0
-0.00299965314561986 -0.03237795720202899 0
0.006686530402749863 0.03182232804724053 0
0.006682251419606094 -0.03183126524252271 0
0.02905935184222631 -0.01459117921503329 0
0.02904923635707125 0.01458230675116947 0
-0.03107008311721625 -0.009588883990344172 0
-0.03107835738746799 0.009592213314806605 0
0.02346359462028973 0.02251301025828696 0
0.02346015103679941 -0.02251807195712562 0
0.01577442203909037 -0.02844278693238813 0
0.01577286006795071 0.02843437437975119 0
-0.03252478507909323 -4.020276300223991e-06 0
-0.02109960539084647 0.02599505723298882 0
-0.02109960539084803 -0.02599505723298755 0
0.03274220504473622 0.0003272855220588489 0
-0.01623127871403733 0.0281696708081272 0
-0.01623841119051147 -0.02816026060502726 0
-0.02422995071885004 -0.02167697035858621 0
-0.02421817912774779 0.02168093345093956 0
-0.007201907464183054 0.03170966382745856 0
-0.007210280490103309 -0.03169679456619395 0
0.00247231943884531 0.03242310731199891 0
0.002471337566670692 -0.03241763247004451 0
-0.0295510601609929 -0.01356853324919342 0
-0.02953614550559665 0.01357529796312563 0
0.03248301128732801 -0.001148119771970685 0
0.02620157959844952 -0.01925740059611377 0
0.02619872448488864 0.01924157922426704 0
-0.03222566344127063 -0.004244103169464152 0
-0.03222278398019907 0.004249282778740772 0
0.02031618796338388 0.02538117571957581 0
0.02030195346661823 -0.02538702422526289 0
0.01935511072990912 -0.02612948410906817 0
0.01935974429896547 0.02611264923213813 0
0.01078000706420242 -0.03066392474345003 0
0.01079651762889034 0.03066162201834367 0
0.02689245354778678 0.01825570955971438 0
0.02689554313698128 -0.01826069276954479 0
-0.02901798897198635 0.01466340683794188 0
-0.02901611684634683 -0.01465887501922324 0
0.001265109528595401 -0.03248124825799775 0
0.001269370244615685 0.03248006519748087 0
-0.008382972224372029 -0.03141302569617226 0
-0.00837957761179454 0.03140948390800975 0
-0.02339800773723288 0.02256636058151267 0
-0.02340068569711712 -0.02256561935510827 0
-0.0172672557890752 -0.02753541495494705 0
-0.01726293360519657 0.02753912659927601 0
-0.0320462620730497 0.005438512183167282 0
-0.03204842577233831 -0.005438031801089262 0
0.01191169016189955 0.03024327725414552 0
0.01191015607632621 -0.03024610448303181 0
0.03108520621708261 -0.009514418999252991 0
0.03108972060102895 0.009512453553750175 0
0.03071086687540452 0.01065415881685052 0
0.03070697955366388 -0.0106623380947784 0
-0.01462584704383849 0.03013825360086156 0
-0.01462133200808755 -0.03013751967059798 0
-0.02651172304114902 -0.0205103389337984 0
-0.02651129408118752 0.02050999364689326 0
-0.005071178036420794 0.03312959993087389 0
-0.005072676425789306 -0.03312796402210581 0
0.004925032201583349 0.03315170195917418 0
0.004923118799900369 -0.03315059081211523 0
0.03079775863492844 0.01322663145627581 0
0.03079661494761931 -0.01322772676087479 0
-0.03137634101868352 -0.0117797638217059 0
-0.03137662973160784 0.01178143985521896 0
0.02552661324052905 -0.02172278245725198 0
0.02552625870671637 0.02172249240527234 0
0.01447920377622046 0.03022576102488731 0
0.01447825249163354 -0.03022716961749599 0
-0.03345579318112891 -0.002002843025306456 0
-0.03345433873721322 0.00200449015239389 0
0.02275069517982633 0.02461255490497244 0
0.0227500746741368 -0.02461403748393527 0
-0.03255793969535163 0.007953028246703171 0
-0.03255925283930582 -0.007950036837833636 0
0.008842779528301358 -0.0323282000430396 0
0.00884409747920664 0.03232645330406309 0
0.03332503520217205 0.003558727552094565 0
0.03332569275120528 -0.003560546410348499 0
-0.02876727116217344 0.01720041986067075 0
-0.02876726409396574 -0.01719839019913653 0
0.03267261835790725 -0.007528355704988675 0
0.03267203092907345 0.007528284143035495 0
-0.001081069699154177 -0.0334976972550307 0
-0.001079634725825603 0.03349860373543956 0
-0.0109139401358704 -0.03168956565966317 0
-0.01091122552206121 0.03169158972429156 0
0.03333808190455474 -0.0003929922569764392 0
0.03317790882565051 0.004752542654140599 0
0.03317684931717849 -0.004753860891262169 0
-0.003894664093565084 0.0333021052845509 0
-0.003895798166739821 -0.03329529964655301 0
0.006105990886847826 0.0329656863316931 0
0.006107249090553394 -0.03296453444324563 0
0.0302792270981123 0.01431284421927593 0
0.0303006146165329 -0.0143251419147818 0
-0.03178284058318518 -0.01064291779136373 0
-0.03178679341919537 0.01066554934894163 0
0.01555603497027148 0.02968654323425895 0
0.01555555656441069 -0.02969736055266288 0
0.01701065048215161 -0.02883702686425698 0
0.01695385880631027 0.02891347560314005 0
0.01835356107088859 -0.02682593452481821 0
0.01836024337291211 0.02682197022184869 0
-0.03346216180823525 -0.0008925463966544037 0
-0.03351408092897336 0.0008026844369555309 0
0.02353387119213121 0.02381371988808086 0
0.0236193851669421 -0.02378044702908524 0
-0.03224148983316529 0.00902345175272194 0
-0.03224148983316583 -0.00902345175272003 0
0.02950982074445701 -0.01581476613250466 0
0.02950982074445683 0.01581476613250497 0
0.007753661642778711 -0.03257018697098783 0
0.007680163294099272 0.03263089242585551 0
-0.01977469633415841 -0.02706165157286514 0
-0.0197743688591211 0.02706377777183459 0
-0.002195850902932658 -0.03340830116913893 0
-0.002195850902930699 0.03340830116913907 0
-0.02814860794790206 0.01812711280902468 0
-0.02814860794790311 -0.01812711280902305 0
0.03284916170914429 -0.006423640729806818 0
0.03284879102335824 0.006422961895692087 0
-0.01194690030993861 -0.03127631565866079 0
-0.01194690030993678 0.03127631565866149 0
-0.02241939475391472 0.02491984795537552 0
-0.02241768610801128 -0.02491646697494261 0
0.02899781098126789 -0.01680863115537524 0
0.028988411676384 0.01680087971045676 0
0.02475663225224262 -0.02252879290758901 0
0.02475655641613439 0.02252831392864662 0
-0.02723330514843553 -0.01954437967535431 0
-0.02723109511267851 0.0195445165433994 0
-0.01304091920755996 -0.03082787060059126 0
-0.01304078984566992 0.03082837689844614 0
0.03246536021733577 0.001743352801025412 0
0.03258972369593025 -0.0004944487955985634 0
0.03255599406260065 0.001103566567631618 0
0.03321905613418671 0.0008669952850777067 0
-0.003617213087850374 0.03230908164359506 0
-0.003346447861389066 0.03289442230619679 0
-0.00263901808434693 0.03290980139771669 0
3.103695506888849e-05 -0.03251725328749021 0
-0.0002274865172115524 -0.03301946577956906 0
0.0006549515697890859 -0.03250467693275516 0
3.991224230797349e-05 0.03251541400131958 0
-0.0002217726857782012 0.03301763440988531 0
0.01784513491246705 -0.02716697607993971 0
0.03230177330022667 0.003560614432086911 0
0.0327679281421806 0.003866945306734609 0
0.02546088101311522 0.02022196892926263 0
0.02568258479917965 0.02074020059332665 0
0.03230197579815933 -0.003563690616480259 0
0.03276752213844307 -0.003870324893042296 0
0.02214668706077199 -0.02378460494394891 0
0.0226675573879108 -0.02397862954734761 0
0.007279375956828948 0.03167731184194686 0
0.007097334124206058 0.03230082202394475 0
0.006410896409323036 0.03239929297502338 0
0.03125630906819684 0.00892475123772196 0
-0.03153962845330383 0.007831171433401863 0
-0.03198702938880003 0.008268064103670482 0
-0.03154157670439296 -0.007826718039711101 0
-0.03200299817290741 -0.008308139131717893 0
0.030891663619437 -0.01008978665166717 0
0.0173460230440986 0.02749970903113545 0
0.01740897535645317 0.02805434636160631 0
0.02545658761019769 -0.0202295160419086 0
0.02568336299880395 -0.02074727303120846 0
0.02582501397462154 -0.01974081882005026 0
0.01733758589126622 -0.02750434704809741 0
0.01735416362445878 -0.02811341206680313 0
0.001865911498081793 0.03245060712804375 0
-0.0324992795377993 0.0006093796354990896 0
-0.03307398934547746 0.0003026314473389614 0
-0.03301593327291318 -0.0004039888211478312 0
-0.03237439976319089 -0.003030140302753258 0
-0.03289685326151343 -0.002815122521677168 0
-0.03229957365785869 -0.00363742479243692 0
-0.01570127367842259 0.02846631054073811 0
0.02981512100970736 -0.01293217024683716 0
0.03016982921423501 -0.01336146776220668 0
0.0317076330818838 -0.007179426767849559 0
0.03233336388961492 -0.006961956950017194 0
0.02654174423648795 0.01875042400661324 0
-0.02873939382798148 -0.01518310425589859 0
-0.02846617937243504 -0.015728903058435 0
-0.02876146615101918 -0.01619204115500472 0
-0.02927907092067283 0.01411892448201132 0
-0.02024162242630592 0.02543197919704409 0
-0.02033024903386978 0.02604250194131116 0
-0.01978206456379068 0.02643325028654992 0
-0.02071456631631373 0.02504383705414976 0
-0.02130141910555377 0.02525836801027661 0
-0.02179962921898258 0.0247982388544636 0
-0.02463516190048097 -0.02122449173267006 0
-0.03194413292862908 0.006039923365886622 0
-0.008966374460128547 -0.03124228721785607 0
-0.03249081653734777 -0.0006240071830770161 0
-0.01184105993140885 0.03026294085238666 0
-0.01233104951935055 0.03066129671413683 0
0.01249054481218128 0.03002260051141441 0
-0.02501893055639665 -0.02074928203910184 0
-0.02556808177785813 -0.02085546465086312 0
-0.03122604187603545 -0.009003022197891293 0
-0.03165442456011909 -0.00934776677421912 0
-0.03148610122581964 -0.01002534276398546 0
-0.02845345358525028 0.01572985670337003 0
-0.02875727722681697 0.01619438375532675 0
0.01414503359037769 -0.0292587337491801 0
0.01458632530005293 -0.02959751137292825 0
-0.02297074979470742 0.02299740134334119 0
-0.03003496757215177 0.01245308136481149 0
-0.0305958191726885 0.01239679925170473 0
0.01983163295455195 -0.02576169483713825 0
-0.0304643462407791 -0.01131284485721612 0
-0.03101742107121818 -0.01124903037950782 0
0.01305583174192245 0.02977867228558263 0
0.01350127671360341 0.03013275448405273 0
0.02876417757112668 0.01512107631902614 0
0.02938914761309927 0.0150933407739248 0
-0.01070072627434278 0.03068660383830633 0
-0.01118450451932193 0.03109480695623009 0
0.03170684117550639 0.007178274289567775 0
0.03233246481037205 0.006959594797543192 0
0.008453539842654428 -0.03137876419273777 0
0.008289019143364962 -0.03198160556919073 0
-0.008948709118887734 0.03124695027760955 0
-0.009539546371989054 0.03109396987301858 0
-0.009928241904771573 0.03147817999234951 0
0.02723547553566103 -0.01776381635808134 0
-0.03237044114219804 0.003037952658261348 0
-0.03289202159923406 0.002819233408789559 0
-0.002392624378315212 -0.03241017995245597 0
-0.002747759859610779 -0.03292386290969328 0
-0.003448360098507266 -0.03284146358886448 0
-0.02380766683226801 0.02211882298936316 0
-0.02164049241145975 -0.02424715822988151 0
-0.02179931151470153 -0.0247918459125806 0
-0.02131502964429095 -0.02524978374562749 0
-0.01070561111775259 -0.03068329542620209 0
-0.01118189759967629 -0.03108852037670357 0
0.0212452209382343 0.02461158016199456 0
0.02176421810830197 0.02481148411820622 0
-0.0192815723013978 -0.02616211411092176 0
-0.01978127451806174 -0.02642926588915087 0
-0.02033082603892394 -0.02604145883301469 0
0.007276040012024948 -0.03167838904288846 0
0.007099203381731405 -0.03229676087043179 0
0.006411582944040936 -0.03239731932041829 0
-0.02501665077094574 0.02075243444819127 0
-0.02556667792513696 0.02085604019383528 0
-0.029283916950051 -0.01411070321944778 0
0.0281772207928202 -0.01619068809819967 0
0.02884300874617019 -0.01616297293885392 0
0.02076987876609329 0.0249970477082751 0
-0.02718034011286714 -0.01781409521585505 0
-0.02748930932529541 -0.01827002827085063 0
-0.02712706699086247 -0.01887885668807284 0
-0.006001859150502126 0.03195642033781095 0
-0.00583200472060441 0.03249620261909663 0
-0.006600545854706914 0.03182831985776508 0
0.03029195374008322 0.01181404847773206 0
0.03066161752122185 0.01224660265864359 0
0.0305066492555666 -0.0112400024661412 0
-0.006010567295097345 -0.03195227072389213 0
-0.005836481735178963 -0.03248988742104446 0
-0.03003936479399768 -0.01244519967060959 0
-0.03060227460393532 -0.01239179310584137 0
-0.02979096801707766 -0.01300451524580888 0
0.02981777464132997 0.01292977052260626 0
0.03017371501388362 0.0133582385981645 0
-0.01516473043544244 -0.02874944992794792 0
-0.01515173894993102 -0.02930948793350547 0
0.01983784404246262 0.0257498322261316 0
0.003684655926770973 -0.03230354218391671 0
0.004008227733123651 -0.03276813167088009 0
0.01305040028021519 -0.02978039312237593 0
0.01349605480042481 -0.03013303113540395 0
0.03142659854288721 -0.008345460371900133 0
0.03198237890111744 -0.008236308488407692 0
0.0265491046863763 -0.01876473614397388 0
-0.03244662485983851 -0.001820536100076253 0
-0.03302850361148876 -0.001498434015573869 0
-0.007790453065715209 0.03155718998815169 0
0.02930999927241449 -0.01403791478203466 0
0.02967362445402656 -0.01446809613508179 0
0.02939815231897777 -0.01509624343876783 0
-0.02461317317342759 0.02121899366790566 0
0.02214830609662775 0.0237811231601849 0
0.02279310467112364 0.02395075164313773 0
-0.01184372078242731 -0.03026009031494119 0
-0.0123319386497963 -0.03065849857766477 0
0.01414725894165737 0.02925582496590422 0
0.01458932561318259 0.02959335289201254 0
-0.0238115291178694 -0.02211717928912403 0
0.01629647639947884 -0.02812177601467409 0
0.01630820985071952 -0.02876246881583509 0
0.01567870650411761 -0.02906679087329778 0
-0.03087338306651374 0.01018907622245088 0
-0.03149628691818609 0.01004702372226187 0
-0.03166325041922988 0.009353725779942023 0
0.02124114191116315 -0.02461702082772698 0
0.02176069299469423 -0.02481658622119009 0
-0.01674439033448866 0.02785475223233462 0
0.003691780713950971 0.03230509139897466 0
0.004012300590935472 0.032771137976062 0
0.02583853692660864 0.01973213761869467 0
0.02076149791030937 -0.02501273171068527 0
0.03125564231590398 -0.008926961774049886 0
0.03028969562876265 -0.01181880411798412 0
0.03066142439237049 -0.01225171261128523 0
-0.02577470019727717 -0.0197981436326163 0
-0.02632303009920612 -0.0198988190568186 0
-0.02717937614440702 0.01781715410137854 0
-0.02745636032178197 0.01837604992980912 0
-0.02705080083540805 0.01892869802002302 0
-0.02873355441762576 0.01518537042527614 0
0.009630427450568732 0.0310546290311143 0
0.009524865834090417 0.03160872890840009 0
-0.02782633247635126 0.0167873532244111 0
-0.02812477589108674 0.01733574094806749 0
0.02817720112447945 0.01618989891145312 0
0.02884262209379337 0.01616126681529014 0
-0.03046486052765264 0.01131930715096813 0
-0.03101884425931272 0.01127431023644425 0
-0.03182771297585686 -0.006647591896259222 0
-0.03226504934919781 -0.007009576372299812 0
0.01886909567764109 0.02647459261654572 0
-0.007792485803628209 -0.03155045602612869 0
0.02302175902780105 -0.02293961155795478 0
0.02354731711733303 -0.02314024358442411 0
0.02405168327431833 -0.02266572366754621 0
0.009622579485839078 -0.03105980315315848 0
0.009521319156726963 -0.03161522479373544 0
0.01020146629391141 -0.03086151582400654 0
-0.03122856863618866 0.008988442563184316 0
0.01247935783463585 -0.03001905868925917 0
0.0246742596917202 -0.02115213760243506 0
0.02486848895077245 -0.02178953163582801 0
-0.03244562603552897 0.001824045094430189 0
-0.03295593329055113 0.001602895062001267 0
0.01523173913184966 0.02870719112648543 0
0.01567377064657606 0.02905364488008433 0
0.0162855368928664 0.02875175396474174 0
0.01785155771845191 0.02715967139910156 0
0.01792051498118853 0.02772104854128281 0
-0.01570418171000995 -0.0284508115504065 0
0.03051057438031156 0.01123407333656764 0
-0.006615839403797379 -0.0318304747888648 0
0.02930918627976244 0.01403213344770405 0
-0.009551850835292074 -0.03107650868016781 0
-0.009948800449369579 -0.03147988389186834 0
0.03214745054133469 -0.004769720756542548 0
0.03262543771178632 -0.005084942399660706 0
0.03258185709598804 -0.005764192159959944 0
0.02302470352298512 0.02293510663346753 0
0.02362916195113384 0.02309098609045199 0
0.02409244524244865 0.02256235920542542 0
0.01521753100232364 -0.02871572630556415 0
0.008456769144787562 0.0313770634455561 0
0.00834664323712922 0.03192161904964587 0
-0.004806705180592741 0.03214177002551632 0
-0.004646901293487276 0.03267415391294342 0
0.0006587511081456746 0.03250696995364171 0
-0.01516258823922005 0.02874854483140486 0
-0.0151532245595719 0.02930962927953632 0
-0.01297082568731067 0.02980269089927266 0
-0.01347389409735322 0.03019368845450876 0
0.03090119666368159 0.01008582920949911 0
0.01885252507546845 -0.02647662749106795 0
0.03142427168206809 0.008342358525078723 0
0.03198189196613271 0.008235503255151292 0
-0.02298446055693697 -0.02300058604555693 0
-0.02979002224097698 0.01302070891728109 0
-0.01297181594554973 -0.02979986618194072 0
-0.01347491292987436 -0.03018732180121484 0
0.03214899234885062 0.004766906900475904 0
0.03262704297146304 0.005082489871251807 0
0.03258161559015046 0.005760561078635536 0
-0.004810088659910964 -0.03214014196433788 0
-0.00465043273335443 -0.03267320078652578 0
-0.0278275782677568 -0.01678371045134067 0
-0.02812753413801728 -0.01737773628707807 0
0.004887294269422729 -0.03212721188201198 0
0.005212359683866835 -0.03257983911034448 0
0.03195577209705167 0.005967915698804015 0
0.03195620193177188 -0.005971405410485331 0
-0.001176487374362796 -0.03247539402858136 0
-0.001549797938722994 -0.03302629241082417 0
0.004890333976417956 0.03212824285999692 0
0.005212535742846622 0.03258188225305032 0
0.02722870209520785 0.01775049008394011 0
-0.001173480012548904 0.03247671649954183 0
-0.001547347827433762 0.03302756761739451 0
-0.03194348517941301 -0.006040584576987915 0
-0.02649818922996353 -0.01881922798916872 0
0.02386514416379529 -0.02206257405050941 0
-0.02164537265477382 0.02423979960390982 0
0.01135553749265963 0.03045579490643918 0
0.0113518990568433 -0.03045221774119972 0
0.01022000898493229 0.03086439909104048 0
-0.01674722702071473 -0.02785308449957059 0
-0.01778185475863427 -0.02720609464394312 0
-0.01829416036418206 -0.02687674380215113 0
-0.01879182131524688 -0.02714588212195725 0
-0.01778369685079186 0.02722263454418085 0
0.03246209616056678 -0.001744277619267851 0
0.03241764000542378 -0.002350655120920487 0
0.03288792972971441 -0.002655983497994774 0
0.003081943088550572 0.03235920356820278 0
0.03241806314727491 0.002350208875519694 0
0.03288793898470084 0.002655516377761922 0
-0.03229713518920632 0.0036431357086553 0
-0.03213926990562419 0.004848306032264433 0
-0.03214313398140792 -0.004847399562470504 0
-0.002372725501548256 0.03240906237075712 0
-0.02648520911893242 0.0188280063586398 0
-0.01926849451853417 0.02616784082193003 0
0.02387251175573214 0.02204450302368271 0
-0.02072135511797248 -0.02503959443094822 0
-0.01828806175513309 0.02687489266379577 0
-0.01877876566641262 0.02713350365779705 0
0.0003980051387199688 -0.03301723013243638 0
-0.03182529299331635 0.006647977383654389 0
-0.03226327518598676 0.007011772256308345 0
0.01790754337201145 -0.02773549583367324 0
0.001865349811704548 -0.03244465641531638 0
0.003077576560571566 -0.0323578799267194 0
0.0004013532555229576 0.0330159046568627 0
-0.01828321209682088 -0.02747996331712749 0
-0.02254114035370361 -0.02342387372049817 0
-0.0226928132207636 -0.02395754259808391 0
0.02467442232096478 0.02115158992667559 0
0.0248684507021046 0.02178934353487323 0
0.01010137817017871 -0.03142625249155395 0
-0.02024359292481043 -0.02542297979781103 0
-0.03283154900878904 -0.003421680953323898 0
0.02755945708696112 -0.01724346332079947 0
0.02811443836124821 -0.01727947831322064 0
0.01012060190175362 0.03142506846980499 0
0.01890981859773338 -0.02704104354937011 0
-0.02577417844675304 0.01979839944277689 0
-0.02632287164745821 0.0198988041440282 0
-0.02254212291299222 0.02343150332142315 0
-0.02270326978356086 0.02397237035760333 0
0.0189290577883687 0.02703695221879717 0
-0.03282850989163991 0.003426511660035269 0
-0.03239047591311237 -0.006400516557825362 0
-0.0323904965569758 0.006400094918437887 0
0.03346454949724647 -0.001135776093866262 0
-0.02313356789636114 0.02354341751224119 0
0.03181453711918957 0.0088062784784239 0
0.03181533596965527 -0.008809287345765728 0
-0.03036185877207444 -0.0129522263049281 0
0.0260568001011942 -0.02026493857266899 0
0.003405299700004432 0.03283290402978276 0
0.003400822076313763 -0.03283164598905138 0
-0.006430262383366846 0.0323763801828024 0
0.00607237030152807 0.0319256610144788 0
0.006072589172255168 -0.03192548898396089 0
-0.01568733895508477 -0.02959937728883956 0
-0.01568598419753629 0.02959943108622732 0
0.02867358111000903 0.01732314676150449 0
-0.0140877706991572 -0.02928047791218616 0
-0.01409317771435644 0.02928222317942309 0
-0.03035858007282752 0.01296876915141363 0
0.0275485055347262 0.01725455529528555 0
-0.009364639489975788 -0.03164991202788498 0
0.02779157644484667 0.01780404242945132 0
0.0260694433767074 0.02025412053960233 0
-0.006445707153792992 -0.03237584072317818 0
-0.02573340462794224 -0.0214439595812164 0
-0.03320431099797258 0.004398366665350365 0
-0.02329881383595703 -0.02407063796390606 0
-0.01408012352037236 -0.03041791860717259 0
0.02182878138353121 -0.02542432975813096 0
0.03201912917415434 -0.009826677008604848 0
0.03165372426146745 0.01096689213288067 0
-0.01776393129036051 0.0283920301600099 0
0.002531648905814868 0.03339778954655939 0
-0.02412660177655411 0.02322825047390009 0
-0.03320523431074812 -0.004396645465137599 0
0.001333733412440267 -0.03347305258270079 0
-0.01776747001756653 -0.02839333795423001 0
-0.007430505134067641 0.03265924585502088 0
-0.03043191250491199 -0.01398845145972429 0
0.02835923595044174 -0.01784033673880147 0
-0.008603047633688708 0.03236653735524839 0
-0.03303095559993013 -0.005584596329179305 0
-0.0293719683367847 -0.01613183930209784 0
0.02769305784592522 -0.01883191097606141 0
0.03165212542036983 -0.01097226227130721 0
-0.02494823473216808 0.02235096536330806 0
0.02769564759649283 0.01883084012881859 0
-0.007441798778552334 -0.03266183566228451 0
0.02699681368174725 -0.01982287811279722 0
-0.009743451940693827 0.03206231581547837 0
0.0334145957226301 -0.002346527207352708 0
0.02090239555016475 -0.02617219636765891 0
-0.01672941875893429 0.02901313190813253 0
-0.01876438479402367 0.02775056909288819 0
0.0270090391077609 0.01981563944801678 0
0.03201940070030487 0.009822672680737483 0
0.03341525394491888 0.00234753268191534 0
0.03003339481416503 0.01484406820498509 0
-0.02573961734705738 0.02144061932965257 0
-0.01674069106291579 -0.02901304179691816 0
-0.01408380714317471 0.03042009775130123 0
0.001334020674316162 0.03347276060150634 0
-0.02936941256777272 0.01613361714976016 0
0.02183300109668826 0.02542077778859969 0
-0.0330315216333776 0.005582964244404888 0
0.01113416966968253 -0.0315905282012708 0
-0.02412704519675172 -0.02322530931431089 0
0.002529872203612719 -0.03339847484490174 0
-0.02495204761712989 -0.02233918039258554 0
0.01114822123293844 0.03159082177472212 0
0.01295134778832041 0.03038235031717974 0
0.01292493227844273 -0.03038175424730781 0
0.02091032065796353 0.02615894077808752 0
0.01996577045126808 0.02689757668430388 0
0.01995027361380777 -0.02690104298760181 0
-0.0299022072618159 0.01508051092842837 0
-0.03043184120337969 0.01400306530827632 0
-0.02990455541330521 -0.01507698387299882 0
0.0122589453258322 -0.03117666924098752 0
0.01225848646801941 0.03117632157431036 0
-0.008608999027324165 -0.03236593766556015 0
-0.03086936157257884 -0.01016271329656755 0
0.03088610657504942 -0.01167093940642074 0
0.03088669165996809 0.0116853185076042 0
0.01629312315972313 0.02811989677656736 0
-0.003637981549703731 -0.03229917911762049 0
0.03126949859369506 0.01053654864216933 0
-0.02985645111276719 0.01404883647979648 0
0.02676911684213897 0.01929134967272295 0
-0.02438327989550296 0.02222993903397558 0
0.01180547365037042 0.03081434427491708 0
-0.01674456309248385 -0.02843601438989938 0
0.01180584622915179 -0.03081528948653054 0
0.02037169452097431 -0.02595569017868992 0
0.01988652626748249 0.02632766765343632 0
-0.03258343770924476 0.005215474923899457 0
-0.01673428792378166 0.02843712521409092 0
-0.02438773817217297 -0.02222563471024186 0
0.01124987926462538 0.03102447631240678 0
0.03145602719397388 -0.009948578026276932 0
0.001598639008292167 -0.0329577975595515 0
0.001599247301658484 0.03295833037752929 0
0.03126836223853193 -0.0105404873468641 0
-0.0325843251605554 -0.005217443725162775 0
0.02676384599282958 -0.01929902193439542 0
-0.03266801689137593 0.004619842862138936 0
-0.02958452532816653 -0.01460250756331244 0
0.02037500135607472 0.02594878092544296 0
0.01988187485402656 -0.02633125955497939 0
0.00219998557586252 -0.03292041177962657 0
0.002201896651959166 0.0329214192529871 0
0.02712238123425262 -0.01878531654035655 0
0.02711736451452654 0.01878709804806542 0
-0.0298607228293616 -0.0140402220977312 0
0.011237382318029 -0.03101959776695857 0
0.03145927825733416 0.009939524757556342 0
-0.02958500424007295 0.0146029729726862 0
-0.008206913806586762 0.03195368993871311 0
0.02876661008347405 -0.01512368241186389 0
-0.03266898268004552 -0.004617566942771306 0
-0.007623365818290481 -0.03210449181272551 0
-0.007606206542564534 0.03210950135282917 0
-0.01619977022616084 0.02873090706252305 0
-0.01621717102500243 -0.02873167243899466 0
-0.02478541834640126 -0.02176132110219835 0
-0.02478177255804336 0.02177841325396276 0
-0.007019151281165001 0.03224707744748766 0
-0.007032314758712186 -0.03224452017416606 0
-0.03011439864041261 -0.01350015294190141 0
-0.03010982738220259 0.01351256213555519 0
-0.02395937699242418 -0.02267841568971841 0
-0.008215976068575515 -0.03195176615472444 0
-0.02396336330247981 0.02267398544045935 0
0.02641548105207424 -0.01978271339954248 0
0.0264237017809886 0.01977280159344584 0
0.03291850797504177 0.002070737433820275 0
0.03292177004091436 -0.002064260770501921 0
0.02084313204725378 0.02556936674387476 0
0.01938069899038556 -0.02668325381371313 0
0.02082956825916393 -0.02559461366999544 0
0.01941628873139063 0.02668487390348269 0
0.02745871628563968 0.0182807645900666 0
0.01236697923317093 -0.03060031485707164 0
-0.02930862519620253 0.01513839221589319 0
0.01065955380367717 -0.03121962825650992 0
0.02745615242153995 -0.01827641704690231 0
0.01237366951162869 0.03060053954300302 0
0.01068616759160343 0.03122695048255967 0
-0.02931445306137579 -0.01513398311079668 0
-0.008795147644998261 -0.03179018590720917 0
0.0009970299839934099 -0.03299027920239931 0
0.0009993679002717863 0.03298999144146832 0
-0.02354286718711451 0.02311222414505732 0
-0.01725501007881858 0.02811839428462739 0
-0.008781838333968844 0.03179931970771654 0
-0.02353013660462776 -0.02310984485736123 0
-0.03274511813462244 -0.00401134398049805 0
-0.03248917869777244 0.005809201959839067 0
-0.03248939409798175 -0.005810008471214301 0
-0.03274286733587665 0.004014587757862304 0
-0.01777261451125708 -0.02780578423645145 0
0.02835508959332678 0.01784280327084835 0
0.002804231720860311 0.03288234660585616 0
-0.01777726923196626 0.02777902821256478 0
0.003720287576658467 -0.03330235427965802 0
0.02778978103100316 -0.01776763195707481 0
0.0330216106362025 0.001466859456251584 0
0.03295958241868924 -0.001465781237950383 0
0.002801459035378358 -0.03288076408197479 0
-0.006270187367092947 -0.03291808668648605 0
-0.03092439184097506 0.01290945424026092 0
-0.03335526373547287 0.003213639837502439 0
-0.02310760820398505 -0.02353958524957517 0
0.01897757685229689 0.02760203564491218 0
-0.02330308306444654 0.02408521212255453 0
-0.01828615709399534 0.02745250501049675 0
-0.01725784017877027 -0.02812205170193185 0
0.03162732613943828 0.009359642478906657 0
0.01001183904824005 0.03198144476432896 0
-0.02904314374221172 0.01566391897502184 0
-0.02904883646156587 -0.01566164130052867 0
-0.009351683449260654 0.03164922965468035 0
0.03163939654373717 -0.009380303643103634 0
0.03108232146053518 0.0111029307828456 0
-0.01568112242640395 -0.0290245819358718 0
-0.01567162196863471 0.02902617145601717 0
0.02129597876316136 -0.02521016589384133 0
-0.01877754718506344 -0.0277569653623337 0
0.02130383360586253 0.02520031299321243 0
0.003722302424759614 0.03330378976233916 0
0.01897011813038778 -0.02760469066357039 0
0.03101737940772449 0.01266873262310704 0
-0.02517918032930624 0.02131483520521337 0
-0.02518449558229623 -0.02129862330930482 0
-0.03335754209253984 -0.003211622153984764 0
0.01393063750424679 -0.03047125917430703 0
-0.006265057703261122 0.03292004754938379 0
-0.03268393720052027 0.007366128507194506 0
-0.03268551964874007 -0.007363868339961129 0
-0.03092717383881568 -0.01290410812327704 0
0.01000585635192287 -0.03198360315779122 0
-0.0146305742376427 -0.02958254294401333 0
0.03253507394048984 -0.008140004531939141 0
0.03253500868515584 0.008139951276642543 0
-0.0004796893926709778 0.03350159118192603 0
0.03101674695348162 -0.01267119080948498 0
-0.02595272542260008 -0.0203961825090669 0
-0.02595135587628951 0.02039617155789425 0
-0.005246442396651315 0.03259229109040599 0
-0.005249225854870704 -0.03258947203111968 0
0.01393307367112986 0.03047051674522759 0
-0.03081521991397156 -0.01183546795049017 0
-0.01463586352148723 0.02958402402446943 0
0.02525045381152891 -0.02121893090931396 0
0.02525032262953949 0.02121813373772699 0
0.01404206359676156 0.02986642768019417 0
0.009411921244745889 0.03214713990038041 0
0.02223508221794584 0.02432809621731725 0
-0.03210260445601749 0.007619910359457326 0
-0.03339556430655527 0.002596446104078365 0
-0.0004823524781689939 -0.03350185663760034 0
0.004331612375008403 -0.03321518632846525 0
-0.02845933002766498 0.01674068348141534 0
-0.030813666950125 0.01184264333373625 0
-0.02842111403549352 -0.01675089200881879 0
0.03108051912466952 -0.01110520791311618 0
-0.0008656443406293579 -0.03297478858857204 0
-0.01053063918743745 -0.03129377062161423 0
0.0140388353963529 -0.0298684699050575 0
0.02960528741553181 0.01450118189658072 0
0.02222070032356158 -0.02441277879204061 0
-0.03208727550449358 -0.007626142916683337 0
0.03284581281935945 -0.003254568568347186 0
0.03284561782037539 0.003252819501122258 0
0.009409994157204796 -0.03214885598905699 0
-0.0008639662599454494 0.03296909422007802 0
-0.01053414610197995 0.03127620393926789 0
-0.03339694996970416 -0.002595038061045251 0
0.03323411139207014 0.004165829785177348 0
0.004333045286127371 0.03321604800407334 0
-0.004484276659977265 -0.03320101670486953 0
-0.03156779136325492 -0.011193252914128 0
0.01746359099920627 0.0285926242040598 0
0.0327101458027626 -0.004457007770564877 0
0.02934186149335513 -0.01639109791626473 0
0.005791280060756659 -0.03250220826709734 0
0.02994180530231268 -0.0139024783579449 0
-0.03157866068556289 0.01124177383760188 0
0.03324492825094522 -0.004156335848641577 0
0.0151198515070718 0.0293438619383317 0
0.02899765478274071 0.01556984036432873 0
-0.03289539698834661 -0.0009264567023099966 0
0.02810937291278546 0.01727318229267637 0
0.03041916196553314 -0.01280336891277848 0
-0.02197091392360127 -0.02531624977182556 0
-0.004501602610327445 0.03321599953306318 0
-0.002134198669185712 -0.03284422754219408 0
-0.03170250065305241 0.008811072303776873 0
-0.03170365139502376 -0.008819895621703131 0
0.02899913620583983 -0.01557190365647433 0
0.007656802428989726 -0.03201257915907795 0
-0.002107335438521874 0.03284158527861471 0
0.03231076255077936 0.006335280982620837 0
-0.01284576642739336 -0.03030236942959683 0
-0.01515428381084614 0.02987342220253833 0
-0.01515262794889877 -0.02987302051018165 0
0.01759986589980398 -0.02863850181085036 0
0.03042100307879836 0.01280004678125065 0
0.0293399043019029 0.01638920640256844 0
0.03269846872798456 0.004466190281026558 0
0.00579143138635855 0.03250410611589567 0
0.02992826325962771 0.01390401398640392 0
-0.01409331131547038 -0.02983898779938672 0
-0.02025744583833503 -0.0267051713540795 0
0.01511738278185695 -0.0293509861983046 0
0.03237483240627355 -0.008699214379710827 0
0.03237462656707669 0.008698550994015279 0
-0.03300822672285252 0.001002516418801724 0
0.01608735421091854 0.02940779722080986 0
-0.03208632198705585 -0.009675305829731147 0
0.007770178648545133 0.03209510704523866 0
0.03231152533091853 -0.006338317500398956 0
-0.02612301546409804 0.02097329916573175 0
-0.02025744765211303 0.02670639031660367 0
-0.0128445296672106 0.0303057393875533 0
-0.002795151924791039 -0.03349765641284354 0
-0.02612251373741149 -0.02097381932350945 0
0.02432620624993675 0.02304818477047863 0
-0.01928070929385109 -0.02680032738521973 0
0.03124246643907547 0.01210845999517781 0
-0.01927642002889902 0.02680133092645107 0
-0.02757855765347086 0.01905350129526545 0
-0.009756183870116416 -0.03205954225020977 0
0.00461067938292704 0.03267816822281231 0
0.004608056269795813 -0.03267654059931011 0
-0.01143689867436044 0.03160018650747017 0
-0.02857025767822701 -0.01770134777014147 0
-0.02196893904284884 0.02531925695272988 0
0.02590223871539604 0.0212520680642291 0
0.02320306992340816 0.02431511291756098 0
-0.01411130014187614 0.02984357246192534 0
-0.01143692021319427 -0.03159852437863878 0
0.0320966550004631 -0.007659561186043338 0
0.03209665500046304 0.007659561186043255 0
0.03004377126558801 -0.01486886435426103 0
0.005514782407758872 -0.03304831872861283 0
0.02318262414156779 -0.02417572812941183 0
0.03336889942757128 0.002955043751100616 0
0.03336893027269496 -0.002955548679625339 0
0.02590388412880247 -0.02125456025242623 0
-0.02226611676643282 0.02438075487329231 0
-0.02226362208712789 -0.02437732650212959 0
-0.0285697074424818 0.01769335463464723 0
0.02445745575873511 -0.02306037158154601 0
0.03124228444648521 -0.01210809560684776 0
0.01841212512958031 -0.02738879100208291 0
-0.02072088876825175 -0.02645654606040613 0
-0.02072077372999555 0.02645699847457101 0
-0.02761842379402923 -0.01917881621349357 0
0.005514946171519431 0.03304935273311447 0
0.02436381973295789 -0.02213169594105919 0
0.02437342282801614 0.02210727542729022 0
0.02402590156427675 0.02349376943147721 0
0.01842146167016602 0.02738231377898351 0
0.02404045358446819 -0.02338743809807267 0
-0.03347732753568945 0.001401227073877495 0
0.02842724289023338 0.01670145715041227 0
0.02842168030443252 -0.0166864285864698 0
-0.02781587851046043 -0.0187118052168246 0
0.01797848027115287 0.02827246786422862 0
-0.03290661052459441 -0.002169943337967363 0
-0.02793907778556499 0.01867453627072205 0
-0.0329257229914755 0.002213014362331908 0
-0.02163213253197693 -0.02571871851595566 0
-0.03357556882707993 -0.001477719962128637 0
-0.02669966578554556 -0.01942851129678079 0
-0.02668439665988028 0.01943830157289378 0
-0.02162901544807806 0.02572103680506713 0
0.008258391753151142 0.03247257164886137 0
-0.01253955161713535 -0.03116934947500312 0
0.01675762447637988 -0.02832941611358345 0
0.01683092304628444 0.02836387818676427 0
-0.00286915438867352 0.03339717975537979 0
-0.01253934791866708 0.03117001036186895 0
0.008358945634873481 -0.03254827013031687 0
-0.00405473775862715 0.03273804363066216 0
-0.004058979874440233 -0.03275232443238711 0
-0.03121702568572236 -0.0106354765758041 0
0.008910902555144895 -0.03176812791966574 0
0.008937980690086266 0.03176654375519863 0
0.01800983304319117 -0.02829312656087132 0
-0.03120426717785945 0.01071117355302719 0
0.02311472718770404 0.02343110000853181 0
-0.03209087047793611 0.009680351611552396 0
0.01609231557447098 -0.02941435309091352 0
0.02310472743801992 -0.023564240627555 0
-0.01927614326745199 -0.02740728508277868 0
-0.02768399863343253 0.01779299605353123 0
0.02628165391097773 0.02077866309264064 0
-0.02769144668928162 -0.0177785055147985 0
-0.01927100413747419 0.02740467758387826 0
0.01337701602974235 -0.0307196748124492 0
-0.02074208182336917 -0.02554977480807781 0
-0.0117168878303368 -0.03075307403216404 0
0.02524644550604613 -0.0221846907554853 0
0.02524635178232889 0.02218449932910936 0
0.01338300105045694 0.0307198260324788 0
-0.03281419709620077 0.006771732318856139 0
-0.03281466570365941 -0.006771165869180219 0
-0.02285557530128249 -0.02449522784364479 0
0.03310736415578833 0.005859143901714512 0
0.03310718118005616 -0.005859957374570635 0
-0.0117153490625056 0.0307562687134849 0
-0.02285873015403118 0.02450126305527251 0
0.0286742945091463 -0.01730927595001447 0
-0.02686746205211032 -0.02002136826378282 0
-0.02686445095658797 0.02002296275452712 0
-0.02073749245457793 0.02555434868715409 0
0.02228952835276438 -0.02501464706310817 0
0.0001275054432162934 0.03350626758324699 0
0.0262785311365263 -0.02078360008647507 0
-0.003288698372803194 -0.03336837186756015 0
0.02229331955723797 0.02499884385874085 0
0.0001252640090518031 -0.03350712994792983 0
-0.01033776849739953 -0.03187265070239584 0
-0.02905901250823677 -0.01666996243634957 0
-0.02906425890276393 0.01666928603336935 0
-0.03198741849914719 -0.01017926126090311 0
-0.01033235213518434 0.03187023854373468 0
-0.03114915417315696 0.01234290636790941 0
0.01656769989481836 0.02924778661609505 0
-0.005669360315157469 -0.03302136135114651 0
0.007211260288646036 -0.03284134883646896 0
0.03287043808526052 0.00702144721462414 0
0.007196183623643026 0.03285428652950961 0
0.03287080952403308 -0.007022069724332384 0
-0.03115090445315883 -0.01233970575464105 0
0.03054221714976927 -0.01377333274339156 0
-0.01363572850769784 -0.03071696766861261 0
0.03053723380407793 0.01377081832077699 0
-0.01363623559337535 0.03071877808766842 0
-0.005667045560824422 0.033023483189314 0
-0.003391077306158776 0.0334491311987069 0
0.01657363932555796 -0.0292293646815585 0
-0.03203390952490381 0.01020252703268951 0
-0.03363345581112178 0.0002818093507401391 0
-0.03353004044066764 -0.0002187113310395362 0
0.006680293079672313 0.03288092415503602 0
0.006706440120629906 -0.03286033855629854 0
-0.001617598747941641 -0.03357027468396383 0
-0.001616821731016845 0.03357071102135973 0
0.03310780947207549 -0.005354925907432148 0
-0.0325194761847198 -0.008490499398095392 0
0.03310824384508269 0.005353556687480433 0
0.01501441735085034 0.02995029919955397 0
-0.03251601979910717 0.008483082674260992 0
0.01501326756271767 -0.02995421730820449 0
0.02988434508669497 0.01536229103907689 0
0.02988822131815536 -0.01536783080190053 0
0.03296698976074974 -0.0009274236312724664 0
0.0334954985802409 0.0003534504803102752 0
0.03352901713868841 0.001280770696762799 0
2 13 0 1419
6268
6269
6270
6271
6272
6273
6274
6275
6276
6277
6278
6279
6280
6281
6282
6283
6284
6285
6286
6287
6288
6289
6290
6291
6292
6293
6294
6295
6296
6297
6298
6299
6300
6301
6302
6303
6304
6305
6306
6307
6308
6309
6310
6311
6312
6313
6314
6315
6316
6317
6318
6319
6320
6321
6322
6323
6324
6325
6326
6327
6328
6329
6330
6331
6332
6333
6334
6335
6336
6337
6338
6339
6340
6341
6342
6343
6344
6345
6346
6347
6348
6349
6350
6351
6352
6353
6354
6355
6356
6357
6358
6359
6360
6361
6362
6363
6364
6365
6366
6367
6368
6369
6370
6371
6372
6373
6374
6375
6376
6377
6378
6379
6380
6381
6382
6383
6384
6385
6386
6387
6388
6389
6390
6391
6392
6393
6394
6395
6396
6397
6398
6399
6400
6401
6402
6403
6404
6405
6406
6407
6408
6409
6410
6411
6412
6413
6414
6415
6416
6417
6418
6419
6420
6421
6422
6423
6424
6425
6426
6427
6428
6429
6430
6431
6432
6433
6434
6435
6436
6437
6438
6439
6440
6441
6442
6443
6444
6445
6446
6447
6448
6449
6450
6451
6452
6453
6454
6455
6456
6457
6458
6459
6460
6461
6462
6463
6464
6465
6466
6467
6468
6469
6470
6471
6472
6473
6474
6475
6476
6477
6478
6479
6480
6481
6482
6483
6484
6485
6486
6487
6488
6489
6490
6491
6492
6493
6494
6495
6496
6497
6498
6499
6500
6501
6502
6503
6504
6505
6506
6507
6508
6509
6510
6511
6512
6513
6514
6515
6516
6517
6518
6519
6520
6521
6522
6523
6524
6525
6526
6527
6528
6529
6530
6531
6532
6533
6534
6535
6536
6537
6538
6539
6540
6541
6542
6543
6544
6545
6546
6547
6548
6549
6550
6551
6552
6553
6554
6555
6556
6557
6558
6559
6560
6561
6562
6563
6564
6565
6566
6567
6568
6569
6570
6571
6572
6573
6574
6575
6576
6577
6578
6579
6580
6581
6582
6583
6584
6585
6586
6587
6588
6589
6590
6591
6592
6593
6594
6595
6596
6597
6598
6599
6600
6601
6602
6603
6604
6605
6606
6607
6608
6609
6610
6611
6612
6613
6614
6615
6616
6617
6618
6619
6620
6621
6622
6623
6624
6625
6626
6627
6628
6629
6630
6631
6632
6633
6634
6635
6636
6637
6638
6639
6640
6641
6642
6643
6644
6645
6646
6647
6648
6649
6650
6651
6652
6653
6654
6655
6656
6657
6658
6659
6660
6661
6662
6663
6664
6665
6666
6667
6668
6669
6670
6671
6672
6673
6674
6675
6676
6677
6678
6679
6680
6681
6682
6683
6684
6685
6686
6687
6688
6689
6690
6691
6692
6693
6694
6695
6696
6697
6698
6699
6700
6701
6702
6703
6704
6705
6706
6707
6708
6709
6710
6711
6712
6713
6714
6715
6716
6717
6718
6719
6720
6721
6722
6723
6724
6725
6726
6727
6728
6729
6730
6731
6732
6733
6734
6735
6736
6737
6738
6739
6740
6741
6742
6743
6744
6745
6746
6747
6748
6749
6750
6751
6752
6753
6754
6755
6756
6757
6758
6759
6760
6761
6762
6763
6764
6765
6766
6767
6768
6769
6770
6771
6772
6773
6774
6775
6776
6777
6778
6779
6780
6781
6782
6783
6784
6785
6786
6787
6788
6789
6790
6791
6792
6793
6794
6795
6796
6797
6798
6799
6800
6801
6802
6803
6804
6805
6806
6807
6808
6809
6810
6811
6812
6813
6814
6815
6816
6817
6818
6819
6820
6821
6822
6823
6824
6825
6826
6827
6828
6829
6830
6831
6832
6833
6834
6835
6836
6837
6838
6839
6840
6841
6842
6843
6844
6845
6846
6847
6848
6849
6850
6851
6852
6853
6854
6855
6856
6857
6858
6859
6860
6861
6862
6863
6864
6865
6866
6867
6868
6869
6870
6871
6872
6873
6874
6875
6876
6877
6878
6879
6880
6881
6882
6883
6884
6885
6886
6887
6888
6889
6890
6891
6892
6893
6894
6895
6896
6897
6898
6899
6900
6901
6902
6903
6904
6905
6906
6907
6908
6909
6910
6911
6912
6913
6914
6915
6916
6917
6918
6919
6920
6921
6922
6923
6924
6925
6926
6927
6928
6929
6930
6931
6932
6933
6934
6935
6936
6937
6938
6939
6940
6941
6942
6943
6944
6945
6946
6947
6948
6949
6950
6951
6952
6953
6954
6955
6956
6957
6958
6959
6960
6961
6962
6963
6964
6965
6966
6967
6968
6969
6970
6971
6972
6973
6974
6975
6976
6977
6978
6979
6980
6981
6982
6983
6984
6985
6986
6987
6988
6989
6990
6991
6992
6993
6994
6995
6996
6997
6998
6999
7000
7001
7002
7003
7004
7005
7006
7007
7008
7009
7010
7011
7012
7013
7014
7015
7016
7017
7018
7019
7020
7021
7022
7023
7024
7025
7026
7027
7028
7029
7030
7031
7032
7033
7034
7035
7036
7037
7038
7039
7040
7041
7042
7043
7044
7045
7046
7047
7048
7049
7050
7051
7052
7053
7054
7055
7056
7057
7058
7059
7060
7061
7062
7063
7064
7065
7066
7067
7068
7069
7070
7071
7072
7073
7074
7075
7076
7077
7078
7079
7080
7081
7082
7083
7084
7085
7086
7087
7088
7089
7090
7091
7092
7093
7094
7095
7096
7097
7098
7099
7100
7101
7102
7103
7104
7105
7106
7107
7108
7109
7110
7111
7112
7113
7114
7115
7116
7117
7118
7119
7120
7121
7122
7123
7124
7125
7126
7127
7128
7129
7130
7131
7132
7133
7134
7135
7136
7137
7138
7139
7140
7141
7142
7143
7144
7145
7146
7147
7148
7149
7150
7151
7152
7153
7154
7155
7156
7157
7158
7159
7160
7161
7162
7163
7164
7165
7166
7167
7168
7169
7170
7171
7172
7173
7174
7175
7176
7177
7178
7179
7180
7181
7182
7183
7184
7185
7186
7187
7188
7189
7190
7191
7192
7193
7194
7195
7196
7197
7198
7199
7200
7201
7202
7203
7204
7205
7206
7207
7208
7209
7210
7211
7212
7213
7214
7215
7216
7217
7218
7219
7220
7221
7222
7223
7224
7225
7226
7227
7228
7229
7230
7231
7232
7233
7234
7235
7236
7237
7238
7239
7240
7241
7242
7243
7244
7245
7246
7247
7248
7249
7250
7251
7252
7253
7254
7255
7256
7257
7258
7259
7260
7261
7262
7263
7264
7265
7266
7267
7268
7269
7270
7271
7272
7273
7274
7275
7276
7277
7278
7279
7280
7281
7282
7283
7284
7285
7286
7287
7288
7289
7290
7291
7292
7293
7294
7295
7296
7297
7298
7299
7300
7301
7302
7303
7304
7305
7306
7307
7308
7309
7310
7311
7312
7313
7314
7315
7316
7317
7318
7319
7320
7321
7322
7323
7324
7325
7326
7327
7328
7329
7330
7331
7332
7333
7334
7335
7336
7337
7338
7339
7340
7341
7342
7343
7344
7345
7346
7347
7348
7349
7350
7351
7352
7353
7354
7355
7356
7357
7358
7359
7360
7361
7362
7363
7364
7365
7366
7367
7368
7369
7370
7371
7372
7373
7374
7375
7376
7377
7378
7379
7380
7381
7382
7383
7384
7385
7386
7387
7388
7389
7390
7391
7392
7393
7394
7395
7396
7397
7398
7399
7400
7401
7402
7403
7404
7405
7406
7407
7408
7409
7410
7411
7412
7413
7414
7415
7416
7417
7418
7419
7420
7421
7422
7423
7424
7425
7426
7427
7428
7429
7430
7431
7432
7433
7434
7435
7436
7437
7438
7439
7440
7441
7442
7443
7444
7445
7446
7447
7448
7449
7450
7451
7452
7453
7454
7455
7456
7457
7458
7459
7460
7461
7462
7463
7464
7465
7466
7467
7468
7469
7470
7471
7472
7473
7474
7475
7476
7477
7478
7479
7480
7481
7482
7483
7484
7485
7486
7487
7488
7489
7490
7491
7492
7493
7494
7495
7496
7497
7498
7499
7500
7501
7502
7503
7504
7505
7506
7507
7508
7509
7510
7511
7512
7513
7514
7515
7516
7517
7518
7519
7520
7521
7522
7523
7524
7525
7526
7527
7528
7529
7530
7531
7532
7533
7534
7535
7536
7537
7538
7539
7540
7541
7542
7543
7544
7545
7546
7547
7548
7549
7550
7551
7552
7553
7554
7555
7556
7557
7558
7559
7560
7561
7562
7563
7564
7565
7566
7567
7568
7569
7570
7571
7572
7573
7574
7575
7576
7577
7578
7579
7580
7581
7582
7583
7584
7585
7586
7587
7588
7589
7590
7591
7592
7593
7594
7595
7596
7597
7598
7599
7600
7601
7602
7603
7604
7605
7606
7607
7608
7609
7610
7611
7612
7613
7614
7615
7616
7617
7618
7619
7620
7621
7622
7623
7624
7625
7626
7627
7628
7629
7630
7631
7632
7633
7634
7635
7636
7637
7638
7639
7640
7641
7642
7643
7644
7645
7646
7647
7648
7649
7650
7651
7652
7653
7654
7655
7656
7657
7658
7659
7660
7661
7662
7663
7664
7665
7666
7667
7668
7669
7670
7671
7672
7673
7674
7675
7676
7677
7678
7679
7680
7681
7682
7683
7684
7685
7686
-0.03149465487535769 -4.916569924011399e-05 0
-0.03128939825118959 0.003538459889403745 0
-0.03068943999972388 0.007010467805348537 0
-0.02972091382686506 0.0103934594945832 0
-0.02836166655878978 0.01367731783625765 0
-0.02666209312993353 0.01676944972719998 0
-0.02462185606375688 0.01968164535884676 0
-0.02224580919004685 0.02227357986104855 0
-0.01959791488747671 0.02462963470378829 0
-0.01673327460069543 0.02667812766815854 0
-0.01366177087099679 0.02838847451338876 0
-0.01036807885940068 0.02972358200338123 0
-0.006962510559455285 0.0306966517338597 0
-0.003441208117952428 0.03130615970530641 0
4.054243991436356e-05 0.03149781890283503 0
0.003550059661686953 0.03130800014052988 0
0.007039233458877178 0.03068998346224916 0
0.0104453374781159 0.02970712357062555 0
0.01370221601254735 0.02834936538817578 0
0.01682242475833702 0.02663141596094965 0
0.01966911645508019 0.02459091925940079 0
0.02230614834964566 0.02220660638590653 0
0.02465261724155846 0.01961214870032202 0
0.02669759393788248 0.01669924900054745 0
0.02839154847006312 0.0135981014049218 0
0.0297395051970115 0.01034400004501277 0
0.03073270654630733 0.006939715774180188 0
0.03131141050505219 0.003452021645601172 0
-0.03128929344685313 -0.003523007397058024 0
-0.03068943999972393 -0.00701046780534832 0
-0.02971062390566365 -0.01040515321764593 0
-0.02836091077828821 -0.01368885089732855 0
-0.02667649954300103 -0.01678338429159988 0
-0.02460736112378977 -0.01964520150161988 0
-0.02226155644529892 -0.02228908639923906 0
-0.0195979148874769 -0.0246296347037881 0
-0.01673447569397137 -0.02667914371028763 0
-0.01363339189350782 -0.02837461914853687 0
-0.01036807885940098 -0.02972358200338113 0
-0.006972174941479287 -0.03069816220772651 0
-0.003495018784374233 -0.03131623235471157 0
6.24062360308778e-05 -0.0315083309081557 0
0.003550983723018483 -0.03131335832569334 0
0.007040060526531886 -0.03068873006587386 0
0.01046167276853392 -0.02970319116169025 0
0.01369151314079579 -0.02834146531944113 0
0.01687445163697509 -0.02660120228822915 0
0.01968103708768088 -0.02458933155764669 0
0.02225941049540204 -0.02225481813200738 0
0.02465209837689305 -0.0195765030016966 0
0.02668904157250363 -0.01669381461163545 0
0.02839154847006306 -0.01359810140492193 0
0.02973645031292954 -0.01033111364438281 0
0.03070580139402192 -0.006936049879380505 0
0.0312784554151388 -0.003435476231351834 0
0.03134218427196836 -0.000420362106087252 0
-0.008582671417604265 -0.03019922878522083 0
-0.0152169690951474 -0.02760467064013702 0
0.001805635769825215 0.03142814130382526 0
0.005315873346418253 -0.03102788869567699 0
0.0314422784820403 0.001687615628405386 0
-0.03142706074230031 -0.001756001803307954 0
0.02912903617343917 -0.01202026220237898 0
0.02102087698229546 -0.02343487248095131 0
-0.001726024036586668 -0.03143261718434329 0
0.02759874889160217 -0.01517805760133149 0
0.008752187147779698 -0.03024669232314174 0
-0.01823855364841724 0.02566301921897814 0
-0.01521058907168619 0.02757579120133427 0
-0.02097351845231616 0.02348476218066923 0
-0.02096790465334638 -0.02349478918795591 0
0.02759872918948013 0.01516296436716448 0
-0.02909049478915328 -0.01205013987784278 0
0.01212813326413889 -0.02903916770095357 0
0.01826104321461343 -0.0256422051910615 0
-0.01201256447482329 -0.02912895806023633 0
-0.01823855364841739 -0.02566301921897799 0
-0.03025321851102781 -0.008729628605431279 0
0.02575282972446353 -0.01816892397051461 0
-0.03103447427185353 -0.005277290310011522 0
0.02349467432478105 -0.02095169648765467 0
-0.0290799266774389 0.0120559632871562 0
-0.02566489047489764 -0.01822914653125562 0
-0.008695303941720094 0.03026357204115466 0
0.02101896089107382 0.02343414895248323 0
0.02348382265914362 0.02097016690769259 0
-0.03143895974465791 0.001767098923569241 0
-0.02757372181219673 -0.01525248311914703 0
0.01826104321461365 0.02564220519106133 0
-0.02333220164197934 0.02098924152957117 0
0.01211336064633192 0.02907813943996926 0
0.01526729330661601 0.02753957359806253 0
0.01528557129245438 -0.02752774726659349 0
0.001805055913588785 -0.03142909300847697 0
-0.03024769251043521 0.008721552851450338 0
-0.02755683797678381 0.01525258319599919 0
0.008767925851219115 0.03023030564464923 0
-0.01202053694639973 0.02909460123706237 0
0.005315873346418576 0.03102788869567693 0
0.03026932350905717 -0.008646180697309045 0
-0.0234606341103575 -0.0209901651610084 0
-0.0256648904748975 0.01822914653125582 0
0.02570114984936364 0.01817133531288161 0
0.02910986710525794 0.01198348961950157 0
-0.03106313623158476 0.005259753306290045 0
0.03108419703823976 -0.005185822979699542 0
0.03105531531541725 0.00520132596249716 0
0.0302693235090572 0.008646180697308908 0
-0.00173745836033575 0.0314280982260837 0
-0.005220780182690179 0.03107253584014117 0
-0.005140666965044437 -0.03101037349510251 0
0.001382922357522508 -0.01528094634440226 0
0.000554191860822654 0.01538554545924467 0
-0.0089202172909365 -0.01311041988458451 0
-0.008764503702422632 0.01282249013474314 0
0.01067487290352837 -0.01093170303733484 0
0.01054329012551977 0.01145306615074306 0
-0.01443068356837299 0.004954059926510093 0
-0.01442111047178954 -0.005016067239365315 0
0.01504927931732273 -0.002511280556840442 0
0.03145470431994019 -0.002279489535201941 0
0.005094433409412479 -0.01465396916977677 0
0.003317196730128549 -0.01837692102669629 0
-0.0003474725711219622 -0.01886617713788152 0
0.0068324099478212 -0.01781849650933179 0
0.001572892221240916 -0.02256478103100927 0
-0.001996685740392784 -0.02304218886570163 0
6.312302503264367e-05 -0.02571628553350189 0
0.003716959628374628 -0.02496256938456167 0
-0.003632907864444003 -0.02518336796734183 0
-0.005451221505545822 -0.02345436309768257 0
-0.006714006358114374 -0.02553076512674499 0
-0.008437000882898171 -0.02401462564671326 0
-0.00960603886420465 -0.02620771955634911 0
-0.01136461151583637 -0.0245819038315675 0
-0.01041474054586036 -0.02146029064614816 0
-0.01329956243363134 -0.02205994168179612 0
-0.01240867047085105 -0.01899968738344353 0
-0.01561313768054413 -0.02000687801015119 0
-0.01491221784348111 -0.01690999170492277 0
-0.01778561083056527 -0.01689886290094182 0
-0.01731665142965655 -0.01422362857366245 0
-0.02096402696650618 -0.01379919462948837 0
-0.01956833444439995 -0.01116915125024528 0
-0.02301013682354421 -0.01195417091949751 0
-0.02234838638435239 -0.009057163727442615 0
-0.02484740185688094 -0.009132747526954322 0
-0.02445389658884676 -0.006894219917353629 0
-0.02690805108867964 -0.00719596378535787 0
-0.02606718393986933 -0.004694086533899641 0
-0.02341917387168779 -0.003795261964234686 0
-0.02537497385367332 -0.001849830401052111 0
-0.0225403901036982 -0.0006877839236913388 0
-0.02540695744478214 0.001607000970260776 0
-0.02161107198156239 -0.01773408564440625 0
-0.0195228151046187 -0.02051833305775986 0
-0.01693907859781411 -0.02221320210125895 0
0.002251467433431638 -0.02806826655089546 0
-0.02366430453796607 -0.01495631456180913 0
-0.02142842804279005 0.003168857735506026 0
-0.02489507217258228 0.005010163935553692 0
-0.02734242238582841 0.003956243765645208 0
-0.02618111055010433 0.006680901975577533 0
-0.024576635990795 0.007819429781538711 0
-0.02775269940997461 0.001202222819124705 0
-0.02589850685435932 0.009309049879810802 0
-0.02434522522139069 0.01037593480552032 0
-0.02162923341472538 0.008970951374441096 0
-0.02156765072403006 0.01212214784923414 0
-0.02593839816537856 0.01180061565251911 0
-0.01853687593573605 0.01042224644949219 0
-0.01861115493258291 0.01398774849379371 0
-0.02186691263496749 0.01570723695144455 0
-0.01842288502186752 0.01682916055971361 0
-0.01556600963085336 0.01582582114273286 0
-0.01636136493776349 0.01956086250966067 0
-0.0127400049852914 0.01801183149795159 0
-0.01291001163123051 0.02115081660426307 0
-0.00993526098108821 0.02002167640648751 0
-0.01050422813916681 0.02307204588609866 0
-0.007568451787798332 0.0224950786087401 0
-0.00754223828866984 0.02540817659013182 0
-0.005062210805075393 0.02443519031138801 0
-0.004911084128846184 0.02643635908487808 0
-0.002592312148862813 0.02590101338432889 0
-0.001921904190145893 0.02283494876383233 0
9.025579478369279e-05 0.02534281498097568 0
-0.01902984020553884 0.02039478301376309 0
-0.01688170868549231 0.02223454251141511 0
-0.01476473708167353 0.02389119727093314 0
-0.0003567548765961885 0.02792714144082241 0
0.001547257086373076 0.02709428589821481 0
0.003098113172919591 0.02503779838605589 0
0.004786521234079461 0.02639623910577499 0
0.005895788746019944 0.02464123816529046 0
0.007560399185097737 0.02595869048962697 0
0.008610229277078014 0.02434199602214126 0
0.006858129646603128 0.02148785242806238 0
0.01002312138317712 0.02166455039427748 0
0.01187741682067903 0.02370108525631429 0
0.01326547324045964 0.0216364892223285 0
0.01479899416468053 0.02366952587503036 0
0.01589796693853171 0.02196340980523866 0
0.01519611468268699 0.01895421513231917 0
0.01800160787223117 0.01863169661993272 0
0.01657534506834423 0.01622591823757849 0
0.01950739650839617 0.01645877679475569 0
0.01762578907405575 0.01305551606085783 0
0.02085982539420562 0.01391874019718136 0
0.02079909094811288 0.01111267897109751 0
0.02349119576368581 0.01065412156550156 0
0.0224487706160429 0.008279542125327699 0
0.02549160832759139 0.008041982140409267 0
0.02435661968628189 0.005511436050931244 0
0.02070214326222731 0.004756591856408966 0
0.02324789783961037 0.002382129071906745 0
0.0269406173992497 0.005267462605024327 0
-0.001618478782860561 -0.02857558293880058 0
-0.01048292248737069 0.02628612931885508 0
-0.02541751940200508 -0.01232972015746002 0
0.02280642121633855 0.01648110912483721 0
0.02455194662914786 0.0135314767882307 0
-0.004915462036002119 -0.02804429455183383 0
0.02056491614326249 0.01932094603834652 0
0.02660989726194109 0.0107390819733069 0
-0.02822783336043468 -0.002564949204283283 0
0.01361228693978055 0.02576877734774023 0
-0.01191038219613229 -0.02607601200182213 0
-0.007222036081443172 0.02797330962162028 0
0.01868985300806445 0.02161726171317557 0
0.0275497593767983 0.007798364038739731 0
-0.02872945579932037 0.005968332597824809 0
-0.02750745157944796 -0.009472606609610459 0
-0.007989277801368039 -0.02807517036363161 0
-0.01893411491091244 0.02262104074573843 0
-0.003543946721968989 0.01494150418351604 0
0.01363576623361505 0.00715066105549805 0
0.006888794715409373 0.01378442478602316 0
0.01362014083930035 -0.007087023459171974 0
0.01470032490572854 -0.01137823329952383 0
0.01750153914001631 -0.008415754473293525 0
0.01895988688487723 -0.01234565598264371 0
0.01649760520800633 -0.01552068541362097 0
0.02178048719036123 -0.008952954338641086 0
0.01977638404000321 -0.01585326557753092 0
0.01689801918226577 -0.01827672977680335 0
0.02054621537404321 -0.01940404018311565 0
0.003762355404102255 0.02897661845085575 0
-0.02763735370558086 0.01065157739315395 0
0.001493789473390422 0.02942409267372052 0
0.006318092035361198 0.02864106599194851 0
-0.01047246478134928 -0.02764986057985295 0
0.02022896835540262 -0.005756809219886672 0
0.02367666943703179 -0.005999498233512951 0
0.02409313752561769 -0.009890824229065865 0
0.02686917130960481 -0.007537226554276873 0
-0.0282173993625995 0.008104891274501721 0
-0.01530781157965372 0.0008729092460841602 0
-0.01167352511044109 0.01061117944217856 0
-0.01189788326933651 -0.009624110382391507 0
0.01419484395997053 -0.01832574703831556 0
0.01449868991963988 -0.02091461921778838 0
0.01796752086671651 -0.02162768145093425 0
0.02261324306855605 -0.01210260537660702 0
0.0255129883990568 -0.01291529167669297 0
0.01464472323575624 0.002261419836053491 0
-0.005000871836040397 -0.01486550597303233 0
0.00995988350953453 0.01521168238185585 0
-0.02399914739196855 0.0136029435678378 0
-0.02105825643831295 0.01884717049163725 0
0.01203006713850474 -0.02142724201800029 0
0.01283646165766792 -0.02370382416365889 0
0.009728780005815625 -0.02334819054057033 0
0.01060407243614165 -0.02536219887496634 0
0.01555184338685771 -0.02392015472871592 0
0.01327086930949779 -0.02610054811099287 0
0.008641660883649947 -0.02540397884139959 0
0.009216561128880883 -0.02728097722839104 0
0.007523911335015046 -0.02711006356678886 0
0.007087550141630753 -0.0228367130875068 0
0.01113968305358071 -0.02774783144963112 0
0.007720732632507243 -0.02864006094560687 0
-0.01990149582851704 -0.0032215490865441 0
0.01711976065024632 0.02327384658427352 0
-0.02834223291161885 -0.005153142369964815 0
-0.002820840909086838 0.02839954486908073 0
0.01949973492597483 0.0007167112947270546 0
0.02267219119281882 -0.002799055105511524 0
0.02641350173742225 -0.0005919806352316137 0
-0.008574445778292927 -0.01779616572937319 0
-0.001651132593433439 0.01892523390216137 0
0.003231149901229028 0.01916466891627528 0
-0.01874408589278327 0.006660676694428299 0
-0.01810968660769401 -0.006913993881586763 0
0.01028727343289552 0.02596636953572965 0
0.009095094686520389 0.02795675823645034 0
0.0145624477618094 0.0112161895185962 0
-0.01358297716389149 -0.02441442147839419 0
-0.01375870684076433 -0.02625681560501831 0
-0.00638058734617529 0.01844820932514273 0
-0.004444908158561682 -0.0191513887154768 0
0.03138118354054802 0.0003948896340783149 0
0.0305642059596016 2.205150712043173e-06 0
0.03062897882591356 -0.001012367953053344 0
0.02961015886402692 -0.0004710926938837903 0
0.02965134161859361 -0.0015308840216017 0
0.02970606126269439 0.0008066426267310275 0
0.03052565544915537 -0.001985835182242764 0
0.02974489036986252 -0.002552192442377914 0
0.02864891711885181 -0.002181587106369677 0
0.02885158061006148 -0.003280033680856095 0
0.02748028052521042 -0.002951235884980218 0
0.02789896455667716 -0.004454749341767287 0
0.02917739252305853 -0.005163677399165457 0
0.03010795167106132 -0.004015341283372747 0
0.03059834543384906 -0.002861880570668359 0
0.02567955567421132 -0.004044935288478889 0
0.03105212188563563 -0.001556723845650185 0
0.02809734802821078 7.006233983765001e-06 0
0.02848397092772518 0.001476248050706936 0
0.02965947372802014 0.002213674903718286 0
0.02843969947608326 0.002927705573325565 0
0.02960261648941064 0.003478392512786144 0
0.02574381983735924 0.003306129690655047 0
0.03034370199969982 0.003015179307937567 0
0.0286487854130155 0.004325034761158995 0
0.02974531047651796 0.004970288248985389 0
0.03064988982087269 0.004214517182597989 0
0.03039915523967535 0.001528743314537564 0
0.02879818472265207 0.005679294549271233 0
0.02968400111555798 0.006281312393280753 0
0.02879528405651714 0.007008696597085136 0
0.02975342177863851 0.007041180196417363 0
0.02803279106658115 -0.006136225773903842 0
0.02925648235289478 -0.006313666990980201 0
0.02997718383290637 -0.005677226393046859 0
0.0286328520316514 -0.007524909686612925 0
0.02770420466530845 -0.008738134896815837 0
0.02963890530377675 -0.007630284740445456 0
0.02885426670653524 -0.008726055115656911 0
0.02847694212389588 -0.00977541891359638 0
0.02726362013661948 -0.01000825522802973 0
0.02806412746996743 -0.01090988691345986 0
0.02702690369282138 -0.01132926784083757 0
0.02765149751940548 -0.01208517076066351 0
0.029375943490089 -0.009383770891631516 0
0.02890747008510132 -0.01056097287272198 0
0.03145244960712365 0.001089172909702719 0
-0.01307987903314088 -0.01337704068051486 0
0.005897653537836146 -0.0309338097480879 0
0.00552381465561558 -0.03046789747091921 0
0.00488368358201713 -0.03057254428794155 0
0.005069002370285219 -0.03002743246449553 0
0.004366700646412051 -0.03004364898922095 0
0.005813578187294705 -0.02979604418932512 0
0.00475178420903877 -0.02931869799791609 0
0.005536122662772021 -0.02861332013539647 0
0.003625659005307389 -0.02927149653153082 0
0.004023568236448134 -0.02832483683223594 0
0.001846199417300047 -0.02958505263641121 0
0.005258169961543824 -0.02719442847259168 0
0.006593083900170052 -0.02913780821978489 0
0.006180720516254741 -0.02514965116719482 0
0.003550171799416098 -0.03025494983043294 0
0.004232793366679043 -0.03068698039593041 0
-0.001139223077756329 0.03147038407077927 0
-0.001377240126746849 0.03089326191219025 0
-0.002061315663524908 0.030837373196612 0
-0.001582505984002825 0.03034791135207793 0
-0.0007521788832457302 0.03038969451700676 0
-0.002358855796276509 0.03017325923360232 0
-0.001369099662892864 0.02943241824830461 0
-0.0002024532409620924 0.02948380517289635 0
0.0002460501081530247 0.0304380455953351 0
-0.002861437896388191 0.03086379087049519 0
-0.003213733270033549 0.03015922584114231 0
0.005904262292173183 0.03092662400749275 0
0.005523808482780901 0.03045981335554525 0
0.004883682553211665 0.03057119693537921 0
0.005155342465156144 0.029889631356789 0
0.006104005095825971 0.03034538550198636 0
0.004380659588270843 0.02994277190394028 0
0.004245549865066876 0.03066112620329647 0
0.003561698812014737 0.03018196167993413 0
0.002586921327298884 0.02959945024544277 0
0.002608458100107187 0.03055002637100548 0
-0.03140279760381123 -0.002355250610302488 0
-0.03085558518265352 -0.002054738104338767 0
-0.03087582892740867 -0.001368676920773247 0
-0.03018087411121981 -0.001739985316330685 0
-0.03021955140760407 -0.0008654032754548339 0
-0.03023704469735637 -0.002528893735747021 0
-0.02951178151760973 -0.001197394473857844 0
-0.02946767729541467 -0.0002799119748790007 0
-0.03040894440987887 0.0001471679477889003 0
-0.02841915338675277 -0.001116595965363994 0
-0.0293219109888925 0.001353131490826318 0
-0.03039499082160976 0.001400285848287066 0
-0.03099792421252538 -0.0005150566427255128 0
0.02605477819362766 0.01768704147290104 0
0.02544009757775315 0.0175852804312746 0
0.02503373519231229 0.01812978067301 0
0.02487393610926236 0.01747054422530834 0
0.02431080909882909 0.01804056137848756 0
0.0253458620142219 0.01679083726484772 0
0.02466871074914385 0.01864719700048841 0
0.02385116149091605 0.01883811464032826 0
0.02419810553865763 0.01688656680136334 0
0.02489917553542426 0.01587989662894716 0
0.0258424973249602 0.01600466435642904 0
0.02565801226792512 0.01509874872351206 0
0.02652932591442107 0.01553771951658629 0
0.02652078614491279 0.01468184704137027 0
0.02335033554006294 0.01780295618552643 0
0.02280750086476576 0.01880758277017407 0
0.02326117121417337 0.01966216823521552 0
0.02225630466289329 0.01979572199661215 0
-0.03139183396396435 0.002371550292050854 0
-0.03088648669666488 0.002008637059279914 0
-0.03081724169149194 0.002654517538132143 0
-0.03011057135518366 0.00215137480084678 0
-0.0301137796080982 0.003148053995182693 0
-0.02907054626785503 0.002432666269518923 0
-0.02892764008195546 0.003528565339967947 0
-0.02997722921344307 0.004062561377381839 0
0.008174216623872617 -0.03040146042459531 0
0.008317653342708412 -0.02980544664262441 0
0.008951595293057283 -0.02960390014238154 0
0.007736871328238946 -0.02997396632614943 0
0.01424590581243206 -0.02807014303942175 0
0.01373921976743149 -0.0276663016511099 0
0.01311978684371627 -0.0279716575710951 0
0.01432369165545851 -0.0273724139572738 0
0.01316461498003784 -0.02714321274816574 0
0.01251304991575984 -0.02752531207433731 0
0.01244908521900003 -0.0283499900889555 0
0.01579822095404001 -0.02723113741290761 0
0.01526014266030617 -0.02689539705941188 0
0.01582547901126169 -0.02656306893072536 0
0.01523436470301817 -0.02615917100276849 0
0.01587622030256585 -0.02580745954638211 0
0.01466850181323435 -0.02669836746791828 0
0.01431312519196538 -0.02597765400894499 0
0.03115229425866773 -0.004614955855185039 0
0.03063373672835296 -0.004833517048987163 0
-0.01146520260179507 0.02932208587886364 0
-0.01151188211102793 0.02870121911342668 0
-0.01213129698725267 0.02846643578886466 0
-0.01094871768965306 0.02896469561076309 0
-0.01160549057191423 0.02809799813641462 0
-0.01218400384334927 0.0277054191787808 0
-0.01271408155795032 0.02820747863279269 0
-0.01306085472483371 0.02746364489761452 0
-0.01240552616737655 0.02686795543721611 0
-0.01325346327686732 0.02644098649352196 0
-0.01400301689526737 0.0271168004848529 0
-0.01434281467083207 0.02619579560341075 0
-0.0134833648092511 0.0253163471892126 0
-0.01471164099831921 0.02684409418321269 0
-0.0151252285987255 0.0257893723987316 0
-0.0157781616912846 0.02670199092759868 0
-0.01597240980790001 0.025967452035925 0
0.01874426991438264 -0.02530484633741206 0
0.01820520949215833 -0.02504746797571914 0
0.01767420551716015 -0.02541607366526664 0
0.01753801896988124 -0.02470147643094854 0
0.01833266614905416 -0.02428728305497987 0
0.01760068354887373 -0.02388884794478354 0
0.01702829180348761 -0.02514322023129506 0
0.01821813894723771 -0.02322370872950216 0
0.01708408968270323 -0.02591288858395985 0
0.01906186524241151 -0.02370868994650279 0
0.01909613389104164 -0.02277013432003282 0
0.01985324008500332 -0.02346996968434803 0
0.0200646663411795 -0.02252816897526065 0
0.01696448948944563 -0.023246287834565 0
0.01921789981798824 -0.02495631532562627 0
-0.03113423145740984 -0.004688944377821858 0
-0.03052420871808945 -0.00491194302416728 0
-0.03043961597259702 -0.005548523703776288 0
-0.03065854045816697 -0.004289946128841785 0
-0.03008943101398749 -0.004442572487665195 0
-0.03008905599529157 -0.003792533141485402 0
-0.02933109846128185 -0.004212991419439126 0
0.03044790322866476 -0.008082147256273979 0
0.0305906991667424 -0.007514234436830751 0
0.03013741535317284 -0.007212382345814744 0
0.03022503856021029 -0.006467420067584919 0
0.03068694883284413 -0.005978419197810983 0
-0.02007342591334035 -0.02426220711001265 0
-0.01951072609752744 -0.02398875221716238 0
-0.01896141990837061 -0.02439959590376016 0
-0.0189973250178368 -0.0237143108996486 0
-0.01829902332389415 -0.0240941936789226 0
-0.01961773248182088 -0.02319774282281581 0
-0.01844596560609531 -0.0229509783655034 0
-0.01945292921757244 -0.02208340779398142 0
-0.02033595885161532 -0.0225570975580294 0
-0.02042420160044059 -0.0216374045410869 0
-0.02058264891202735 -0.01993341725538522 0
-0.02177682107251558 -0.02090851473085534 0
-0.02118033395804448 -0.02232333198676611 0
-0.0183733042978758 -0.02492736891319113 0
-0.01753676641311614 -0.0246872703366955 0
-0.0173505572896766 -0.02360352048469893 0
-0.0165788483182462 -0.0244042514615121 0
-0.01691444727160099 -0.02548521746888208 0
-0.01580152642035114 -0.02522955648872773 0
-0.01523547220207168 -0.02427186074144749 0
-0.01619067208408191 -0.02585154783928248 0
-0.01537943848070657 -0.02607867518356883 0
-0.01562065017066546 -0.02677542834687297 0
-0.0149609537248639 -0.02670775320449005 0
0.02146373404639396 -0.02303557836003881 0
0.02085489834327669 -0.02282136382714462 0
0.02133125607382747 -0.0224636479607848 0
0.02428816356900198 -0.02004415159662946 0
0.02402148057314199 -0.0194892697756607 0
0.02444088141848913 -0.01894824311288457 0
0.02372062290738942 -0.01882566191053376 0
0.02421332442606152 -0.01821179646007134 0
0.02324625380575873 -0.0195937350260609 0
0.02279374206410052 -0.01856175279432099 0
0.02211865512034232 -0.01959144109587237 0
0.02275426246086196 -0.02022056276479938 0
0.02128274040014176 -0.02031873182323755 0
0.02012109615680087 -0.02071213391615019 0
0.02235079210006504 -0.02128113622943202 0
0.02137394991784984 -0.0211705911884655 0
0.02485678978160795 -0.01845149867110272 0
0.02487292289736721 -0.01765313581037758 0
0.02390738685218691 -0.0173486308089094 0
0.02468233903124904 -0.01666039916253798 0
0.02342854966480485 -0.01620530880293091 0
0.02456736484446592 -0.01551310966888615 0
0.02557644496491616 -0.01709452200299006 0
0.02276806094399371 -0.01735194190483607 0
0.02314517720662036 -0.01439562977119888 0
0.02562764144468086 -0.01612524883824442 0
0.02570389478085661 -0.01506572963152807 0
0.02653718359215439 -0.01561920418667352 0
0.02660686361852996 -0.01474441942837504 0
0.02603874471210288 -0.01405034796083658 0
0.02702035027838397 -0.01390069248579041 0
0.02135834897129645 -0.01800147887770103 0
0.01101087789438132 -0.02949726632588541 0
0.01055193505257417 -0.02909517290956761 0
0.01110864751122335 -0.02897555696410943 0
0.009923568514839288 -0.02932891672054429 0
0.009803736506904196 -0.02842440026111554 0
0.009283721397533735 -0.02884282359560898 0
0.00956063517040655 -0.0298245756536704 0
0.02272105665642318 -0.02180450612141595 0
0.0286510815055528 -0.01306898738791333 0
0.02805479865485689 -0.01310471583375573 0
-0.01417120054159806 -0.02811584582642066 0
-0.01367596915808496 -0.02776852635295604 0
-0.01308539956872386 -0.02805122254198424 0
-0.01316028024292601 -0.0274339623492401 0
-0.01246060879066643 -0.02767984775091459 0
-0.01421520225222256 -0.02751655555267347 0
-0.01250854825812784 -0.02833633026993412 0
-0.01190187687093298 -0.02813268144394776 0
-0.0260106400555269 0.01775188741190855 0
-0.02541696905292492 0.01768567185070164 0
-0.0250255461305002 0.01821262755240339 0
-0.02471570672479317 0.01757853696419332 0
-0.02529998500034899 0.0169215495238042 0
-0.02428664561327451 0.01819528092839841 0
-0.02427664529750083 0.01680205944041469 0
-0.02491940463878591 0.01603823209994178 0
-0.02573566880831102 0.01618095645321267 0
-0.02567255009834804 0.01539414205655966 0
-0.02656032557239792 0.01562114093034382 0
-0.02643763176418794 0.01479256591359416 0
-0.02466249717642817 0.0187445137386306 0
-0.0239019401008292 0.01896243519433681 0
-0.02340027567086324 0.01811628522187542 0
-0.02294468906981677 0.01900510795127595 0
-0.02354762442301713 0.01979555744098306 0
-0.02268715562647194 0.0198463535200199 0
-0.02371678733776646 0.01583993448534187 0
0.02787639119425057 -0.01465642341629702 0
0.03007778913348246 -0.009220694773707468 0
0.02961289694168496 -0.008716793697562003 0
-0.01147271745197477 -0.02932722748264936 0
-0.006398719890661144 -0.03083406049394291 0
-0.006544273401018195 -0.03024208070232431 0
-0.007200890345665354 -0.03009309998146533 0
-0.006651521295861899 -0.02952239108562984 0
-0.005967126971969098 -0.02984314553053208 0
-0.007483268439514148 -0.02946907685415036 0
-0.006977336503686089 -0.02875466535310726 0
-0.008669860872117126 -0.02903117908009673 0
-0.007917811208018181 -0.03004262905836939 0
0.02951112617831233 -0.01096342139861329 0
0.02884169477941447 -0.01117912865533144 0
0.02888805067618688 -0.01253606331196372 0
0.03133446482426384 -0.002815423771981826 0
-0.02140422993837599 -0.02309852470458644 0
0.02696878071061565 -0.01619547960700455 0
0.03009708190507937 0.009227445227357344 0
0.02965531301633192 0.008761130239671204 0
0.02946123026440631 0.009393342259701695 0
0.02899134233619721 0.008807424621309992 0
0.0286852402925755 0.009627770083457372 0
0.02930068741291975 0.008226164474399526 0
-0.0305548487285994 -0.007593708139345743 0
-0.03009128741692232 -0.007158163156844178 0
-0.02993467509893202 -0.007789468239280977 0
-0.02939385153289937 -0.007345504185212169 0
-0.0292792674043313 -0.008185790636019513 0
-0.0295762109763592 -0.006630065458471497 0
-0.02887135949387711 -0.006734467084825745 0
0.02055136179988278 -0.02379920358583559 0
0.02429539320228151 0.0200576999470533 0
0.02404771630246041 0.01954211383183458 0
-0.009237440265717932 -0.0300941322049627 0
-0.02809538547530416 -0.01421186561961848 0
-0.02774972986856726 -0.0137139031329354 0
-0.02814328826182402 -0.0132210148619171 0
-0.02748716181664864 -0.01425758322220709 0
-0.02708077540284432 -0.01368210227735879 0
-0.0267799630117212 -0.01451555899690206 0
-0.02616380937270354 -0.01359001103674912 0
-0.02583031236907087 -0.01461075304013731 0
-0.02514439442621598 -0.01369793602223711 0
-0.02500228963871543 -0.01603279980126167 0
-0.02640032107647702 -0.01534137141651029 0
0.002970353609765364 0.03129421966770269 0
-0.03135244721337921 -0.002941752259600114 0
-0.0308016902665075 -0.003171936533757318 0
-0.007559578265880005 0.03055812864750608 0
-0.007159623368969244 0.03005573329782708 0
-0.006497923791696792 0.03022066130185616 0
-0.006659220329392827 0.02962699769879823 0
-0.005919405105934487 0.02970108914838023 0
-0.007794412003820026 0.02989787501010329 0
-0.006445690613815248 0.02887138568807741 0
-0.005360685286342341 0.02893816756436647 0
-0.004988148998814588 0.03002903633355689 0
-0.003929681018130006 0.02929599383296719 0
-0.00582636549086181 0.0303932573981033 0
-0.002325531062948011 -0.03139785091024538 0
-0.002064392893262616 -0.03098877346527843 0
-0.00141266306776564 -0.03077104286622832 0
-0.002617933194792316 -0.03086303081522936 0
-0.002199728192117371 -0.03034426413798735 0
-0.003117692705586822 -0.03032159750126963 0
-0.002492748672720342 -0.02944831507748806 0
-0.001548075834021979 -0.02970528787700997 0
-0.0006904223408357958 -0.0301342930631204 0
-0.003528246683530605 -0.029427559002713 0
-0.004056325116197186 -0.03020705690712803 0
-0.0006390904630471789 -0.03090730418785359 0
-7.171551675902e-05 -0.03054309529048141 0
0.0001152784134670317 -0.02969393741295332 0
-0.004645223884715427 -0.02929520242127535 0
-0.004858234721842024 -0.03026619323646594 0
-0.004432115035949628 -0.03081719512219083 0
0.02730460696619872 -0.01568889228736932 0
0.0177734617130549 0.02598827140871733 0
0.01771184822231668 0.02531082866213335 0
0.01821023635816961 0.02503233765737515 0
0.01718616476956275 0.02571776119804352 0
0.01711673357488063 0.02508266386187895 0
0.0164008837489419 0.02561108286263763 0
0.01635755003196975 0.0245138578708204 0
0.01538412513632812 0.02511677540613138 0
0.01567462860402414 0.02612235638466791 0
0.02993506020791487 -0.009776250463842425 0
0.008176839741112786 0.03039872931151315 0
0.008324151954279891 0.02981208192444072 0
0.008924229581280528 0.02966225581850923 0
0.007693095206540498 0.02995173312425123 0
0.007905004511742522 0.02924359878114858 0
0.007120347575013991 0.02936791079464189 0
-0.01308484284253949 -0.02864721934080064 0
-0.0300818500943977 0.00929509385918933 0
-0.02961705581177915 0.008820984892171037 0
-0.02983004810655671 0.008281414127862837 0
-0.02948046925283286 0.009448716531546964 0
-0.02895288445359715 0.008950682324977458 0
-0.02893041900647073 0.009706585129796925 0
0.01474953663951974 0.0278182894253473 0
0.01475230774660564 0.02733759251739689 0
0.01423179010190552 0.02751898910296784 0
0.0143599903355338 0.02677479989319196 0
0.01358337877746294 0.02695750954067946 0
0.0126069200851501 0.02656145635067552 0
0.01239129768020873 0.02769775044653794 0
0.01469658648928855 0.02589158074625983 0
0.01146159075523462 0.02693019405420301 0
0.0114296483048958 0.02812174260676576 0
0.01022676154159508 0.02755259601175658 0
0.0105120401335787 0.02860970060731937 0
0.01116896323425622 0.02892022743453355 0
0.01528762416104522 0.02692019160534692 0
0.01595720121543671 0.02685953085911707 0
-0.02532813270819572 -0.01871279231700322 0
-0.02503386033015645 -0.01816252737261852 0
-0.0254050639821455 -0.01764105841997151 0
-0.02474726575208417 -0.01766975736989495 0
-0.02425621331278368 -0.01832029878642544 0
-0.0239709272849874 -0.0174128940875746 0
-0.02317607090316931 -0.01813175336957199 0
-0.02365313337348451 -0.01903660965868039 0
-0.02268230005975969 -0.01907438991774317 0
-0.02340716736653823 -0.01984524841285971 0
-0.02231226022347502 -0.02004752593620656 0
-0.02271290153828139 -0.02088069472848204 0
0.00120985870573938 0.03146208524161618 0
0.001501745503710994 0.03088554989053688 0
0.0008733312143940101 0.03096995809593279 0
0.001127979398274567 0.03036301314970627 0
0.02011010063015464 -0.02418843440893502 0
-0.0242235106722904 0.02007949549366604 0
-0.01723349364002715 0.02636321186103718 0
0.02602798270776577 -0.01767670602854751 0
0.002981480788980907 -0.03134954026916822 0
-0.009263645929659373 0.03008852814151729 0
-0.008810492929084972 0.02964908154175932 0
-0.009431602267005979 0.02945686216958516 0
-0.008945984690567779 0.02895269299329728 0
-0.009643273952558356 0.02871048571001831 0
-0.00908901829723693 0.02804490333298672 0
-0.008284330336215517 0.02935247906557396 0
0.03114348951448564 0.004610822586236023 0
0.01314461301822218 -0.02860620556111219 0
-0.0305635785787785 0.007586209016504374 0
-0.03011888206728549 0.007187367227642768 0
-0.03023641301385042 0.006510248556315966 0
-0.02950209671936351 0.006647434476504702 0
-0.0295204925947981 0.007487165544692185 0
-0.0287752843903481 0.007251914980323633 0
-0.02967663115512557 0.005827070977700292 0
-0.03043120120686108 0.005857133370299131 0
0.02632543823881759 -0.01717629838443614 0
0.02604627549853679 -0.01664564538321501 0
-0.02377712565129638 -0.02054003882802941 0
0.03137715551326761 0.00286477771154852 0
0.01317492074315231 0.02860160091536466 0
0.01320938933227571 0.02800566617876477 0
0.02700622880649392 0.01619711420082496 0
-0.005805937828766389 -0.0309436658378568 0
0.02933676630379495 0.01143156654290682 0
0.02873841648187786 0.01150525158937696 0
0.02851068067424216 0.01206715302103946 0
0.02897253941413084 0.01094433993135077 0
0.02824584355431431 0.010973720832263 0
-0.02183273978719195 0.02269392817843624 0
-0.02166865615441142 0.02211955345638629 0
-0.02212442203486738 0.02165642252792276 0
-0.02133225949407525 0.02144760188671928 0
-0.0209088709056006 0.02209645698023498 0
-0.02197141353881508 0.02096135328583245 0
-0.02106913067654365 0.02077524122212497 0
-0.02269467034233515 0.02122245993516139 0
-0.03083181468276811 0.006402339331425098 0
0.02502121981269863 -0.01912123065777602 0
0.0177499994605209 -0.02602834297145944 0
-0.004658390964049007 0.03114453878947852 0
-0.01417722951392569 0.02813358359794589 0
0.02188829252129209 0.02263845825852859 0
0.02167892111291295 0.02204894041057156 0
0.02214808558816822 0.0215486096265493 0
0.02140334389614348 0.02128842580938418 0
0.02087788047576932 0.02202899356816301 0
0.02055038230736819 0.02122357038974085 0
0.02204892048818622 0.02070027669874678 0
0.02272877378068494 0.0210201081832124 0
-0.001107265778299014 -0.0314306330750506 0
0.02056186778086895 0.02383311484435125 0
0.02041808108166736 0.02323366032650684 0
0.01993851777523245 0.02363696825250549 0
0.01977489562126244 0.02290597093818862 0
0.019161635976948 0.0235513253897432 0
0.01981058896833136 0.02196185127481652 0
0.0288767185029113 0.0125412045264322 0
0.02822293282431917 0.01264071664579408 0
0.02777309395189296 0.0120877875894638 0
0.02746642751512503 0.01276938070487634 0
0.02690041218718875 0.01200568829572969 0
0.02668640796802189 0.01301076085759604 0
0.02558136432990736 0.01207883763525625 0
-0.0300827710944965 -0.009296439818185917 0
-0.02966810691961357 -0.008866156802945916 0
-0.02957475291922694 -0.009408185398470284 0
-0.02898155998781954 -0.009165960666311306 0
-0.02799904969182685 -0.008489826939841211 0
-0.02851076597161009 -0.0101507663025557 0
-0.02384540190680405 0.02054296824303964 0
0.02273627377200999 0.02177530457819516 0
-0.02271125161697289 0.02184571847193155 0
0.02787324447939605 0.0146465274687841 0
0.02725175591636137 0.01461429257884579 0
0.02758001861547868 0.0140893295338846 0
0.01101883109954588 0.02951838457713041 0
-0.02885002216523086 0.01260796070870158 0
-0.02848201166859122 0.01213346378907232 0
-0.02823490293537182 0.01269388219645246 0
-0.02870880996601845 0.0115587941650702 0
-0.02781062821165185 0.01216272356427922 0
-0.02751813035281524 0.01295722308133516 0
-0.02602143470132788 -0.01773294998006179 0
-0.02579733597785142 -0.01715375324158014 0
-0.02490758985093368 -0.0169332731869667 0
-0.0269775493067627 -0.01627021881737775 0
-0.02634216737050338 -0.01617868199596523 0
-0.0256493475672048 -0.01646015921480963 0
-0.01912172708209099 -0.02501008998601397 0
-0.02007889279396891 0.02424289725813151 0
-0.01949974053705093 0.02399781506379505 0
-0.01895958898162441 0.02440110637819912 0
-0.01998899428755719 0.02363244592930332 0
-0.01886855833235189 0.02364092590295139 0
-0.01823257692879135 0.02410875104262216 0
-0.01837031401179419 0.02492534678740673 0
-0.01752852659546193 0.02467252321039096 0
-0.01727806562343765 0.02366418589482764 0
-0.01656907548273312 0.024432800529998 0
-0.01679964853963569 0.02536562524988086 0
-0.01556860392152663 0.02510625865010396 0
-0.02930836502795544 -0.01149285960738471 0
-0.02870395744283016 -0.01157274499498983 0
-0.02843545586997283 -0.01218571750108989 0
-0.02798598279397557 -0.01156589145848273 0
-0.02764229746131129 -0.01233329191586015 0
-0.0289401125675425 -0.01097284855678482 0
-0.02697459783654343 -0.01172965428836556 0
-0.02677150418303537 -0.01283088556639954 0
-0.02762512339682663 -0.01077574812343186 0
-0.02859588119486137 -0.01281849298554874 0
-0.02497351240618946 -0.01918349761855674 0
0.01921453393034597 0.02494964105198417 0
0.0191143766951542 0.02436074523087903 0
-0.02930864774386718 0.01148843233525066 0
-0.0289000274096873 0.01096474352265467 0
-0.02267892032363729 -0.02187030423663373 0
-0.02208074108414632 -0.02169508907953327 0
0.009888320288178839 0.02990509796753479 0
0.009976647090403662 0.02923256058122254 0
-0.01912131711501363 0.02501004647824664 0
-0.01724834168846438 -0.02637178612824256 0
0.02146170050401795 0.02304513645564073 0
-0.02423815949880159 -0.0201045896972289 0
0.02728121874344943 0.01565269772653915 0
-0.006398719890660635 0.03083406049394287 0
-0.02696100235022068 0.01625837963530411 0
-0.02724679015514088 0.01573800838095766 0
-0.02809551143872099 0.01420994344277348 0
-0.02776414097411828 0.01370194834611051 0
-0.02749086892719408 0.01425253549384209 0
-0.02708115362206816 0.01365961023845117 0
-0.02653827546034293 0.01287601025788637 0
0.000628525746424537 -0.03148472420348231 0
0.01874426991438282 0.02530484633741189 0
-0.007595250093736768 -0.03057922934271405 0
-0.01624189238218382 0.02699173974905164 0
-0.03083012464553677 -0.006436185500929786 0
-0.02307180332565305 -0.02143303044568488 0
0.009326729459748875 0.0300781485528601 0
-0.03113936091234017 0.004691959546671602 0
-0.03059484901780503 0.004924591239596612 0
-0.03146712454771867 0.001176952807595857 0
-0.03148548135217484 0.0005893783208784851 0
-0.03041626062776771 0.008156837144811623 0
0.004712809169262977 -0.03114055238795064 0
0.03043648443217661 0.008081046850076847 0
-0.03146461160771794 -0.001125375903366954 0
0.03095561763532009 0.00578209647092924 0
0.03048831258236509 0.00541000004880306 0
0.02537466651728257 0.01864964347970138 0
-0.01256644389265289 0.02887503057446131 0
-0.02531634926690245 0.0187337556502079 0
-0.00237899468768809 0.03139142097797156 0
0.03084728795345138 0.006359922078969443 0
-0.01469558997698527 0.02786381304957822 0
-0.02634440169751916 0.01726768632620633 0
0.00472050708281625 0.03113603533728656 0
-0.004074746715444028 0.03122626045475584 0
-0.004294515387404849 0.03067080434424762 0
-0.03094111876092337 -0.005859187026005335 0
0.0023875240315724 0.03132956031417901 0
-0.02140290955009626 0.02309185163571472 0
-0.02073810051763744 0.02283367322214275 0
0.002392676305194122 -0.0313904798526854 0
0.002644507933073635 -0.03087112061410755 0
0.02312512007655855 -0.02137549354349549 0
0.03122082270050458 0.004028438069475288 0
-0.0109263271715836 -0.02953469616100335 0
-0.01047224384522433 -0.02913483980012854 0
-0.009909618734761491 -0.02932766025507651 0
-0.01005309024613429 -0.02861022117194012 0
0.02814196254583065 -0.01413197958009922 0
0.02778751077284791 -0.01365179553834188 0
0.02727226268500355 -0.01307106562567074 0
0.03122503481153755 -0.004033925755560302 0
-0.02052487360833696 -0.02388330936334135 0
-0.01773217526282886 -0.0260379397888936 0
-0.01764696539904081 -0.02542934895668852 0
0.02391284223784199 0.02050788702887441 0
-0.03121747724414024 0.004115729361950686 0
-0.0005504667801005447 0.03148580817847503 0
0.02638120496854891 0.01719636377815653 0
0.00647073732094415 -0.03081226068021394 0
0.006633932169419586 -0.03007674088501703 0
0.02079569497176266 -0.02222602417186362 0
0.02749876341950753 0.01126000145922141 0
0.02781146736576223 0.01016774943864477 0
0.002066486327319775 0.03088770561055104 0
-0.02925286658377305 0.004842808258771171 0
0.03140856696103112 0.002277020912885316 0
0.001217610287590338 -0.03146744870450777 0
0.001451194483271396 -0.03086590914124045 0
0.001054845365451401 -0.03011737940204331 0
0.0009982412358770848 -0.02891187390574293 0
0.0281065837205319 0.008923447399452786 0
0.00190089231169126 0.03025205201286279 0
-0.009813463051942297 -0.02992288164116934 0
-0.03025919380062503 -0.006560510020453132 0
-0.02992116270313561 -0.005981175297652583 0
0.03068061305467947 -0.003661967756515062 0
0.02481259522548015 -0.01416227964225657 0
-0.0306868186514167 0.003739579437450705 0
-0.02325219609933463 0.02039553602483738 0
-0.01373651474898104 0.02779567770379758 0
0.02390731989931075 -0.02049774360627619 0
0.00322759079297824 0.03080584799633064 0
-0.01772625402193705 0.02603134388257021 0
-0.01764862074980606 0.02541426108227384 0
-0.02302454188930077 0.01695069898572656 0
-0.02728609815062633 -0.01577006809204361 0
0.03090802082610863 0.001944103092822484 0
0.01264074917552688 0.02883914189571359 0
0.01216645916116837 0.0284543999854321 0
0.02851565296221118 -0.01206374885372973 0
0.01815630198951355 0.008657703496427626 0
0.02217886517021462 0.01775178782798418 0
-0.02183273978719237 -0.0226939281784363 0
-0.02974863805250133 -0.005216326768578572 0
0.02654502639773336 -0.01230812533251049 0
-0.01574120329536701 0.02729370062176181 0
-0.01785302286689952 0.003153219909199553 0
-0.02782512186164031 0.0147359347402723 0
-0.02784529007147185 -0.01473045298192814 0
0.01157963114695551 -0.0292529510470943 0
-0.0213180170615247 -0.01906127122543832 0
-0.002912665576103297 -0.03136725613882705 0
-0.01154551087396679 -0.02873162862260262 0
-0.03134054162124691 0.002963339791064204 0
0.02994313205684919 0.00977888658404175 0
0.03060053441101961 0.007515625675957072 0
0.007292115197859082 0.01785800117277706 0
-0.02860491962921247 0.01314971421219376 0
-0.01522763111796821 0.01219345528754778 0
-0.0002869062358645138 -0.02800966198262629 0
0.01478077320063606 -0.02778686389997906 0
-0.02053619415968263 0.02386328367319058 0
0.03077945133647618 0.00361042364364801 0
0.01255454582820841 -0.01469473705071517 0
-0.02223896056667727 0.01819813861280024 0
-0.004897511975636028 0.03070046421919098 0
-0.02952905959294732 -0.01096614301379639 0
0.007602991123632528 -0.03055195257442405 0
0.007626276828889813 0.03056242633606308 0
0.01422899847386708 0.02809309093638977 0
-0.02578512687330889 0.01724646365137001 0
0.0218823261191336 -0.02265874353615157 0
0.03088970562433858 0.002553208292719567 0
0.0009087255683852681 -0.0309870172364763 0
-0.03062625490980736 0.004381070556470065 0
-0.01224280033813291 0.01437536990014069 0
-0.006033754559844128 -0.03047494847597947 0
-0.005512499745476141 -0.03036311913597118 0
-0.03092991299274156 -0.002610514248749141 0
0.03070616817981982 -0.004260546336440849 0
-0.008144428757095116 0.0304019389885472 0
-0.02953603737294562 0.01096873433686734 0
-0.01469592318572159 -0.02786406437328335 0
0.01872982587944396 -0.02479983979476164 0
0.02089568175249994 0.02284806296999382 0
0.02611554145403861 -0.006037151374828061 0
-0.0166993074482015 0.02610641591225965 0
0.02835221626364265 -0.01257173722960521 0
0.01632644586424248 -0.02689789648581857 0
0.02010717471743178 0.0242198684541372 0
-0.0004871308882450985 -0.03148024803775278 0
-0.01102884118205152 -0.02891518087620544 0
0.02757202895075197 -0.01417037503469213 0
-0.01620239726435469 -0.02701754368972919 0
0.0127165632184664 0.02831971188436261 0
0.02683716031287237 0.009210798704361855 0
-0.01004775919567613 0.0277474440704935 0
0.000628745518295848 0.03149573323021582 0
0.03149006700167268 -0.00110961497717359 0
-0.02030644087266093 0.0212805671679206 0
-0.03121425125340314 -0.00409986513885754 0
0.02955859064649747 0.01089340406465832 0
-0.02901540361649537 -0.005910810785134023 0
-0.02128258111276546 0.02254046939508656 0
-0.02024893025136814 0.02224667161508351 0
-0.03079904595234532 0.0008244006181716984 0
-0.01519912938882744 0.00877788324782307 0
0.03037908567272207 0.006001037079188564 0
-0.01570085012939105 -0.02732148623661332 0
0.0233172193209577 0.02035635410855153 0
0.03027408938652123 0.006626589640089857 0
-0.004110836740473432 -0.03129038992310363 0
-0.02297732199007861 -0.0170259592782366 0
0.006084594089475234 -0.03040168641954772 0
-0.02633068075767172 0.013811744077873 0
-0.02537786029070429 0.01309528118140755 0
0.02373402516752611 -0.01996700802990489 0
0.02334864038447659 -0.02038485731124222 0
-0.003631636075565236 0.03072070880869758 0
-0.03102470700551247 0.0002278939652479083 0
-0.02816441391112492 0.00912398935183387 0
0.02989022790343957 -0.008146841418307019 0
0.02985615885028579 0.008190687401276887 0
0.03005901734258199 0.007596031456724742 0
0.01875498154385135 0.02475033144520516 0
0.01852365557323584 0.02418070271027688 0
0.0176896574795446 0.02436787077050672 0
0.01819362607830597 0.0233615879702381 0
-0.01283131065730123 0.02374589519239937 0
-0.003932123807271366 0.03011809238277191 0
-0.02950424343682003 -0.003109466675367922 0
-0.009820848300281185 0.02992147368939565 0
-0.0300898523950373 0.007739798612302759 0
0.03049884074327585 0.004779597447528275 0
0.001264800524461729 0.02221087124193745 0
-0.02629449906027271 -0.01048055514757401 0
-0.0299210571038106 -0.009854225390924773 0
-0.0299210571038106 0.00985422539092508 0
0.01268118527460605 -0.02892249987064957 0
0.01158389598801439 -0.02854470678341034 0
0.00647776630359464 0.03082878442332021 0
-0.01873963701018557 -0.02542413465230631 0
-0.01873895695955367 0.02542372152559606 0
0.02318892315300262 0.02144113357280237 0
0.02864607005581817 0.01307861081087557 0
-0.002911770838762105 0.03142692291480842 0
-0.03158863586477392 -0.0005774710417585311 0
0.03078354480845422 0.0008333606563592251 0
-0.009310982646530241 -0.02949982989380049 0
-0.01792064950430049 -0.0211223025567574 0
-0.02637121887438794 -0.0172836070883708 0
0.002058419688854645 -0.03088929340503026 0
0.02918652440209282 -0.01001832917108897 0
0.02499180101306376 0.01915963527619456 0
0.01629662850671287 0.02634047449752895 0
0.0136649952556207 0.02772757837730977 0
-0.01214806627772927 0.02577407534292771 0
-0.02038388146344522 -0.02329515580704304 0
-0.02002212791289417 -0.02372543346407504 0
-0.03075463244380982 -0.003737274488395548 0
0.02121573401551705 -0.01408911473616082 0
-0.02438076431881612 -0.01906833780272612 0
-0.02479449661522828 -0.01868949077946601 0
0.02870254688510961 0.01036281317368321 0
0.0281515387947877 0.01413678846130243 0
-0.01092392148860282 0.02954443096085468 0
-0.02809675209006152 0.01323601713446991 0
-0.01608539653131698 0.0232686490972281 0
-0.009481880156593939 -0.02891223891265397 0
-0.009333582795390524 -0.02797237472595815 0
0.01728222948361808 0.02631505555381375 0
-0.008812196933319151 -0.02966995283998371 0
0.003213913262713163 -0.03082752897514571 0
-0.0002609542951681532 0.03096348183754358 0
-0.0008160126326035211 0.03104052610319898 0
0.02609202899073662 0.01667367169505912 0
0.02586279434897765 0.0171866389284478 0
0.02540908049956482 -0.01861550593691966 0
-0.005784314920617866 0.03097072372746937 0
0.01891120426356746 0.02259837320065603 0
0.01930981465266481 -0.02170486543926997 0
0.01158181663522194 0.02929450129259769 0
0.02046714450015934 -0.02324472044233392 0
-0.03039975510524908 -0.0081702674892695 0
-0.009110491812636424 0.02671613504918217 0
-0.01604538204503283 -0.01040426734805449 0
0.004815237664831078 0.02921755629163034 0
0.005627289062738134 0.02918518883856693 0
-0.02928039175627391 -0.00995230508627027 0
0.02184580493928624 -0.02171912630631906 0
0.00871979947961422 -0.01431050315927448 0
-0.002865302060427448 -0.02825097392171252 0
0.01376292117072399 0.01494369441216965 0
0.02728523178702389 -0.01464339223319324 0
-0.02915219411994645 0.008149508857421479 0
-0.02699667785683799 0.01526425447880655 0
0.01158327153074022 0.01837810545262128 0
-0.02450303859569308 0.01497154204664058 0
0.01572053438185762 0.02733786075868089 0
0.01148076491243981 0.025723869465386 0
0.02134434536182822 0.02249637497332138 0
-0.00811904738602863 -0.0305309594872573 0
0.01959737710123971 -0.02400593198433884 0
-0.0147754072207452 -0.02726823109769573 0
-0.02719997691019278 0.01476526423154403 0
0.02598123509818768 -0.009238032599016135 0
0.02931240205985222 -0.01151781725747424 0
0.02392569204781842 0.01565458755284909 0
0.00945998545290737 0.02958608315495523 0
0.009155640897901163 0.02897885619355803 0
0.009793236869999798 0.02846609432606137 0
0.008354354176302221 0.0285524725512589 0
-0.0249553073892399 0.01922945778186088 0
0.02924956453440427 0.009976582665246885 0
-0.02705114573320133 0.01224664762250805 0
0.0063794826810022 0.02969579089468351 0
0.01256445814530103 -0.02668506261650238 0
0.0003055429971178186 0.03107300753237247 0
0.01732555452979287 0.004801225330504209 0
0.02550249254543431 -0.01769323258586004 0
-0.02566620823475887 -0.01559712796023414 0
-0.0226155743441581 0.02059506988521372 0
0.001742948691816411 -0.03035531099579434 0
-0.01139564006522996 0.02724630330264267 0
-0.0231340177779897 -0.02046073461331722 0
0.007089129999417451 0.03007804152853365 0
-0.01252644863239845 -0.02890062672263305 0
-0.01365872107403025 -0.02705277210504894 0
-0.02986614132814251 -0.008338032227828621 0
-0.007538620312384237 -0.02081553092851136 0
-0.02733545121416702 -0.01479620841822012 0
-0.02405731713628605 -0.019539997414623 0
0.02990426357255709 -0.003397475824057712 0
0.01679766625343452 0.0261231580145947 0
0.01862504802117381 -0.01998469359245433 0
-0.02135129565897594 -0.005861818638900456 0
0.02815335961636696 0.01157878289827293 0
-0.02400848040620236 0.01211038738133931 0
0.007367406313653873 0.02840217372219645 0
0.007951640274075895 0.02743205040723945 0
0.01945404283407009 0.02029540200527419 0
-0.003169953911597316 -0.03092846739589315 0
-0.02136892562872189 -0.02158576131896779 0
-0.008345793593587144 0.02991298932942768 0
-0.007424481371268781 0.02923036639924326 0
-0.004477702424288371 0.02131694156527126 0
-0.01604886327632309 -0.02326249619106567 0
-0.0152419879118908 -0.02215051606692831 0
-0.02085026315215644 -0.02089684963912002 0
0.01636107818630008 -0.02623281445383735 0
0.0164782761783979 -0.02561506277050794 0
0.01614301280078854 -0.02501755612563019 0
-0.03096813760619786 0.001440934763138884 0
0.00575798555750067 0.02991516198951422 0
0.01959816432396932 0.02407196531733314 0
-0.009466016999192277 0.01650485749305579 0
-0.0231385370914162 0.02149502416213507 0
-0.02636225325965303 0.0162409316890242 0
0.007254173255637339 -0.03016864924884495 0
0.02641497907542839 0.001468706474482436 0
-0.03097402206569499 0.005819389892433994 0
0.03085921103291334 -0.006461537680049949 0
0.02035542557990608 0.02259570781553377 0
-0.02690806239626294 0.01425634399106089 0
-0.02745029647581805 0.01143666555652037 0
-0.0143076702848561 -0.02682427259666909 0
-0.01314158765514349 0.02861850927461418 0
-0.01914836202248782 9.647428456954138e-05 0
-0.03007109381777948 0.005308367029393464 0
-0.00826002946462619 -0.02952539423583782 0
0.01910344521296974 -0.02439123194397601 0
-0.01805270452020476 0.02295068813839786 0
0.004122124698262856 -0.03125288933560075 0
0.004108173228958432 0.03122566762020463 0
0.01438381577179315 0.02478019442869241 0
0.02462799250718866 0.01470947702120041 0
-0.02697461979212263 -0.0002398060586234541 0
-0.03084327352528837 0.003216464879235536 0
0.02924454933543074 0.01050422797599039 0
0.02706652697110183 -0.01517479314738852 0
0.0003377565715304425 -0.03100279901760634 0
0.007257011130363753 -0.02955185639276037 0
0.007892565434350985 -0.02941953818204896 0
-0.02043349909559206 0.02336223865537971 0
-0.01990954684741581 0.02291949565828631 0
0.01486373612441789 -0.0272561579302353 0
0.01391333711960423 -0.02682641632406759 0
0.01062436380718007 0.02919759935416628 0
0.005094871050832417 0.02814314771180453 0
0.01073537747744793 -0.02843094755790014 0
0.0102545336449307 -0.02771817513202048 0
-0.02836717850278658 0.01026703498572799 0
-0.02819634248465987 0.01108936956351002 0
-0.02908432407107106 0.01032996006957405 0
0.03099708979268043 0.001416599120365476 0
-0.001880256470773897 -0.01602460641737459 0
-0.02092802712454666 0.01722076302929277 0
0.01737112113493197 -0.02640488839130352 0
-0.01164121076773496 -0.02725964184862044 0
-0.01092425528741013 -0.02641405503488789 0
-0.01958351498530003 -0.01850668250787849 0
-0.01002554453933352 0.0292979038508358 0
-0.01036810550442372 0.0287421495799352 0
-0.01089571191319361 0.02824510163381094 0
-0.02702144044261 -0.01524537102224701 0
0.006617923507743489 0.03032759716215458 0
0.01676205816354536 -0.02432343636549285 0
-0.02812961776134789 0.01167620332769043 0
0.03058538023407967 -0.005454358665389623 0
-0.0008057209560231636 -0.02922375265490211 0
0.02114477296244396 0.02022455218315047 0
0.008955233066210438 0.02653474345049071 0
-0.005330594118242584 -0.02970444668533328 0
-0.005811991223232897 -0.02898326747363843 0
-0.006434941063678788 -0.02754318685474147 0
-0.005149391606380284 -0.02615604569993295 0
0.02800803861741617 0.01321313212603955 0
0.02741939165563327 0.01345463941296496 0
0.0268624371506419 0.01392765253970031 0
-0.0241123342698607 0.01956087836504137 0
-0.01063658076388401 -0.02850624837846717 0
-0.01120441420665325 -0.02819920695828272 0
-0.004356723089510056 0.02792778951402214 0
-0.01465694981640177 0.02525979422247841 0
0.0219487091403726 -0.01598278994505977 0
-0.01287482357852809 -0.02552338297536612 0
-0.01444428218326053 -0.02541688864108724 0
0.01700870180776159 -0.00533384853218515 0
0.002748610485040216 -0.02965610388312535 0
0.01056585387237097 -0.01777259684633154 0
-0.02649914566751202 0.01058704523200112 0
0.0006400756139582522 0.02970983486125995 0
-0.02758269901029086 -0.01306397208277359 0
-0.02937321363713337 -0.002132582489954603 0
-0.02919419075880749 -0.01048944323541062 0
-0.01497242158746301 0.02230866053098324 0
-0.02477281138658174 -0.01495900229272068 0
-0.02395120638366799 -0.01614249695251704 0
-0.02238482442354352 -0.01563271894870464 0
0.02837000954305942 -0.01155384816576872 0
0.02643353499489886 0.01622248375388937 0
-0.00935493745052818 0.0248312013458879 0
0.006526404098401637 -0.02813913626803376 0
-0.01722146487992149 0.02585617159760435 0
0.009232297239113785 -0.03017646862381475 0
-0.02896751142475734 -0.01251950154747428 0
0.02270249684492888 0.02032203554037385 0
-0.007901020637928146 -0.02895061406758982 0
-0.02085446177296548 -0.02295377984887618 0
-0.003730323715696436 -0.0308134898673828 0
-0.0260315881281791 0.01677117289513623 0
0.0007892379766810201 0.02871360226540521 0
-0.02538681814976227 0.01427803647398546 0
0.01170433777767465 0.02874404947172795 0
-0.0222546911027352 0.006326015904293565 0
0.008487226507207495 -0.02907100134866691 0
-0.01811978464231775 0.02151874465664633 0
-0.01278067621296891 -0.02675463351943294 0
-0.02734569563650328 0.005597881491617032 0
0.004069596398246684 0.02250848582752429 0
0.01769814009615149 0.02220110005754231 0
0.01748962090528932 0.0206105142222471 0
0.02289103612697924 -0.02080747987385552 0
-0.02835318843455699 -0.01100759988724899 0
0.03041297012508662 0.002247763407348144 0
0.008532676224301265 0.02924985305378309 0
-0.002619265703583846 0.02930985449662988 0
-0.01525224133463866 0.02704431215725316 0
-0.02164332822305554 0.02003256724752642 0
0.0100319425010612 -0.02992536001524598 0
-0.02865191117976847 -0.01328652094355065 0
0.004167437984743218 0.01597168909938583 0
-0.01944019098305766 0.0233623446600149 0
-0.001563197137476209 0.02829687830720353 0
-0.01645413369182913 -0.002692893626701884 0
0.01377913094110116 -0.02476157702967353 0
0.0009978933836644014 -0.02737014912014529 0
0.001963541459845155 -0.02614465762795986 0
-0.02942743665221006 0.009946589323285243 0
-0.005760720489595023 0.02771139888701633 0
0.02703636318172496 0.0151299042461012 0
0.02718906615620046 0.003783156525311806 0
0.01602281949976463 0.02341731835815095 0
-0.02770005311807913 0.002545339832903512 0
0.03151581878566079 -0.001719559157374014 0
-0.02443028309187807 0.01923453319197404 0
0.01207694807847934 -0.02558995391124409 0
0.01130569328934889 -0.02418339551323132 0
0.01894765955265245 -0.01786773521216162 0
-0.008085807960942425 -0.02655730704568976 0
0.02536794446604634 -0.01135324642839457 0
-0.01628500918605308 0.0264891452585987 0
-0.02680551526939588 -0.01576114226882878 0
0.02507666610200682 0.009834060690693919 0
-0.01209898982204987 -0.02864604502387077 0
-0.02616731386658971 -0.01677191716646514 0
-0.02633505831099247 -0.008610986654448581 0
-0.01520025762193671 0.02645219098376749 0
0.02764783473964857 0.006511098548221186 0
-0.02031586854553254 0.02003929439037448 0
-0.02835378820872522 -0.007359734347135647 0
-0.02776414803726542 -0.006195136019400762 0
0.0300253486988311 -0.004758770271331297 0
0.002893119354287159 -0.03040045877623336 0
-0.02805037812061514 -0.00386364438259189 0
0.02348062743874641 -0.01805995677573431 0
-0.02174713032208224 -0.0221416703596131 0
0.008714974090601459 -0.02062894864049262 0
-0.01468562199713145 0.02734484130946782 0
0.02647787449445611 -0.01324910461630024 0
-0.0105213583523312 0.02923286995269929 0
0.0103773100578398 -0.02670671916306453 0
-0.01149323582826277 -0.01608600713740748 0
0.003695883753553458 -0.03081282063256777 0
-0.02199384408342996 0.01914436299460176 0
0.004984693282747307 -0.02150617663954154 0
-0.01726304761826747 -0.02588299962591915 0
-0.01676831652035397 -0.02609997065547027 0
0.003716772715532769 0.0308237650608826 0
0.01646162857030472 0.02693915045928362 0
0.02790179555259909 0.0136986183819279 0
-0.00673294464204323 0.01534956769386909 0
0.01427628404453317 -0.02280158558108633 0
0.01172970320273498 -0.02696684167550991 0
-0.002012138352779038 -0.02656547968727683 0
-0.02438358870541106 -0.0105908714957857 0
0.0299080650788672 0.005653441375670593 0
0.02637378456369826 -0.01625587852535459 0
-0.02246423746884672 -0.02135752664423785 0
-0.02685299789780148 0.008191371627192608 0
-0.02982566184862868 0.0006444395470167854 0
0.023766868455543 0.02002524463030587 0
0.0104916642004037 0.02454707312860207 0
-0.03047824317656356 -0.006077116309763425 0
-0.014240653705892 0.02762423678057575 0
0.03106417193721781 -0.005650446514908127 0
-0.01755632432480162 -0.01899384178973525 0
0.02869576551687308 -0.001152042451200262 0
0.02751135347978091 -0.001553513881762411 0
0.03014103019115926 -0.00771717803953439 0
-0.02280199159963808 0.01466991552851196 0
-0.03020788242707597 -0.003177309044532643 0
0.02125581137762314 -0.02185134578614037 0
0.02052171616152311 -0.02153715416003428 0
0.02928645010828532 -0.008128824123460263 0
0.02212857268770669 -0.02056499049594372 0
-0.0152549660681626 -0.02713551390516182 0
0.01514961622104946 -0.02527392874035253 0
0.002322300928395353 -0.03029289005178367 0
0.01188308347581799 -0.02782693641436884 0
0.002249503375830833 0.02841317578037448 0
0.006424959834160074 0.02708780079912591 0
-0.01943752598840653 0.02183243619229308 0
-0.02807992435965207 -0.01272449786943789 0
-0.01454358752963889 -0.0262244887515728 0
0.02307287659419877 0.0125946693155958 0
0.03109833560915835 -0.002007235768788195 0
-0.004664973238253604 -0.03130761152499945 0
-0.00394040909503444 -0.02843966529975755 0
-0.0235986804559907 -0.01353131071063367 0
-0.01327228267275891 0.02805967264146106 0
0.02578413528539222 0.01386268580098086 0
0.008696774734697403 -0.02819565470799191 0
0.03098546583530947 -0.002419858153689604 0
0.0241809644550452 -0.01299945588342051 0
0.029412547839154 0.007662514392771162 0
0.02869270079035305 0.008071101920626387 0
0.02165542969212871 0.01898055412046162 0
-0.01617380403124337 -0.02648709146357118 0
0.02932758360537445 -0.004178341300091765 0
-0.0276836572727795 0.006965882324506223 0
0.003423103554022938 0.02734354422218007 0
-0.003749057953704628 -0.02716112262514661 0
-0.01258197470766302 0.007825681686781497 0
0.003235731287547671 -0.02709434021120213 0
0.01645506759964975 -0.02027924579444295 0
-0.02008491230411709 0.01559240122691508 0
-0.02696744511301963 -0.002944211685114958 0
-0.02858529089598276 0.0003628959409890015 0
-0.01456998032522679 -0.007884879045997859 0
-0.02824970680767611 -0.009319790129579668 0
0.02557913995866823 -0.002071867579273242 0
-0.01106429300241924 0.02474186941723374 0
-0.02391106138185707 0.01751867176241564 0
0.02989702355673248 0.004268746732899841 0
0.02098021834919212 0.01798273390650235 0
0.02158109385641337 0.01614421809792803 0
0.01970163634143041 0.01853791107296229 0
-0.008209717444369095 0.02850615650067171 0
-0.007906934276994768 0.02712834382395439 0
0.0133522114739926 0.02376163792258294 0
0.01889177511985612 -0.003136856423939347 0
0.02306083546361589 0.01471918258540323 0
0.009429880093959214 -0.0294000540280513 0
-0.005343424313724095 0.03063320350369235 0
0.01595231588447377 -0.02213159576792214 0
0.02453609668012544 -0.008050273057028535 0
-0.02608269943467751 0.01585929278228509 0
0.02526778382056245 -0.01808433395123618 0
-0.01918539777650598 0.01882448280084612 0
0.03028395389301373 0.007143828548673845 0
0.03094028499576688 0.003099122120290967 0
-0.006400870678437395 0.02651546305316482 0
-0.03059981017283912 0.005400991185252777 0
0.0217149218010545 -0.02218953634428063 0
0.01307491125743563 0.02740452273253278 0
-0.03011512605457228 0.00471762903045015 0
0.02389887403239054 -0.0002467285369190082 0
0.01258592004640842 0.02510336526853979 0
-0.02723659942319419 0.009688344744953389 0
-0.001386280346590864 0.02689168342607413 0
0.0302457995418615 0.003779753117623714 0
0.02632815654508873 0.006676241897899536 0
0.02881500436676734 -0.01167468002002391 0
-0.02719280510120061 -0.00174307866288756 0
0.02442444490440392 0.01917458027697937 0
0.000509499207964184 -0.03049056863289576 0
-0.0001406251124117427 -0.03106848517394552 0
0.02951836725994525 -0.007044752801871871 0
-0.01457535116144157 -0.023225622980053 0
-0.02100985931370138 0.01427906809267979 0
-0.01993941211057974 -0.01620062883756269 0
$EndNodes
$Elements
11 15370 1 15370
1 1 1 103
1 1 11 
2 11 12 
3 12 13 
4 13 14 
5 14 15 
6 15 16 
7 16 17 
8 17 18 
9 18 19 
10 19 20 
11 20 21 
12 21 22 
13 22 23 
14 23 24 
15 24 25 
16 25 26 
17 26 27 
18 27 28 
19 28 29 
20 29 30 
21 30 31 
22 31 32 
23 32 33 
24 33 34 
25 34 35 
26 35 36 
27 36 37 
28 37 38 
29 38 39 
30 39 40 
31 40 41 
32 41 42 
33 42 43 
34 43 44 
35 44 45 
36 45 46 
37 46 47 
38 47 48 
39 48 49 
40 49 50 
41 50 51 
42 51 52 
43 52 53 
44 53 54 
45 54 55 
46 55 56 
47 56 57 
48 57 58 
49 58 59 
50 59 60 
51 60 61 
52 61 62 
53 62 63 
54 63 64 
55 64 65 
56 65 66 
57 66 67 
58 67 68 
59 68 69 
60 69 70 
61 70 71 
62 71 72 
63 72 73 
64 73 74 
65 74 75 
66 75 76 
67 76 77 
68 77 78 
69 78 79 
70 79 80 
71 80 81 
72 81 82 
73 82 83 
74 83 84 
75 84 85 
76 85 86 
77 86 87 
78 87 88 
79 88 89 
80 89 90 
81 90 91 
82 91 92 
83 92 93 
84 93 94 
85 94 95 
86 95 96 
87 96 97 
88 97 98 
89 98 99 
90 99 100 
91 100 101 
92 101 102 
93 102 103 
94 103 104 
95 104 105 
96 105 106 
97 106 107 
98 107 108 
99 108 109 
100 109 110 
101 110 111 
102 111 112 
103 112 1 
2 1 2 79
104 1054 1085 1072 
105 1055 1085 1054 
106 1078 1084 1073 
107 1084 1087 1073 
108 1066 1081 1075 
109 1081 1094 1070 
110 1075 1086 1066 
111 1070 1090 1081 
112 1072 1085 1083 
113 1066 1094 1081 
114 1083 1085 1084 
115 1084 1085 1067 
116 1067 1087 1084 
117 1073 1095 1078 
118 1077 1080 1079 
119 1081 1090 1080 
120 1077 1079 1078 
121 1061 1069 1060 
122 1054 1072 1053 
123 1049 1070 1048 
124 1063 1071 1062 
125 1052 1068 1051 
126 10 1066 1065 
127 1059 1073 1058 
128 1057 1067 1056 
129 1075 1081 1077 
130 1077 1078 1076 
131 1077 1081 1080 
132 1056 1085 1055 
133 1080 1082 1079 
134 1075 1077 1076 
135 1067 1085 1056 
136 1068 1092 1082 
137 1082 1092 1072 
138 1074 1086 1075 
139 1075 1076 1071 
140 1076 1088 1071 
141 1069 1088 1076 
142 1091 1096 1090 
143 1078 1095 1076 
144 1083 1084 1079 
145 1079 1084 1078 
146 1082 1083 1079 
147 1072 1083 1082 
148 1074 1075 1071 
149 1089 1091 1090 
150 1076 1095 1069 
151 1064 1074 1063 
152 1058 1087 1057 
153 1062 1088 1061 
154 1048 1094 10 
155 1050 1089 1049 
156 1060 1093 1059 
157 1053 1092 1052 
158 1051 1091 1050 
159 1065 1086 1064 
160 1072 1092 1053 
161 1069 1093 1060 
162 1061 1088 1069 
163 1071 1088 1062 
164 1049 1089 1070 
165 1070 1094 1048 
166 1063 1074 1071 
167 1052 1092 1068 
168 1057 1087 1067 
169 1068 1091 1051 
170 1073 1087 1058 
171 1059 1093 1073 
172 1066 1086 1065 
173 10 1094 1066 
174 1082 1096 1068 
175 1080 1096 1082 
176 1068 1096 1091 
177 1089 1090 1070 
178 1064 1086 1074 
179 1050 1091 1089 
180 1093 1095 1073 
181 1090 1096 1080 
182 1069 1095 1093 
2 5 2 248
183 1128 1141 1127 
184 1159 1184 1165 
185 628 1163 627 
186 1174 1175 1130 
187 1130 1176 1174 
188 1126 1136 1133 
189 616 1146 615 
190 1153 1197 1151 
191 1121 1127 1124 
192 1125 1135 1126 
193 1103 1146 616 
194 1151 1152 1102 
195 1126 1133 1132 
196 1127 1137 1124 
197 1137 1187 1170 
198 1170 1187 1098 
199 1132 1139 1131 
200 1123 1132 1131 
201 1175 1181 1130 
202 1147 1148 1111 
203 1145 1190 1146 
204 1140 1159 1101 
205 1121 1128 1127 
206 627 1163 1104 
207 1174 1176 1097 
208 1141 1147 1104 
209 1123 1129 1119 
210 1123 1194 1129 
211 1134 1159 1125 
212 1101 1199 1140 
213 1158 1199 1101 
214 1177 1186 1109 
215 1162 1163 628 
216 1106 1181 1175 
217 1152 1182 1102 
218 624 1149 623 
219 1138 1145 1103 
220 1111 1149 624 
221 1160 1197 1112 
222 1125 1126 1122 
223 1129 1145 1119 
224 1152 1186 1177 
225 1133 1139 1132 
226 1131 1176 1130 
227 1142 1197 1160 
228 1136 1186 1133 
229 1120 1132 1123 
230 1125 1159 1140 
231 1139 1142 1131 
232 1142 1161 1131 
233 1104 1163 1141 
234 1133 1151 1139 
235 1148 1149 1111 
236 1121 1124 1122 
237 1145 1146 1103 
238 1161 1176 1131 
239 1135 1195 1155 
240 1160 1161 1142 
241 1151 1197 1139 
242 1170 1171 1137 
243 1123 1131 1130 
244 1129 1190 1145 
245 1159 1165 1101 
246 1125 1140 1135 
247 1133 1152 1151 
248 1147 1173 1104 
249 1127 1164 1137 
250 1107 1164 1143 
251 1143 1162 1107 
252 1107 1172 1164 
253 1121 1178 1128 
254 1193 1196 1155 
255 1134 1184 1159 
256 1134 1171 1169 
257 1172 1187 1164 
258 1111 1173 1147 
259 1146 1180 615 
260 1118 1178 1121 
261 1140 1179 1135 
262 1130 1194 1123 
263 1124 1200 1122 
264 1126 1132 1122 
265 1144 1145 1138 
266 1099 1183 1150 
267 603 1109 602 
268 627 1104 626 
269 599 1110 598 
270 6 1098 631 
271 630 1107 629 
272 593 1105 592 
273 622 1099 621 
274 608 1112 607 
275 596 1101 595 
276 620 1108 619 
277 614 1106 613 
278 606 1102 605 
279 617 1103 616 
280 611 1097 610 
281 601 1100 600 
282 625 1111 624 
283 1124 1171 1134 
284 1102 1153 1151 
285 1166 1185 1115 
286 1148 1150 1149 
287 1114 1138 1113 
288 1169 1170 1168 
289 1128 1148 1147 
290 1141 1163 1143 
291 1140 1199 1179 
292 1143 1164 1127 
293 1108 1115 1114 
294 1097 1176 1161 
295 1150 1183 1149 
296 1141 1143 1127 
297 1099 1185 1166 
298 1122 1132 1120 
299 1148 1178 1150 
300 1128 1147 1141 
301 1122 1200 1125 
302 1119 1145 1144 
303 1186 1198 1109 
304 1120 1123 1119 
305 1105 1184 1169 
306 1108 1166 1115 
307 1150 1185 1099 
308 1155 1196 1135 
309 1139 1197 1142 
310 1143 1163 1162 
311 1100 1193 1155 
312 1108 1114 1113 
313 1100 1155 1154 
314 1105 1169 1168 
315 1149 1183 623 
316 1114 1144 1138 
317 1133 1186 1152 
318 1136 1196 1193 
319 1169 1184 1134 
320 1135 1196 1126 
321 621 1166 620 
322 619 1113 618 
323 602 1167 601 
324 609 1160 608 
325 597 1158 596 
326 631 1172 630 
327 612 1174 611 
328 629 1162 628 
329 594 1157 593 
330 592 1168 591 
331 598 1156 597 
332 613 1175 612 
333 595 1165 594 
334 600 1154 599 
335 626 1173 625 
336 1110 1156 598 
337 630 1172 1107 
338 1101 1165 595 
339 1100 1154 600 
340 611 1174 1097 
341 1098 1172 631 
342 1107 1162 629 
343 1104 1173 626 
344 1109 1167 602 
345 1099 1166 621 
346 625 1173 1111 
347 599 1154 1110 
348 620 1166 1108 
349 601 1167 1100 
350 608 1160 1112 
351 593 1157 1105 
352 1105 1168 592 
353 596 1158 1101 
354 1108 1113 619 
355 1106 1175 613 
356 1103 1189 1138 
357 1098 1188 1170 
358 1155 1195 1154 
359 603 1177 1109 
360 615 1180 614 
361 623 1183 622 
362 1102 1182 605 
363 1119 1144 1116 
364 1110 1179 1156 
365 604 1177 603 
366 1161 1192 1097 
367 6 1188 1098 
368 617 1189 1103 
369 1112 1191 607 
370 606 1191 1102 
371 1097 1192 610 
372 1150 1178 1117 
373 1121 1122 1120 
374 1160 1192 1161 
375 1169 1171 1170 
376 1170 1188 1168 
377 1138 1189 1113 
378 1137 1171 1124 
379 1157 1184 1105 
380 1118 1121 1120 
381 1154 1195 1110 
382 1102 1191 1153 
383 1153 1191 1112 
384 614 1180 1106 
385 605 1182 604 
386 622 1183 1099 
387 1118 1119 1116 
388 1115 1185 1117 
389 1125 1200 1134 
390 1126 1196 1136 
391 1106 1190 1181 
392 594 1165 1157 
393 612 1175 1174 
394 1156 1158 597 
395 1109 1198 1167 
396 1115 1117 1116 
397 1115 1116 1114 
398 591 1188 6 
399 618 1189 617 
400 607 1191 606 
401 610 1192 609 
402 1167 1198 1193 
403 1180 1190 1106 
404 1134 1200 1124 
405 1168 1188 591 
406 1113 1189 618 
407 609 1192 1160 
408 604 1182 1177 
409 1177 1182 1152 
410 1179 1199 1156 
411 1167 1193 1100 
412 1112 1197 1153 
413 1116 1144 1114 
414 1156 1199 1158 
415 1098 1187 1172 
416 1128 1178 1148 
417 1118 1120 1119 
418 1110 1195 1179 
419 1117 1178 1118 
420 1117 1185 1150 
421 1117 1118 1116 
422 1179 1195 1135 
423 1164 1187 1137 
424 1146 1190 1180 
425 1181 1190 1129 
426 1136 1198 1186 
427 1181 1194 1130 
428 1193 1198 1136 
429 1129 1194 1181 
430 1165 1184 1157 
2 6 2 258
431 1227 1230 1228 
432 1257 1258 1236 
433 1234 1235 1225 
434 1264 1294 1247 
435 1247 1299 1264 
436 1229 1237 1234 
437 1230 1238 1228 
438 1207 1286 1274 
439 696 1261 1216 
440 1234 1239 1235 
441 1211 1274 1242 
442 1254 1307 1287 
443 1212 1294 1264 
444 1204 1301 1270 
445 1274 1286 1242 
446 1204 1270 1269 
447 1254 1287 1209 
448 1262 1263 1252 
449 1250 1299 1247 
450 1227 1228 1226 
451 1264 1299 1206 
452 1208 1262 1252 
453 1239 1301 1240 
454 1248 1300 1245 
455 1239 1240 1235 
456 697 1261 696 
457 1242 1283 1211 
458 1223 1247 1246 
459 1291 1308 1275 
460 1229 1241 1237 
461 1215 1249 1244 
462 1227 1305 1230 
463 1205 1291 1275 
464 1263 1281 1209 
465 1232 1244 1231 
466 1230 1287 1238 
467 1258 1260 1259 
468 1241 1291 1237 
469 1257 1286 1256 
470 1229 1234 1226 
471 1246 1294 1248 
472 1256 1286 1207 
473 1209 1287 1263 
474 1216 1261 1258 
475 1258 1259 1236 
476 1246 1248 1245 
477 1247 1294 1246 
478 1248 1294 1279 
479 1279 1294 1212 
480 1282 1283 1240 
481 1244 1251 1215 
482 1226 1234 1225 
483 1203 1251 1245 
484 1227 1232 1231 
485 1236 1259 1225 
486 1235 1309 1225 
487 1245 1300 1203 
488 1225 1259 1222 
489 1228 1304 1226 
490 1224 1227 1226 
491 1248 1279 1255 
492 1240 1283 1235 
493 1240 1301 1253 
494 1287 1307 1238 
495 1241 1297 1266 
496 1211 1283 1282 
497 1224 1303 1227 
498 1241 1308 1291 
499 1253 1282 1240 
500 692 1211 691 
501 699 1201 698 
502 706 1212 705 
503 687 1213 686 
504 711 1215 710 
505 681 1210 680 
506 684 1205 683 
507 8 1208 713 
508 709 1203 708 
509 704 1206 703 
510 678 1202 677 
511 689 1204 688 
512 694 1207 693 
513 701 1214 700 
514 696 1216 695 
515 675 1209 674 
516 1223 1250 1247 
517 1258 1261 1260 
518 1219 1293 1280 
519 1226 1304 1229 
520 1244 1249 1231 
521 1253 1301 1204 
522 1217 1243 1218 
523 686 1272 685 
524 1259 1260 1221 
525 1213 1272 686 
526 1215 1289 1249 
527 1216 1258 1257 
528 1218 1219 1214 
529 1270 1271 1213 
530 1260 1302 1201 
531 1245 1251 1244 
532 1255 1300 1248 
533 1280 1293 1201 
534 1246 1303 1223 
535 1237 1285 1271 
536 1252 1290 1208 
537 1237 1273 1234 
538 1235 1283 1242 
539 1271 1273 1237 
540 1242 1286 1236 
541 1229 1297 1241 
542 1262 1281 1263 
543 1205 1288 1285 
544 1219 1280 1214 
545 1225 1309 1236 
546 1231 1305 1227 
547 1285 1291 1205 
548 1202 1284 1268 
549 1271 1272 1213 
550 1271 1285 1272 
551 1277 1284 1202 
552 1266 1292 1210 
553 1216 1257 1256 
554 1269 1270 1213 
555 1217 1218 1214 
556 1202 1268 1267 
557 1201 1293 1260 
558 1278 1290 1249 
559 1261 1302 1260 
560 1206 1299 1243 
561 713 1278 712 
562 708 1255 707 
563 682 1265 681 
564 688 1269 687 
565 700 1280 699 
566 693 1274 692 
567 707 1279 706 
568 680 1276 679 
569 705 1264 704 
570 690 1253 689 
571 702 1217 701 
572 676 1254 675 
573 683 1275 682 
574 695 1256 694 
575 674 1281 673 
576 691 1282 690 
577 673 1262 8 
578 677 1267 676 
579 679 1277 678 
580 8 1262 1208 
581 699 1280 1201 
582 675 1254 1209 
583 1202 1267 677 
584 678 1277 1202 
585 1210 1276 680 
586 1208 1278 713 
587 687 1269 1213 
588 1216 1256 695 
589 692 1274 1211 
590 694 1256 1207 
591 1203 1255 708 
592 1214 1280 700 
593 1207 1274 693 
594 1211 1282 691 
595 1204 1269 688 
596 704 1264 1206 
597 1205 1275 683 
598 701 1217 1214 
599 689 1253 1204 
600 681 1265 1210 
601 706 1279 1212 
602 1212 1264 705 
603 1209 1281 674 
604 1249 1289 1278 
605 1243 1298 1206 
606 1232 1245 1244 
607 1252 1263 1230 
608 1220 1250 1223 
609 1270 1301 1239 
610 711 1289 1215 
611 1263 1287 1230 
612 684 1288 1205 
613 1265 1266 1210 
614 1215 1295 710 
615 709 1295 1203 
616 1268 1296 1238 
617 1206 1298 703 
618 698 1302 697 
619 1232 1246 1245 
620 1224 1226 1225 
621 1236 1286 1257 
622 1238 1296 1228 
623 1251 1295 1215 
624 1203 1295 1251 
625 685 1288 684 
626 1243 1250 1218 
627 1217 1298 1243 
628 1222 1259 1221 
629 1249 1290 1231 
630 1224 1225 1222 
631 712 1289 711 
632 697 1302 1261 
633 1208 1290 1278 
634 1220 1223 1222 
635 1221 1293 1219 
636 1234 1273 1239 
637 1285 1288 1272 
638 1210 1292 1276 
639 1255 1279 707 
640 682 1275 1265 
641 673 1281 1262 
642 676 1267 1254 
643 1276 1277 679 
644 690 1282 1253 
645 710 1295 709 
646 1243 1299 1250 
647 1220 1221 1219 
648 1231 1290 1252 
649 1218 1220 1219 
650 703 1298 702 
651 1272 1288 685 
652 1270 1273 1271 
653 1278 1289 712 
654 1201 1302 698 
655 1277 1306 1284 
656 1284 1296 1268 
657 702 1298 1217 
658 1203 1300 1255 
659 1227 1303 1232 
660 1260 1293 1221 
661 1236 1309 1242 
662 1268 1307 1267 
663 1266 1297 1292 
664 1233 1296 1284 
665 1237 1291 1285 
666 1223 1224 1222 
667 1218 1250 1220 
668 1242 1309 1235 
669 1220 1222 1221 
670 1233 1304 1296 
671 1284 1306 1233 
672 1238 1307 1268 
673 1265 1308 1266 
674 1239 1273 1270 
675 1297 1304 1233 
676 1223 1303 1224 
677 1292 1306 1276 
678 1276 1306 1277 
679 1233 1306 1292 
680 1267 1307 1254 
681 1229 1304 1297 
682 1275 1308 1265 
683 1266 1308 1241 
684 1232 1303 1246 
685 1252 1305 1231 
686 1230 1305 1252 
687 1292 1297 1233 
688 1296 1304 1228 
2 7 2 254
689 1336 1341 1337 
690 1320 1400 1381 
691 1347 1404 1315 
692 1315 1393 1347 
693 1342 1368 1341 
694 1371 1402 1352 
695 1366 1367 1323 
696 1324 1395 1362 
697 1362 1373 1324 
698 1338 1345 1339 
699 1352 1406 1371 
700 672 1361 671 
701 1341 1346 1337 
702 1317 1361 672 
703 1313 1373 1365 
704 1321 1402 1371 
705 1381 1400 1348 
706 1372 1373 1313 
707 1364 1409 1340 
708 1368 1375 1369 
709 1356 1406 1352 
710 1376 1415 1394 
711 1336 1342 1341 
712 1336 1337 1335 
713 1323 1393 1374 
714 1371 1406 1311 
715 1312 1375 1368 
716 1315 1404 1383 
717 1376 1394 1319 
718 1367 1393 1323 
719 1343 1348 1342 
720 1353 1407 1350 
721 1357 1397 1325 
722 1332 1352 1351 
723 1362 1395 1361 
724 1310 1355 1354 
725 1323 1370 1366 
726 1359 1360 1317 
727 1341 1394 1346 
728 1338 1354 1345 
729 1366 1410 1365 
730 1360 1361 1317 
731 1340 1365 1364 
732 1351 1402 1353 
733 1338 1339 1335 
734 1316 1382 1350 
735 1351 1353 1350 
736 1352 1402 1351 
737 1353 1402 1379 
738 1354 1357 1310 
739 1379 1402 1321 
740 1380 1400 1320 
741 1392 1400 1380 
742 1365 1410 1313 
743 1357 1398 1397 
744 1364 1373 1362 
745 1348 1382 1381 
746 1348 1400 1342 
747 1350 1407 1316 
748 1345 1416 1339 
749 1336 1343 1342 
750 1350 1382 1348 
751 1337 1412 1335 
752 1340 1366 1365 
753 1340 1367 1366 
754 1333 1336 1335 
755 1379 1384 1353 
756 1369 1390 1319 
757 1333 1411 1336 
758 1334 1363 1331 
759 1361 1395 671 
760 1332 1356 1352 
761 645 1320 644 
762 658 1310 657 
763 665 1323 664 
764 670 1324 669 
765 642 1316 641 
766 634 1318 633 
767 656 1325 655 
768 661 1322 660 
769 7 1317 672 
770 647 1312 646 
771 668 1313 667 
772 639 1321 638 
773 650 1319 649 
774 663 1315 662 
775 637 1311 636 
776 653 1314 652 
777 1354 1355 1345 
778 1393 1408 1347 
779 1334 1409 1364 
780 1339 1416 1347 
781 1319 1394 1369 
782 1335 1412 1338 
783 1367 1408 1393 
784 1394 1415 1346 
785 1326 1349 1327 
786 633 1358 632 
787 1360 1362 1361 
788 1318 1358 633 
789 1365 1373 1364 
790 1343 1350 1348 
791 1327 1328 1318 
792 1351 1411 1332 
793 1370 1388 1366 
794 1310 1396 1355 
795 1384 1407 1353 
796 1328 1359 1358 
797 1368 1369 1341 
798 1368 1392 1312 
799 1334 1364 1363 
800 1339 1409 1335 
801 1330 1360 1359 
802 1314 1389 1378 
803 1317 1391 1359 
804 1328 1358 1318 
805 1388 1410 1366 
806 1387 1399 1355 
807 1369 1394 1341 
808 1330 1359 1328 
809 1386 1389 1314 
810 1375 1390 1369 
811 1314 1378 1377 
812 1324 1373 1372 
813 1326 1327 1318 
814 666 1370 665 
815 665 1370 1323 
816 1335 1409 1334 
817 1311 1406 1349 
818 635 1326 634 
819 651 1376 650 
820 641 1384 640 
821 638 1371 637 
822 660 1387 659 
823 662 1383 661 
824 646 1380 645 
825 664 1374 663 
826 652 1377 651 
827 669 1372 668 
828 654 1386 653 
829 640 1379 639 
830 644 1381 643 
831 648 1375 647 
832 655 1385 654 
833 1324 1372 669 
834 647 1375 1312 
835 637 1371 1311 
836 639 1379 1321 
837 645 1380 1320 
838 668 1372 1313 
839 1322 1387 660 
840 1325 1385 655 
841 661 1383 1322 
842 1316 1384 641 
843 1314 1377 652 
844 1320 1381 644 
845 650 1376 1319 
846 1315 1383 662 
847 663 1374 1315 
848 1321 1371 638 
849 634 1326 1318 
850 1323 1374 664 
851 653 1386 1314 
852 1312 1380 646 
853 667 1388 666 
854 1349 1405 1311 
855 1313 1388 667 
856 1322 1404 1399 
857 1319 1390 649 
858 1329 1356 1332 
859 671 1395 670 
860 1355 1396 1387 
861 658 1396 1310 
862 7 1391 1317 
863 1310 1401 657 
864 656 1401 1325 
865 1325 1401 1357 
866 1357 1401 1310 
867 1378 1403 1346 
868 1311 1405 636 
869 642 1413 1316 
870 1343 1351 1350 
871 649 1390 648 
872 1333 1335 1334 
873 1346 1403 1337 
874 1340 1408 1367 
875 632 1391 7 
876 1349 1356 1327 
877 1326 1405 1349 
878 1331 1363 1330 
879 1359 1391 1358 
880 1333 1334 1331 
881 1330 1363 1360 
882 1354 1398 1357 
883 1355 1399 1345 
884 659 1396 658 
885 670 1395 1324 
886 1322 1399 1387 
887 1316 1413 1382 
888 1329 1332 1331 
889 1342 1392 1368 
890 657 1401 656 
891 666 1388 1370 
892 1325 1397 1385 
893 651 1377 1376 
894 1385 1386 654 
895 640 1384 1379 
896 1349 1406 1356 
897 1374 1393 1315 
898 1329 1330 1328 
899 1363 1364 1362 
900 1382 1413 1381 
901 1327 1329 1328 
902 1358 1391 632 
903 636 1405 635 
904 1312 1392 1380 
905 648 1390 1375 
906 1386 1414 1389 
907 1387 1396 659 
908 643 1413 642 
909 1383 1404 1322 
910 1389 1403 1378 
911 635 1405 1326 
912 1360 1363 1362 
913 1381 1413 643 
914 1397 1398 1344 
915 1398 1412 1344 
916 1313 1410 1388 
917 1336 1411 1343 
918 1378 1415 1377 
919 1342 1400 1392 
920 1316 1407 1384 
921 1332 1333 1331 
922 1347 1408 1339 
923 1344 1403 1389 
924 1327 1356 1329 
925 1329 1331 1330 
926 1338 1398 1354 
927 1344 1412 1403 
928 1404 1416 1399 
929 1346 1415 1378 
930 1389 1414 1344 
931 1332 1411 1333 
932 1397 1414 1385 
933 1385 1414 1386 
934 1344 1414 1397 
935 1377 1415 1376 
936 1340 1409 1408 
937 1343 1411 1351 
938 1338 1412 1398 
939 1403 1412 1337 
940 1347 1416 1404 
941 1399 1416 1345 
942 1408 1409 1339 
2 8 2 248
943 1448 1461 1447 
944 191 1483 190 
945 1454 1478 1445 
946 1492 1493 1450 
947 1450 1496 1492 
948 1446 1456 1453 
949 179 1466 178 
950 1473 1517 1471 
951 1441 1447 1444 
952 1454 1500 1478 
953 1445 1455 1446 
954 1423 1466 179 
955 1471 1472 1422 
956 1446 1453 1452 
957 1447 1457 1444 
958 1457 1507 1488 
959 1425 1500 1487 
960 1488 1507 1418 
961 1452 1459 1451 
962 1445 1478 1460 
963 1443 1452 1451 
964 1493 1502 1450 
965 1467 1468 1430 
966 1465 1510 1466 
967 1441 1448 1447 
968 190 1483 1424 
969 1492 1496 1417 
970 1461 1467 1424 
971 1443 1449 1439 
972 1443 1514 1449 
973 1421 1519 1460 
974 1460 1478 1421 
975 1479 1519 1421 
976 1497 1506 1429 
977 1482 1483 191 
978 1426 1502 1493 
979 1472 1503 1422 
980 187 1469 186 
981 1458 1465 1423 
982 1430 1469 187 
983 1480 1517 1432 
984 1445 1446 1442 
985 1449 1465 1439 
986 1472 1506 1497 
987 1453 1459 1452 
988 1451 1496 1450 
989 1462 1517 1480 
990 1456 1506 1453 
991 1440 1452 1443 
992 1459 1462 1451 
993 1462 1481 1451 
994 1424 1483 1461 
995 1453 1471 1459 
996 1468 1469 1430 
997 1441 1444 1442 
998 1465 1466 1423 
999 1481 1496 1451 
1000 1455 1515 1495 
1001 1478 1500 1477 
1002 1480 1481 1462 
1003 1471 1517 1459 
1004 1488 1489 1457 
1005 1443 1451 1450 
1006 1477 1500 1476 
1007 1449 1510 1465 
1008 1445 1460 1455 
1009 1453 1472 1471 
1010 1487 1500 1454 
1011 1467 1491 1424 
1012 1447 1484 1457 
1013 1427 1484 1463 
1014 1463 1482 1427 
1015 1427 1490 1484 
1016 1476 1500 1425 
1017 1441 1498 1448 
1018 1513 1516 1495 
1019 1454 1489 1487 
1020 1490 1507 1484 
1021 1430 1491 1467 
1022 1466 1501 178 
1023 1438 1498 1441 
1024 1460 1499 1455 
1025 1450 1514 1443 
1026 1444 1520 1442 
1027 1446 1452 1442 
1028 1464 1465 1458 
1029 1419 1504 1470 
1030 166 1429 165 
1031 190 1424 189 
1032 162 1431 161 
1033 3 1418 194 
1034 193 1427 192 
1035 156 1425 155 
1036 188 1430 187 
1037 185 1419 184 
1038 171 1432 170 
1039 159 1421 158 
1040 183 1428 182 
1041 177 1426 176 
1042 169 1422 168 
1043 180 1423 179 
1044 164 1420 163 
1045 174 1417 173 
1046 1444 1489 1454 
1047 1422 1473 1471 
1048 1485 1505 1435 
1049 1468 1470 1469 
1050 1434 1458 1433 
1051 1487 1488 1486 
1052 1448 1468 1467 
1053 1461 1483 1463 
1054 1460 1519 1499 
1055 1463 1484 1447 
1056 1428 1435 1434 
1057 1417 1496 1481 
1058 1470 1504 1469 
1059 1461 1463 1447 
1060 1419 1505 1485 
1061 1442 1452 1440 
1062 1468 1498 1470 
1063 1448 1467 1461 
1064 1442 1520 1445 
1065 1439 1465 1464 
1066 1506 1518 1429 
1067 1440 1443 1439 
1068 1428 1485 1435 
1069 1470 1505 1419 
1070 1495 1516 1455 
1071 1459 1517 1462 
1072 1463 1483 1482 
1073 1420 1513 1495 
1074 1428 1434 1433 
1075 1420 1495 1494 
1076 1425 1487 1486 
1077 1421 1478 1477 
1078 1469 1504 186 
1079 1434 1464 1458 
1080 1453 1506 1472 
1081 1456 1516 1513 
1082 1455 1516 1446 
1083 184 1485 183 
1084 182 1433 181 
1085 165 1475 164 
1086 172 1480 171 
1087 160 1479 159 
1088 194 1490 193 
1089 192 1482 191 
1090 175 1492 174 
1091 157 1476 156 
1092 158 1477 157 
1093 155 1486 154 
1094 161 1474 160 
1095 176 1493 175 
1096 163 1494 162 
1097 189 1491 188 
1098 1431 1474 161 
1099 1421 1477 158 
1100 1420 1494 163 
1101 1427 1482 192 
1102 1424 1491 189 
1103 1429 1475 165 
1104 1419 1485 184 
1105 188 1491 1430 
1106 162 1494 1431 
1107 183 1485 1428 
1108 164 1475 1420 
1109 171 1480 1432 
1110 1425 1486 155 
1111 156 1476 1425 
1112 193 1490 1427 
1113 1418 1490 194 
1114 159 1479 1421 
1115 1428 1433 182 
1116 174 1492 1417 
1117 1426 1493 176 
1118 1423 1509 1458 
1119 1418 1508 1488 
1120 1495 1515 1494 
1121 166 1497 1429 
1122 178 1501 177 
1123 186 1504 185 
1124 1422 1503 168 
1125 1439 1464 1436 
1126 1431 1499 1474 
1127 167 1497 166 
1128 1481 1512 1417 
1129 3 1508 1418 
1130 180 1509 1423 
1131 1432 1511 170 
1132 169 1511 1422 
1133 1417 1512 173 
1134 1470 1498 1437 
1135 1441 1442 1440 
1136 1480 1512 1481 
1137 1487 1489 1488 
1138 1488 1508 1486 
1139 1458 1509 1433 
1140 1457 1489 1444 
1141 1438 1441 1440 
1142 1494 1515 1431 
1143 1422 1511 1473 
1144 1473 1511 1432 
1145 177 1501 1426 
1146 168 1503 167 
1147 185 1504 1419 
1148 1438 1439 1436 
1149 1435 1505 1437 
1150 1445 1520 1454 
1151 1446 1516 1456 
1152 1426 1510 1502 
1153 157 1477 1476 
1154 175 1493 1492 
1155 1474 1479 160 
1156 1429 1518 1475 
1157 1435 1437 1436 
1158 1435 1436 1434 
1159 154 1508 3 
1160 181 1509 180 
1161 170 1511 169 
1162 173 1512 172 
1163 1475 1518 1513 
1164 1501 1510 1426 
1165 1454 1520 1444 
1166 1486 1508 154 
1167 1433 1509 181 
1168 172 1512 1480 
1169 167 1503 1497 
1170 1497 1503 1472 
1171 1499 1519 1474 
1172 1475 1513 1420 
1173 1432 1517 1473 
1174 1436 1464 1434 
1175 1474 1519 1479 
1176 1418 1507 1490 
1177 1448 1498 1468 
1178 1438 1440 1439 
1179 1431 1515 1499 
1180 1437 1498 1438 
1181 1437 1505 1470 
1182 1437 1438 1436 
1183 1499 1515 1455 
1184 1484 1507 1457 
1185 1466 1510 1501 
1186 1502 1510 1449 
1187 1456 1518 1506 
1188 1502 1514 1450 
1189 1513 1518 1456 
1190 1449 1514 1502 
2 9 2 258
1191 1552 1593 1545 
1192 1547 1553 1548 
1193 1550 1551 1545 
1194 1555 1570 1553 
1195 1587 1626 1606 
1196 1587 1606 1533 
1197 1545 1593 1542 
1198 1526 1584 1539 
1199 1549 1557 1550 
1200 1550 1559 1551 
1201 1553 1558 1548 
1202 1539 1618 1526 
1203 1566 1628 1565 
1204 1523 1576 1575 
1205 1567 1576 1523 
1206 1531 1581 1577 
1207 1547 1548 1546 
1208 1565 1619 1563 
1209 1543 1566 1564 
1210 1547 1555 1553 
1211 1556 1561 1555 
1212 1552 1595 1592 
1213 1543 1569 1566 
1214 1529 1609 1588 
1215 1588 1609 1561 
1216 1571 1604 1570 
1217 1570 1604 1522 
1218 1612 1627 1603 
1219 1597 1606 1598 
1220 1533 1606 1597 
1221 1572 1578 1530 
1222 1561 1621 1588 
1223 1553 1606 1558 
1224 1549 1550 1546 
1225 1564 1565 1563 
1226 1573 1578 1572 
1227 1542 1593 1541 
1228 1521 1612 1603 
1229 1577 1581 1557 
1230 1523 1577 1567 
1231 1588 1621 1579 
1232 1559 1572 1551 
1233 1551 1586 1560 
1234 1528 1621 1619 
1235 1546 1550 1545 
1236 1561 1609 1555 
1237 1590 1618 1591 
1238 1530 1586 1572 
1239 1526 1618 1590 
1240 1606 1626 1558 
1241 1564 1566 1565 
1242 1591 1618 1541 
1243 1547 1556 1555 
1244 1592 1593 1552 
1245 1549 1567 1557 
1246 1548 1624 1546 
1247 1560 1612 1552 
1248 1551 1629 1545 
1249 1544 1547 1546 
1250 1567 1620 1576 
1251 1572 1586 1551 
1252 1568 1569 1543 
1253 1522 1598 1570 
1254 1596 1600 1565 
1255 1544 1623 1547 
1256 146 1534 145 
1257 139 1521 138 
1258 151 1536 150 
1259 133 1525 132 
1260 126 1532 125 
1261 130 1531 129 
1262 115 1529 114 
1263 142 1535 141 
1264 123 1527 122 
1265 2 1528 153 
1266 128 1523 127 
1267 149 1524 148 
1268 120 1533 119 
1269 144 1526 143 
1270 118 1522 117 
1271 136 1530 135 
1272 1524 1569 1562 
1273 1567 1577 1557 
1274 1546 1624 1549 
1275 1563 1621 1561 
1276 1580 1582 1581 
1277 1537 1562 1538 
1278 141 1594 140 
1279 1535 1594 141 
1280 1560 1627 1612 
1281 1564 1623 1543 
1282 1556 1563 1561 
1283 1591 1592 1535 
1284 1538 1539 1534 
1285 1552 1612 1595 
1286 1545 1629 1552 
1287 1592 1595 1594 
1288 1557 1583 1550 
1289 1619 1621 1563 
1290 1529 1608 1571 
1291 1541 1593 1591 
1292 1559 1573 1572 
1293 1600 1619 1565 
1294 1539 1584 1534 
1295 1555 1571 1570 
1296 1550 1583 1559 
1297 1576 1611 1532 
1298 1565 1628 1596 
1299 1571 1609 1529 
1300 1527 1605 1602 
1301 1521 1607 1595 
1302 1592 1594 1535 
1303 1599 1605 1527 
1304 1590 1591 1535 
1305 1527 1602 1601 
1306 1580 1581 1531 
1307 1575 1576 1532 
1308 1537 1538 1534 
1309 1573 1617 1525 
1310 1536 1628 1574 
1311 1525 1613 1573 
1312 1524 1574 1569 
1313 1595 1612 1521 
1314 1571 1608 1604 
1315 1596 1628 1536 
1316 1549 1620 1567 
1317 1597 1598 1522 
1318 122 1601 121 
1319 143 1590 142 
1320 121 1587 120 
1321 127 1575 126 
1322 153 1600 152 
1323 138 1603 137 
1324 145 1584 144 
1325 124 1599 123 
1326 125 1589 124 
1327 137 1585 136 
1328 135 1578 134 
1329 147 1537 146 
1330 114 1588 113 
1331 131 1580 130 
1332 152 1596 151 
1333 117 1604 116 
1334 113 1579 2 
1335 119 1597 118 
1336 2 1579 1528 
1337 1534 1584 145 
1338 1522 1604 117 
1339 118 1597 1522 
1340 126 1575 1532 
1341 151 1596 1536 
1342 1528 1600 153 
1343 1533 1597 119 
1344 1530 1578 135 
1345 1529 1588 114 
1346 1527 1601 122 
1347 1521 1603 138 
1348 146 1537 1534 
1349 142 1590 1535 
1350 144 1584 1526 
1351 123 1599 1527 
1352 1532 1589 125 
1353 130 1580 1531 
1354 120 1587 1533 
1355 136 1585 1530 
1356 1526 1590 143 
1357 1523 1575 127 
1358 1541 1618 1539 
1359 1582 1616 1525 
1360 1562 1615 1524 
1361 1523 1610 1577 
1362 1577 1610 1531 
1363 1540 1568 1543 
1364 1573 1613 1578 
1365 1585 1586 1530 
1366 1579 1621 1528 
1367 115 1608 1529 
1368 128 1610 1523 
1369 1531 1610 129 
1370 139 1607 1521 
1371 133 1613 1525 
1372 1598 1606 1553 
1373 1525 1617 1582 
1374 1524 1615 148 
1375 1525 1616 132 
1376 1602 1614 1558 
1377 149 1622 1524 
1378 1536 1622 150 
1379 1556 1564 1563 
1380 1544 1546 1545 
1381 1558 1614 1548 
1382 140 1607 139 
1383 1569 1574 1566 
1384 1562 1568 1538 
1385 1570 1598 1553 
1386 1537 1615 1562 
1387 1582 1583 1581 
1388 1580 1616 1582 
1389 1562 1569 1568 
1390 1574 1628 1566 
1391 1595 1607 1594 
1392 1544 1545 1542 
1393 116 1608 115 
1394 129 1610 128 
1395 1540 1543 1542 
1396 1552 1629 1560 
1397 1532 1611 1589 
1398 1589 1599 124 
1399 152 1600 1596 
1400 113 1588 1579 
1401 137 1603 1585 
1402 121 1601 1587 
1403 134 1613 133 
1404 1583 1617 1559 
1405 1540 1541 1539 
1406 1582 1617 1583 
1407 1524 1622 1574 
1408 1574 1622 1536 
1409 1581 1583 1557 
1410 1538 1540 1539 
1411 1594 1607 140 
1412 1591 1593 1592 
1413 148 1615 147 
1414 132 1616 131 
1415 1555 1609 1571 
1416 1604 1608 116 
1417 1560 1629 1551 
1418 1599 1625 1605 
1419 150 1622 149 
1420 1578 1613 134 
1421 1605 1614 1602 
1422 147 1615 1537 
1423 131 1616 1580 
1424 1559 1617 1573 
1425 1547 1623 1556 
1426 1602 1626 1601 
1427 1528 1619 1600 
1428 1554 1614 1605 
1429 1543 1544 1542 
1430 1538 1568 1540 
1431 1576 1620 1611 
1432 1540 1542 1541 
1433 1585 1627 1586 
1434 1554 1624 1614 
1435 1605 1625 1554 
1436 1558 1626 1602 
1437 1543 1623 1544 
1438 1620 1624 1554 
1439 1611 1625 1589 
1440 1589 1625 1599 
1441 1554 1625 1611 
1442 1549 1624 1620 
1443 1601 1626 1587 
1444 1603 1627 1585 
1445 1586 1627 1560 
1446 1556 1623 1564 
1447 1614 1624 1548 
1448 1611 1620 1554 
2 10 2 262
1449 1656 1659 1657 
1450 1663 1664 1654 
1451 1687 1723 1676 
1452 1676 1728 1687 
1453 1658 1666 1663 
1454 1659 1667 1657 
1455 1636 1715 1699 
1456 1663 1668 1664 
1457 1640 1699 1671 
1458 1683 1738 1716 
1459 1641 1723 1687 
1460 1633 1732 1695 
1461 1699 1715 1671 
1462 1633 1695 1694 
1463 1683 1716 1639 
1464 1685 1686 1681 
1465 1679 1728 1676 
1466 1648 1730 1706 
1467 1706 1730 1630 
1468 1656 1657 1655 
1469 1687 1728 1635 
1470 1637 1685 1681 
1471 1668 1732 1669 
1472 1677 1731 1674 
1473 1668 1669 1664 
1474 1671 1711 1640 
1475 1652 1676 1675 
1476 1721 1739 1700 
1477 1658 1670 1666 
1478 1644 1678 1673 
1479 1656 1736 1659 
1480 1634 1721 1700 
1481 1686 1701 1639 
1482 1661 1673 1660 
1483 1659 1716 1667 
1484 1670 1721 1666 
1485 1691 1715 1707 
1486 1658 1663 1655 
1487 1675 1723 1677 
1488 1707 1715 1636 
1489 1639 1716 1686 
1490 1675 1677 1674 
1491 1676 1723 1675 
1492 1677 1723 1705 
1493 1705 1723 1641 
1494 1708 1711 1669 
1495 1673 1680 1644 
1496 1655 1663 1654 
1497 1632 1680 1674 
1498 1656 1661 1660 
1499 1664 1740 1654 
1500 1674 1731 1632 
1501 1657 1735 1655 
1502 1653 1656 1655 
1503 1677 1705 1684 
1504 1669 1711 1664 
1505 1669 1732 1682 
1506 1716 1738 1667 
1507 1670 1726 1693 
1508 1640 1711 1708 
1509 1653 1734 1656 
1510 1670 1739 1721 
1511 1682 1708 1669 
1512 214 1640 213 
1513 221 1630 220 
1514 228 1641 227 
1515 209 1642 208 
1516 233 1644 232 
1517 203 1638 202 
1518 206 1634 205 
1519 4 1637 235 
1520 231 1632 230 
1521 226 1635 225 
1522 200 1631 199 
1523 211 1633 210 
1524 216 1636 215 
1525 223 1643 222 
1526 218 1645 217 
1527 197 1639 196 
1528 1652 1679 1676 
1529 1655 1735 1658 
1530 1673 1678 1660 
1531 1682 1732 1633 
1532 1688 1690 1689 
1533 1646 1672 1647 
1534 208 1697 207 
1535 1642 1697 208 
1536 1644 1719 1678 
1537 1689 1691 1645 
1538 1647 1648 1643 
1539 1695 1696 1642 
1540 1674 1680 1673 
1541 1684 1731 1677 
1542 1675 1734 1652 
1543 1666 1714 1696 
1544 1681 1720 1637 
1545 1666 1698 1663 
1546 1664 1711 1671 
1547 1696 1698 1666 
1548 1671 1715 1665 
1549 1658 1726 1670 
1550 1685 1701 1686 
1551 1634 1718 1714 
1552 1691 1707 1645 
1553 1648 1706 1643 
1554 1654 1740 1665 
1555 1660 1736 1656 
1556 1714 1721 1634 
1557 1631 1712 1710 
1558 1665 1713 1654 
1559 1696 1697 1642 
1560 1696 1714 1697 
1561 1703 1712 1631 
1562 1693 1722 1638 
1563 1688 1689 1645 
1564 1694 1695 1642 
1565 1646 1647 1643 
1566 1631 1710 1709 
1567 1704 1720 1678 
1568 1635 1728 1672 
1569 235 1704 234 
1570 198 1683 197 
1571 230 1684 229 
1572 204 1692 203 
1573 210 1694 209 
1574 205 1700 204 
1575 215 1699 214 
1576 229 1705 228 
1577 202 1702 201 
1578 212 1682 211 
1579 224 1646 223 
1580 227 1687 226 
1581 219 1688 218 
1582 217 1707 216 
1583 196 1701 195 
1584 213 1708 212 
1585 195 1685 4 
1586 199 1709 198 
1587 201 1703 200 
1588 222 1706 221 
1589 1654 1713 1651 
1590 4 1685 1637 
1591 1641 1687 227 
1592 1631 1709 199 
1593 200 1703 1631 
1594 221 1706 1630 
1595 1638 1702 202 
1596 1637 1704 235 
1597 209 1694 1642 
1598 1645 1707 217 
1599 214 1699 1640 
1600 216 1707 1636 
1601 1632 1684 230 
1602 1636 1699 215 
1603 1640 1708 213 
1604 1633 1694 210 
1605 226 1687 1635 
1606 223 1646 1643 
1607 211 1682 1633 
1608 1643 1706 222 
1609 203 1692 1638 
1610 228 1705 1641 
1611 197 1683 1639 
1612 218 1688 1645 
1613 1639 1701 196 
1614 1634 1700 205 
1615 1678 1719 1704 
1616 1690 1729 1630 
1617 1672 1727 1635 
1618 1661 1674 1673 
1619 1681 1686 1659 
1620 1649 1679 1652 
1621 1695 1732 1668 
1622 233 1719 1644 
1623 1686 1716 1659 
1624 206 1718 1634 
1625 1630 1730 1690 
1626 1692 1693 1638 
1627 231 1724 1632 
1628 1644 1724 232 
1629 1710 1725 1667 
1630 1635 1727 225 
1631 1630 1729 220 
1632 1661 1675 1674 
1633 1653 1655 1654 
1634 1667 1725 1657 
1635 1650 1730 1648 
1636 1680 1724 1644 
1637 1632 1724 1680 
1638 207 1718 206 
1639 1672 1679 1647 
1640 1646 1727 1672 
1641 1688 1729 1690 
1642 1678 1720 1660 
1643 1653 1654 1651 
1644 234 1719 233 
1645 1637 1720 1704 
1646 1665 1715 1691 
1647 1649 1652 1651 
1648 1663 1698 1668 
1649 1714 1718 1697 
1650 1638 1722 1702 
1651 198 1709 1683 
1652 1684 1705 229 
1653 195 1701 1685 
1654 204 1700 1692 
1655 1702 1703 201 
1656 212 1708 1682 
1657 232 1724 231 
1658 1672 1728 1679 
1659 1649 1650 1648 
1660 1660 1720 1681 
1661 1690 1717 1689 
1662 1647 1649 1648 
1663 225 1727 224 
1664 220 1729 219 
1665 1697 1718 207 
1666 1689 1733 1691 
1667 1695 1698 1696 
1668 1704 1719 234 
1669 1690 1730 1717 
1670 1703 1737 1712 
1671 1712 1725 1710 
1672 224 1727 1646 
1673 219 1729 1688 
1674 1632 1731 1684 
1675 1656 1734 1661 
1676 1665 1740 1671 
1677 1710 1738 1709 
1678 1693 1726 1722 
1679 1662 1725 1712 
1680 1666 1721 1714 
1681 1652 1653 1651 
1682 1647 1679 1649 
1683 1671 1740 1664 
1684 1713 1717 1650 
1685 1649 1651 1650 
1686 1662 1735 1725 
1687 1712 1737 1662 
1688 1667 1738 1710 
1689 1692 1739 1693 
1690 1651 1713 1650 
1691 1691 1733 1665 
1692 1668 1698 1695 
1693 1726 1735 1662 
1694 1652 1734 1653 
1695 1722 1737 1702 
1696 1702 1737 1703 
1697 1662 1737 1722 
1698 1709 1738 1683 
1699 1658 1735 1726 
1700 1700 1739 1692 
1701 1665 1733 1713 
1702 1693 1739 1670 
1703 1717 1730 1650 
1704 1661 1734 1675 
1705 1681 1736 1660 
1706 1717 1733 1689 
1707 1659 1736 1681 
1708 1722 1726 1662 
1709 1725 1735 1657 
1710 1713 1733 1717 
2 11 2 7727
1711 3186 3188 3187 
1712 4641 4756 2240 
1713 2631 5195 2627 
1714 2626 4629 2628 
1715 2743 4904 2742 
1716 2058 3634 2228 
1717 3685 4119 3687 
1718 2973 5112 2332 
1719 2915 4623 3297 
1720 4110 4145 3778 
1721 2153 4422 2797 
1722 2467 4995 2465 
1723 2252 4126 3041 
1724 3697 4487 2509 
1725 2858 4309 2870 
1726 3322 5004 3120 
1727 4079 5005 3118 
1728 2657 5182 2656 
1729 2558 3192 2556 
1730 2926 3138 2924 
1731 2898 3140 2896 
1732 2874 4308 2877 
1733 2772 3302 2769 
1734 2615 3303 2613 
1735 2808 3003 2806 
1736 3815 4731 4140 
1737 2572 2597 2570 
1738 2526 4592 2524 
1739 2945 3296 2943 
1740 3194 4659 2025 
1741 3043 4718 3035 
1742 2352 3295 2350 
1743 2035 4898 2553 
1744 3335 3911 2947 
1745 2063 4785 2160 
1746 3387 4366 4365 
1747 2241 4825 4038 
1748 2262 2272 2237 
1749 2552 2555 2550 
1750 1894 4959 4577 
1751 2302 4662 2287 
1752 2247 5219 2940 
1753 3168 4650 3166 
1754 3744 4325 3742 
1755 3876 4129 3719 
1756 3247 4420 3246 
1757 2230 3721 2223 
1758 2650 4546 4290 
1759 4791 5029 2248 
1760 3107 3239 1942 
1761 3639 3640 3638 
1762 2437 4457 3089 
1763 2689 4080 4079 
1764 1915 3313 3016 
1765 3074 5051 4122 
1766 4350 4421 4233 
1767 2266 5125 3202 
1768 3493 3500 3495 
1769 3305 4727 2331 
1770 1894 4577 3237 
1771 4265 4310 3703 
1772 4420 4855 3246 
1773 2129 4932 2131 
1774 4022 4326 2503 
1775 2564 3217 2562 
1776 4339 4363 3685 
1777 3929 5118 3928 
1778 2366 4644 3362 
1779 2104 4973 2082 
1780 2778 3302 2772 
1781 2356 3295 2352 
1782 2950 3296 2945 
1783 2315 4860 4203 
1784 2619 3303 2615 
1785 2710 4551 4550 
1786 2453 4190 3408 
1787 4170 5002 2791 
1788 2862 4248 2849 
1789 3382 5156 4295 
1790 2675 4781 2692 
1791 4282 4487 4281 
1792 3041 4382 2252 
1793 3099 4013 2270 
1794 1924 4272 3079 
1795 2751 3363 2744 
1796 1914 4304 3088 
1797 2742 4047 3171 
1798 2923 4387 2199 
1799 3506 4391 4264 
1800 101 4003 100 
1801 2164 4927 2113 
1802 2362 4644 2366 
1803 3444 3992 3454 
1804 4136 4411 4320 
1805 3656 4645 3657 
1806 4876 4905 3077 
1807 3719 3878 3876 
1808 2405 2595 2397 
1809 2295 4866 2291 
1810 2776 4147 2774 
1811 4308 4309 2032 
1812 3795 4214 2512 
1813 3209 4084 3283 
1814 4638 4680 2885 
1815 2439 4818 2424 
1816 3510 4391 3506 
1817 2458 4553 2456 
1818 2661 4747 2937 
1819 3051 4737 1922 
1820 2157 5095 3513 
1821 2718 4813 2976 
1822 3424 5119 3425 
1823 4326 4405 2503 
1824 2791 5002 2795 
1825 2976 3331 2718 
1826 4028 4731 3815 
1827 2640 4837 2623 
1828 3413 4298 3417 
1829 3717 4287 3718 
1830 4578 4936 3307 
1831 2872 4408 2869 
1832 94 4653 3898 
1833 4123 4445 3695 
1834 2729 4493 2726 
1835 3468 4253 4252 
1836 3170 4441 2746 
1837 2902 4256 2103 
1838 3901 5194 2042 
1839 4216 4643 3000 
1840 2666 4531 3165 
1841 4138 4428 3429 
1842 3976 4713 3623 
1843 2086 4139 2105 
1844 2570 3186 2568 
1845 3674 4853 3672 
1846 3631 4166 3635 
1847 2436 3199 2475 
1848 2299 4857 2291 
1849 2110 4545 2118 
1850 2241 3132 3131 
1851 2438 4869 2446 
1852 3578 5069 3582 
1853 3160 4898 2035 
1854 2289 2302 2287 
1855 3531 3533 3532 
1856 3531 4124 3533 
1857 2877 4308 2032 
1858 3631 4372 4166 
1859 2370 4444 2391 
1860 2604 2611 2607 
1861 2303 4179 3239 
1862 3288 4447 4297 
1863 3407 4320 3403 
1864 1877 3176 3175 
1865 2331 2333 2330 
1866 4890 4997 2489 
1867 1938 4003 101 
1868 2265 4926 2264 
1869 2574 3164 2572 
1870 2750 4735 2748 
1871 4216 4685 2998 
1872 3282 4174 3401 
1873 3529 4046 3531 
1874 4626 4954 2313 
1875 2222 5053 2223 
1876 2199 4331 2923 
1877 2736 4937 2735 
1878 3640 4328 3638 
1879 3347 4453 3745 
1880 2313 4912 4805 
1881 2625 2640 2623 
1882 4155 5109 2844 
1883 3436 3438 3435 
1884 2617 4646 2618 
1885 3861 4838 3862 
1886 3475 3476 3472 
1887 2982 2989 2984 
1888 2788 2794 2790 
1889 3635 4263 3987 
1890 2267 5125 2266 
1891 3657 4112 4111 
1892 3346 4075 3348 
1893 2906 4423 4353 
1894 2919 2922 2921 
1895 3202 4359 2266 
1896 2116 4807 2075 
1897 2655 2657 2654 
1898 2948 2949 2946 
1899 2868 4961 2864 
1900 3769 3770 3767 
1901 2111 4133 2109 
1902 3439 4816 3453 
1903 3264 4242 3307 
1904 2228 3634 3633 
1905 4272 4273 2315 
1906 4084 4317 4174 
1907 2740 4884 2722 
1908 2424 4818 2437 
1909 3444 4816 3439 
1910 2597 4960 2570 
1911 3413 4299 4298 
1912 3891 4441 3253 
1913 2282 4210 2296 
1914 2373 4444 2370 
1915 1874 4563 3340 
1916 3105 4592 2526 
1917 3646 3755 3754 
1918 3420 4291 3423 
1919 3339 3342 1940 
1920 2512 4482 3795 
1921 2244 4839 2052 
1922 3242 3999 3759 
1923 4191 4192 3686 
1924 2455 5065 2461 
1925 2175 5163 2201 
1926 3239 4179 1942 
1927 3592 4340 3746 
1928 3118 4771 4079 
1929 2586 4636 2521 
1930 2497 4982 2449 
1931 2658 3311 2653 
1932 2895 4791 4519 
1933 4297 4447 1876 
1934 4589 4609 3750 
1935 4844 4848 3527 
1936 3340 4388 1874 
1937 2724 2740 2722 
1938 3563 4346 3975 
1939 3246 5097 2468 
1940 2803 2804 2801 
1941 3703 4456 3183 
1942 2444 2536 2507 
1943 3558 3770 3769 
1944 2797 4947 2153 
1945 3347 3745 3345 
1946 3459 3614 3460 
1947 2259 4278 1937 
1948 3600 3605 3602 
1949 2682 2685 2678 
1950 2667 3932 3210 
1951 94 3898 2021 
1952 3602 4201 3791 
1953 3100 4490 2195 
1954 2321 5131 2128 
1955 3623 4121 3976 
1956 2123 5025 2264 
1957 2808 3335 3003 
1958 2737 4895 2726 
1959 1937 4745 2259 
1960 3086 3332 3232 
1961 3084 3085 3083 
1962 2125 5232 2249 
1963 82 4176 81 
1964 3419 4461 4400 
1965 3101 4306 2308 
1966 2768 3092 3078 
1967 3049 4153 3048 
1968 2752 2754 2753 
1969 3014 3016 3015 
1970 3005 4109 3006 
1971 2956 4220 2957 
1972 3004 3191 3105 
1973 2783 4338 2782 
1974 3031 4375 3030 
1975 3650 3871 3651 
1976 2098 4874 3093 
1977 3055 3103 3056 
1978 3081 4027 3080 
1979 3091 4785 2063 
1980 1877 3177 3176 
1981 2313 4954 2068 
1982 3785 3813 3782 
1983 3996 4356 3059 
1984 4153 4876 1910 
1985 3093 4443 2100 
1986 2256 4652 3074 
1987 3030 4348 3039 
1988 2054 2244 2052 
1989 2521 4636 2520 
1990 2019 3924 2255 
1991 3385 4366 3387 
1992 2526 3106 3105 
1993 3328 5115 2942 
1994 4045 4124 4046 
1995 3591 4880 3845 
1996 3979 5089 2579 
1997 2413 5062 2580 
1998 2107 3223 2255 
1999 2344 4701 2343 
2000 3542 4412 3537 
2001 3011 4054 3012 
2002 3282 5007 3280 
2003 4673 4830 3235 
2004 2864 4961 2863 
2005 3424 4461 3422 
2006 4414 4852 3579 
2007 3159 3223 2107 
2008 2204 3320 2038 
2009 2760 3328 2757 
2010 2841 3327 2837 
2011 2606 3329 2600 
2012 2254 3159 2102 
2013 2342 3330 2339 
2014 2926 4311 3138 
2015 2898 4312 3140 
2016 2434 5062 2413 
2017 2484 3324 2359 
2018 2246 3239 3107 
2019 3651 4063 3649 
2020 3563 4171 3565 
2021 3791 4090 3602 
2022 2625 5195 4722 
2023 2718 3331 2714 
2024 2404 2429 2403 
2025 2519 4553 2458 
2026 3492 4059 3485 
2027 3230 4751 3050 
2028 2628 4629 2642 
2029 2437 3089 2438 
2030 3030 4375 3029 
2031 2073 5083 2116 
2032 3581 4594 3585 
2033 3260 4016 3264 
2034 1910 4876 3077 
2035 2212 4523 2174 
2036 3113 3933 3568 
2037 3231 4751 3230 
2038 5068 5107 2162 
2039 3442 3455 3447 
2040 2073 2116 2075 
2041 3297 4623 2693 
2042 2464 3246 2468 
2043 3095 4874 3393 
2044 2525 2526 2524 
2045 3572 4669 3164 
2046 2316 3511 3509 
2047 2640 4639 3949 
2048 3839 4805 2314 
2049 4322 4409 4032 
2050 2589 5213 3216 
2051 4583 4886 2166 
2052 2423 4425 2406 
2053 1862 3226 2800 
2054 4538 4743 2195 
2055 2172 4530 2170 
2056 1940 3341 3339 
2057 1911 3230 3050 
2058 2582 5008 2583 
2059 3589 3593 3591 
2060 3184 5027 4899 
2061 2462 4495 3266 
2062 3357 4386 4258 
2063 2689 4697 2687 
2064 1929 3236 2353 
2065 1917 3233 2894 
2066 1919 3234 2784 
2067 2346 4935 671 
2068 2959 4930 208 
2069 1851 3237 2967 
2070 2054 4275 2244 
2071 4712 4932 2247 
2072 2098 3093 2100 
2073 2241 3304 3132 
2074 3641 4137 3640 
2075 4154 4739 3556 
2076 1794 3238 2616 
2077 2366 3362 2996 
2078 2455 4850 2454 
2079 3720 4042 3714 
2080 3192 4033 3827 
2081 3060 4896 3189 
2082 3206 4721 2595 
2083 3514 4255 3512 
2084 3061 4896 3060 
2085 3291 4581 112 
2086 4165 4335 3276 
2087 4045 4168 4124 
2088 2200 4585 2198 
2089 3781 4452 4167 
2090 3611 4770 3612 
2091 4099 4738 3676 
2092 5095 5131 2322 
2093 2970 4859 2215 
2094 2026 4516 3041 
2095 3272 4815 2449 
2096 3407 4319 4136 
2097 3323 4808 2498 
2098 2025 4335 4165 
2099 2080 4641 2078 
2100 3534 3542 3537 
2101 1875 4376 3919 
2102 2444 4808 2536 
2103 1932 3080 229 
2104 2350 3295 596 
2105 1900 3083 627 
2106 2924 3138 191 
2107 645 2752 1908 
2108 1916 3082 168 
2109 221 2956 1884 
2110 232 3059 1930 
2111 134 2782 1920 
2112 175 3086 1912 
2113 665 3233 1917 
2114 594 3236 1929 
2115 141 2711 1905 
2116 2661 2937 662 
2117 196 2972 1856 
2118 1924 3079 682 
2119 210 2651 1838 
2120 145 3087 1903 
2121 1914 3088 172 
2122 599 3237 1851 
2123 2896 3140 696 
2124 171 3014 1914 
2125 2915 3297 656 
2126 121 2644 1827 
2127 2613 3303 618 
2128 132 3234 1919 
2129 143 3055 1904 
2130 643 2768 1907 
2131 179 3048 1910 
2132 183 3226 1862 
2133 3210 3932 659 
2134 139 3004 1906 
2135 2769 3302 188 
2136 2943 3296 607 
2137 2806 3003 604 
2138 650 3051 1922 
2139 4 2327 1890 
2140 226 3005 1935 
2141 616 3238 1794 
2142 177 3230 1911 
2143 181 3075 1909 
2144 681 2955 1924 
2145 3455 4957 4267 
2146 3172 3173 2467 
2147 3585 4694 3587 
2148 3137 4465 4336 
2149 4007 4295 3707 
2150 3260 4631 4016 
2151 2505 3317 3090 
2152 2435 4997 2429 
2153 4057 4711 3493 
2154 1878 4055 85 
2155 3778 4145 3768 
2156 4494 4725 2462 
2157 2100 2111 2109 
2158 76 3956 75 
2159 2449 4815 2497 
2160 4101 4837 2640 
2161 3846 3909 3848 
2162 3587 4694 3661 
2163 3053 4737 3051 
2164 3337 4765 3342 
2165 2469 5019 2470 
2166 3417 4413 3420 
2167 3541 4634 3538 
2168 2992 4354 2993 
2169 3074 4122 2256 
2170 2646 3142 1827 
2171 2666 4747 2661 
2172 3363 3891 1908 
2173 2555 3923 2550 
2174 2156 4379 2135 
2175 3055 3056 1904 
2176 2752 2753 1908 
2177 3075 3076 1909 
2178 2244 4274 3862 
2179 3361 4394 2298 
2180 2644 2645 1827 
2181 2955 4069 1924 
2182 3086 3232 1912 
2183 4324 4697 2689 
2184 3296 4958 1829 
2185 3295 4959 1894 
2186 3048 4153 1910 
2187 2768 3078 1907 
2188 3247 4732 4052 
2189 1900 3084 3083 
2190 3087 3979 1903 
2191 3569 4484 3805 
2192 3079 4272 2315 
2193 2711 3104 1905 
2194 2653 3311 1838 
2195 2975 3125 1856 
2196 2171 4541 2214 
2197 3479 4398 3743 
2198 2651 2652 1838 
2199 2972 2973 1856 
2200 3127 3238 3126 
2201 3488 4057 3493 
2202 3014 3015 1914 
2203 3005 3006 1935 
2204 3379 4041 3391 
2205 4733 4734 3399 
2206 2740 4870 4105 
2207 1916 3249 3082 
2208 2956 2957 1884 
2209 3004 3105 1906 
2210 2471 4976 2472 
2211 4214 4380 2512 
2212 3165 4077 4076 
2213 2913 3236 1928 
2214 1932 3081 3080 
2215 3895 4292 3670 
2216 3635 3987 3566 
2217 3752 4588 4225 
2218 2105 4139 3159 
2219 2119 4824 2120 
2220 2456 4850 2455 
2221 3431 4100 3430 
2222 2996 4216 3001 
2223 2430 2435 2429 
2224 3560 4739 3355 
2225 3000 4685 4216 
2226 3214 4488 2326 
2227 2255 5216 2019 
2228 1903 3979 3120 
2229 1900 3189 3084 
2230 2689 5223 4080 
2231 2209 4607 2134 
2232 2424 2437 2425 
2233 2125 4868 2126 
2234 4306 5072 2308 
2235 3355 4443 3560 
2236 3065 3249 1916 
2237 3922 3995 3609 
2238 2096 4619 3094 
2239 3732 5158 3730 
2240 1932 4323 3081 
2241 3862 4838 2244 
2242 3673 4099 3676 
2243 3111 4975 2050 
2244 4159 5002 4169 
2245 3333 3985 2671 
2246 2406 4425 2408 
2247 3497 4613 3707 
2248 2726 4493 2737 
2249 3929 4244 4188 
2250 2404 2487 2430 
2251 3037 3043 3035 
2252 2520 4911 2518 
2253 3041 4126 2026 
2254 1930 4356 3009 
2255 2782 4338 1920 
2256 2582 5018 2382 
2257 3088 4304 3042 
2258 2025 4659 63 
2259 2083 4139 2086 
2260 2436 4909 3199 
2261 4400 4461 2401 
2262 1910 3077 3075 
2263 2447 4869 2438 
2264 3082 3313 1915 
2265 2327 2328 1890 
2266 3665 4369 3663 
2267 3426 3430 3428 
2268 2751 4441 3891 
2269 2234 5037 2263 
2270 3044 4905 4876 
2271 2060 4498 2058 
2272 2674 2685 2684 
2273 3337 3342 3339 
2274 2387 4789 2432 
2275 2233 5028 2234 
2276 2344 4169 2219 
2277 2267 4925 4574 
2278 4195 4773 2471 
2279 2062 4394 3361 
2280 3357 4462 3352 
2281 3221 4768 2500 
2282 2853 4458 2855 
2283 2598 3121 2602 
2284 2835 3122 2838 
2285 1899 3061 3060 
2286 2336 3115 2338 
2287 2929 3141 1860 
2288 2916 3125 2918 
2289 2765 3126 1830 
2290 2981 3153 1926 
2291 2886 3145 1792 
2292 2694 2697 1885 
2293 2702 3152 1754 
2294 2647 3148 2650 
2295 2036 3129 2048 
2296 2339 3330 1861 
2297 3008 3010 1891 
2298 2714 3331 1753 
2299 3000 3146 1789 
2300 2710 3147 1755 
2301 2908 2912 1928 
2302 2272 4014 2237 
2303 2757 3328 1764 
2304 2837 3327 1760 
2305 2600 3329 1796 
2306 1896 3130 2890 
2307 1859 4204 3063 
2308 2359 3324 1826 
2309 2380 4707 2592 
2310 3975 4171 3563 
2311 2763 3136 2767 
2312 2974 2975 2973 
2313 3063 4105 1887 
2314 4457 4562 3687 
2315 1891 4755 2327 
2316 2404 3943 2487 
2317 3795 4361 4214 
2318 2649 3139 1833 
2319 1834 3138 2834 
2320 2700 3141 2703 
2321 1837 3140 2696 
2322 2038 3320 1831 
2323 2882 3142 2884 
2324 4124 4168 1767 
2325 2118 4824 2119 
2326 4058 4059 3492 
2327 2042 5128 3901 
2328 2053 4543 2231 
2329 4627 5031 2307 
2330 2673 4781 2675 
2331 2878 3147 2880 
2332 2357 3146 2371 
2333 2706 3145 2708 
2334 3213 4243 2257 
2335 2901 4783 4256 
2336 2487 4909 2430 
2337 2161 3636 3632 
2338 2735 3372 2736 
2339 2829 3148 1889 
2340 2712 3149 2715 
2341 2994 3152 2997 
2342 1927 3153 2910 
2343 1961 3995 3922 
2344 2056 5030 2054 
2345 3919 4628 1875 
2346 3538 4966 3540 
2347 2903 5051 1886 
2348 1797 5022 3133 
2349 1795 5023 3134 
2350 3119 5004 1902 
2351 1888 5016 2941 
2352 3117 5005 1921 
2353 1934 5009 3058 
2354 3123 5010 2811 
2355 3456 4706 3450 
2356 3785 4163 3813 
2357 3910 4390 4107 
2358 2867 3344 3314 
2359 2512 4380 2480 
2360 3743 4021 3479 
2361 3283 4174 3282 
2362 1918 4772 2651 
2363 3059 4356 1930 
2364 1799 4741 3122 
2365 2585 4953 3203 
2366 1935 4968 3066 
2367 4076 4712 2247 
2368 2595 4521 2397 
2369 3512 4392 3510 
2370 2671 4514 2673 
2371 2262 4964 2272 
2372 1829 4464 3013 
2373 2234 4726 2233 
2374 3108 3900 2301 
2375 2070 3245 2071 
2376 3387 4364 3390 
2377 2760 5115 3328 
2378 3320 4931 2824 
2379 3324 4942 3002 
2380 3330 4916 3064 
2381 4431 4432 4109 
2382 2991 4359 3202 
2383 3318 4464 2954 
2384 3139 4612 2785 
2385 2571 4889 2573 
2386 1895 4606 3136 
2387 3529 3531 3530 
2388 3329 4906 2705 
2389 3327 4907 2907 
2390 3154 4245 2250 
2391 3311 4887 2805 
2392 2137 4379 2143 
2393 3838 4845 4369 
2394 2558 4656 3192 
2395 1945 4419 3921 
2396 1763 4604 3121 
2397 2320 5205 4092 
2398 2109 4545 2110 
2399 1762 4601 3115 
2400 2242 3290 2169 
2401 2942 4667 1855 
2402 2291 4866 2299 
2403 3730 5158 3915 
2404 3448 3462 3451 
2405 2560 4723 2559 
2406 3482 4591 3923 
2407 2940 4076 2247 
2408 2496 4734 4733 
2409 2409 4963 2407 
2410 3023 3025 3021 
2411 3508 5076 4798 
2412 2239 4634 3541 
2413 2762 5115 2760 
2414 3770 3771 3095 
2415 236 3345 237 
2416 3429 4506 4138 
2417 3381 3391 3385 
2418 2252 4865 2251 
2419 2287 3255 2285 
2420 1873 4178 2317 
2421 4225 4303 3752 
2422 3928 5118 4117 
2423 3181 5220 2399 
2424 207 2959 208 
2425 621 2815 622 
2426 670 2346 671 
2427 2126 4868 2127 
2428 3045 3047 3046 
2429 2933 2935 2934 
2430 2927 2930 2928 
2431 3293 4772 1918 
2432 3207 5163 2175 
2433 3019 3313 3027 
2434 2979 4127 2980 
2435 2978 4013 3099 
2436 2055 2902 2103 
2437 4295 5156 3498 
2438 2751 3891 3363 
2439 4805 5068 2314 
2440 2638 4608 3190 
2441 3639 3641 3640 
2442 3099 3977 1893 
2443 3188 4705 3187 
2444 4077 4531 2664 
2445 3114 4040 3916 
2446 2480 5155 2478 
2447 3735 4261 3667 
2448 2250 4245 2122 
2449 2827 2833 2828 
2450 3073 4013 1892 
2451 3192 4302 2556 
2452 2214 4832 2173 
2453 2254 3223 3159 
2454 3720 4254 4042 
2455 2031 5017 3261 
2456 2779 2781 2780 
2457 2755 3135 2756 
2458 2887 2889 2888 
2459 2817 3254 3128 
2460 1947 5038 3179 
2461 2663 3932 2667 
2462 4677 5198 2324 
2463 4675 5199 2819 
2464 3827 4302 3192 
2465 2470 2471 2469 
2466 3528 3903 3526 
2467 2470 4976 2471 
2468 3183 4478 3703 
2469 2871 2872 2869 
2470 2143 4379 4377 
2471 3184 4284 4217 
2472 15 4172 14 
2473 2735 4937 2733 
2474 2405 3266 2595 
2475 2135 5088 2156 
2476 3167 4826 3166 
2477 3367 5232 2125 
2478 2251 4865 2218 
2479 3735 4922 3734 
2480 2071 3245 2074 
2481 4920 5017 2031 
2482 2068 4954 3091 
2483 3166 4827 2145 
2484 2475 3199 3198 
2485 3469 4470 3470 
2486 2492 4982 4474 
2487 3307 4936 3309 
2488 2502 4405 2501 
2489 2485 4562 4457 
2490 2173 4832 3207 
2491 3426 3428 3427 
2492 3016 3313 3019 
2493 3931 4849 3294 
2494 3890 4797 1767 
2495 2738 5016 3267 
2496 2851 2862 2849 
2497 3537 4966 3538 
2498 2248 4987 4986 
2499 3354 4583 2166 
2500 2167 4945 2242 
2501 3430 4862 3428 
2502 2291 4857 2289 
2503 3097 4741 2660 
2504 4519 4791 2248 
2505 2277 4928 2275 
2506 3940 4055 1878 
2507 2501 4405 2439 
2508 3342 4765 2124 
2509 2596 4485 2393 
2510 3159 4139 2102 
2511 2579 4921 3323 
2512 4032 4409 4240 
2513 2432 5008 2582 
2514 2113 2165 2164 
2515 3451 3463 3452 
2516 3186 3187 2568 
2517 2421 4834 2513 
2518 3130 4984 2890 
2519 2552 5241 2555 
2520 3650 4626 3871 
2521 75 3956 1943 
2522 671 4935 1790 
2523 3072 3074 3073 
2524 4495 4680 4638 
2525 2032 3212 2877 
2526 208 4930 1918 
2527 3201 5080 4579 
2528 3044 4876 3043 
2529 2783 5149 4338 
2530 2374 4616 2486 
2531 2548 5169 4371 
2532 3822 4846 3820 
2533 2149 3168 3166 
2534 3703 4478 4265 
2535 3645 3647 3646 
2536 2135 4379 2137 
2537 3580 5069 3578 
2538 2388 2404 2403 
2539 3721 3878 3719 
2540 2334 3981 3269 
2541 2068 3091 2065 
2542 3845 3846 3591 
2543 3647 4066 3646 
2544 2112 2113 2111 
2545 2100 2112 2111 
2546 2479 5085 2611 
2547 2822 4352 2823 
2548 17 3341 16 
2549 3032 4788 3031 
2550 1948 4176 82 
2551 3154 4744 2029 
2552 2564 4757 3217 
2553 2855 4458 2857 
2554 4332 5163 3209 
2555 2356 4959 3295 
2556 3897 5065 2455 
2557 2950 4958 3296 
2558 2438 2446 2425 
2559 2158 5166 4827 
2560 3587 3661 3592 
2561 2384 2582 2382 
2562 2275 3899 2273 
2563 2524 5092 2523 
2564 2942 5115 4667 
2565 1829 4958 4464 
2566 2165 3360 2164 
2567 3280 5006 4720 
2568 3264 3307 3306 
2569 4798 5076 5044 
2570 3685 4363 4116 
2571 4285 4706 2369 
2572 2235 4726 2234 
2573 4294 5038 1947 
2574 3805 4067 3569 
2575 4002 4003 1938 
2576 1902 5004 2931 
2577 1921 5005 2936 
2578 3969 5009 1934 
2579 2811 5010 2813 
2580 2294 2295 2291 
2581 2033 4348 3200 
2582 2905 5051 2903 
2583 3472 4253 3468 
2584 2457 2458 2456 
2585 3267 5016 1888 
2586 3821 3895 2489 
2587 3158 5016 2738 
2588 3267 3268 2738 
2589 3533 3543 3542 
2590 4052 4420 3247 
2591 3792 4201 3541 
2592 2787 5022 1797 
2593 2826 5023 1795 
2594 3121 3274 2602 
2595 3122 4035 2838 
2596 3115 3116 2338 
2597 2608 4906 2606 
2598 2845 4907 2841 
2599 2199 5031 4627 
2600 2765 3127 3126 
2601 3830 4253 3476 
2602 2815 5139 622 
2603 2697 2698 1885 
2604 3010 3305 1891 
2605 4091 4092 1949 
2606 2415 2433 2417 
2607 2215 2971 2970 
2608 2912 2913 1928 
2609 3127 4448 3238 
2610 3534 3537 3536 
2611 3614 4018 3460 
2612 4413 4620 3420 
2613 4018 4445 4123 
2614 2913 4450 3236 
2615 2314 5068 4262 
2616 3652 4784 3091 
2617 3136 3137 2767 
2618 2583 4400 2582 
2619 2728 2729 2726 
2620 2660 4887 2658 
2621 2649 3289 3139 
2622 2465 3272 2451 
2623 2160 4965 2063 
2624 2473 4654 2436 
2625 2476 5233 2479 
2626 3049 4718 4153 
2627 2472 4195 2471 
2628 3485 4908 3492 
2629 4092 5205 1939 
2630 2231 4940 2902 
2631 2085 4139 2083 
2632 4124 4797 3533 
2633 2049 4611 2222 
2634 2119 4765 2110 
2635 2289 4857 2302 
2636 2100 2109 2099 
2637 3149 3150 2715 
2638 2187 2195 2189 
2639 2094 2114 2096 
2640 2197 5031 2198 
2641 3536 4634 3539 
2642 1950 4245 3154 
2643 3594 4594 3581 
2644 2498 5135 3326 
2645 2222 2223 2077 
2646 4067 5070 3113 
2647 2128 5131 2157 
2648 16 3341 1940 
2649 3454 3989 3797 
2650 3495 4108 3497 
2651 3895 5141 4292 
2652 2075 4807 2117 
2653 3063 5176 4105 
2654 112 4581 2030 
2655 4290 4546 2831 
2656 3845 3909 3846 
2657 2150 4567 4438 
2658 4131 4132 3804 
2659 4344 4739 4154 
2660 2411 2434 2413 
2661 2858 2864 2863 
2662 3651 4946 4063 
2663 2228 4999 2058 
2664 3007 4968 1935 
2665 3305 4755 1891 
2666 2168 4929 2167 
2667 4078 4656 2558 
2668 2518 2521 2520 
2669 2629 2631 2627 
2670 3290 4541 2171 
2671 4699 4822 3040 
2672 2219 4701 2344 
2673 3275 3276 1946 
2674 3193 3194 2025 
2675 2899 4787 4783 
2676 2563 2564 2562 
2677 3210 5000 2667 
2678 2572 4823 2597 
2679 3067 3070 3068 
2680 2580 4468 2415 
2681 2527 5057 2526 
2682 3426 3427 3425 
2683 2635 4896 3062 
2684 2206 4756 2082 
2685 3358 3359 2514 
2686 2002 4302 3827 
2687 3273 5216 2255 
2688 2152 4422 2153 
2689 2437 2438 2425 
2690 2281 4790 2279 
2691 3762 3763 2560 
2692 3201 4833 2985 
2693 4508 5201 2892 
2694 2311 4053 3498 
2695 2751 5021 4441 
2696 2660 4741 4740 
2697 4092 4509 1949 
2698 2557 2558 2556 
2699 2869 4661 2868 
2700 2174 4523 2172 
2701 2569 2570 2568 
2702 2485 4325 3744 
2703 2065 3091 2063 
2704 3716 3720 3714 
2705 3350 4453 3347 
2706 3132 4959 2356 
2707 2952 4958 2950 
2708 2949 4266 2951 
2709 2726 4895 2724 
2710 3035 4321 3033 
2711 1767 4797 4124 
2712 3420 3423 3422 
2713 4698 4916 2342 
2714 3582 5069 4469 
2715 3493 3495 3494 
2716 3385 3387 3386 
2717 3166 4650 3167 
2718 2559 4723 2558 
2719 4843 4844 3527 
2720 2230 4917 3878 
2721 85 4055 84 
2722 3246 4855 4226 
2723 2204 4931 3320 
2724 2642 4629 2184 
2725 2989 4128 2992 
2726 2236 5238 2235 
2727 2310 4861 2311 
2728 2342 4916 3330 
2729 2448 5117 2450 
2730 2658 4887 3311 
2731 2646 4515 3142 
2732 2452 4951 2398 
2733 2211 4806 2116 
2734 2403 4789 2387 
2735 3892 4645 3656 
2736 3314 4582 2867 
2737 2484 4942 3324 
2738 2606 4906 3329 
2739 2841 4907 3327 
2740 3401 3886 3282 
2741 2448 2449 2447 
2742 2993 4354 2637 
2743 3033 4788 3032 
2744 2975 4517 3125 
2745 4952 5162 3241 
2746 2575 4743 4538 
2747 2427 3967 3319 
2748 4262 5068 4922 
2749 2315 4203 3079 
2750 2264 4926 2266 
2751 3611 3612 2539 
2752 3070 4433 3071 
2753 2478 5155 2477 
2754 3977 4984 3130 
2755 2452 4157 2509 
2756 1923 3253 3170 
2757 4381 4888 3332 
2758 2376 5094 2431 
2759 2105 4717 2104 
2760 4097 4767 2610 
2761 3718 4287 3722 
2762 1791 3932 2663 
2763 2198 4585 2257 
2764 2738 4937 3163 
2765 4808 5135 2498 
2766 2231 2902 2053 
2767 2483 5043 3181 
2768 2404 2430 2429 
2769 2114 4619 2096 
2770 1942 4566 3107 
2771 4084 4174 3283 
2772 3297 3985 1756 
2773 2532 4150 2530 
2774 2096 3094 2098 
2775 3359 4193 2472 
2776 2553 3954 2035 
2777 2707 4551 2710 
2778 2080 4756 4641 
2779 3555 3769 3559 
2780 2244 4275 4274 
2781 2089 5011 2115 
2782 2094 2310 2114 
2783 2693 3985 3297 
2784 3306 3308 2214 
2785 2398 4951 2483 
2786 2117 4807 2125 
2787 2573 2574 2572 
2788 2571 2572 2570 
2789 3122 4741 4035 
2790 2568 4584 2567 
2791 3541 4201 2239 
2792 2035 3954 78 
2793 3442 3447 3446 
2794 4000 4637 2502 
2795 3198 4120 2475 
2796 3392 4618 4418 
2797 3428 4506 3429 
2798 3283 5196 3209 
2799 3448 3451 3450 
2800 2071 5160 2073 
2801 3001 4216 2998 
2802 4404 4560 4427 
2803 3993 4429 3992 
2804 2175 2201 2177 
2805 2020 4243 3213 
2806 4041 4271 3391 
2807 2492 4473 3270 
2808 1790 4935 4300 
2809 2554 5224 3923 
2810 4336 4465 2243 
2811 2487 3098 3096 
2812 2315 5084 4860 
2813 2315 4273 2281 
2814 3203 4367 2585 
2815 4233 4846 4350 
2816 4167 4452 3999 
2817 4428 4429 3429 
2818 3599 4009 3603 
2819 4466 4530 4529 
2820 2393 4485 2363 
2821 2395 4083 2505 
2822 3344 5091 2589 
2823 2861 4309 2858 
2824 3921 4941 1945 
2825 81 4176 2028 
2826 2312 4912 2069 
2827 2264 5025 2265 
2828 3113 4570 3933 
2829 3443 3993 3444 
2830 3892 4427 2321 
2831 3120 4480 3322 
2832 3027 3313 3249 
2833 2413 2580 2415 
2834 3136 4606 3137 
2835 2086 2104 2082 
2836 2862 3070 3069 
2837 3946 4002 1938 
2838 2070 3334 3245 
2839 3289 4612 3139 
2840 2388 2403 2387 
2841 2477 5162 2476 
2842 3474 3475 3472 
2843 3062 4896 3061 
2844 3121 4604 3274 
2845 4431 5202 3068 
2846 2201 4333 2177 
2847 3969 4662 2302 
2848 3319 3967 2495 
2849 2401 4707 2380 
2850 2116 3370 2211 
2851 3175 4231 1877 
2852 4558 5220 3182 
2853 2200 4268 3269 
2854 2954 4464 2952 
2855 3115 4601 3116 
2856 4426 4508 3110 
2857 78 3954 77 
2858 2406 4494 2405 
2859 3223 4745 4704 
2860 2052 3111 2050 
2861 4300 5189 1790 
2862 2776 4687 4147 
2863 3393 3893 3095 
2864 2230 3878 3721 
2865 4204 5176 3063 
2866 2429 4802 2403 
2867 3533 3542 3534 
2868 2821 4675 2819 
2869 3009 4356 4054 
2870 3513 3514 3512 
2871 2554 3922 3610 
2872 2308 4918 4197 
2873 2326 4677 2324 
2874 73 3984 72 
2875 3515 4070 3217 
2876 3096 5182 2487 
2877 3299 5123 1881 
2878 2134 4758 2209 
2879 4212 4915 29 
2880 3280 4720 3203 
2881 2741 2743 2742 
2882 3722 3912 2223 
2883 1918 4930 3293 
2884 2022 4212 29 
2885 3661 4340 3592 
2886 4204 4884 2740 
2887 3509 3510 3506 
2888 4109 5039 3006 
2889 2168 4794 3265 
2890 3217 4148 3515 
2891 2876 4356 3996 
2892 2154 2155 2152 
2893 3345 3745 237 
2894 2518 4911 2516 
2895 2474 4952 2473 
2896 2451 3272 2449 
2897 3104 4749 3103 
2898 3559 3853 3553 
2899 3012 4728 3011 
2900 2722 4813 2719 
2901 3094 4874 2098 
2902 3447 4769 3446 
2903 4454 5220 4558 
2904 3129 4234 2048 
2905 2332 2974 2973 
2906 3585 3587 3586 
2907 2202 5015 3499 
2908 2253 4699 3240 
2909 3396 4734 3398 
2910 2311 4418 2310 
2911 3829 5235 4296 
2912 2258 3981 3211 
2913 3359 4836 2514 
2914 3413 3417 3416 
2915 3500 4640 3495 
2916 3322 3323 2498 
2917 2166 3913 2167 
2918 3359 4976 4836 
2919 2195 4490 2189 
2920 3589 3591 3590 
2921 2561 5063 2560 
2922 2490 4991 2491 
2923 3003 4648 1793 
2924 2130 2321 2128 
2925 4258 4955 3357 
2926 3252 5213 2589 
2927 3164 4900 3572 
2928 1955 3680 3258 
2929 2035 4257 3160 
2930 2323 2324 690 
2931 2798 3174 185 
2932 2818 2819 693 
2933 2345 2346 670 
2934 3067 3068 223 
2935 2958 2959 207 
2936 2965 3185 601 
2937 2814 2815 621 
2938 2891 2892 667 
2939 2793 4170 2791 
2940 2270 4014 3099 
2941 2166 2167 2165 
2942 3284 3286 1882 
2943 3179 4222 1947 
2944 4535 4646 2617 
2945 2211 3368 3366 
2946 3171 3372 2742 
2947 2427 3319 3287 
2948 2436 4654 2435 
2949 2419 2501 2424 
2950 2440 4978 2441 
2951 1912 3232 3231 
2952 2382 2401 2380 
2953 3276 4335 1946 
2954 2360 4644 2362 
2955 3540 4873 3541 
2956 4353 4423 2238 
2957 2623 4780 2620 
2958 2886 4542 3145 
2959 2981 4547 3153 
2960 3148 4546 2650 
2961 2702 4548 3152 
2962 2710 4549 3147 
2963 3000 4554 3146 
2964 3535 3539 2158 
2965 2929 4537 3141 
2966 2372 4616 2374 
2967 2075 4799 2163 
2968 1907 3078 2754 
2969 2991 3201 2987 
2970 1766 4100 3431 
2971 2072 2312 2069 
2972 2409 2455 2454 
2973 2964 4767 4097 
2974 2113 4927 2111 
2975 3147 4549 2880 
2976 3146 4554 2371 
2977 3141 4537 2703 
2978 4109 4432 2865 
2979 1905 3104 3103 
2980 3718 5230 3716 
2981 3303 4879 1758 
2982 3145 4542 2708 
2983 3125 4517 2918 
2984 3302 4872 1798 
2985 3646 5235 3645 
2986 2551 2552 2550 
2987 2811 2812 1934 
2988 3064 3065 1916 
2989 2063 4965 2060 
2990 2336 2337 1861 
2991 1901 4127 2979 
2992 2978 3099 1893 
2993 1930 3009 3008 
2994 2167 2242 2169 
2995 4626 4842 3871 
2996 2489 3822 3821 
2997 2596 5041 4142 
2998 1896 2889 2887 
2999 2755 2756 1764 
3000 1922 3118 3117 
3001 2835 2836 1760 
3002 2598 2599 1796 
3003 1921 2935 2933 
3004 1902 2930 2927 
3005 2817 3128 1762 
3006 2779 2780 1888 
3007 1903 3120 3119 
3008 3013 3318 1895 
3009 3060 3189 1900 
3010 3066 4323 1932 
3011 3045 3046 1899 
3012 1920 4338 4247 
3013 1852 3047 3045 
3014 2785 2786 1797 
3015 2916 2917 1763 
3016 2824 2825 1795 
3017 2927 2928 1860 
3018 2933 2934 1858 
3019 2763 2764 1830 
3020 2829 4546 3148 
3021 3152 4548 2997 
3022 3153 4547 2910 
3023 3637 3638 3636 
3024 2049 2222 2077 
3025 3581 3585 3584 
3026 3307 3309 3308 
3027 2124 4245 3342 
3028 2882 2883 1792 
3029 1834 2833 2827 
3030 2036 2037 1831 
3031 2647 2648 1833 
3032 1892 4013 2978 
3033 2700 2701 1754 
3034 1837 2695 2694 
3035 1855 2904 2903 
3036 1925 3124 3123 
3037 2979 2980 1926 
3038 3058 3156 1854 
3039 4027 5165 3996 
3040 1 3291 112 
3041 3408 4437 2453 
3042 3734 4922 3902 
3043 2706 2707 1755 
3044 2712 2713 1753 
3045 1927 2909 2908 
3046 2994 2995 1789 
3047 2827 2828 1889 
3048 3072 3073 1892 
3049 2545 4848 4844 
3050 3070 3071 3068 
3051 3443 3444 3439 
3052 2020 3213 3212 
3053 3538 4634 3536 
3054 3142 4515 2884 
3055 3174 3195 2771 
3056 2380 2592 2378 
3057 3138 4311 2834 
3058 3140 4312 2696 
3059 1893 3977 3130 
3060 2976 2977 1859 
3061 2357 2358 1826 
3062 2941 3158 1898 
3063 2878 2879 1857 
3064 2937 2938 1828 
3065 2253 4822 4699 
3066 2466 2467 2465 
3067 3721 3722 2223 
3068 3016 3017 3015 
3069 3248 4702 4495 
3070 3610 4820 2554 
3071 2415 4468 2433 
3072 1887 2781 2779 
3073 3133 3254 2817 
3074 3002 4142 1883 
3075 2887 2888 1897 
3076 3134 3135 2755 
3077 2125 2126 2117 
3078 2073 2075 2072 
3079 2434 5081 4269 
3080 3838 3839 2314 
3081 4327 4517 2975 
3082 2754 4047 2753 
3083 3195 4520 2802 
3084 2732 5130 2729 
3085 2241 5046 4825 
3086 3754 4296 3646 
3087 2074 5160 2071 
3088 3666 4845 3667 
3089 2396 2452 2398 
3090 2191 4918 2308 
3091 3455 4267 3447 
3092 4624 4952 3242 
3093 4461 4707 2401 
3094 4136 4320 3407 
3095 3353 3357 3352 
3096 2421 2513 2422 
3097 3916 3917 3114 
3098 2742 4967 2741 
3099 3170 4442 3052 
3100 3731 4006 3737 
3101 3453 4505 3437 
3102 4712 5226 2131 
3103 2051 5026 2271 
3104 2166 4573 3913 
3105 3543 5210 3542 
3106 2261 2262 2237 
3107 2113 3354 2166 
3108 2595 4721 4083 
3109 3744 4562 2485 
3110 2029 4358 11 
3111 2218 5033 2217 
3112 3110 4508 2892 
3113 4181 4628 3966 
3114 3209 4085 4084 
3115 4194 4630 3044 
3116 3789 4897 4625 
3117 3645 5235 3643 
3118 3784 3785 3782 
3119 2454 4963 2409 
3120 3332 4375 3232 
3121 2529 4749 2528 
3122 2468 4991 2490 
3123 2509 4157 3697 
3124 2438 2448 2447 
3125 2448 2450 2449 
3126 2506 4609 4589 
3127 3376 4279 3187 
3128 2745 5021 2744 
3129 3523 5087 3521 
3130 3071 4431 3068 
3131 3462 3904 3451 
3132 3426 3431 3430 
3133 2091 4985 2310 
3134 4256 4940 2901 
3135 3759 3998 3242 
3136 3092 4983 3078 
3137 4259 4909 2487 
3138 3232 4788 3231 
3139 3711 4343 4154 
3140 2366 2996 2368 
3141 3189 4896 3190 
3142 2113 2166 2165 
3143 3558 3771 3770 
3144 2746 4442 3170 
3145 4147 4687 3270 
3146 3533 3534 3532 
3147 2032 4309 3914 
3148 2190 2307 2193 
3149 2149 3166 2145 
3150 2771 5197 3174 
3151 2859 4458 2853 
3152 2271 4089 4088 
3153 4442 4697 3054 
3154 4291 4559 3423 
3155 2187 4538 2195 
3156 2317 4998 1873 
3157 3579 4852 3594 
3158 3228 4761 2121 
3159 2260 3947 3343 
3160 3856 4774 4188 
3161 1886 3074 3072 
3162 2122 4245 2124 
3163 62 2033 61 
3164 3499 5011 2202 
3165 77 3954 2023 
3166 45 2034 44 
3167 79 2035 78 
3168 2391 4285 2369 
3169 4615 4616 3001 
3170 2118 2119 2110 
3171 3631 3635 3633 
3172 2449 4982 2447 
3173 3638 4572 3636 
3174 3475 4811 3476 
3175 3623 4713 4115 
3176 4617 4853 3674 
3177 2068 4912 2313 
3178 3355 5110 2112 
3179 3500 4711 3982 
3180 3081 4408 4027 
3181 2809 5200 3185 
3182 4611 4671 2222 
3183 2451 5035 2463 
3184 2317 4178 2319 
3185 2486 4565 3222 
3186 2217 5033 2155 
3187 3084 4608 3085 
3188 3924 5037 2234 
3189 2237 5238 2236 
3190 2132 4607 2210 
3191 3178 3334 3176 
3192 4423 4668 2238 
3193 2498 4990 3321 
3194 48 4039 47 
3195 4184 4186 3963 
3196 2157 5131 5095 
3197 3085 4608 4128 
3198 3114 5045 3111 
3199 2106 4717 2105 
3200 2687 5223 2689 
3201 3181 5043 3183 
3202 3191 4592 3105 
3203 2121 4545 4133 
3204 3425 5119 3426 
3205 2282 5084 2281 
3206 4132 4671 3804 
3207 4269 5062 2434 
3208 4358 4851 11 
3209 3042 4381 3088 
3210 4077 4512 2268 
3211 2184 4778 2176 
3212 2109 2110 2099 
3213 3498 3501 2311 
3214 689 2323 690 
3215 229 3080 230 
3216 184 2798 185 
3217 627 3083 628 
3218 595 2350 596 
3219 644 2752 645 
3220 168 3082 169 
3221 593 3236 594 
3222 692 2818 693 
3223 220 2956 221 
3224 664 3233 665 
3225 655 2915 656 
3226 231 3059 232 
3227 174 3086 175 
3228 195 2972 196 
3229 172 3088 173 
3230 190 2924 191 
3231 209 2651 210 
3232 144 3087 145 
3233 695 2896 696 
3234 170 3014 171 
3235 140 2711 141 
3236 669 2345 670 
3237 222 3067 223 
3238 133 2782 134 
3239 598 3237 599 
3240 682 3079 683 
3241 206 2958 207 
3242 120 2644 121 
3243 600 2965 601 
3244 620 2814 621 
3245 131 3234 132 
3246 661 2661 662 
3247 642 2768 643 
3248 182 3226 183 
3249 666 2891 667 
3250 603 2806 604 
3251 136 3180 137 
3252 187 2769 188 
3253 142 3055 143 
3254 617 2613 618 
3255 606 2943 607 
3256 138 3004 139 
3257 178 3048 179 
3258 649 3051 650 
3259 658 3210 659 
3260 615 3238 616 
3261 235 2327 4 
3262 225 3005 226 
3263 176 3230 177 
3264 680 2955 681 
3265 180 3075 181 
3266 2310 4418 2114 
3267 3646 4066 3755 
3268 4498 4891 2161 
3269 2193 5031 2197 
3270 14 4172 1950 
3271 1940 4172 15 
3272 2463 5099 2464 
3273 2112 3354 2113 
3274 4820 5224 2554 
3275 3379 3391 3381 
3276 3223 4704 3273 
3277 4841 4995 3173 
3278 4382 4822 2252 
3279 4100 4305 3430 
3280 3403 4320 3405 
3281 2266 4926 2267 
3282 72 3984 1882 
3283 166 3330 3064 
3284 1893 3130 676 
3285 686 2811 1934 
3286 1852 3045 623 
3287 1896 2887 678 
3288 1934 3058 687 
3289 118 3324 3002 
3290 164 2336 1861 
3291 1833 3139 156 
3292 158 2785 1797 
3293 129 3147 2878 
3294 127 2706 1755 
3295 1935 3066 227 
3296 1886 3072 8 
3297 124 2882 1792 
3298 1834 2827 193 
3299 1899 3060 625 
3300 1887 2779 638 
3301 635 2976 1859 
3302 151 3141 2700 
3303 1829 3013 609 
3304 702 2036 1831 
3305 708 2755 1764 
3306 199 2916 1763 
3307 155 2647 1833 
3308 647 3891 3253 
3309 1795 3134 706 
3310 1888 2941 640 
3311 147 3119 1902 
3312 219 2907 1853 
3313 1901 2979 629 
3314 612 3136 2763 
3315 705 2824 1795 
3316 1792 3145 125 
3317 1797 3133 159 
3318 605 3003 1793 
3319 216 2835 1760 
3320 189 3302 1798 
3321 1859 3063 636 
3322 1892 2978 674 
3323 213 2805 1799 
3324 711 2942 1855 
3325 1922 3117 651 
3326 116 2357 1826 
3327 205 2705 1832 
3328 1927 2908 591 
3329 202 2598 1796 
3330 632 2712 1753 
3331 1921 2933 653 
3332 1760 3327 217 
3333 1830 3126 614 
3334 608 3296 1829 
3335 1753 3331 633 
3336 149 2927 1860 
3337 713 2903 1886 
3338 1754 3152 153 
3339 1838 3311 211 
3340 699 2694 1885 
3341 657 3297 1756 
3342 6 3153 1927 
3343 1764 3328 709 
3344 152 2700 1754 
3345 697 3140 1837 
3346 1889 3148 3 
3347 1895 3136 611 
3348 1885 3129 700 
3349 1789 3146 114 
3350 1827 3142 122 
3351 1926 3153 631 
3352 1763 3121 200 
3353 704 3320 2824 
3354 2 3152 2994 
3355 7 3149 2712 
3356 113 2994 1789 
3357 1799 3122 214 
3358 1790 3149 672 
3359 234 3008 1891 
3360 204 3329 2705 
3361 160 3133 2817 
3362 1855 2903 712 
3363 1837 2694 698 
3364 1796 3329 203 
3365 648 3253 1923 
3366 1856 3125 197 
3367 1902 2927 148 
3368 675 2978 1893 
3369 115 3146 2357 
3370 654 2933 1858 
3371 161 2817 1762 
3372 1930 3008 233 
3373 660 3932 1791 
3374 592 2908 1928 
3375 215 3122 2835 
3376 201 3121 2598 
3377 1925 3123 684 
3378 613 2763 1830 
3379 130 2878 1857 
3380 610 3013 1895 
3381 619 3303 1758 
3382 637 3063 1887 
3383 1903 3119 146 
3384 710 3328 2942 
3385 1831 3320 703 
3386 639 2779 1888 
3387 194 2827 1889 
3388 198 3125 2916 
3389 1762 3115 162 
3390 630 2979 1926 
3391 641 2941 1898 
3392 1908 3891 646 
3393 154 3148 2647 
3394 626 3060 1900 
3395 701 3129 2036 
3396 652 3117 1921 
3397 163 3115 2336 
3398 212 3311 2805 
3399 1860 3141 150 
3400 663 2937 1828 
3401 123 3142 2882 
3402 218 3327 2907 
3403 634 3331 2976 
3404 119 3002 1883 
3405 1755 3147 128 
3406 1826 3324 117 
3407 192 3138 1834 
3408 673 3072 1892 
3409 597 3295 1894 
3410 679 2887 1897 
3411 707 3134 2755 
3412 228 3066 1932 
3413 1861 3330 165 
3414 167 3064 1916 
3415 126 3145 2706 
3416 685 3123 2811 
3417 624 3045 1899 
3418 688 3058 1854 
3419 677 3130 1896 
3420 157 3139 2785 
3421 95 4653 94 
3422 2057 4999 2056 
3423 2329 2972 1890 
3424 4349 4479 2688 
3425 3301 5123 3299 
3426 4386 4729 4258 
3427 3910 4107 3846 
3428 2304 4587 2305 
3429 4220 4518 2957 
3430 2171 2214 2173 
3431 2424 2501 2439 
3432 2744 5021 2751 
3433 3103 4748 3056 
3434 3319 4447 3288 
3435 2863 5013 2858 
3436 2664 4657 4077 
3437 2493 3956 3955 
3438 3057 3087 1904 
3439 2864 2869 2868 
3440 3085 4127 1901 
3441 3219 3226 1909 
3442 3719 5230 3718 
3443 3228 4927 4266 
3444 2112 5110 3354 
3445 97 2032 96 
3446 27 2031 26 
3447 2293 2297 2290 
3448 3223 3273 2255 
3449 4269 5081 3473 
3450 3262 3290 2242 
3451 2391 4146 3445 
3452 2441 4978 2442 
3453 1854 3156 3144 
3454 2483 3181 2398 
3455 2935 3365 2934 
3456 2980 4127 2989 
3457 2934 4383 1858 
3458 3245 3334 3178 
3459 2593 4707 4461 
3460 3211 3981 3980 
3461 2331 4727 2335 
3462 3459 3460 3457 
3463 1906 3106 2711 
3464 1884 3069 3067 
3465 2127 5029 2128 
3466 2249 4868 2125 
3467 3999 5086 3759 
3468 4660 5050 4491 
3469 2129 5029 4791 
3470 2548 4371 4029 
3471 2273 4964 2262 
3472 3017 3020 3018 
3473 3663 4369 3666 
3474 2223 5053 2230 
3475 4092 5143 2320 
3476 2808 3911 3335 
3477 1898 3158 3092 
3478 3454 4816 3444 
3479 3200 5229 2033 
3480 3113 5070 4975 
3481 3352 4764 3350 
3482 4320 4411 2584 
3483 1881 4215 3299 
3484 4629 4817 2184 
3485 3037 3044 3043 
3486 79 2590 2035 
3487 3417 3420 3418 
3488 3177 3178 3176 
3489 2134 4607 2132 
3490 2682 4378 2685 
3491 2084 3373 2088 
3492 2390 4026 2375 
3493 1878 4102 3940 
3494 3436 4651 3442 
3495 2512 5174 4483 
3496 2375 4026 2377 
3497 2120 5046 2122 
3498 2180 4471 3218 
3499 3789 4625 4415 
3500 3089 5040 2438 
3501 2636 5159 2633 
3502 3595 4043 3659 
3503 3495 3497 3496 
3504 3593 4880 3591 
3505 2567 4584 2565 
3506 2163 4923 2075 
3507 2505 5178 2395 
3508 4112 4113 3692 
3509 3090 5096 2505 
3510 2242 4075 3259 
3511 4011 4171 3975 
3512 3321 3322 2498 
3513 4437 4881 2584 
3514 2504 4846 3822 
3515 2145 4827 2142 
3516 2778 4872 3302 
3517 3287 3942 2427 
3518 3657 4113 4112 
3519 2619 4879 3303 
3520 2248 5029 4499 
3521 2290 2297 2292 
3522 2407 4494 2406 
3523 2071 2073 2072 
3524 2078 5128 2042 
3525 3326 4978 2500 
3526 3314 3344 2389 
3527 3604 4672 4218 
3528 2844 5109 4446 
3529 2465 5227 3272 
3530 3499 4840 2115 
3531 2389 5181 2388 
3532 3259 3262 2242 
3533 3085 4128 4127 
3534 2023 3956 76 
3535 2158 4555 3535 
3536 2178 2184 2176 
3537 3102 4568 2826 
3538 2419 2424 2421 
3539 4799 5066 2316 
3540 2873 5165 2872 
3541 4491 5155 2510 
3542 2075 5107 2072 
3543 2386 2389 2388 
3544 4351 4352 2822 
3545 3511 3512 3510 
3546 2195 4782 3100 
3547 3638 4328 3952 
3548 2846 5104 2845 
3549 2609 5103 2608 
3550 3165 4531 4077 
3551 3216 3400 2589 
3552 4003 4977 100 
3553 2432 2582 2387 
3554 2536 4175 2507 
3555 3947 3948 3343 
3556 2067 2068 2065 
3557 3346 4575 4075 
3558 2136 5052 2134 
3559 2746 5021 2745 
3560 2632 4863 2631 
3561 2625 4722 2640 
3562 3524 5087 3523 
3563 2891 3109 2892 
3564 2523 2525 2524 
3565 2969 3185 2965 
3566 2471 4773 3276 
3567 2530 4749 2529 
3568 2082 4756 2080 
3569 3917 5045 3114 
3570 2814 4101 2815 
3571 1882 3984 3284 
3572 2516 5150 2460 
3573 2668 5001 2670 
3574 3293 4930 2961 
3575 2424 2425 2421 
3576 3073 4152 4013 
3577 3349 3350 3347 
3578 2072 5107 5068 
3579 3492 4556 4058 
3580 3286 3994 1882 
3581 3537 3538 3536 
3582 3903 5090 3526 
3583 2436 2474 2473 
3584 2386 3314 2389 
3585 3454 3990 3989 
3586 3112 4611 2050 
3587 2279 4790 2277 
3588 2539 4819 3611 
3589 2862 4433 3070 
3590 2523 5092 2521 
3591 2724 4895 2740 
3592 3212 4812 2020 
3593 3069 3070 3067 
3594 2501 4000 2502 
3595 2813 4460 3255 
3596 3177 4222 3179 
3597 2514 4716 3358 
3598 1857 3235 3234 
3599 2939 3233 1828 
3600 4499 4987 2248 
3601 2855 5142 2854 
3602 1871 4640 4527 
3603 2072 5068 2312 
3604 2635 4709 3190 
3605 1897 3108 2955 
3606 3744 4191 3686 
3607 2464 5099 3246 
3608 3022 5171 3018 
3609 2576 4333 3205 
3610 3079 4203 1925 
3611 2733 5130 2732 
3612 3673 3676 3675 
3613 3258 4631 3260 
3614 135 4246 136 
3615 2050 4975 3112 
3616 3387 3390 3388 
3617 2416 3942 2414 
3618 3804 4671 3803 
3619 2331 2334 2333 
3620 4430 4828 3427 
3621 2095 3948 2093 
3622 3217 4070 2562 
3623 3204 3280 3203 
3624 2389 3344 2589 
3625 3451 3452 3450 
3626 2032 4812 3212 
3627 4000 4871 2433 
3628 2279 2282 2281 
3629 4442 4793 4697 
3630 3493 4711 3500 
3631 4276 4446 2588 
3632 4198 4757 2564 
3633 2430 2436 2435 
3634 2286 2287 2285 
3635 2537 5032 2482 
3636 2519 4673 3235 
3637 1848 3808 3569 
3638 1982 3868 3834 
3639 2198 2257 2205 
3640 2376 4444 2373 
3641 3568 4067 3113 
3642 3336 3337 2101 
3643 3923 4849 3482 
3644 3702 4580 4397 
3645 2794 3172 2790 
3646 3211 3213 2258 
3647 2182 4889 3292 
3648 2663 2667 2665 
3649 3424 3425 2593 
3650 3240 4699 4698 
3651 3260 3264 3263 
3652 2743 2745 2744 
3653 3335 4648 3003 
3654 2989 2992 2984 
3655 3914 4309 2861 
3656 3189 3190 3084 
3657 3527 3528 3526 
3658 2167 4929 2165 
3659 2922 4208 2921 
3660 1944 4479 4349 
3661 2475 2476 2474 
3662 2579 5089 4459 
3663 4050 4052 2018 
3664 3771 4874 3095 
3665 2670 5001 2671 
3666 2854 4847 2853 
3667 4068 5134 4660 
3668 3697 4123 3695 
3669 3065 3250 3249 
3670 3022 4888 3042 
3671 2655 3198 2657 
3672 1952 4041 3379 
3673 3556 4739 3554 
3674 3623 4115 3624 
3675 2677 5152 2683 
3676 2234 2236 2235 
3677 3400 4814 2843 
3678 2476 2479 2478 
3679 1872 4044 3518 
3680 3202 5080 3201 
3681 2739 4967 2735 
3682 4733 5035 2496 
3683 2399 5220 2423 
3684 2422 5019 2469 
3685 2562 5063 2561 
3686 2464 2468 2466 
3687 2440 2441 2390 
3688 2581 5062 4269 
3689 3522 3529 3167 
3690 4796 5043 3184 
3691 3513 4160 2157 
3692 4869 4982 2492 
3693 3531 3532 3530 
3694 3277 3278 2426 
3695 2089 4985 2091 
3696 4557 5242 4399 
3697 3621 3798 1984 
3698 323 3755 1868 
3699 3488 3493 3490 
3700 3966 5207 4181 
3701 3711 3779 1987 
3702 2818 3143 2820 
3703 3919 4376 3921 
3704 2958 4221 2960 
3705 2058 4999 2057 
3706 2323 3144 2325 
3707 50 5123 3301 
3708 4320 4881 3405 
3709 4227 4705 3188 
3710 3784 5050 4660 
3711 3955 4867 2517 
3712 2790 3172 2792 
3713 3896 4170 2793 
3714 3281 3282 3280 
3715 2734 2735 2733 
3716 3895 4853 4617 
3717 3466 3879 1976 
3718 3541 4614 3792 
3719 3718 3722 3721 
3720 3664 3811 1980 
3721 2509 4487 4282 
3722 2395 5178 2393 
3723 4169 5002 4170 
3724 4061 4960 4692 
3725 3246 5099 3247 
3726 2947 3911 3227 
3727 2025 4165 3193 
3728 3135 4568 3371 
3729 3453 4883 4505 
3730 3667 4262 3735 
3731 3363 4143 2744 
3732 2171 2172 2170 
3733 3877 3905 1993 
3734 2984 2992 2986 
3735 2154 2217 2155 
3736 2137 5024 2136 
3737 3116 4601 4159 
3738 4068 4660 4213 
3739 2399 2405 2397 
3740 2345 3155 2347 
3741 3176 3334 2227 
3742 2436 2475 2474 
3743 2283 5084 2282 
3744 3218 4792 2180 
3745 3633 4502 2228 
3746 3701 3823 1803 
3747 2088 5011 2089 
3748 3445 4285 2391 
3749 2442 5135 2443 
3750 2128 5029 2129 
3751 1944 4039 48 
3752 3782 3813 1847 
3753 3183 4796 4478 
3754 3185 4500 2809 
3755 2097 3336 2101 
3756 2679 4596 2680 
3757 3081 4661 4408 
3758 3675 4190 2453 
3759 2738 3163 3158 
3760 3707 4295 3497 
3761 2476 5162 2474 
3762 2618 4646 2621 
3763 3322 4480 3323 
3764 2308 4197 3101 
3765 3476 4407 3830 
3766 4625 4897 2547 
3767 1963 4009 3599 
3768 3237 4577 2967 
3769 3498 5156 3501 
3770 3604 4540 3601 
3771 2129 2131 2130 
3772 2070 3978 3334 
3773 2029 4710 3154 
3774 3632 3634 2161 
3775 2507 4593 2443 
3776 2486 5237 2374 
3777 2500 5067 3221 
3778 71 3994 70 
3779 2170 5127 2169 
3780 3249 3250 3027 
3781 2052 4839 3111 
3782 2316 4160 3511 
3783 3870 3871 3835 
3784 3913 4945 2167 
3785 3340 4563 3343 
3786 2798 4520 3174 
3787 2483 5027 3184 
3788 3422 4461 3418 
3789 1876 4447 3215 
3790 4023 5116 2028 
3791 3395 3958 415 
3792 2934 4564 4383 
3793 3848 4249 3910 
3794 3301 4763 50 
3795 2748 4793 2745 
3796 2271 4543 2051 
3797 2031 5098 4202 
3798 415 3958 416 
3799 4259 5182 2657 
3800 2427 3942 2416 
3801 2091 2310 2094 
3802 2274 2275 2273 
3803 3659 3660 3595 
3804 3626 3951 314 
3805 3477 3959 433 
3806 314 3951 315 
3807 433 3959 434 
3808 307 3986 308 
3809 545 3995 546 
3810 253 3997 254 
3811 372 4001 373 
3812 509 4004 510 
3813 413 4373 1869 
3814 3561 3986 307 
3815 2731 4417 3244 
3816 2414 3942 3277 
3817 3607 3995 545 
3818 3764 3997 253 
3819 2258 3213 2257 
3820 3790 4001 372 
3821 3409 4004 509 
3822 2101 3948 2095 
3823 3526 5090 4074 
3824 2093 3948 3947 
3825 3361 4104 2062 
3826 2636 4134 2637 
3827 4075 4945 3348 
3828 2538 5032 2537 
3829 2314 4845 3838 
3830 2463 2464 2451 
3831 2744 4904 2743 
3832 1882 3994 71 
3833 3670 4853 3895 
3834 3438 3441 3440 
3835 2190 2193 2192 
3836 3056 3057 1904 
3837 3402 3888 3407 
3838 2112 4443 3355 
3839 2645 2646 1827 
3840 4102 4206 3937 
3841 2753 3363 1908 
3842 3076 3219 1909 
3843 1938 4183 3946 
3844 2412 3277 2426 
3845 426 3681 1995 
3846 466 3807 1966 
3847 587 3824 1846 
3848 450 3799 1743 
3849 359 3723 1981 
3850 246 3779 1805 
3851 336 3811 1777 
3852 581 3545 1985 
3853 462 3823 1972 
3854 550 3596 2002 
3855 277 3873 1783 
3856 515 3874 1787 
3857 496 3618 2005 
3858 455 3879 1779 
3859 341 3729 1801 
3860 480 3756 1814 
3861 365 3798 1804 
3862 585 3727 1967 
3863 3227 4761 3228 
3864 2122 5046 2123 
3865 3557 4739 3560 
3866 4118 4389 2496 
3867 2577 3205 3204 
3868 2458 4674 2519 
3869 269 3708 1871 
3870 2229 5030 4894 
3871 4583 5110 3356 
3872 3988 4194 3044 
3873 2509 4951 2452 
3874 3519 3705 3516 
3875 460 3699 1803 
3876 3512 4766 4392 
3877 3880 3883 3882 
3878 3006 3007 1935 
3879 1832 4776 4221 
3880 1853 4775 4220 
3881 3805 4484 3802 
3882 2923 4331 2922 
3883 4107 4390 2502 
3884 2198 4753 2200 
3885 2819 5199 693 
3886 3185 5200 601 
3887 2892 5201 667 
3888 2324 5198 690 
3889 3174 5197 185 
3890 3068 5202 223 
3891 1745 3854 3776 
3892 3528 4385 4384 
3893 3393 4893 3893 
3894 4193 4396 4194 
3895 3029 5167 3026 
3896 2067 3978 2070 
3897 2301 5154 3108 
3898 4794 5127 2243 
3899 3215 4969 4187 
3900 2973 2975 1856 
3901 2652 2653 1838 
3902 3746 4497 3592 
3903 2736 4983 3163 
3904 2871 2873 2872 
3905 3047 3364 3046 
3906 2930 2932 2928 
3907 112 2030 111 
3908 12 2029 11 
3909 2594 4430 3993 
3910 2803 4193 2804 
3911 2408 4425 2411 
3912 2390 5237 2440 
3913 2957 3069 1884 
3914 3105 3106 1906 
3915 3537 4412 4347 
3916 3788 4071 1785 
3917 1992 4006 3731 
3918 4114 4607 4115 
3919 288 3906 2007 
3920 260 4034 261 
3921 325 4062 326 
3922 444 4043 445 
3923 491 3989 492 
3924 322 3755 323 
3925 552 4033 553 
3926 390 4024 391 
3927 2082 4973 2206 
3928 3813 4163 534 
3929 2155 4422 2152 
3930 3446 4769 3448 
3931 2328 2329 1890 
3932 3819 4410 3821 
3933 3521 4334 3519 
3934 3177 3179 3178 
3935 2033 3169 61 
3936 3653 4111 1842 
3937 4501 4551 2709 
3938 2396 4015 2452 
3939 2098 2100 2099 
3940 2781 4492 2780 
3941 3135 3371 2756 
3942 2889 3899 2888 
3943 3643 5235 3829 
3944 280 4042 281 
3945 273 4056 274 
3946 565 4060 566 
3947 399 4072 400 
3948 410 4050 411 
3949 302 3971 303 
3950 518 4098 519 
3951 316 4030 317 
3952 493 4019 494 
3953 2425 4834 2421 
3954 2856 5012 2865 
3955 3637 3639 3638 
3956 2071 2072 2069 
3957 3269 4268 2333 
3958 3629 3951 3626 
3959 422 3930 2012 
3960 2833 3374 2828 
3961 4218 4219 3604 
3962 3190 4608 3084 
3963 3069 4248 2862 
3964 3334 3978 2227 
3965 2067 2069 2068 
3966 3109 3110 2892 
3967 2297 2298 2292 
3968 421 3930 422 
3969 4063 4064 3649 
3970 3553 3853 1994 
3971 274 4056 3483 
3972 566 4060 3831 
3973 400 4072 3814 
3974 317 4030 3864 
3975 303 3971 1996 
3976 411 4050 2018 
3977 494 4019 1742 
3978 519 4098 3668 
3979 3225 4563 1874 
3980 3215 4736 1876 
3981 4368 4369 3665 
3982 3746 4340 441 
3983 2124 4765 2119 
3984 4117 4475 4119 
3985 2271 4236 4089 
3986 3480 3959 3477 
3987 2593 4461 3424 
3988 561 3375 1951 
3989 4407 4811 1968 
3990 2750 5064 4735 
3991 2656 2658 2653 
3992 2464 2465 2451 
3993 3781 4167 3783 
3994 2766 4670 4466 
3995 3398 3958 3395 
3996 3690 3976 1816 
3997 4188 4774 3929 
3998 60 3169 2026 
3999 3514 4560 3616 
4000 2170 4530 4466 
4001 287 3906 288 
4002 2552 3100 2557 
4003 2633 4863 2632 
4004 601 5200 602 
4005 667 5201 668 
4006 693 5199 694 
4007 690 5198 691 
4008 223 5202 224 
4009 185 5197 186 
4010 2040 2204 2038 
4011 3848 3910 3846 
4012 2604 4306 2611 
4013 2047 2051 2050 
4014 2991 3202 3201 
4015 3806 4671 4611 
4016 3728 4062 325 
4017 3659 4043 444 
4018 3724 4034 260 
4019 3570 4024 390 
4020 3754 3755 322 
4021 3797 3989 491 
4022 3827 4033 552 
4023 3483 4056 3486 
4024 3337 3338 2101 
4025 3984 4293 3285 
4026 3186 4435 3188 
4027 3250 4699 3027 
4028 2603 2606 2600 
4029 2759 2760 2757 
4030 2840 2841 2837 
4031 2491 5140 2540 
4032 5093 5150 2515 
4033 3285 4647 4270 
4034 4246 4247 2587 
4035 2243 5127 4466 
4036 2184 4817 4778 
4037 2341 2342 2339 
4038 3946 4183 3945 
4039 4116 4363 3927 
4040 2051 4543 2053 
4041 3516 3705 385 
4042 1883 5041 2644 
4043 3131 3224 2241 
4044 2386 2388 2387 
4045 1955 3258 3257 
4046 4069 4272 1924 
4047 3277 3279 3278 
4048 2821 4787 4675 
4049 4784 4785 3091 
4050 2361 2484 2359 
4051 3277 3942 3279 
4052 414 3395 415 
4053 2066 3978 2067 
4054 2217 2251 2218 
4055 412 4373 413 
4056 622 5139 1852 
4057 2954 4465 3318 
4058 2804 4193 3359 
4059 3648 5114 3647 
4060 3093 3771 3560 
4061 2948 4266 2949 
4062 2138 5024 2137 
4063 3338 3948 2101 
4064 2717 2718 2714 
4065 3979 4962 3120 
4066 306 3561 307 
4067 371 3790 372 
4068 324 3728 325 
4069 432 3477 433 
4070 267 3706 268 
4071 508 3409 509 
4072 289 3800 290 
4073 350 3615 351 
4074 570 3571 571 
4075 465 3807 466 
4076 425 3681 426 
4077 259 3724 260 
4078 443 3659 444 
4079 533 3813 534 
4080 354 3738 355 
4081 440 3746 441 
4082 449 3799 450 
4083 586 3824 587 
4084 278 3712 279 
4085 473 3613 474 
4086 544 3607 545 
4087 358 3723 359 
4088 588 3680 589 
4089 245 3779 246 
4090 514 3874 515 
4091 580 3545 581 
4092 389 3570 390 
4093 296 3865 297 
4094 516 3849 517 
4095 335 3811 336 
4096 454 3879 455 
4097 313 3626 314 
4098 276 3873 277 
4099 332 3704 333 
4100 461 3823 462 
4101 249 3853 250 
4102 495 3618 496 
4103 549 3596 550 
4104 490 3797 491 
4105 340 3729 341 
4106 321 3754 322 
4107 364 3798 365 
4108 479 3756 480 
4109 584 3727 585 
4110 404 3747 405 
4111 551 3827 552 
4112 252 3764 253 
4113 3743 4022 4021 
4114 2034 4938 4230 
4115 2198 2205 2197 
4116 2459 5093 2458 
4117 3279 3942 3287 
4118 3187 4705 3376 
4119 3248 4495 2462 
4120 3042 5171 3022 
4121 2183 4605 4538 
4122 1878 4206 4102 
4123 3855 4188 2017 
4124 2853 4847 2851 
4125 3934 3938 3935 
4126 266 3377 1776 
4127 3616 4569 3514 
4128 459 3699 460 
4129 2540 5140 2541 
4130 3761 3885 3763 
4131 4119 4854 3687 
4132 3343 3948 3338 
4133 4595 5215 2034 
4134 2193 2197 2192 
4135 3233 4829 2894 
4136 3234 4830 2784 
4137 4227 4503 563 
4138 3617 4560 4404 
4139 2876 5165 2873 
4140 2128 2157 2126 
4141 2381 3934 2400 
4142 513 3402 1958 
4143 505 3773 1772 
4144 2010 4048 408 
4145 1986 3786 395 
4146 577 3401 1998 
4147 1982 3832 330 
4148 2003 3810 241 
4149 1964 3757 568 
4150 386 3705 1774 
4151 2008 3908 538 
4152 312 4362 2006 
4153 1997 3852 348 
4154 1785 4071 397 
4155 292 3809 3808 
4156 1813 3851 346 
4157 2013 4036 527 
4158 1993 3905 285 
4159 1745 3774 257 
4160 1840 3574 477 
4161 486 4095 3432 
4162 1966 3678 467 
4163 429 3739 1786 
4164 2004 3863 483 
4165 264 4041 1952 
4166 501 3826 3825 
4167 556 3761 1870 
4168 1956 3970 523 
4169 1848 3567 294 
4170 1786 4370 430 
4171 1744 3550 376 
4172 1845 3850 239 
4173 2016 3780 531 
4174 1801 3502 342 
4175 2017 3925 419 
4176 353 3772 1844 
4177 1841 4020 469 
4178 368 4009 1963 
4179 520 3668 1811 
4180 1743 4031 451 
4181 448 3575 1962 
4182 343 3502 1989 
4183 1957 3606 573 
4184 574 3606 1782 
4185 329 3868 1982 
4186 361 3690 1816 
4187 484 3863 1802 
4188 437 3844 1979 
4189 447 3812 3575 
4190 295 3567 2015 
4191 393 3883 3880 
4192 487 3432 2000 
4193 2014 4017 300 
4194 532 3780 1847 
4195 240 3850 2003 
4196 299 3858 2014 
4197 548 3481 1784 
4198 275 3483 1991 
4199 375 3544 1744 
4200 238 3745 1845 
4201 476 3725 1840 
4202 1981 3690 360 
4203 478 3574 1973 
4204 357 3653 1842 
4205 530 3758 2016 
4206 258 3774 1983 
4207 401 3814 1809 
4208 1802 4095 485 
4209 537 3842 2008 
4210 468 3678 1841 
4211 377 3550 1959 
4212 383 4044 1872 
4213 407 3867 2010 
4214 293 3808 1848 
4215 555 3885 3761 
4216 502 3825 1866 
4217 541 3793 2009 
4218 256 3854 1745 
4219 396 3786 1785 
4220 318 3864 1978 
4221 349 3852 1839 
4222 436 3847 3844 
4223 567 3831 1964 
4224 347 3851 1997 
4225 472 3694 1843 
4226 569 3757 1746 
4227 331 3832 1741 
4228 1788 4362 311 
4229 526 3817 2013 
4230 394 3880 1986 
4231 431 4370 1999 
4232 310 3753 1788 
4233 242 3810 1817 
4234 418 3855 2017 
4235 339 4006 1992 
4236 512 3888 3402 
4237 3034 3035 3033 
4238 3476 4253 3472 
4239 3471 3472 3468 
4240 2439 4405 4326 
4241 559 4148 1775 
4242 3460 4123 3889 
4243 2304 5214 2295 
4244 3236 4450 2353 
4245 3582 4409 4322 
4246 2182 4605 2183 
4247 3541 4873 4614 
4248 3316 4251 1879 
4249 3540 3541 3538 
4250 2411 4425 2434 
4251 2355 2356 2352 
4252 3456 3458 2392 
4253 3588 5236 3589 
4254 2203 3946 3944 
4255 2774 2778 2772 
4256 3934 3935 2400 
4257 3599 3603 3601 
4258 3179 3244 3178 
4259 2322 5131 4427 
4260 1866 3887 503 
4261 504 3887 3773 
4262 4408 4661 2869 
4263 2949 2950 2945 
4264 3838 4368 3836 
4265 2197 4002 2203 
4266 3429 4430 3427 
4267 405 3747 1821 
4268 2481 5174 2480 
4269 2303 4924 4179 
4270 3238 4448 2616 
4271 2196 3957 2185 
4272 268 3708 269 
4273 2108 3947 2260 
4274 2510 4660 4491 
4275 3703 4310 3701 
4276 2618 2619 2615 
4277 3337 3339 3338 
4278 3564 3986 3561 
4279 2379 3934 2381 
4280 3288 3994 3286 
4281 3393 4874 3094 
4282 3342 4172 1940 
4283 3944 3960 2203 
4284 3279 3284 3278 
4285 2318 3957 2196 
4286 4544 4703 4545 
4287 2595 4638 3206 
4288 2190 4972 2307 
4289 2100 4443 2112 
4290 2096 2098 2097 
4291 2873 3012 2876 
4292 3225 4278 2259 
4293 2176 4525 2174 
4294 3668 4098 3671 
4295 3526 4786 3525 
4296 3436 3441 3438 
4297 3993 4430 4429 
4298 3226 4779 2800 
4299 2092 3947 2108 
4300 3323 4480 2579 
4301 2146 4103 2144 
4302 2061 4104 2064 
4303 2185 3957 2181 
4304 4911 5133 4892 
4305 3935 3936 2400 
4306 3244 3245 3178 
4307 3173 4995 2467 
4308 3075 3077 3076 
4309 4323 4661 3081 
4310 3235 4688 2519 
4311 3515 4148 558 
4312 3339 3340 3338 
4313 3228 4266 2948 
4314 2123 2264 2250 
4315 2147 3965 3964 
4316 3279 3286 3284 
4317 3284 3285 3278 
4318 413 1869 414 
4319 2383 3961 2385 
4320 2151 3964 2159 
4321 4798 5044 2163 
4322 2098 2099 2097 
4323 3326 4990 2498 
4324 3936 3962 3961 
4325 2159 3964 3920 
4326 2685 4377 2684 
4327 2385 3961 3315 
4328 3935 3937 3936 
4329 2400 3961 2383 
4330 2169 3290 2171 
4331 2148 3964 2151 
4332 3936 3961 2400 
4333 3339 3341 3340 
4334 3340 3343 3338 
4335 3279 3287 3286 
4336 2192 3960 2188 
4337 3964 3965 3920 
4338 2188 3960 2186 
4339 3287 3288 3286 
4340 3965 3966 3920 
4341 2194 3960 3944 
4342 2428 3967 2420 
4343 3287 3319 3288 
4344 3961 3962 3315 
4345 2495 3967 2428 
4346 2420 3967 2418 
4347 3962 3963 3315 
4348 2494 3215 2495 
4349 2494 2495 2428 
4350 2469 2494 2428 
4351 3919 3921 3918 
4352 2159 3920 3919 
4353 2422 2469 2428 
4354 2319 2320 2318 
4355 2159 3919 3918 
4356 2422 2428 2420 
4357 2385 3315 3314 
4358 2317 2319 2318 
4359 3944 3946 3945 
4360 2159 3918 2154 
4361 2421 2422 2420 
4362 2385 3314 2386 
4363 2386 2387 2384 
4364 2189 2191 2190 
4365 2190 2192 2188 
4366 3944 3945 2269 
4367 2317 2318 2196 
4368 2151 2159 2154 
4369 2419 2421 2420 
4370 2385 2386 2384 
4371 2194 3944 2269 
4372 2189 2190 2188 
4373 2269 2317 2196 
4374 2151 2154 2152 
4375 2152 2153 2150 
4376 2419 2420 2418 
4377 2418 3967 2427 
4378 2097 2101 2095 
4379 2260 3225 2259 
4380 2226 3316 3175 
4381 2246 3107 2245 
4382 3175 3176 2227 
4383 3939 3941 3940 
4384 2383 2385 2384 
4385 2187 2189 2188 
4386 2194 2269 2196 
4387 2151 2152 2150 
4388 2418 2427 2416 
4389 2417 2419 2418 
4390 2096 2097 2095 
4391 2108 2260 2259 
4392 2226 3175 2227 
4393 2225 2246 2245 
4394 3939 3940 3938 
4395 2381 2400 2383 
4396 2383 2384 2382 
4397 2186 3960 2194 
4398 2187 2188 2186 
4399 2194 2196 2185 
4400 2148 2151 2150 
4401 2182 2183 2181 
4402 2417 2418 2416 
4403 2094 2096 2095 
4404 2108 2259 2254 
4405 2225 2245 2224 
4406 2226 2227 2087 
4407 2402 3939 3938 
4408 2381 2383 2382 
4409 2227 3978 2087 
4410 2183 2187 2186 
4411 2186 2194 2185 
4412 2055 2103 2057 
4413 2148 2150 2149 
4414 2482 5174 2481 
4415 2179 2182 2181 
4416 2415 2417 2416 
4417 2094 2095 2093 
4418 2108 2254 2102 
4419 2623 4837 4780 
4420 2224 2226 2087 
4421 2076 2225 2224 
4422 2402 3938 3934 
4423 2381 2382 2380 
4424 2611 3101 2479 
4425 2644 3090 2645 
4426 2183 2186 2185 
4427 2148 2149 2145 
4428 2147 3964 2148 
4429 2074 4417 2221 
4430 2415 2416 2414 
4431 1869 3395 414 
4432 2091 2094 2093 
4433 2092 2108 2102 
4434 2093 3947 2092 
4435 2076 2224 2087 
4436 3642 5193 3641 
4437 2402 3934 2379 
4438 2379 2381 2380 
4439 2107 5028 2106 
4440 3868 4149 3869 
4441 2433 4871 2417 
4442 2183 2185 2181 
4443 2691 3301 3299 
4444 3299 3300 3298 
4445 3814 4072 3816 
4446 3373 3912 3722 
4447 3332 4888 3029 
4448 2147 2148 2145 
4449 2431 4444 2376 
4450 2413 2415 2414 
4451 2414 3277 2412 
4452 2092 2102 2090 
4453 2091 2093 2092 
4454 2181 3957 2180 
4455 3589 5078 3593 
4456 3249 3313 3082 
4457 560 3375 561 
4458 583 1818 584 
4459 576 3401 577 
4460 511 3888 512 
4461 568 3757 569 
4462 587 1846 588 
4463 376 3550 377 
4464 462 1972 463 
4465 482 2004 483 
4466 467 3678 468 
4467 419 3925 420 
4468 379 3890 380 
4469 513 1958 514 
4470 487 2000 488 
4471 374 3544 375 
4472 494 1742 495 
4473 537 2008 538 
4474 476 1840 477 
4475 504 3773 505 
4476 541 2009 542 
4477 472 1843 473 
4478 396 1785 397 
4479 520 1811 521 
4480 530 2016 531 
4481 554 3885 555 
4482 523 3970 524 
4483 531 3780 532 
4484 478 1973 479 
4485 556 1870 557 
4486 526 2013 527 
4487 547 3481 548 
4488 527 4036 528 
4489 424 1810 425 
4490 442 1867 443 
4491 406 3867 407 
4492 538 3908 539 
4493 577 1998 578 
4494 291 3809 292 
4495 574 1782 575 
4496 561 1951 562 
4497 498 4100 499 
4498 310 1788 311 
4499 469 4020 470 
4500 294 3567 295 
4501 548 1784 549 
4502 394 1986 395 
4503 500 3826 501 
4504 429 1786 430 
4505 507 1965 508 
4506 386 1774 387 
4507 368 1963 369 
4508 401 1809 402 
4509 342 3502 343 
4510 437 1979 438 
4511 566 3831 567 
4512 447 3575 448 
4513 352 3772 353 
4514 501 3825 502 
4515 573 3606 574 
4516 411 2018 412 
4517 263 4041 264 
4518 439 1773 440 
4519 318 1978 319 
4520 349 1839 350 
4521 496 2005 497 
4522 244 1987 245 
4523 277 1783 278 
4524 455 1779 456 
4525 357 1842 358 
4526 269 1871 270 
4527 339 1992 340 
4528 353 1844 354 
4529 360 3690 361 
4530 341 1801 342 
4531 329 1982 330 
4532 255 3854 256 
4533 312 2006 313 
4534 238 1845 239 
4535 284 1993 285 
4536 336 1777 337 
4537 417 3855 418 
4538 299 2014 300 
4539 293 1848 294 
4540 328 3868 329 
4541 258 1983 259 
4542 407 2010 408 
4543 241 3810 242 
4544 477 3574 478 
4545 317 3864 318 
4546 395 3786 396 
4547 311 4362 312 
4548 346 3851 347 
4549 331 1741 332 
4550 257 3774 258 
4551 298 3858 299 
4552 446 3812 447 
4553 559 1775 560 
4554 292 3808 293 
4555 579 1806 580 
4556 468 1841 469 
4557 489 1778 490 
4558 480 1814 481 
4559 430 4370 431 
4560 543 1808 544 
4561 585 1967 586 
4562 370 1780 371 
4563 248 1994 249 
4564 348 3852 349 
4565 453 1976 454 
4566 256 1745 257 
4567 343 1989 344 
4568 305 1812 306 
4569 475 3725 476 
4570 300 4017 301 
4571 274 3483 275 
4572 282 1807 283 
4573 288 2007 289 
4574 422 2012 423 
4575 242 1817 243 
4576 246 1805 247 
4577 251 1781 252 
4578 285 3905 286 
4579 367 4009 368 
4580 550 2002 551 
4581 572 1957 573 
4582 295 2015 296 
4583 450 1743 451 
4584 540 3793 541 
4585 451 4031 452 
4586 239 3850 240 
4587 240 2003 241 
4588 356 3653 357 
4589 426 1995 427 
4590 435 3847 436 
4591 345 1813 346 
4592 388 1977 389 
4593 382 4044 383 
4594 320 1771 321 
4595 323 1868 324 
4596 365 1804 366 
4597 397 4071 398 
4598 436 3844 437 
4599 418 2017 419 
4600 237 3745 238 
4601 338 4006 339 
4602 363 1984 364 
4603 264 1952 265 
4604 464 1815 465 
4605 569 1746 570 
4606 303 1996 304 
4607 484 1802 485 
4608 275 1991 276 
4609 334 1980 335 
4610 347 1997 348 
4611 359 1981 360 
4612 361 1816 362 
4613 383 1872 384 
4614 466 1966 467 
4615 385 3705 386 
4616 393 3880 394 
4617 400 3814 401 
4618 403 2011 404 
4619 567 1964 568 
4620 448 1962 449 
4621 471 3694 472 
4622 392 3883 393 
4623 408 4048 409 
4624 428 3739 429 
4625 536 3842 537 
4626 460 1803 461 
4627 505 1772 506 
4628 266 1776 267 
4629 330 3832 331 
4630 458 1968 459 
4631 581 1985 582 
4632 377 1959 378 
4633 555 3761 556 
4634 309 3753 310 
4635 431 1999 432 
4636 522 1956 523 
4637 375 1744 376 
4638 483 3863 484 
4639 485 4095 486 
4640 515 1787 516 
4641 525 3817 526 
4642 486 3432 487 
4643 519 3668 520 
4644 532 1847 533 
4645 512 3402 513 
4646 529 3758 530 
4647 502 1866 503 
4648 3545 4393 1985 
4649 1996 4345 304 
4650 305 4345 1812 
4651 1811 3884 521 
4652 522 3884 1956 
4653 2087 3978 2066 
4654 3392 4418 3501 
4655 3381 3385 3384 
4656 1965 3409 508 
4657 1784 3596 549 
4658 1846 3680 588 
4659 1741 3704 332 
4660 1783 3712 278 
4661 1994 3853 249 
4662 2018 4373 412 
4663 1983 3724 259 
4664 1818 3727 584 
4665 1868 3728 324 
4666 1776 3706 267 
4667 1987 3779 245 
4668 2007 3800 289 
4669 1999 3477 432 
4670 2006 3626 313 
4671 1842 3723 358 
4672 1973 3756 479 
4673 1806 3545 580 
4674 1812 3561 306 
4675 1780 3790 371 
4676 1742 3618 495 
4677 1839 3615 350 
4678 1992 3729 340 
4679 1977 3570 389 
4680 1771 3754 321 
4681 1815 3807 465 
4682 1746 3571 570 
4683 1843 3613 473 
4684 1844 3738 354 
4685 2015 3865 296 
4686 2011 3747 404 
4687 1781 3764 252 
4688 1778 3797 490 
4689 1967 3824 586 
4690 1980 3811 335 
4691 1984 3798 364 
4692 1773 3746 440 
4693 1810 3681 425 
4694 1867 3659 443 
4695 1803 3823 461 
4696 1962 3799 449 
4697 1991 3873 276 
4698 2002 3827 551 
4699 1976 3879 454 
4700 1808 3607 544 
4701 1787 3849 516 
4702 1958 3874 514 
4703 1847 3813 533 
4704 2076 2087 2066 
4705 2455 2457 2456 
4706 2203 3960 2192 
4707 624 1899 625 
4708 147 1902 148 
4709 629 2979 630 
4710 631 3153 6 
4711 192 1834 193 
4712 194 1889 3 
4713 117 3324 118 
4714 636 3063 637 
4715 677 1896 678 
4716 628 1901 629 
4717 186 1761 187 
4718 623 3045 624 
4719 113 1789 114 
4720 673 1892 674 
4721 3 3148 154 
4722 6 1927 591 
4723 602 1757 603 
4724 165 3330 166 
4725 622 1852 623 
4726 171 1914 172 
4727 608 1829 609 
4728 145 1903 146 
4729 698 2694 699 
4730 216 1760 217 
4731 694 1800 695 
4732 122 3142 123 
4733 204 2705 205 
4734 127 1755 128 
4735 158 1797 159 
4736 193 2827 194 
4737 630 1926 631 
4738 152 1754 153 
4739 660 1791 661 
4740 671 1790 672 
4741 150 3141 151 
4742 121 1827 122 
4743 641 1898 642 
4744 687 3058 688 
4745 164 1861 165 
4746 175 1912 176 
4747 167 1916 168 
4748 613 1830 614 
4749 651 3117 652 
4750 604 3003 605 
4751 134 1920 135 
4752 166 3064 167 
4753 648 1923 649 
4754 226 1935 227 
4755 632 1753 633 
4756 704 2824 705 
4757 665 1917 666 
4758 707 2755 708 
4759 626 1900 627 
4760 703 3320 704 
4761 709 3328 710 
4762 189 1798 190 
4763 710 2942 711 
4764 674 2978 675 
4765 179 1910 180 
4766 616 1794 617 
4767 685 2811 686 
4768 208 1918 209 
4769 228 1932 229 
4770 686 1934 687 
4771 646 3891 647 
4772 156 3139 157 
4773 125 3145 126 
4774 169 1915 170 
4775 181 1909 182 
4776 196 1856 197 
4777 227 3066 228 
4778 705 1795 706 
4779 151 2700 152 
4780 155 1833 156 
4781 162 3115 163 
4782 233 3008 234 
4783 618 3303 619 
4784 711 1855 712 
4785 650 1922 651 
4786 183 1862 184 
4787 213 1799 214 
4788 612 2763 613 
4789 154 2647 155 
4790 591 2908 592 
4791 610 1895 611 
4792 701 2036 702 
4793 173 1913 174 
4794 594 1929 595 
4795 597 1894 598 
4796 132 1919 133 
4797 214 3122 215 
4798 592 1928 593 
4799 218 2907 219 
4800 696 3140 697 
4801 159 3133 160 
4802 596 3295 597 
4803 123 2882 124 
4804 124 1792 125 
4805 149 1860 150 
4806 205 1832 206 
4807 224 1936 225 
4808 607 3296 608 
4809 643 1907 644 
4810 668 1825 669 
4811 683 1925 684 
4812 684 3123 685 
4813 702 1831 703 
4814 161 1762 162 
4815 146 3119 147 
4816 599 1851 600 
4817 153 3152 2 
4818 672 3149 7 
4819 713 1886 8 
4820 115 2357 116 
4821 160 2817 161 
4822 188 3302 189 
4823 197 3125 198 
4824 625 3060 626 
4825 634 2976 635 
4826 675 1893 676 
4827 157 2785 158 
4828 148 2927 149 
4829 663 1828 664 
4830 201 2598 202 
4831 679 1897 680 
4832 126 2706 127 
4833 609 3013 610 
4834 645 1908 646 
4835 129 2878 130 
4836 163 2336 164 
4837 211 3311 212 
4838 230 1931 231 
4839 708 1764 709 
4840 614 3126 615 
4841 611 3136 612 
4842 191 3138 192 
4843 232 1930 233 
4844 128 3147 129 
4845 177 1911 178 
4846 210 1838 211 
4847 215 2835 216 
4848 647 3253 648 
4849 688 1854 689 
4850 130 1857 131 
4851 212 2805 213 
4852 202 1796 203 
4853 639 1888 640 
4854 652 1921 653 
4855 203 3329 204 
4856 605 1793 606 
4857 681 1924 682 
4858 691 1759 692 
4859 199 1763 200 
4860 640 2941 641 
4861 657 1756 658 
4862 706 3134 707 
4863 619 1758 620 
4864 234 1891 235 
4865 712 2903 713 
4866 141 1905 142 
4867 118 3002 119 
4868 139 1906 140 
4869 200 3121 201 
4870 221 1884 222 
4871 637 1887 638 
4872 678 2887 679 
4873 699 1885 700 
4874 653 2933 654 
4875 659 3932 660 
4876 2 2994 113 
4877 4 1890 195 
4878 7 2712 632 
4879 8 3072 673 
4880 219 1853 220 
4881 137 1933 138 
4882 697 1837 698 
4883 656 3297 657 
4884 635 1859 636 
4885 638 2779 639 
4886 217 3327 218 
4887 654 1858 655 
4888 143 1904 144 
4889 662 2937 663 
4890 116 1826 117 
4891 198 2916 199 
4892 676 3130 677 
4893 633 3331 634 
4894 700 3129 701 
4895 114 3146 115 
4896 119 1883 120 
4897 3284 3984 3285 
4898 558 4148 559 
4899 2377 2402 2379 
4900 2379 2380 2378 
4901 271 3982 272 
4902 3681 4192 1995 
4903 3609 3995 3607 
4904 4321 4751 3033 
4905 3292 4889 2571 
4906 4527 4640 3500 
4907 683 3079 1925 
4908 1894 3237 598 
4909 169 3082 1915 
4910 1761 2769 187 
4911 1794 2613 617 
4912 1918 2651 209 
4913 1906 2711 140 
4914 173 3088 1913 
4915 1862 2798 184 
4916 1929 2350 595 
4917 1917 2891 666 
4918 1828 3233 664 
4919 1891 2327 235 
4920 1798 2924 190 
4921 1758 2814 620 
4922 1757 2806 603 
4923 230 3080 1931 
4924 1793 2943 606 
4925 1898 2768 642 
4926 1858 2915 655 
4927 1928 3236 593 
4928 628 3083 1901 
4929 1854 2323 689 
4930 1890 2972 195 
4931 1825 2345 669 
4932 1857 3234 131 
4933 1915 3014 170 
4934 1756 3210 658 
4935 1883 2644 120 
4936 1913 3086 174 
4937 1933 3004 138 
4938 1911 3048 178 
4939 1912 3230 176 
4940 1907 2752 644 
4941 1832 2958 206 
4942 1923 3051 649 
4943 1909 3226 182 
4944 1851 2965 600 
4945 137 3180 1933 
4946 1791 2661 661 
4947 1936 3005 225 
4948 1897 2955 680 
4949 1759 2818 692 
4950 1910 3075 180 
4951 1853 2956 220 
4952 1919 2782 133 
4953 3126 3238 615 
4954 1905 3055 142 
4955 1800 2896 695 
4956 1884 3067 222 
4957 1904 3087 144 
4958 1931 3059 231 
4959 3766 3997 3764 
4960 1841 4434 4020 
4961 3514 4569 4255 
4962 2691 3299 3298 
4963 442 4340 1867 
4964 1968 3699 459 
4965 2429 4997 4890 
4966 503 3887 504 
4967 2144 2147 2145 
4968 2480 5174 2512 
4969 3817 4233 2013 
4970 3868 3869 3834 
4971 2150 4438 2149 
4972 3401 4174 1998 
4973 2028 2590 80 
4974 2336 2338 2337 
4975 1902 2931 2930 
4976 1921 2936 2935 
4977 2835 2838 2836 
4978 2598 2602 2599 
4979 3046 3061 1899 
4980 3773 4298 1772 
4981 2812 3969 1934 
4982 2811 2813 2812 
4983 3706 3708 268 
4984 2034 4230 44 
4985 2443 4593 2445 
4986 492 3989 1975 
4987 3725 3726 1840 
4988 1852 3949 3047 
4989 2764 2765 1830 
4990 2928 2929 1860 
4991 2916 2918 2917 
4992 3432 3433 2000 
4993 2445 5192 5146 
4994 2337 2339 1861 
4995 3009 3010 3008 
4996 2203 4002 3946 
4997 2818 2820 2819 
4998 2323 2325 2324 
4999 2413 2414 2412 
5000 4202 5098 2263 
5001 2084 2088 2085 
5002 2958 2960 2959 
5003 2883 2886 1792 
5004 2647 2650 2648 
5005 2036 2048 2037 
5006 2695 2697 2694 
5007 2701 2702 1754 
5008 2904 2905 2903 
5009 2980 2981 1926 
5010 2091 2092 2090 
5011 2179 2181 2180 
5012 3821 5141 3895 
5013 2590 4257 2035 
5014 2836 2837 1760 
5015 1896 2890 2889 
5016 2756 2757 1764 
5017 2599 2600 1796 
5018 2780 3267 1888 
5019 1819 3906 287 
5020 1743 4032 4031 
5021 3750 4731 4589 
5022 2205 4003 4002 
5023 384 3516 385 
5024 110 1949 109 
5025 83 1948 82 
5026 99 2020 98 
5027 105 1873 104 
5028 81 2028 80 
5029 94 2021 93 
5030 108 1939 107 
5031 86 1878 85 
5032 89 1880 88 
5033 47 2024 46 
5034 43 2027 42 
5035 72 1882 71 
5036 55 1875 54 
5037 75 1943 74 
5038 92 1941 91 
5039 38 1877 37 
5040 69 1876 68 
5041 25 2019 24 
5042 41 1947 40 
5043 14 1950 13 
5044 19 1874 18 
5045 16 1940 15 
5046 64 2025 63 
5047 30 2022 29 
5048 35 1879 34 
5049 60 2026 59 
5050 77 2023 76 
5051 22 1937 21 
5052 32 1942 31 
5053 49 1944 48 
5054 58 1945 57 
5055 52 1881 51 
5056 66 1946 65 
5057 102 1938 101 
5058 2707 2710 1755 
5059 2909 2912 2908 
5060 2995 3000 1789 
5061 2713 2714 1753 
5062 3971 3972 1996 
5063 4333 4355 2177 
5064 2488 5117 4475 
5065 1805 3551 247 
5066 248 3551 1994 
5067 579 4337 1806 
5068 1998 4337 578 
5069 2786 2787 1797 
5070 2825 2826 1795 
5071 2763 2767 2764 
5072 2062 4104 2061 
5073 2722 4884 4813 
5074 3792 4001 3790 
5075 2169 5127 2168 
5076 3724 4365 4034 
5077 3481 3482 1784 
5078 370 3597 1780 
5079 2659 2660 2658 
5080 2680 5223 2686 
5081 286 3905 1819 
5082 1820 3793 540 
5083 539 3908 1820 
5084 2387 2582 2384 
5085 2358 2359 1826 
5086 2879 3235 1857 
5087 2977 4204 1859 
5088 2938 2939 1828 
5089 589 3680 1955 
5090 3414 4004 3409 
5091 2882 2884 2883 
5092 1834 2834 2833 
5093 2700 2703 2701 
5094 2037 2038 1831 
5095 2648 2649 1833 
5096 1837 2696 2695 
5097 1925 4203 3124 
5098 1822 3930 421 
5099 4349 5036 3251 
5100 3860 4017 2014 
5101 3015 4304 1914 
5102 3739 3740 1786 
5103 3927 3930 1822 
5104 2345 2347 2346 
5105 1823 3970 3819 
5106 2888 3108 1897 
5107 1887 4105 2781 
5108 2639 5020 4091 
5109 2706 2708 2707 
5110 2066 2067 2065 
5111 2064 2076 2066 
5112 3812 4414 3575 
5113 2357 2371 2358 
5114 2878 2880 2879 
5115 2070 2071 2069 
5116 3753 4166 1788 
5117 2335 4728 3980 
5118 3165 4747 2666 
5119 3650 3651 3649 
5120 2607 2608 2606 
5121 2761 2762 2760 
5122 2842 2845 2841 
5123 4441 5021 2746 
5124 265 3377 266 
5125 3266 4638 2595 
5126 2377 2379 2378 
5127 4550 4551 2508 
5128 1927 2910 2909 
5129 2994 2997 2995 
5130 2712 2715 2713 
5131 2828 2829 1889 
5132 2012 4330 423 
5133 424 4330 1810 
5134 1809 4141 402 
5135 403 4141 2011 
5136 304 4345 305 
5137 521 3884 522 
5138 3605 4536 3602 
5139 4270 4647 2511 
5140 4123 4157 3889 
5141 2103 4395 2057 
5142 2494 4969 3215 
5143 3940 4102 3938 
5144 2257 4585 2258 
5145 4210 4211 2296 
5146 2512 4483 4482 
5147 3026 3030 3029 
5148 3029 4375 3332 
5149 1787 4342 3849 
5150 3502 3503 1989 
5151 2174 4525 2212 
5152 1813 4391 3851 
5153 3935 4102 3937 
5154 2013 4421 4036 
5155 3221 5067 3222 
5156 2246 4440 3239 
5157 441 4340 442 
5158 2627 5195 2625 
5159 2637 5159 2636 
5160 47 4039 2024 
5161 328 4149 3868 
5162 351 3615 1954 
5163 474 3613 1953 
5164 3614 5217 4018 
5165 1815 4217 3807 
5166 3921 4419 3918 
5167 2691 3298 2690 
5168 4180 5047 3107 
5169 2115 5011 3499 
5170 2517 4532 3955 
5171 3382 4295 4007 
5172 1824 3971 302 
5173 3190 4709 2638 
5174 4044 4168 4045 
5175 534 4163 535 
5176 489 3872 1778 
5177 3555 3559 3553 
5178 3649 5114 3648 
5179 3211 3980 2875 
5180 2023 3954 3953 
5181 2372 2374 2373 
5182 80 2590 79 
5183 2397 4521 2395 
5184 3074 4652 3073 
5185 2173 3207 2175 
5186 2144 2145 2142 
5187 2141 2146 2144 
5188 247 3551 248 
5189 578 4337 579 
5190 2147 4103 3965 
5191 3643 5193 3642 
5192 2446 4834 2425 
5193 3842 3843 2008 
5194 2197 2203 2192 
5195 382 4168 4044 
5196 2201 4332 3205 
5197 263 4271 4041 
5198 1821 3867 406 
5199 420 3925 1822 
5200 3131 3132 2356 
5201 2951 2952 2950 
5202 2419 4871 2501 
5203 286 1819 287 
5204 539 1820 540 
5205 2541 5169 2542 
5206 4042 4254 281 
5207 2139 2140 2138 
5208 2002 5101 4302 
5209 2127 2128 2126 
5210 3342 4245 4172 
5211 2064 4104 2076 
5212 557 3515 558 
5213 2805 4740 1799 
5214 3270 4687 2492 
5215 1872 3516 384 
5216 2008 4361 3908 
5217 2010 4049 4048 
5218 3177 4759 4222 
5219 2531 2532 2530 
5220 4079 4771 2689 
5221 4827 5166 2142 
5222 572 3573 1957 
5223 1771 4296 3754 
5224 2329 5112 2972 
5225 510 4004 1751 
5226 3923 4591 3922 
5227 391 4024 1749 
5228 315 3951 1752 
5229 2009 4318 542 
5230 543 4318 1808 
5231 1807 3875 283 
5232 284 3875 1993 
5233 1775 3375 560 
5234 2849 4518 2847 
5235 423 4330 424 
5236 402 4141 403 
5237 3428 3429 3427 
5238 1912 3231 3230 
5239 1798 2925 2924 
5240 1800 2897 2896 
5241 1931 3996 3059 
5242 1933 3191 3004 
5243 1832 4221 2958 
5244 1853 4220 2956 
5245 1761 2770 2769 
5246 1759 3143 2818 
5247 3847 3909 3844 
5248 1782 3886 575 
5249 576 3886 3401 
5250 2588 4446 3943 
5251 3099 5183 3977 
5252 1936 4109 3005 
5253 1915 3016 3014 
5254 1862 2799 2798 
5255 1854 3144 2323 
5256 2011 3748 3747 
5257 1776 3707 3706 
5258 1923 3052 3051 
5259 3083 3085 1901 
5260 373 4001 1960 
5261 3858 3859 2014 
5262 4044 4045 3518 
5263 2671 2673 2672 
5264 1917 2893 2891 
5265 1919 2783 2782 
5266 1913 3332 3086 
5267 2374 5237 2390 
5268 4627 4762 2309 
5269 3019 3027 3024 
5270 3203 4953 2577 
5271 2411 2413 2412 
5272 2412 2426 2410 
5273 4588 4856 4225 
5274 1911 3049 3048 
5275 1898 3092 2768 
5276 1959 5210 4715 
5277 1851 2966 2965 
5278 1825 3155 2345 
5279 1858 4383 2915 
5280 3853 4424 250 
5281 2542 5169 2543 
5282 4087 4131 3907 
5283 2450 2451 2449 
5284 3644 3645 3643 
5285 2089 2091 2090 
5286 2179 2180 2178 
5287 2742 4143 4047 
5288 2015 3866 3865 
5289 333 3704 3662 
5290 355 3738 1988 
5291 2974 4327 2975 
5292 1874 5157 3225 
5293 1756 3333 3210 
5294 1757 2807 2806 
5295 1794 2614 2613 
5296 1907 2754 2752 
5297 3214 4489 4488 
5298 1746 3572 3571 
5299 4117 5118 2488 
5300 1783 4058 3712 
5301 3080 4027 1931 
5302 73 4293 3984 
5303 3057 5089 3087 
5304 17 4388 3341 
5305 1774 3857 387 
5306 388 3857 1977 
5307 1979 3796 438 
5308 439 3796 1773 
5309 1761 2771 2770 
5310 3662 3704 3665 
5311 2059 2060 2058 
5312 2378 5094 2376 
5313 1862 2800 2799 
5314 1929 2351 2350 
5315 2221 5058 2074 
5316 1793 2944 2943 
5317 1758 2816 2814 
5318 1791 2662 2661 
5319 1905 3103 3055 
5320 2443 5135 2444 
5321 1863 3345 236 
5322 4760 5237 2486 
5323 3253 4441 3170 
5324 2907 4775 1853 
5325 2705 4776 1832 
5326 2200 4387 4268 
5327 1911 3050 3049 
5328 1823 3817 525 
5329 524 3970 1823 
5330 301 4017 1824 
5331 405 1821 406 
5332 420 1822 421 
5333 1923 3170 3052 
5334 3604 4219 3625 
5335 3436 3442 3441 
5336 4444 5191 2391 
5337 3620 3621 1984 
5338 369 3597 370 
5339 3106 5102 2711 
5340 2585 5209 3572 
5341 3731 3737 3733 
5342 4039 4349 3251 
5343 2331 2335 2334 
5344 3001 4864 2996 
5345 1917 2894 2893 
5346 1919 2784 2783 
5347 3281 3283 3282 
5348 2677 4596 2679 
5349 3728 4064 4062 
5350 2142 5166 2140 
5351 2525 2527 2526 
5352 2042 5194 2040 
5353 2153 4567 2150 
5354 1929 2353 2351 
5355 3184 5043 2483 
5356 1851 2967 2966 
5357 3726 4513 3459 
5358 2088 2089 2085 
5359 553 4033 1748 
5360 562 4227 563 
5361 3299 4215 3300 
5362 434 3959 1750 
5363 1952 3377 265 
5364 3864 4137 1978 
5365 1791 2663 2662 
5366 2667 5000 2668 
5367 542 4318 543 
5368 283 3875 284 
5369 136 5059 3180 
5370 3326 5135 2442 
5371 261 4034 1769 
5372 1870 3515 557 
5373 3254 5177 3128 
5374 4009 4439 3603 
5375 1757 2809 2807 
5376 1756 3985 3333 
5377 1794 2616 2614 
5378 282 4254 1807 
5379 575 3886 576 
5380 2552 2557 2556 
5381 4089 4234 2698 
5382 4735 5064 2749 
5383 3037 3988 3044 
5384 1788 4372 4362 
5385 3938 4102 3935 
5386 2176 4778 4525 
5387 2467 3968 3172 
5388 1969 4020 3696 
5389 2709 4551 2707 
5390 4250 4742 2503 
5391 3539 4634 2216 
5392 254 3997 1990 
5393 2225 3361 2246 
5394 3180 4477 1933 
5395 3844 3845 1979 
5396 2007 4130 3800 
5397 4324 4737 3053 
5398 5041 5096 3090 
5399 2460 5150 5093 
5400 4427 5131 2321 
5401 546 3995 1961 
5402 3710 3711 1987 
5403 1885 5164 3129 
5404 1772 4301 506 
5405 507 4301 1965 
5406 320 3828 1771 
5407 1978 3828 319 
5408 2208 5052 4948 
5409 1975 4019 493 
5410 387 3857 388 
5411 438 3796 439 
5412 3941 4055 3940 
5413 3366 3367 2211 
5414 1804 4439 366 
5415 367 4439 4009 
5416 3793 4481 2009 
5417 2857 5013 2856 
5418 456 3830 457 
5419 488 3872 489 
5420 2574 4900 3164 
5421 2721 2722 2719 
5422 589 1955 590 
5423 3026 5167 3022 
5424 2032 3914 96 
5425 2099 3336 2097 
5426 3807 4284 1966 
5427 2051 2052 2050 
5428 2005 4862 4305 
5429 2205 4002 2197 
5430 1954 3772 352 
5431 1953 3725 475 
5432 2017 4244 3925 
5433 3867 4303 2010 
5434 524 1823 525 
5435 301 1824 302 
5436 416 3958 1850 
5437 2031 4202 26 
5438 3761 3762 1870 
5439 1963 3599 3598 
5440 2210 4902 2132 
5441 2055 2056 2054 
5442 3346 3347 3345 
5443 2225 4104 3361 
5444 2794 5144 3172 
5445 2392 4706 3456 
5446 2856 5142 2855 
5447 297 3865 1836 
5448 3459 4513 3614 
5449 3745 4453 1845 
5450 3874 4341 1787 
5451 2294 2304 2295 
5452 4208 5132 2921 
5453 3814 3815 1809 
5454 3307 3308 3306 
5455 3593 5077 3796 
5456 3579 3594 3581 
5457 3876 3877 1993 
5458 2120 2122 2119 
5459 3391 4956 3385 
5460 3737 4261 3733 
5461 4246 5059 136 
5462 3088 4381 1913 
5463 4080 5223 2680 
5464 1963 3597 369 
5465 3991 4019 1975 
5466 2377 4026 2402 
5467 4046 4124 3531 
5468 1752 4030 316 
5469 3727 4242 1967 
5470 2064 2066 2065 
5471 5083 5160 2220 
5472 2528 5057 2527 
5473 2589 4821 2389 
5474 2675 5152 2677 
5475 3188 4503 4227 
5476 2076 4104 2225 
5477 2302 5009 3969 
5478 2670 4511 2669 
5479 2067 2070 2069 
5480 2640 4722 4639 
5481 445 4043 1768 
5482 2920 4517 4327 
5483 1931 4027 3996 
5484 2144 4103 2147 
5485 1790 5189 3149 
5486 2622 2623 2620 
5487 3668 3669 1811 
5488 3678 4281 1841 
5489 351 1954 352 
5490 474 1953 475 
5491 3832 4280 1741 
5492 3308 5122 2214 
5493 2728 2732 2729 
5494 45 4595 2034 
5495 3552 3553 1994 
5496 2047 5026 2051 
5497 3163 4983 3092 
5498 279 3712 2001 
5499 3107 5047 2245 
5500 2140 5145 2138 
5501 506 4301 507 
5502 319 3828 320 
5503 2377 2378 2376 
5504 4323 4968 2868 
5505 2245 4251 2224 
5506 571 3573 572 
5507 2226 4251 3316 
5508 3312 5125 4451 
5509 3801 4130 3804 
5510 2388 4690 2404 
5511 2331 4755 3305 
5512 4511 4512 2669 
5513 1933 4477 3191 
5514 3768 4622 3778 
5515 498 4305 4100 
5516 2005 4305 497 
5517 3825 4291 1866 
5518 3835 3871 3837 
5519 2753 4143 3363 
5520 3012 4054 2876 
5521 4087 4917 2230 
5522 2090 4139 2085 
5523 2161 3637 3636 
5524 334 3662 1980 
5525 2064 2065 2063 
5526 4635 5059 2587 
5527 3787 3788 1785 
5528 3483 3486 3484 
5529 1969 3694 471 
5530 470 4020 1969 
5531 1988 3653 356 
5532 1745 3776 3775 
5533 2521 5092 2586 
5534 3880 3882 3881 
5535 2167 2169 2168 
5536 2282 2284 2283 
5537 3667 4260 3664 
5538 327 4149 328 
5539 2549 5224 2538 
5540 3873 4059 1783 
5541 3402 3407 3403 
5542 4188 4244 2017 
5543 3851 4392 1997 
5544 326 4062 1765 
5545 2154 3918 2217 
5546 251 4424 1781 
5547 4692 4960 2597 
5548 3783 4167 3241 
5549 2281 5084 2315 
5550 3442 4651 3455 
5551 3668 3671 3669 
5552 1779 3830 456 
5553 2000 3872 488 
5554 2478 2481 2480 
5555 1801 4436 3502 
5556 3492 4908 3491 
5557 2596 5096 5041 
5558 2288 2289 2287 
5559 2053 2054 2052 
5560 2044 2078 2042 
5561 1992 3731 3730 
5562 2450 5035 2451 
5563 2644 5041 3090 
5564 2464 2466 2465 
5565 1965 3410 3409 
5566 3814 3816 3815 
5567 458 4407 1968 
5568 2407 4725 4494 
5569 4722 5195 2634 
5570 2365 2393 2363 
5571 4397 4456 3702 
5572 2993 4581 2988 
5573 3761 3763 3762 
5574 3566 4502 3635 
5575 4465 4606 3318 
5576 1780 3791 3790 
5577 2117 4799 2075 
5578 3480 4250 4249 
5579 4217 4284 3807 
5580 2110 4765 3336 
5581 3682 4192 3681 
5582 4148 4757 1775 
5583 96 3914 95 
5584 2305 5214 2304 
5585 3559 4424 3853 
5586 1981 3691 3690 
5587 3546 4393 3545 
5588 4035 4741 3097 
5589 2963 3293 2961 
5590 4457 4818 2485 
5591 3824 4016 1846 
5592 3826 4559 3825 
5593 2308 4972 2191 
5594 4254 5108 1807 
5595 61 3169 60 
5596 4076 4077 2268 
5597 3463 5111 3726 
5598 2517 2518 2516 
5599 1977 4074 3570 
5600 1751 3888 511 
5601 290 3800 1865 
5602 2847 5104 2846 
5603 2610 5103 2609 
5604 308 3986 1974 
5605 3799 4322 1743 
5606 4106 5239 3528 
5607 4704 4745 1937 
5608 3705 4334 1774 
5609 3013 4464 3318 
5610 1781 3765 3764 
5611 3478 3480 3477 
5612 3396 3398 3395 
5613 3432 4095 3434 
5614 3691 3976 3690 
5615 1808 3608 3607 
5616 3431 4012 1766 
5617 3627 3629 3626 
5618 453 3464 1976 
5619 452 4031 3464 
5620 1960 3544 374 
5621 3575 3576 1962 
5622 3571 3573 571 
5623 2061 2063 2060 
5624 2001 4042 280 
5625 3562 3564 3561 
5626 1846 4631 3680 
5627 4171 4205 3565 
5628 244 3709 1987 
5629 381 4168 382 
5630 5 1863 236 
5631 262 4271 263 
5632 2030 4144 111 
5633 3468 4252 3466 
5634 3174 4520 3195 
5635 4456 4504 3183 
5636 2220 5100 3370 
5637 2629 2632 2631 
5638 2683 3365 3197 
5639 4687 4885 2492 
5640 333 3662 334 
5641 492 1975 493 
5642 3266 4494 2462 
5643 470 1969 471 
5644 355 1988 356 
5645 3608 3609 3607 
5646 3031 4788 3232 
5647 2559 2561 2560 
5648 3765 3766 3764 
5649 3465 3466 1976 
5650 3844 3909 3845 
5651 2857 4458 3898 
5652 3923 5224 2550 
5653 2546 5140 4589 
5654 2491 2540 2490 
5655 3273 4704 23 
5656 1810 3682 3681 
5657 2010 4303 4049 
5658 3859 3860 2014 
5659 3829 5193 3643 
5660 1849 4050 410 
5661 3786 3787 1785 
5662 3245 5190 2074 
5663 3791 3792 3790 
5664 3657 4111 3654 
5665 2688 2691 2690 
5666 3410 3414 3409 
5667 3558 3769 3555 
5668 3112 5070 3806 
5669 1806 3546 3545 
5670 3831 4360 1964 
5671 1747 4056 273 
5672 3483 3484 1991 
5673 2469 3275 2494 
5674 1836 3858 298 
5675 1835 3758 529 
5676 528 4036 1835 
5677 3183 5043 4796 
5678 3529 3530 3167 
5679 3963 5161 4184 
5680 1770 4060 565 
5681 2671 5001 3333 
5682 1867 3660 3659 
5683 97 4812 2032 
5684 2533 4921 2532 
5685 3930 4363 2012 
5686 2576 4953 2574 
5687 1812 3562 3561 
5688 5076 5158 3736 
5689 1786 4398 4370 
5690 1750 3847 435 
5691 1749 3883 392 
5692 315 1752 316 
5693 510 1751 511 
5694 3216 4814 3400 
5695 4391 4392 3851 
5696 3587 5236 3588 
5697 1784 3931 3596 
5698 3823 4310 1972 
5699 3351 3352 3350 
5700 3502 4436 3503 
5701 517 3849 1971 
5702 1745 3775 3774 
5703 3052 3053 3051 
5704 1983 4364 3724 
5705 2897 2898 2896 
5706 2925 2926 2924 
5707 2474 5162 4952 
5708 2543 5225 2544 
5709 2141 2142 2140 
5710 2893 3109 2891 
5711 3285 4270 3278 
5712 3663 3664 1980 
5713 3169 4516 2026 
5714 2468 2490 2466 
5715 2770 2772 2769 
5716 1970 4072 399 
5717 452 3464 453 
5718 373 1960 374 
5719 2966 2969 2965 
5720 2686 5223 2687 
5721 2545 4844 2544 
5722 3601 4540 3605 
5723 3880 3881 1986 
5724 3400 4276 2588 
5725 1868 4065 3728 
5726 3941 4599 4055 
5727 2131 4932 4712 
5728 3073 4652 4152 
5729 3802 3809 1865 
5730 2807 2808 2806 
5731 2614 2615 2613 
5732 4199 4782 2195 
5733 2528 4749 3104 
5734 2550 5224 2549 
5735 1990 3854 255 
5736 3567 3933 2015 
5737 3760 4421 4350 
5738 3050 4751 4321 
5739 2865 4496 2856 
5740 3316 4231 3175 
5741 4348 4455 3039 
5742 1961 3481 547 
5743 2816 4101 2814 
5744 2662 2666 2661 
5745 2944 2945 2943 
5746 3575 4414 3576 
5747 3154 4710 1950 
5748 1973 3904 3756 
5749 1839 4569 3615 
5750 1877 4759 3177 
5751 2351 2352 2350 
5752 2688 4479 2691 
5753 2141 2144 2142 
5754 4118 4934 2488 
5755 3023 3028 3025 
5756 3461 4162 3443 
5757 1744 4347 3550 
5758 4433 4496 4432 
5759 3811 4260 1777 
5760 3097 4155 4035 
5761 2028 5116 2590 
5762 3402 3403 1958 
5763 3843 4361 2008 
5764 3554 4739 3557 
5765 3830 4407 457 
5766 1850 3855 417 
5767 409 4048 1849 
5768 2173 2174 2172 
5769 297 1836 298 
5770 528 1835 529 
5771 3957 4471 2180 
5772 3740 4398 1786 
5773 3879 4252 1779 
5774 4052 4374 2018 
5775 3655 4403 3658 
5776 2544 5225 2545 
5777 2431 4162 3461 
5778 3890 4715 3543 
5779 2570 4960 3186 
5780 3747 3751 1821 
5781 3373 4971 2088 
5782 1748 3885 554 
5783 3439 3453 3437 
5784 2276 2277 2275 
5785 1844 4403 3738 
5786 1842 4112 3723 
5787 434 1750 435 
5788 391 1749 392 
5789 1875 4628 4181 
5790 2723 2724 2722 
5791 272 3982 1747 
5792 2394 4015 2396 
5793 2168 5127 4794 
5794 2556 4302 3294 
5795 2738 5130 4937 
5796 2476 2478 2477 
5797 3585 3586 3584 
5798 23 5216 3273 
5799 338 4472 4006 
5800 1777 4472 337 
5801 3825 4559 4291 
5802 3018 4304 3015 
5803 1971 4098 518 
5804 4389 5075 2496 
5805 3269 3981 2258 
5806 3983 4681 2499 
5807 2471 3276 3275 
5808 3533 4797 3543 
5809 464 3688 1815 
5810 482 3840 2004 
5811 4577 4959 3132 
5812 4166 4372 1788 
5813 3078 4983 3171 
5814 3095 4622 3770 
5815 4266 4927 2164 
5816 4051 4052 4050 
5817 3985 4514 2671 
5818 1913 4381 3332 
5819 4341 4342 1787 
5820 3576 4414 3579 
5821 3727 4578 4242 
5822 1871 4527 270 
5823 243 3709 244 
5824 4103 4949 3965 
5825 3509 3511 3510 
5826 4371 5169 2541 
5827 1864 3842 536 
5828 1865 3809 291 
5829 2741 4967 2739 
5830 254 1990 255 
5831 2284 5147 2283 
5832 1743 4322 4032 
5833 3264 4658 4242 
5834 271 4527 3982 
5835 2693 4781 4514 
5836 398 4071 1970 
5837 1995 4164 427 
5838 428 4164 3739 
5839 3797 4406 3454 
5840 2481 2537 2482 
5841 279 2001 280 
5842 546 1961 547 
5843 4115 4713 3693 
5844 2018 4374 4373 
5845 4209 5071 2605 
5846 3852 4255 1839 
5847 4128 4608 2638 
5848 4226 5097 3246 
5849 2143 4189 2139 
5850 4101 5208 2815 
5851 4111 4112 1842 
5852 3982 4527 3500 
5853 3219 4779 3226 
5854 2320 4471 2318 
5855 3143 4488 4228 
5856 1956 4410 3970 
5857 3171 4047 2754 
5858 4317 4337 1998 
5859 3387 3388 3386 
5860 3971 3973 3972 
5861 3998 4624 3242 
5862 4122 5051 2905 
5863 2990 2991 2987 
5864 4019 4428 1742 
5865 3091 4954 3652 
5866 416 1850 417 
5867 409 1849 410 
5868 2460 5093 2459 
5869 2584 4881 4320 
5870 3887 4413 3773 
5871 2058 4498 3634 
5872 2493 5120 3956 
5873 2936 5005 4079 
5874 2931 5004 3322 
5875 4364 4365 3724 
5876 1985 3698 582 
5877 583 3698 1818 
5878 1869 3396 3395 
5879 3798 4218 1804 
5880 2408 2409 2407 
5881 2565 4279 2564 
5882 2624 2625 2623 
5883 34 4180 33 
5884 31 4179 30 
5885 106 4178 105 
5886 93 4177 92 
5887 111 4144 110 
5888 103 4183 102 
5889 54 4181 53 
5890 53 4182 52 
5891 91 4186 90 
5892 90 4184 89 
5893 42 4185 41 
5894 67 4187 66 
5895 4014 5183 3099 
5896 3507 5158 5076 
5897 3482 3931 1784 
5898 2426 5065 3897 
5899 2238 4717 4696 
5900 553 1748 554 
5901 272 1747 273 
5902 2789 5022 2787 
5903 535 1864 536 
5904 290 1865 291 
5905 535 4163 1864 
5906 564 1770 565 
5907 261 1769 262 
5908 2567 2569 2568 
5909 3728 4065 4064 
5910 3818 4846 4233 
5911 2131 2133 2132 
5912 3096 3097 2660 
5913 2051 2053 2052 
5914 4783 4787 2823 
5915 4171 4894 4205 
5916 3020 3021 3018 
5917 4401 5195 2631 
5918 1996 4346 4345 
5919 380 3890 1767 
5920 1768 3812 446 
5921 4094 4448 3127 
5922 1999 3478 3477 
5923 4915 5129 28 
5924 2201 5163 4332 
5925 3292 4605 2182 
5926 2867 4582 4534 
5927 3108 5154 2955 
5928 3549 4393 3546 
5929 3692 4113 3693 
5930 2141 4189 2146 
5931 3773 4413 4298 
5932 3769 4695 3559 
5933 3592 5236 3587 
5934 4922 4923 3902 
5935 4616 4864 3001 
5936 2866 5187 4177 
5937 4497 5078 3592 
5938 1974 3753 309 
5939 398 1970 399 
5940 427 4164 428 
5941 4610 4673 2515 
5942 2541 2542 2540 
5943 4466 5127 2170 
5944 3241 5050 3783 
5945 1783 4059 4058 
5946 2960 2961 2959 
5947 3476 4811 4407 
5948 2207 4536 3605 
5949 3570 5090 4024 
5950 2820 2821 2819 
5951 3377 4007 1776 
5952 2740 4895 4870 
5953 3591 4107 3590 
5954 3884 4292 1956 
5955 1952 3379 3378 
5956 2325 2326 2324 
5957 2680 2686 2679 
5958 1920 4247 4246 
5959 3686 4192 3682 
5960 2899 4783 2901 
5961 105 4178 1873 
5962 1879 4180 34 
5963 110 4144 1949 
5964 92 4177 1941 
5965 2021 4177 93 
5966 30 4179 2022 
5967 52 4182 1881 
5968 1942 4179 31 
5969 41 4185 1947 
5970 102 4183 1938 
5971 1875 4181 54 
5972 2027 4185 42 
5973 89 4184 1880 
5974 1941 4186 91 
5975 66 4187 1946 
5976 2230 4132 4087 
5977 281 4254 282 
5978 87 4206 86 
5979 3390 4364 4008 
5980 1817 3709 243 
5981 1742 4138 3618 
5982 3775 3777 3390 
5983 2236 2261 2237 
5984 2033 4455 4348 
5985 3310 4973 3950 
5986 2382 5018 2401 
5987 3186 4960 4061 
5988 4233 4421 2013 
5989 3589 3590 3588 
5990 4130 4803 4131 
5991 590 3256 5 
5992 3341 4388 3340 
5993 3289 5144 4612 
5994 2347 2348 2346 
5995 2006 3627 3626 
5996 379 4715 3890 
5997 1959 4715 378 
5998 1766 3826 500 
5999 499 4100 1766 
6000 3525 4786 3524 
6001 2402 4026 3939 
6002 3602 4996 4201 
6003 3180 5059 4635 
6004 1818 4578 3727 
6005 2015 3933 3866 
6006 2442 4978 3326 
6007 582 3698 583 
6008 2121 4133 3228 
6009 4077 4657 4512 
6010 3315 4582 3314 
6011 2569 2571 2570 
6012 3167 4650 4649 
6013 3694 4445 1843 
6014 86 4206 1878 
6015 2563 2565 2564 
6016 4389 4774 3856 
6017 3027 4699 3040 
6018 1992 3730 3729 
6019 2557 2559 2558 
6020 1951 4227 562 
6021 3036 3037 3035 
6022 40 4222 39 
6023 1816 3619 362 
6024 363 3619 1984 
6025 3551 3552 1994 
6026 4187 4736 3215 
6027 1939 4509 4092 
6028 3624 4115 2209 
6029 3021 3022 3018 
6030 4394 5034 2304 
6031 1947 4222 40 
6032 1820 3794 3793 
6033 3190 4896 2635 
6034 4150 4748 2530 
6035 21 4278 20 
6036 28 5129 27 
6037 4270 5065 2426 
6038 2409 3897 2455 
6039 2503 4742 4021 
6040 4293 4647 3285 
6041 4305 4862 3430 
6042 4604 5132 3274 
6043 3432 3434 3433 
6044 3936 4632 3962 
6045 2411 2412 2410 
6046 380 1767 381 
6047 445 1768 446 
6048 2307 5031 2193 
6049 2442 2443 2441 
6050 74 4293 73 
6051 1877 4231 37 
6052 3353 4386 3357 
6053 3809 4484 3808 
6054 463 3688 464 
6055 481 3840 482 
6056 3654 4111 3653 
6057 3920 4628 3919 
6058 3667 4845 4262 
6059 2953 2954 2952 
6060 3278 4270 2426 
6061 517 1971 518 
6062 308 1974 309 
6063 2546 4731 4028 
6064 2012 4339 4330 
6065 37 4231 36 
6066 3183 4504 3181 
6067 1968 4200 3699 
6068 499 1766 500 
6069 326 1765 327 
6070 2592 5094 2378 
6071 366 4439 367 
6072 2394 2395 2393 
6073 1872 3518 3517 
6074 2079 2080 2078 
6075 2011 4141 3749 
6076 70 4297 69 
6077 2131 5226 2133 
6078 3300 4949 4103 
6079 4403 4795 4404 
6080 4128 4354 2992 
6081 3294 4849 2555 
6082 3451 4037 3463 
6083 1989 4196 344 
6084 345 4196 1813 
6085 2110 3336 2099 
6086 2089 2090 2085 
6087 2177 2179 2178 
6088 1769 4271 262 
6089 3264 3306 3263 
6090 3156 5009 2302 
6091 3794 4481 3793 
6092 250 4424 251 
6093 3288 4297 3994 
6094 2234 5028 2232 
6095 2492 4474 4473 
6096 3107 4566 4180 
6097 1879 5136 3316 
6098 2224 4251 2226 
6099 3615 4569 3616 
6100 3779 4664 1805 
6101 2086 2105 2104 
6102 4300 4935 2348 
6103 3028 3200 3025 
6104 1920 4246 135 
6105 4240 4409 3469 
6106 3972 4346 1996 
6107 2471 3275 2469 
6108 2259 4745 2254 
6109 4061 4435 3186 
6110 4589 4731 2546 
6111 2495 4447 3319 
6112 362 3619 363 
6113 3052 4442 3054 
6114 2853 2855 2854 
6115 3712 4058 3713 
6116 3994 4297 70 
6117 2130 4902 2321 
6118 3629 3952 3951 
6119 4053 4861 4840 
6120 2537 2549 2538 
6121 1773 4497 3746 
6122 4593 5192 2445 
6123 4174 4317 1998 
6124 3240 4700 2253 
6125 3615 3616 1954 
6126 2577 4953 2576 
6127 3725 4513 3726 
6128 1776 4007 3707 
6129 3312 4450 2913 
6130 3875 3876 1993 
6131 2260 4563 3225 
6132 2556 5241 2552 
6133 2621 4646 2641 
6134 2584 5008 4437 
6135 3700 3701 1803 
6136 4186 4534 3963 
6137 2135 2136 2134 
6138 3493 3494 3490 
6139 3953 3955 2023 
6140 3525 3527 3526 
6141 3443 4162 3993 
6142 2791 5188 2789 
6143 3838 4369 4368 
6144 2651 4772 2652 
6145 1880 4307 88 
6146 1746 4669 3572 
6147 3426 4642 3431 
6148 2928 3325 2929 
6149 1972 3688 463 
6150 1814 3840 481 
6151 2591 5150 4911 
6152 344 4196 345 
6153 2269 4998 2317 
6154 2179 4355 2182 
6155 56 4376 55 
6156 4097 5233 2964 
6157 3474 4397 3475 
6158 3164 4823 2572 
6159 4249 4250 3910 
6160 1936 4431 4109 
6161 1774 4283 3857 
6162 2573 4889 2578 
6163 3991 4429 4428 
6164 4540 4948 3605 
6165 2655 4772 3293 
6166 18 4388 17 
6167 1774 4334 4283 
6168 3078 3171 2754 
6169 3030 3032 3031 
6170 2257 4243 2205 
6171 3560 4443 3093 
6172 1767 4168 381 
6173 3325 3326 2500 
6174 2500 4768 3325 
6175 2011 3749 3748 
6176 3905 4086 1819 
6177 3172 3968 2792 
6178 4062 4064 4063 
6179 3587 3588 3586 
6180 3717 4970 4287 
6181 3733 4261 3735 
6182 2007 4803 4130 
6183 2875 3012 2873 
6184 1765 4149 327 
6185 2888 3900 3108 
6186 2399 2423 2406 
6187 4292 4410 1956 
6188 1775 4198 3375 
6189 3926 4244 3929 
6190 1946 4335 65 
6191 64 4335 2025 
6192 3394 4793 2748 
6193 3949 5208 2640 
6194 29 4915 28 
6195 2992 2993 2986 
6196 2302 3157 3156 
6197 2673 2675 2674 
6198 2797 3896 2793 
6199 4255 4569 1839 
6200 3748 3751 3747 
6201 1957 4720 3606 
6202 2687 4697 3394 
6203 2858 5013 2857 
6204 3877 4086 3905 
6205 3829 4296 1771 
6206 4020 4434 3696 
6207 3417 3418 3416 
6208 3423 3424 3422 
6209 2061 2064 2063 
6210 4400 5018 2582 
6211 4006 4472 3737 
6212 1824 3973 3971 
6213 3137 4606 4465 
6214 3904 4913 3756 
6215 1844 4795 4403 
6216 1982 3834 3833 
6217 1937 4278 21 
6218 4512 4657 2669 
6219 2177 4355 2179 
6220 2139 4189 2141 
6221 4266 4730 2951 
6222 3062 4689 2635 
6223 3040 4822 4382 
6224 3352 5172 4764 
6225 3720 5108 4254 
6226 4534 5187 2867 
6227 3828 3829 1771 
6228 2003 4462 3810 
6229 2643 4092 4091 
6230 2900 4312 2898 
6231 1770 4503 4435 
6232 3977 5183 2272 
6233 3726 5111 1840 
6234 3707 4613 3706 
6235 1953 4513 3725 
6236 3831 4692 4360 
6237 4060 4692 3831 
6238 1943 4293 74 
6239 2571 2573 2572 
6240 4154 4664 3711 
6241 4298 4299 1772 
6242 2267 4574 4451 
6243 2012 4363 4339 
6244 4715 5210 3543 
6245 1761 5197 2771 
6246 2139 2141 2140 
6247 2211 3369 3368 
6248 2332 5112 2329 
6249 1835 4036 3760 
6250 3888 4319 3407 
6251 3605 4948 2207 
6252 2635 4863 4709 
6253 2300 5129 4915 
6254 4299 4301 1772 
6255 3114 4777 4040 
6256 2573 2576 2574 
6257 4193 4194 2472 
6258 1848 3569 3568 
6259 3781 3782 1847 
6260 2578 4333 2576 
6261 3408 4881 4437 
6262 2581 4470 4469 
6263 3757 4669 1746 
6264 2543 2544 2542 
6265 2745 4793 2746 
6266 4453 4764 1845 
6267 1988 3738 3655 
6268 2499 4290 3243 
6269 3235 4830 3234 
6270 2939 4829 3233 
6271 2549 2551 2550 
6272 3883 4106 3882 
6273 497 4305 498 
6274 1757 5200 2809 
6275 12 4710 2029 
6276 2795 5188 2791 
6277 1778 4406 3797 
6278 3854 4110 3776 
6279 4435 4503 3188 
6280 3433 4505 2000 
6281 2232 5028 2107 
6282 2492 4885 4869 
6283 3714 4042 2001 
6284 2341 4700 3240 
6285 69 4297 1876 
6286 4061 4692 4060 
6287 3215 4447 2495 
6288 88 4307 87 
6289 4281 4434 1841 
6290 2577 3204 3203 
6291 3564 3987 3986 
6292 3399 4734 3396 
6293 43 4230 2027 
6294 3951 3952 1752 
6295 4343 4344 4154 
6296 4860 5084 2283 
6297 5146 5192 3941 
6298 2184 4792 2642 
6299 2561 2563 2562 
6300 3680 4631 3258 
6301 2843 4276 3400 
6302 2969 4500 3185 
6303 3323 4921 2535 
6304 1988 3654 3653 
6305 3788 4125 4071 
6306 4183 4476 3945 
6307 3922 4591 1961 
6308 3155 4508 4426 
6309 1963 3598 3597 
6310 90 4186 4184 
6311 4181 4182 53 
6312 3020 3024 3023 
6313 4054 4356 2876 
6314 1873 4476 104 
6315 1742 4428 4138 
6316 3990 3991 1975 
6317 2251 4126 2252 
6318 5 3256 1863 
6319 3617 3772 1954 
6320 4032 4240 4031 
6321 3519 4334 3705 
6322 4034 4366 1769 
6323 4134 4581 2993 
6324 2370 2391 2369 
6325 4524 5049 4859 
6326 1939 4486 107 
6327 2016 4452 3780 
6328 3712 3713 2001 
6329 2513 5019 2422 
6330 3240 4698 2342 
6331 3689 4217 1815 
6332 3976 4121 1816 
6333 3466 4252 3879 
6334 457 4407 458 
6335 3752 3867 1821 
6336 3664 4260 3811 
6337 3864 5185 4137 
6338 3480 4249 3959 
6339 2059 2062 2061 
6340 4230 4938 2739 
6341 3448 3450 3449 
6342 4403 4404 3658 
6343 4365 4366 4034 
6344 2558 4723 4078 
6345 3111 4839 3114 
6346 2692 4623 4383 
6347 3621 4218 3798 
6348 108 4509 1939 
6349 1949 4509 109 
6350 3706 4613 3708 
6351 3625 4540 3604 
6352 2047 2050 2049 
6353 3926 3927 1822 
6354 4115 4607 2209 
6355 3801 3802 1865 
6356 2137 2143 2139 
6357 1823 3819 3818 
6358 3900 4928 2301 
6359 3796 4880 3593 
6360 337 4472 338 
6361 3865 3916 1836 
6362 4182 4215 1881 
6363 3662 3665 3663 
6364 1969 3696 3695 
6365 2115 4985 2089 
6366 4264 4391 1813 
6367 11 4851 1 
6368 2527 2529 2528 
6369 4601 4602 4159 
6370 1855 4667 2904 
6371 2371 4644 2358 
6372 2610 5085 4097 
6373 3156 3157 3144 
6374 3800 4130 3801 
6375 3398 4241 3958 
6376 3420 3422 3418 
6377 3959 4249 1750 
6378 65 4335 64 
6379 84 4599 83 
6380 3447 4267 3841 
6381 3362 4643 4216 
6382 3866 3916 3865 
6383 58 4507 1945 
6384 2026 4507 59 
6385 1946 4969 3275 
6386 4483 5174 2482 
6387 4280 4875 1741 
6388 2641 4646 4525 
6389 2749 5064 3251 
6390 25 4202 2019 
6391 4049 4303 4225 
6392 2688 2690 2682 
6393 2205 4243 4003 
6394 4056 4057 3486 
6395 3624 4758 3625 
6396 3150 5189 4300 
6397 3158 3163 3092 
6398 1835 3759 3758 
6399 3517 3519 3516 
6400 2987 3201 2985 
6401 4459 5089 3057 
6402 3711 4664 3779 
6403 2868 4968 4961 
6404 27 5129 2031 
6405 4314 4940 2231 
6406 4012 4559 3826 
6407 2031 5129 4920 
6408 32 4566 1942 
6409 4172 4245 1950 
6410 3701 4310 3823 
6411 2033 5229 3169 
6412 4415 4625 2548 
6413 2361 4485 2484 
6414 4961 4968 3007 
6415 2983 4547 2981 
6416 2375 2377 2376 
6417 2374 2390 2375 
6418 3214 4590 2299 
6419 3232 4375 3031 
6420 4288 4970 3717 
6421 3772 4795 1844 
6422 2180 4792 2178 
6423 2708 4542 3248 
6424 2457 2459 2458 
6425 2926 4473 4311 
6426 3343 4563 2260 
6427 4130 4131 3804 
6428 23 4704 22 
6429 2262 3261 2274 
6430 3621 4219 4218 
6431 4279 4584 3187 
6432 4091 5020 2630 
6433 4177 5074 2866 
6434 3497 3498 3496 
6435 3808 4484 3569 
6436 2703 4537 3221 
6437 4481 4770 2009 
6438 3739 3741 3740 
6439 2290 2291 2289 
6440 2612 5072 4306 
6441 4342 4738 3849 
6442 4116 4119 3685 
6443 2560 5063 3762 
6444 3534 3536 3535 
6445 2287 4662 3255 
6446 3906 4803 2007 
6447 3528 5239 3903 
6448 2831 4546 2829 
6449 2997 4548 2999 
6450 3958 4241 1850 
6451 4465 4794 2243 
6452 63 4659 62 
6453 2918 4517 2920 
6454 3222 4760 2486 
6455 4088 4316 2271 
6456 2872 5165 4027 
6457 3184 4899 4284 
6458 2551 3100 2552 
6459 2399 2406 2405 
6460 2462 4501 3248 
6461 2947 4648 3335 
6462 3461 5191 4444 
6463 2522 2523 2521 
6464 3471 3474 3472 
6465 2297 4440 2298 
6466 1744 4939 4347 
6467 2884 4515 3206 
6468 2133 2134 2132 
6469 4720 5006 3606 
6470 3258 3260 3259 
6471 4062 4063 1765 
6472 2000 4505 3872 
6473 3980 4728 3012 
6474 4031 4240 3464 
6475 2596 4804 4485 
6476 3641 4151 4137 
6477 4338 5149 2591 
6478 4197 4979 3101 
6479 2102 4139 2090 
6480 4209 5132 4208 
6481 3753 4263 4166 
6482 2272 4984 3977 
6483 3856 4188 3855 
6484 55 4376 1875 
6485 564 4503 1770 
6486 4466 4670 4336 
6487 2285 5147 2284 
6488 1876 4736 68 
6489 3104 4750 2528 
6490 1849 4051 4050 
6491 2024 4039 3251 
6492 2487 3943 3098 
6493 1995 4192 4191 
6494 3636 4754 3630 
6495 4355 4889 2182 
6496 3244 5038 2731 
6497 2169 2171 2170 
6498 4087 4132 4131 
6499 1874 4388 18 
6500 38 4759 1877 
6501 49 4763 1944 
6502 3507 5076 3505 
6503 87 4307 4206 
6504 2848 2849 2847 
6505 2576 3205 2577 
6506 1950 4710 13 
6507 1825 4508 3155 
6508 3688 3689 1815 
6509 3495 3496 3494 
6510 1770 4061 4060 
6511 5108 5230 4129 
6512 3423 4559 4012 
6513 2138 5145 2216 
6514 3792 4614 4001 
6515 4397 4580 3475 
6516 24 5216 23 
6517 2284 2286 2285 
6518 3885 4078 3763 
6519 2870 2871 2869 
6520 4386 4583 3356 
6521 3729 3915 1801 
6522 51 5123 50 
6523 2526 4750 3106 
6524 3414 4005 4004 
6525 1820 3908 3795 
6526 1751 4319 3888 
6527 2725 2726 2724 
6528 2475 4207 2476 
6529 3470 4470 4269 
6530 3842 4068 3843 
6531 2732 2734 2733 
6532 4055 4599 84 
6533 3385 3386 3384 
6534 2177 2178 2176 
6535 2312 5068 4805 
6536 3421 4633 3412 
6537 3217 4757 4148 
6538 3640 5185 4328 
6539 3573 4367 1957 
6540 3503 3504 1989 
6541 3511 3513 3512 
6542 2129 2130 2128 
6543 2137 2139 2138 
6544 4206 4307 3937 
6545 4290 4681 2650 
6546 3777 4893 3390 
6547 4385 5225 2547 
6548 3503 4436 3507 
6549 3863 4600 1802 
6550 2834 4311 3162 
6551 3796 5077 1773 
6552 1945 4941 57 
6553 2278 2279 2277 
6554 2024 4595 46 
6555 3143 4228 2820 
6556 99 4977 2020 
6557 3509 4798 2316 
6558 2394 4286 4015 
6559 3144 4590 2325 
6560 2697 4088 2698 
6561 3442 3446 3445 
6562 19 5157 1874 
6563 2020 4812 98 
6564 2765 4093 3127 
6565 35 5136 1879 
6566 3800 3801 1865 
6567 5078 5236 3592 
6568 3242 4952 4167 
6569 1972 4310 4265 
6570 2453 3677 3675 
6571 3713 3714 2001 
6572 3709 3710 1987 
6573 1802 4096 4095 
6574 2802 5153 3195 
6575 3155 4232 2347 
6576 2626 2627 2625 
6577 3595 4229 4043 
6578 4214 4361 3843 
6579 4098 4099 3671 
6580 3803 4671 3806 
6581 4603 4936 3698 
6582 4119 4475 3089 
6583 4483 5032 2539 
6584 3197 4080 2683 
6585 2477 5155 4491 
6586 3462 4913 3904 
6587 2059 2061 2060 
6588 2189 4490 2191 
6589 2438 5040 2448 
6590 2084 3912 3373 
6591 2262 2274 2273 
6592 4399 5242 3415 
6593 4169 4980 2219 
6594 2398 3181 2399 
6595 2683 4596 2677 
6596 4029 5151 2548 
6597 3318 4606 1895 
6598 56 4941 4376 
6599 3989 3990 1975 
6600 2785 4612 2786 
6601 3418 4461 3419 
6602 3255 4460 2285 
6603 2320 5143 4471 
6604 1749 4106 3883 
6605 1804 4672 4439 
6606 3247 5099 4733 
6607 3997 4145 1990 
6608 4239 4714 3894 
6609 4982 5211 4474 
6610 1944 4349 4039 
6611 2860 3344 2867 
6612 3848 3909 3847 
6613 3406 4341 3404 
6614 1817 4258 3709 
6615 1777 5042 4472 
6616 3444 3993 3992 
6617 3927 4363 3930 
6618 4021 4022 2503 
6619 2370 5106 2372 
6620 2632 2636 2633 
6621 3986 3987 1974 
6622 2917 4604 1763 
6623 3993 4162 2594 
6624 3459 4510 3726 
6625 4462 4955 3810 
6626 4632 5161 3962 
6627 3128 4601 1762 
6628 1747 4057 4056 
6629 2643 4091 2630 
6630 2636 4357 4134 
6631 4178 4486 2319 
6632 3572 4900 2585 
6633 3405 4881 3408 
6634 3955 4532 2493 
6635 3915 5158 4436 
6636 1766 4012 3826 
6637 3806 4611 3112 
6638 4072 4073 3816 
6639 1990 4110 3854 
6640 4501 4724 4551 
6641 2239 4996 4536 
6642 3528 4384 4106 
6643 3261 5098 2031 
6644 4026 5146 3939 
6645 1835 3760 3759 
6646 4445 5217 1843 
6647 2404 4690 3943 
6648 3970 4410 3819 
6649 4660 5134 3785 
6650 3628 4372 3631 
6651 4140 4731 3749 
6652 2637 4134 2993 
6653 3743 4398 3740 
6654 2643 5143 4092 
6655 2175 2176 2174 
6656 4402 5168 2027 
6657 2133 2135 2134 
6658 3619 3620 1984 
6659 3840 4267 2004 
6660 3858 4040 3859 
6661 2690 5228 2682 
6662 3759 5086 3758 
6663 3953 4867 3955 
6664 3110 4987 4426 
6665 4287 4971 3373 
6666 3716 5230 3720 
6667 3368 4300 3366 
6668 3613 3614 1953 
6669 3708 4108 1871 
6670 4036 4421 3760 
6671 3904 4037 3451 
6672 2396 2398 2397 
6673 103 4476 4183 
6674 2642 3218 2643 
6675 4083 4721 3317 
6676 3766 4145 3997 
6677 1936 5202 4431 
6678 4149 4528 3869 
6679 3065 4916 4698 
6680 3918 4419 2217 
6681 3209 5196 4332 
6682 2254 4745 3223 
6683 2555 4849 3923 
6684 1981 3723 3692 
6685 3511 4160 3513 
6686 106 4486 4178 
6687 4049 4223 4048 
6688 2318 4471 3957 
6689 2213 4522 4094 
6690 3941 5192 4599 
6691 4840 4861 2115 
6692 3304 4577 3132 
6693 3192 4656 4033 
6694 4024 5090 3903 
6695 3408 4190 3406 
6696 3739 4164 3741 
6697 4004 4005 1751 
6698 3514 5095 4560 
6699 3736 5158 3732 
6700 4466 4529 2766 
6701 3209 4944 4085 
6702 3441 4146 3440 
6703 2944 4648 2947 
6704 2955 5154 4069 
6705 4001 4614 1960 
6706 3272 5227 3243 
6707 1995 4191 4164 
6708 3473 5081 4693 
6709 1961 4591 3481 
6710 4133 4545 2109 
6711 3205 4333 2201 
6712 2692 5152 2675 
6713 3375 3376 1951 
6714 62 4659 2033 
6715 1850 3856 3855 
6716 3224 5046 2241 
6717 3667 4261 4260 
6718 2535 4921 2533 
6719 3457 5126 3459 
6720 2050 4611 2049 
6721 2279 4210 2282 
6722 3718 3721 3719 
6723 2808 4526 3911 
6724 3523 3525 3524 
6725 4200 4811 3475 
6726 4047 4143 2753 
6727 4367 4720 1957 
6728 3687 4854 4457 
6729 3572 5209 3571 
6730 3024 4382 3023 
6731 3481 4591 3482 
6732 4185 4294 1947 
6733 4017 4173 1824 
6734 4217 4796 3184 
6735 2691 4479 3301 
6736 4071 4125 1970 
6737 2231 4316 4315 
6738 3670 3884 1811 
6739 3962 5161 3963 
6740 2711 5102 3104 
6741 3756 4913 1814 
6742 2123 2250 2122 
6743 1814 3841 3840 
6744 2327 4755 2328 
6745 2972 5112 2973 
6746 1750 3848 3847 
6747 3980 3981 2335 
6748 2229 4171 4011 
6749 1988 3655 3654 
6750 1814 4913 3841 
6751 104 4476 103 
6752 3755 4066 1868 
6753 3087 5089 3979 
6754 2396 2397 2395 
6755 2081 2082 2080 
6756 1845 4764 3850 
6757 4248 4518 2849 
6758 2298 4440 3361 
6759 4013 4152 2270 
6760 3529 4719 4046 
6761 4140 4141 1809 
6762 3645 3648 3647 
6763 2069 4912 2068 
6764 2006 4362 3628 
6765 2799 4520 2798 
6766 2538 5224 4820 
6767 4267 4957 2004 
6768 2731 5234 4417 
6769 1817 4955 4258 
6770 2472 4976 3359 
6771 3464 3465 1976 
6772 2060 4891 4498 
6773 3616 3617 1954 
6774 1869 4373 3397 
6775 3784 4660 3785 
6776 2639 5048 4357 
6777 2488 4475 4117 
6778 3543 4797 3890 
6779 3863 4957 4600 
6780 4230 4686 2027 
6781 2667 2668 2665 
6782 2041 4237 2045 
6783 107 4486 106 
6784 2675 2677 2676 
6785 4196 4264 1813 
6786 4131 4803 3907 
6787 2851 4847 2862 
6788 4424 4695 1781 
6789 3726 4510 3463 
6790 4180 4566 33 
6791 4153 4718 3043 
6792 1969 3695 3694 
6793 4387 4753 2199 
6794 3662 3663 1980 
6795 2716 4691 3894 
6796 4215 5207 4949 
6797 2016 5086 4452 
6798 4338 4892 4247 
6799 3452 5126 3456 
6800 3351 3353 3352 
6801 2103 5034 4395 
6802 4892 5133 4247 
6803 3952 4572 3638 
6804 3265 4929 2168 
6805 1970 4073 4072 
6806 1974 4263 3753 
6807 3841 4913 3462 
6808 2638 4354 4128 
6809 2426 3897 2410 
6810 563 4503 564 
6811 3497 4295 3498 
6812 2240 4746 3371 
6813 2391 5191 4146 
6814 3120 4962 4480 
6815 1951 4705 4227 
6816 1978 4151 3828 
6817 3751 3752 1821 
6818 2792 3968 2796 
6819 2682 5228 4378 
6820 3576 3579 3578 
6821 1922 4737 3118 
6822 1812 4345 3563 
6823 4561 4592 3191 
6824 1999 4370 3479 
6825 2611 4306 3101 
6826 3150 4300 3368 
6827 3699 3700 1803 
6828 1867 4340 3661 
6829 2053 2055 2054 
6830 1836 4040 3858 
6831 3894 4691 3151 
6832 4393 4603 1985 
6833 2685 4378 4377 
6834 1864 4068 3842 
6835 3597 4090 1780 
6836 1806 4337 3547 
6837 2986 2993 2988 
6838 1972 4265 3688 
6839 3860 4173 4017 
6840 2149 4438 3168 
6841 1816 4121 3619 
6842 1810 4330 3683 
6843 2687 2749 2686 
6844 1748 4078 3885 
6845 1823 3818 3817 
6846 1971 4099 4098 
6847 3316 5136 4231 
6848 3366 4300 2348 
6849 2547 5225 4625 
6850 3032 3034 3033 
6851 109 4509 108 
6852 3458 4286 2392 
6853 2937 4747 2938 
6854 3149 5189 3150 
6855 3582 4322 3577 
6856 4278 5157 20 
6857 3818 4233 3817 
6858 4127 4128 2989 
6859 1808 4318 3611 
6860 1807 4129 3875 
6861 3991 4428 4019 
6862 1986 4010 3786 
6863 4137 4151 1978 
6864 2594 4828 4430 
6865 2520 5133 4911 
6866 3404 3874 1958 
6867 2698 5164 1885 
6868 2261 3261 2262 
6869 3239 4440 2297 
6870 2392 5056 2367 
6871 3925 3926 1822 
6872 2408 2411 2410 
6873 3695 4445 3694 
6874 4894 5030 2056 
6875 3635 4502 3633 
6876 2544 4844 4438 
6877 2027 4989 4402 
6878 4069 4273 4272 
6879 3836 4280 3833 
6880 2433 4597 4000 
6881 2369 2392 2367 
6882 2855 2857 2856 
6883 3362 4216 2996 
6884 3774 4008 1983 
6885 4048 4223 1849 
6886 3157 4857 2299 
6887 2929 4768 4537 
6888 1741 4875 3704 
6889 2372 2373 2370 
6890 4114 4115 3693 
6891 270 4527 271 
6892 67 4736 4187 
6893 1965 4301 3411 
6894 3205 4332 3204 
6895 3752 4303 3867 
6896 4011 4275 2229 
6897 3163 4937 2736 
6898 4778 4817 2641 
6899 3167 4649 3522 
6900 3348 3349 3347 
6901 1805 4081 3551 
6902 4177 5187 1941 
6903 4410 5141 3821 
6904 4376 4941 3921 
6905 3857 4082 1977 
6906 2964 4207 4120 
6907 4427 4560 2322 
6908 3387 4365 4364 
6909 4776 5103 4221 
6910 4775 5104 4220 
6911 1825 5201 4508 
6912 2134 5052 4758 
6913 3349 3351 3350 
6914 1793 4648 2944 
6915 3648 3650 3649 
6916 4043 4229 1768 
6917 2789 5188 5022 
6918 3870 4946 3651 
6919 3625 4219 3622 
6920 1965 3411 3410 
6921 4016 4631 1846 
6922 1765 4528 4149 
6923 59 4507 58 
6924 4239 5100 2220 
6925 2335 3981 2334 
6926 3676 4190 3675 
6927 4572 4754 3636 
6928 3802 4484 3809 
6929 3504 4196 1989 
6930 3548 3549 3546 
6931 4069 5154 2301 
6932 3268 5105 2738 
6933 3390 4008 3775 
6934 3577 3799 1962 
6935 26 4202 25 
6936 4617 4890 2489 
6937 4097 5085 2479 
6938 4222 4759 39 
6939 3194 5186 3039 
6940 4341 5212 4342 
6941 3684 3686 3682 
6942 3656 3657 3654 
6943 3618 4506 2005 
6944 2368 5106 2370 
6945 3204 3281 3280 
6946 2222 4671 4132 
6947 2646 4721 4515 
6948 3574 4037 1973 
6949 2655 4463 3198 
6950 2423 5220 4454 
6951 4091 5048 2639 
6952 2681 4349 2688 
6953 4525 4646 2212 
6954 3171 4983 2736 
6955 2850 2851 2849 
6956 3805 5070 4067 
6957 1768 4852 3812 
6958 3704 4875 3665 
6959 3606 5006 1782 
6960 1985 4603 3698 
6961 4791 4932 2129 
6962 2601 4666 2605 
6963 2839 4665 2844 
6964 2340 4663 2344 
6965 4565 4679 2704 
6966 2369 4706 2392 
6967 1819 3907 3906 
6968 2024 5064 4595 
6969 3544 4939 1744 
6970 3975 4346 3972 
6971 1800 4675 2897 
6972 4126 4507 2026 
6973 1759 4677 3143 
6974 1952 3378 3377 
6975 2554 3923 3922 
6976 3025 3026 3022 
6977 2479 4979 2478 
6978 3172 5144 3173 
6979 2309 4209 4208 
6980 1870 4070 3515 
6981 33 4566 32 
6982 4368 4875 4280 
6983 2954 4794 4465 
6984 2640 5208 4101 
6985 3485 3873 1991 
6986 2105 2107 2106 
6987 4089 4235 4234 
6988 1982 3833 3832 
6989 3908 4361 3795 
6990 2938 4747 3165 
6991 1966 3679 3678 
6992 2786 4612 2794 
6993 1808 3611 3608 
6994 3642 3644 3643 
6995 3225 5157 4278 
6996 2529 2531 2530 
6997 2131 2132 2130 
6998 3950 4973 2104 
6999 4438 4567 2544 
7000 2886 4702 4542 
7001 2874 2875 2873 
7002 2702 4708 4548 
7003 2292 2294 2291 
7004 3963 4582 3315 
7005 2444 2507 2443 
7006 3925 4244 3926 
7007 2605 5071 2612 
7008 5121 5124 3549 
7009 2825 4931 3901 
7010 4170 4980 4169 
7011 4383 4623 2915 
7012 1872 3517 3516 
7013 3926 3929 3928 
7014 3815 4140 1809 
7015 1820 3795 3794 
7016 3810 4955 1817 
7017 2191 4972 2190 
7018 2921 4604 2917 
7019 2117 5066 4799 
7020 4324 4771 4737 
7021 3124 4860 4460 
7022 2504 4624 4350 
7023 2053 2902 2055 
7024 2216 5203 2138 
7025 4018 4123 3460 
7026 44 4230 43 
7027 3783 3784 3782 
7028 2009 4770 4318 
7029 2398 2399 2397 
7030 1779 4253 3830 
7031 2656 2659 2658 
7032 1780 4090 3791 
7033 1782 5007 3886 
7034 2925 4872 4147 
7035 4395 5034 4394 
7036 3440 4146 3461 
7037 3550 4412 1959 
7038 3801 3804 3803 
7039 4113 4645 4114 
7040 2603 2607 2606 
7041 2759 2761 2760 
7042 2840 2842 2841 
7043 1979 4880 3796 
7044 2964 5233 4207 
7045 3064 4916 3065 
7046 2341 3240 2342 
7047 2460 2517 2516 
7048 4975 5070 3112 
7049 2717 2719 2718 
7050 3461 4444 2431 
7051 2671 2672 2670 
7052 1810 3683 3682 
7053 2727 2728 2726 
7054 2004 4957 3863 
7055 2215 4703 2971 
7056 3010 4727 3305 
7057 4436 5158 3507 
7058 3460 3889 3457 
7059 2824 4931 2825 
7060 5000 5001 2668 
7061 3100 4782 2557 
7062 3242 4167 3999 
7063 3419 4400 4399 
7064 2693 4514 3985 
7065 1848 3568 3567 
7066 3780 3781 1847 
7067 2720 4714 4239 
7068 3669 3670 1811 
7069 4475 5117 2448 
7070 4231 5136 36 
7071 2343 4700 2341 
7072 3702 3703 3701 
7073 4418 4618 2114 
7074 2213 4530 4523 
7075 3812 4852 4414 
7076 3749 4731 3750 
7077 1806 3547 3546 
7078 3738 4403 3655 
7079 3379 3381 3380 
7080 2355 3131 2356 
7081 3613 5217 3614 
7082 1977 4082 4074 
7083 4943 5146 4026 
7084 2859 5074 4458 
7085 3002 4942 4142 
7086 4215 4949 3300 
7087 3356 5110 4344 
7088 2949 2951 2950 
7089 1866 4620 3887 
7090 2618 2620 2619 
7091 2951 4730 2953 
7092 3208 5121 3549 
7093 3928 4116 3927 
7094 4641 5128 2078 
7095 3698 4936 1818 
7096 4095 4096 3434 
7097 2579 4962 3979 
7098 4495 4638 3266 
7099 1964 4277 3757 
7100 3520 3521 3519 
7101 4451 5125 2267 
7102 1867 3661 3660 
7103 3325 4990 3326 
7104 2171 2173 2172 
7105 3819 3821 3820 
7106 2628 2629 2627 
7107 83 4599 1948 
7108 3762 4070 1870 
7109 3382 4007 3378 
7110 1812 3563 3562 
7111 3102 4641 4568 
7112 3966 4628 3920 
7113 4049 4225 4224 
7114 4213 4214 3843 
7115 3298 5184 4994 
7116 1752 4328 4030 
7117 2473 4952 4624 
7118 2241 4038 3304 
7119 2739 4686 4230 
7120 2125 4806 3367 
7121 2393 5178 2596 
7122 4547 4752 2910 
7123 3937 4632 3936 
7124 2865 5039 4109 
7125 4371 5140 2546 
7126 3915 4436 1801 
7127 3835 3836 3833 
7128 3539 5166 2158 
7129 2875 3980 3012 
7130 5022 5188 3254 
7131 3371 4568 2240 
7132 4994 5184 2146 
7133 2681 5036 4349 
7134 3660 4694 3595 
7135 4328 5185 4030 
7136 3803 3805 3802 
7137 3274 4156 2602 
7138 4035 4155 2838 
7139 2912 2914 2913 
7140 3898 4458 2021 
7141 3520 4719 3529 
7142 2055 2057 2056 
7143 3116 4158 2338 
7144 3547 4317 4084 
7145 2286 2288 2287 
7146 4464 4958 2952 
7147 2683 4564 3365 
7148 2057 2059 2058 
7149 3666 3667 3664 
7150 1967 4658 3824 
7151 4229 4852 1768 
7152 2802 4520 2799 
7153 3956 5120 1943 
7154 3023 4382 3041 
7155 2860 5091 3344 
7156 3450 4706 3449 
7157 3066 4968 4323 
7158 2157 5066 2126 
7159 3336 4765 3337 
7160 3955 3956 2023 
7161 2020 4977 4243 
7162 3467 3468 3466 
7163 3137 4336 2767 
7164 3629 4572 3952 
7165 2214 4541 3306 
7166 1769 4956 4271 
7167 3521 5087 4334 
7168 2747 2748 2745 
7169 2860 5231 5091 
7170 4166 4263 3635 
7171 2564 4279 4198 
7172 2062 4395 4394 
7173 4105 5176 2740 
7174 3150 3151 2715 
7175 3006 5039 4800 
7176 4081 4664 4154 
7177 1981 3692 3691 
7178 4252 4253 1779 
7179 2175 2177 2176 
7180 3715 3716 3714 
7181 2894 4829 4571 
7182 2304 5034 4587 
7183 3360 4730 2164 
7184 3120 5004 3119 
7185 3118 5005 3117 
7186 2488 5118 4118 
7187 4142 5041 1883 
7188 2059 4395 2062 
7189 3549 5173 3208 
7190 4545 4703 2118 
7191 3503 3507 3505 
7192 2006 3628 3627 
7193 3907 4803 3906 
7194 3760 4350 3998 
7195 4269 4470 2581 
7196 3058 5009 3156 
7197 3124 5010 3123 
7198 2482 5032 4483 
7199 3849 4738 1971 
7200 2985 4752 2983 
7201 3943 4446 3098 
7202 3403 3404 1958 
7203 2146 5184 4103 
7204 2406 2408 2407 
7205 1873 4998 4476 
7206 3730 3915 3729 
7207 3683 4339 3685 
7208 3199 4259 2657 
7209 1997 4766 3852 
7210 3655 3658 3656 
7211 2941 5016 3158 
7212 2173 2175 2174 
7213 2496 4934 4118 
7214 2299 4590 3157 
7215 1800 5199 4675 
7216 1759 5198 4677 
7217 3017 3018 3015 
7218 2417 4871 2419 
7219 4544 4761 3229 
7220 4404 4795 3617 
7221 3776 4110 3778 
7222 3576 3577 1962 
7223 4315 4676 4313 
7224 3133 5022 3254 
7225 3134 5023 3135 
7226 3617 4795 3772 
7227 3901 4931 2204 
7228 4991 5097 2506 
7229 3027 3040 3024 
7230 2133 5088 2135 
7231 2861 4653 3914 
7232 378 4715 379 
7233 2800 4779 2803 
7234 3677 4617 3674 
7235 3658 4427 3892 
7236 3258 3259 3257 
7237 4288 4556 3492 
7238 4137 5185 3640 
7239 2423 4454 4425 
7240 2267 4926 4925 
7241 4588 4609 2506 
7242 2734 2739 2735 
7243 3758 5086 2016 
7244 1999 3479 3478 
7245 4948 5052 2136 
7246 2677 2679 2678 
7247 3204 4332 3281 
7248 3016 3019 3017 
7249 22 4704 1937 
7250 3763 4723 2560 
7251 3624 3625 3622 
7252 1805 4664 4081 
7253 3628 3631 3630 
7254 1944 4763 4479 
7255 3686 4562 3744 
7256 3603 3604 3601 
7257 3869 3870 3834 
7258 3495 4640 4108 
7259 1840 5111 3574 
7260 2699 4676 4315 
7261 2083 2086 2082 
7262 2303 3239 2297 
7263 3742 3743 3740 
7264 3651 3871 3870 
7265 4602 5177 2795 
7266 2684 4511 2670 
7267 68 4736 67 
7268 2823 4787 2821 
7269 2223 3912 2077 
7270 4377 4379 2684 
7271 3294 5101 3931 
7272 3415 3421 3412 
7273 2041 2045 2043 
7274 1802 4600 4096 
7275 2274 2276 2275 
7276 4242 4578 3307 
7277 4383 4564 2692 
7278 4564 5152 2692 
7279 2362 2366 2364 
7280 4291 4620 1866 
7281 3312 4451 4450 
7282 1869 3397 3396 
7283 4012 4642 3423 
7284 2321 5113 3892 
7285 2104 4717 3950 
7286 2999 4708 4615 
7287 3632 3636 3630 
7288 4362 4372 3628 
7289 2049 2077 2046 
7290 3405 3406 3404 
7291 4045 4046 3518 
7292 2649 4809 3289 
7293 2583 4557 4399 
7294 3644 4785 4784 
7295 1880 4632 4307 
7296 1798 4872 2925 
7297 3484 3485 1991 
7298 3982 4711 1747 
7299 3723 4112 3692 
7300 3376 4705 1951 
7301 4030 5185 3864 
7302 2408 2410 2409 
7303 3452 3456 3450 
7304 2328 4755 2331 
7305 2497 5211 4982 
7306 2642 4792 3218 
7307 2736 3372 3171 
7308 4247 5133 2587 
7309 2429 4890 4802 
7310 2030 4357 4144 
7311 39 4759 38 
7312 2499 4681 4290 
7313 2328 2330 2329 
7314 1966 4284 3679 
7315 3501 4418 2311 
7316 50 4763 49 
7317 2750 5215 4595 
7318 3657 4645 4113 
7319 4873 4939 3544 
7320 2721 2723 2722 
7321 1758 4879 2816 
7322 4094 4449 4448 
7323 4612 5144 2794 
7324 3916 4040 1836 
7325 3708 4613 4108 
7326 13 4710 12 
7327 2645 3317 2646 
7328 1775 4757 4198 
7329 3520 3529 3522 
7330 1943 4647 4293 
7331 3056 4150 3057 
7332 3006 4800 3007 
7333 3209 5163 4944 
7334 1941 4534 4186 
7335 3076 3220 3219 
7336 3914 4653 95 
7337 1886 5051 3074 
7338 3599 3600 3598 
7339 1868 4066 4065 
7340 3973 3974 3972 
7341 2395 4521 4083 
7342 3222 4565 2704 
7343 4236 5026 2045 
7344 1863 3346 3345 
7345 3375 4198 3376 
7346 2601 2605 2604 
7347 2839 2844 2843 
7348 3731 3732 3730 
7349 2340 2344 2343 
7350 3699 4200 3700 
7351 2957 4248 3069 
7352 3786 4010 3787 
7353 2800 2801 2799 
7354 2921 5132 4604 
7355 3876 3878 3877 
7356 4163 5134 1864 
7357 3552 3554 3553 
7358 2652 2654 2653 
7359 3050 4321 3049 
7360 3882 4025 3881 
7361 3776 3777 3775 
7362 3486 3487 3484 
7363 3787 3789 3788 
7364 3837 3838 3836 
7365 4311 4473 3162 
7366 2852 2853 2851 
7367 3195 3196 2771 
7368 3578 3582 3577 
7369 4392 4766 1997 
7370 2622 2624 2623 
7371 3899 3900 2888 
7372 2764 2766 2765 
7373 3949 4639 3047 
7374 2918 2919 2917 
7375 2932 3325 2928 
7376 2505 4083 3317 
7377 2695 2699 2697 
7378 2904 2906 2905 
7379 2980 2982 2981 
7380 2375 2376 2373 
7381 3046 3062 3061 
7382 2931 3321 2930 
7383 2936 3197 2935 
7384 3491 4289 3492 
7385 2784 4610 2783 
7386 2894 2895 2893 
7387 2713 2716 2714 
7388 4298 4413 3417 
7389 3974 3975 3972 
7390 2410 3897 2409 
7391 4813 4884 2977 
7392 4082 4283 3524 
7393 2938 2940 2939 
7394 2358 2360 2359 
7395 2813 3255 2812 
7396 2135 2137 2136 
7397 3671 3672 3669 
7398 2967 2968 2966 
7399 3009 3011 3010 
7400 2337 2340 2339 
7401 3620 3622 3621 
7402 2663 2664 2662 
7403 2652 4772 2655 
7404 3833 4280 3832 
7405 3816 4028 3815 
7406 3679 4281 3678 
7407 3486 4057 3488 
7408 3639 3642 3641 
7409 4899 5027 4282 
7410 2780 3268 3267 
7411 2836 2839 2837 
7412 2599 2601 2600 
7413 2756 2758 2757 
7414 2809 2810 2807 
7415 3056 4748 4150 
7416 3518 4719 3517 
7417 2880 2881 2879 
7418 2293 2303 2297 
7419 4512 5079 2268 
7420 1973 4037 3904 
7421 2825 3102 2826 
7422 2786 2788 2787 
7423 2902 4940 4256 
7424 3749 4141 4140 
7425 3824 4658 4016 
7426 4211 4212 2022 
7427 3437 4505 3433 
7428 2708 2709 2707 
7429 3547 4337 4317 
7430 3670 4292 3884 
7431 3034 3036 3035 
7432 2910 2911 2909 
7433 2997 2998 2995 
7434 2828 2830 2829 
7435 3411 4299 3413 
7436 3378 4007 3377 
7437 3710 4343 3711 
7438 2703 2704 2701 
7439 2884 2885 2883 
7440 2648 3983 2649 
7441 2037 2039 2038 
7442 2834 3161 2833 
7443 3380 3382 3378 
7444 3562 3565 3564 
7445 2967 4577 3304 
7446 3676 5212 4190 
7447 3881 4010 1986 
7448 3229 4526 2810 
7449 4138 4506 3618 
7450 4471 5143 3218 
7451 3293 4463 2655 
7452 2681 2688 2682 
7453 3775 4008 3774 
7454 2143 5228 4189 
7455 2957 4518 4248 
7456 3608 3610 3609 
7457 3765 3767 3766 
7458 3026 4348 3030 
7459 2028 4176 4175 
7460 2944 2947 2946 
7461 4446 5109 3098 
7462 3456 5126 3457 
7463 2044 2079 2078 
7464 2178 4792 2184 
7465 1990 4145 4110 
7466 3465 4240 3469 
7467 3404 4341 3874 
7468 3180 4635 4477 
7469 4271 4956 3391 
7470 2365 2394 2393 
7471 3791 4201 3792 
7472 4785 4914 2160 
7473 2328 2331 2330 
7474 3271 4533 2490 
7475 2243 4466 4336 
7476 3794 4482 4481 
7477 2659 3096 2660 
7478 3859 3861 3860 
7479 3480 4742 4250 
7480 2607 2609 2608 
7481 2842 2846 2845 
7482 2877 3211 2875 
7483 2860 2867 2866 
7484 2217 4419 2251 
7485 1948 4593 4176 
7486 4667 5115 2762 
7487 2275 3900 3899 
7488 3155 4426 4232 
7489 4432 4496 2865 
7490 3899 5082 2273 
7491 3614 4513 1953 
7492 3599 3601 3600 
7493 3361 4440 2246 
7494 3665 4875 4368 
7495 3464 4240 3465 
7496 2938 3165 2940 
7497 4834 5206 4835 
7498 3143 4677 4488 
7499 3465 3467 3466 
7500 2980 2989 2982 
7501 2466 4533 2467 
7502 2919 2921 2917 
7503 4114 4645 2210 
7504 4762 5071 2309 
7505 1824 4173 3973 
7506 3197 3365 2935 
7507 3598 4090 3597 
7508 4088 4089 2698 
7509 3009 4054 3011 
7510 4093 4094 3127 
7511 1750 4249 3848 
7512 2786 2794 2788 
7513 2825 3901 3102 
7514 3187 4584 2568 
7515 2183 4538 2187 
7516 4008 4364 1983 
7517 4243 4977 4003 
7518 4537 4768 3221 
7519 4716 4903 4539 
7520 1850 4241 3856 
7521 2951 2953 2952 
7522 3551 4081 3552 
7523 3663 3666 3664 
7524 4995 5227 2465 
7525 3893 4893 3777 
7526 4460 5010 3124 
7527 2652 2655 2654 
7528 3547 4084 3548 
7529 4136 4319 4005 
7530 4347 4412 3550 
7531 1964 4360 4277 
7532 3988 4195 4194 
7533 3448 3449 3446 
7534 3875 4129 3876 
7535 4485 4804 2484 
7536 3275 4969 2494 
7537 4208 4331 2309 
7538 2238 4668 3950 
7539 4033 4656 1748 
7540 1778 4883 4406 
7541 3411 4301 4299 
7542 3423 4642 3424 
7543 2777 4885 2776 
7544 3260 3263 3262 
7545 3568 3933 3567 
7546 4315 4316 2699 
7547 2589 5091 3252 
7548 3510 4392 4391 
7549 4373 4374 3397 
7550 3683 3685 3684 
7551 4242 4658 1967 
7552 2107 2255 2232 
7553 2968 5049 4524 
7554 2264 3154 2250 
7555 3785 5134 4163 
7556 2532 4459 4150 
7557 3577 4322 3799 
7558 2587 5059 4246 
7559 3709 4258 3710 
7560 4877 4993 4701 
7561 4135 4633 3421 
7562 4221 5054 2960 
7563 3828 4151 3829 
7564 2784 4830 4673 
7565 3887 4620 4413 
7566 2857 2861 2858 
7567 4024 5239 1749 
7568 3631 3633 3632 
7569 3379 3380 3378 
7570 3625 4758 2208 
7571 2272 5183 4014 
7572 3425 4621 2593 
7573 3023 3041 3028 
7574 2531 2533 2532 
7575 3857 4283 4082 
7576 2699 4316 4088 
7577 2673 2674 2672 
7578 3369 3894 3151 
7579 3157 4590 3144 
7580 3513 5095 3514 
7581 3276 4773 4165 
7582 2971 3229 2810 
7583 2609 5085 2610 
7584 3413 3416 3415 
7585 2366 2368 2367 
7586 3052 3054 3053 
7587 2614 2617 2615 
7588 4499 5029 2127 
7589 2901 4314 2900 
7590 3435 3437 3433 
7591 2944 2946 2945 
7592 2816 4837 4101 
7593 3554 3555 3553 
7594 5058 5160 2074 
7595 3501 5156 3383 
7596 2045 2047 2046 
7597 4542 4702 3248 
7598 4164 4191 3741 
7599 3717 3718 3716 
7600 2351 2354 2352 
7601 2925 3270 2926 
7602 2897 2899 2898 
7603 4949 5207 3966 
7604 3485 4059 3873 
7605 2770 2773 2772 
7606 2444 5135 4808 
7607 4515 4721 3206 
7608 4307 4632 3937 
7609 3298 4994 2690 
7610 4058 4556 3713 
7611 3354 5110 4583 
7612 1843 5217 3613 
7613 3852 4766 4255 
7614 3128 5177 4602 
7615 3224 5218 2265 
7616 4548 4708 2999 
7617 2518 2522 2521 
7618 4370 4398 3479 
7619 4142 4804 2596 
7620 4345 4346 3563 
7621 3965 4949 3966 
7622 2374 2375 2373 
7623 3101 4979 2479 
7624 2566 2567 2565 
7625 2803 4396 4193 
7626 3434 3435 3433 
7627 3688 4265 3689 
7628 2213 4523 4522 
7629 3700 3702 3701 
7630 3579 3581 3580 
7631 4344 5110 3355 
7632 3442 3445 3441 
7633 2904 4667 4423 
7634 3528 4848 4385 
7635 2027 5168 4185 
7636 3508 3509 3506 
7637 3731 3733 3732 
7638 4586 4634 2239 
7639 4330 4339 3683 
7640 57 4941 56 
7641 4051 4420 4052 
7642 2028 4175 4023 
7643 3093 4874 3771 
7644 4147 4872 2778 
7645 4417 5234 4416 
7646 2084 2085 2083 
7647 4630 4905 3044 
7648 3465 3469 3467 
7649 2245 5047 4251 
7650 2990 4358 2991 
7651 4187 4969 1946 
7652 3841 4267 3840 
7653 2983 4752 4547 
7654 3392 3501 3383 
7655 2459 4532 2460 
7656 3566 3987 3564 
7657 2720 4239 4238 
7658 3834 3835 3833 
7659 4740 4741 1799 
7660 2047 2049 2046 
7661 2761 4668 2762 
7662 3251 5064 2024 
7663 2430 4909 2436 
7664 2057 4395 2059 
7665 3945 4998 2269 
7666 3411 3413 3412 
7667 4859 5049 2215 
7668 4027 4408 2872 
7669 46 4595 45 
7670 4815 5061 4878 
7671 1968 4811 4200 
7672 4203 4860 3124 
7673 100 4977 99 
7674 3749 3750 3748 
7675 2977 4884 4204 
7676 3569 4067 3568 
7677 3781 3783 3782 
7678 3038 3988 3037 
7679 1819 4086 3907 
7680 4016 4658 3264 
7681 3892 5113 4645 
7682 3470 4269 3473 
7683 1818 4936 4578 
7684 4277 4669 3757 
7685 1970 4125 4073 
7686 3365 4564 2934 
7687 3872 4883 1778 
7688 4369 4845 3666 
7689 3780 4452 3781 
7690 2271 5026 4236 
7691 5044 5076 3736 
7692 2801 2802 2799 
7693 2232 3924 2234 
7694 2073 5160 5083 
7695 4393 5124 4603 
7696 4239 5058 4238 
7697 4213 4660 2510 
7698 3179 5038 3244 
7699 4836 4976 2470 
7700 2294 4394 2304 
7701 3346 3348 3347 
7702 2288 2290 2289 
7703 1849 4223 4051 
7704 4156 5132 4209 
7705 3776 3778 3777 
7706 2813 5010 4460 
7707 2270 5238 4014 
7708 2663 2665 2664 
7709 2800 2803 2801 
7710 4514 4781 2673 
7711 3440 3443 3439 
7712 2894 4571 2895 
7713 2967 3304 2968 
7714 2809 2970 2810 
7715 2347 2349 2348 
7716 2960 2962 2961 
7717 2313 4842 4626 
7718 4724 4850 2508 
7719 98 4812 97 
7720 2503 4390 4250 
7721 3486 3488 3487 
7722 2820 2822 2821 
7723 2463 5035 4733 
7724 3244 5190 3245 
7725 2864 2870 2869 
7726 2642 2643 2630 
7727 4074 5090 3570 
7728 2325 3214 2326 
7729 2240 4756 4746 
7730 3619 4121 3620 
7731 3931 5101 3596 
7732 2809 4500 2970 
7733 3271 5137 4533 
7734 3806 5070 3805 
7735 2740 5176 4204 
7736 3939 5146 3941 
7737 3333 5000 3210 
7738 3987 4263 1974 
7739 3504 4264 4196 
7740 3388 3393 3389 
7741 3388 4893 3393 
7742 4181 5207 4182 
7743 2728 4402 2732 
7744 3573 5209 4367 
7745 1945 5014 4419 
7746 4135 4136 4005 
7747 3482 4849 3931 
7748 2723 4416 2725 
7749 3300 5184 3298 
7750 2319 5205 2320 
7751 3622 4219 3621 
7752 3522 3523 3521 
7753 4357 5048 4144 
7754 4005 4319 1751 
7755 3046 3364 3062 
7756 2930 3321 2932 
7757 3047 4639 3364 
7758 3581 3584 3583 
7759 4120 4207 2475 
7760 3671 4099 3673 
7761 1960 4873 3544 
7762 3355 4739 4344 
7763 3489 3491 3487 
7764 3414 4135 4005 
7765 2780 4492 3268 
7766 2756 3371 2758 
7767 2332 4268 2974 
7768 4133 4927 3228 
7769 2264 4744 3154 
7770 2348 4935 2346 
7771 36 5136 35 
7772 3574 5111 4037 
7773 3128 4602 4601 
7774 2496 5075 4734 
7775 4379 4511 2684 
7776 2797 4422 3896 
7777 2545 5225 4385 
7778 2961 4930 2959 
7779 2229 4894 4171 
7780 20 5157 19 
7781 3894 5100 4239 
7782 224 5202 1936 
7783 602 5200 1757 
7784 186 5197 1761 
7785 694 5199 1800 
7786 691 5198 1759 
7787 668 5201 1825 
7788 3866 3917 3916 
7789 2540 3271 2490 
7790 4536 4586 2239 
7791 2045 5026 2047 
7792 2854 4496 4433 
7793 4237 4682 4235 
7794 2828 3374 2830 
7795 2925 4147 3270 
7796 2723 2725 2724 
7797 4505 4883 3872 
7798 3161 3374 2833 
7799 4696 4717 2106 
7800 4105 4870 2781 
7801 4314 4315 4313 
7802 2301 4273 4069 
7803 2353 4574 2351 
7804 3212 3213 3211 
7805 2276 2278 2277 
7806 3620 4121 3623 
7807 3834 3870 3835 
7808 4210 4212 4211 
7809 3094 4801 3393 
7810 1852 5139 3949 
7811 4358 4359 2991 
7812 4800 5039 5012 
7813 1881 5123 51 
7814 2390 4943 4026 
7815 3741 3742 3740 
7816 3950 4717 2238 
7817 4261 5042 4260 
7818 4025 4385 2547 
7819 2846 2848 2847 
7820 2900 4313 4312 
7821 3096 3098 3097 
7822 4106 4384 3882 
7823 4234 4235 2048 
7824 3841 4769 3447 
7825 4476 4998 3945 
7826 3820 4846 3818 
7827 2616 4576 2614 
7828 3243 4290 2831 
7829 3410 4633 3414 
7830 3846 4107 3591 
7831 4018 5217 4445 
7832 2045 4237 4236 
7833 2597 4823 4360 
7834 3565 3566 3564 
7835 2624 2626 2625 
7836 3734 3736 3732 
7837 3671 3673 3672 
7838 2330 2332 2329 
7839 3492 4289 4288 
7840 4477 4561 3191 
7841 2947 3227 2948 
7842 4068 4213 3843 
7843 1 4851 3291 
7844 4673 4674 2515 
7845 2213 4094 4093 
7846 4194 4195 2472 
7847 2019 5216 24 
7848 3816 4073 4029 
7849 4826 4827 3166 
7850 3193 5186 3194 
7851 2920 4327 2923 
7852 2541 5140 4371 
7853 2591 4911 4892 
7854 4978 5067 2500 
7855 4615 4708 4565 
7856 2461 2511 2493 
7857 2105 3159 2107 
7858 4425 5081 2434 
7859 4696 4858 4353 
7860 2565 4584 4279 
7861 3691 4713 3976 
7862 3816 4029 4028 
7863 2358 4644 2360 
7864 2039 4682 4237 
7865 1880 5161 4632 
7866 2923 4678 4387 
7867 4438 4844 3168 
7868 3503 3505 3504 
7869 2163 4799 4798 
7870 2368 2370 2369 
7871 3478 4742 3480 
7872 4439 4672 3603 
7873 4780 4837 2816 
7874 2211 3370 3369 
7875 2953 3265 2954 
7876 4595 5064 2750 
7877 3889 4015 3458 
7878 2781 4870 4492 
7879 3926 3928 3927 
7880 3534 3535 3532 
7881 2654 2656 2653 
7882 3457 3889 3458 
7883 2263 5037 4202 
7884 2360 2361 2359 
7885 3517 3520 3519 
7886 2716 2717 2714 
7887 3036 3038 3037 
7888 3990 3992 3991 
7889 3767 3768 3766 
7890 2906 4122 2905 
7891 2982 2983 2981 
7892 3819 3820 3818 
7893 1955 3256 590 
7894 1747 4711 4057 
7895 2708 3248 2709 
7896 2407 4963 4725 
7897 2918 2920 2919 
7898 3150 3368 3151 
7899 4933 5069 3583 
7900 2931 3322 3321 
7901 2936 4079 3197 
7902 2914 3312 2913 
7903 3992 4429 3991 
7904 3620 3623 3622 
7905 3560 3771 3558 
7906 3627 4754 3629 
7907 3788 4415 4125 
7908 1955 3257 3256 
7909 2703 3221 2704 
7910 2884 3206 2885 
7911 2039 2040 2038 
7912 2834 3162 3161 
7913 4190 5212 3406 
7914 3457 3458 3456 
7915 2340 2341 2339 
7916 3381 3384 3383 
7917 2601 2603 2600 
7918 2839 2840 2837 
7919 2758 2759 2757 
7920 2997 2999 2998 
7921 2830 2831 2829 
7922 2788 2789 2787 
7923 3116 4159 4158 
7924 4360 4692 2597 
7925 4150 4459 3057 
7926 3696 3697 3695 
7927 3035 4718 4321 
7928 3894 4714 2716 
7929 1971 4738 4099 
7930 3768 4145 3766 
7931 4944 5173 4085 
7932 2394 2396 2395 
7933 2889 5082 3899 
7934 2079 2081 2080 
7935 4175 4176 2507 
7936 4472 5042 3737 
7937 3933 4570 3866 
7938 4156 4209 2605 
7939 4167 4952 3241 
7940 3903 5239 4024 
7941 2074 5190 4417 
7942 4318 4770 3611 
7943 2893 4519 3109 
7944 2255 3924 2232 
7945 2456 4553 4552 
7946 4488 4677 2326 
7947 4579 5080 2914 
7948 4117 4119 4116 
7949 2966 4524 2969 
7950 2493 4532 2459 
7951 3801 3803 3802 
7952 2122 2124 2119 
7953 3952 4328 1752 
7954 2946 2949 2945 
7955 2354 2355 2352 
7956 4049 4224 4223 
7957 2807 4526 2808 
7958 2617 2618 2615 
7959 3765 3769 3767 
7960 3065 4698 3250 
7961 3448 4769 3462 
7962 3839 4842 2313 
7963 3054 4324 3053 
7964 4534 4582 3963 
7965 2662 4531 2666 
7966 2847 4518 4220 
7967 3089 4854 4119 
7968 2899 2900 2898 
7969 4113 4114 3693 
7970 2511 5120 2493 
7971 2773 2774 2772 
7972 3470 3471 3468 
7973 2453 4802 3677 
7974 3357 4955 4462 
7975 3491 4908 3487 
7976 2675 2676 2674 
7977 2742 4904 4143 
7978 2019 5037 3924 
7979 2310 4985 4861 
7980 2056 4999 4894 
7981 4387 4678 4268 
7982 3595 4694 4594 
7983 3463 4510 3452 
7984 3350 4764 4453 
7985 4220 5104 2847 
7986 4221 5103 2610 
7987 4202 5037 2019 
7988 3310 5170 2206 
7989 3505 5076 3508 
7990 2533 2536 2535 
7991 3715 4556 4288 
7992 2307 4762 4627 
7993 4452 5086 3999 
7994 2163 5044 3902 
7995 4107 4637 3590 
7996 3861 3862 3860 
7997 4489 5214 2306 
7998 2349 3366 2348 
7999 2302 4857 3157 
8000 2506 5097 4856 
8001 3198 4463 4120 
8002 2039 4237 2041 
8003 4434 4487 3696 
8004 3389 4801 4618 
8005 3645 4784 3648 
8006 4257 4981 3160 
8007 2962 2963 2961 
8008 3038 4773 3988 
8009 3182 4456 4397 
8010 2822 2823 2821 
8011 3536 3539 3535 
8012 4507 5014 1945 
8013 4134 4357 2030 
8014 2731 4294 2730 
8015 3845 4880 1979 
8016 4600 4957 3455 
8017 2639 4357 2636 
8018 3697 4157 4123 
8019 3893 4622 3095 
8020 3943 4690 2588 
8021 2734 4686 2739 
8022 4399 4400 2583 
8023 4378 5228 2143 
8024 4602 5002 4159 
8025 4312 4313 2696 
8026 2084 5240 3912 
8027 2461 2493 2459 
8028 3612 4483 2539 
8029 1748 4656 4078 
8030 2268 4712 4076 
8031 2040 5194 2204 
8032 2852 2860 2859 
8033 3039 4455 3194 
8034 4350 4846 2504 
8035 3411 3412 3410 
8036 2795 5002 4602 
8037 2871 2874 2873 
8038 3634 4498 2161 
8039 4614 4873 1960 
8040 1773 5077 4497 
8041 3431 4642 4012 
8042 2487 5182 4259 
8043 3219 5175 4779 
8044 4352 4783 2823 
8045 2838 4665 2836 
8046 2602 4666 2599 
8047 2338 4663 2337 
8048 2030 4581 4134 
8049 2804 3358 2802 
8050 2812 4662 3969 
8051 3131 5218 3224 
8052 2003 5172 4462 
8053 2999 4615 3001 
8054 2883 4680 2886 
8055 2701 4679 2702 
8056 2048 4682 2037 
8057 2650 4681 2648 
8058 3269 4585 2200 
8059 4108 4613 3497 
8060 2909 4684 2912 
8061 2995 4685 3000 
8062 4693 5081 4454 
8063 3505 3506 3504 
8064 2784 4673 4610 
8065 3713 3715 3714 
8066 3822 5138 2504 
8067 4504 5220 3181 
8068 4256 4783 4352 
8069 3571 5209 3573 
8070 4236 4237 4235 
8071 2300 4915 2280 
8072 1879 5047 4180 
8073 2219 5221 4877 
8074 2879 4688 3235 
8075 2767 4670 2764 
8076 3370 5083 2220 
8077 3760 3998 3759 
8078 3683 3684 3682 
8079 2668 2670 2669 
8080 2699 4088 2697 
8081 3098 5109 3097 
8082 3208 5173 4944 
8083 4074 4786 3526 
8084 2681 2682 2678 
8085 2743 2747 2745 
8086 2696 4676 2695 
8087 2766 4093 2765 
8088 4697 4793 3394 
8089 2290 2292 2291 
8090 3021 3025 3022 
8091 3547 3548 3546 
8092 2969 4859 4500 
8093 4652 4683 4152 
8094 3655 3656 3654 
8095 3677 4890 4617 
8096 2715 4691 2713 
8097 4825 5046 2120 
8098 2848 2850 2849 
8099 3559 4695 4424 
8100 3836 4368 4280 
8101 3603 4672 3604 
8102 3616 4560 3617 
8103 2231 4543 4316 
8104 4835 4903 2514 
8105 2522 2553 2523 
8106 2901 4940 4314 
8107 4326 4818 2439 
8108 2467 4533 3968 
8109 1781 4695 3765 
8110 4891 4988 3637 
8111 3416 4399 3415 
8112 2313 4805 3839 
8113 2971 4544 3229 
8114 4103 5184 3300 
8115 2534 4981 4257 
8116 2996 5106 2368 
8117 3168 4843 4161 
8118 3751 4588 3752 
8119 4083 4521 2595 
8120 3692 3693 3691 
8121 4108 4640 1871 
8122 2725 2727 2726 
8123 1939 5205 4486 
8124 3243 5227 2499 
8125 2029 4744 4359 
8126 3950 4668 2761 
8127 3506 4264 3504 
8128 2870 4308 2871 
8129 4284 4899 3679 
8130 3438 3439 3437 
8131 2278 2280 2279 
8132 4835 5206 2777 
8133 3552 3556 3554 
8134 2628 2642 2630 
8135 4251 5047 1879 
8136 3576 3578 3577 
8137 3862 4173 3860 
8138 4877 5221 2155 
8139 2904 4423 2906 
8140 3596 5101 2002 
8141 3256 4575 1863 
8142 4481 4482 3612 
8143 4525 4778 2641 
8144 3028 5229 3200 
8145 3425 4828 4621 
8146 2626 2628 2627 
8147 3071 4432 4431 
8148 2890 5082 2889 
8149 4437 4789 2453 
8150 2727 2731 2730 
8151 3557 3558 3555 
8152 3741 3744 3742 
8153 1770 4435 4061 
8154 3367 4806 2211 
8155 2832 3243 2831 
8156 4920 5129 2300 
8157 3022 5167 4888 
8158 2503 4405 4390 
8159 2041 2042 2040 
8160 2499 4841 3983 
8161 2362 2363 2361 
8162 4185 5168 4294 
8163 2443 2445 2441 
8164 2790 2791 2789 
8165 2638 5159 4354 
8166 2984 2985 2983 
8167 2920 2923 2922 
8168 4396 4630 4194 
8169 3397 3399 3396 
8170 3403 3405 3404 
8171 3479 4021 3478 
8172 3434 3436 3435 
8173 3135 5023 4568 
8174 3644 4914 4785 
8175 3733 3735 3734 
8176 3019 3024 3020 
8177 4257 5116 2534 
8178 3600 3602 3598 
8179 3628 3630 3627 
8180 4028 4371 2546 
8181 3260 3262 3259 
8182 2880 4550 2881 
8183 2363 4485 2361 
8184 4450 4451 2353 
8185 3612 4770 4481 
8186 4448 4449 2616 
8187 2775 2776 2774 
8188 2299 4866 3214 
8189 3129 5164 4234 
8190 2687 4735 2749 
8191 2334 3269 2333 
8192 4360 4823 4277 
8193 4283 5087 3524 
8194 3310 3950 2761 
8195 3748 4609 3751 
8196 4426 4499 2249 
8197 2720 2721 2719 
8198 2932 4990 3325 
8199 3198 3199 2657 
8200 2922 4331 4208 
8201 4980 5221 2219 
8202 2692 4781 4623 
8203 2964 4120 2963 
8204 2852 5231 2860 
8205 2719 4813 2718 
8206 4260 5042 1777 
8207 2081 2083 2082 
8208 2777 4903 4835 
8209 2054 5030 4275 
8210 3488 3490 3489 
8211 3676 4738 4342 
8212 3475 4580 4200 
8213 3673 3675 3674 
8214 2136 5024 4948 
8215 2621 2622 2620 
8216 3362 4644 4643 
8217 3309 5121 3308 
8218 2677 2678 2676 
8219 3491 5015 4289 
8220 3270 4473 2926 
8221 2547 4910 4025 
8222 2216 5145 3539 
8223 4536 4996 3602 
8224 3715 4288 3717 
8225 4063 4528 1765 
8226 2364 2365 2363 
8227 3579 3580 3578 
8228 4762 4972 2308 
8229 2043 2044 2042 
8230 2792 2793 2791 
8231 2911 4833 4579 
8232 3835 3837 3836 
8233 2620 4780 2619 
8234 4198 4279 3376 
8235 2081 2084 2083 
8236 3715 3717 3716 
8237 2525 3160 2527 
8238 2156 4511 4379 
8239 4404 4427 3658 
8240 2986 2987 2985 
8241 4350 4624 3998 
8242 3871 4842 3837 
8243 3446 4285 3445 
8244 3462 4769 3841 
8245 4189 4994 2146 
8246 2209 4758 3624 
8247 3886 5007 3282 
8248 3631 3632 3630 
8249 3658 3892 3656 
8250 3803 3806 3805 
8251 3778 4622 3893 
8252 4385 4848 2545 
8253 3586 4329 3584 
8254 3020 3023 3021 
8255 4286 5056 2392 
8256 2569 3292 2571 
8257 2536 4808 2535 
8258 4764 5172 3850 
8259 2588 4821 3400 
8260 2914 4684 4579 
8261 2766 4529 4093 
8262 2231 4315 4314 
8263 2771 4901 2770 
8264 3325 4768 2929 
8265 2210 4607 4114 
8266 2963 4463 3293 
8267 4176 4593 2507 
8268 3445 4146 3441 
8269 3405 3408 3406 
8270 2850 2852 2851 
8271 2517 4867 2518 
8272 3679 4282 4281 
8273 2559 4199 2561 
8274 2212 4535 4522 
8275 3741 4191 3744 
8276 2596 5178 5096 
8277 2278 2300 2280 
8278 4589 5140 2491 
8279 3025 3200 3026 
8280 3011 4727 3010 
8281 2988 2990 2987 
8282 3109 4986 3110 
8283 3306 4541 3263 
8284 3590 4637 4597 
8285 2805 4887 4740 
8286 3684 3687 3686 
8287 2796 2797 2793 
8288 2504 4654 4624 
8289 3850 5172 2003 
8290 2870 4309 4308 
8291 3821 3822 3820 
8292 4934 5117 2488 
8293 2077 5055 2046 
8294 2292 2298 2294 
8295 3353 4583 4386 
8296 2481 4197 2537 
8297 2848 3252 2850 
8298 4923 5107 2075 
8299 2874 2877 2875 
8300 2522 3953 2553 
8301 3348 3913 3349 
8302 3928 4117 4116 
8303 3765 4695 3769 
8304 2212 4646 4535 
8305 4179 4924 2022 
8306 2524 4592 4561 
8307 4579 4684 2911 
8308 4081 4154 3556 
8309 4734 5075 3398 
8310 2535 4808 3323 
8311 4120 4463 2963 
8312 3602 4090 3598 
8313 3394 4735 2687 
8314 3520 3522 3521 
8315 4205 4502 3566 
8316 4568 5023 2826 
8317 2727 2730 2728 
8318 4538 4605 2575 
8319 2306 5214 4351 
8320 3071 4433 4432 
8321 3388 3389 3386 
8322 2280 4210 2279 
8323 3265 4794 2954 
8324 3356 4344 4343 
8325 2612 4306 2604 
8326 2518 4867 2522 
8327 4135 4411 4136 
8328 2628 2630 2629 
8329 2236 2263 2261 
8330 3590 4597 3588 
8331 3549 5124 4393 
8332 4939 4966 4347 
8333 2563 2566 2565 
8334 4409 4470 3469 
8335 3837 3839 3838 
8336 3770 4622 3768 
8337 4479 4763 3301 
8338 2293 4598 2303 
8339 3103 4749 4748 
8340 4406 4883 3453 
8341 2533 4023 2536 
8342 2573 2578 2576 
8343 2676 2685 2674 
8344 4550 4552 2881 
8345 4080 4596 2683 
8346 4086 4087 3907 
8347 3418 3419 3416 
8348 3743 4325 4022 
8349 2045 2046 2043 
8350 2502 4637 4107 
8351 4549 4550 2880 
8352 4554 4643 2371 
8353 2816 4879 4780 
8354 2544 4567 2542 
8355 4225 4226 4224 
8356 2366 2367 2364 
8357 2747 2750 2748 
8358 2683 5152 4564 
8359 4213 4380 4214 
8360 3702 4456 3703 
8361 4084 4085 3548 
8362 3996 5165 2876 
8363 3629 4754 4572 
8364 2844 4665 4155 
8365 2605 4666 4156 
8366 3983 4809 2649 
8367 3381 3383 3380 
8368 4477 4635 2586 
8369 3523 4161 3525 
8370 2867 5187 2866 
8371 2446 5206 4834 
8372 2592 4707 4621 
8373 3036 3193 3038 
8374 2953 3360 3265 
8375 2679 2681 2678 
8376 2123 5046 3224 
8377 2344 4663 4158 
8378 4078 4723 3763 
8379 4625 5169 2548 
8380 5003 5055 2077 
8381 4262 4922 3735 
8382 2162 4923 4922 
8383 4064 5114 3649 
8384 4396 5175 3220 
8385 2860 2866 2859 
8386 2605 2612 2604 
8387 2844 4276 2843 
8388 2610 5054 4221 
8389 2126 5066 2117 
8390 3496 4053 3494 
8391 2258 4585 3269 
8392 4015 5179 2452 
8393 4675 4787 2897 
8394 2624 4629 2626 
8395 3406 5212 4341 
8396 2457 2461 2459 
8397 4806 4807 2116 
8398 3413 3415 3412 
8399 4911 5150 2516 
8400 4038 5049 2968 
8401 2514 4903 4716 
8402 3467 3470 3468 
8403 4491 5050 3241 
8404 4426 4987 4499 
8405 5091 5231 3252 
8406 3633 3634 3632 
8407 2912 4684 2914 
8408 2156 4512 4511 
8409 2284 2296 2286 
8410 2551 4490 3100 
8411 3364 4401 3062 
8412 2705 4906 4776 
8413 2907 4907 4775 
8414 2852 2859 2853 
8415 4156 4666 2602 
8416 4155 4665 2838 
8417 2288 2293 2290 
8418 3742 4325 3743 
8419 2844 4446 4276 
8420 4158 4663 2338 
8421 2632 2639 2636 
8422 3203 4720 4367 
8423 3648 3652 3650 
8424 3722 4287 3373 
8425 3259 4075 3257 
8426 2454 4850 4724 
8427 4184 5161 1880 
8428 4492 4493 3268 
8429 3371 4746 2758 
8430 4211 4598 2296 
8431 2195 4743 4199 
8432 4218 4672 1804 
8433 2489 4997 3822 
8434 3689 4796 4217 
8435 3426 5119 4642 
8436 2877 3212 3211 
8437 1949 5048 4091 
8438 2857 3898 2861 
8439 3584 4467 3583 
8440 3043 4876 4153 
8441 4235 4682 2048 
8442 2343 4701 4700 
8443 2508 4552 4550 
8444 3208 4944 4832 
8445 2668 2669 2665 
8446 2280 4915 4212 
8447 2953 4730 3360 
8448 3199 4909 4259 
8449 3737 5042 4261 
8450 2749 3251 2686 
8451 4336 4670 2767 
8452 4621 4707 2593 
8453 4482 4483 3612 
8454 4343 4729 3356 
8455 3032 3039 3034 
8456 2796 5137 4947 
8457 2607 2611 2609 
8458 2842 3216 2846 
8459 3474 4558 4397 
8460 2433 4882 4597 
8461 2460 4532 2517 
8462 2578 4355 4333 
8463 3595 4594 4229 
8464 2529 2534 2531 
8465 4302 5101 3294 
8466 2220 5058 4239 
8467 4313 4676 2696 
8468 3623 3624 3622 
8469 4419 5014 2251 
8470 3151 4691 2715 
8471 2672 2684 2670 
8472 2820 4228 2822 
8473 3263 3290 3262 
8474 2866 5074 2859 
8475 4241 4389 3856 
8476 4158 4169 2344 
8477 2347 4232 2349 
8478 2759 3310 2761 
8479 2368 2369 2367 
8480 2325 4590 3214 
8481 2717 2720 2719 
8482 3040 4382 3024 
8483 2947 2948 2946 
8484 3974 4011 3975 
8485 2618 2621 2620 
8486 3102 5128 4641 
8487 3505 3508 3506 
8488 4182 5207 4215 
8489 3644 4784 3645 
8490 3601 3605 3600 
8491 3581 3583 3580 
8492 4834 4835 2513 
8493 3193 4165 3038 
8494 3165 4076 2940 
8495 2021 5074 4177 
8496 4922 5068 2162 
8497 4380 5155 2480 
8498 2206 4973 3310 
8499 3882 4384 4025 
8500 2256 4858 4726 
8501 4228 4488 2306 
8502 3988 4773 4195 
8503 2587 4636 4635 
8504 2301 4928 4790 
8505 4359 4744 2266 
8506 4275 5030 2229 
8507 3104 5102 4750 
8508 4129 5230 3719 
8509 3435 3438 3437 
8510 4553 4688 2881 
8511 3974 4274 4011 
8512 3554 3557 3555 
8513 2511 5065 4270 
8514 4277 4823 3164 
8515 3019 3020 3017 
8516 2762 4668 4423 
8517 3552 4081 3556 
8518 3733 3734 3732 
8519 4023 4175 2536 
8520 3421 4411 4135 
8521 3440 3461 3443 
8522 4321 4718 3049 
8523 2803 5175 4396 
8524 3778 3893 3777 
8525 3734 3902 3736 
8526 3041 4516 3028 
8527 2566 2575 2567 
8528 3488 3489 3487 
8529 4292 5141 4410 
8530 2970 2971 2810 
8531 4411 4557 2584 
8532 4265 4478 3689 
8533 3247 4733 4732 
8534 3304 4038 2968 
8535 2242 4945 4075 
8536 3673 3674 3672 
8537 3358 5153 2802 
8538 3565 4205 3566 
8539 3877 4917 4086 
8540 3227 3228 2948 
8541 4029 4371 4028 
8542 3384 3392 3383 
8543 3767 3770 3768 
8544 3368 3369 3151 
8545 2801 2804 2802 
8546 4488 4489 2306 
8547 2830 2832 2831 
8548 2999 3001 2998 
8549 3248 4501 2709 
8550 3953 3954 2553 
8551 2654 2657 2656 
8552 4089 4236 4235 
8553 3789 4415 3788 
8554 2266 4744 2264 
8555 3470 3473 3471 
8556 2039 2041 2040 
8557 3221 3222 2704 
8558 3206 4638 2885 
8559 2788 2790 2789 
8560 3540 4939 4873 
8561 2360 2362 2361 
8562 3434 4096 3436 
8563 2601 2604 2603 
8564 2839 2843 2840 
8565 3508 4798 3509 
8566 2330 2333 2332 
8567 3449 4285 3446 
8568 4144 5048 1949 
8569 3097 5109 4155 
8570 3878 4917 3877 
8571 2340 2343 2341 
8572 4159 4169 4158 
8573 2773 2775 2774 
8574 3077 4905 3076 
8575 3427 4828 3425 
8576 2906 4353 4122 
8577 2982 2984 2983 
8578 3675 3677 3674 
8579 2899 2901 2900 
8580 4618 4801 4619 
8581 4495 4702 4680 
8582 2490 4533 2466 
8583 2920 2922 2919 
8584 3438 3440 3439 
8585 2349 3367 3366 
8586 2988 3291 2990 
8587 3557 3560 3558 
8588 2510 4380 4213 
8589 3490 3499 3489 
8590 4079 4080 3197 
8591 4282 5027 2509 
8592 4331 4627 2309 
8593 2962 2964 2963 
8594 2519 4688 4553 
8595 4132 5053 2222 
8596 3054 4697 4324 
8597 2804 3359 3358 
8598 2985 4833 4752 
8599 4454 5081 4425 
8600 2621 2641 2622 
8601 4390 4405 2502 
8602 2208 4540 3625 
8603 2792 2796 2793 
8604 2720 4238 2721 
8605 2790 2792 2791 
8606 2041 2043 2042 
8607 2775 2777 2776 
8608 2986 2988 2987 
8609 2984 2986 2985 
8610 2832 3272 3243 
8611 2727 5234 2731 
8612 2362 2364 2363 
8613 4334 5087 4283 
8614 4412 5210 1959 
8615 2228 4502 4205 
8616 4377 4378 2143 
8617 3420 4620 4291 
8618 3349 4573 3351 
8619 3582 4469 4409 
8620 3530 4826 3167 
8621 2862 4847 4433 
8622 4802 4890 3677 
8623 3218 5143 2643 
8624 3902 4923 2163 
8625 4065 5114 4064 
8626 4737 4771 3118 
8627 3532 4555 3530 
8628 4157 5179 3889 
8629 4561 5092 2524 
8630 4046 4719 3518 
8631 2960 5054 2962 
8632 4429 4430 3429 
8633 2871 4308 2874 
8634 4234 5164 2698 
8635 3696 4487 3697 
8636 2499 5227 4995 
8637 3889 5179 4015 
8638 4332 5196 3281 
8639 4490 4919 2191 
8640 4015 4286 3458 
8641 3652 4626 3650 
8642 2354 4925 2355 
8643 4161 4650 3168 
8644 4094 4522 4449 
8645 3414 4633 4135 
8646 3161 4878 3374 
8647 3018 5171 4304 
8648 3902 5044 3736 
8649 2365 4286 2394 
8650 4789 4802 2453 
8651 2773 4901 4539 
8652 4975 5045 3113 
8653 3522 4649 3523 
8654 2461 5065 2511 
8655 4733 5099 2463 
8656 4014 5238 2237 
8657 4250 4390 3910 
8658 4225 4856 4226 
8659 2566 4743 2575 
8660 4750 5102 3106 
8661 4800 4961 3007 
8662 4255 4766 3512 
8663 3390 4893 3388 
8664 2776 4885 4687 
8665 2631 4689 4401 
8666 2333 4268 2332 
8667 4523 4530 2172 
8668 3583 5069 3580 
8669 4423 4667 2762 
8670 2746 4793 4442 
8671 4126 5014 4507 
8672 2581 5069 4933 
8673 3042 4888 4381 
8674 2447 4982 4869 
8675 2665 4657 2664 
8676 4262 4845 2314 
8677 4160 5066 2157 
8678 2405 4494 3266 
8679 3231 4788 4751 
8680 2583 5008 4557 
8681 2716 4714 2717 
8682 4870 4895 2737 
8683 4815 4878 2497 
8684 4200 4580 3700 
8685 3200 4348 3026 
8686 4232 4426 2249 
8687 4779 5175 2803 
8688 2553 4898 2523 
8689 4118 4774 4389 
8690 4422 5221 3896 
8691 4268 4678 2974 
8692 4825 5049 4038 
8693 3356 4729 4386 
8694 4037 5111 3463 
8695 3317 4721 2646 
8696 2501 4871 4000 
8697 3220 4630 4396 
8698 2265 5025 3224 
8699 2230 5053 4132 
8700 2029 4359 4358 
8701 1807 5108 4129 
8702 3393 4801 3389 
8703 4552 4553 2881 
8704 4643 4644 2371 
8705 4142 4942 4804 
8706 2485 4818 4326 
8707 4506 4862 2005 
8708 4698 4699 3250 
8709 3896 5221 4980 
8710 2305 4352 4351 
8711 4551 4724 2508 
8712 2215 4824 4703 
8713 4897 4910 2547 
8714 3386 4655 3384 
8715 4571 5219 2247 
8716 3309 4936 4603 
8717 3637 4988 3639 
8718 4201 4996 2239 
8719 4122 4858 2256 
8720 3164 4669 4277 
8721 2311 4861 4053 
8722 4274 4275 4011 
8723 4618 4619 2114 
8724 5139 5208 3949 
8725 4406 4816 3454 
8726 2739 4938 2741 
8727 2496 5035 4934 
8728 2276 4920 2278 
8729 4228 4351 2822 
8730 3527 4848 3528 
8731 4082 4786 4074 
8732 2204 5194 3901 
8733 2219 4877 4701 
8734 2900 4314 4313 
8735 2132 4902 2130 
8736 2689 4771 4324 
8737 2939 5219 4829 
8738 4040 4777 3859 
8739 2910 4752 2911 
8740 2298 4394 2294 
8741 2437 4818 4457 
8742 3292 4974 4605 
8743 3471 4693 3474 
8744 4374 4732 3397 
8745 4473 4474 3162 
8746 4780 4879 2619 
8747 2440 5067 4978 
8748 4411 5242 4557 
8749 2280 4212 4210 
8750 2832 5061 4815 
8751 2988 4581 3291 
8752 2730 4402 2728 
8753 3271 4950 4947 
8754 3182 4504 4456 
8755 2256 4726 4683 
8756 3968 5137 2796 
8757 4522 4535 4449 
8758 4639 4722 2634 
8759 4093 4529 2213 
8760 4325 4326 4022 
8761 4486 5205 2319 
8762 4384 4385 4025 
8763 2081 5240 2084 
8764 2111 4927 4133 
8765 2215 4825 4824 
8766 3866 4570 3917 
8767 4480 4962 2579 
8768 4501 4725 4724 
8769 2301 4790 4273 
8770 3419 4399 3416 
8771 3196 4716 4539 
8772 4598 5148 2296 
8773 2218 4993 4877 
8774 3281 5196 3283 
8775 4680 4702 2886 
8776 3261 5017 2274 
8777 2868 4661 4323 
8778 4679 4708 2702 
8779 2253 4865 4822 
8780 4165 4773 3038 
8781 4605 4974 2575 
8782 2723 4810 4416 
8783 2486 4616 4615 
8784 3911 4526 3229 
8785 4352 4587 4256 
8786 3687 4562 3686 
8787 2233 4858 4696 
8788 2060 4965 4891 
8789 2741 4831 2743 
8790 2514 4836 4835 
8791 4366 4956 1769 
8792 2106 5028 4696 
8793 3453 4816 4406 
8794 4462 5172 3352 
8795 2433 4468 4329 
8796 4519 4986 3109 
8797 2773 4539 2775 
8798 2309 5071 4209 
8799 2897 4787 2899 
8800 4752 4833 2911 
8801 4635 4636 2586 
8802 4489 4866 2295 
8803 4469 4470 4409 
8804 3412 4633 3410 
8805 3398 5075 4241 
8806 2165 4929 3360 
8807 4205 4894 2228 
8808 3648 4784 3652 
8809 3168 4844 4843 
8810 2044 5003 2079 
8811 4367 5209 2585 
8812 4539 4901 3196 
8813 4065 4066 3647 
8814 2221 4417 4416 
8815 5077 5078 4497 
8816 2914 5080 3312 
8817 3750 4609 3748 
8818 2748 4735 3394 
8819 4565 4708 4679 
8820 2522 4867 3953 
8821 4829 5219 4571 
8822 2221 4810 4238 
8823 2164 4730 4266 
8824 4354 5159 2637 
8825 4740 4887 2660 
8826 2468 5097 4991 
8827 2974 4678 4327 
8828 3517 4719 3520 
8829 3693 4713 3691 
8830 2485 4326 4325 
8831 4289 4970 4288 
8832 3974 5222 4274 
8833 2238 4696 4353 
8834 2508 4850 4552 
8835 3494 4840 3490 
8836 4683 4726 2235 
8837 4599 5192 1948 
8838 2351 4574 2354 
8839 2895 4519 2893 
8840 2614 4576 2617 
8841 4516 5229 3028 
8842 2968 4524 2966 
8843 3901 5128 3102 
8844 3294 5241 2556 
8845 3912 5003 2077 
8846 2810 4526 2807 
8847 3762 5063 4070 
8848 4558 4693 4454 
8849 2557 4782 2559 
8850 2664 4531 2662 
8851 4571 4791 2895 
8852 4273 4790 2281 
8853 3392 4655 4618 
8854 4589 4991 2506 
8855 2634 4401 3364 
8856 2202 4970 4289 
8857 3588 4882 3586 
8858 2033 4659 4455 
8859 3525 4843 3527 
8860 1863 4575 3346 
8861 4457 4854 3089 
8862 4625 5225 2543 
8863 3983 4841 4809 
8864 4856 5097 4226 
8865 2848 5213 3252 
8866 5006 5007 1782 
8867 4522 4523 2212 
8868 2515 5149 4610 
8869 2116 5083 3370 
8870 2832 4815 3272 
8871 3455 4651 4600 
8872 3195 5153 3196 
8873 4774 5118 3929 
8874 1943 5120 4647 
8875 4647 5120 2511 
8876 3898 4653 2861 
8877 3895 4617 2489 
8878 4021 4742 3478 
8879 3611 4819 3608 
8880 4767 5054 2610 
8881 2161 4891 3637 
8882 5012 5039 2865 
8883 3589 5236 5078 
8884 4902 5113 2321 
8885 2155 5033 4877 
8886 4467 4933 3583 
8887 3372 4967 2742 
8888 4835 4836 2513 
8889 3111 5045 4975 
8890 3364 4639 2634 
8891 3700 4580 3702 
8892 2770 4901 2773 
8893 4597 4637 4000 
8894 2680 4596 4080 
8895 3214 4866 4489 
8896 4329 4468 4467 
8897 4623 4781 2693 
8898 4557 5008 2584 
8899 2448 5040 4475 
8900 2617 4576 4535 
8901 4207 5233 2476 
8902 2121 4761 4544 
8903 4618 4655 3389 
8904 4296 5235 3646 
8905 3594 4852 4229 
8906 4535 4576 4449 
8907 3630 4754 3627 
8908 3535 4555 3532 
8909 4455 4659 3194 
8910 3011 4728 4727 
8911 2555 5241 3294 
8912 2441 4943 2390 
8913 2278 4920 2300 
8914 2452 5179 4157 
8915 2890 4984 4964 
8916 2537 4918 2549 
8917 4775 4907 2845 
8918 4776 4906 2608 
8919 4689 4863 2635 
8920 4804 4942 2484 
8921 4417 5190 3244 
8922 4493 5105 3268 
8923 3713 4556 3715 
8924 2275 4928 3900 
8925 2199 4627 4331 
8926 2592 5180 5060 
8927 4529 4530 2213 
8928 3751 4609 4588 
8929 4544 4545 2121 
8930 2523 4898 2525 
8931 3421 5242 4411 
8932 4070 5063 2562 
8933 4146 5191 3461 
8934 4499 4868 2249 
8935 2971 4703 4544 
8936 2160 4988 4891 
8937 4329 4467 3584 
8938 3913 4573 3349 
8939 4555 4826 3530 
8940 4832 5122 3208 
8941 4586 5203 2216 
8942 3222 5067 4760 
8943 3351 4886 3353 
8944 4500 4859 2970 
8945 4347 4966 3537 
8946 4947 4950 2153 
8947 2432 4789 4437 
8948 2305 4587 4352 
8949 4451 4574 2353 
8950 3196 5153 4716 
8951 3669 4853 3670 
8952 4822 4865 2252 
8953 4437 5008 2432 
8954 2777 5206 4885 
8955 4964 5082 2890 
8956 3255 4662 2812 
8957 2337 4663 2340 
8958 2836 4665 2839 
8959 2599 4666 2601 
8960 4449 4576 2616 
8961 2251 5014 4126 
8962 2911 4684 2909 
8963 2998 4685 2995 
8964 4258 4729 3710 
8965 2881 4688 2879 
8966 2764 4670 2766 
8967 2856 5013 5012 
8968 2885 4680 2883 
8969 2704 4679 2701 
8970 2648 4681 3983 
8971 2037 4682 2039 
8972 4821 5181 2389 
8973 4649 4650 4161 
8974 4401 4689 3062 
8975 3859 4777 3861 
8976 2695 4676 2699 
8977 2713 4691 2716 
8978 3679 4899 4282 
8979 2630 5020 2629 
8980 5088 5226 5079 
8981 2431 5060 4162 
8982 4316 4543 2271 
8983 2198 5031 4753 
8984 2731 5038 4294 
8985 2815 5208 5139 
8986 4709 4863 2633 
8987 4397 4558 3182 
8988 4329 4882 2433 
8989 2401 5018 4400 
8990 4528 4946 3869 
8991 3639 4988 3642 
8992 2586 4561 4477 
8993 4709 5159 2638 
8994 1941 5187 4534 
8995 2215 5049 4825 
8996 4274 5222 3862 
8997 3647 5114 4065 
8998 1864 5134 4068 
8999 4238 5058 2221 
9000 5116 5204 2534 
9001 2533 5204 4023 
9002 4732 4733 3399 
9003 2295 5214 4489 
9004 4762 5072 5071 
9005 2561 4992 2563 
9006 2549 4919 2551 
9007 3652 4954 4626 
9008 4342 5212 3676 
9009 3548 5173 3549 
9010 2216 4634 4586 
9011 2840 4814 2842 
9012 4824 4825 2120 
9013 2566 4992 4743 
9014 2542 4950 2540 
9015 4524 4859 2969 
9016 4933 5062 2581 
9017 3608 4819 3610 
9018 2306 4351 4228 
9019 4560 5095 2322 
9020 4075 4575 3257 
9021 3348 4945 3913 
9022 2679 5036 2681 
9023 2527 4981 2529 
9024 2629 5020 2632 
9025 3263 4541 3290 
9026 2202 5011 4971 
9027 2686 5036 2679 
9028 4162 5060 2594 
9029 2293 5148 4598 
9030 2732 4989 2734 
9031 2587 5133 4636 
9032 4173 5222 3973 
9033 3385 4956 4366 
9034 3196 4901 2771 
9035 3524 4786 4082 
9036 3036 5186 3193 
9037 3449 4706 4285 
9038 3369 5100 3894 
9039 2540 4950 3271 
9040 4860 5147 4460 
9041 3257 4575 3256 
9042 2022 4924 4211 
9043 4746 4756 2206 
9044 2355 5218 3131 
9045 2737 4493 4492 
9046 2580 5062 4933 
9047 2590 5116 4257 
9048 4819 4820 3610 
9049 2567 4974 2569 
9050 3672 4853 3669 
9051 2721 4810 2723 
9052 1749 5239 4106 
9053 3353 4886 4583 
9054 3642 4914 3644 
9055 4696 5028 2233 
9056 2591 4892 4338 
9057 2519 4674 4673 
9058 3523 4649 4161 
9059 4619 4801 3094 
9060 4831 4938 2034 
9061 3374 5061 2830 
9062 2622 4817 2624 
9063 2669 4657 2665 
9064 2202 4971 4970 
9065 3869 4946 3870 
9066 4467 4468 2580 
9067 3360 4929 3265 
9068 2659 5182 3096 
9069 4610 5149 2783 
9070 3333 5001 5000 
9071 2717 4714 2720 
9072 2734 4989 4686 
9073 4753 5031 2199 
9074 3489 5015 3491 
9075 3484 4908 3485 
9076 4010 4897 3787 
9077 2575 4974 2567 
9078 4294 5168 2730 
9079 2624 4817 4629 
9080 2486 4615 4565 
9081 4086 4917 4087 
9082 4304 5171 3042 
9083 4351 5214 2305 
9084 2166 4886 4573 
9085 2796 4947 2797 
9086 2200 4753 4387 
9087 2481 4979 4197 
9088 2741 4938 4831 
9089 4289 5015 2202 
9090 2125 4807 4806 
9091 4900 4953 2585 
9092 4539 4903 2775 
9093 3881 4910 4010 
9094 4751 4788 3033 
9095 2462 4725 4501 
9096 4478 4796 3689 
9097 4758 5052 2208 
9098 3400 4821 2589 
9099 3787 4897 3789 
9100 4743 4992 4199 
9101 2307 4972 4762 
9102 4869 4885 2446 
9103 4402 4989 2732 
9104 3487 4908 3484 
9105 2365 5056 4286 
9106 3229 4761 3911 
9107 4327 4678 2923 
9108 3370 5100 3369 
9109 4937 5130 2733 
9110 4703 4824 2118 
9111 3241 5162 4491 
9112 2288 5148 2293 
9113 3076 4905 3220 
9114 2526 5057 4750 
9115 2158 4827 4826 
9116 2504 5138 4654 
9117 2274 5017 2276 
9118 4986 4987 3110 
9119 2990 4851 4358 
9120 2214 5122 4832 
9121 3389 4655 3386 
9122 4025 4910 3881 
9123 2743 4831 2747 
9124 3896 4980 4170 
9125 4241 5075 4389 
9126 4223 4855 4051 
9127 2210 5113 4902 
9128 5071 5072 2612 
9129 2509 5027 4951 
9130 2759 5170 3310 
9131 3162 5211 3161 
9132 4433 4847 2854 
9133 4053 4840 3494 
9134 2478 4979 2481 
9135 3384 4655 3392 
9136 2445 4943 2441 
9137 3224 5025 2123 
9138 3473 4693 3471 
9139 3161 5211 4878 
9140 3474 4693 4558 
9141 3490 4840 3499 
9142 3720 5230 5108 
9143 4256 4587 2103 
9144 3220 5175 3219 
9145 2586 5092 4561 
9146 3254 5188 5177 
9147 3397 4732 3399 
9148 2633 5159 4709 
9149 4864 5106 2996 
9150 4552 4850 2456 
9151 4686 4989 2027 
9152 3114 4839 4838 
9153 4760 5067 2440 
9154 2247 4932 4791 
9155 4674 5093 2515 
9156 4726 4858 2233 
9157 4597 4882 3588 
9158 3280 5007 5006 
9159 2842 4814 3216 
9160 5105 5130 2738 
9161 2261 5098 3261 
9162 4459 4921 2579 
9163 4878 5061 3374 
9164 3837 4842 3839 
9165 2563 4992 2566 
9166 2515 5150 5149 
9167 1948 5192 4593 
9168 2559 4782 4199 
9169 3380 5156 3382 
9170 3593 5078 5077 
9171 3710 4729 4343 
9172 3911 4761 3227 
9173 3274 5132 4156 
9174 4238 4810 2721 
9175 4894 4999 2228 
9176 4948 5024 2207 
9177 5012 5013 2863 
9178 4143 4904 2744 
9179 2499 4995 4841 
9180 2641 4817 2622 
9181 2775 4903 2777 
9182 4777 4838 3861 
9183 4353 4858 4122 
9184 2843 4814 2840 
9185 2044 5055 5003 
9186 4197 4918 2537 
9187 2034 5215 4831 
9188 4161 4843 3525 
9189 4151 5193 3829 
9190 2532 4921 4459 
9191 3586 4882 4329 
9192 4600 4651 4096 
9193 3291 4851 2990 
9194 4051 4855 4420 
9195 4229 4594 3594 
9196 3783 5050 3784 
9197 3321 4990 2932 
9198 2525 4898 3160 
9199 3499 5015 3489 
9200 4809 5144 3289 
9201 4836 5019 2513 
9202 4947 5137 3271 
9203 4925 5218 2355 
9204 2458 5093 4674 
9205 2276 5017 4920 
9206 2940 5219 2939 
9207 3160 4981 2527 
9208 2962 4767 2964 
9209 2578 4889 4355 
9210 4023 5204 5116 
9211 3182 5220 4504 
9212 2529 4981 2534 
9213 2220 5160 5058 
9214 3542 5210 4412 
9215 2286 5148 2288 
9216 2364 5056 2365 
9217 4594 4694 3585 
9218 2043 5055 2044 
9219 3973 5222 3974 
9220 4458 5074 2021 
9221 4725 4963 2454 
9222 4568 4641 2240 
9223 2208 4948 4540 
9224 2127 4868 4499 
9225 3251 5036 2686 
9226 3309 5124 5121 
9227 4469 5069 2581 
9228 5060 5094 2592 
9229 3641 5193 4151 
9230 4944 5163 3207 
9231 2372 4864 4616 
9232 2632 5020 2639 
9233 4085 5173 3548 
9234 2729 5105 4493 
9235 4533 5137 3968 
9236 2543 5169 4625 
9237 4125 5151 4073 
9238 2758 5170 2759 
9239 2207 4586 4536 
9240 4567 4950 2542 
9241 4805 4912 2312 
9242 2631 4863 4689 
9243 2551 4919 4490 
9244 2830 5061 2832 
9245 4416 5234 2725 
9246 4199 4992 2561 
9247 2569 4974 3292 
9248 2316 5066 4160 
9249 4624 4654 2473 
9250 2510 5155 4380 
9251 2235 5238 5073 
9252 4492 4870 2737 
9253 2349 5232 3367 
9254 3034 5186 3036 
9255 2735 4967 3372 
9256 2247 4791 4571 
9257 2445 5146 4943 
9258 2729 5130 5105 
9259 2539 4820 4819 
9260 4891 4965 2160 
9261 4224 4855 4223 
9262 4838 4839 2244 
9263 4475 5040 3089 
9264 2263 5098 2261 
9265 4573 4886 3351 
9266 4118 5118 4774 
9267 4798 4799 2316 
9268 2531 5204 2533 
9269 2138 5203 5024 
9270 2162 5107 4923 
9271 2367 5056 2364 
9272 2046 5055 2043 
9273 4211 4924 4598 
9274 2256 4683 4652 
9275 4861 4985 2115 
9276 3428 4862 4506 
9277 4748 4749 2530 
9278 4701 4993 4700 
9279 4690 5181 2588 
9280 4415 5151 4125 
9281 3540 4966 4939 
9282 5080 5125 3312 
9283 4820 5032 2538 
9284 4152 5073 2270 
9285 2155 5221 4422 
9286 4232 5232 2349 
9287 4189 5228 4994 
9288 4994 5228 2690 
9289 2249 5232 4232 
9290 2506 4856 4588 
9291 2296 5148 2286 
9292 2235 5073 4683 
9293 2846 5213 2848 
9294 2588 5181 4821 
9295 2548 5151 4415 
9296 5096 5178 2505 
9297 2845 5104 4775 
9298 2608 5103 4776 
9299 2539 5032 4820 
9300 5149 5150 2591 
9301 3252 5231 2850 
9302 3642 4988 4914 
9303 2725 5234 2727 
9304 4746 5170 2758 
9305 4724 4725 2454 
9306 4474 5211 3162 
9307 2079 5240 2081 
9308 4828 5180 4621 
9309 3459 5126 4510 
9310 2268 5226 4712 
9311 3039 5186 3034 
9312 3415 5242 3421 
9313 4579 4833 3201 
9314 4496 5142 2856 
9315 4918 4919 2549 
9316 2534 5204 2531 
9317 2850 5231 2852 
9318 2440 5237 4760 
9319 4809 4841 3173 
9320 4997 5138 3822 
9321 4603 5124 3309 
9322 2308 5072 4762 
9323 2133 5226 5088 
9324 5145 5166 3539 
9325 3216 5213 2846 
9326 4416 4810 2221 
9327 3862 5222 4173 
9328 4570 5045 3917 
9329 4790 4928 2277 
9330 3383 5156 3380 
9331 2747 5215 2750 
9332 2156 5079 4512 
9333 2470 5019 4836 
9334 2634 5195 4401 
9335 5073 5238 2270 
9336 2730 5168 4402 
9337 3220 4905 4630 
9338 3169 5229 4516 
9339 4865 4993 2218 
9340 2191 4919 4918 
9341 4010 4910 4897 
9342 4970 4971 4287 
9343 4727 4728 2335 
9344 2253 4993 4865 
9345 4877 5033 2218 
9346 2207 5203 4586 
9347 4683 5073 4152 
9348 4925 4926 2265 
9349 4700 4993 2253 
9350 4832 4944 3207 
9351 2491 4991 4589 
9352 4716 5153 3358 
9353 4654 5138 2435 
9354 4964 4984 2272 
9355 2388 5181 4690 
9356 4750 5057 2528 
9357 4971 5011 2088 
9358 2611 5085 2609 
9359 5003 5240 2079 
9360 2854 5142 4496 
9361 2580 4933 4467 
9362 2153 4950 4567 
9363 3114 4838 4777 
9364 2206 5170 4746 
9365 4491 5162 2477 
9366 4096 4651 3436 
9367 5060 5180 2594 
9368 4831 5215 2747 
9369 2574 4953 4900 
9370 4888 5167 3029 
9371 2156 5088 5079 
9372 4800 5012 2863 
9373 4073 5151 4029 
9374 2479 5233 4097 
9375 4587 5034 2103 
9376 2403 4802 4789 
9377 4914 4988 2160 
9378 5079 5226 2268 
9379 2594 5180 4828 
9380 4951 5027 2483 
9381 2158 4826 4555 
9382 5024 5203 2207 
9383 2863 4961 4800 
9384 2248 4986 4519 
9385 5121 5122 3308 
9386 4598 4924 2303 
9387 4636 5133 2520 
9388 4460 5147 2285 
9389 4934 5035 2450 
9390 4878 5211 2497 
9391 4621 5180 2592 
9392 4642 5119 3424 
9393 3113 5045 4570 
9394 4645 5113 2210 
9395 2962 5054 4767 
9396 2431 5094 5060 
9397 3912 5240 5003 
9398 4510 5126 3452 
9399 2273 5082 4964 
9400 3202 5125 5080 
9401 3208 5122 5121 
9402 2372 5106 4864 
9403 2450 5117 4934 
9404 2283 5147 4860 
9405 4885 5206 2446 
9406 5177 5188 2795 
9407 2140 5166 5145 
9408 2265 5218 4925 
9409 3173 5144 4809 
9410 2435 5138 4997 
9411 2234 2263 2236 
9412 2282 2296 2284 
9413 4574 4925 2354 
9414 2455 2461 2457 
9415 2604 2607 2603 
9416 3090 3317 2645 
9417 2656 5182 2659 
9418 2674 2684 2672 
9419 2678 2685 2676 
9420 2710 4550 4549 
9421 2774 4147 2778 
9422 2858 2870 2864 
9423 2976 4813 2977 
9424 3000 4643 4554 
9425 3030 3039 3032 
9426 3454 3992 3990 
9427 3469 3470 3467 
9428 3498 4053 3496 
9429 3563 3565 3562 
9430 3610 3922 3609 
9431 3661 4694 3660 
9432 3685 3687 3684 
9433 3795 4482 3794 
9434 4052 4732 4374 
9435 4063 4946 4528 
9436 4226 4855 4224 
9437 4281 4487 4434 
2 12 2 2741
9438 5652 6090 5509 
9439 5494 6243 6092 
9440 6126 6184 5512 
9441 5499 6112 5569 
9442 6091 6151 5492 
9443 6123 6171 5504 
9444 6117 6245 5493 
9445 5656 6174 6164 
9446 5510 6114 5721 
9447 6089 6094 5551 
9448 5509 6105 5652 
9449 5491 6165 6116 
9450 5488 6094 6089 
9451 5730 6170 6159 
9452 5783 6151 6091 
9453 5632 6227 6131 
9454 6084 6115 5547 
9455 5721 6096 5510 
9456 5756 6133 5755 
9457 6133 6168 5755 
9458 5681 6097 5503 
9459 5487 6115 6084 
9460 5503 6180 5681 
9461 5655 6174 5656 
9462 5759 6184 6126 
9463 5739 6171 6123 
9464 6116 6165 5789 
9465 5497 6260 6095 
9466 5729 6170 5730 
9467 5624 6106 5511 
9468 5511 6190 5624 
9469 5714 6137 5713 
9470 6137 6177 5713 
9471 5527 6210 5737 
9472 5832 6211 5528 
9473 6088 6187 5564 
9474 5500 6187 6088 
9475 6120 6262 5498 
9476 5505 6145 5688 
9477 5777 6259 6216 
9478 5569 6186 5499 
9479 6217 6257 5753 
9480 5614 6193 6087 
9481 6087 6193 5495 
9482 5478 6232 6068 
9483 6075 6117 5493 
9484 5484 6230 6073 
9485 6070 6231 5479 
9486 5470 6228 6063 
9487 5903 6075 5493 
9488 6182 6222 5530 
9489 5529 6221 6181 
9490 6251 6252 5572 
9491 5646 6254 6238 
9492 5698 6199 5699 
9493 5781 6142 5518 
9494 5698 6250 6199 
9495 5541 6072 6066 
9496 6082 6234 5485 
9497 6240 6253 5555 
9498 5696 6200 5695 
9499 6066 6072 5482 
9500 6200 6249 5695 
9501 5539 6188 5538 
9502 6188 6248 5538 
9503 5823 6064 6043 
9504 5620 6141 5522 
9505 6092 6243 5579 
9506 6050 6081 5544 
9507 6076 6224 5471 
9508 5591 6143 5592 
9509 5622 6108 5520 
9510 5517 6158 5719 
9511 5464 6155 6059 
9512 5589 6129 5588 
9513 5519 6127 5581 
9514 6060 6144 5465 
9515 5591 6183 6143 
9516 5520 6239 5622 
9517 6043 6064 5472 
9518 5644 6119 5643 
9519 5616 6061 6056 
9520 5483 6081 6050 
9521 5581 6241 5519 
9522 5633 6227 5632 
9523 6129 6163 5588 
9524 5644 6162 6119 
9525 5603 6125 5604 
9526 6125 6233 5604 
9527 5669 6245 6117 
9528 6044 6077 5725 
9529 5454 6132 6052 
9530 5521 6147 5639 
9531 6056 6061 5466 
9532 5410 5534 5486 
9533 5766 6130 5532 
9534 5531 6109 5774 
9535 6053 6128 5455 
9536 5486 6266 5410 
9537 5473 6077 6044 
9538 6041 6074 5676 
9539 5774 6244 5531 
9540 5632 6131 5515 
9541 5742 6124 5741 
9542 6047 6111 5453 
9543 5742 6236 6124 
9544 5532 6246 5766 
9545 5636 6100 5637 
9546 5515 6102 5632 
9547 5572 6252 5573 
9548 6112 6196 5569 
9549 5467 6074 6041 
9550 6100 6179 5637 
9551 5690 6109 5531 
9552 5637 6179 5409 
9553 5452 6110 6058 
9554 5508 6125 5603 
9555 6059 6155 5566 
9556 5737 6166 5527 
9557 5528 6167 5832 
9558 5549 6144 6060 
9559 5841 6222 6182 
9560 6181 6221 5711 
9561 5647 6254 5646 
9562 5532 6130 5598 
9563 5523 6219 6156 
9564 5588 6163 5408 
9565 5555 6253 5556 
9566 6157 6215 5524 
9567 5409 6162 5644 
9568 5741 6124 5497 
9569 6052 6132 5601 
9570 5603 6104 5508 
9571 5649 6128 6053 
9572 5497 6095 5741 
9573 5671 6111 6047 
9574 5531 6185 5690 
9575 6173 6220 5525 
9576 5598 6189 5532 
9577 5564 6175 6088 
9578 5494 6092 5684 
9579 5730 6159 5527 
9580 5709 6099 6051 
9581 6136 6206 5514 
9582 5528 6133 5756 
9583 5391 5785 5753 
9584 5513 6202 6134 
9585 6068 6232 5606 
9586 5508 6104 5561 
9587 6051 6099 5461 
9588 6063 6228 5641 
9589 5585 6231 6070 
9590 5408 6183 5591 
9591 5787 6102 5515 
9592 5777 5784 5392 
9593 5456 6247 6054 
9594 6058 6110 5764 
9595 5516 6107 5792 
9596 5569 6196 5824 
9597 5405 5757 5696 
9598 5656 6164 5529 
9599 6037 6113 5661 
9600 5530 6137 5714 
9601 6073 6230 5750 
9602 6055 6237 5457 
9603 5684 6150 5494 
9604 6152 6201 5553 
9605 5462 6242 6057 
9606 5699 5734 5402 
9607 5744 6175 5564 
9608 5559 6103 5507 
9609 5460 6113 6037 
9610 5726 5986 5844 
9611 5561 6258 5508 
9612 5627 6234 6082 
9613 5701 6224 6076 
9614 5776 6259 5777 
9615 5395 5814 5539 
9616 5484 6073 5639 
9617 5515 6255 5787 
9618 5753 6257 5752 
9619 6095 6260 5692 
9620 5516 6188 5539 
9621 5792 6256 5516 
9622 5506 6201 6152 
9623 6069 6235 5463 
9624 5633 6192 5490 
9625 5685 6150 5684 
9626 5688 6198 5505 
9627 5478 6068 5719 
9628 5620 6082 5485 
9629 5772 5975 5864 
9630 834 5590 5385 
9631 903 5667 5419 
9632 808 5659 5415 
9633 1014 5567 5422 
9634 5755 6168 5505 
9635 5643 6119 5513 
9636 5507 6261 5559 
9637 5699 6199 5507 
9638 5830 6215 6157 
9639 982 5733 5430 
9640 6066 6229 5541 
9641 5656 5794 5393 
9642 5820 6206 6136 
9643 6156 6219 5843 
9644 5713 6177 5517 
9645 5730 5795 5404 
9646 5592 5796 5385 
9647 5555 6126 5512 
9648 6134 6202 5803 
9649 5747 5973 5869 
9650 5489 6191 5538 
9651 5732 6046 5833 
9652 5524 6100 5636 
9653 5608 6262 6120 
9654 5507 6103 5699 
9655 5511 6106 5646 
9656 5498 6200 5696 
9657 5781 6070 5479 
9658 887 5576 5424 
9659 5539 6107 5516 
9660 5837 6220 6173 
9661 5544 6225 6050 
9662 5696 6120 5498 
9663 6049 6122 5770 
9664 5678 6121 6048 
9665 5514 6129 5589 
9666 5721 6114 5526 
9667 5506 6170 5729 
9668 5698 6197 5496 
9669 5722 5723 5360 
9670 961 5631 5377 
9671 979 5623 5333 
9672 817 5597 5389 
9673 868 5558 5329 
9674 843 5686 5648 
9675 850 5712 5379 
9676 1005 5552 5370 
9677 995 5568 5545 
9678 1000 5612 5427 
9679 989 5607 5364 
9680 921 5693 5441 
9681 894 5560 5372 
9682 918 5600 5593 
9683 938 5745 5670 
9684 947 5638 5341 
9685 739 5617 5374 
9686 805 5760 5311 
9687 730 5767 5450 
9688 721 5775 5392 
9689 991 5757 5405 
9690 764 5726 5502 
9691 1032 5562 5448 
9692 799 5791 5378 
9693 815 5619 5384 
9694 1007 5728 5404 
9695 1034 5707 5677 
9696 762 5672 5429 
9697 954 5747 5663 
9698 1016 5679 5433 
9699 766 5743 5563 
9700 737 5748 5400 
9701 862 5722 5360 
9702 755 5754 5369 
9703 884 5680 5325 
9704 852 5718 5335 
9705 859 5772 5610 
9706 998 5768 5428 
9707 789 5788 5313 
9708 1039 5785 5391 
9709 5394 5815 5714 
9710 984 5798 5447 
9711 780 5799 5716 
9712 936 5800 5412 
9713 5838 6024 5717 
9714 857 5586 5420 
9715 6056 6212 5616 
9716 5732 6194 6080 
9717 6062 6195 5717 
9718 5388 5816 5589 
9719 5403 5817 5756 
9720 813 5626 5342 
9721 5592 6143 5523 
9722 5553 6076 5471 
9723 5575 6040 5835 
9724 5518 6174 5655 
9725 826 5702 5443 
9726 748 5705 5548 
9727 5518 6205 5781 
9728 5844 5986 5286 
9729 1013 5567 1014 
9730 889 5813 5445 
9731 875 5811 5629 
9732 966 5542 5436 
9733 5572 6123 5504 
9734 886 5576 887 
9735 791 5808 792 
9736 981 5733 982 
9737 923 5829 924 
9738 902 5667 903 
9739 833 5590 834 
9740 1018 5836 1019 
9741 807 5659 808 
9742 5525 6090 5652 
9743 5725 6214 6044 
9744 6043 6213 5823 
9745 5639 6147 5484 
9746 5527 6166 5730 
9747 792 5808 5417 
9748 828 5819 829 
9749 5685 6264 6150 
9750 742 5865 743 
9751 820 5863 821 
9752 837 5842 838 
9753 786 5857 787 
9754 6051 6160 5709 
9755 905 5650 5435 
9756 970 5826 5673 
9757 969 5826 970 
9758 5604 6233 5495 
9759 5500 6236 5742 
9760 743 5865 5790 
9761 787 5857 5355 
9762 821 5863 5305 
9763 838 5842 5609 
9764 5845 6017 5630 
9765 5470 6063 5688 
9766 5456 6054 5761 
9767 5477 6154 6078 
9768 5732 6080 6046 
9769 796 5762 5543 
9770 6079 6153 5476 
9771 952 5727 5416 
9772 5676 6207 6041 
9773 6098 6172 5861 
9774 5690 6185 5521 
9775 888 5813 889 
9776 874 5811 875 
9777 908 5584 5336 
9778 1043 5550 5308 
9779 5529 6181 5656 
9780 5590 5591 5385 
9781 5522 6218 5620 
9782 5804 5819 828 
9783 5628 5836 1018 
9784 5657 5659 807 
9785 5574 5576 886 
9786 5587 5590 833 
9787 5703 5808 791 
9788 5665 5667 902 
9789 5731 5733 981 
9790 5771 5829 923 
9791 1029 5708 5662 
9792 5395 5539 5538 
9793 5543 5544 5340 
9794 5406 5741 5740 
9795 5338 5770 5769 
9796 5675 5676 5322 
9797 5359 5614 5613 
9798 5677 5678 5337 
9799 5563 5564 5366 
9800 5546 5547 5349 
9801 5602 5603 5401 
9802 5724 5725 5330 
9803 5651 5652 5373 
9804 5329 5823 5822 
9805 5660 5661 5315 
9806 5635 5636 5386 
9807 5778 5779 5354 
9808 5565 5567 1013 
9809 5522 6189 5598 
9810 5698 5699 5402 
9811 6101 6191 5489 
9812 5485 6141 5620 
9813 5761 6101 5456 
9814 5704 6035 5854 
9815 827 5804 828 
9816 935 5800 936 
9817 983 5798 984 
9818 779 5799 780 
9819 5619 5620 5384 
9820 5756 6167 5528 
9821 5719 6158 5478 
9822 5753 6127 5519 
9823 5802 5828 5801 
9824 5614 6087 5462 
9825 5568 5824 5545 
9826 964 5540 965 
9827 960 5631 961 
9828 1042 5550 1043 
9829 978 5623 979 
9830 867 5558 868 
9831 849 5712 850 
9832 930 5642 931 
9833 816 5597 817 
9834 994 5568 995 
9835 906 5583 907 
9836 917 5600 918 
9837 842 5686 843 
9838 1017 5628 1018 
9839 893 5560 894 
9840 804 5760 805 
9841 1004 5552 1005 
9842 806 5657 807 
9843 920 5693 921 
9844 999 5612 1000 
9845 988 5607 989 
9846 937 5745 938 
9847 990 5757 991 
9848 1033 5707 1034 
9849 879 5571 880 
9850 946 5638 947 
9851 729 5767 730 
9852 1031 5562 1032 
9853 814 5619 815 
9854 740 5720 741 
9855 885 5574 886 
9856 1015 5679 1016 
9857 738 5617 739 
9858 790 5703 791 
9859 1028 5708 1029 
9860 784 5554 785 
9861 1006 5728 1007 
9862 832 5587 833 
9863 818 5765 819 
9864 736 5748 737 
9865 765 5743 766 
9866 763 5726 764 
9867 901 5665 902 
9868 774 5615 775 
9869 980 5731 981 
9870 720 5775 721 
9871 858 5772 859 
9872 825 5702 826 
9873 798 5791 799 
9874 754 5754 755 
9875 761 5672 762 
9876 997 5768 998 
9877 851 5718 852 
9878 883 5680 884 
9879 747 5705 748 
9880 1001 5706 1002 
9881 953 5747 954 
9882 861 5722 862 
9883 922 5771 923 
9884 788 5788 789 
9885 811 5625 812 
9886 1038 5785 1039 
9887 5661 6135 6037 
9888 5864 5975 5276 
9889 5551 6094 5477 
9890 732 5746 5660 
9891 5490 6227 5633 
9892 829 5819 5346 
9893 5356 5858 974 
9894 5432 5582 745 
9895 5391 5751 1040 
9896 5380 5654 911 
9897 797 5543 5340 
9898 5336 5780 909 
9899 5314 5782 972 
9900 5406 5740 770 
9901 5390 5689 944 
9902 5363 5691 772 
9903 5818 5834 928 
9904 5377 5786 962 
9905 5444 5812 872 
9906 728 5557 5449 
9907 5373 5964 1022 
9908 5306 5862 940 
9909 5326 5738 877 
9910 848 5815 5394 
9911 5334 5758 782 
9912 824 5577 5411 
9913 950 5595 5438 
9914 5399 5683 1024 
9915 5369 5687 756 
9916 5359 5613 899 
9917 987 5675 5322 
9918 753 5817 5403 
9919 996 5545 5501 
9920 5440 5634 840 
9921 860 5610 5318 
9922 1035 5677 5337 
9923 5338 5769 726 
9924 5312 5778 956 
9925 5310 5840 845 
9926 767 5563 5366 
9927 919 5593 5413 
9928 5402 5734 865 
9929 5305 5763 822 
9930 5436 5825 967 
9931 839 5609 5440 
9932 929 5834 5387 
9933 719 5546 5349 
9934 5385 5796 835 
9935 1011 5736 5319 
9936 5446 5797 777 
9937 781 5716 5334 
9938 5372 5602 895 
9939 1025 5683 5358 
9940 892 5724 5330 
9941 876 5629 5326 
9942 882 5596 5367 
9943 794 5570 5437 
9944 5392 5784 722 
9945 971 5673 5314 
9946 5404 5795 1008 
9947 896 5602 5401 
9948 5393 5794 913 
9949 1021 5651 5373 
9950 841 5634 5414 
9951 5329 5822 869 
9952 900 5613 5317 
9953 5320 5831 750 
9954 939 5670 5306 
9955 733 5660 5315 
9956 5533 5809 716 
9957 757 5687 5327 
9958 866 5734 5371 
9959 831 5816 5388 
9960 844 5648 5310 
9961 977 5645 5375 
9962 926 5635 5386 
9963 723 5784 5382 
9964 823 5763 5577 
9965 855 5715 5434 
9966 746 5582 5423 
9967 878 5738 5368 
9968 957 5778 5354 
9969 955 5663 5312 
9970 916 5710 5309 
9971 945 5689 5383 
9972 773 5691 5321 
9973 801 5814 5395 
9974 727 5769 5557 
9975 912 5654 5393 
9976 783 5758 5376 
9977 5378 5814 800 
9978 771 5740 5363 
9979 1023 5964 5399 
9980 760 5653 5426 
9981 5386 5818 927 
9982 943 5773 5390 
9983 1041 5751 5350 
9984 933 5802 5801 
9985 910 5780 5380 
9986 744 5790 5432 
9987 973 5782 5356 
9988 963 5786 5339 
9989 1045 5806 5805 
9990 856 5586 857 
9991 1012 5565 1013 
9992 5496 6197 6093 
9993 5637 5818 5386 
9994 5707 5851 5677 
9995 735 5668 5357 
9996 5463 6093 5723 
9997 6065 6178 5630 
9998 5728 5729 5404 
9999 891 5793 5724 
10000 5646 6238 5511 
10001 5575 6176 6083 
10002 5770 6122 5850 
10003 5851 6121 5678 
10004 5575 6083 6040 
10005 5457 6086 5779 
10006 5799 5838 5716 
10007 778 5797 5431 
10008 5520 6108 5777 
10009 5512 6240 5555 
10010 5855 6010 5674 
10011 5479 6142 5781 
10012 934 5801 5442 
10013 5591 5592 5385 
10014 749 5548 5320 
10015 5716 5717 5334 
10016 5714 6182 5530 
10017 5723 6069 5463 
10018 5405 5696 5695 
10019 5811 5845 5629 
10020 5476 6084 5547 
10021 812 5626 813 
10022 5729 5730 5404 
10023 5779 6055 5457 
10024 6024 6062 5717 
10025 5716 5838 5717 
10026 924 5829 5344 
10027 5552 5553 5370 
10028 904 5650 905 
10029 5462 6057 5614 
10030 5719 6203 5517 
10031 5869 5973 5270 
10032 5726 5844 5502 
10033 965 5542 966 
10034 5629 5630 5326 
10035 5321 5616 5615 
10036 5374 5721 5720 
10037 5316 5709 5708 
10038 5365 5569 5568 
10039 5387 5643 5642 
10040 5353 5761 5760 
10041 5350 5551 5550 
10042 5339 5541 5540 
10043 5396 5632 5631 
10044 5519 6217 5753 
10045 927 5818 928 
10046 962 5786 963 
10047 1003 5328 1004 
10048 940 5862 941 
10049 1039 5391 1040 
10050 991 5405 992 
10051 973 5356 974 
10052 979 5333 980 
10053 1021 5373 1022 
10054 1000 5427 1001 
10055 970 5673 971 
10056 1024 5683 1025 
10057 976 5645 977 
10058 805 5311 806 
10059 781 5334 782 
10060 881 5596 882 
10061 721 5392 722 
10062 822 5763 823 
10063 884 5325 885 
10064 787 5355 788 
10065 723 5382 724 
10066 766 5563 767 
10067 801 5395 802 
10068 850 5379 851 
10069 854 5715 855 
10070 905 5435 906 
10071 838 5609 839 
10072 824 5411 825 
10073 800 5814 801 
10074 877 5738 878 
10075 878 5368 879 
10076 896 5401 897 
10077 760 5426 761 
10078 900 5317 901 
10079 869 5822 870 
10080 933 5801 934 
10081 909 5780 910 
10082 891 5724 892 
10083 949 5595 950 
10084 757 5327 758 
10085 844 5310 845 
10086 799 5378 800 
10087 1005 5370 1006 
10088 817 5389 818 
10089 947 5341 948 
10090 913 5794 914 
10091 1014 5422 1015 
10092 771 5363 772 
10093 989 5364 990 
10094 728 5449 729 
10095 755 5369 756 
10096 744 5432 745 
10097 753 5403 754 
10098 845 5840 846 
10099 918 5593 919 
10100 762 5429 763 
10101 840 5634 841 
10102 882 5367 883 
10103 745 5582 746 
10104 749 5320 750 
10105 1020 5651 1021 
10106 1025 5358 1026 
10107 773 5321 774 
10108 848 5394 849 
10109 916 5309 917 
10110 961 5377 962 
10111 756 5687 757 
10112 967 5825 968 
10113 764 5502 765 
10114 834 5385 835 
10115 716 5809 717 
10116 776 5446 777 
10117 1030 5451 1031 
10118 1045 5805 1046 
10119 839 5440 840 
10120 928 5834 929 
10121 855 5434 856 
10122 959 5396 960 
10123 966 5436 967 
10124 726 5769 727 
10125 865 5734 866 
10126 932 5802 933 
10127 955 5312 956 
10128 737 5400 738 
10129 739 5374 740 
10130 746 5423 747 
10131 919 5413 920 
10132 733 5315 734 
10133 750 5831 751 
10134 813 5342 814 
10135 892 5330 893 
10136 945 5383 946 
10137 943 5390 944 
10138 1008 5795 1009 
10139 770 5740 771 
10140 780 5716 781 
10141 843 5648 844 
10142 995 5545 996 
10143 872 5812 873 
10144 876 5326 877 
10145 944 5689 945 
10146 950 5438 951 
10147 986 5675 987 
10148 759 5653 760 
10149 925 5635 926 
10150 727 5557 728 
10151 808 5415 809 
10152 841 5414 842 
10153 860 5318 861 
10154 929 5387 930 
10155 715 5533 716 
10156 732 5660 733 
10157 752 5817 753 
10158 984 5447 985 
10159 821 5305 822 
10160 954 5663 955 
10161 1016 5433 1017 
10162 718 5546 719 
10163 938 5670 939 
10164 1022 5964 1023 
10165 1010 5736 1011 
10166 794 5437 795 
10167 894 5372 895 
10168 1035 5337 1036 
10169 823 5577 824 
10170 831 5388 832 
10171 769 5406 770 
10172 810 5439 811 
10173 1007 5404 1008 
10174 830 5816 831 
10175 977 5375 978 
10176 789 5313 790 
10177 866 5371 867 
10178 722 5784 723 
10179 796 5543 797 
10180 797 5340 798 
10181 936 5412 937 
10182 942 5773 943 
10183 998 5428 999 
10184 735 5357 736 
10185 743 5790 744 
10186 767 5366 768 
10187 859 5610 860 
10188 910 5380 911 
10189 952 5416 953 
10190 889 5445 890 
10191 864 5402 865 
10192 898 5359 899 
10193 993 5365 994 
10194 912 5393 913 
10195 847 5815 848 
10196 772 5691 773 
10197 899 5613 900 
10198 974 5858 975 
10199 815 5384 816 
10200 895 5602 896 
10201 1041 5350 1042 
10202 903 5419 904 
10203 1034 5677 1035 
10204 939 5306 940 
10205 719 5349 720 
10206 777 5797 778 
10207 868 5329 869 
10208 871 5444 872 
10209 1011 5319 1012 
10210 908 5336 909 
10211 730 5450 731 
10212 862 5360 863 
10213 921 5441 922 
10214 852 5335 853 
10215 725 5338 726 
10216 875 5629 876 
10217 1037 5381 1038 
10218 803 5353 804 
10219 971 5314 972 
10220 782 5758 783 
10221 857 5420 858 
10222 957 5354 958 
10223 1023 5399 1024 
10224 915 5710 916 
10225 996 5501 997 
10226 987 5322 988 
10227 835 5796 836 
10228 963 5339 964 
10229 793 5570 794 
10230 956 5778 957 
10231 972 5782 973 
10232 783 5376 784 
10233 1027 5316 1028 
10234 1044 5806 1045 
10235 911 5654 912 
10236 1040 5751 1041 
10237 1032 5448 1033 
10238 926 5386 927 
10239 5339 5540 964 
10240 5328 5552 1004 
10241 5330 5560 893 
10242 5435 5583 906 
10243 5387 5642 930 
10244 5400 5617 738 
10245 5365 5568 994 
10246 5368 5571 879 
10247 5371 5558 867 
10248 5350 5550 1042 
10249 5325 5574 885 
10250 5433 5628 1017 
10251 5384 5597 816 
10252 5451 5562 1031 
10253 5376 5554 784 
10254 5311 5657 806 
10255 5396 5631 960 
10256 5342 5619 814 
10257 5439 5625 811 
10258 5426 5672 761 
10259 5388 5587 832 
10260 5428 5612 999 
10261 5367 5680 883 
10262 5313 5703 790 
10263 5321 5615 774 
10264 5383 5638 946 
10265 5389 5765 818 
10266 5423 5705 747 
10267 5309 5600 917 
10268 5403 5754 754 
10269 5375 5623 978 
10270 5429 5726 763 
10271 5427 5706 1001 
10272 5413 5693 920 
10273 5333 5731 980 
10274 5394 5712 849 
10275 5317 5665 901 
10276 5322 5607 988 
10277 5411 5702 825 
10278 5374 5720 740 
10279 5379 5718 851 
10280 5349 5775 720 
10281 5316 5708 1028 
10282 5318 5722 861 
10283 5370 5728 1006 
10284 5422 5679 1015 
10285 5416 5747 953 
10286 5357 5748 736 
10287 5441 5771 922 
10288 5414 5686 842 
10289 5364 5757 990 
10290 5502 5743 765 
10291 5449 5767 729 
10292 5353 5760 804 
10293 5501 5768 997 
10294 5412 5745 937 
10295 5420 5772 858 
10296 5381 5785 1038 
10297 5340 5791 798 
10298 5355 5788 788 
10299 5448 5707 1033 
10300 5731 5833 5733 
10301 569 5461 568 
10302 557 5250 556 
10303 412 5504 411 
10304 567 5494 566 
10305 420 5281 419 
10306 555 5277 554 
10307 538 5285 537 
10308 470 5303 469 
10309 504 5297 503 
10310 477 5453 476 
10311 552 5464 551 
10312 542 5284 541 
10313 311 5512 310 
10314 422 5246 421 
10315 545 5471 544 
10316 521 5289 520 
10317 559 5292 558 
10318 528 5467 527 
10319 564 5509 563 
10320 355 5262 354 
10321 562 5525 561 
10322 323 5298 322 
10323 581 5519 580 
10324 499 5515 498 
10325 458 5302 457 
10326 501 5482 500 
10327 508 5272 507 
10328 282 5470 281 
10329 390 5276 389 
10330 574 5253 573 
10331 405 5245 404 
10332 400 5472 399 
10333 584 5488 583 
10334 340 5300 339 
10335 353 5263 352 
10336 487 5299 486 
10337 343 5485 342 
10338 263 5510 262 
10339 253 5254 252 
10340 260 5493 259 
10341 321 5256 320 
10342 328 5516 327 
10343 456 5260 455 
10344 246 5520 245 
10345 241 5476 240 
10346 268 5291 267 
10347 407 5282 406 
10348 272 5278 271 
10349 297 5497 296 
10350 294 5500 293 
10351 331 5489 330 
10352 347 5532 346 
10353 415 5503 414 
10354 238 5265 237 
10355 285 5283 284 
10356 550 5527 549 
10357 373 5268 372 
10358 434 5462 433 
10359 350 5452 349 
10360 306 5290 305 
10361 386 5293 385 
10362 299 5466 298 
10363 472 5261 471 
10364 586 5477 585 
10365 277 5528 276 
10366 461 5524 460 
10367 333 5456 332 
10368 432 5495 431 
10369 494 5457 493 
10370 275 5465 274 
10371 289 5286 288 
10372 243 5487 242 
10373 480 5531 479 
10374 336 5269 335 
10375 441 5294 440 
10376 326 5483 325 
10377 491 5270 490 
10378 319 5271 318 
10379 454 5267 453 
10380 270 5249 269 
10381 304 5248 303 
10382 357 5304 356 
10383 427 5473 426 
10384 429 5508 428 
10385 383 5478 382 
10386 366 5523 365 
10387 398 5507 397 
10388 437 5275 436 
10389 474 5264 473 
10390 258 5460 257 
10391 314 5491 313 
10392 265 5526 264 
10393 369 5301 368 
10394 467 5513 466 
10395 449 5529 448 
10396 513 5492 512 
10397 371 5259 370 
10398 444 5479 443 
10399 451 5454 450 
10400 484 5484 483 
10401 589 5266 588 
10402 395 5496 394 
10403 376 5455 375 
10404 378 5530 377 
10405 360 5514 359 
10406 496 5490 495 
10407 530 5498 529 
10408 393 5463 392 
10409 506 5255 505 
10410 523 5247 522 
10411 533 5499 532 
10412 516 5511 515 
10413 5777 6216 5520 
10414 795 5762 796 
10415 5842 5849 5609 
10416 5732 5833 5731 
10417 5430 5798 983 
10418 5431 5799 779 
10419 951 5727 952 
10420 5442 5800 935 
10421 5443 5804 827 
10422 5906 6146 5766 
10423 5387 5834 5644 
10424 5769 5850 5557 
10425 5434 5586 856 
10426 5655 5656 5393 
10427 5319 5565 1012 
10428 986 5735 5675 
10429 5597 5598 5389 
10430 5629 5845 5630 
10431 715 5535 5533 
10432 1046 5805 5421 
10433 778 5431 779 
10434 982 5430 983 
10435 5425 5811 874 
10436 5424 5813 888 
10437 5399 5684 5683 
10438 5403 5756 5755 
10439 5388 5589 5588 
10440 934 5442 935 
10441 826 5443 827 
10442 5826 5855 5673 
10443 5574 5835 5576 
10444 5307 5546 718 
10445 5308 5806 1044 
10446 717 5809 5307 
10447 5673 5674 5314 
10448 748 5548 749 
10449 931 5642 5345 
10450 873 5812 5425 
10451 5639 6209 5521 
10452 5415 5682 809 
10453 810 5682 5439 
10454 5394 5714 5713 
10455 775 5615 5599 
10456 5625 5626 812 
10457 1030 5662 5451 
10458 5490 6192 6086 
10459 6017 6065 5630 
10460 5418 5826 969 
10461 5865 5867 5790 
10462 5575 5835 5574 
10463 907 5584 908 
10464 5540 5542 965 
10465 1019 5836 5331 
10466 248 5481 247 
10467 579 5480 578 
10468 731 5746 732 
10469 5704 6085 6035 
10470 5780 5781 5380 
10471 5419 5650 904 
10472 287 5244 286 
10473 540 5243 539 
10474 5688 6145 5470 
10475 5605 5715 854 
10476 5766 6146 5347 
10477 5333 5732 5731 
10478 5772 5864 5610 
10479 5703 5854 5808 
10480 734 5668 735 
10481 714 5535 715 
10482 1046 5421 1047 
10483 890 5793 891 
10484 5538 6248 5489 
10485 5471 6152 5553 
10486 5437 5762 795 
10487 424 5288 423 
10488 403 5287 402 
10489 5504 6251 5572 
10490 5438 5727 951 
10491 5673 5855 5674 
10492 717 5307 718 
10493 1043 5308 1044 
10494 5654 5655 5393 
10495 873 5425 874 
10496 887 5424 888 
10497 5761 6191 6101 
10498 5369 5688 5687 
10499 809 5682 810 
10500 5358 5578 1026 
10501 1027 5578 5316 
10502 1029 5662 1030 
10503 5341 5749 948 
10504 949 5749 5595 
10505 5325 5575 5574 
10506 871 5594 5444 
10507 870 5822 5594 
10508 5704 5854 5703 
10509 968 5825 5418 
10510 5417 5570 793 
10511 1002 5706 5700 
10512 5583 5584 907 
10513 5501 5839 5768 
10514 5843 6020 5849 
10515 236 6267 5536 
10516 6067 6140 5674 
10517 5636 5637 5386 
10518 5742 6187 5500 
10519 5704 6139 6085 
10520 6010 6067 5674 
10521 5747 5869 5663 
10522 5782 5783 5356 
10523 5774 6118 5873 
10524 5708 5928 5662 
10525 5390 5690 5689 
10526 5383 5639 5638 
10527 478 5873 477 
10528 459 5872 458 
10529 524 5924 523 
10530 560 5885 559 
10531 286 5918 285 
10532 288 5919 287 
10533 337 5883 336 
10534 271 5900 270 
10535 358 5899 357 
10536 261 5903 260 
10537 387 5921 386 
10538 438 5884 437 
10539 372 5891 371 
10540 490 5893 489 
10541 440 5923 439 
10542 505 5881 504 
10543 389 5922 388 
10544 588 5896 587 
10545 239 5902 238 
10546 254 5876 253 
10547 341 5895 340 
10548 349 5906 348 
10549 354 5898 353 
10550 423 5887 422 
10551 539 5920 538 
10552 339 5886 338 
10553 303 5925 302 
10554 322 5907 321 
10555 455 5914 454 
10556 541 5897 540 
10557 556 5894 555 
10558 252 5901 251 
10559 575 5875 574 
10560 488 5926 487 
10561 473 5905 472 
10562 573 5890 572 
10563 404 5910 403 
10564 5313 5704 5703 
10565 5450 5746 731 
10566 5387 5644 5643 
10567 5743 5744 5563 
10568 5640 5653 759 
10569 5695 6249 5499 
10570 5403 5755 5754 
10571 576 5295 575 
10572 251 5296 250 
10573 5843 5849 5842 
10574 5388 5588 5587 
10575 305 5915 304 
10576 522 5911 521 
10577 477 5873 5453 
10578 5255 5881 505 
10579 285 5918 5283 
10580 458 5872 5302 
10581 5248 5925 303 
10582 523 5924 5247 
10583 386 5921 5293 
10584 5268 5891 372 
10585 538 5920 5285 
10586 5286 5919 288 
10587 5276 5922 389 
10588 5278 5900 271 
10589 559 5885 5292 
10590 5260 5914 455 
10591 357 5899 5304 
10592 353 5898 5263 
10593 5294 5923 440 
10594 437 5884 5275 
10595 336 5883 5269 
10596 260 5903 5493 
10597 487 5926 5299 
10598 270 5900 5249 
10599 5264 5905 473 
10600 5298 5907 322 
10601 5250 5894 556 
10602 238 5902 5265 
10603 5262 5898 354 
10604 340 5895 5300 
10605 5270 5893 490 
10606 371 5891 5259 
10607 5266 5896 588 
10608 253 5876 5254 
10609 321 5907 5256 
10610 5253 5890 573 
10611 555 5894 5277 
10612 5284 5897 541 
10613 5452 5906 349 
10614 5254 5901 252 
10615 5300 5886 339 
10616 574 5875 5253 
10617 422 5887 5246 
10618 504 5881 5297 
10619 5245 5910 404 
10620 472 5905 5261 
10621 454 5914 5267 
10622 5916 5992 5599 
10623 5618 6075 5903 
10624 5275 5974 5852 
10625 5852 5974 5667 
10626 5665 5852 5667 
10627 985 5735 986 
10628 6093 6197 5723 
10629 5315 5668 734 
10630 6078 6154 5807 
10631 442 5888 441 
10632 385 5908 384 
10633 5861 6172 5526 
10634 5445 5793 890 
10635 304 5915 5248 
10636 5290 5915 305 
10637 521 5911 5289 
10638 5247 5911 522 
10639 5563 5744 5564 
10640 5697 6197 5698 
10641 864 5697 5402 
10642 5926 5995 5299 
10643 5495 6193 5604 
10644 388 5251 387 
10645 439 5252 438 
10646 5810 6153 6079 
10647 266 5861 265 
10648 1026 5578 1027 
10649 441 5888 5294 
10650 5293 5908 385 
10651 948 5749 949 
10652 870 5594 871 
10653 5379 5719 5718 
10654 5899 6021 5304 
10655 968 5418 969 
10656 792 5417 793 
10657 5738 5739 5368 
10658 5362 5817 752 
10659 751 5831 5362 
10660 1009 5795 5361 
10661 5361 5736 1010 
10662 525 5280 524 
10663 302 5279 301 
10664 785 5554 5397 
10665 5496 6250 5698 
10666 5343 5842 837 
10667 5346 5816 830 
10668 5345 5802 932 
10669 5409 6208 5637 
10670 5856 5972 5659 
10671 5269 5972 5856 
10672 819 5765 5347 
10673 5394 5713 5712 
10674 776 5599 5446 
10675 741 5720 5332 
10676 5538 6191 5537 
10677 5921 5989 5293 
10678 5526 6172 5721 
10679 5839 6161 6036 
10680 5803 6033 5828 
10681 5770 5850 5769 
10682 5677 5851 5678 
10683 5709 6160 5928 
10684 5513 6134 5643 
10685 5872 6018 5302 
10686 5266 5982 5896 
10687 5902 5981 5265 
10688 853 5605 854 
10689 5928 6071 5662 
10690 265 5861 5526 
10691 5244 5918 286 
10692 287 5919 5244 
10693 540 5897 5243 
10694 5243 5920 539 
10695 5305 5764 5763 
10696 5670 5671 5306 
10697 5821 5996 5542 
10698 5758 5759 5376 
10699 5657 5856 5659 
10700 5355 5789 5788 
10701 5746 6029 5929 
10702 5581 6148 5480 
10703 5839 5984 5768 
10704 5285 5984 5839 
10705 269 5892 268 
10706 558 5889 557 
10707 5288 5887 423 
10708 403 5910 5287 
10709 5481 6149 5622 
10710 803 5537 5353 
10711 5447 5735 985 
10712 5918 5983 5283 
10713 5931 6192 5633 
10714 1037 5580 5381 
10715 406 5871 405 
10716 421 5880 420 
10717 5249 5892 269 
10718 268 5892 5291 
10719 557 5889 5250 
10720 5292 5889 558 
10721 5427 5985 5706 
10722 751 5362 752 
10723 1009 5361 1010 
10724 829 5346 830 
10725 931 5345 932 
10726 5573 5596 5407 
10727 5803 5828 5802 
10728 5397 5857 786 
10729 775 5599 776 
10730 5405 5694 992 
10731 5366 5930 768 
10732 769 5930 5406 
10733 993 5694 5365 
10734 5347 5863 820 
10735 5351 5710 915 
10736 846 5840 5352 
10737 914 5794 5351 
10738 5352 5815 847 
10739 405 5871 5245 
10740 5282 5871 406 
10741 420 5880 5281 
10742 5246 5880 421 
10743 880 5571 5407 
10744 5885 6011 5292 
10745 5332 5865 742 
10746 5300 6000 5886 
10747 5344 5635 925 
10748 836 5796 5343 
10749 1003 5700 5328 
10750 5 5486 590 
10751 5619 6082 5620 
10752 5367 5681 5680 
10753 5648 5649 5310 
10754 489 5257 488 
10755 338 5258 337 
10756 543 5874 542 
10757 284 5909 283 
10758 6086 6192 5779 
10759 5776 5777 5392 
10760 5523 6156 5592 
10761 5832 6060 5465 
10762 5464 6059 5737 
10763 542 5874 5284 
10764 5283 5909 284 
10765 6080 6194 5474 
10766 5569 5824 5568 
10767 5636 6157 5524 
10768 758 5640 759 
10769 5644 6208 5409 
10770 5819 5820 5346 
10771 5294 5994 5923 
10772 5335 5605 853 
10773 5762 5997 5827 
10774 5746 5929 5660 
10775 5639 6073 5638 
10776 5391 5753 5752 
10777 5700 6032 5701 
10778 5295 5875 575 
10779 251 5901 5296 
10780 863 5697 864 
10781 5847 6003 5594 
10782 5929 6135 5661 
10783 5408 6223 5588 
10784 5375 5624 5623 
10785 5398 5858 5647 
10786 5510 6096 5618 
10787 6083 6176 5468 
10788 5548 5549 5320 
10789 5950 5979 5894 
10790 5622 6149 5621 
10791 5329 6064 5823 
10792 5920 5984 5285 
10793 5423 5980 5705 
10794 5652 6173 5525 
10795 5251 5921 387 
10796 388 5922 5251 
10797 5252 5884 438 
10798 439 5923 5252 
10799 5685 6105 5509 
10800 768 5930 769 
10801 992 5694 993 
10802 846 5352 847 
10803 914 5351 915 
10804 5829 5830 5344 
10805 924 5344 925 
10806 836 5343 837 
10807 5475 6195 6062 
10808 1002 5700 1003 
10809 352 5860 351 
10810 475 5859 474 
10811 5552 6076 5553 
10812 5398 5645 976 
10813 975 5858 5398 
10814 5719 6068 5718 
10815 5280 5924 524 
10816 302 5925 5279 
10817 898 5927 5359 
10818 5401 5927 897 
10819 9 5410 714 
10820 5798 5938 5447 
10821 5348 5773 942 
10822 941 5862 5348 
10823 590 5848 589 
10824 5331 5651 1020 
10825 316 5458 315 
10826 511 5459 510 
10827 370 5879 369 
10828 457 5912 456 
10829 5943 5970 5914 
10830 6019 6169 5844 
10831 5580 6148 5581 
10832 5589 6136 5514 
10833 5348 6118 5774 
10834 5626 6027 5627 
10835 5945 5948 5253 
10836 5309 5601 5600 
10837 5932 5961 5254 
10838 507 5913 506 
10839 320 5878 319 
10840 5259 5879 370 
10841 369 5879 5301 
10842 456 5912 5260 
10843 5302 5912 457 
10844 5942 5968 5898 
10845 5591 6223 5408 
10846 5894 5979 5277 
10847 5836 6011 5837 
10848 5829 6018 5830 
10849 589 5848 5266 
10850 5469 6178 6065 
10851 5308 5807 5806 
10852 5809 5810 5307 
10853 5884 5974 5275 
10854 506 5913 5255 
10855 5272 5913 507 
10856 5256 5878 320 
10857 319 5878 5271 
10858 5327 5640 758 
10859 5883 5972 5269 
10860 5263 5860 352 
10861 474 5859 5264 
10862 5820 6021 5899 
10863 6085 6139 5458 
10864 802 5537 803 
10865 5556 5857 5397 
10866 5757 6120 5696 
10867 5684 6092 5683 
10868 5584 6026 5585 
10869 1036 5580 1037 
10870 5819 6021 5820 
10871 5767 5932 5450 
10872 5360 5697 863 
10873 5836 5837 5331 
10874 5761 6054 5760 
10875 5544 6081 5340 
10876 5841 6053 5455 
10877 5454 6052 5711 
10878 491 6015 5270 
10879 5319 5566 5565 
10880 5547 6115 5349 
10881 5741 6095 5740 
10882 5339 6072 5541 
10883 5414 5971 5686 
10884 5780 6070 5781 
10885 785 5397 786 
10886 975 5398 976 
10887 5735 5988 5917 
10888 897 5927 898 
10889 5632 6102 5631 
10890 5350 6089 5551 
10891 941 5348 942 
10892 819 5347 820 
10893 5382 5621 724 
10894 725 5621 5338 
10895 5446 5936 5797 
10896 1019 5331 1020 
10897 741 5332 742 
10898 390 6016 5276 
10899 5354 5931 958 
10900 959 5931 5396 
10901 5407 5596 881 
10902 5800 5937 5412 
10903 5785 6127 5753 
10904 5813 5949 5445 
10905 5830 6018 5872 
10906 489 5893 5257 
10907 5257 5926 488 
10908 338 5886 5258 
10909 5258 5883 337 
10910 255 5273 254 
10911 572 5274 571 
10912 5776 6115 5487 
10913 5914 5970 5267 
10914 5606 6025 5605 
10915 5459 6140 6067 
10916 280 5505 279 
10917 547 5506 546 
10918 5444 5941 5812 
10919 289 6019 5286 
10920 5291 6007 267 
10921 5725 6077 5330 
10922 471 5882 470 
10923 356 5877 355 
10924 5429 5986 5726 
10925 5793 6004 5846 
10926 508 6010 5272 
10927 5416 5973 5747 
10928 5572 5573 5407 
10929 5688 6063 5687 
10930 306 6024 5290 
10931 407 6017 5282 
10932 5412 5969 5745 
10933 5789 6165 5458 
10934 5699 6103 5734 
10935 5602 6104 5603 
10936 5420 5975 5772 
10937 5261 5882 471 
10938 470 5882 5303 
10939 5304 5877 356 
10940 355 5877 5262 
10941 5709 5928 5708 
10942 5652 6105 5373 
10943 5722 6069 5723 
10944 5304 6021 6009 
10945 5301 6020 368 
10946 417 5468 416 
10947 410 5469 409 
10948 5488 6089 5752 
10949 5659 5972 5415 
10950 5297 5996 5821 
10951 5302 6018 6001 
10952 5828 6033 5303 
10953 5299 6138 486 
10954 5799 5993 5838 
10955 5269 6042 335 
10956 5285 6036 537 
10957 5436 5946 5825 
10958 5570 5947 5437 
10959 5962 5989 5921 
10960 5898 5968 5263 
10961 5303 6033 469 
10962 5271 6035 318 
10963 536 5323 535 
10964 291 5324 290 
10965 5777 6108 5784 
10966 5705 5980 5868 
10967 5676 6074 5322 
10968 5292 6011 5991 
10969 5275 6045 436 
10970 5395 5537 802 
10971 5953 5983 5918 
10972 5664 6237 6055 
10973 5803 6202 6033 
10974 350 6110 5452 
10975 5453 6111 476 
10976 5321 6061 5616 
10977 5499 6186 5695 
10978 5455 6128 375 
10979 5337 5580 1036 
10980 5778 6055 5779 
10981 5491 6116 5556 
10982 5977 5995 5926 
10983 5641 6034 5640 
10984 5554 5555 5397 
10985 5907 5947 5256 
10986 5255 5946 5881 
10987 5831 5832 5362 
10988 5361 5737 5736 
10989 5503 6097 5573 
10990 5460 6037 257 
10991 5345 5803 5802 
10992 5660 5929 5661 
10993 5281 6040 419 
10994 5536 6012 5535 
10995 237 6267 236 
10996 724 5621 725 
10997 5410 5535 714 
10998 5467 6041 527 
10999 6054 6247 5658 
11000 453 5870 452 
11001 374 5904 373 
11002 958 5931 959 
11003 880 5407 881 
11004 5465 6144 274 
11005 5476 6153 240 
11006 586 6154 5477 
11007 400 6043 5472 
11008 5473 6044 426 
11009 5903 6263 5618 
11010 5667 5974 5419 
11011 451 6132 5454 
11012 5289 6046 520 
11013 5483 6050 325 
11014 569 6051 5461 
11015 5267 5870 453 
11016 373 5904 5268 
11017 5282 6017 5845 
11018 5849 6020 5301 
11019 299 6056 5466 
11020 552 6155 5464 
11021 323 6225 5298 
11022 5567 5979 5422 
11023 5272 6010 5855 
11024 5783 6091 5356 
11025 5833 6046 5289 
11026 5867 6007 5291 
11027 5647 6091 5492 
11028 501 6066 5482 
11029 6057 6242 5666 
11030 5835 6040 5281 
11031 5390 6109 5690 
11032 5887 5949 5246 
11033 5573 6252 5503 
11034 5245 5941 5910 
11035 5290 6024 5838 
11036 5459 6151 5783 
11037 5614 6057 5613 
11038 5981 6012 5265 
11039 5266 6013 5982 
11040 484 6230 5484 
11041 5297 6229 503 
11042 5854 6035 5271 
11043 5555 5556 5397 
11044 241 6084 5476 
11045 5487 6084 242 
11046 5837 6011 5885 
11047 5681 6180 5468 
11048 5923 5994 5952 
11049 5627 6027 5895 
11050 494 6086 5457 
11051 5490 6086 495 
11052 5492 6151 512 
11053 5462 6087 433 
11054 432 6087 5495 
11055 6049 6149 5481 
11056 5480 6148 6048 
11057 5500 6088 293 
11058 5504 6171 411 
11059 5470 6145 281 
11060 5471 6224 544 
11061 5509 6090 563 
11062 562 6090 5525 
11063 5512 6184 310 
11064 5580 5581 5381 
11065 467 6202 5513 
11066 5485 6234 342 
11067 444 6142 5479 
11068 393 6093 5463 
11069 5496 6093 394 
11070 5410 6266 5536 
11071 5477 6094 585 
11072 584 6094 5488 
11073 461 6100 5524 
11074 5351 5711 5710 
11075 5840 5841 5352 
11076 5456 6101 332 
11077 331 6101 5489 
11078 5571 5572 5407 
11079 545 6152 5471 
11080 314 6165 5491 
11081 5542 5996 5436 
11082 5924 5938 5247 
11083 5248 5936 5925 
11084 5479 6231 443 
11085 5525 6220 561 
11086 533 6112 5499 
11087 5343 5843 5842 
11088 415 6180 5503 
11089 381 5517 380 
11090 446 5518 445 
11091 343 6141 5485 
11092 5526 6114 264 
11093 263 6114 5510 
11094 516 6190 5511 
11095 5807 5982 5806 
11096 5809 5981 5810 
11097 5478 6158 382 
11098 5484 6147 483 
11099 5886 6000 5963 
11100 383 6232 5478 
11101 5513 6119 466 
11102 5514 6206 359 
11103 5494 6150 566 
11104 5497 6124 296 
11105 429 6125 5508 
11106 480 6185 5531 
11107 1047 5534 9 
11108 5562 5945 5448 
11109 5374 6096 5721 
11110 5896 5982 5807 
11111 5810 5981 5902 
11112 5461 6243 568 
11113 567 6243 5494 
11114 5634 5935 5414 
11115 5398 5647 5646 
11116 282 6228 5470 
11117 5286 6019 5844 
11118 518 5474 517 
11119 309 5475 308 
11120 360 6129 5514 
11121 5671 6047 5306 
11122 496 6227 5490 
11123 5541 6229 5821 
11124 5493 6245 259 
11125 258 6245 5460 
11126 5532 6189 346 
11127 5515 6131 498 
11128 248 6049 5481 
11129 5480 6048 578 
11130 5839 6036 5285 
11131 5524 6215 460 
11132 5616 6212 5916 
11133 5477 6078 5551 
11134 550 6210 5527 
11135 275 6211 5465 
11136 5464 6210 551 
11137 5528 6211 276 
11138 366 6219 5523 
11139 5908 6025 5606 
11140 277 6133 5528 
11141 5585 6026 5888 
11142 5465 6211 5832 
11143 5737 6210 5464 
11144 378 6137 5530 
11145 5454 6221 450 
11146 376 6222 5455 
11147 449 6221 5529 
11148 5530 6222 377 
11149 5495 6233 431 
11150 294 6236 5500 
11151 5523 6143 365 
11152 5562 5948 5945 
11153 5873 6244 5774 
11154 5767 5961 5932 
11155 5582 5934 5423 
11156 5554 6126 5555 
11157 5571 6123 5572 
11158 5527 6159 549 
11159 266 6007 5861 
11160 239 6153 5902 
11161 5896 6154 587 
11162 5529 6164 448 
11163 424 6214 5288 
11164 5287 6213 402 
11165 5279 5992 5916 
11166 5273 5876 254 
11167 572 5890 5274 
11168 5697 5698 5402 
11169 5492 6254 5647 
11170 5765 5766 5347 
11171 5598 6130 5389 
11172 5531 6244 479 
11173 5499 6249 532 
11174 5410 5536 5535 
11175 5584 5585 5336 
11176 5556 6253 5491 
11177 363 5408 362 
11178 464 5409 463 
11179 5843 6219 6020 
11180 5398 5646 5645 
11181 5766 6246 5906 
11182 246 6239 5520 
11183 347 6246 5532 
11184 328 6188 5516 
11185 5828 6006 5801 
11186 5303 6006 5828 
11187 5511 6238 515 
11188 5519 6241 580 
11189 5276 6016 5864 
11190 395 6250 5496 
11191 412 6251 5504 
11192 5469 6171 5739 
11193 5649 6053 5310 
11194 311 6240 5512 
11195 5768 5984 5428 
11196 5489 6248 330 
11197 5533 5981 5809 
11198 5806 5982 5805 
11199 5507 6199 397 
11200 5852 6045 5275 
11201 530 6200 5498 
11202 5653 5983 5426 
11203 5503 6252 414 
11204 5624 6190 5474 
11205 5491 6253 313 
11206 513 6254 5492 
11207 341 6234 5895 
11208 345 5522 344 
11209 482 5521 481 
11210 5332 6172 6098 
11211 5367 6097 5681 
11212 560 6220 5885 
11213 5549 6060 5320 
11214 5711 6052 5710 
11215 5840 6053 5841 
11216 5520 6216 245 
11217 581 6217 5519 
11218 5737 6059 5736 
11219 5831 6060 5832 
11220 5749 5866 5595 
11221 5814 6107 5539 
11222 5827 5997 5298 
11223 358 6206 5899 
11224 5626 5627 5342 
11225 5270 6015 5869 
11226 5618 6263 5510 
11227 5715 5989 5434 
11228 5305 6058 5764 
11229 5411 5942 5702 
11230 5382 5622 5621 
11231 459 6215 5872 
11232 576 6121 5295 
11233 5296 6122 250 
11234 5739 6123 5368 
11235 5481 6239 247 
11236 442 6231 5888 
11237 5595 5995 5438 
11238 5827 6225 5544 
11239 5451 5948 5562 
11240 5892 5987 5291 
11241 6155 6226 5566 
11242 579 6241 5480 
11243 5876 5932 5254 
11244 5908 6232 384 
11245 5856 6042 5269 
11246 5875 5945 5253 
11247 5253 5948 5890 
11248 5611 6235 6069 
11249 5701 6032 5874 
11250 5917 6207 5676 
11251 5593 5970 5413 
11252 5254 5961 5901 
11253 5867 5987 5790 
11254 5291 5987 5867 
11255 5646 6106 5645 
11256 525 6207 5280 
11257 5413 5943 5693 
11258 5382 6108 5622 
11259 5846 6214 5725 
11260 5823 6213 5847 
11261 5375 6106 5624 
11262 5355 6116 5789 
11263 478 6244 5873 
11264 5615 5916 5599 
11265 5268 6038 5971 
11266 5309 6052 5601 
11267 5509 6264 5685 
11268 5891 5935 5259 
11269 5457 6237 493 
11270 5765 6130 5766 
11271 5547 6079 5476 
11272 5906 6246 348 
11273 5505 6198 5755 
11274 5849 5998 5609 
11275 5301 5998 5849 
11276 5577 5968 5411 
11277 5279 6212 301 
11278 5603 5604 5401 
11279 333 6247 5456 
11280 5759 6126 5376 
11281 5475 6184 5759 
11282 5348 5774 5773 
11283 5396 5633 5632 
11284 5909 6034 5641 
11285 492 6015 491 
11286 5866 5995 5595 
11287 5299 5995 5866 
11288 5287 6003 5847 
11289 5250 5950 5894 
11290 5262 5942 5898 
11291 5455 6222 5841 
11292 5711 6221 5454 
11293 5905 5937 5261 
11294 6036 6161 5323 
11295 5900 5934 5249 
11296 5486 5848 590 
11297 5395 5538 5537 
11298 5422 5950 5679 
11299 5260 5943 5914 
11300 5319 6059 5566 
11301 5706 6032 5700 
11302 5594 6003 5444 
11303 391 6016 390 
11304 9 5534 5410 
11305 5762 5827 5543 
11306 5622 6239 5481 
11307 5668 5669 5357 
11308 5517 6203 5713 
11309 5435 5994 5583 
11310 5879 5998 5301 
11311 5480 6241 5581 
11312 5413 5970 5943 
11313 5581 6127 5381 
11314 5411 5968 5942 
11315 5700 5701 5328 
11316 5406 5742 5741 
11317 543 6224 5874 
11318 5405 5695 5694 
11319 5917 5988 5280 
11320 5439 6000 5625 
11321 5793 5846 5724 
11322 5628 6011 5836 
11323 5868 5980 5278 
11324 5718 6068 5335 
11325 5846 6004 5288 
11326 5909 6228 283 
11327 5437 5997 5762 
11328 5947 5956 5256 
11329 5255 5955 5946 
11330 5612 5939 5427 
11331 290 6019 289 
11332 267 6007 266 
11333 5638 6073 5341 
11334 5860 6110 351 
11335 475 6111 5859 
11336 5422 5979 5950 
11337 5292 5991 5889 
11338 5656 6181 5794 
11339 5774 6109 5773 
11340 5770 6149 6049 
11341 6048 6148 5678 
11342 509 6010 508 
11343 5771 6018 5829 
11344 5264 6030 5969 
11345 5661 6113 5315 
11346 5735 5917 5675 
11347 5463 6235 392 
11348 5804 6021 5819 
11349 307 6024 306 
11350 434 6242 5462 
11351 5316 6099 5709 
11352 408 6017 407 
11353 5564 6187 5366 
11354 5838 5993 5290 
11355 5284 5985 5897 
11356 272 6204 5278 
11357 5592 6156 5796 
11358 297 6260 5497 
11359 5466 6260 298 
11360 5449 5961 5767 
11361 5985 6032 5706 
11362 5498 6262 529 
11363 528 6262 5467 
11364 368 6020 367 
11365 5605 6025 5715 
11366 5730 6166 5795 
11367 5459 6067 510 
11368 5549 6204 6144 
11369 5327 5641 5640 
11370 5278 5980 5900 
11371 5616 5916 5615 
11372 5792 6081 5483 
11373 5729 6201 5506 
11374 5748 6117 6075 
11375 5306 6047 5862 
11376 5268 5971 5891 
11377 5824 6196 5323 
11378 316 6085 5458 
11379 486 6138 485 
11380 335 6042 334 
11381 5710 6052 5309 
11382 5310 6053 5840 
11383 5797 5944 5431 
11384 537 6036 536 
11385 5277 6226 554 
11386 5863 6058 5305 
11387 5949 5965 5246 
11388 5625 6027 5626 
11389 5359 6193 5614 
11390 5750 6230 6138 
11391 5822 5847 5594 
11392 469 6033 468 
11393 5341 5750 5749 
11394 5736 6059 5319 
11395 5320 6060 5831 
11396 5358 5579 5578 
11397 5598 6218 5522 
11398 318 6035 317 
11399 5264 5969 5905 
11400 5599 5992 5446 
11401 5245 5951 5941 
11402 5929 6029 5273 
11403 5675 5917 5676 
11404 5882 6006 5303 
11405 5687 6063 5327 
11406 5971 6038 5686 
11407 436 6045 435 
11408 5558 6064 5329 
11409 5721 6172 5720 
11410 511 6151 5459 
11411 5302 6001 5912 
11412 5406 5930 5742 
11413 351 6110 350 
11414 476 6111 475 
11415 5482 6072 5787 
11416 5336 6070 5780 
11417 5748 6075 5400 
11418 5458 6165 315 
11419 5335 5606 5605 
11420 5850 6122 5296 
11421 5295 6121 5851 
11422 375 6128 374 
11423 5270 5973 5893 
11424 5655 6205 5518 
11425 5324 6169 6019 
11426 5521 6209 5690 
11427 5604 5927 5401 
11428 510 6067 509 
11429 5899 6206 5820 
11430 257 6037 256 
11431 256 6135 255 
11432 5807 6154 5896 
11433 5902 6153 5810 
11434 5724 5846 5725 
11435 5823 5847 5822 
11436 5248 5944 5936 
11437 419 6040 418 
11438 5650 5952 5435 
11439 374 6128 5904 
11440 255 6135 5273 
11441 527 6041 526 
11442 5327 6063 5641 
11443 5510 6263 262 
11444 5365 6186 5569 
11445 409 6065 408 
11446 526 6207 525 
11447 5541 5821 5540 
11448 274 6144 273 
11449 5573 6097 5596 
11450 240 6153 239 
11451 587 6154 586 
11452 5324 6019 290 
11453 5430 5960 5798 
11454 401 6043 400 
11455 426 6044 425 
11456 427 6258 5473 
11457 5508 6258 428 
11458 5472 6064 5559 
11459 5870 6132 452 
11460 5543 5827 5544 
11461 398 6261 5507 
11462 5472 6261 399 
11463 5946 5955 5825 
11464 5570 5956 5947 
11465 308 6062 307 
11466 564 6264 5509 
11467 452 6132 451 
11468 520 6046 519 
11469 402 6213 401 
11470 425 6214 424 
11471 5938 5960 5247 
11472 5274 6160 571 
11473 5276 5975 5922 
11474 509 6067 6010 
11475 578 6048 577 
11476 249 6049 248 
11477 317 6085 316 
11478 5752 6257 5488 
11479 5640 6034 5653 
11480 325 6050 324 
11481 570 6051 569 
11482 5445 6004 5793 
11483 5356 6091 5858 
11484 5683 6092 5358 
11485 5469 6065 409 
11486 5585 6070 5336 
11487 5596 6097 5367 
11488 5271 6008 5854 
11489 5854 6008 5808 
11490 536 6036 5323 
11491 5651 6173 5652 
11492 5645 6106 5375 
11493 300 6056 299 
11494 553 6155 552 
11495 577 6121 576 
11496 250 6122 249 
11497 5858 6091 5647 
11498 5579 6243 5461 
11499 324 6225 323 
11500 5815 6182 5714 
11501 5936 5944 5797 
11502 5784 6108 5382 
11503 5941 5951 5812 
11504 408 6065 6017 
11505 418 6083 417 
11506 5701 6076 5328 
11507 5786 6072 5339 
11508 5488 6257 583 
11509 5487 6259 5776 
11510 417 6083 5468 
11511 5773 6109 5390 
11512 307 6062 6024 
11513 243 6259 5487 
11514 571 6160 570 
11515 5460 6245 5669 
11516 519 6080 518 
11517 280 6145 5505 
11518 5332 6098 5865 
11519 5857 6116 5355 
11520 5859 6111 5671 
11521 5764 6110 5860 
11522 5506 6152 546 
11523 5583 6026 5584 
11524 502 6066 501 
11525 301 6212 300 
11526 5969 6030 5745 
11527 5813 5965 5949 
11528 5399 5964 5685 
11529 5281 6002 5835 
11530 5835 6002 5576 
11531 410 6171 5469 
11532 6007 6098 5861 
11533 5643 6134 5642 
11534 5816 6136 5589 
11535 5540 5821 5542 
11536 547 6170 5506 
11537 5790 5987 5432 
11538 5505 6168 279 
11539 5798 5960 5938 
11540 5561 6077 5473 
11541 5426 5983 5953 
11542 5812 5951 5425 
11543 5872 6215 5830 
11544 5304 6009 5877 
11545 5751 6089 5350 
11546 6037 6135 256 
11547 5817 6167 5756 
11548 6035 6085 317 
11549 5274 6071 5928 
11550 5328 6076 5552 
11551 5468 6180 416 
11552 5286 5986 5919 
11553 5760 6054 5311 
11554 5866 6138 5299 
11555 292 6175 291 
11556 291 6175 5324 
11557 261 6263 5903 
11558 5635 6157 5636 
11559 5482 6255 500 
11560 499 6255 5515 
11561 5556 6116 5857 
11562 5873 6118 5453 
11563 5347 6146 5863 
11564 485 6230 484 
11565 6041 6207 526 
11566 5691 6061 5321 
11567 503 6229 502 
11568 5516 6256 327 
11569 326 6256 5483 
11570 5855 6014 5272 
11571 5826 6014 5855 
11572 5244 5953 5918 
11573 5426 5953 5672 
11574 5342 6082 5619 
11575 242 6084 241 
11576 5335 6068 5606 
11577 5775 5776 5392 
11578 6138 6230 485 
11579 5791 5792 5378 
11580 495 6086 494 
11581 401 6213 6043 
11582 6044 6214 425 
11583 5324 6175 5744 
11584 5447 5988 5735 
11585 6040 6083 418 
11586 512 6151 511 
11587 5289 5990 5833 
11588 5833 5990 5733 
11589 433 6087 432 
11590 5396 5931 5633 
11591 5952 5994 5435 
11592 5897 5939 5243 
11593 5891 5971 5935 
11594 293 6088 292 
11595 5617 6096 5374 
11596 411 6171 410 
11597 281 6145 280 
11598 5666 6045 5852 
11599 544 6224 543 
11600 563 6090 562 
11601 310 6184 309 
11602 6048 6121 577 
11603 249 6122 6049 
11604 6050 6225 324 
11605 468 6202 467 
11606 342 6234 341 
11607 6046 6080 519 
11608 5475 6062 308 
11609 5323 6196 535 
11610 6033 6202 468 
11611 445 6142 444 
11612 5424 5965 5813 
11613 394 6093 393 
11614 570 6160 6051 
11615 5864 6016 5611 
11616 5601 6132 5870 
11617 5824 6161 5545 
11618 585 6094 584 
11619 5609 5998 5440 
11620 462 6100 461 
11621 332 6101 331 
11622 5434 5989 5962 
11623 5991 6011 5628 
11624 546 6152 545 
11625 315 6165 314 
11626 518 6080 5474 
11627 5533 6012 5981 
11628 5982 6013 5805 
11629 443 6231 442 
11630 6020 6219 367 
11631 300 6212 6056 
11632 534 6112 533 
11633 416 6180 415 
11634 344 6141 343 
11635 264 6114 263 
11636 517 6190 516 
11637 561 6220 560 
11638 5631 6102 5377 
11639 5669 6113 5460 
11640 382 6158 381 
11641 5935 5971 5414 
11642 5518 6142 445 
11643 5341 6073 5750 
11644 483 6147 482 
11645 384 6232 383 
11646 5357 6117 5748 
11647 466 6119 465 
11648 5705 5868 5548 
11649 5610 5611 5318 
11650 359 6206 358 
11651 566 6150 565 
11652 296 6124 295 
11653 5560 5561 5372 
11654 430 6125 429 
11655 309 6184 5475 
11656 5368 6123 5571 
11657 447 6174 446 
11658 381 6158 5517 
11659 481 6185 480 
11660 5340 6081 5791 
11661 568 6243 567 
11662 5376 6126 5554 
11663 465 6162 464 
11664 446 6174 5518 
11665 283 6228 282 
11666 502 6229 6066 
11667 362 6163 361 
11668 5551 6078 5550 
11669 5381 6127 5785 
11670 5963 6000 5439 
11671 5434 5962 5586 
11672 5474 6190 517 
11673 5517 6177 380 
11674 361 6129 360 
11675 5904 6128 5649 
11676 492 6237 6015 
11677 5682 5963 5439 
11678 497 6227 496 
11679 493 6237 492 
11680 5750 6138 5866 
11681 259 6245 258 
11682 5811 6005 5845 
11683 5845 6005 5282 
11684 5740 6095 5363 
11685 548 6170 547 
11686 5358 6092 5579 
11687 346 6189 345 
11688 279 6168 278 
11689 380 6177 379 
11690 498 6131 497 
11691 5389 6130 5765 
11692 5885 6220 5837 
11693 5312 6055 5778 
11694 5330 6077 5560 
11695 5438 5995 5977 
11696 460 6215 459 
11697 535 6196 534 
11698 6088 6175 292 
11699 5251 5962 5921 
11700 6001 6018 5771 
11701 364 6183 363 
11702 5915 5944 5248 
11703 551 6210 550 
11704 276 6211 275 
11705 463 6179 462 
11706 5608 6074 5467 
11707 367 6219 366 
11708 5967 5972 5883 
11709 5433 5991 5628 
11710 5905 5969 5937 
11711 5937 5969 5412 
11712 278 6133 277 
11713 5801 6006 5442 
11714 5349 6115 5775 
11715 273 6204 272 
11716 379 6137 378 
11717 5461 6099 5579 
11718 5923 5952 5252 
11719 334 6247 333 
11720 5322 6074 5607 
11721 450 6221 449 
11722 377 6222 376 
11723 6009 6021 5804 
11724 431 6233 430 
11725 295 6236 294 
11726 5391 5752 5751 
11727 464 6162 5409 
11728 5408 6163 362 
11729 5377 5787 5786 
11730 365 6143 364 
11731 5734 6103 5371 
11732 5372 6104 5602 
11733 5663 5664 5312 
11734 5373 6105 5964 
11735 5607 5608 5364 
11736 5970 6039 5267 
11737 363 6183 5408 
11738 5934 5980 5423 
11739 5900 5980 5934 
11740 5409 6179 463 
11741 5627 6082 5342 
11742 5825 5955 5418 
11743 5417 5956 5570 
11744 5853 5979 5567 
11745 5277 5979 5853 
11746 5613 6057 5317 
11747 5848 6013 5266 
11748 5466 6061 5692 
11749 5546 6079 5547 
11750 5522 6141 344 
11751 549 6159 548 
11752 482 6147 5521 
11753 5565 5853 5567 
11754 448 6164 447 
11755 5521 6185 481 
11756 5658 6042 5856 
11757 5869 6015 5664 
11758 5862 6118 5348 
11759 5610 5864 5611 
11760 345 6189 5522 
11761 6119 6162 465 
11762 462 6179 6100 
11763 5669 6117 5357 
11764 5441 6001 5771 
11765 534 6196 6112 
11766 5378 6107 5814 
11767 6042 6247 334 
11768 5707 6028 5851 
11769 361 6163 6129 
11770 5452 6146 5906 
11771 5247 5960 5911 
11772 479 6244 478 
11773 532 6249 531 
11774 6131 6227 497 
11775 5317 5666 5665 
11776 6124 6236 295 
11777 430 6233 6125 
11778 392 6235 391 
11779 5662 6071 5451 
11780 278 6168 6133 
11781 379 6177 6137 
11782 247 6239 246 
11783 348 6246 347 
11784 5298 5997 5907 
11785 5881 5996 5297 
11786 391 6235 6016 
11787 5606 6232 5908 
11788 5257 5977 5926 
11789 329 6188 328 
11790 6143 6183 364 
11791 5438 5977 5727 
11792 515 6238 514 
11793 6164 6174 447 
11794 580 6241 579 
11795 5959 5974 5884 
11796 6159 6170 548 
11797 5954 5984 5920 
11798 5871 5951 5245 
11799 396 6250 395 
11800 5867 6098 6007 
11801 5886 5963 5258 
11802 312 6240 311 
11803 435 6242 434 
11804 5443 6009 5804 
11805 5399 5685 5684 
11806 5968 6031 5263 
11807 5895 6027 5300 
11808 554 6226 553 
11809 5666 5852 5665 
11810 5535 6012 5533 
11811 5805 6013 5421 
11812 413 6251 412 
11813 5364 6120 5757 
11814 5895 6234 5627 
11815 330 6248 329 
11816 5363 5692 5691 
11817 5311 5658 5657 
11818 5537 6191 5353 
11819 397 6199 396 
11820 5850 6023 5557 
11821 5702 5999 5443 
11822 5293 6025 5908 
11823 5284 6032 5985 
11824 5888 6231 5585 
11825 5400 5618 5617 
11826 531 6200 530 
11827 236 6266 5 
11828 5663 5869 5664 
11829 5621 6149 5338 
11830 5911 5990 5289 
11831 5354 6192 5931 
11832 6045 6242 435 
11833 5318 6069 5722 
11834 6144 6204 273 
11835 313 6253 312 
11836 514 6254 513 
11837 298 6260 297 
11838 414 6252 413 
11839 5246 5965 5880 
11840 5371 5559 5558 
11841 5888 6026 5294 
11842 5323 6161 5824 
11843 529 6262 528 
11844 5260 5976 5943 
11845 5458 6139 5789 
11846 5450 6029 5746 
11847 531 6249 6200 
11848 5641 6228 5909 
11849 5288 6004 5887 
11850 329 6248 6188 
11851 5360 6197 5697 
11852 5928 6160 5274 
11853 5468 6176 5681 
11854 245 6216 244 
11855 582 6217 581 
11856 5960 5990 5911 
11857 5256 5956 5878 
11858 5913 5955 5255 
11859 6199 6250 396 
11860 5750 5866 5749 
11861 5880 6002 5281 
11862 5910 6003 5287 
11863 5637 6208 5818 
11864 5273 6135 5929 
11865 5658 5856 5657 
11866 6238 6254 514 
11867 312 6253 6240 
11868 553 6226 6155 
11869 5474 6194 5624 
11870 5453 6118 6047 
11871 5548 5868 5549 
11872 5666 6242 6045 
11873 5882 6022 6006 
11874 5961 6023 5901 
11875 5874 6224 5701 
11876 413 6252 6251 
11877 5727 5966 5416 
11878 5821 6229 5297 
11879 5658 6247 6042 
11880 5586 5933 5420 
11881 5717 6195 5334 
11882 5250 5957 5950 
11883 5875 6028 5945 
11884 5935 5978 5259 
11885 5964 6105 5685 
11886 428 6258 427 
11887 5442 6022 5800 
11888 5907 5997 5947 
11889 5946 5996 5881 
11890 5566 5853 5565 
11891 399 6261 398 
11892 5939 5985 5427 
11893 5897 5985 5939 
11894 5298 6225 5827 
11895 5791 6081 5792 
11896 5775 6115 5776 
11897 5787 6255 5482 
11898 5283 6034 5909 
11899 262 6263 261 
11900 5559 6261 5472 
11901 5878 6008 5271 
11902 5851 6028 5295 
11903 5337 6148 5580 
11904 5501 6161 5839 
11905 5483 6256 5792 
11906 5282 6005 5871 
11907 6006 6022 5442 
11908 5672 5940 5429 
11909 5783 6140 5459 
11910 5590 6223 5591 
11911 583 6257 582 
11912 5288 6214 5846 
11913 5847 6213 5287 
11914 500 6255 499 
11915 5925 5992 5279 
11916 5941 6003 5910 
11917 5887 6004 5949 
11918 5280 5988 5924 
11919 5844 6169 5502 
11920 5739 6178 5469 
11921 5630 6178 5326 
11922 5444 6003 5941 
11923 5601 6039 5600 
11924 6016 6235 5611 
11925 5578 6099 5316 
11926 244 6259 243 
11927 327 6256 326 
11928 5436 5996 5946 
11929 5947 5997 5437 
11930 5958 5987 5892 
11931 5916 6212 5279 
11932 5415 5967 5682 
11933 5333 6194 5732 
11934 5692 6260 5466 
11935 565 6264 564 
11936 5693 5976 5441 
11937 5431 5993 5799 
11938 5743 6169 5744 
11939 5965 6002 5880 
11940 6015 6237 5664 
11941 5415 5972 5967 
11942 5473 6258 5561 
11943 5874 6032 5284 
11944 5280 6207 5917 
11945 5733 5990 5430 
11946 5467 6262 5608 
11947 5759 6195 5475 
11948 5978 5998 5879 
11949 5808 6008 5417 
11950 5834 6208 5644 
11951 5576 6002 5424 
11952 5877 6009 5999 
11953 6012 6267 5265 
11954 5949 6004 5445 
11955 5560 6077 5561 
11956 5934 5958 5249 
11957 5943 5976 5693 
11958 5787 6072 5786 
11959 5901 6023 5296 
11960 5679 5957 5433 
11961 5930 6187 5742 
11962 5752 6089 5751 
11963 5566 6226 5853 
11964 5296 6023 5850 
11965 5924 5988 5938 
11966 5938 5988 5447 
11967 5624 6194 5623 
11968 5936 5992 5925 
11969 5446 5992 5936 
11970 5272 6014 5913 
11971 6150 6264 565 
11972 5668 6113 5669 
11973 5681 6176 5680 
11974 5265 6267 237 
11975 5559 6064 5558 
11976 5648 6038 5649 
11977 5989 6025 5293 
11978 5674 6140 5314 
11979 5868 6204 5549 
11980 5755 6198 5754 
11981 5597 6218 5598 
11982 5859 6030 5264 
11983 5263 6031 5860 
11984 5789 6139 5788 
11985 5670 6030 5671 
11986 5300 6027 6000 
11987 5325 6176 5575 
11988 5315 6113 5668 
11989 5764 6031 5763 
11990 5440 5978 5634 
11991 5728 6201 5729 
11992 6058 6146 5452 
11993 5604 6193 5927 
11994 5634 5978 5935 
11995 5686 6038 5648 
11996 5267 6039 5870 
11997 5600 6039 5593 
11998 5950 5957 5679 
11999 5904 6038 5268 
12000 5999 6009 5443 
12001 5713 6203 5712 
12002 5308 6078 5807 
12003 5607 6074 5608 
12004 5295 6028 5875 
12005 5871 6005 5951 
12006 5865 6098 5867 
12007 5618 6096 5617 
12008 5810 6079 5307 
12009 5432 5958 5582 
12010 5983 6034 5283 
12011 5820 6136 5346 
12012 5294 6026 5994 
12013 5758 6195 5759 
12014 5620 6218 5384 
12015 5830 6157 5344 
12016 5939 5954 5243 
12017 5738 6178 5739 
12018 5940 5953 5244 
12019 5345 6134 5803 
12020 5745 6030 5670 
12021 5262 5999 5942 
12022 5419 5974 5959 
12023 5956 6008 5878 
12024 5870 6039 5601 
12025 5579 6099 5578 
12026 5837 6173 5331 
12027 5832 6167 5362 
12028 5361 6166 5737 
12029 5889 5991 5957 
12030 5782 6140 5783 
12031 5582 5958 5934 
12032 5419 5959 5650 
12033 5313 6139 5704 
12034 5792 6107 5378 
12035 5593 6039 5970 
12036 5781 6205 5380 
12037 5430 5990 5960 
12038 5744 6169 5324 
12039 5942 5999 5702 
12040 5243 5954 5920 
12041 5678 6148 5337 
12042 5338 6149 5770 
12043 5690 6209 5689 
12044 5351 6181 5711 
12045 5841 6182 5352 
12046 5400 6075 5618 
12047 5383 6209 5639 
12048 5664 6055 5312 
12049 5377 6102 5787 
12050 5428 5954 5612 
12051 5912 6001 5976 
12052 5369 6198 5688 
12053 5695 6186 5694 
12054 582 6257 6217 
12055 5561 6104 5372 
12056 6216 6259 244 
12057 5919 5940 5244 
12058 5800 6022 5937 
12059 5654 6205 5655 
12060 5723 6197 5360 
12061 5692 6061 5691 
12062 6000 6027 5625 
12063 5418 6014 5826 
12064 5952 5959 5252 
12065 5933 5962 5251 
12066 5994 6026 5583 
12067 5428 5984 5954 
12068 5937 6022 5261 
12069 5966 5977 5257 
12070 5671 6030 5859 
12071 5363 6095 5692 
12072 5912 5976 5260 
12073 5588 6223 5587 
12074 5259 5978 5879 
12075 5763 6031 5577 
12076 5653 6034 5983 
12077 5715 6025 5989 
12078 5889 5957 5250 
12079 5249 5958 5892 
12080 5550 6078 5308 
12081 5860 6031 5764 
12082 5577 6031 5968 
12083 5343 6156 5843 
12084 5425 6005 5811 
12085 5252 5959 5884 
12086 5379 6203 5719 
12087 5779 6192 5354 
12088 5922 5933 5251 
12089 5317 6057 5666 
12090 5611 6069 5318 
12091 5586 5962 5933 
12092 5612 5954 5939 
12093 5366 6187 5930 
12094 5694 6186 5365 
12095 5727 5977 5966 
12096 5649 6038 5904 
12097 5672 5953 5940 
12098 5553 6201 5370 
12099 5311 6054 5658 
12100 5353 6191 5761 
12101 5913 6014 5955 
12102 5424 6002 5965 
12103 5642 6134 5345 
12104 5650 5959 5952 
12105 5557 6023 5449 
12106 5893 5966 5257 
12107 5258 5967 5883 
12108 5545 6161 5501 
12109 5608 6120 5364 
12110 5371 6103 5559 
12111 5623 6194 5333 
12112 5720 6172 5332 
12113 5307 6079 5546 
12114 5963 5967 5258 
12115 5682 5967 5963 
12116 5680 6176 5325 
12117 5945 6028 5448 
12118 5421 5534 1047 
12119 5278 6204 5868 
12120 5927 6193 5359 
12121 5448 6028 5707 
12122 5346 6136 5816 
12123 5440 5998 5978 
12124 5432 5987 5958 
12125 5853 6226 5277 
12126 5502 6169 5743 
12127 5344 6157 5635 
12128 5796 6156 5343 
12129 5788 6139 5313 
12130 5334 6195 5758 
12131 5449 6023 5961 
12132 5951 6005 5425 
12133 5331 6173 5651 
12134 5877 5999 5262 
12135 5795 6166 5361 
12136 5362 6167 5817 
12137 5794 6181 5351 
12138 5352 6182 5815 
12139 5326 6178 5738 
12140 5893 5973 5966 
12141 5966 5973 5416 
12142 5948 6071 5890 
12143 5451 6071 5948 
12144 5417 6008 5956 
12145 5273 6029 5876 
12146 5932 6029 5450 
12147 5876 6029 5932 
12148 5314 6140 5782 
12149 5976 6001 5441 
12150 5957 5991 5433 
12151 5261 6022 5882 
12152 5290 5993 5915 
12153 5754 6198 5369 
12154 5712 6203 5379 
12155 5890 6071 5274 
12156 5536 6267 6012 
12157 5922 5975 5933 
12158 5933 5975 5420 
12159 5689 6209 5383 
12160 5955 6014 5418 
12161 5536 6266 236 
12162 5380 6205 5654 
12163 5818 6208 5834 
12164 6047 6118 5862 
12165 5384 6218 5597 
12166 5940 5986 5429 
12167 5919 5986 5940 
12168 5863 6146 6058 
12169 5587 6223 5590 
12170 5370 6201 5728 
12171 5 6266 5486 
12172 5944 5993 5431 
12173 5534 6265 5486 
12174 5915 5993 5944 
12175 5486 6265 5848 
12176 5848 6265 6013 
12177 5421 6265 5534 
12178 6013 6265 5421 
2 13 2 3192
12179 6425 7493 6625 
12180 6955 6956 6494 
12181 6959 6965 6955 
12182 6553 7487 6452 
12183 6638 7531 6639 
12184 6651 7196 6653 
12185 6767 6977 6768 
12186 6423 7413 6766 
12187 6381 6557 6534 
12188 6897 7151 6653 
12189 6769 7207 6867 
12190 7058 7499 7096 
12191 6514 6793 6791 
12192 6423 6766 6764 
12193 6976 7113 7007 
12194 6406 7314 6424 
12195 6961 6964 6963 
12196 6972 7074 6970 
12197 6602 6603 6581 
12198 6664 6688 6665 
12199 7651 7657 6488 
12200 6608 6613 6607 
12201 6459 7516 6458 
12202 6519 7334 6401 
12203 6913 6918 6915 
12204 6589 7424 6587 
12205 6739 7367 6741 
12206 6479 7205 6482 
12207 6428 6429 6421 
12208 6822 7252 6612 
12209 6894 7624 6487 
12210 6429 7179 6691 
12211 6761 6772 6763 
12212 6429 7548 6421 
12213 6622 6623 6620 
12214 6643 7294 6909 
12215 7149 7230 6908 
12216 6913 6922 6919 
12217 7179 7523 6499 
12218 6530 7660 6743 
12219 7089 7090 6729 
12220 6994 7653 7409 
12221 6482 7383 6554 
12222 7038 7274 6353 
12223 7085 7198 6335 
12224 6344 7168 6770 
12225 6378 6927 6926 
12226 6574 6596 6588 
12227 6973 6975 6422 
12228 6368 7128 6978 
12229 6820 7156 6795 
12230 6531 7555 6522 
12231 6976 7396 7113 
12232 6357 7386 7025 
12233 7193 7386 6357 
12234 6778 7491 6775 
12235 6913 6919 6918 
12236 6428 7523 6429 
12237 6908 7294 7149 
12238 6930 7291 6931 
12239 7503 7624 6426 
12240 7446 7447 6549 
12241 6414 7590 6413 
12242 7055 7353 7056 
12243 6674 6884 6683 
12244 6281 7283 6642 
12245 6666 7284 6268 
12246 7056 7353 7058 
12247 6443 7521 6455 
12248 7540 7612 6542 
12249 6671 6681 6675 
12250 6737 6740 6530 
12251 6588 6592 6590 
12252 6862 7434 6324 
12253 6581 7634 6580 
12254 6555 7672 6554 
12255 7479 7554 6501 
12256 6778 7633 6779 
12257 6622 7174 6629 
12258 6583 7190 6322 
12259 6679 7114 7011 
12260 6720 7194 6723 
12261 6771 7168 6774 
12262 6867 7513 6769 
12263 6820 7354 6316 
12264 6921 7514 6916 
12265 6482 6554 6483 
12266 6928 7444 6808 
12267 6558 6567 6503 
12268 6653 7196 6897 
12269 6738 7414 6314 
12270 6763 6772 6424 
12271 6729 7251 7089 
12272 6934 7319 6937 
12273 6545 7576 6544 
12274 6548 7454 7304 
12275 6612 7164 6822 
12276 6381 7577 6557 
12277 6692 7192 6689 
12278 6630 7580 6396 
12279 6631 7578 6632 
12280 7565 7566 6881 
12281 6554 7672 6483 
12282 6974 7396 6976 
12283 7654 7667 6496 
12284 6322 6866 6583 
12285 6585 7263 6571 
12286 7285 7456 6951 
12287 7183 7238 7182 
12288 6557 6568 6534 
12289 6452 7487 6451 
12290 6703 6996 6699 
12291 6662 6666 6658 
12292 6551 7291 6935 
12293 6759 7078 6770 
12294 7085 7110 7081 
12295 7038 7060 7033 
12296 6546 7627 6545 
12297 6666 7137 6656 
12298 6635 7143 6642 
12299 6454 6459 6458 
12300 6501 7554 7334 
12301 6978 7389 6368 
12302 6629 7446 6549 
12303 7021 7264 7022 
12304 6486 7388 7321 
12305 6437 7495 6434 
12306 6495 7464 6402 
12307 6958 7203 6961 
12308 6916 7514 7406 
12309 6937 6965 6959 
12310 6559 7221 6465 
12311 6380 6558 6503 
12312 6504 6564 6384 
12313 6384 6535 6505 
12314 6387 6554 6533 
12315 6383 6507 6506 
12316 7096 7528 7058 
12317 6610 6614 6608 
12318 6500 7561 7057 
12319 7423 7446 7174 
12320 6459 7615 7516 
12321 6794 6796 6793 
12322 6795 7354 6820 
12323 6564 7205 6475 
12324 6891 7469 6896 
12325 6477 7205 6479 
12326 6614 6863 6320 
12327 6612 7504 6610 
12328 6798 7384 6803 
12329 6896 7557 7076 
12330 6416 7565 7057 
12331 6389 7355 1063 
12332 6474 7652 6472 
12333 6601 6602 6581 
12334 6651 6653 6652 
12335 6605 6607 6604 
12336 6669 7140 6673 
12337 6935 7291 6933 
12338 6972 7502 7074 
12339 6413 7590 6412 
12340 6412 7624 6410 
12341 6627 7493 6425 
12342 6868 6928 6808 
12343 6480 7558 6479 
12344 7063 7545 6680 
12345 6470 7547 6469 
12346 6616 7350 6409 
12347 6963 7375 6962 
12348 7011 7505 6679 
12349 6571 7263 6323 
12350 6589 7546 7424 
12351 6455 7664 6443 
12352 7473 7567 6603 
12353 6679 7505 6677 
12354 6847 7484 6844 
12355 6395 7542 6393 
12356 6542 7471 6743 
12357 7214 7304 6815 
12358 6544 7576 6541 
12359 6860 7479 6501 
12360 7270 7595 6665 
12361 6861 7334 7333 
12362 7370 7555 6609 
12363 6402 7464 6401 
12364 7074 7502 6895 
12365 6925 7478 7477 
12366 6386 7539 6561 
12367 6498 7260 6480 
12368 6511 6531 6522 
12369 6324 7366 6862 
12370 6808 7444 6809 
12371 6514 6794 6793 
12372 6561 7539 6550 
12373 6554 7383 6533 
12374 6510 7553 6512 
12375 6434 7495 6433 
12376 6597 7591 6598 
12377 6519 7485 7161 
12378 6712 7567 7473 
12379 6660 7498 6663 
12380 7205 7383 6482 
12381 6531 7629 7555 
12382 6649 6651 6515 
12383 6447 7293 6445 
12384 6549 7627 6546 
12385 6910 7115 6902 
12386 6751 7208 6552 
12387 6465 7524 6559 
12388 6394 7589 6395 
12389 6962 7375 6563 
12390 1062 6389 1063 
12391 1060 6534 1061 
12392 6575 6585 6571 
12393 6475 7205 6477 
12394 6769 7513 6765 
12395 7087 7436 6456 
12396 6502 7521 7436 
12397 6913 7039 6922 
12398 7153 7449 7448 
12399 6404 6565 6402 
12400 6449 7506 6448 
12401 6908 6910 6904 
12402 6975 7215 6422 
12403 6419 7642 6417 
12404 6588 6590 6589 
12405 6680 7545 6679 
12406 6533 7383 6504 
12407 7314 7601 6423 
12408 6479 7558 6478 
12409 7088 7090 7089 
12410 1048 6533 6504 
12411 1049 6504 6384 
12412 6384 6505 1050 
12413 6380 6503 1052 
12414 6385 6525 1056 
12415 1059 6527 6381 
12416 6387 6533 10 
12417 6383 6506 1064 
12418 1065 6506 6387 
12419 6368 7389 7007 
12420 7221 7361 6466 
12421 6663 7498 6493 
12422 6475 7357 6564 
12423 6401 7554 6400 
12424 6341 7304 7214 
12425 6580 7634 6578 
12426 6956 6957 6494 
12427 7224 7589 6485 
12428 7116 7117 6841 
12429 6906 7409 6496 
12430 6948 7359 6947 
12431 6729 7562 6728 
12432 6931 7290 7289 
12433 6410 7624 7503 
12434 6457 7090 7088 
12435 6473 7357 6475 
12436 6417 7566 6416 
12437 7156 7527 6795 
12438 6476 7651 6474 
12439 6527 6616 6381 
12440 6971 7326 6974 
12441 6602 6755 6603 
12442 6806 6808 6807 
12443 6416 7561 6415 
12444 6271 7458 7246 
12445 6394 6395 6393 
12446 6594 7591 6597 
12447 6767 7465 7215 
12448 6527 7350 6616 
12449 6804 7489 6812 
12450 6710 7612 7540 
12451 6662 7284 6666 
12452 6429 7523 7179 
12453 6795 7610 6796 
12454 7039 7255 6922 
12455 6674 6683 6682 
12456 6544 6546 6545 
12457 6385 7211 6525 
12458 6771 6774 6773 
12459 6625 6626 6425 
12460 6703 7303 6996 
12461 7078 7306 6770 
12462 7085 7307 7110 
12463 6986 7005 6803 
12464 7151 7178 6653 
12465 7038 7308 7060 
12466 6501 7334 6861 
12467 6558 7299 6453 
12468 6938 7317 6320 
12469 6665 6688 6686 
12470 7235 7515 6835 
12471 6558 7410 6567 
12472 6574 6588 6587 
12473 6534 7460 1061 
12474 6779 7611 6780 
12475 6765 7322 6762 
12476 6510 6512 6509 
12477 6406 7412 6404 
12478 6961 6963 6962 
12479 6489 7620 7052 
12480 6513 7553 6510 
12481 6662 7595 7270 
12482 6677 7340 6672 
12483 6779 6780 6778 
12484 6935 6936 6469 
12485 6400 7554 6399 
12486 6691 6692 6689 
12487 6613 6938 6851 
12488 6666 7311 7137 
12489 6794 7399 7345 
12490 7143 7310 6642 
12491 6739 6741 6740 
12492 6786 7027 6797 
12493 6562 7476 6464 
12494 6549 7507 6629 
12495 7025 7421 6357 
12496 6430 7523 6428 
12497 6766 6769 6765 
12498 6641 7338 6637 
12499 6324 7434 7336 
12500 6468 6470 6469 
12501 6926 6927 6921 
12502 6393 7542 6396 
12503 6415 7561 6414 
12504 6678 6679 6677 
12505 6506 7492 6387 
12506 6397 7589 6394 
12507 7248 7435 6734 
12508 6456 7521 6443 
12509 6320 7317 6614 
12510 6538 7552 6539 
12511 6353 7308 7038 
12512 6448 7506 6447 
12513 6767 7215 6977 
12514 6798 6803 6800 
12515 6335 7307 7085 
12516 6770 7306 6344 
12517 6341 7303 6703 
12518 6468 7655 6467 
12519 6631 6632 6621 
12520 7000 7003 6499 
12521 6809 7358 6811 
12522 6604 7683 6602 
12523 6554 7656 6555 
12524 7321 7388 6721 
12525 6641 6982 6981 
12526 6789 7282 7281 
12527 6767 7413 6423 
12528 7395 7469 6891 
12529 6427 7211 6560 
12530 7007 7389 6976 
12531 7555 7629 6532 
12532 6847 7059 6984 
12533 6411 6412 6410 
12534 6396 7639 6628 
12535 6402 7490 6495 
12536 6412 7590 6487 
12537 6741 6983 6882 
12538 7076 7385 6896 
12539 6768 7593 7107 
12540 6642 7283 6643 
12541 6478 7558 7052 
12542 6613 7317 6938 
12543 6775 7491 6776 
12544 6734 7435 6739 
12545 6608 7317 6613 
12546 7174 7446 6629 
12547 6406 7601 7314 
12548 6974 6976 6975 
12549 6487 7624 6412 
12550 6720 6723 6722 
12551 7334 7554 6401 
12552 6378 7622 6927 
12553 6547 7580 6630 
12554 6749 7208 6751 
12555 7020 7061 7025 
12556 7246 7458 7105 
12557 6642 7310 6281 
12558 6999 7026 7004 
12559 6268 7311 6666 
12560 6848 7193 6847 
12561 6740 7345 6530 
12562 7071 7121 7119 
12563 6909 7531 6643 
12564 6593 6597 6484 
12565 7291 7292 7290 
12566 6803 7006 6806 
12567 6535 7361 7221 
12568 6401 7464 6519 
12569 6407 6616 6409 
12570 6399 7480 6398 
12571 6632 7135 6619 
12572 6646 7147 6650 
12573 6976 7389 6977 
12574 6488 7657 7372 
12575 6933 7291 6930 
12576 6610 6864 6614 
12577 6491 7475 7405 
12578 6675 6681 6488 
12579 6446 6447 6445 
12580 7140 7318 6673 
12581 6494 6959 6955 
12582 6934 6937 6936 
12583 6539 7587 6538 
12584 7250 7661 6523 
12585 6609 6610 6608 
12586 6591 7546 6484 
12587 6445 7500 6443 
12588 1051 7536 6380 
12589 6505 7536 1051 
12590 7057 7561 6416 
12591 6509 7325 6531 
12592 6812 7553 6514 
12593 6443 7664 6441 
12594 6999 7004 7003 
12595 6958 6961 6960 
12596 6862 7125 6856 
12597 6525 7539 1057 
12598 1057 7539 6386 
12599 6458 6640 6639 
12600 7270 7284 6662 
12601 6755 6756 6603 
12602 6540 6544 6541 
12603 6806 7592 6808 
12604 6664 6690 6688 
12605 6421 7548 6432 
12606 6400 6402 6401 
12607 7241 7242 6858 
12608 7531 7538 6639 
12609 7002 7359 7001 
12610 6314 7462 6738 
12611 7089 7198 7086 
12612 6605 6608 6607 
12613 6421 7441 6419 
12614 6614 6864 6863 
12615 6725 7488 6457 
12616 6511 6521 6520 
12617 6415 6417 6416 
12618 6598 7275 6600 
12619 6610 7504 6864 
12620 6522 7661 6511 
12621 6509 6531 6511 
12622 6598 6600 6599 
12623 7005 7006 6803 
12624 6635 6642 6638 
12625 6658 6666 6656 
12626 6543 7451 6710 
12627 6920 6921 6916 
12628 6575 7621 6585 
12629 6686 7417 6665 
12630 6903 7409 6906 
12631 6777 7633 6778 
12632 6467 7597 6466 
12633 6464 7476 6463 
12634 6651 6652 6515 
12635 6565 7490 6402 
12636 6817 7455 6545 
12637 7224 7541 6395 
12638 6573 6575 6571 
12639 6417 7569 6552 
12640 6523 6605 6604 
12641 7497 7618 6888 
12642 6560 7519 6427 
12643 6499 7635 7002 
12644 6743 7471 6735 
12645 6611 6612 6610 
12646 6786 6797 6788 
12647 7293 7647 7321 
12648 6606 7683 6604 
12649 7227 7676 6592 
12650 6688 6690 6689 
12651 6314 7414 7253 
12652 6843 7142 6833 
12653 6552 7566 6417 
12654 6476 7657 7651 
12655 6891 6896 6893 
12656 6841 7422 7116 
12657 6808 6809 6807 
12658 7533 7564 7024 
12659 6284 7390 7233 
12660 6564 7357 6384 
12661 6384 7357 6535 
12662 6770 7168 6771 
12663 7086 7198 7085 
12664 6966 7584 768 
12665 6742 7347 6782 
12666 6450 6452 6451 
12667 6825 6945 6829 
12668 6604 7609 6606 
12669 6964 7452 6963 
12670 7161 7334 6519 
12671 6458 7675 6454 
12672 7182 7387 7183 
12673 6738 7028 6732 
12674 6450 7667 6449 
12675 6702 6703 6699 
12676 7044 7419 7103 
12677 6759 6770 6761 
12678 7084 7085 7081 
12679 7037 7038 7033 
12680 1063 7355 6383 
12681 6583 7628 6575 
12682 6545 7627 6817 
12683 6443 7500 6456 
12684 7006 7592 6806 
12685 7177 7185 6873 
12686 6907 7544 7487 
12687 6578 7397 6576 
12688 6718 7388 6717 
12689 7282 7527 6348 
12690 6956 7670 6957 
12691 6839 7662 6840 
12692 6769 7571 7207 
12693 7463 7522 6827 
12694 7215 7465 6422 
12695 6433 7594 6431 
12696 6475 6476 6474 
12697 6873 7328 7177 
12698 6298 7353 7301 
12699 7300 7561 6500 
12700 6595 7157 6995 
12701 6864 7371 6863 
12702 6436 7605 6536 
12703 6971 7327 7326 
12704 6715 7141 6719 
12705 6999 7003 7000 
12706 6827 7522 6826 
12707 6551 7547 6470 
12708 6613 6852 6607 
12709 6755 7683 6754 
12710 7353 7499 7058 
12711 7065 7452 6964 
12712 6906 7544 6907 
12713 7192 7442 6689 
12714 6454 7675 6452 
12715 6910 7343 7115 
12716 6559 7299 6558 
12717 6485 7589 7356 
12718 6466 6468 6467 
12719 6398 7480 6397 
12720 6560 7211 6385 
12721 6741 7367 6983 
12722 6524 7359 7002 
12723 6293 7378 7219 
12724 6444 6445 6443 
12725 6703 7304 6341 
12726 6846 6847 6844 
12727 6563 7476 6962 
12728 6512 7325 6509 
12729 6847 7193 7059 
12730 6587 7424 6586 
12731 6469 7655 6468 
12732 6669 6673 6671 
12733 7285 7674 7456 
12734 6541 7552 6540 
12735 6503 7586 1053 
12736 1053 7586 6382 
12737 6978 7593 6768 
12738 6538 7587 6529 
12739 6905 7408 6994 
12740 6487 7098 6892 
12741 6937 6966 6965 
12742 768 7363 6966 
12743 6529 7640 6528 
12744 7027 7342 6797 
12745 6812 7489 6512 
12746 6792 7282 6789 
12747 6931 7291 7290 
12748 7024 7264 7021 
12749 6700 7450 6709 
12750 7244 7567 6712 
12751 7274 7511 6683 
12752 6601 6604 6602 
12753 6791 6812 6514 
12754 7338 7339 6637 
12755 6659 7243 6899 
12756 6380 6559 6558 
12757 6507 6508 6506 
12758 6926 7242 6378 
12759 6840 7662 6841 
12760 6496 7667 7544 
12761 6431 7594 6430 
12762 6481 6591 6484 
12763 7269 7617 7449 
12764 6747 7208 6746 
12765 6624 6626 6623 
12766 6385 7271 6560 
12767 7516 7615 6517 
12768 6398 6400 6399 
12769 6511 7661 6521 
12770 6279 7466 7296 
12771 7037 7475 6684 
12772 6471 7361 7357 
12773 6537 7564 7533 
12774 6859 6862 6856 
12775 7276 7514 6927 
12776 6499 7002 7000 
12777 6559 7536 7221 
12778 6292 7481 7309 
12779 6465 7221 6466 
12780 6521 6584 6555 
12781 7088 7089 7086 
12782 6925 6926 6921 
12783 6756 7426 1038 
12784 6803 6806 6800 
12785 936 7273 7258 
12786 7345 7399 6530 
12787 6481 7677 6480 
12788 6904 6910 6902 
12789 6830 7486 7463 
12790 6413 6415 6414 
12791 6580 6601 6581 
12792 6553 7531 6909 
12793 7340 7341 6672 
12794 7322 7323 6762 
12795 7034 7475 7037 
12796 6470 7525 6551 
12797 6427 6428 6421 
12798 6542 7587 7540 
12799 7088 7332 6457 
12800 7035 7365 7249 
12801 6536 7402 6436 
12802 6442 6443 6441 
12803 7390 7470 7380 
12804 6512 7553 6812 
12805 7594 7674 7285 
12806 7436 7521 6456 
12807 7405 7475 7036 
12808 7640 7660 6530 
12809 6836 6843 6833 
12810 6622 6624 6623 
12811 6917 6918 6485 
12812 6318 7006 7005 
12813 7409 7653 6496 
12814 7261 7468 7388 
12815 7304 7614 6548 
12816 6480 7677 6498 
12817 6909 7294 6908 
12818 6751 7569 7295 
12819 6523 6604 6601 
12820 6561 7644 6386 
12821 6971 6974 6973 
12822 7233 7390 6942 
12823 7219 7378 6871 
12824 1038 7600 6756 
12825 6410 7686 6409 
12826 7461 7664 6537 
12827 7057 7645 6500 
12828 6851 6852 6613 
12829 6530 6743 6737 
12830 6958 7259 7203 
12831 6768 7413 6767 
12832 6574 7312 6596 
12833 6676 6677 6672 
12834 7153 7268 7022 
12835 6980 7186 7178 
12836 7175 7608 6742 
12837 7403 7616 7404 
12838 6395 7589 7224 
12839 7223 7240 6442 
12840 6764 7314 6423 
12841 6764 6765 6762 
12842 6981 7382 6641 
12843 6524 7594 7285 
12844 6478 7620 6477 
12845 6701 7451 6543 
12846 6835 7515 6839 
12847 6463 7616 6462 
12848 6473 6474 6472 
12849 6590 7649 6593 
12850 6448 6450 6449 
12851 6425 7184 6627 
12852 6947 7359 6950 
12853 6432 6690 6664 
12854 6661 6662 6658 
12855 6550 7400 6561 
12856 6521 6555 6520 
12857 6518 7616 7403 
12858 6422 7277 6973 
12859 6422 7503 7277 
12860 6977 7389 6978 
12861 6825 6829 6827 
12862 7456 7674 6516 
12863 6466 7597 6464 
12864 6640 6641 6637 
12865 6699 6996 6313 
12866 6303 7078 6759 
12867 7081 7110 6276 
12868 7033 7060 6289 
12869 6622 7278 7174 
12870 6622 6629 6624 
12871 7095 7098 7097 
12872 7313 7336 6861 
12873 6776 7491 6565 
12874 6407 7601 6406 
12875 7038 7511 7274 
12876 6370 7140 6669 
12877 6941 7129 6364 
12878 6806 6807 6802 
12879 7371 7678 6330 
12880 6598 6599 6597 
12881 6908 7659 6910 
12882 6576 6583 6575 
12883 6858 7478 6857 
12884 6343 7559 7391 
12885 7253 7414 6706 
12886 6383 7228 6507 
12887 6691 7179 6692 
12888 6927 7514 6921 
12889 6969 7072 6350 
12890 7373 7374 7109 
12891 6902 7115 6280 
12892 6424 7314 6763 
12893 6462 7616 6461 
12894 7388 7468 6717 
12895 6507 6509 6508 
12896 6283 7583 7438 
12897 6879 7393 7054 
12898 6977 6978 6768 
12899 7054 7056 6879 
12900 7095 7618 7497 
12901 6409 7686 6408 
12902 6679 7545 7114 
12903 6611 7555 7209 
12904 6348 7527 7156 
12905 6697 7225 6700 
12906 6528 7640 6513 
12907 1054 7638 1055 
12908 7079 7226 7082 
12909 6437 7402 7280 
12910 6431 6434 6433 
12911 6509 6511 6508 
12912 6678 6680 6679 
12913 6869 7219 6871 
12914 6687 7218 6685 
12915 6416 7566 7565 
12916 7437 7578 6310 
12917 6841 6842 6840 
12918 6479 6481 6480 
12919 7549 7621 6388 
12920 6742 7608 7345 
12921 6741 7347 6742 
12922 6504 7205 6564 
12923 6678 7626 6680 
12924 6774 6775 6773 
12925 6683 6684 6682 
12926 7185 7260 6498 
12927 6526 7638 1054 
12928 6963 7452 7109 
12929 1058 7644 6527 
12930 6386 7644 1058 
12931 6453 7410 6558 
12932 6800 6806 6802 
12933 6461 7636 6460 
12934 6507 6510 6509 
12935 6593 7649 6594 
12936 7293 7321 6725 
12937 6504 7383 7205 
12938 6625 6631 6621 
12939 6511 6520 6508 
12940 6695 7658 6818 
12941 6656 7137 6329 
12942 6471 7357 6473 
12943 6376 7143 6635 
12944 6546 7507 6549 
12945 7183 7681 7238 
12946 7204 7504 6612 
12947 6408 7601 6407 
12948 6567 7586 6503 
12949 6829 7559 6830 
12950 6578 7634 7397 
12951 6477 7620 6476 
12952 6738 7415 7414 
12953 6864 7678 7371 
12954 6976 6977 6975 
12955 6391 6568 6394 
12956 6405 6406 6404 
12957 6391 6394 6393 
12958 6922 7682 6923 
12959 6391 6393 6390 
12960 6909 7487 6553 
12961 6846 6848 6847 
12962 6517 7186 6982 
12963 6483 7424 6591 
12964 1013 6317 1012 
12965 992 6360 991 
12966 974 6327 973 
12967 980 6334 979 
12968 1004 6331 1003 
12969 941 6305 940 
12970 1040 6373 1039 
12971 995 6314 994 
12972 998 6342 997 
12973 1001 6315 1000 
12974 1016 6346 1015 
12975 1022 6333 1021 
12976 1025 6319 1024 
12977 1007 6316 1006 
12978 1019 6318 1018 
12979 971 6310 970 
12980 977 6311 976 
12981 989 6313 988 
12982 983 6312 982 
12983 1034 6367 1033 
12984 1043 6322 1042 
12985 833 6276 832 
12986 788 6366 787 
12987 749 6290 748 
12988 821 6278 820 
12989 839 6275 838 
12990 878 6354 877 
12991 842 6357 841 
12992 737 6292 736 
12993 782 6364 781 
12994 767 6287 766 
12995 1045 6388 1044 
12996 845 6274 844 
12997 818 6365 817 
12998 851 6273 850 
12999 755 6289 754 
13000 896 6345 895 
13001 887 6296 886 
13002 746 6370 745 
13003 761 6288 760 
13004 917 6301 916 
13005 809 6280 808 
13006 953 6307 952 
13007 899 6298 898 
13008 929 6303 928 
13009 728 6375 727 
13010 947 6306 946 
13011 785 6284 784 
13012 740 6339 739 
13013 815 6279 814 
13014 794 6326 793 
13015 857 6272 856 
13016 731 6293 730 
13017 764 6356 763 
13018 944 6343 943 
13019 923 6302 922 
13020 926 6338 925 
13021 905 6299 904 
13022 956 6378 955 
13023 779 6285 778 
13024 716 6328 715 
13025 884 6329 883 
13026 743 6291 742 
13027 719 6295 718 
13028 812 6351 811 
13029 824 6336 823 
13030 866 6362 865 
13031 770 6359 769 
13032 758 6352 757 
13033 863 6271 862 
13034 791 6283 790 
13035 797 6282 796 
13036 800 6376 799 
13037 875 6269 874 
13038 914 6350 913 
13039 734 6371 733 
13040 860 6349 859 
13041 965 6309 964 
13042 890 6347 889 
13043 911 6300 910 
13044 773 6286 772 
13045 902 6340 901 
13046 1031 6320 1030 
13047 869 6270 868 
13048 872 6372 871 
13049 920 6368 919 
13050 950 6324 949 
13051 968 6361 967 
13052 893 6297 892 
13053 962 6332 961 
13054 722 6374 721 
13055 1028 6330 1027 
13056 827 6277 826 
13057 935 6304 934 
13058 806 6377 805 
13059 848 6369 847 
13060 836 6337 835 
13061 938 6325 937 
13062 7119 7331 7071 
13063 6379 6391 6390 
13064 6390 6392 6389 
13065 6809 6811 6810 
13066 6907 6908 6904 
13067 7058 7528 7099 
13068 6420 6421 6419 
13069 7104 7246 7105 
13070 7010 7259 6958 
13071 7223 7271 6526 
13072 6862 7366 7125 
13073 7589 7637 7356 
13074 6535 7221 6505 
13075 6841 7360 6842 
13076 7103 7290 7044 
13077 7258 7273 6779 
13078 6690 6691 6689 
13079 6394 6398 6397 
13080 6766 7407 6769 
13081 6451 7667 6450 
13082 6379 6390 6389 
13083 1057 6386 1058 
13084 1063 6383 1064 
13085 10 6533 1048 
13086 1048 6504 1049 
13087 1053 6382 1054 
13088 1061 6379 1062 
13089 1055 6385 1056 
13090 1059 6381 1060 
13091 1049 6384 1050 
13092 1050 6505 1051 
13093 1051 6380 1052 
13094 1052 6503 1053 
13095 1065 6387 10 
13096 1056 6525 1057 
13097 1058 6527 1059 
13098 1064 6506 1065 
13099 7096 7231 7091 
13100 6696 7232 6693 
13101 6939 7233 6942 
13102 7185 7631 6872 
13103 6501 7512 6860 
13104 6819 7509 981 
13105 7100 7510 903 
13106 6616 7577 6381 
13107 6379 6389 1062 
13108 6382 6526 1054 
13109 6381 6534 1060 
13110 7249 7427 7035 
13111 6741 6742 6740 
13112 6818 7627 7520 
13113 6595 7227 7157 
13114 6646 6650 6649 
13115 6621 6632 6619 
13116 981 7534 6819 
13117 903 7535 7100 
13118 6484 7677 6481 
13119 6805 7629 6531 
13120 6944 7380 6518 
13121 6460 7636 6459 
13122 6892 6894 6487 
13123 6844 7550 6843 
13124 7052 7620 6478 
13125 6650 7583 6651 
13126 6540 7552 6538 
13127 7020 7025 7023 
13128 6886 7213 6889 
13129 7120 7212 7118 
13130 6607 7609 6604 
13131 6813 7214 6815 
13132 6396 7580 6393 
13133 7001 7359 6948 
13134 6490 7478 6925 
13135 6365 7141 6715 
13136 7523 7635 6499 
13137 6957 7670 6958 
13138 6961 7518 6964 
13139 6594 6597 6593 
13140 6528 6538 6529 
13141 6399 7554 7479 
13142 6818 7520 6695 
13143 6734 6739 6737 
13144 975 6617 974 
13145 799 6633 798 
13146 963 7039 962 
13147 889 6745 888 
13148 961 6911 960 
13149 787 6644 786 
13150 1041 6711 1040 
13151 771 6952 770 
13152 1014 7027 1013 
13153 745 6667 744 
13154 873 7130 872 
13155 990 6697 989 
13156 1008 6820 1007 
13157 849 6831 848 
13158 1012 6784 1011 
13159 838 7018 837 
13160 729 6869 728 
13161 928 6757 927 
13162 934 7111 933 
13163 817 6713 816 
13164 840 7061 839 
13165 945 6853 944 
13166 765 6929 764 
13167 868 6997 867 
13168 756 7031 755 
13169 750 6883 749 
13170 1023 6850 1022 
13171 828 6985 827 
13172 885 6654 884 
13173 979 6693 978 
13174 721 6995 720 
13175 970 6987 969 
13176 822 7030 821 
13177 783 6939 782 
13178 832 7110 831 
13179 877 6685 876 
13180 940 6823 939 
13181 988 6996 987 
13182 897 7053 896 
13183 826 7126 825 
13184 930 7078 929 
13185 1036 6753 1035 
13186 1035 6752 1034 
13187 726 7220 725 
13188 919 7007 918 
13189 795 6979 794 
13190 808 7115 807 
13191 763 7124 762 
13192 792 6897 791 
13193 955 7012 954 
13194 856 7118 855 
13195 1021 6928 1020 
13196 805 7029 804 
13197 834 7079 833 
13198 870 7026 869 
13199 1005 6781 1004 
13200 727 7136 726 
13201 739 7062 738 
13202 823 7145 822 
13203 886 6898 885 
13204 948 7187 947 
13205 1017 6986 1016 
13206 1000 6744 999 
13207 757 7112 756 
13208 894 6875 893 
13209 1032 6938 1031 
13210 778 7065 777 
13211 1002 6983 1001 
13212 999 6730 998 
13213 906 6886 905 
13214 801 7143 800 
13215 1033 6851 1032 
13216 853 7117 852 
13217 865 6946 864 
13218 733 7013 732 
13219 774 7009 773 
13220 781 7129 780 
13221 850 7146 849 
13222 984 6813 983 
13223 922 7106 921 
13224 843 7059 842 
13225 861 7104 860 
13226 1026 6821 1025 
13227 918 7113 917 
13228 819 7141 818 
13229 913 7072 912 
13230 754 7060 753 
13231 1011 7195 1010 
13232 844 6984 843 
13233 1009 7156 1008 
13234 741 7114 740 
13235 892 7127 891 
13236 775 7202 774 
13237 747 7140 746 
13238 921 7128 920 
13239 859 7066 858 
13240 1018 7005 1017 
13241 879 7132 878 
13242 901 7091 900 
13243 780 7108 779 
13244 852 7116 851 
13245 804 7148 803 
13246 883 7137 882 
13247 916 7101 915 
13248 867 7134 866 
13249 762 7102 761 
13250 909 7200 908 
13251 829 7197 828 
13252 880 7133 879 
13253 973 7135 972 
13254 946 7158 945 
13255 720 7157 719 
13256 954 6854 953 
13257 997 7028 996 
13258 910 7075 909 
13259 723 7138 722 
13260 967 7181 966 
13261 1042 7165 1041 
13262 751 7169 750 
13263 933 7167 932 
13264 927 7166 926 
13265 1024 7162 1023 
13266 789 7147 788 
13267 924 7207 923 
13268 724 7144 723 
13269 744 7172 743 
13270 798 7171 797 
13271 717 7180 716 
13272 6553 7675 7538 
13273 7377 7550 6274 
13274 974 6617 6327 
13275 6376 6633 799 
13276 6366 6644 787 
13277 6347 6745 889 
13278 962 7039 6332 
13279 6370 6667 745 
13280 1040 6711 6373 
13281 872 7130 6372 
13282 770 6952 6359 
13283 6303 6757 928 
13284 6275 7018 838 
13285 1022 6850 6333 
13286 749 6883 6290 
13287 6304 7111 934 
13288 989 6697 6313 
13289 728 6869 6375 
13290 944 6853 6343 
13291 1007 6820 6316 
13292 1013 7027 6317 
13293 6332 6911 961 
13294 6374 6995 721 
13295 6365 6713 817 
13296 6270 6997 868 
13297 6317 6784 1012 
13298 764 6929 6356 
13299 827 6985 6277 
13300 848 6831 6369 
13301 6334 6693 979 
13302 6310 6987 970 
13303 6280 7115 808 
13304 782 6939 6364 
13305 839 7061 6275 
13306 6305 6823 940 
13307 755 7031 6289 
13308 821 7030 6278 
13309 794 6979 6326 
13310 947 7187 6306 
13311 791 6897 6283 
13312 6277 7126 826 
13313 6276 7110 832 
13314 896 7053 6345 
13315 6354 6685 877 
13316 6296 6898 886 
13317 6272 7118 856 
13318 6313 6996 988 
13319 869 7026 6270 
13320 719 7157 6295 
13321 884 6654 6329 
13322 6315 6744 1000 
13323 6368 7007 919 
13324 6377 7029 805 
13325 6322 7165 1042 
13326 860 7104 6349 
13327 6362 6946 865 
13328 6285 7065 778 
13329 6333 6928 1021 
13330 929 7078 6303 
13331 998 6730 6342 
13332 6339 7062 739 
13333 1034 6752 6367 
13334 6364 7129 781 
13335 6273 7146 850 
13336 1001 6983 6315 
13337 1016 6986 6346 
13338 833 7079 6276 
13339 1004 6781 6331 
13340 893 6875 6297 
13341 740 7114 6339 
13342 6319 7162 1024 
13343 773 7009 6286 
13344 797 7171 6282 
13345 6356 7124 763 
13346 6361 7181 967 
13347 1025 6821 6319 
13348 6350 7072 913 
13349 6349 7066 859 
13350 6297 7127 892 
13351 746 7140 6370 
13352 983 6813 6312 
13353 818 7141 6365 
13354 6336 7145 823 
13355 905 6886 6299 
13356 6371 7013 733 
13357 1031 6938 6320 
13358 6352 7112 757 
13359 6367 6851 1033 
13360 800 7143 6376 
13361 6340 7091 901 
13362 6306 7158 946 
13363 779 7108 6285 
13364 917 7113 6301 
13365 851 7116 6273 
13366 6375 7136 727 
13367 6378 7012 955 
13368 6274 6984 844 
13369 866 7134 6362 
13370 923 7207 6302 
13371 722 7138 6374 
13372 6302 7106 922 
13373 842 7059 6357 
13374 926 7166 6338 
13375 920 7128 6368 
13376 743 7172 6291 
13377 761 7102 6288 
13378 878 7132 6354 
13379 6289 7060 754 
13380 6318 7005 1018 
13381 6329 7137 883 
13382 6301 7101 916 
13383 6342 7028 997 
13384 6300 7075 910 
13385 6327 7135 973 
13386 953 6854 6307 
13387 716 7180 6328 
13388 788 7147 6366 
13389 6304 7633 7582 
13390 6774 6777 6775 
13391 6948 7297 7001 
13392 6456 7332 7087 
13393 6905 7409 6901 
13394 6920 6925 6921 
13395 6914 7216 6911 
13396 6582 7567 7244 
13397 6428 6431 6430 
13398 6700 7451 6698 
13399 6723 6726 6724 
13400 6695 7509 6819 
13401 7093 7510 7100 
13402 6411 6413 6412 
13403 7301 7353 7055 
13404 6270 7026 6999 
13405 6652 7186 6517 
13406 6306 7187 7160 
13407 718 7008 717 
13408 1044 6866 1043 
13409 6340 7510 7093 
13410 6334 7509 6695 
13411 715 6615 714 
13412 966 7123 965 
13413 6557 7394 6568 
13414 6782 7175 6742 
13415 6588 6589 6587 
13416 874 7170 873 
13417 810 6900 809 
13418 952 7125 951 
13419 6449 7667 7654 
13420 1030 6863 1029 
13421 6295 7008 718 
13422 6388 6866 1044 
13423 1043 6866 6322 
13424 6796 7354 6795 
13425 965 7123 6309 
13426 6269 7170 874 
13427 824 7210 6336 
13428 6360 7225 991 
13429 6337 7226 835 
13430 809 6900 6280 
13431 6307 7125 952 
13432 6328 6615 715 
13433 6950 7359 6524 
13434 6755 7426 6756 
13435 6320 6863 1030 
13436 6293 7219 730 
13437 875 7218 6269 
13438 899 7231 6298 
13439 6284 7233 784 
13440 977 7232 6311 
13441 752 6353 751 
13442 1010 6348 1009 
13443 6507 7228 6510 
13444 6288 7254 760 
13445 6314 7253 994 
13446 830 6335 829 
13447 932 6344 931 
13448 6351 7245 811 
13449 6394 6568 6398 
13450 908 6355 907 
13451 854 6363 853 
13452 6570 7312 6574 
13453 986 6341 985 
13454 776 6358 775 
13455 6279 7296 814 
13456 6594 7298 7139 
13457 7440 7626 6678 
13458 737 7329 6292 
13459 815 7330 6279 
13460 6345 7348 895 
13461 857 7222 6272 
13462 6287 7335 766 
13463 6286 7234 772 
13464 6316 7236 1006 
13465 938 7247 6325 
13466 6371 7014 7013 
13467 6347 6746 6745 
13468 7130 7131 6372 
13469 6361 7182 7181 
13470 6979 6980 6326 
13471 7180 7201 6328 
13472 954 7012 6854 
13473 756 7112 7031 
13474 6984 7059 843 
13475 1035 6753 6752 
13476 1017 7005 6986 
13477 7106 7128 921 
13478 7136 7220 726 
13479 6784 7195 1011 
13480 762 7124 7102 
13481 6851 6938 1032 
13482 822 7145 7030 
13483 7007 7113 918 
13484 7075 7200 909 
13485 885 6898 6654 
13486 849 7146 6831 
13487 1008 7156 6820 
13488 999 6744 6730 
13489 6997 7134 867 
13490 780 7129 7108 
13491 828 7197 6985 
13492 774 7202 7009 
13493 945 7158 6853 
13494 852 7117 7116 
13495 750 7169 6883 
13496 1041 7165 6711 
13497 879 7133 7132 
13498 7111 7167 933 
13499 6995 7157 720 
13500 6757 7166 927 
13501 7029 7148 804 
13502 1023 7162 6850 
13503 6667 7172 744 
13504 6633 7171 798 
13505 723 7144 7138 
13506 7133 7270 7132 
13507 7029 7149 7148 
13508 6653 7186 6652 
13509 6922 6923 6919 
13510 6301 7326 7101 
13511 6275 7019 7018 
13512 6292 7309 736 
13513 6305 6824 6823 
13514 7030 7194 6278 
13515 7172 7340 6291 
13516 6896 7385 6893 
13517 6352 7249 7112 
13518 6912 6914 6911 
13519 6900 7245 6905 
13520 6813 6815 6814 
13521 6886 6889 6887 
13522 7119 7120 7118 
13523 825 7210 824 
13524 991 7225 990 
13525 835 7226 834 
13526 6960 6962 6562 
13527 6736 6738 6732 
13528 6526 7240 7223 
13529 7058 7645 7056 
13530 7077 7385 7076 
13531 6282 7262 796 
13532 6271 7246 862 
13533 6836 6844 6843 
13534 887 7265 6296 
13535 730 7219 729 
13536 876 7218 875 
13537 900 7231 899 
13538 784 7233 783 
13539 978 7232 977 
13540 731 7266 6293 
13541 760 7254 759 
13542 994 7253 993 
13543 9 6323 1047 
13544 714 6569 9 
13545 811 7245 810 
13546 7053 7054 6345 
13547 6362 6947 6946 
13548 1027 6865 1026 
13549 735 7046 734 
13550 6617 6618 6327 
13551 6366 6645 6644 
13552 6781 6782 6331 
13553 813 6988 812 
13554 949 6885 948 
13555 7166 7322 6338 
13556 6831 6832 6369 
13557 6952 6953 6359 
13558 891 7150 890 
13559 969 7154 968 
13560 793 7151 792 
13561 6599 7631 6498 
13562 6330 6865 1027 
13563 734 7046 6371 
13564 812 6988 6351 
13565 6324 6885 949 
13566 6732 7028 6342 
13567 7008 7180 717 
13568 890 7150 6347 
13569 966 7181 7123 
13570 814 7296 813 
13571 6931 7124 6356 
13572 968 7154 6361 
13573 6326 7151 793 
13574 873 7170 7130 
13575 6498 7677 7563 
13576 6536 7517 7280 
13577 7126 7210 825 
13578 990 7225 6697 
13579 834 7226 7079 
13580 7298 7649 6595 
13581 6551 7292 7291 
13582 855 7212 854 
13583 907 7213 906 
13584 985 7214 984 
13585 729 7219 6869 
13586 6685 7218 876 
13587 7091 7231 900 
13588 6693 7232 978 
13589 783 7233 6939 
13590 960 7216 959 
13591 738 7329 737 
13592 816 7330 815 
13593 6297 7188 7127 
13594 895 7348 894 
13595 858 7222 857 
13596 766 7335 765 
13597 772 7234 771 
13598 1006 7236 1005 
13599 939 7247 938 
13600 6404 7684 6565 
13601 6403 6404 6402 
13602 7533 7579 6537 
13603 906 7213 6886 
13604 7118 7212 855 
13605 984 7214 6813 
13606 6968 6969 6350 
13607 7067 7068 7066 
13608 6911 7216 960 
13609 7062 7329 738 
13610 6713 7330 816 
13611 894 7348 6875 
13612 7066 7222 858 
13613 765 7335 6929 
13614 6690 7548 6691 
13615 6436 7402 6434 
13616 771 7234 6952 
13617 1005 7236 6781 
13618 6823 7247 939 
13619 6568 7460 6534 
13620 6897 7196 6283 
13621 6590 6593 6589 
13622 6821 6822 6319 
13623 6422 7686 7503 
13624 6829 6830 6827 
13625 6854 6855 6307 
13626 6794 7608 6796 
13627 6296 6899 6898 
13628 7171 7338 6282 
13629 6322 7190 7165 
13630 6469 7547 6935 
13631 6365 6715 6714 
13632 796 7262 795 
13633 736 7309 735 
13634 888 7265 887 
13635 6715 6719 6718 
13636 732 7266 731 
13637 6442 7240 6444 
13638 6492 7176 7050 
13639 795 7262 6979 
13640 7208 7267 6552 
13641 6592 7666 7227 
13642 861 7246 7104 
13643 6745 7265 888 
13644 6270 6999 6998 
13645 6306 7160 7159 
13646 7013 7266 732 
13647 6309 7255 964 
13648 810 7245 6900 
13649 6418 6419 6417 
13650 7068 7222 7066 
13651 6964 7346 7065 
13652 6728 7210 7126 
13653 1026 6865 6821 
13654 6885 7187 948 
13655 6446 6448 6447 
13656 7127 7150 891 
13657 7391 7559 6829 
13658 6987 7154 969 
13659 792 7151 6897 
13660 862 7246 861 
13661 6471 7526 6470 
13662 6966 7363 6965 
13663 6290 7318 748 
13664 6497 7526 7405 
13665 6348 7156 1009 
13666 1010 7195 6348 
13667 6353 7169 751 
13668 936 7258 935 
13669 6335 7197 829 
13670 932 7167 6344 
13671 6346 7663 7342 
13672 7321 7647 6486 
13673 6363 7117 853 
13674 908 7200 6355 
13675 6929 6930 6356 
13676 6358 7202 775 
13677 7059 7193 6357 
13678 6570 6571 6323 
13679 6730 6731 6342 
13680 6731 6732 6342 
13681 6969 7073 7072 
13682 7360 7369 6842 
13683 6791 6792 6789 
13684 7630 7631 6599 
13685 6930 6931 6356 
13686 6349 7067 7066 
13687 7022 7269 7153 
13688 911 7315 6300 
13689 6746 7208 6749 
13690 6982 7186 6980 
13691 7097 7098 6487 
13692 7157 7227 6295 
13693 937 7273 936 
13694 6449 7654 7349 
13695 6934 7398 7319 
13696 6723 6724 6722 
13697 806 7343 6377 
13698 6532 7191 6810 
13699 6477 6479 6478 
13700 6797 6798 6788 
13701 6843 7377 7142 
13702 6510 6528 6513 
13703 7050 7052 6492 
13704 6432 7441 6421 
13705 993 6704 992 
13706 6791 7610 6792 
13707 847 7142 846 
13708 915 6967 914 
13709 925 6867 924 
13710 837 7152 836 
13711 813 7296 6988 
13712 1003 6882 1002 
13713 759 7040 758 
13714 6996 7303 987 
13715 930 7306 7078 
13716 7110 7307 831 
13717 7060 7308 753 
13718 992 6704 6360 
13719 6895 7502 7501 
13720 6369 7142 847 
13721 914 6967 6350 
13722 963 7255 7039 
13723 6338 6867 925 
13724 836 7152 6337 
13725 6319 7163 7162 
13726 6351 7408 7245 
13727 1037 6321 1036 
13728 725 6294 724 
13729 6331 6882 1003 
13730 758 7040 6352 
13731 6859 7434 6862 
13732 803 6281 802 
13733 959 6308 958 
13734 881 6268 880 
13735 6952 6954 6953 
13736 854 7212 6363 
13737 6355 7213 907 
13738 6810 7574 6532 
13739 6341 7214 985 
13740 6781 6783 6782 
13741 735 7309 7046 
13742 6937 6959 6936 
13743 6288 7419 7254 
13744 7122 7379 6437 
13745 7296 7466 6990 
13746 6958 6960 6957 
13747 747 7318 7140 
13748 7280 7517 7279 
13749 6306 7159 7158 
13750 6270 6998 6997 
13751 6875 6876 6297 
13752 6726 7562 6724 
13753 6596 7529 6588 
13754 6372 7668 7425 
13755 7232 7423 6311 
13756 6612 7209 7164 
13757 6300 7076 7075 
13758 6789 7281 6785 
13759 7009 7010 6286 
13760 7309 7481 7047 
13761 6392 7355 6389 
13762 6901 6902 6280 
13763 6801 7489 6804 
13764 6586 7424 6556 
13765 7137 7311 882 
13766 801 7310 7143 
13767 6826 7522 7392 
13768 6453 6454 6452 
13769 7072 7315 912 
13770 6462 6464 6463 
13771 6652 7615 6515 
13772 7042 7419 7044 
13773 6585 7621 7549 
13774 7107 7571 7407 
13775 6366 7147 6646 
13776 6619 7135 6327 
13777 6362 7134 6948 
13778 7115 7343 807 
13779 6704 7253 6706 
13780 6452 7675 6553 
13781 6409 6411 6410 
13782 976 7173 975 
13783 6686 6687 6685 
13784 7040 7254 7042 
13785 6869 6871 6870 
13786 7049 7482 7051 
13787 942 6945 941 
13788 742 7011 741 
13789 1020 6868 1019 
13790 6983 7367 6315 
13791 6311 7173 976 
13792 6472 7526 6471 
13793 915 7101 6967 
13794 6484 7546 6593 
13795 941 6945 6305 
13796 6994 7408 6989 
13797 6291 7011 742 
13798 1019 6868 6318 
13799 7018 7152 837 
13800 6867 7207 924 
13801 6882 6983 1002 
13802 6522 7555 7370 
13803 7449 7617 6502 
13804 7179 7671 6692 
13805 6366 6646 6645 
13806 6618 6619 6327 
13807 6362 6948 6947 
13808 6483 6591 6481 
13809 6372 7425 871 
13810 6346 7342 1015 
13811 6464 7597 6562 
13812 6992 7467 7261 
13813 6650 6651 6649 
13814 6337 7448 7226 
13815 6784 7281 7195 
13816 6360 7450 7225 
13817 6375 7287 7136 
13818 7026 7425 7004 
13819 6824 6828 6823 
13820 6521 7250 6584 
13821 6515 7351 6649 
13822 6853 7217 6343 
13823 6365 6714 6713 
13824 6743 7660 6542 
13825 6339 7063 7062 
13826 987 7303 986 
13827 7319 7584 6966 
13828 6287 7584 7319 
13829 7144 7272 7138 
13830 7136 7288 7220 
13831 931 7306 930 
13832 831 7307 830 
13833 753 7308 752 
13834 752 7308 6353 
13835 6752 7286 6367 
13836 6952 7234 6954 
13837 830 7307 6335 
13838 6344 7306 931 
13839 785 7305 6284 
13840 6332 6912 6911 
13841 6298 7301 898 
13842 863 7302 6271 
13843 6781 7236 6783 
13844 7138 7139 6374 
13845 986 7303 6341 
13846 964 7255 963 
13847 6940 6941 6364 
13848 6334 6695 6694 
13849 6340 7093 7092 
13850 993 7253 6704 
13851 6370 6669 6668 
13852 6628 6630 6396 
13853 6822 7163 6319 
13854 6876 7188 6297 
13855 759 7254 7040 
13856 995 7462 6314 
13857 714 6615 6569 
13858 7061 7421 7025 
13859 6843 7550 7377 
13860 7104 7105 7069 
13861 6728 7556 6729 
13862 6697 6700 6698 
13863 7079 7082 7080 
13864 975 7173 6617 
13865 6684 7511 7037 
13866 6392 7580 7572 
13867 7218 7442 6269 
13868 7058 7099 6500 
13869 1020 6928 6868 
13870 7011 7114 741 
13871 7269 7449 7153 
13872 6683 7511 6684 
13873 7202 7259 7009 
13874 725 7220 6294 
13875 6321 6753 1036 
13876 6294 7144 724 
13877 950 7366 6324 
13878 6444 6446 6445 
13879 7052 7626 6489 
13880 6835 6839 6838 
13881 6434 7402 6437 
13882 803 7148 6281 
13883 6382 7240 6526 
13884 7045 7427 7043 
13885 6268 7133 880 
13886 6546 6630 6628 
13887 6582 7244 7190 
13888 6391 7460 6568 
13889 6600 7630 6599 
13890 7114 7545 6339 
13891 7405 7652 6491 
13892 6275 7061 7020 
13893 845 7377 6274 
13894 6961 6962 6960 
13895 6584 7646 6555 
13896 6937 7319 6966 
13897 971 7437 6310 
13898 6283 7438 790 
13899 6343 7391 943 
13900 6345 7393 7348 
13901 6357 7421 841 
13902 6424 7412 6406 
13903 1028 7371 6330 
13904 6275 7020 7019 
13905 1038 7426 1037 
13906 748 7318 747 
13907 870 7425 7026 
13908 6612 7252 7204 
13909 6624 6628 6626 
13910 1014 7342 7027 
13911 786 7305 785 
13912 6323 7263 1047 
13913 898 7301 897 
13914 864 7302 863 
13915 6592 7676 6590 
13916 6310 7337 6987 
13917 7092 7096 7091 
13918 6694 6696 6693 
13919 6939 6942 6940 
13920 6439 7685 6436 
13921 7065 7346 777 
13922 6945 7391 6829 
13923 6644 7305 786 
13924 6946 7302 864 
13925 897 7301 7053 
13926 7264 7269 7022 
13927 6603 7567 6581 
13928 7032 7033 6289 
13929 6390 7580 6392 
13930 7080 7081 6276 
13931 6303 6759 6758 
13932 6698 6699 6313 
13933 6407 6409 6408 
13934 6727 7562 6729 
13935 7324 7606 6899 
13936 6494 7655 7439 
13937 7199 7461 7229 
13938 7405 7526 6472 
13939 882 7311 881 
13940 7073 7315 7072 
13941 935 7258 6304 
13942 7102 7103 6288 
13943 6979 6981 6980 
13944 802 7310 801 
13945 6302 7107 7106 
13946 6746 6748 6745 
13947 6309 7682 7255 
13948 6508 7492 6506 
13949 7014 7016 7013 
13950 6709 7450 6705 
13951 6572 6573 6571 
13952 959 7216 6308 
13953 6609 6611 6610 
13954 6813 6814 6312 
13955 912 7315 911 
13956 6272 7119 7118 
13957 6886 6887 6299 
13958 6985 7251 6277 
13959 7083 7537 6502 
13960 6883 6884 6290 
13961 6317 6785 6784 
13962 7028 7462 996 
13963 1047 7263 1046 
13964 7099 7300 6500 
13965 6828 7247 6823 
13966 6811 7358 7257 
13967 7242 7477 6858 
13968 6900 6905 6901 
13969 7342 7663 6797 
13970 7209 7555 6532 
13971 6709 7451 6700 
13972 6502 7537 7449 
13973 6704 6706 6705 
13974 7040 7042 7041 
13975 6804 6812 6790 
13976 1061 7460 6379 
13977 6632 7437 7135 
13978 7147 7438 6650 
13979 807 7343 806 
13980 6457 7500 7293 
13981 6655 6656 6329 
13982 6376 6635 6634 
13983 7135 7437 972 
13984 789 7438 7147 
13985 840 7421 7061 
13986 7501 7624 6894 
13987 6880 7188 6876 
13988 6325 7273 937 
13989 981 7509 980 
13990 903 7510 902 
13991 6382 7420 7240 
13992 6802 7191 6805 
13993 958 7276 957 
13994 7165 7244 6711 
13995 6460 6462 6461 
13996 6633 7339 7171 
13997 6898 7243 6654 
13998 7012 7241 6854 
13999 6438 6439 6436 
14000 6371 7015 7014 
14001 6548 7588 7576 
14002 6440 7199 6849 
14003 6347 6747 6746 
14004 982 7534 981 
14005 904 7535 903 
14006 6796 7610 6793 
14007 6994 7409 6905 
14008 7125 7366 951 
14009 6935 7547 6551 
14010 6790 6812 6791 
14011 1045 7549 6388 
14012 768 7584 767 
14013 6797 7663 6798 
14014 1039 7600 1038 
14015 6866 7628 6583 
14016 776 7346 6358 
14017 6907 6909 6908 
14018 6278 7625 7431 
14019 7424 7672 6556 
14020 956 7622 6378 
14021 7117 7360 6841 
14022 6863 7371 1029 
14023 6774 7582 6777 
14024 7211 7432 6525 
14025 6691 7548 6429 
14026 7051 7626 7052 
14027 6278 7431 820 
14028 6969 7074 7073 
14029 6321 6755 6754 
14030 6689 7442 6687 
14031 7432 7539 6525 
14032 7071 7122 7121 
14033 6487 7300 7097 
14034 6472 7652 7405 
14035 7116 7422 6273 
14036 6442 6444 6443 
14037 6790 7570 6804 
14038 7275 7665 6600 
14039 6494 7673 7655 
14040 6980 7178 6326 
14041 7438 7583 6650 
14042 6301 7396 7326 
14043 6848 7386 7193 
14044 6611 7209 6612 
14045 6330 7204 6865 
14046 7146 7235 6831 
14047 6475 6477 6476 
14048 6757 7323 7166 
14049 6988 6989 6351 
14050 7047 7481 7049 
14051 7112 7365 7031 
14052 6882 7347 6741 
14053 6281 7310 802 
14054 881 7311 6268 
14055 6605 6609 6608 
14056 6627 7184 7183 
14057 6979 7262 6981 
14058 6748 7265 6745 
14059 6457 7293 6725 
14060 7463 7486 6519 
14061 6447 7647 7293 
14062 7016 7266 7013 
14063 6371 7046 7015 
14064 6990 7466 6992 
14065 6637 7339 6634 
14066 6721 7388 6718 
14067 6706 7414 6708 
14068 6655 7243 6659 
14069 6482 6483 6481 
14070 6347 7150 6747 
14071 6639 7538 6458 
14072 6923 7681 6924 
14073 6764 6766 6765 
14074 6308 7276 958 
14075 6944 7390 7380 
14076 6353 7274 7169 
14077 6861 7333 7313 
14078 6335 7198 7197 
14079 7167 7168 6344 
14080 7190 7244 7165 
14081 7171 7339 7338 
14082 6899 7243 6898 
14083 6988 7296 6990 
14084 6854 7241 6855 
14085 6723 7573 6726 
14086 6632 7578 7437 
14087 7046 7309 7047 
14088 6628 7507 6546 
14089 6305 6825 6824 
14090 7183 7387 6627 
14091 7346 7518 6358 
14092 6287 7398 7335 
14093 6392 7494 7355 
14094 7009 7259 7010 
14095 819 7431 7141 
14096 6560 7271 6438 
14097 6326 7178 7151 
14098 769 7363 768 
14099 6850 7358 6333 
14100 6739 6740 6737 
14101 6377 7230 7029 
14102 7249 7365 7112 
14103 7357 7361 6535 
14104 6333 7444 6928 
14105 7035 7427 7045 
14106 6420 6427 6421 
14107 6831 7235 6832 
14108 7166 7323 7322 
14109 6687 7442 7218 
14110 6676 6678 6677 
14111 6583 7397 7190 
14112 6857 7478 6860 
14113 6776 7684 7411 
14114 6387 7656 6554 
14115 7475 7632 6684 
14116 6839 6840 6838 
14117 6438 7223 6439 
14118 7287 7288 7136 
14119 7201 7529 6596 
14120 6855 7241 6858 
14121 6446 6567 6448 
14122 6984 7484 6847 
14123 7226 7448 7082 
14124 7225 7450 6700 
14125 6321 7426 6755 
14126 6667 7341 7172 
14127 6317 7027 6786 
14128 6680 7483 7063 
14129 7138 7272 7139 
14130 6696 7423 7232 
14131 6435 6560 6438 
14132 6738 7462 7028 
14133 7029 7230 7149 
14134 7271 7638 6526 
14135 6543 7381 6701 
14136 7201 7459 6328 
14137 7053 7055 7054 
14138 6947 6949 6946 
14139 6645 6648 6644 
14140 7043 7344 7045 
14141 7154 7316 6361 
14142 6411 6561 6413 
14143 6405 6407 6406 
14144 6573 6576 6575 
14145 7270 7417 7132 
14146 7380 7470 6648 
14147 6988 6990 6989 
14148 7132 7417 6354 
14149 6982 7496 6517 
14150 6586 7603 7602 
14151 7036 7475 7034 
14152 6454 6460 6459 
14153 6942 7390 6944 
14154 7358 7444 6333 
14155 7172 7341 7340 
14156 871 7425 870 
14157 6483 7672 7424 
14158 7142 7377 846 
14159 6531 7325 6805 
14160 7046 7047 7015 
14161 6974 6975 6973 
14162 7113 7396 6301 
14163 7191 7629 6805 
14164 6361 7316 7182 
14165 7367 7435 6315 
14166 7255 7682 6922 
14167 6614 7317 6608 
14168 7490 7491 6566 
14169 7245 7408 6905 
14170 7572 7580 6547 
14171 7003 7433 7179 
14172 6861 7512 6501 
14173 6832 6833 6369 
14174 6762 7323 6758 
14175 6311 7174 7173 
14176 6556 7603 6586 
14177 6953 6965 6359 
14178 7128 7593 6978 
14179 7032 7365 7035 
14180 6438 7271 7223 
14181 6719 6720 6718 
14182 6785 7281 6784 
14183 6964 7518 7346 
14184 1015 7342 1014 
14185 6777 6778 6775 
14186 7041 7249 6352 
14187 7095 7497 7098 
14188 7100 7535 6888 
14189 6944 7403 6943 
14190 6819 7534 6816 
14191 6642 6643 6638 
14192 6321 6754 6753 
14193 7168 7581 6774 
14194 6884 7596 6683 
14195 942 7391 6945 
14196 777 7346 776 
14197 6872 7631 6874 
14198 6808 7592 6868 
14199 6439 6442 6441 
14200 6510 7228 6528 
14201 6918 7474 6485 
14202 6515 7453 7351 
14203 7141 7431 6719 
14204 7180 7237 7201 
14205 7182 7238 7181 
14206 7008 7237 7180 
14207 7130 7239 7131 
14208 6602 7683 6755 
14209 7181 7238 7123 
14210 7054 7393 6345 
14211 7170 7239 7130 
14212 6435 6436 6434 
14213 7163 7164 6811 
14214 6473 6475 6474 
14215 6756 7473 6603 
14216 6809 6810 6807 
14217 6599 7563 6597 
14218 6832 7235 6835 
14219 6304 7582 7111 
14220 6563 7375 7374 
14221 7467 7468 7261 
14222 6899 7606 6659 
14223 7030 7599 7194 
14224 7340 7505 6291 
14225 6358 7203 7202 
14226 7254 7419 7042 
14227 7040 7041 6352 
14228 7152 7153 6337 
14229 6332 7039 6913 
14230 6967 6968 6350 
14231 6704 6705 6360 
14232 7197 7508 6985 
14233 7076 7557 7075 
14234 6987 7155 7154 
14235 6439 7223 6442 
14236 6285 7452 7065 
14237 6793 7610 6791 
14238 6733 7471 6736 
14239 996 7462 995 
14240 6302 7571 7107 
14241 6856 7125 6307 
14242 6855 6856 6307 
14243 6317 6786 6785 
14244 6568 7394 6398 
14245 6518 7403 6944 
14246 7177 7260 7185 
14247 6887 6888 6299 
14248 7295 7569 6493 
14249 6814 6816 6312 
14250 6305 6945 6825 
14251 7120 7369 7212 
14252 7482 7483 7051 
14253 7319 7398 6287 
14254 6877 7393 6879 
14255 7025 7386 7023 
14256 6871 7378 6873 
14257 7355 7494 7228 
14258 7551 7588 7381 
14259 7108 7109 6285 
14260 6900 6901 6280 
14261 6269 7192 7170 
14262 7105 7458 7456 
14263 6805 7489 6801 
14264 6661 7595 6662 
14265 7212 7369 6363 
14266 6724 7562 6727 
14267 7263 7549 1046 
14268 7326 7327 7101 
14269 6719 7625 6720 
14270 7019 7268 7018 
14271 7139 7591 6594 
14272 6324 7336 6885 
14273 6585 7549 7263 
14274 951 7366 950 
14275 7540 7551 6543 
14276 7210 7532 6336 
14277 6515 7636 7453 
14278 7064 7329 7062 
14279 6770 6771 6761 
14280 7084 7086 7085 
14281 6716 7330 6713 
14282 6524 7285 6950 
14283 6833 7142 6369 
14284 6315 7435 6744 
14285 7251 7508 7089 
14286 6527 7644 7350 
14287 7265 7324 6296 
14288 6328 7459 6615 
14289 6441 7641 6439 
14290 7129 7373 7108 
14291 6720 7625 7194 
14292 6349 7104 7069 
14293 846 7377 845 
14294 6985 7508 7251 
14295 7345 7608 6794 
14296 6418 6550 6420 
14297 972 7437 971 
14298 790 7438 789 
14299 6818 7658 6816 
14300 820 7431 819 
14301 7374 7376 6563 
14302 7286 7609 6852 
14303 7176 7177 7017 
14304 6962 7476 6562 
14305 6521 7661 7250 
14306 7063 7064 7062 
14307 6714 6716 6713 
14308 6929 6932 6930 
14309 6274 7484 6984 
14310 943 7391 942 
14311 6672 7341 6668 
14312 841 7421 840 
14313 7281 7282 7195 
14314 1029 7371 1028 
14315 7441 7643 6663 
14316 7322 7513 6338 
14317 6782 7347 6331 
14318 7198 7508 7197 
14319 7133 7284 7270 
14320 7287 7630 7288 
14321 6588 7529 6592 
14322 7149 7283 7148 
14323 7100 7618 7093 
14324 6728 7532 7210 
14325 6539 7551 7540 
14326 6641 7496 6982 
14327 7276 7622 957 
14328 6332 6913 6912 
14329 6298 7499 7353 
14330 7484 7550 6844 
14331 7615 7636 6515 
14332 6752 7604 7286 
14333 6803 7384 6986 
14334 6927 7622 7276 
14335 6714 7468 6716 
14336 6570 6574 6572 
14337 6626 7639 6425 
14338 7164 7574 6811 
14339 7195 7282 6348 
14340 6437 7280 7122 
14341 6929 7335 6932 
14342 6485 7356 6917 
14343 6349 7069 7067 
14344 6493 7679 6663 
14345 6939 6940 6364 
14346 6334 6694 6693 
14347 6340 7092 7091 
14348 6370 6668 6667 
14349 6555 7656 6520 
14350 6403 6557 6405 
14351 6331 7347 6882 
14352 6711 6712 6373 
14353 6673 6674 6671 
14354 6376 6634 6633 
14355 6680 7626 7483 
14356 6936 7439 6469 
14357 6354 6686 6685 
14358 6654 6655 6329 
14359 6869 6870 6375 
14360 6367 6852 6851 
14361 6553 7538 7531 
14362 6651 7583 7196 
14363 6878 6880 6876 
14364 6648 7305 6644 
14365 6949 7302 6946 
14366 7053 7301 7055 
14367 7424 7546 6591 
14368 6819 7658 6695 
14369 6479 6482 6481 
14370 6787 6789 6785 
14371 6382 7586 7420 
14372 6617 7278 6618 
14373 7063 7483 7064 
14374 7203 7259 7202 
14375 7222 7331 6272 
14376 7037 7511 7038 
14377 6942 6944 6943 
14378 7075 7557 7200 
14379 6318 7592 7006 
14380 6868 7592 6318 
14381 6941 7373 7129 
14382 6995 7298 6595 
14383 6924 7681 7183 
14384 6888 7535 6299 
14385 6874 7287 6870 
14386 6816 7534 6312 
14387 6883 7596 6884 
14388 7273 7611 6779 
14389 6889 7395 6891 
14390 7330 7575 6279 
14391 6496 7544 6906 
14392 6875 6877 6876 
14393 7167 7581 7168 
14394 7107 7407 6768 
14395 6871 6873 6872 
14396 7101 7327 6967 
14397 6655 6659 6657 
14398 6636 6637 6634 
14399 6688 6689 6687 
14400 6760 6762 6758 
14401 7144 7275 7272 
14402 7018 7268 7152 
14403 7032 7035 7034 
14404 7407 7571 6769 
14405 6594 7649 7298 
14406 6435 6438 6436 
14407 6502 7436 7083 
14408 7274 7596 7169 
14409 6875 7348 6877 
14410 6701 6702 6699 
14411 7379 7429 6437 
14412 6706 6708 6707 
14413 7042 7044 7043 
14414 6759 6761 6760 
14415 7083 7084 7081 
14416 7034 7037 7033 
14417 7017 7401 7176 
14418 6570 6572 6571 
14419 6932 7398 6934 
14420 6493 7498 7295 
14421 6411 7350 6561 
14422 6426 7624 7501 
14423 6661 7643 7595 
14424 6427 7519 6428 
14425 7126 7556 6728 
14426 6427 7432 7211 
14427 7329 7585 6292 
14428 7399 7640 6530 
14429 7338 7382 6282 
14430 7047 7049 7048 
14431 6657 6658 6656 
14432 6635 6638 6636 
14433 6465 6466 6464 
14434 6901 7409 6903 
14435 6800 6802 6801 
14436 6754 7604 6753 
14437 6383 7355 7228 
14438 7392 7522 6566 
14439 7109 7375 6963 
14440 6991 6994 6989 
14441 7576 7588 6541 
14442 6990 6992 6991 
14443 6388 7628 6866 
14444 6577 6578 6576 
14445 6855 6858 6857 
14446 6414 7561 7300 
14447 7031 7032 6289 
14448 6303 6758 6757 
14449 7079 7080 6276 
14450 7103 7419 6288 
14451 6697 6698 6313 
14452 6987 7337 7155 
14453 6763 7314 6764 
14454 6418 6420 6419 
14455 7089 7508 7198 
14456 6458 7516 6640 
14457 6669 6671 6670 
14458 7093 7095 7094 
14459 6359 7363 769 
14460 6279 7575 7466 
14461 6877 6879 6878 
14462 6665 7595 6664 
14463 6712 7473 6373 
14464 6723 7599 7573 
14465 6707 6709 6705 
14466 6471 6473 6472 
14467 6544 6630 6546 
14468 6286 7320 7234 
14469 7374 7375 7109 
14470 7343 7659 6377 
14471 6989 7408 6351 
14472 6926 7477 7242 
14473 6951 7543 6949 
14474 6417 7642 7569 
14475 6453 7299 6454 
14476 6596 7459 7201 
14477 7056 7057 6879 
14478 6579 6580 6578 
14479 7111 7581 7167 
14480 7149 7294 7283 
14481 6670 6672 6668 
14482 6865 7252 6821 
14483 6292 7585 7481 
14484 6403 6405 6404 
14485 7261 7388 6486 
14486 6821 7252 6822 
14487 7386 7533 7023 
14488 6574 6587 6586 
14489 6615 7312 6569 
14490 7453 7616 6518 
14491 7290 7292 7044 
14492 6432 7548 6690 
14493 6380 7536 6559 
14494 6903 6904 6902 
14495 7177 7328 7017 
14496 6786 6788 6787 
14497 6817 6818 6816 
14498 6832 6835 6834 
14499 7189 7267 7208 
14500 6379 7460 6391 
14501 6606 7604 6754 
14502 6423 7465 6767 
14503 6523 7661 7370 
14504 6498 7563 6599 
14505 6744 7248 6730 
14506 7207 7571 6302 
14507 7433 7671 7179 
14508 7352 7418 6647 
14509 7520 7627 6549 
14510 7487 7544 6451 
14511 7169 7596 6883 
14512 6311 7423 7174 
14513 7240 7420 6444 
14514 7194 7599 6723 
14515 6710 7540 6543 
14516 6339 7545 7063 
14517 7173 7278 6617 
14518 6601 7250 6523 
14519 6932 6934 6933 
14520 6872 6874 6870 
14521 7227 7666 6295 
14522 7231 7499 6298 
14523 7369 7428 6842 
14524 6624 7507 6628 
14525 7352 7453 6518 
14526 6889 6890 6887 
14527 7119 7121 7120 
14528 7189 7208 6747 
14529 6912 6915 6914 
14530 6674 6682 6681 
14531 6294 7275 7144 
14532 6468 6471 6470 
14533 7145 7599 7030 
14534 7288 7665 7220 
14535 7068 7331 7222 
14536 6268 7284 7133 
14537 7148 7283 6281 
14538 6965 7363 6359 
14539 6523 7370 6605 
14540 6541 7588 7551 
14541 6870 7287 6375 
14542 6753 7604 6752 
14543 6798 6800 6799 
14544 6296 7324 6899 
14545 6300 7560 7076 
14546 6575 7628 7621 
14547 6367 7286 6852 
14548 6492 7260 7177 
14549 6290 7680 7318 
14550 7123 7445 6309 
14551 6659 7498 6657 
14552 7087 7088 7086 
14553 6771 6773 6772 
14554 7002 7635 6524 
14555 6520 7492 6508 
14556 6407 7577 6616 
14557 7188 7598 7127 
14558 6916 7406 6914 
14559 6845 6846 6844 
14560 6542 7612 7416 
14561 6378 7242 7012 
14562 7076 7560 7077 
14563 7067 7070 7068 
14564 980 7509 6334 
14565 902 7510 6340 
14566 6514 7399 6794 
14567 7022 7268 7019 
14568 6715 6717 6714 
14569 6720 6722 6721 
14570 6548 7455 7454 
14571 6374 7298 6995 
14572 6552 7569 6751 
14573 6763 6764 6762 
14574 7035 7045 7036 
14575 6698 7451 6701 
14576 6968 6970 6969 
14577 6639 6640 6637 
14578 7074 7077 7073 
14579 6999 7000 6998 
14580 7160 7161 7159 
14581 6567 7410 6448 
14582 1055 7638 6385 
14583 6291 7505 7011 
14584 7351 7352 6647 
14585 6885 7313 7187 
14586 7124 7289 7102 
14587 6675 6676 6672 
14588 6597 7563 6484 
14589 7093 7618 7095 
14590 6576 7397 6583 
14591 7162 7257 6850 
14592 1037 7426 6321 
14593 7158 7256 6853 
14594 6934 6936 6935 
14595 6968 7327 6971 
14596 6731 6733 6732 
14597 6681 7206 6488 
14598 6736 7416 7415 
14599 6686 6688 6687 
14600 6871 6872 6870 
14601 7187 7313 7160 
14602 7385 7501 6893 
14603 6409 7350 6411 
14604 6519 7464 7463 
14605 6730 7248 6731 
14606 6615 7459 7312 
14607 7049 7051 7050 
14608 7155 7316 7154 
14609 6901 6903 6902 
14610 6881 7566 7267 
14611 6312 7534 982 
14612 6299 7535 904 
14613 6550 7539 7432 
14614 6540 6547 6544 
14615 7109 7452 6285 
14616 6992 7261 6993 
14617 6441 7664 7461 
14618 6565 7684 6776 
14619 6954 6955 6953 
14620 6783 7175 6782 
14621 7099 7528 7094 
14622 6811 7257 7163 
14623 6363 7360 7117 
14624 6354 7417 6686 
14625 6971 6973 6972 
14626 7139 7298 6374 
14627 1046 7549 1045 
14628 6277 7556 7126 
14629 6400 6403 6402 
14630 6415 6418 6417 
14631 7228 7494 6528 
14632 7108 7373 7109 
14633 6446 7420 6567 
14634 6717 7468 6714 
14635 7093 7094 7092 
14636 6669 6670 6668 
14637 7097 7099 7094 
14638 7251 7556 6277 
14639 6338 7513 6867 
14640 6646 6647 6645 
14641 6618 6620 6619 
14642 6997 7297 7134 
14643 6790 6791 6789 
14644 6889 6891 6890 
14645 6857 6859 6856 
14646 6561 7400 6413 
14647 7483 7626 7051 
14648 6711 7244 6712 
14649 7003 7179 6499 
14650 6634 7339 6633 
14651 7032 7034 7033 
14652 6654 7243 6655 
14653 7080 7083 7081 
14654 6759 6760 6758 
14655 6772 7411 6424 
14656 6698 6701 6699 
14657 7196 7583 6283 
14658 7153 7448 6337 
14659 7021 7022 7019 
14660 6705 7450 6360 
14661 6748 7324 7265 
14662 6822 7164 7163 
14663 6925 7623 6490 
14664 767 7584 6287 
14665 7425 7668 7004 
14666 7020 7021 7019 
14667 6623 6625 6621 
14668 6816 7658 6819 
14669 6968 6971 6970 
14670 6308 7514 7276 
14671 6958 7670 7010 
14672 7209 7574 7164 
14673 6792 7527 7282 
14674 6950 6951 6949 
14675 7200 7469 6355 
14676 6888 7618 7100 
14677 6981 6982 6980 
14678 6746 6749 6748 
14679 7010 7670 7320 
14680 6860 7512 6859 
14681 7014 7017 7016 
14682 6931 7289 7124 
14683 6373 7600 1039 
14684 6848 7533 7386 
14685 6618 7278 6622 
14686 6450 6453 6452 
14687 6355 7395 7213 
14688 6915 6916 6914 
14689 7213 7395 6889 
14690 6537 7664 7564 
14691 6942 6943 6940 
14692 6830 7559 7217 
14693 6444 7420 6446 
14694 6809 7444 7358 
14695 7280 7402 6536 
14696 7234 7320 6954 
14697 7258 7633 6304 
14698 7176 7401 7048 
14699 6562 7364 6960 
14700 957 7622 956 
14701 6605 7370 6609 
14702 7199 7229 6845 
14703 6618 6622 6620 
14704 6393 7580 6390 
14705 6815 7454 6814 
14706 6734 6737 6735 
14707 7397 7634 6582 
14708 7279 7428 7121 
14709 7163 7257 7162 
14710 6986 7384 6346 
14711 6735 7471 6733 
14712 6880 7267 7189 
14713 6970 7074 6969 
14714 6440 7461 7199 
14715 7465 7686 6422 
14716 7348 7393 6877 
14717 6834 6836 6833 
14718 7159 7256 7158 
14719 7406 7514 6308 
14720 6655 6657 6656 
14721 6635 6636 6634 
14722 6498 7631 7185 
14723 6715 6718 6717 
14724 6495 7522 7463 
14725 7239 7671 7131 
14726 7332 7500 6457 
14727 6432 7643 7441 
14728 6518 7380 7352 
14729 7192 7239 7170 
14730 6271 7543 7458 
14731 7190 7397 6582 
14732 7595 7643 6664 
14733 6998 7297 6997 
14734 7012 7242 7241 
14735 6825 6826 6824 
14736 6668 7341 6667 
14737 6282 7382 7262 
14738 7350 7644 6561 
14739 7256 7486 7217 
14740 6325 7611 7273 
14741 6488 7372 6675 
14742 6915 6918 6917 
14743 6692 7239 7192 
14744 6914 7406 7216 
14745 6660 6661 6658 
14746 6625 7493 6631 
14747 7204 7252 6865 
14748 7272 7275 6598 
14749 9 6569 6323 
14750 6665 7417 7270 
14751 6706 6707 6705 
14752 7042 7043 7041 
14753 6880 7189 7188 
14754 7102 7289 7103 
14755 6947 6950 6949 
14756 7055 7056 7054 
14757 6853 7256 7217 
14758 6436 7685 7605 
14759 7217 7559 6343 
14760 7031 7365 7032 
14761 6758 7323 6757 
14762 6917 6920 6916 
14763 7127 7598 7150 
14764 6550 7432 6420 
14765 7283 7294 6643 
14766 6629 7507 6624 
14767 7200 7557 7469 
14768 6832 6834 6833 
14769 6892 7098 6890 
14770 7335 7398 6932 
14771 6977 7215 6975 
14772 7422 7515 6273 
14773 6269 7442 7192 
14774 7070 7071 7068 
14775 6674 7680 6884 
14776 7010 7320 6286 
14777 7203 7518 6961 
14778 6967 7327 6968 
14779 6731 6734 6733 
14780 7183 7184 6924 
14781 7152 7268 7153 
14782 7277 7502 6972 
14783 6420 7432 6427 
14784 7122 7279 7121 
14785 7431 7625 6719 
14786 7096 7499 7231 
14787 6825 6827 6826 
14788 6580 7250 6601 
14789 7532 7573 6336 
14790 6284 7470 7390 
14791 7316 7387 7182 
14792 7131 7668 6372 
14793 6891 6893 6892 
14794 6310 7578 7337 
14795 6273 7515 7146 
14796 6824 7392 6828 
14797 6433 7674 7594 
14798 6852 7609 6607 
14799 7174 7278 7173 
14800 6457 7488 7090 
14801 7247 7368 6325 
14802 6733 6736 6732 
14803 7134 7297 6948 
14804 6855 6857 6856 
14805 6835 6838 6837 
14806 7194 7625 6278 
14807 7650 7652 6474 
14808 7646 7672 6555 
14809 6272 7331 7119 
14810 6893 7501 6894 
14811 6454 7299 6460 
14812 7000 7001 6998 
14813 6673 7680 6674 
14814 7221 7536 6505 
14815 6749 6750 6748 
14816 7050 7176 7048 
14817 6906 6907 6904 
14818 6895 7501 7385 
14819 6517 7615 6652 
14820 7257 7358 6850 
14821 7237 7529 7201 
14822 6932 6933 6930 
14823 6801 6804 6799 
14824 7238 7445 7123 
14825 7107 7593 7106 
14826 7216 7406 6308 
14827 7368 7611 6325 
14828 6798 7663 7384 
14829 6917 7356 6920 
14830 7286 7604 6606 
14831 6455 7617 7264 
14832 6830 7463 6827 
14833 7305 7470 6284 
14834 6744 7435 7248 
14835 6462 6465 6464 
14836 6742 7345 6740 
14837 6485 7474 7224 
14838 7105 7457 7069 
14839 6840 7362 6838 
14840 6807 7191 6802 
14841 6954 6956 6955 
14842 6836 6845 6844 
14843 7178 7186 6653 
14844 7266 7443 6293 
14845 6849 7605 6440 
14846 7150 7598 6747 
14847 6355 7469 7395 
14848 6778 7619 7491 
14849 6418 7400 6550 
14850 6907 7487 6909 
14851 6877 6878 6876 
14852 6574 6586 6572 
14853 7582 7633 6777 
14854 7354 7669 6316 
14855 7378 7443 7328 
14856 6435 7519 6560 
14857 6466 7361 6468 
14858 6431 6435 6434 
14859 6910 7659 7343 
14860 7111 7582 7581 
14861 6885 7336 7313 
14862 6502 7617 7521 
14863 6385 7638 7271 
14864 7189 7598 7188 
14865 7458 7543 6951 
14866 6295 7666 7008 
14867 6547 6630 6544 
14868 6646 6649 6647 
14869 6620 6621 6619 
14870 6990 6991 6989 
14871 6923 6924 6919 
14872 6569 6570 6323 
14873 7047 7048 7015 
14874 6846 7579 6848 
14875 7326 7396 6974 
14876 6722 7321 6721 
14877 7044 7344 7043 
14878 7374 7530 7376 
14879 6403 7394 6557 
14880 7318 7680 6673 
14881 6814 6817 6816 
14882 6786 6787 6785 
14883 7146 7515 7235 
14884 6336 7573 7145 
14885 6316 7669 7236 
14886 7015 7401 7014 
14887 6532 7574 7209 
14888 6532 7629 7191 
14889 6731 7248 6734 
14890 7411 7684 7412 
14891 6766 7413 7407 
14892 7456 7457 7105 
14893 6943 7403 7376 
14894 6636 6639 6637 
14895 6729 7090 6727 
14896 6804 7570 6799 
14897 7362 7517 6536 
14898 6760 6763 6762 
14899 7020 7023 7021 
14900 7035 7036 7034 
14901 7302 7543 6271 
14902 7098 7497 6890 
14903 7478 7479 6860 
14904 6448 7410 6450 
14905 7349 7506 6449 
14906 7049 7050 7048 
14907 6775 6776 6773 
14908 6992 6993 6991 
14909 7008 7666 7237 
14910 6675 7372 6676 
14911 6802 6805 6801 
14912 7082 7537 7080 
14913 7041 7427 7249 
14914 7567 7634 6581 
14915 7077 7560 7073 
14916 6941 7530 7374 
14917 6696 7446 7423 
14918 6787 6790 6789 
14919 6456 7500 7332 
14920 7466 7575 7467 
14921 6736 7415 6738 
14922 7292 7525 7344 
14923 6593 7546 6589 
14924 7328 7443 7016 
14925 6798 6799 6788 
14926 7017 7328 7016 
14927 7448 7449 7082 
14928 6294 7665 7275 
14929 6788 7570 6787 
14930 6849 7199 6837 
14931 7220 7665 6294 
14932 6707 6710 6709 
14933 6780 7611 7368 
14934 7404 7616 6463 
14935 6405 7577 6407 
14936 6739 7435 7367 
14937 6720 6721 6718 
14938 7481 7585 7482 
14939 7362 7605 6849 
14940 6727 7488 6724 
14941 7184 7224 6924 
14942 7540 7587 6539 
14943 6941 7374 7373 
14944 6708 7612 6707 
14945 6683 7596 7274 
14946 7503 7686 6410 
14947 7106 7593 7128 
14948 6494 7439 6959 
14949 6750 7606 7324 
14950 6330 7678 7204 
14951 6682 7206 6681 
14952 6694 7447 6696 
14953 7001 7297 6998 
14954 6577 6579 6578 
14955 6878 6881 6880 
14956 7501 7502 6426 
14957 6500 7645 7058 
14958 6670 6675 6672 
14959 7581 7582 6774 
14960 6842 7428 7279 
14961 6293 7443 7378 
14962 6934 6935 6933 
14963 6780 7619 6778 
14964 6960 7364 6957 
14965 6489 7626 7440 
14966 6873 7378 7328 
14967 6724 6725 6722 
14968 6959 7439 6936 
14969 6573 6577 6576 
14970 6919 7474 6918 
14971 7087 7332 7088 
14972 6773 7411 6772 
14973 6579 6584 6580 
14974 6413 7400 6415 
14975 6657 6660 6658 
14976 6756 7600 7473 
14977 7473 7600 6373 
14978 7542 7639 6396 
14979 7293 7500 6445 
14980 6398 7394 6400 
14981 6468 7361 6471 
14982 7313 7333 7160 
14983 6779 7633 7258 
14984 6716 7575 7330 
14985 6701 7381 6702 
14986 7521 7617 6455 
14987 6600 7665 7288 
14988 6873 7185 6872 
14989 7064 7585 7329 
14990 6973 7277 6972 
14991 6528 7494 6538 
14992 7071 7331 7068 
14993 6539 7552 7551 
14994 6557 7577 6405 
14995 6750 7324 6748 
14996 7095 7097 7094 
14997 6736 7471 7416 
14998 7456 7458 6951 
14999 6548 7614 7588 
15000 6643 7531 6638 
15001 6835 6837 6834 
15002 6645 7418 6648 
15003 6857 6860 6859 
15004 7351 7453 7352 
15005 6810 7191 6807 
15006 7084 7087 7086 
15007 6771 6772 6761 
15008 6674 6681 6671 
15009 6903 6906 6904 
15010 6641 7382 7338 
15011 6569 7312 6570 
15012 6490 7480 7479 
15013 6556 7672 7646 
15014 6845 7229 6846 
15015 6940 7530 6941 
15016 7267 7566 6552 
15017 6677 7505 7340 
15018 7262 7382 6981 
15019 7051 7052 7050 
15020 7261 7349 6993 
15021 6971 6972 6970 
15022 6363 7369 7360 
15023 6950 7285 6951 
15024 6492 7177 7176 
15025 7429 7495 6437 
15026 6828 7368 7247 
15027 6695 7520 6694 
15028 6747 7598 7189 
15029 6702 7614 6703 
15030 6845 7648 7199 
15031 7492 7656 6387 
15032 6659 7606 7295 
15033 6800 6801 6799 
15034 6623 6626 6625 
15035 7325 7489 6805 
15036 6664 7643 6432 
15037 7045 7344 6497 
15038 7494 7572 6538 
15039 6891 6892 6890 
15040 7429 7472 7457 
15041 7573 7599 7145 
15042 7016 7443 7266 
15043 6676 7440 6678 
15044 6749 6751 6750 
15045 6737 6743 6735 
15046 7097 7300 7099 
15047 6915 6917 6916 
15048 7199 7648 6837 
15049 6765 7513 7322 
15050 6660 6663 6661 
15051 7433 7668 7131 
15052 7217 7486 6830 
15053 7004 7433 7003 
15054 7023 7024 7021 
15055 7070 7379 7071 
15056 6734 6735 6733 
15057 7090 7488 6727 
15058 6649 7351 6647 
15059 6620 6623 6621 
15060 7000 7002 7001 
15061 6838 6849 6837 
15062 6881 7267 6880 
15063 6893 6894 6892 
15064 6751 7295 6750 
15065 6716 7468 7467 
15066 7289 7290 7103 
15067 7315 7560 6300 
15068 6487 7590 7300 
15069 6648 7418 7380 
15070 6486 7349 7261 
15071 6274 7550 7484 
15072 7493 7613 7568 
15073 7477 7478 6858 
15074 6729 7556 7251 
15075 7092 7528 7096 
15076 7621 7628 6388 
15077 7070 7429 7379 
15078 6529 7660 7640 
15079 7045 7405 7036 
15080 6841 7662 7422 
15081 7292 7344 7044 
15082 6848 7579 7533 
15083 7295 7498 6659 
15084 6450 7410 6453 
15085 6538 7572 6540 
15086 7337 7578 6631 
15087 6657 7498 6660 
15088 6874 7630 7287 
15089 6640 7496 6641 
15090 7160 7333 7161 
15091 7277 7503 7502 
15092 7229 7461 6537 
15093 6358 7518 7203 
15094 7122 7280 7279 
15095 7120 7428 7369 
15096 7083 7436 7084 
15097 7336 7434 6861 
15098 6954 7320 6956 
15099 7024 7564 7264 
15100 7493 7568 6631 
15101 7491 7619 6566 
15102 6811 7574 6810 
15103 7295 7606 6750 
15104 6648 7470 7305 
15105 6584 7250 6580 
15106 6415 7400 6418 
15107 6859 7512 7434 
15108 7466 7467 6992 
15109 6400 7394 6403 
15110 6627 7613 7493 
15111 6949 7543 7302 
15112 7064 7483 7482 
15113 7403 7404 7376 
15114 7376 7530 6943 
15115 6425 7541 7184 
15116 7479 7480 6399 
15117 6492 7558 7260 
15118 6840 7517 7362 
15119 7455 7576 6545 
15120 6828 7430 7368 
15121 7481 7482 7049 
15122 7504 7678 6864 
15123 6566 7522 7490 
15124 6559 7524 7299 
15125 6754 7683 6606 
15126 6776 7411 6773 
15127 7272 7591 7139 
15128 7376 7404 6563 
15129 7416 7471 6542 
15130 6725 7321 6722 
15131 6826 7392 6824 
15132 6572 7602 6573 
15133 6606 7609 7286 
15134 7440 7657 6489 
15135 6565 7491 7490 
15136 7069 7472 7067 
15137 7333 7334 7161 
15138 6728 7562 7532 
15139 6925 7477 6926 
15140 7264 7617 7269 
15141 7014 7401 7017 
15142 6490 7479 7478 
15143 6489 7657 7620 
15144 6703 7614 7304 
15145 6430 7635 7523 
15146 7415 7416 6708 
15147 6895 7077 7074 
15148 6536 7605 7362 
15149 6692 7671 7239 
15150 7372 7440 6676 
15151 7392 7430 6828 
15152 7414 7415 6708 
15153 7485 7486 7256 
15154 7070 7472 7429 
15155 6514 7553 7399 
15156 6682 7632 7206 
15157 7288 7630 6600 
15158 7467 7575 6716 
15159 7420 7586 6567 
15160 6392 7572 7494 
15161 6834 7648 6836 
15162 7312 7459 6596 
15163 6548 7576 7455 
15164 6647 7418 6645 
15165 7429 7457 6516 
15166 7236 7669 6783 
15167 7224 7474 6924 
15168 6595 7676 7227 
15169 7368 7430 6780 
15170 7482 7585 7064 
15171 7607 7608 7175 
15172 7121 7428 7120 
15173 7404 7476 6563 
15174 6460 7524 6462 
15175 6887 7497 6888 
15176 6920 7623 6925 
15177 6592 7529 7237 
15178 7588 7614 6702 
15179 7071 7379 7122 
15180 7056 7645 7057 
15181 6470 7526 7525 
15182 7541 7542 6395 
15183 6696 7447 7446 
15184 6684 7632 6682 
15185 7449 7537 7082 
15186 6663 7643 6661 
15187 7356 7623 6920 
15188 7356 7637 7623 
15189 6397 7637 7589 
15190 7469 7557 6896 
15191 6879 7565 6878 
15192 6428 7519 6431 
15193 6423 7601 7465 
15194 7445 7682 6309 
15195 6467 7673 7364 
15196 7454 7455 6817 
15197 6573 7602 6577 
15198 7229 7579 6846 
15199 6787 7570 6790 
15200 6486 7647 7506 
15201 6491 7632 7475 
15202 6516 7674 7495 
15203 7463 7464 6495 
15204 7411 7412 6424 
15205 7067 7472 7070 
15206 6490 7637 7480 
15207 6542 7660 7587 
15208 6814 7454 6817 
15209 7159 7485 7256 
15210 6838 7362 6849 
15211 6783 7607 7175 
15212 6425 7542 7541 
15213 6486 7506 7349 
15214 6497 7405 7045 
15215 6884 7680 6290 
15216 7344 7525 6497 
15217 6726 7573 7532 
15218 7453 7636 6461 
15219 6513 7640 7399 
15220 6707 7612 6710 
15221 7320 7670 6956 
15222 7161 7485 7159 
15223 7495 7674 6433 
15224 6895 7385 7077 
15225 6551 7525 7292 
15226 6516 7495 7429 
15227 6377 7659 7230 
15228 7073 7560 7315 
15229 7407 7413 6768 
15230 7057 7565 6879 
15231 7084 7436 7087 
15232 6524 7635 7594 
15233 6924 7474 6919 
15234 6842 7517 6840 
15235 6540 7572 6547 
15236 6598 7591 7272 
15237 6663 7679 7441 
15238 7337 7568 7155 
15239 7004 7668 7433 
15240 7230 7659 6908 
15241 7204 7678 7504 
15242 6537 7579 7229 
15243 7623 7637 6490 
15244 6957 7673 6494 
15245 7372 7657 7440 
15246 7048 7401 7015 
15247 7131 7671 7433 
15248 7299 7524 6460 
15249 7043 7427 7041 
15250 7506 7647 6447 
15251 7260 7558 6480 
15252 7384 7663 6346 
15253 6799 7570 6788 
15254 6461 7616 7453 
15255 6543 7551 7381 
15256 7655 7673 6467 
15257 7525 7526 6497 
15258 6991 7653 6994 
15259 7080 7537 7083 
15260 6724 7488 6725 
15261 7381 7588 6702 
15262 7527 7610 6795 
15263 6839 7515 7422 
15264 6837 7648 6834 
15265 7300 7590 6414 
15266 6462 7524 6465 
15267 6890 7497 6887 
15268 6520 7656 7492 
15269 7279 7517 6842 
15270 7264 7564 6455 
15271 7416 7612 6708 
15272 7184 7541 7224 
15273 7502 7503 6426 
15274 6419 7679 7642 
15275 7602 7603 6577 
15276 7642 7679 6493 
15277 7023 7533 7024 
15278 7387 7613 6627 
15279 6783 7669 7607 
15280 7206 7651 6488 
15281 6631 7568 7337 
15282 6943 7530 6940 
15283 6796 7608 7607 
15284 6566 7430 7392 
15285 7094 7528 7092 
15286 6431 7519 6435 
15287 6463 7476 7404 
15288 7457 7472 7069 
15289 7496 7516 6517 
15290 7237 7666 6592 
15291 6923 7682 7445 
15292 7430 7619 6780 
15293 6425 7639 7542 
15294 7364 7597 6467 
15295 6577 7603 6579 
15296 7461 7641 6441 
15297 7434 7512 6861 
15298 7155 7613 7316 
15299 7564 7664 6455 
15300 6586 7602 6572 
15301 6512 7489 7325 
15302 7551 7552 6541 
15303 7490 7522 6495 
15304 7380 7418 7352 
15305 7653 7654 6496 
15306 7370 7661 6522 
15307 6836 7648 6845 
15308 6459 7636 7615 
15309 6878 7565 6881 
15310 7649 7676 6595 
15311 6694 7520 7447 
15312 7349 7654 6993 
15313 6582 7634 7567 
15314 6874 7631 7630 
15315 6408 7686 7465 
15316 6562 7597 7364 
15317 7316 7613 7387 
15318 7569 7642 6493 
15319 6491 7652 7650 
15320 6993 7653 6991 
15321 7238 7681 7445 
15322 7439 7655 6469 
15323 7532 7562 6726 
15324 7538 7675 6458 
15325 7607 7669 7354 
15326 7364 7673 6957 
15327 6516 7457 7456 
15328 7447 7520 6549 
15329 7399 7553 6513 
15330 6796 7607 7354 
15331 6519 7486 7485 
15332 6579 7646 6584 
15333 6474 7651 7650 
15334 6640 7516 7496 
15335 6440 7685 7641 
15336 7422 7662 6839 
15337 7632 7650 7206 
15338 7641 7685 6439 
15339 7650 7651 7206 
15340 6440 7641 7461 
15341 7563 7677 6484 
15342 6993 7654 7653 
15343 7544 7667 6451 
15344 7603 7646 6579 
15345 7568 7613 7155 
15346 7605 7685 6440 
15347 6792 7610 7527 
15348 7412 7684 6404 
15349 7465 7601 6408 
15350 7480 7637 6397 
15351 6566 7619 7430 
15352 7587 7660 6529 
15353 7620 7657 6476 
15354 7445 7681 6923 
15355 6556 7646 7603 
15356 7594 7635 6430 
15357 6491 7650 7632 
15358 7441 7679 6419 
15359 6590 7676 7649 
15360 7052 7558 6492 
15361 6609 7555 6611 
15362 6628 7639 6626 
15363 6638 6639 6636 
15364 6671 6675 6670 
15365 6710 7451 6709 
15366 6761 6763 6760 
15367 7304 7454 6815 
15368 6817 7627 6818 
15369 6913 6915 6912 
15370 6955 6965 6953 
$EndElements
