$ Created by Gmsh
GRID    1       0       0.0600000.0200000.00E+00
GRID    2       0       0.0400000.0200000.00E+00
GRID    3       0       0.0200000.0200000.00E+00
GRID    4       0       0.0200000.0400000.00E+00
GRID    5       0       0.0400000.0400000.00E+00
GRID    6       0       0.0600000.0400000.00E+00
GRID    7       0       -0.06000-0.060000.00E+00
GRID    8       0       0.120000-0.060000.00E+00
GRID    9       0       -0.060000.1200000.00E+00
GRID    10      0       0.1200000.1200000.00E+00
GRID    11      0       0.00E+000.00E+000.00E+00
GRID    12      0       0.0600000.00E+000.00E+00
GRID    13      0       0.0600000.0600000.00E+00
GRID    14      0       0.00E+000.0600000.00E+00
GRID    15      0       0.0595040.0200000.00E+00
GRID    16      0       0.0590080.0200000.00E+00
GRID    17      0       0.0585120.0200000.00E+00
GRID    18      0       0.0580160.0200000.00E+00
GRID    19      0       0.0575200.0200000.00E+00
GRID    20      0       0.0570240.0200000.00E+00
GRID    21      0       0.0565280.0200000.00E+00
GRID    22      0       0.0560320.0200000.00E+00
GRID    23      0       0.0554960.0200000.00E+00
GRID    24      0       0.0548610.0200000.00E+00
GRID    25      0       0.0541060.0200000.00E+00
GRID    26      0       0.0532110.0200000.00E+00
GRID    27      0       0.0521470.0200000.00E+00
GRID    28      0       0.0508840.0200000.00E+00
GRID    29      0       0.0493840.0200000.00E+00
GRID    30      0       0.0476040.0200000.00E+00
GRID    31      0       0.0454900.0200000.00E+00
GRID    32      0       0.0429800.0200000.00E+00
GRID    33      0       0.0370200.0200000.00E+00
GRID    34      0       0.0345100.0200000.00E+00
GRID    35      0       0.0323960.0200000.00E+00
GRID    36      0       0.0306160.0200000.00E+00
GRID    37      0       0.0291160.0200000.00E+00
GRID    38      0       0.0278530.0200000.00E+00
GRID    39      0       0.0267890.0200000.00E+00
GRID    40      0       0.0258940.0200000.00E+00
GRID    41      0       0.0251390.0200000.00E+00
GRID    42      0       0.0245040.0200000.00E+00
GRID    43      0       0.0239680.0200000.00E+00
GRID    44      0       0.0234720.0200000.00E+00
GRID    45      0       0.0229760.0200000.00E+00
GRID    46      0       0.0224800.0200000.00E+00
GRID    47      0       0.0219840.0200000.00E+00
GRID    48      0       0.0214880.0200000.00E+00
GRID    49      0       0.0209920.0200000.00E+00
GRID    50      0       0.0204960.0200000.00E+00
GRID    51      0       0.0200000.0205000.00E+00
GRID    52      0       0.0200000.0210000.00E+00
GRID    53      0       0.0200000.0214990.00E+00
GRID    54      0       0.0200000.0219990.00E+00
GRID    55      0       0.0200000.0224990.00E+00
GRID    56      0       0.0200000.0229990.00E+00
GRID    57      0       0.0200000.0234990.00E+00
GRID    58      0       0.0200000.0239980.00E+00
GRID    59      0       0.0200000.0245440.00E+00
GRID    60      0       0.0200000.0251920.00E+00
GRID    61      0       0.0200000.0259630.00E+00
GRID    62      0       0.0200000.0268790.00E+00
GRID    63      0       0.0200000.0279680.00E+00
GRID    64      0       0.0200000.0292630.00E+00
GRID    65      0       0.0200000.0307370.00E+00
GRID    66      0       0.0200000.0320320.00E+00
GRID    67      0       0.0200000.0331210.00E+00
GRID    68      0       0.0200000.0340370.00E+00
GRID    69      0       0.0200000.0348080.00E+00
GRID    70      0       0.0200000.0354560.00E+00
GRID    71      0       0.0200000.0360020.00E+00
GRID    72      0       0.0200000.0365010.00E+00
GRID    73      0       0.0200000.0370010.00E+00
GRID    74      0       0.0200000.0375010.00E+00
GRID    75      0       0.0200000.0380010.00E+00
GRID    76      0       0.0200000.0385010.00E+00
GRID    77      0       0.0200000.0390000.00E+00
GRID    78      0       0.0200000.0395000.00E+00
GRID    79      0       0.0204960.0400000.00E+00
GRID    80      0       0.0209920.0400000.00E+00
GRID    81      0       0.0214880.0400000.00E+00
GRID    82      0       0.0219840.0400000.00E+00
GRID    83      0       0.0224800.0400000.00E+00
GRID    84      0       0.0229760.0400000.00E+00
GRID    85      0       0.0234720.0400000.00E+00
GRID    86      0       0.0239680.0400000.00E+00
GRID    87      0       0.0245040.0400000.00E+00
GRID    88      0       0.0251390.0400000.00E+00
GRID    89      0       0.0258940.0400000.00E+00
GRID    90      0       0.0267890.0400000.00E+00
GRID    91      0       0.0278530.0400000.00E+00
GRID    92      0       0.0291160.0400000.00E+00
GRID    93      0       0.0306160.0400000.00E+00
GRID    94      0       0.0323960.0400000.00E+00
GRID    95      0       0.0345100.0400000.00E+00
GRID    96      0       0.0370200.0400000.00E+00
GRID    97      0       0.0429800.0400000.00E+00
GRID    98      0       0.0454900.0400000.00E+00
GRID    99      0       0.0476040.0400000.00E+00
GRID    100     0       0.0493840.0400000.00E+00
GRID    101     0       0.0508840.0400000.00E+00
GRID    102     0       0.0521470.0400000.00E+00
GRID    103     0       0.0532110.0400000.00E+00
GRID    104     0       0.0541060.0400000.00E+00
GRID    105     0       0.0548610.0400000.00E+00
GRID    106     0       0.0554960.0400000.00E+00
GRID    107     0       0.0560320.0400000.00E+00
GRID    108     0       0.0565280.0400000.00E+00
GRID    109     0       0.0570240.0400000.00E+00
GRID    110     0       0.0575200.0400000.00E+00
GRID    111     0       0.0580160.0400000.00E+00
GRID    112     0       0.0585120.0400000.00E+00
GRID    113     0       0.0590080.0400000.00E+00
GRID    114     0       0.0595040.0400000.00E+00
GRID    115     0       -0.05500-0.060000.00E+00
GRID    116     0       -0.05000-0.060000.00E+00
GRID    117     0       -0.04500-0.060000.00E+00
GRID    118     0       -0.04000-0.060000.00E+00
GRID    119     0       -0.03500-0.060000.00E+00
GRID    120     0       -0.03000-0.060000.00E+00
GRID    121     0       -0.02500-0.060000.00E+00
GRID    122     0       -0.02000-0.060000.00E+00
GRID    123     0       -0.01500-0.060000.00E+00
GRID    124     0       -0.01000-0.060000.00E+00
GRID    125     0       -0.00500-0.060000.00E+00
GRID    126     0       1.39E-17-0.060000.00E+00
GRID    127     0       0.005000-0.060000.00E+00
GRID    128     0       0.010000-0.060000.00E+00
GRID    129     0       0.015000-0.060000.00E+00
GRID    130     0       0.020000-0.060000.00E+00
GRID    131     0       0.025000-0.060000.00E+00
GRID    132     0       0.030000-0.060000.00E+00
GRID    133     0       0.035000-0.060000.00E+00
GRID    134     0       0.040000-0.060000.00E+00
GRID    135     0       0.045000-0.060000.00E+00
GRID    136     0       0.050000-0.060000.00E+00
GRID    137     0       0.055000-0.060000.00E+00
GRID    138     0       0.060000-0.060000.00E+00
GRID    139     0       0.065000-0.060000.00E+00
GRID    140     0       0.070000-0.060000.00E+00
GRID    141     0       0.075000-0.060000.00E+00
GRID    142     0       0.080000-0.060000.00E+00
GRID    143     0       0.085000-0.060000.00E+00
GRID    144     0       0.090000-0.060000.00E+00
GRID    145     0       0.095000-0.060000.00E+00
GRID    146     0       0.100000-0.060000.00E+00
GRID    147     0       0.105000-0.060000.00E+00
GRID    148     0       0.110000-0.060000.00E+00
GRID    149     0       0.115000-0.060000.00E+00
GRID    150     0       -0.060000.1150000.00E+00
GRID    151     0       -0.060000.1100000.00E+00
GRID    152     0       -0.060000.1050000.00E+00
GRID    153     0       -0.060000.1000000.00E+00
GRID    154     0       -0.060000.0950000.00E+00
GRID    155     0       -0.060000.0900000.00E+00
GRID    156     0       -0.060000.0850000.00E+00
GRID    157     0       -0.060000.0800000.00E+00
GRID    158     0       -0.060000.0750000.00E+00
GRID    159     0       -0.060000.0700000.00E+00
GRID    160     0       -0.060000.0650000.00E+00
GRID    161     0       -0.060000.0600000.00E+00
GRID    162     0       -0.060000.0550000.00E+00
GRID    163     0       -0.060000.0500000.00E+00
GRID    164     0       -0.060000.0450000.00E+00
GRID    165     0       -0.060000.0400000.00E+00
GRID    166     0       -0.060000.0350000.00E+00
GRID    167     0       -0.060000.0300000.00E+00
GRID    168     0       -0.060000.0250000.00E+00
GRID    169     0       -0.060000.0200000.00E+00
GRID    170     0       -0.060000.0150000.00E+00
GRID    171     0       -0.060000.0100000.00E+00
GRID    172     0       -0.060000.0050000.00E+00
GRID    173     0       -0.060002.78E-170.00E+00
GRID    174     0       -0.06000-0.005000.00E+00
GRID    175     0       -0.06000-0.010000.00E+00
GRID    176     0       -0.06000-0.015000.00E+00
GRID    177     0       -0.06000-0.020000.00E+00
GRID    178     0       -0.06000-0.025000.00E+00
GRID    179     0       -0.06000-0.030000.00E+00
GRID    180     0       -0.06000-0.035000.00E+00
GRID    181     0       -0.06000-0.040000.00E+00
GRID    182     0       -0.06000-0.045000.00E+00
GRID    183     0       -0.06000-0.050000.00E+00
GRID    184     0       -0.06000-0.055000.00E+00
GRID    185     0       0.120000-0.055000.00E+00
GRID    186     0       0.120000-0.050000.00E+00
GRID    187     0       0.120000-0.045000.00E+00
GRID    188     0       0.120000-0.040000.00E+00
GRID    189     0       0.120000-0.035000.00E+00
GRID    190     0       0.120000-0.030000.00E+00
GRID    191     0       0.120000-0.025000.00E+00
GRID    192     0       0.120000-0.020000.00E+00
GRID    193     0       0.120000-0.015000.00E+00
GRID    194     0       0.120000-0.010000.00E+00
GRID    195     0       0.120000-0.005000.00E+00
GRID    196     0       0.1200001.39E-170.00E+00
GRID    197     0       0.1200000.0050000.00E+00
GRID    198     0       0.1200000.0100000.00E+00
GRID    199     0       0.1200000.0150000.00E+00
GRID    200     0       0.1200000.0200000.00E+00
GRID    201     0       0.1200000.0250000.00E+00
GRID    202     0       0.1200000.0300000.00E+00
GRID    203     0       0.1200000.0350000.00E+00
GRID    204     0       0.1200000.0400000.00E+00
GRID    205     0       0.1200000.0450000.00E+00
GRID    206     0       0.1200000.0500000.00E+00
GRID    207     0       0.1200000.0550000.00E+00
GRID    208     0       0.1200000.0600000.00E+00
GRID    209     0       0.1200000.0650000.00E+00
GRID    210     0       0.1200000.0700000.00E+00
GRID    211     0       0.1200000.0750000.00E+00
GRID    212     0       0.1200000.0800000.00E+00
GRID    213     0       0.1200000.0850000.00E+00
GRID    214     0       0.1200000.0900000.00E+00
GRID    215     0       0.1200000.0950000.00E+00
GRID    216     0       0.1200000.1000000.00E+00
GRID    217     0       0.1200000.1050000.00E+00
GRID    218     0       0.1200000.1100000.00E+00
GRID    219     0       0.1200000.1150000.00E+00
GRID    220     0       0.1150000.1200000.00E+00
GRID    221     0       0.1100000.1200000.00E+00
GRID    222     0       0.1050000.1200000.00E+00
GRID    223     0       0.1000000.1200000.00E+00
GRID    224     0       0.0950000.1200000.00E+00
GRID    225     0       0.0900000.1200000.00E+00
GRID    226     0       0.0850000.1200000.00E+00
GRID    227     0       0.0800000.1200000.00E+00
GRID    228     0       0.0750000.1200000.00E+00
GRID    229     0       0.0700000.1200000.00E+00
GRID    230     0       0.0650000.1200000.00E+00
GRID    231     0       0.0600000.1200000.00E+00
GRID    232     0       0.0550000.1200000.00E+00
GRID    233     0       0.0500000.1200000.00E+00
GRID    234     0       0.0450000.1200000.00E+00
GRID    235     0       0.0400000.1200000.00E+00
GRID    236     0       0.0350000.1200000.00E+00
GRID    237     0       0.0300000.1200000.00E+00
GRID    238     0       0.0250000.1200000.00E+00
GRID    239     0       0.0200000.1200000.00E+00
GRID    240     0       0.0150000.1200000.00E+00
GRID    241     0       0.0100000.1200000.00E+00
GRID    242     0       0.0050000.1200000.00E+00
GRID    243     0       2.78E-170.1200000.00E+00
GRID    244     0       -0.005000.1200000.00E+00
GRID    245     0       -0.010000.1200000.00E+00
GRID    246     0       -0.015000.1200000.00E+00
GRID    247     0       -0.020000.1200000.00E+00
GRID    248     0       -0.025000.1200000.00E+00
GRID    249     0       -0.030000.1200000.00E+00
GRID    250     0       -0.035000.1200000.00E+00
GRID    251     0       -0.040000.1200000.00E+00
GRID    252     0       -0.045000.1200000.00E+00
GRID    253     0       -0.050000.1200000.00E+00
GRID    254     0       -0.055000.1200000.00E+00
GRID    255     0       0.0042080.00E+000.00E+00
GRID    256     0       0.0080110.00E+000.00E+00
GRID    257     0       0.0115080.00E+000.00E+00
GRID    258     0       0.0147880.00E+000.00E+00
GRID    259     0       0.0179350.00E+000.00E+00
GRID    260     0       0.0210310.00E+000.00E+00
GRID    261     0       0.0241520.00E+000.00E+00
GRID    262     0       0.0273790.00E+000.00E+00
GRID    263     0       0.0307940.00E+000.00E+00
GRID    264     0       0.0344840.00E+000.00E+00
GRID    265     0       0.0385460.00E+000.00E+00
GRID    266     0       0.0428560.00E+000.00E+00
GRID    267     0       0.0467820.00E+000.00E+00
GRID    268     0       0.0503700.00E+000.00E+00
GRID    269     0       0.0537130.00E+000.00E+00
GRID    270     0       0.0568960.00E+000.00E+00
GRID    271     0       0.0600000.0029800.00E+00
GRID    272     0       0.0600000.0054900.00E+00
GRID    273     0       0.0600000.0076040.00E+00
GRID    274     0       0.0600000.0093840.00E+00
GRID    275     0       0.0600000.0108840.00E+00
GRID    276     0       0.0600000.0121470.00E+00
GRID    277     0       0.0600000.0132110.00E+00
GRID    278     0       0.0600000.0141060.00E+00
GRID    279     0       0.0600000.0148610.00E+00
GRID    280     0       0.0600000.0154960.00E+00
GRID    281     0       0.0600000.0160320.00E+00
GRID    282     0       0.0600000.0165280.00E+00
GRID    283     0       0.0600000.0170240.00E+00
GRID    284     0       0.0600000.0175200.00E+00
GRID    285     0       0.0600000.0180160.00E+00
GRID    286     0       0.0600000.0185120.00E+00
GRID    287     0       0.0600000.0190080.00E+00
GRID    288     0       0.0600000.0195040.00E+00
GRID    289     0       0.0600000.0205000.00E+00
GRID    290     0       0.0600000.0210000.00E+00
GRID    291     0       0.0600000.0214990.00E+00
GRID    292     0       0.0600000.0219990.00E+00
GRID    293     0       0.0600000.0224990.00E+00
GRID    294     0       0.0600000.0229990.00E+00
GRID    295     0       0.0600000.0234990.00E+00
GRID    296     0       0.0600000.0239980.00E+00
GRID    297     0       0.0600000.0245440.00E+00
GRID    298     0       0.0600000.0251920.00E+00
GRID    299     0       0.0600000.0259630.00E+00
GRID    300     0       0.0600000.0268790.00E+00
GRID    301     0       0.0600000.0279680.00E+00
GRID    302     0       0.0600000.0292630.00E+00
GRID    303     0       0.0600000.0307370.00E+00
GRID    304     0       0.0600000.0320320.00E+00
GRID    305     0       0.0600000.0331210.00E+00
GRID    306     0       0.0600000.0340370.00E+00
GRID    307     0       0.0600000.0348080.00E+00
GRID    308     0       0.0600000.0354560.00E+00
GRID    309     0       0.0600000.0360020.00E+00
GRID    310     0       0.0600000.0365010.00E+00
GRID    311     0       0.0600000.0370010.00E+00
GRID    312     0       0.0600000.0375010.00E+00
GRID    313     0       0.0600000.0380010.00E+00
GRID    314     0       0.0600000.0385010.00E+00
GRID    315     0       0.0600000.0390000.00E+00
GRID    316     0       0.0600000.0395000.00E+00
GRID    317     0       0.0600000.0404960.00E+00
GRID    318     0       0.0600000.0409920.00E+00
GRID    319     0       0.0600000.0414880.00E+00
GRID    320     0       0.0600000.0419840.00E+00
GRID    321     0       0.0600000.0424800.00E+00
GRID    322     0       0.0600000.0429760.00E+00
GRID    323     0       0.0600000.0434720.00E+00
GRID    324     0       0.0600000.0439680.00E+00
GRID    325     0       0.0600000.0445040.00E+00
GRID    326     0       0.0600000.0451390.00E+00
GRID    327     0       0.0600000.0458940.00E+00
GRID    328     0       0.0600000.0467890.00E+00
GRID    329     0       0.0600000.0478530.00E+00
GRID    330     0       0.0600000.0491160.00E+00
GRID    331     0       0.0600000.0506160.00E+00
GRID    332     0       0.0600000.0523960.00E+00
GRID    333     0       0.0600000.0545100.00E+00
GRID    334     0       0.0600000.0570200.00E+00
GRID    335     0       0.0568960.0600000.00E+00
GRID    336     0       0.0537130.0600000.00E+00
GRID    337     0       0.0503700.0600000.00E+00
GRID    338     0       0.0467820.0600000.00E+00
GRID    339     0       0.0428560.0600000.00E+00
GRID    340     0       0.0385460.0600000.00E+00
GRID    341     0       0.0344840.0600000.00E+00
GRID    342     0       0.0307940.0600000.00E+00
GRID    343     0       0.0273790.0600000.00E+00
GRID    344     0       0.0241520.0600000.00E+00
GRID    345     0       0.0210310.0600000.00E+00
GRID    346     0       0.0179350.0600000.00E+00
GRID    347     0       0.0147880.0600000.00E+00
GRID    348     0       0.0115080.0600000.00E+00
GRID    349     0       0.0080110.0600000.00E+00
GRID    350     0       0.0042080.0600000.00E+00
GRID    351     0       0.00E+000.0556640.00E+00
GRID    352     0       0.00E+000.0517550.00E+00
GRID    353     0       0.00E+000.0481680.00E+00
GRID    354     0       0.00E+000.0448010.00E+00
GRID    355     0       0.00E+000.0415650.00E+00
GRID    356     0       0.00E+000.0383710.00E+00
GRID    357     0       0.00E+000.0351330.00E+00
GRID    358     0       0.00E+000.0317630.00E+00
GRID    359     0       0.00E+000.0282370.00E+00
GRID    360     0       0.00E+000.0248670.00E+00
GRID    361     0       0.00E+000.0216290.00E+00
GRID    362     0       0.00E+000.0184350.00E+00
GRID    363     0       0.00E+000.0151990.00E+00
GRID    364     0       0.00E+000.0118320.00E+00
GRID    365     0       0.00E+000.0082450.00E+00
GRID    366     0       0.00E+000.0043360.00E+00
GRID    367     0       0.0594200.0448330.00E+00
GRID    368     0       0.0551700.0194930.00E+00
GRID    369     0       0.0525780.0408710.00E+00
GRID    370     0       0.0591630.0126900.00E+00
GRID    371     0       0.0222300.0195360.00E+00
GRID    372     0       0.0248290.0194960.00E+00
GRID    373     0       0.0221560.0403990.00E+00
GRID    374     0       0.0248500.0405140.00E+00
GRID    375     0       0.0501480.0189500.00E+00
GRID    376     0       0.0587370.0499940.00E+00
GRID    377     0       0.0195550.0371690.00E+00
GRID    378     0       0.0192820.0344400.00E+00
GRID    379     0       0.0195670.0392500.00E+00
GRID    380     0       0.0195180.0227730.00E+00
GRID    381     0       0.0193940.0255830.00E+00
GRID    382     0       0.0195860.0207740.00E+00
GRID    383     0       0.0190120.0314090.00E+00
GRID    384     0       0.0273490.0408710.00E+00
GRID    385     0       0.0273210.0191510.00E+00
GRID    386     0       0.0557590.0403830.00E+00
GRID    387     0       0.0595760.0157650.00E+00
GRID    388     0       0.0208180.0404590.00E+00
GRID    389     0       0.0207580.0195930.00E+00
GRID    390     0       0.0596030.0427330.00E+00
GRID    391     0       0.0572720.0195700.00E+00
GRID    392     0       0.0131340.0569650.00E+00
GRID    393     0       0.0128310.0028680.00E+00
GRID    394     0       0.0572840.0403920.00E+00
GRID    395     0       0.0595700.0172720.00E+00
GRID    396     0       0.0315860.0414400.00E+00
GRID    397     0       0.0314820.0187450.00E+00
GRID    398     0       0.0024620.0166490.00E+00
GRID    399     0       0.0027840.0431830.00E+00
GRID    400     0       0.0484980.0413640.00E+00
GRID    401     0       0.0228420.0572330.00E+00
GRID    402     0       0.0230110.0024550.00E+00
GRID    403     0       0.0028890.0268400.00E+00
GRID    404     0       0.0586570.0085390.00E+00
GRID    405     0       0.0442300.0176470.00E+00
GRID    406     0       0.0485760.0030010.00E+00
GRID    407     0       0.0189430.0286290.00E+00
GRID    408     0       0.0385230.0177750.00E+00
GRID    409     0       0.0417180.0421740.00E+00
GRID    410     0       0.0483120.0567310.00E+00
GRID    411     0       0.0328070.0031310.00E+00
GRID    412     0       0.0330620.0568930.00E+00
GRID    413     0       0.0592970.0462300.00E+00
GRID    414     0       0.0536920.0193250.00E+00
GRID    415     0       0.0580740.0531810.00E+00
GRID    416     0       0.0355430.0418040.00E+00
GRID    417     0       0.0544290.0406170.00E+00
GRID    418     0       0.0593980.0144840.00E+00
GRID    419     0       0.0030030.0335740.00E+00
GRID    420     0       0.0195710.0357090.00E+00
GRID    421     0       0.0195380.0242790.00E+00
GRID    422     0       0.0195270.0382690.00E+00
GRID    423     0       0.0195720.0217740.00E+00
GRID    424     0       0.0582650.0196060.00E+00
GRID    425     0       0.0233210.0196140.00E+00
GRID    426     0       0.0562800.0195700.00E+00
GRID    427     0       0.0595110.0417010.00E+00
GRID    428     0       0.0232550.0404030.00E+00
GRID    429     0       0.0595810.0182630.00E+00
GRID    430     0       0.0596050.0437430.00E+00
GRID    431     0       0.0582610.0404140.00E+00
GRID    432     0       0.0030110.0499620.00E+00
GRID    433     0       0.0034360.0100480.00E+00
GRID    434     0       0.0407010.0034590.00E+00
GRID    435     0       0.0405600.0570580.00E+00
GRID    436     0       0.0556400.0027080.00E+00
GRID    437     0       0.0063210.0575040.00E+00
GRID    438     0       0.0065880.0029980.00E+00
GRID    439     0       0.0595240.0192500.00E+00
GRID    440     0       0.0595530.0407630.00E+00
GRID    441     0       0.0554580.0571800.00E+00
GRID    442     0       0.0028270.0302350.00E+00
GRID    443     0       0.0055330.0284190.00E+00
GRID    444     0       0.0055690.0255340.00E+00
GRID    445     0       0.0076980.0270230.00E+00
GRID    446     0       0.0077750.0246380.00E+00
GRID    447     0       0.0096370.0258410.00E+00
GRID    448     0       0.0097070.0239130.00E+00
GRID    449     0       0.0096830.0281050.00E+00
GRID    450     0       0.0111740.0248920.00E+00
GRID    451     0       0.0112720.0232810.00E+00
GRID    452     0       0.0125630.0240510.00E+00
GRID    453     0       0.0125570.0226870.00E+00
GRID    454     0       0.0114910.0219130.00E+00
GRID    455     0       0.0126550.0214470.00E+00
GRID    456     0       0.0117130.0206970.00E+00
GRID    457     0       0.0129400.0202880.00E+00
GRID    458     0       0.0118890.0195290.00E+00
GRID    459     0       0.0129450.0191560.00E+00
GRID    460     0       0.0137930.0196970.00E+00
GRID    461     0       0.0138780.0188090.00E+00
GRID    462     0       0.0131070.0181560.00E+00
GRID    463     0       0.0140890.0178170.00E+00
GRID    464     0       0.0133020.0171880.00E+00
GRID    465     0       0.0142220.0167960.00E+00
GRID    466     0       0.0134900.0162170.00E+00
GRID    467     0       0.0144250.0158690.00E+00
GRID    468     0       0.0124630.0165790.00E+00
GRID    469     0       0.0151670.0165640.00E+00
GRID    470     0       0.0153330.0156260.00E+00
GRID    471     0       0.0159970.0161950.00E+00
GRID    472     0       0.0161590.0154030.00E+00
GRID    473     0       0.0167130.0159140.00E+00
GRID    474     0       0.0169070.0151740.00E+00
GRID    475     0       0.0174650.0157120.00E+00
GRID    476     0       0.0165780.0166680.00E+00
GRID    477     0       0.0163270.0145860.00E+00
GRID    478     0       0.0135800.0152570.00E+00
GRID    479     0       0.0171020.0143850.00E+00
GRID    480     0       0.0165260.0137150.00E+00
GRID    481     0       0.0174550.0134570.00E+00
GRID    482     0       0.0136040.0232830.00E+00
GRID    483     0       0.0145660.0193860.00E+00
GRID    484     0       0.0167260.0127020.00E+00
GRID    485     0       0.0177730.0124240.00E+00
GRID    486     0       0.0185180.0132460.00E+00
GRID    487     0       0.0188400.0121700.00E+00
GRID    488     0       0.0196120.0129560.00E+00
GRID    489     0       0.0199140.0119330.00E+00
GRID    490     0       0.0206400.0127450.00E+00
GRID    491     0       0.0203420.0137060.00E+00
GRID    492     0       0.0212710.0134960.00E+00
GRID    493     0       0.0216680.0125730.00E+00
GRID    494     0       0.0222950.0134010.00E+00
GRID    495     0       0.0209920.0144130.00E+00
GRID    496     0       0.0227200.0123740.00E+00
GRID    497     0       0.0234310.0131890.00E+00
GRID    498     0       0.0238390.0121780.00E+00
GRID    499     0       0.0246000.0130750.00E+00
GRID    500     0       0.0125560.0254870.00E+00
GRID    501     0       0.0191290.0110120.00E+00
GRID    502     0       0.0230710.0112130.00E+00
GRID    503     0       0.0250290.0119720.00E+00
GRID    504     0       0.0240860.0141610.00E+00
GRID    505     0       0.0252710.0140190.00E+00
GRID    506     0       0.0248550.0150570.00E+00
GRID    507     0       0.0259260.0149220.00E+00
GRID    508     0       0.0082090.0226740.00E+00
GRID    509     0       0.0145220.0201240.00E+00
GRID    510     0       0.0151660.0198450.00E+00
GRID    511     0       0.0151250.0205180.00E+00
GRID    512     0       0.0156910.0202570.00E+00
GRID    513     0       0.0156540.0208460.00E+00
GRID    514     0       0.0161550.0206020.00E+00
GRID    515     0       0.0161240.0211350.00E+00
GRID    516     0       0.0161990.0200650.00E+00
GRID    517     0       0.0165860.0209030.00E+00
GRID    518     0       0.0165570.0214140.00E+00
GRID    519     0       0.0170060.0211890.00E+00
GRID    520     0       0.0169780.0216900.00E+00
GRID    521     0       0.0165300.0219170.00E+00
GRID    522     0       0.0169580.0221950.00E+00
GRID    523     0       0.0165060.0224190.00E+00
GRID    524     0       0.0169420.0227150.00E+00
GRID    525     0       0.0164510.0229540.00E+00
GRID    526     0       0.0169280.0232800.00E+00
GRID    527     0       0.0163970.0235210.00E+00
GRID    528     0       0.0169130.0238900.00E+00
GRID    529     0       0.0163170.0241950.00E+00
GRID    530     0       0.0174030.0219660.00E+00
GRID    531     0       0.0169130.0246140.00E+00
GRID    532     0       0.0162120.0249500.00E+00
GRID    533     0       0.0168960.0254170.00E+00
GRID    534     0       0.0160750.0257990.00E+00
GRID    535     0       0.0152330.0192170.00E+00
GRID    536     0       0.0173890.0230120.00E+00
GRID    537     0       0.0254680.0158790.00E+00
GRID    538     0       0.0245520.0160170.00E+00
GRID    539     0       0.0265570.0157650.00E+00
GRID    540     0       0.0270410.0147760.00E+00
GRID    541     0       0.0160970.0221460.00E+00
GRID    542     0       0.0170410.0206830.00E+00
GRID    543     0       0.0174540.0209660.00E+00
GRID    544     0       0.0174840.0204690.00E+00
GRID    545     0       0.0169690.0115990.00E+00
GRID    546     0       0.0157780.0119490.00E+00
GRID    547     0       0.0160040.0106180.00E+00
GRID    548     0       0.0145620.0111090.00E+00
GRID    549     0       0.0201560.0145520.00E+00
GRID    550     0       0.0206650.0151300.00E+00
GRID    551     0       0.0200290.0152900.00E+00
GRID    552     0       0.0204510.0157390.00E+00
GRID    553     0       0.0199030.0158880.00E+00
GRID    554     0       0.0202740.0162730.00E+00
GRID    555     0       0.0197690.0164000.00E+00
GRID    556     0       0.0207980.0161700.00E+00
GRID    557     0       0.0206100.0166620.00E+00
GRID    558     0       0.0211070.0165790.00E+00
GRID    559     0       0.0209280.0170490.00E+00
GRID    560     0       0.0214210.0169700.00E+00
GRID    561     0       0.0215990.0165030.00E+00
GRID    562     0       0.0219160.0168930.00E+00
GRID    563     0       0.0212420.0174370.00E+00
GRID    564     0       0.0207500.0175170.00E+00
GRID    565     0       0.0220950.0164160.00E+00
GRID    566     0       0.0224160.0168130.00E+00
GRID    567     0       0.0222300.0172830.00E+00
GRID    568     0       0.0227240.0172120.00E+00
GRID    569     0       0.0225390.0176760.00E+00
GRID    570     0       0.0230290.0176090.00E+00
GRID    571     0       0.0151270.0211670.00E+00
GRID    572     0       0.0210640.0179050.00E+00
GRID    573     0       0.0205840.0179890.00E+00
GRID    574     0       0.0250970.0168630.00E+00
GRID    575     0       0.0193970.0160520.00E+00
GRID    576     0       0.0192840.0165430.00E+00
GRID    577     0       0.0179010.0207450.00E+00
GRID    578     0       0.0179320.0202460.00E+00
GRID    579     0       0.0175180.0199700.00E+00
GRID    580     0       0.0179630.0197470.00E+00
GRID    581     0       0.0175470.0194710.00E+00
GRID    582     0       0.0179940.0192480.00E+00
GRID    583     0       0.0175770.0189720.00E+00
GRID    584     0       0.0180250.0187490.00E+00
GRID    585     0       0.0184410.0190250.00E+00
GRID    586     0       0.0184660.0185360.00E+00
GRID    587     0       0.0180490.0182670.00E+00
GRID    588     0       0.0188880.0188040.00E+00
GRID    589     0       0.0189200.0183070.00E+00
GRID    590     0       0.0107080.0199680.00E+00
GRID    591     0       0.0158650.0231430.00E+00
GRID    592     0       0.0278010.0157250.00E+00
GRID    593     0       0.0283380.0144200.00E+00
GRID    594     0       0.0226270.0163290.00E+00
GRID    595     0       0.0222660.0158860.00E+00
GRID    596     0       0.0175550.0242150.00E+00
GRID    597     0       0.0149600.0095200.00E+00
GRID    598     0       0.0133400.0100370.00E+00
GRID    599     0       0.0166220.0092260.00E+00
GRID    600     0       0.0228470.0180780.00E+00
GRID    601     0       0.0233460.0180160.00E+00
GRID    602     0       0.0223540.0181410.00E+00
GRID    603     0       0.0202370.0175850.00E+00
GRID    604     0       0.0171290.0191940.00E+00
GRID    605     0       0.0171600.0186950.00E+00
GRID    606     0       0.0183800.0200230.00E+00
GRID    607     0       0.0193370.0185800.00E+00
GRID    608     0       0.0168860.0263500.00E+00
GRID    609     0       0.0159110.0267890.00E+00
GRID    610     0       0.0228540.0157910.00E+00
GRID    611     0       0.0129990.0117350.00E+00
GRID    612     0       0.0116790.0105790.00E+00
GRID    613     0       0.0113330.0123890.00E+00
GRID    614     0       0.0098670.0111740.00E+00
GRID    615     0       0.0094830.0130120.00E+00
GRID    616     0       0.0195010.0148760.00E+00
GRID    617     0       0.0102150.0092270.00E+00
GRID    618     0       0.0189120.0162020.00E+00
GRID    619     0       0.0188050.0166910.00E+00
GRID    620     0       0.0191690.0170200.00E+00
GRID    621     0       0.0235090.0175060.00E+00
GRID    622     0       0.0238610.0179310.00E+00
GRID    623     0       0.0167130.0189180.00E+00
GRID    624     0       0.0167440.0184190.00E+00
GRID    625     0       0.0108850.0186790.00E+00
GRID    626     0       0.0096010.0191530.00E+00
GRID    627     0       0.0098080.0176590.00E+00
GRID    628     0       0.0082960.0182320.00E+00
GRID    629     0       0.0186890.0171580.00E+00
GRID    630     0       0.0183270.0168360.00E+00
GRID    631     0       0.0236650.0184300.00E+00
GRID    632     0       0.0241820.0183590.00E+00
GRID    633     0       0.0208870.0183720.00E+00
GRID    634     0       0.0155600.0244600.00E+00
GRID    635     0       0.0203720.0107240.00E+00
GRID    636     0       0.0193980.0096500.00E+00
GRID    637     0       0.0208990.0093760.00E+00
GRID    638     0       0.0197640.0081020.00E+00
GRID    639     0       0.0214750.0077400.00E+00
GRID    640     0       0.0291860.0156590.00E+00
GRID    641     0       0.0298790.0142880.00E+00
GRID    642     0       0.0289560.0129530.00E+00
GRID    643     0       0.0306250.0127180.00E+00
GRID    644     0       0.0295440.0112670.00E+00
GRID    645     0       0.0314880.0109320.00E+00
GRID    646     0       0.0316290.0140820.00E+00
GRID    647     0       0.0301250.0092740.00E+00
GRID    648     0       0.0324490.0088280.00E+00
GRID    649     0       0.0338910.0108160.00E+00
GRID    650     0       0.0158000.0140360.00E+00
GRID    651     0       0.0226610.0185490.00E+00
GRID    652     0       0.0221690.0186070.00E+00
GRID    653     0       0.0279720.0099350.00E+00
GRID    654     0       0.0287030.0076110.00E+00
GRID    655     0       0.0265010.0079990.00E+00
GRID    656     0       0.0193050.0190790.00E+00
GRID    657     0       0.0197410.0188740.00E+00
GRID    658     0       0.0224610.0152870.00E+00
GRID    659     0       0.0152020.0074990.00E+00
GRID    660     0       0.0350060.0084830.00E+00
GRID    661     0       0.0366690.0107610.00E+00
GRID    662     0       0.0239780.0188590.00E+00
GRID    663     0       0.0168440.0274080.00E+00
GRID    664     0       0.0158040.0279650.00E+00
GRID    665     0       0.0148090.0272880.00E+00
GRID    666     0       0.0145650.0285890.00E+00
GRID    667     0       0.0157510.0293820.00E+00
GRID    668     0       0.0143950.0301140.00E+00
GRID    669     0       0.0156690.0309690.00E+00
GRID    670     0       0.0143040.0316620.00E+00
GRID    671     0       0.0156180.0325820.00E+00
GRID    672     0       0.0143330.0331170.00E+00
GRID    673     0       0.0153070.0339180.00E+00
GRID    674     0       0.0143050.0343990.00E+00
GRID    675     0       0.0152680.0351930.00E+00
GRID    676     0       0.0142230.0355420.00E+00
GRID    677     0       0.0150450.0361480.00E+00
GRID    678     0       0.0141430.0365400.00E+00
GRID    679     0       0.0150040.0370980.00E+00
GRID    680     0       0.0141260.0374540.00E+00
GRID    681     0       0.0149160.0380240.00E+00
GRID    682     0       0.0140830.0383190.00E+00
GRID    683     0       0.0147270.0388180.00E+00
GRID    684     0       0.0140060.0391270.00E+00
GRID    685     0       0.0146610.0395510.00E+00
GRID    686     0       0.0139500.0398850.00E+00
GRID    687     0       0.0132940.0385670.00E+00
GRID    688     0       0.0132850.0360000.00E+00
GRID    689     0       0.0153420.0392410.00E+00
GRID    690     0       0.0152680.0399040.00E+00
GRID    691     0       0.0158250.0396620.00E+00
GRID    692     0       0.0157800.0402180.00E+00
GRID    693     0       0.0162630.0399870.00E+00
GRID    694     0       0.0162270.0405070.00E+00
GRID    695     0       0.0157770.0407330.00E+00
GRID    696     0       0.0163320.0394670.00E+00
GRID    697     0       0.0167550.0402460.00E+00
GRID    698     0       0.0166650.0407780.00E+00
GRID    699     0       0.0171020.0405620.00E+00
GRID    700     0       0.0170670.0410470.00E+00
GRID    701     0       0.0175230.0408270.00E+00
GRID    702     0       0.0174870.0413210.00E+00
GRID    703     0       0.0156770.0366460.00E+00
GRID    704     0       0.0179420.0411010.00E+00
GRID    705     0       0.0179120.0416080.00E+00
GRID    706     0       0.0175730.0403060.00E+00
GRID    707     0       0.0129370.0326370.00E+00
GRID    708     0       0.0166240.0412560.00E+00
GRID    709     0       0.0161690.0346460.00E+00
GRID    710     0       0.0202780.0063410.00E+00
GRID    711     0       0.0272550.0057930.00E+00
GRID    712     0       0.0177870.0269500.00E+00
GRID    713     0       0.0193780.0180820.00E+00
GRID    714     0       0.0171910.0181960.00E+00
GRID    715     0       0.0167800.0179100.00E+00
GRID    716     0       0.0163150.0181490.00E+00
GRID    717     0       0.0172500.0176850.00E+00
GRID    718     0       0.0085450.0165320.00E+00
GRID    719     0       0.0178710.0212430.00E+00
GRID    720     0       0.0183180.0210210.00E+00
GRID    721     0       0.0182870.0215200.00E+00
GRID    722     0       0.0284400.0169420.00E+00
GRID    723     0       0.0078870.0116620.00E+00
GRID    724     0       0.0136280.0276500.00E+00
GRID    725     0       0.0182150.0173170.00E+00
GRID    726     0       0.0178390.0169940.00E+00
GRID    727     0       0.0187300.0212970.00E+00
GRID    728     0       0.0186980.0217960.00E+00
GRID    729     0       0.0182570.0220160.00E+00
GRID    730     0       0.0186720.0222950.00E+00
GRID    731     0       0.0182300.0225140.00E+00
GRID    732     0       0.0186340.0227930.00E+00
GRID    733     0       0.0351270.0132040.00E+00
GRID    734     0       0.0163560.0176370.00E+00
GRID    735     0       0.0158630.0178690.00E+00
GRID    736     0       0.0246870.0062950.00E+00
GRID    737     0       0.0190250.0157150.00E+00
GRID    738     0       0.0232070.0162770.00E+00
GRID    739     0       0.0182050.0230160.00E+00
GRID    740     0       0.0186040.0232930.00E+00
GRID    741     0       0.0187550.0207980.00E+00
GRID    742     0       0.0244330.0178440.00E+00
GRID    743     0       0.0248050.0183630.00E+00
GRID    744     0       0.0109090.0144010.00E+00
GRID    745     0       0.0184320.0067910.00E+00
GRID    746     0       0.0189080.0047700.00E+00
GRID    747     0       0.0383290.0131110.00E+00
GRID    748     0       0.0398100.0104670.00E+00
GRID    749     0       0.0413920.0129680.00E+00
GRID    750     0       0.0430030.0103030.00E+00
GRID    751     0       0.0445330.0131410.00E+00
GRID    752     0       0.0460000.0103230.00E+00
GRID    753     0       0.0475180.0125440.00E+00
GRID    754     0       0.0486520.0103470.00E+00
GRID    755     0       0.0498980.0123440.00E+00
GRID    756     0       0.0509100.0104310.00E+00
GRID    757     0       0.0519810.0123940.00E+00
GRID    758     0       0.0529020.0104310.00E+00
GRID    759     0       0.0537800.0120160.00E+00
GRID    760     0       0.0532370.0135120.00E+00
GRID    761     0       0.0545670.0133450.00E+00
GRID    762     0       0.0540630.0145380.00E+00
GRID    763     0       0.0552330.0144520.00E+00
GRID    764     0       0.0547840.0154270.00E+00
GRID    765     0       0.0558040.0153640.00E+00
GRID    766     0       0.0536480.0156460.00E+00
GRID    767     0       0.0554050.0161850.00E+00
GRID    768     0       0.0562390.0161210.00E+00
GRID    769     0       0.0559640.0169270.00E+00
GRID    770     0       0.0566620.0167530.00E+00
GRID    771     0       0.0569910.0161230.00E+00
GRID    772     0       0.0572720.0167440.00E+00
GRID    773     0       0.0570180.0172340.00E+00
GRID    774     0       0.0575380.0172200.00E+00
GRID    775     0       0.0578090.0167500.00E+00
GRID    776     0       0.0562430.0144730.00E+00
GRID    777     0       0.0573040.0176830.00E+00
GRID    778     0       0.0567870.0176750.00E+00
GRID    779     0       0.0578060.0176550.00E+00
GRID    780     0       0.0554230.0121130.00E+00
GRID    781     0       0.0551220.0169610.00E+00
GRID    782     0       0.0575810.0181050.00E+00
GRID    783     0       0.0580790.0180760.00E+00
GRID    784     0       0.0519480.0086640.00E+00
GRID    785     0       0.0583040.0176360.00E+00
GRID    786     0       0.0555800.0175880.00E+00
GRID    787     0       0.0488700.0142430.00E+00
GRID    788     0       0.0548570.0176740.00E+00
GRID    789     0       0.0539670.0086620.00E+00
GRID    790     0       0.0578540.0185230.00E+00
GRID    791     0       0.0583530.0184940.00E+00
GRID    792     0       0.0573570.0185530.00E+00
GRID    793     0       0.0529680.0067650.00E+00
GRID    794     0       0.0551960.0070990.00E+00
GRID    795     0       0.0543500.0170960.00E+00
GRID    796     0       0.0553020.0182070.00E+00
GRID    797     0       0.0444940.0078030.00E+00
GRID    798     0       0.0540350.0179330.00E+00
GRID    799     0       0.0534450.0172210.00E+00
GRID    800     0       0.0185260.0158500.00E+00
GRID    801     0       0.0186210.0153070.00E+00
GRID    802     0       0.0067260.0172070.00E+00
GRID    803     0       0.0066220.0191170.00E+00
GRID    804     0       0.0215550.0178250.00E+00
GRID    805     0       0.0070950.0153330.00E+00
GRID    806     0       0.0218830.0154710.00E+00
GRID    807     0       0.0220630.0147800.00E+00
GRID    808     0       0.0530320.0181050.00E+00
GRID    809     0       0.0524070.0172930.00E+00
GRID    810     0       0.0520140.0182650.00E+00
GRID    811     0       0.0181930.0235180.00E+00
GRID    812     0       0.0185820.0237950.00E+00
GRID    813     0       0.0190270.0235380.00E+00
GRID    814     0       0.0559890.0181410.00E+00
GRID    815     0       0.0556960.0186750.00E+00
GRID    816     0       0.0563110.0186150.00E+00
GRID    817     0       0.0227260.0146200.00E+00
GRID    818     0       0.0169010.0318760.00E+00
GRID    819     0       0.0239140.0152750.00E+00
GRID    820     0       0.0166900.0194100.00E+00
GRID    821     0       0.0162740.0191010.00E+00
GRID    822     0       0.0511980.0173630.00E+00
GRID    823     0       0.0516960.0163930.00E+00
GRID    824     0       0.0507370.0067950.00E+00
GRID    825     0       0.0179610.0165050.00E+00
GRID    826     0       0.0504100.0164420.00E+00
GRID    827     0       0.0174790.0166560.00E+00
GRID    828     0       0.0203860.0184320.00E+00
GRID    829     0       0.0513750.0047930.00E+00
GRID    830     0       0.0158560.0183660.00E+00
GRID    831     0       0.0153260.0181310.00E+00
GRID    832     0       0.0206210.0188320.00E+00
GRID    833     0       0.0211820.0187420.00E+00
GRID    834     0       0.0171140.0301410.00E+00
GRID    835     0       0.0243490.0084420.00E+00
GRID    836     0       0.0165850.0054500.00E+00
GRID    837     0       0.0242870.0167810.00E+00
GRID    838     0       0.0234670.0188900.00E+00
GRID    839     0       0.0576680.0189370.00E+00
GRID    840     0       0.0185840.0175930.00E+00
GRID    841     0       0.0159100.0169100.00E+00
GRID    842     0       0.0126310.0134300.00E+00
GRID    843     0       0.0143070.0127950.00E+00
GRID    844     0       0.0162390.0355650.00E+00
GRID    845     0       0.0169140.0352180.00E+00
GRID    846     0       0.0170170.0343460.00E+00
GRID    847     0       0.0176720.0349200.00E+00
GRID    848     0       0.0175570.0356750.00E+00
GRID    849     0       0.0178310.0340770.00E+00
GRID    850     0       0.0181970.0354220.00E+00
GRID    851     0       0.0180560.0360850.00E+00
GRID    852     0       0.0175070.0363220.00E+00
GRID    853     0       0.0179570.0366610.00E+00
GRID    854     0       0.0174630.0368780.00E+00
GRID    855     0       0.0178830.0371840.00E+00
GRID    856     0       0.0174110.0373910.00E+00
GRID    857     0       0.0178160.0376880.00E+00
GRID    858     0       0.0173560.0378920.00E+00
GRID    859     0       0.0177590.0381870.00E+00
GRID    860     0       0.0173020.0383890.00E+00
GRID    861     0       0.0177050.0386840.00E+00
GRID    862     0       0.0168980.0380940.00E+00
GRID    863     0       0.0181620.0384820.00E+00
GRID    864     0       0.0181080.0389790.00E+00
GRID    865     0       0.0184810.0364710.00E+00
GRID    866     0       0.0182840.0374970.00E+00
GRID    867     0       0.0176510.0391810.00E+00
GRID    868     0       0.0180550.0394760.00E+00
GRID    869     0       0.0185660.0387770.00E+00
GRID    870     0       0.0169920.0370980.00E+00
GRID    871     0       0.0186170.0382840.00E+00
GRID    872     0       0.0168440.0385910.00E+00
GRID    873     0       0.0164400.0382960.00E+00
GRID    874     0       0.0164940.0377990.00E+00
GRID    875     0       0.0160260.0380000.00E+00
GRID    876     0       0.0159630.0385350.00E+00
GRID    877     0       0.0197250.0193490.00E+00
GRID    878     0       0.0192500.0195720.00E+00
GRID    879     0       0.0034030.0240670.00E+00
GRID    880     0       0.0030860.0205570.00E+00
GRID    881     0       0.0172020.0334680.00E+00
GRID    882     0       0.0179990.0332330.00E+00
GRID    883     0       0.0505890.0139520.00E+00
GRID    884     0       0.0257020.0039620.00E+00
GRID    885     0       0.0300560.0168730.00E+00
GRID    886     0       0.0095360.0205940.00E+00
GRID    887     0       0.0175470.0397750.00E+00
GRID    888     0       0.0171310.0393890.00E+00
GRID    889     0       0.0250600.0177260.00E+00
GRID    890     0       0.0255230.0183060.00E+00
GRID    891     0       0.0257760.0175430.00E+00
GRID    892     0       0.0262990.0182210.00E+00
GRID    893     0       0.0266630.0174190.00E+00
GRID    894     0       0.0276520.0032060.00E+00
GRID    895     0       0.0153990.0173990.00E+00
GRID    896     0       0.0055320.0315200.00E+00
GRID    897     0       0.0058110.0343190.00E+00
GRID    898     0       0.0077730.0328530.00E+00
GRID    899     0       0.0081030.0355390.00E+00
GRID    900     0       0.0062110.0366880.00E+00
GRID    901     0       0.0080430.0376990.00E+00
GRID    902     0       0.0064420.0388050.00E+00
GRID    903     0       0.0083440.0395040.00E+00
GRID    904     0       0.0098580.0384390.00E+00
GRID    905     0       0.0099880.0401450.00E+00
GRID    906     0       0.0086890.0412280.00E+00
GRID    907     0       0.0101740.0417500.00E+00
GRID    908     0       0.0089970.0428590.00E+00
GRID    909     0       0.0105800.0434080.00E+00
GRID    910     0       0.0093270.0444860.00E+00
GRID    911     0       0.0108780.0449820.00E+00
GRID    912     0       0.0120790.0439670.00E+00
GRID    913     0       0.0123550.0455020.00E+00
GRID    914     0       0.0112110.0465350.00E+00
GRID    915     0       0.0127350.0469070.00E+00
GRID    916     0       0.0138440.0458020.00E+00
GRID    917     0       0.0141640.0472150.00E+00
GRID    918     0       0.0151320.0462980.00E+00
GRID    919     0       0.0154480.0475250.00E+00
GRID    920     0       0.0162420.0466570.00E+00
GRID    921     0       0.0166390.0477950.00E+00
GRID    922     0       0.0174120.0468210.00E+00
GRID    923     0       0.0177940.0480490.00E+00
GRID    924     0       0.0186270.0472210.00E+00
GRID    925     0       0.0189490.0483300.00E+00
GRID    926     0       0.0197200.0474810.00E+00
GRID    927     0       0.0194330.0464870.00E+00
GRID    928     0       0.0203750.0467290.00E+00
GRID    929     0       0.0207850.0476700.00E+00
GRID    930     0       0.0214340.0468480.00E+00
GRID    931     0       0.0218390.0478790.00E+00
GRID    932     0       0.0224920.0469080.00E+00
GRID    933     0       0.0200280.0458440.00E+00
GRID    934     0       0.0229590.0481120.00E+00
GRID    935     0       0.0237020.0471950.00E+00
GRID    936     0       0.0233270.0461280.00E+00
GRID    937     0       0.0244060.0463070.00E+00
GRID    938     0       0.0248990.0473650.00E+00
GRID    939     0       0.0256440.0464080.00E+00
GRID    940     0       0.0192270.0456230.00E+00
GRID    941     0       0.0198210.0450380.00E+00
GRID    942     0       0.0191280.0448660.00E+00
GRID    943     0       0.0196410.0443790.00E+00
GRID    944     0       0.0202440.0445340.00E+00
GRID    945     0       0.0200490.0439590.00E+00
GRID    946     0       0.0206000.0440740.00E+00
GRID    947     0       0.0204130.0435660.00E+00
GRID    948     0       0.0209320.0436740.00E+00
GRID    949     0       0.0207700.0431960.00E+00
GRID    950     0       0.0212650.0432940.00E+00
GRID    951     0       0.0202850.0430950.00E+00
GRID    952     0       0.0261950.0475770.00E+00
GRID    953     0       0.0239690.0453550.00E+00
GRID    954     0       0.0190390.0442170.00E+00
GRID    955     0       0.0211030.0428210.00E+00
GRID    956     0       0.0215940.0429160.00E+00
GRID    957     0       0.0181230.0492470.00E+00
GRID    958     0       0.0221780.0490600.00E+00
GRID    959     0       0.0270270.0464630.00E+00
GRID    960     0       0.0276370.0478150.00E+00
GRID    961     0       0.0160010.0454640.00E+00
GRID    962     0       0.0116380.0480780.00E+00
GRID    963     0       0.0266470.0489280.00E+00
GRID    964     0       0.0214320.0437660.00E+00
GRID    965     0       0.0214320.0424440.00E+00
GRID    966     0       0.0219220.0425390.00E+00
GRID    967     0       0.0220850.0430120.00E+00
GRID    968     0       0.0224140.0426340.00E+00
GRID    969     0       0.0209410.0423480.00E+00
GRID    970     0       0.0145700.0485370.00E+00
GRID    971     0       0.0208220.0446130.00E+00
GRID    972     0       0.0285240.0465860.00E+00
GRID    973     0       0.0292630.0480980.00E+00
GRID    974     0       0.0225780.0431090.00E+00
GRID    975     0       0.0229050.0427290.00E+00
GRID    976     0       0.0302160.0466850.00E+00
GRID    977     0       0.0312180.0483140.00E+00
GRID    978     0       0.0099560.0477380.00E+00
GRID    979     0       0.0227420.0422570.00E+00
GRID    980     0       0.0232370.0423440.00E+00
GRID    981     0       0.0234080.0428470.00E+00
GRID    982     0       0.0237660.0424370.00E+00
GRID    983     0       0.0239450.0429640.00E+00
GRID    984     0       0.0243700.0425220.00E+00
GRID    985     0       0.0245890.0431320.00E+00
GRID    986     0       0.0185620.0446060.00E+00
GRID    987     0       0.0184590.0440070.00E+00
GRID    988     0       0.0299170.0499800.00E+00
GRID    989     0       0.0212690.0419710.00E+00
GRID    990     0       0.0207940.0418750.00E+00
GRID    991     0       0.0183560.0413850.00E+00
GRID    992     0       0.0183220.0418890.00E+00
GRID    993     0       0.0179080.0420840.00E+00
GRID    994     0       0.0187710.0416630.00E+00
GRID    995     0       0.0187380.0421650.00E+00
GRID    996     0       0.0183860.0408400.00E+00
GRID    997     0       0.0250830.0426010.00E+00
GRID    998     0       0.0253370.0433570.00E+00
GRID    999     0       0.0236140.0434070.00E+00
GRID    1000    0       0.0103420.0495120.00E+00
GRID    1001    0       0.0191870.0419410.00E+00
GRID    1002    0       0.0192130.0414260.00E+00
GRID    1003    0       0.0180090.0443920.00E+00
GRID    1004    0       0.0178870.0438090.00E+00
GRID    1005    0       0.0235580.0419550.00E+00
GRID    1006    0       0.0275850.0451400.00E+00
GRID    1007    0       0.0188990.0436470.00E+00
GRID    1008    0       0.0320010.0503290.00E+00
GRID    1009    0       0.0334960.0484260.00E+00
GRID    1010    0       0.0229890.0451970.00E+00
GRID    1011    0       0.0191530.0424340.00E+00
GRID    1012    0       0.0174350.0442010.00E+00
GRID    1013    0       0.0173160.0435970.00E+00
GRID    1014    0       0.0259020.0427250.00E+00
GRID    1015    0       0.0168460.0440050.00E+00
GRID    1016    0       0.0167360.0433740.00E+00
GRID    1017    0       0.0162300.0438000.00E+00
GRID    1018    0       0.0161110.0431450.00E+00
GRID    1019    0       0.0155660.0435910.00E+00
GRID    1020    0       0.0154370.0428790.00E+00
GRID    1021    0       0.0148380.0433590.00E+00
GRID    1022    0       0.0147110.0425850.00E+00
GRID    1023    0       0.0166280.0427700.00E+00
GRID    1024    0       0.0345500.0507200.00E+00
GRID    1025    0       0.0360420.0486510.00E+00
GRID    1026    0       0.0196000.0422160.00E+00
GRID    1027    0       0.0175490.0448230.00E+00
GRID    1028    0       0.0194100.0495990.00E+00
GRID    1029    0       0.0183440.0506690.00E+00
GRID    1030    0       0.0198980.0510330.00E+00
GRID    1031    0       0.0188040.0522930.00E+00
GRID    1032    0       0.0170250.0518280.00E+00
GRID    1033    0       0.0175390.0537050.00E+00
GRID    1034    0       0.0211090.0414980.00E+00
GRID    1035    0       0.0215970.0415940.00E+00
GRID    1036    0       0.0205640.0413480.00E+00
GRID    1037    0       0.0235100.0493710.00E+00
GRID    1038    0       0.0204280.0527880.00E+00
GRID    1039    0       0.0214350.0411210.00E+00
GRID    1040    0       0.0186930.0426570.00E+00
GRID    1041    0       0.0254140.0418760.00E+00
GRID    1042    0       0.0114540.0407520.00E+00
GRID    1043    0       0.0150510.0442700.00E+00
GRID    1044    0       0.0075830.0439560.00E+00
GRID    1045    0       0.0156150.0531240.00E+00
GRID    1046    0       0.0177600.0432320.00E+00
GRID    1047    0       0.0153380.0420950.00E+00
GRID    1048    0       0.0145810.0418130.00E+00
GRID    1049    0       0.0139340.0423020.00E+00
GRID    1050    0       0.0084380.0489450.00E+00
GRID    1051    0       0.0087740.0510140.00E+00
GRID    1052    0       0.0113220.0514160.00E+00
GRID    1053    0       0.0222480.0434870.00E+00
GRID    1054    0       0.0097280.0341040.00E+00
GRID    1055    0       0.0097340.0320000.00E+00
GRID    1056    0       0.0261740.0435600.00E+00
GRID    1057    0       0.0268940.0428530.00E+00
GRID    1058    0       0.0255020.0443570.00E+00
GRID    1059    0       0.0138430.0414580.00E+00
GRID    1060    0       0.0130920.0419760.00E+00
GRID    1061    0       0.0219240.0412240.00E+00
GRID    1062    0       0.0307990.0520510.00E+00
GRID    1063    0       0.0141580.0439220.00E+00
GRID    1064    0       0.0282690.0515460.00E+00
GRID    1065    0       0.0292790.0539670.00E+00
GRID    1066    0       0.0267680.0535640.00E+00
GRID    1067    0       0.0373070.0512040.00E+00
GRID    1068    0       0.0391210.0483860.00E+00
GRID    1069    0       0.0225620.0504480.00E+00
GRID    1070    0       0.0241770.0509620.00E+00
GRID    1071    0       0.0146580.0410320.00E+00
GRID    1072    0       0.0220880.0416900.00E+00
GRID    1073    0       0.0224140.0413210.00E+00
GRID    1074    0       0.0204640.0422010.00E+00
GRID    1075    0       0.0195140.0427240.00E+00
GRID    1076    0       0.0095400.0533900.00E+00
GRID    1077    0       0.0346850.0464520.00E+00
GRID    1078    0       0.0079050.0457370.00E+00
GRID    1079    0       0.0060390.0451980.00E+00
GRID    1080    0       0.0044510.0378950.00E+00
GRID    1081    0       0.0230140.0520810.00E+00
GRID    1082    0       0.0070280.0528220.00E+00
GRID    1083    0       0.0227860.0436420.00E+00
GRID    1084    0       0.0224260.0440230.00E+00
GRID    1085    0       0.0229800.0441330.00E+00
GRID    1086    0       0.0151610.0512130.00E+00
GRID    1087    0       0.0131190.0429530.00E+00
GRID    1088    0       0.0130790.0410950.00E+00
GRID    1089    0       0.0161140.0552230.00E+00
GRID    1090    0       0.0184260.0556590.00E+00
GRID    1091    0       0.0224000.0458240.00E+00
GRID    1092    0       0.0221770.0450330.00E+00
GRID    1093    0       0.0213080.0458120.00E+00
GRID    1094    0       0.0122270.0426290.00E+00
GRID    1095    0       0.0100580.0360040.00E+00
GRID    1096    0       0.0112500.0349580.00E+00
GRID    1097    0       0.0113820.0367110.00E+00
GRID    1098    0       0.0273770.0559880.00E+00
GRID    1099    0       0.0194640.0438180.00E+00
GRID    1100    0       0.0193410.0432560.00E+00
GRID    1101    0       0.0183570.0461300.00E+00
GRID    1102    0       0.0406310.0517000.00E+00
GRID    1103    0       0.0427220.0490670.00E+00
GRID    1104    0       0.0440900.0517480.00E+00
GRID    1105    0       0.0458070.0492540.00E+00
GRID    1106    0       0.0447420.0467730.00E+00
GRID    1107    0       0.0474010.0471970.00E+00
GRID    1108    0       0.0484570.0493910.00E+00
GRID    1109    0       0.0497760.0475100.00E+00
GRID    1110    0       0.0507160.0494650.00E+00
GRID    1111    0       0.0518450.0475690.00E+00
GRID    1112    0       0.0526940.0494930.00E+00
GRID    1113    0       0.0537340.0480250.00E+00
GRID    1114    0       0.0531370.0465000.00E+00
GRID    1115    0       0.0545620.0467480.00E+00
GRID    1116    0       0.0540260.0452610.00E+00
GRID    1117    0       0.0527080.0451720.00E+00
GRID    1118    0       0.0553830.0456390.00E+00
GRID    1119    0       0.0549490.0445040.00E+00
GRID    1120    0       0.0558480.0446810.00E+00
GRID    1121    0       0.0555100.0438200.00E+00
GRID    1122    0       0.0562750.0439170.00E+00
GRID    1123    0       0.0567210.0445740.00E+00
GRID    1124    0       0.0559690.0432050.00E+00
GRID    1125    0       0.0566510.0432830.00E+00
GRID    1126    0       0.0564190.0426730.00E+00
GRID    1127    0       0.0570380.0427980.00E+00
GRID    1128    0       0.0572560.0432980.00E+00
GRID    1129    0       0.0575670.0428210.00E+00
GRID    1130    0       0.0573660.0423750.00E+00
GRID    1131    0       0.0578540.0424080.00E+00
GRID    1132    0       0.0557080.0467830.00E+00
GRID    1133    0       0.0552390.0430510.00E+00
GRID    1134    0       0.0578050.0432950.00E+00
GRID    1135    0       0.0576430.0419520.00E+00
GRID    1136    0       0.0570860.0419520.00E+00
GRID    1137    0       0.0581460.0420010.00E+00
GRID    1138    0       0.0545290.0496400.00E+00
GRID    1139    0       0.0535780.0511620.00E+00
GRID    1140    0       0.0583500.0424570.00E+00
GRID    1141    0       0.0579290.0415410.00E+00
GRID    1142    0       0.0584340.0415920.00E+00
GRID    1143    0       0.0575340.0437480.00E+00
GRID    1144    0       0.0580840.0437660.00E+00
GRID    1145    0       0.0577940.0442430.00E+00
GRID    1146    0       0.0489360.0454010.00E+00
GRID    1147    0       0.0583780.0442640.00E+00
GRID    1148    0       0.0580540.0447750.00E+00
GRID    1149    0       0.0494310.0514100.00E+00
GRID    1150    0       0.0583340.0433030.00E+00
GRID    1151    0       0.0554070.0512060.00E+00
GRID    1152    0       0.0545370.0528590.00E+00
GRID    1153    0       0.0561980.0496260.00E+00
GRID    1154    0       0.0524300.0529770.00E+00
GRID    1155    0       0.0572850.0510800.00E+00
GRID    1156    0       0.0582190.0411510.00E+00
GRID    1157    0       0.0587170.0411930.00E+00
GRID    1158    0       0.0577270.0411250.00E+00
GRID    1159    0       0.0589550.0416480.00E+00
GRID    1160    0       0.0174750.0459410.00E+00
GRID    1161    0       0.0292490.0181000.00E+00
GRID    1162    0       0.0416110.0463900.00E+00
GRID    1163    0       0.0386400.0453840.00E+00
GRID    1164    0       0.0135880.0221730.00E+00
GRID    1165    0       0.0144440.0227140.00E+00
GRID    1166    0       0.0136860.0211680.00E+00
GRID    1167    0       0.0146010.0237530.00E+00
GRID    1168    0       0.0136470.0245520.00E+00
GRID    1169    0       0.0139090.0257430.00E+00
GRID    1170    0       0.0557930.0090450.00E+00
GRID    1171    0       0.0352210.0536940.00E+00
GRID    1172    0       0.0182930.0434300.00E+00
GRID    1173    0       0.0190280.0385660.00E+00
GRID    1174    0       0.0190520.0390970.00E+00
GRID    1175    0       0.0047960.0405380.00E+00
GRID    1176    0       0.0147460.0185370.00E+00
GRID    1177    0       0.0571540.0190700.00E+00
GRID    1178    0       0.0466610.0147040.00E+00
GRID    1179    0       0.0483130.0164640.00E+00
GRID    1180    0       0.0465470.0183140.00E+00
GRID    1181    0       0.0180030.0399930.00E+00
GRID    1182    0       0.0184590.0397750.00E+00
GRID    1183    0       0.0464890.0449950.00E+00
GRID    1184    0       0.0257200.0099410.00E+00
GRID    1185    0       0.0270460.0114710.00E+00
GRID    1186    0       0.0171910.0429800.00E+00
GRID    1187    0       0.0170960.0424510.00E+00
GRID    1188    0       0.0165800.0422200.00E+00
GRID    1189    0       0.0170450.0420080.00E+00
GRID    1190    0       0.0176050.0427190.00E+00
GRID    1191    0       0.0222500.0059470.00E+00
GRID    1192    0       0.0237520.0193160.00E+00
GRID    1193    0       0.0033800.0464310.00E+00
GRID    1194    0       0.0224730.0189970.00E+00
GRID    1195    0       0.0169530.0359630.00E+00
GRID    1196    0       0.0184150.0402920.00E+00
GRID    1197    0       0.0188640.0400710.00E+00
GRID    1198    0       0.0201700.0191320.00E+00
GRID    1199    0       0.0587130.0448140.00E+00
GRID    1200    0       0.0583470.0453820.00E+00
GRID    1201    0       0.0576470.0453740.00E+00
GRID    1202    0       0.0579650.0460630.00E+00
GRID    1203    0       0.0590350.0442100.00E+00
GRID    1204    0       0.0571140.0460360.00E+00
GRID    1205    0       0.0575180.0469030.00E+00
GRID    1206    0       0.0160290.0425070.00E+00
GRID    1207    0       0.0160560.0419200.00E+00
GRID    1208    0       0.0156060.0414980.00E+00
GRID    1209    0       0.0219630.0190720.00E+00
GRID    1210    0       0.0160650.0374800.00E+00
GRID    1211    0       0.0157500.0196640.00E+00
GRID    1212    0       0.0186100.0359160.00E+00
GRID    1213    0       0.0189980.0363410.00E+00
GRID    1214    0       0.0188570.0368120.00E+00
GRID    1215    0       0.0187840.0353470.00E+00
GRID    1216    0       0.0193230.0367190.00E+00
GRID    1217    0       0.0181750.0428690.00E+00
GRID    1218    0       0.0119210.0540870.00E+00
GRID    1219    0       0.0103240.0557530.00E+00
GRID    1220    0       0.0567390.0153010.00E+00
GRID    1221    0       0.0575050.0155690.00E+00
GRID    1222    0       0.0571830.0145330.00E+00
GRID    1223    0       0.0567650.0136990.00E+00
GRID    1224    0       0.0579740.0148970.00E+00
GRID    1225    0       0.0576990.0139070.00E+00
GRID    1226    0       0.0573420.0129880.00E+00
GRID    1227    0       0.0585580.0141760.00E+00
GRID    1228    0       0.0170670.0398820.00E+00
GRID    1229    0       0.0259190.0189240.00E+00
GRID    1230    0       0.0192170.0325890.00E+00
GRID    1231    0       0.0112490.0393220.00E+00
GRID    1232    0       0.0592120.0412230.00E+00
GRID    1233    0       0.0591390.0421170.00E+00
GRID    1234    0       0.0590020.0407690.00E+00
GRID    1235    0       0.0546710.0104160.00E+00
GRID    1236    0       0.0562520.0107140.00E+00
GRID    1237    0       0.0554650.0480530.00E+00
GRID    1238    0       0.0569100.0482520.00E+00
GRID    1239    0       0.0534100.0441390.00E+00
GRID    1240    0       0.0522740.0439840.00E+00
GRID    1241    0       0.0530820.0430470.00E+00
GRID    1242    0       0.0518820.0428290.00E+00
GRID    1243    0       0.0510000.0437570.00E+00
GRID    1244    0       0.0505850.0425290.00E+00
GRID    1245    0       0.0495890.0436000.00E+00
GRID    1246    0       0.0562750.0454070.00E+00
GRID    1247    0       0.0113090.0332760.00E+00
GRID    1248    0       0.0057110.0429050.00E+00
GRID    1249    0       0.0122910.0398690.00E+00
GRID    1250    0       0.0145230.0217750.00E+00
GRID    1251    0       0.0151230.0222400.00E+00
GRID    1252    0       0.0080340.0300220.00E+00
GRID    1253    0       0.0506990.0460350.00E+00
GRID    1254    0       0.0581430.0042740.00E+00
GRID    1255    0       0.0535920.0549040.00E+00
GRID    1256    0       0.0575750.0162170.00E+00
GRID    1257    0       0.0581180.0163130.00E+00
GRID    1258    0       0.0583250.0167850.00E+00
GRID    1259    0       0.0586260.0163770.00E+00
GRID    1260    0       0.0584620.0159030.00E+00
GRID    1261    0       0.0587890.0168460.00E+00
GRID    1262    0       0.0591360.0164550.00E+00
GRID    1263    0       0.0064020.0474050.00E+00
GRID    1264    0       0.0557780.0424790.00E+00
GRID    1265    0       0.0550080.0423490.00E+00
GRID    1266    0       0.0554550.0418150.00E+00
GRID    1267    0       0.0547590.0416850.00E+00
GRID    1268    0       0.0561270.0419440.00E+00
GRID    1269    0       0.0558910.0413800.00E+00
GRID    1270    0       0.0564390.0414520.00E+00
GRID    1271    0       0.0562920.0409770.00E+00
GRID    1272    0       0.0567570.0410690.00E+00
GRID    1273    0       0.0542340.0422210.00E+00
GRID    1274    0       0.0540630.0413910.00E+00
GRID    1275    0       0.0566170.0406140.00E+00
GRID    1276    0       0.0553020.0412300.00E+00
GRID    1277    0       0.0163800.0446050.00E+00
GRID    1278    0       0.0031110.0136140.00E+00
GRID    1279    0       0.0189320.0274060.00E+00
GRID    1280    0       0.0101260.0161490.00E+00
GRID    1281    0       0.0263650.0406810.00E+00
GRID    1282    0       0.0589600.0485300.00E+00
GRID    1283    0       0.0588190.0102030.00E+00
GRID    1284    0       0.0297690.0414510.00E+00
GRID    1285    0       0.0307240.0428870.00E+00
GRID    1286    0       0.0292570.0429340.00E+00
GRID    1287    0       0.0325020.0429160.00E+00
GRID    1288    0       0.0299840.0441540.00E+00
GRID    1289    0       0.0354780.0177660.00E+00
GRID    1290    0       0.0445090.0418620.00E+00
GRID    1291    0       0.0217940.0407680.00E+00
GRID    1292    0       0.0193400.0140390.00E+00
GRID    1293    0       0.0184620.0141850.00E+00
GRID    1294    0       0.0209970.0156660.00E+00
GRID    1295    0       0.0186950.0300570.00E+00
GRID    1296    0       0.0213280.0406640.00E+00
GRID    1297    0       0.0113060.0268440.00E+00
GRID    1298    0       0.0113880.0286810.00E+00
GRID    1299    0       0.0261980.0453730.00E+00
GRID    1300    0       0.0124450.0341780.00E+00
GRID    1301    0       0.0158720.0390800.00E+00
GRID    1302    0       0.0061420.0499260.00E+00
GRID    1303    0       0.0177250.0174900.00E+00
GRID    1304    0       0.0272330.0438350.00E+00
GRID    1305    0       0.0188120.0405720.00E+00
GRID    1306    0       0.0192560.0403780.00E+00
GRID    1307    0       0.0193090.0398780.00E+00
GRID    1308    0       0.0192300.0408890.00E+00
GRID    1309    0       0.0196940.0406830.00E+00
GRID    1310    0       0.0217270.0195310.00E+00
GRID    1311    0       0.0191200.0220730.00E+00
GRID    1312    0       0.0190180.0240610.00E+00
GRID    1313    0       0.0185280.0243280.00E+00
GRID    1314    0       0.0189940.0246190.00E+00
GRID    1315    0       0.0184600.0249000.00E+00
GRID    1316    0       0.0199070.0434460.00E+00
GRID    1317    0       0.0060010.0233330.00E+00
GRID    1318    0       0.0164420.0388850.00E+00
GRID    1319    0       0.0069100.0408840.00E+00
GRID    1320    0       0.0562100.0175630.00E+00
GRID    1321    0       0.0031420.0064660.00E+00
GRID    1322    0       0.0060470.0083640.00E+00
GRID    1323    0       0.0026620.0534640.00E+00
GRID    1324    0       0.0098620.0221100.00E+00
GRID    1325    0       0.0586340.0437440.00E+00
GRID    1326    0       0.0587610.0433110.00E+00
GRID    1327    0       0.0590160.0454560.00E+00
GRID    1328    0       0.0097580.0030220.00E+00
GRID    1329    0       0.0115670.0052440.00E+00
GRID    1330    0       0.0088940.0053850.00E+00
GRID    1331    0       0.0172030.0026640.00E+00
GRID    1332    0       0.0242570.0405010.00E+00
GRID    1333    0       0.0245360.0410120.00E+00
GRID    1334    0       0.0239710.0410080.00E+00
GRID    1335    0       0.0242520.0415210.00E+00
GRID    1336    0       0.0251620.0410270.00E+00
GRID    1337    0       0.0411140.0072340.00E+00
GRID    1338    0       0.0539690.0434040.00E+00
GRID    1339    0       0.0515300.0416700.00E+00
GRID    1340    0       0.0446970.0029050.00E+00
GRID    1341    0       0.0444160.0570990.00E+00
GRID    1342    0       0.0368750.0029910.00E+00
GRID    1343    0       0.0185270.0453110.00E+00
GRID    1344    0       0.0180690.0100460.00E+00
GRID    1345    0       0.0192660.0264110.00E+00
GRID    1346    0       0.0186330.0258840.00E+00
GRID    1347    0       0.0193360.0336620.00E+00
GRID    1348    0       0.0120420.0184200.00E+00
GRID    1349    0       0.0530810.0146450.00E+00
GRID    1350    0       0.0544840.0194100.00E+00
GRID    1351    0       0.0592890.0136790.00E+00
GRID    1352    0       0.0527310.0190760.00E+00
GRID    1353    0       0.0591610.0473160.00E+00
GRID    1354    0       0.0284850.0409870.00E+00
GRID    1355    0       0.0275260.0418790.00E+00
GRID    1356    0       0.0589810.0115400.00E+00
GRID    1357    0       0.0484940.0186090.00E+00
GRID    1358    0       0.0584690.0066080.00E+00
GRID    1359    0       0.0332700.0184630.00E+00
GRID    1360    0       0.0317860.0171470.00E+00
GRID    1361    0       0.0467300.0415370.00E+00
GRID    1362    0       0.0580390.0557650.00E+00
GRID    1363    0       0.0384300.0425510.00E+00
GRID    1364    0       0.0413380.0177380.00E+00
GRID    1365    0       0.0536030.0407050.00E+00
GRID    1366    0       0.0178660.0280250.00E+00
GRID    1367    0       0.0195280.0351250.00E+00
GRID    1368    0       0.0190780.0380190.00E+00
GRID    1369    0       0.0576960.0110420.00E+00
GRID    1370    0       0.0566030.0421690.00E+00
GRID    1371    0       0.0242360.0195530.00E+00
GRID    1372    0       0.0594510.0151650.00E+00
GRID    1373    0       0.0590330.0155130.00E+00
GRID    1374    0       0.0552010.0405680.00E+00
GRID    1375    0       0.0174040.0235640.00E+00
GRID    1376    0       0.0228170.0194810.00E+00
GRID    1377    0       0.0550070.0188480.00E+00
GRID    1378    0       0.0568530.0185900.00E+00
GRID    1379    0       0.0173890.0224760.00E+00
GRID    1380    0       0.0155330.0376870.00E+00
GRID    1381    0       0.0183730.0369910.00E+00
GRID    1382    0       0.0187540.0372640.00E+00
GRID    1383    0       0.0195550.0377320.00E+00
GRID    1384    0       0.0150150.0452430.00E+00
GRID    1385    0       0.0166230.0203920.00E+00
GRID    1386    0       0.0129780.0309030.00E+00
GRID    1387    0       0.0477940.0078870.00E+00
GRID    1388    0       0.0246580.0420040.00E+00
GRID    1389    0       0.0187450.0431390.00E+00
GRID    1390    0       0.0146150.0148940.00E+00
GRID    1391    0       0.0195020.0237710.00E+00
GRID    1392    0       0.0194860.0232680.00E+00
GRID    1393    0       0.0595730.0441950.00E+00
GRID    1394    0       0.0557640.0195590.00E+00
GRID    1395    0       0.0250970.0552870.00E+00
GRID    1396    0       0.0195080.0387620.00E+00
GRID    1397    0       0.0179980.0405660.00E+00
GRID    1398    0       0.0184950.0347080.00E+00
GRID    1399    0       0.0448080.0155090.00E+00
GRID    1400    0       0.0586440.0420600.00E+00
GRID    1401    0       0.0588410.0425320.00E+00
GRID    1402    0       0.0191600.0210440.00E+00
GRID    1403    0       0.0508020.0548080.00E+00
GRID    1404    0       0.0520410.0572700.00E+00
GRID    1405    0       0.0486160.0536250.00E+00
GRID    1406    0       0.0566320.0190290.00E+00
GRID    1407    0       0.0560620.0190950.00E+00
GRID    1408    0       0.0195770.0202710.00E+00
GRID    1409    0       0.0177560.0259340.00E+00
GRID    1410    0       0.0176400.0250340.00E+00
GRID    1411    0       0.0231600.0185070.00E+00
GRID    1412    0       0.0113010.0173090.00E+00
GRID    1413    0       0.0201360.0167440.00E+00
GRID    1414    0       0.0479390.0431890.00E+00
GRID    1415    0       0.0182870.0423950.00E+00
GRID    1416    0       0.0198500.0183810.00E+00
GRID    1417    0       0.0198090.0178510.00E+00
GRID    1418    0       0.0194250.0176260.00E+00
GRID    1419    0       0.0188540.0193010.00E+00
GRID    1420    0       0.0163070.0186250.00E+00
GRID    1421    0       0.0190880.0225420.00E+00
GRID    1422    0       0.0196300.0417150.00E+00
GRID    1423    0       0.0196580.0411920.00E+00
GRID    1424    0       0.0201300.0409970.00E+00
GRID    1425    0       0.0200810.0414960.00E+00
GRID    1426    0       0.0187950.0411290.00E+00
GRID    1427    0       0.0176070.0184750.00E+00
GRID    1428    0       0.0176530.0179830.00E+00
GRID    1429    0       0.0173110.0171880.00E+00
GRID    1430    0       0.0168170.0172910.00E+00
GRID    1431    0       0.0171070.0196910.00E+00
GRID    1432    0       0.0209590.0409980.00E+00
GRID    1433    0       0.0184100.0195240.00E+00
GRID    1434    0       0.0188100.0197990.00E+00
GRID    1435    0       0.0185260.0392790.00E+00
GRID    1436    0       0.0189160.0395700.00E+00
GRID    1437    0       0.0213720.0182880.00E+00
GRID    1438    0       0.0183470.0205220.00E+00
GRID    1439    0       0.0217600.0420670.00E+00
GRID    1440    0       0.0187690.0202980.00E+00
GRID    1441    0       0.0172540.0388640.00E+00
GRID    1442    0       0.0222510.0421620.00E+00
GRID    1443    0       0.0567960.0195240.00E+00
GRID    1444    0       0.0581730.0189070.00E+00
GRID    1445    0       0.0586550.0188930.00E+00
GRID    1446    0       0.0588400.0184730.00E+00
GRID    1447    0       0.0591270.0188770.00E+00
GRID    1448    0       0.0589400.0192970.00E+00
GRID    1449    0       0.0217350.0173590.00E+00
GRID    1450    0       0.0585760.0180490.00E+00
GRID    1451    0       0.0587850.0176070.00E+00
GRID    1452    0       0.0225780.0417860.00E+00
GRID    1453    0       0.0229030.0414060.00E+00
GRID    1454    0       0.0227440.0409340.00E+00
GRID    1455    0       0.0232140.0410980.00E+00
GRID    1456    0       0.0580650.0428600.00E+00
GRID    1457    0       0.0591180.0180260.00E+00
GRID    1458    0       0.0574230.0415250.00E+00
GRID    1459    0       0.0229750.0189400.00E+00
GRID    1460    0       0.0182160.0379900.00E+00
GRID    1461    0       0.0230660.0418730.00E+00
GRID    1462    0       0.0595870.0432580.00E+00
GRID    1463    0       0.0201910.0404590.00E+00
GRID    1464    0       0.0227130.0404550.00E+00
GRID    1465    0       0.0237530.0404560.00E+00
GRID    1466    0       0.0595850.0167640.00E+00
GRID    1467    0       0.0595820.0177690.00E+00
GRID    1468    0       0.0577690.0403850.00E+00
GRID    1469    0       0.0577680.0195860.00E+00
GRID    1470    0       0.0565600.0181810.00E+00
GRID    1471    0       0.0502190.0411730.00E+00
GRID    1472    0       0.0174260.0214650.00E+00
GRID    1473    0       0.0217580.0433880.00E+00
GRID    1474    0       0.0205970.0426920.00E+00
GRID    1475    0       0.0162210.0409850.00E+00
GRID    1476    0       0.0195710.0362520.00E+00
GRID    1477    0       0.0534110.0420980.00E+00
GRID    1478    0       0.0114870.0315590.00E+00
GRID    1479    0       0.0561060.0544020.00E+00
GRID    1480    0       0.0220460.0177490.00E+00
GRID    1481    0       0.0166440.0500530.00E+00
GRID    1482    0       0.0212850.0161190.00E+00
GRID    1483    0       0.0200550.0425580.00E+00
GRID    1484    0       0.0178430.0217390.00E+00
GRID    1485    0       0.0211140.0441620.00E+00
GRID    1486    0       0.0215950.0442510.00E+00
GRID    1487    0       0.0161160.0216460.00E+00
GRID    1488    0       0.0089770.0148340.00E+00
GRID    1489    0       0.0580520.0172110.00E+00
GRID    1490    0       0.0146560.0402630.00E+00
GRID    1491    0       0.0260600.0514870.00E+00
GRID    1492    0       0.0261260.0166720.00E+00
GRID    1493    0       0.0218630.0182140.00E+00
GRID    1494    0       0.0204560.0171130.00E+00
GRID    1495    0       0.0570800.0181350.00E+00
GRID    1496    0       0.0196690.0169080.00E+00
GRID    1497    0       0.0194790.0249030.00E+00
GRID    1498    0       0.0587370.0149050.00E+00
GRID    1499    0       0.0205680.0452690.00E+00
GRID    1500    0       0.0229430.0167580.00E+00
GRID    1501    0       0.0209490.0497860.00E+00
GRID    1502    0       0.0195580.0222690.00E+00
GRID    1503    0       0.0212480.0195670.00E+00
GRID    1504    0       0.0332350.0063160.00E+00
GRID    1505    0       0.0052090.0117420.00E+00
GRID    1506    0       0.0235790.0168850.00E+00
GRID    1507    0       0.0216760.0186710.00E+00
GRID    1508    0       0.0067440.0211820.00E+00
GRID    1509    0       0.0322070.0462950.00E+00
GRID    1510    0       0.0136950.0141990.00E+00
GRID    1511    0       0.0200350.0419930.00E+00
GRID    1512    0       0.0169510.0375980.00E+00
GRID    1513    0       0.0153450.0386170.00E+00
GRID    1514    0       0.0217780.0160360.00E+00
GRID    1515    0       0.0178210.0222410.00E+00
GRID    1516    0       0.0170750.0201850.00E+00
GRID    1517    0       0.0049170.0158010.00E+00
GRID    1518    0       0.0250240.0453920.00E+00
GRID    1519    0       0.0251690.0189250.00E+00
GRID    1520    0       0.0595910.0162740.00E+00
GRID    1521    0       0.0259380.0126470.00E+00
GRID    1522    0       0.0219180.0438570.00E+00
GRID    1523    0       0.0217940.0105340.00E+00
GRID    1524    0       0.0134920.0523730.00E+00
GRID    1525    0       0.0135350.0501690.00E+00
GRID    1526    0       0.0180760.0154680.00E+00
GRID    1527    0       0.0169670.0365440.00E+00
GRID    1528    0       0.0165940.0368270.00E+00
GRID    1529    0       0.0146630.0249880.00E+00
GRID    1530    0       0.0133280.0447480.00E+00
GRID    1531    0       0.0368830.0155230.00E+00
GRID    1532    0       0.0345850.0154770.00E+00
GRID    1533    0       0.0156560.0213950.00E+00
GRID    1534    0       0.0595800.0187350.00E+00
GRID    1535    0       0.0365280.0569620.00E+00
GRID    1536    0       0.0152410.0405290.00E+00
GRID    1537    0       0.0252110.0496020.00E+00
GRID    1538    0       0.0280550.0181400.00E+00
GRID    1539    0       0.0198270.0023980.00E+00
GRID    1540    0       0.0569320.0438620.00E+00
GRID    1541    0       0.0144790.0208610.00E+00
GRID    1542    0       0.0186870.0377480.00E+00
GRID    1543    0       0.0123190.0148590.00E+00
GRID    1544    0       0.0141590.0051790.00E+00
GRID    1545    0       0.0184390.0163520.00E+00
GRID    1546    0       0.0557280.0134630.00E+00
GRID    1547    0       0.0191490.0215390.00E+00
GRID    1548    0       0.0244820.0190670.00E+00
GRID    1549    0       0.0195050.0155610.00E+00
GRID    1550    0       0.0233630.0415160.00E+00
GRID    1551    0       0.0178040.0227510.00E+00
GRID    1552    0       0.0581500.0122160.00E+00
GRID    1553    0       0.0574120.0095400.00E+00
GRID    1554    0       0.0201890.0195880.00E+00
GRID    1555    0       0.0213060.0150950.00E+00
GRID    1556    0       0.0469640.0516220.00E+00
GRID    1557    0       0.0198130.0173840.00E+00
GRID    1558    0       0.0201060.0485390.00E+00
GRID    1559    0       0.0166820.0576450.00E+00
GRID    1560    0       0.0166580.0198910.00E+00
GRID    1561    0       0.0181790.0322830.00E+00
GRID    1562    0       0.0572230.0411190.00E+00
GRID    1563    0       0.0284720.0440430.00E+00
GRID    1564    0       0.0165330.0372990.00E+00
GRID    1565    0       0.0212300.0450630.00E+00
GRID    1566    0       0.0024230.0396120.00E+00
GRID    1567    0       0.0240740.0420070.00E+00
GRID    1568    0       0.0437850.0442720.00E+00
GRID    1569    0       0.0264160.0420360.00E+00
GRID    1570    0       0.0174760.0418030.00E+00
GRID    1571    0       0.0226490.0090840.00E+00
GRID    1572    0       0.0234740.0445410.00E+00
GRID    1573    0       0.0244410.0445790.00E+00
GRID    1574    0       0.0181020.0177840.00E+00
GRID    1575    0       0.0231210.0432740.00E+00
GRID    1576    0       0.0528950.0164420.00E+00
GRID    1577    0       0.0585270.0172200.00E+00
GRID    1578    0       0.0542180.0187370.00E+00
GRID    1579    0       0.0316080.0443500.00E+00
GRID    1580    0       0.0151830.0229900.00E+00
GRID    1581    0       0.0181150.0240290.00E+00
GRID    1582    0       0.0583670.0132760.00E+00
GRID    1583    0       0.0133350.0370310.00E+00
GRID    1584    0       0.0129940.0290880.00E+00
GRID    1585    0       0.0103390.0300870.00E+00
GRID    1586    0       0.0210210.0117260.00E+00
GRID    1587    0       0.0181960.0148470.00E+00
GRID    1588    0       0.0588190.0514530.00E+00
GRID    1589    0       0.0280270.0429140.00E+00
GRID    1590    0       0.0167160.0397080.00E+00
GRID    1591    0       0.0149970.0260760.00E+00
GRID    1592    0       0.0162570.0196050.00E+00
GRID    1593    0       0.0190890.0428420.00E+00
GRID    1594    0       0.0255180.0194740.00E+00
GRID    1595    0       0.0379670.0080340.00E+00
GRID    1596    0       0.0334610.0445160.00E+00
GRID    1597    0       0.0195780.0212720.00E+00
GRID    1598    0       0.0238150.0099920.00E+00
GRID    1599    0       0.0023790.0367410.00E+00
GRID    1600    0       0.0274060.0131740.00E+00
GRID    1601    0       0.0592430.0403840.00E+00
GRID    1602    0       0.0214680.0191270.00E+00
GRID    1603    0       0.0585720.0429000.00E+00
GRID    1604    0       0.0178070.0232680.00E+00
GRID    1605    0       0.0592420.0196360.00E+00
GRID    1606    0       0.0175950.0149830.00E+00
GRID    1607    0       0.0579790.0158780.00E+00
GRID    1608    0       0.0226070.0446030.00E+00
GRID    1609    0       0.0587560.0403930.00E+00
GRID    1610    0       0.0309120.0071040.00E+00
GRID    1611    0       0.0595990.0422430.00E+00
GRID    1612    0       0.0222910.0408500.00E+00
GRID    1613    0       0.0190600.0230340.00E+00
GRID    1614    0       0.0240520.0173720.00E+00
GRID    1615    0       0.0308800.0155680.00E+00
GRID    1616    0       0.0238430.0162320.00E+00
GRID    1617    0       0.0231310.0151780.00E+00
GRID    1618    0       0.0591560.0436090.00E+00
GRID    1619    0       0.0168400.0286190.00E+00
GRID    1620    0       0.0163300.0363800.00E+00
GRID    1621    0       0.0239360.0440180.00E+00
GRID    1622    0       0.0158220.0487260.00E+00
GRID    1623    0       0.0589110.0160570.00E+00
GRID    1624    0       0.0130980.0484200.00E+00
GRID    1625    0       0.0209730.0191790.00E+00
GRID    1626    0       0.0138930.0406570.00E+00
GRID    1627    0       0.0167270.0392780.00E+00
GRID    1628    0       0.0165840.0417280.00E+00
GRID    1629    0       0.0577010.0491960.00E+00
GRID    1630    0       0.0044660.0182820.00E+00
GRID    1631    0       0.0285320.0191120.00E+00
GRID    1632    0       0.0591080.0429780.00E+00
GRID    1633    0       0.0155780.0148470.00E+00
GRID    1634    0       0.0153610.0410750.00E+00
GRID    1635    0       0.0148780.0178040.00E+00
GRID    1636    0       0.0185910.0338810.00E+00
GRID    1637    0       0.0123910.0388340.00E+00
GRID    1638    0       0.0127030.0377990.00E+00
GRID    1639    0       0.0115030.0378910.00E+00
GRID    1640    0       0.0205350.0408380.00E+00
GRID    1641    0       0.0585090.0467460.00E+00
GRID    1642    0       0.0581230.0477870.00E+00
GRID    1643    0       0.0545550.0162950.00E+00
GRID    1644    0       0.0162960.0336670.00E+00
GRID    1645    0       0.0180560.0160300.00E+00
GRID    1646    0       0.0247100.0529160.00E+00
GRID    1647    0       0.0230890.0543430.00E+00
GRID    1648    0       0.0208960.0549790.00E+00
GRID    1649    0       0.0131380.0402710.00E+00
GRID    1650    0       0.0191690.0205430.00E+00
GRID    1651    0       0.0161540.0414240.00E+00
GRID    1652    0       0.0258620.0577500.00E+00
GRID    1653    0       0.0189660.0178500.00E+00
GRID    1654    0       0.0567200.0119500.00E+00
GRID    1655    0       0.0255340.0405840.00E+00
GRID    1656    0       0.0569320.0414850.00E+00
GRID    1657    0       0.0178910.0291520.00E+00
GRID    1658    0       0.0334530.0414140.00E+00
GRID    1659    0       0.0324570.0541320.00E+00
GRID    1660    0       0.0246470.0438220.00E+00
GRID    1661    0       0.0180140.0245460.00E+00
GRID    1662    0       0.0096140.0461380.00E+00
GRID    1663    0       0.0574180.0447340.00E+00
GRID    1664    0       0.0106620.0210560.00E+00
GRID    1665    0       0.0242470.0483400.00E+00
GRID    1666    0       0.0181860.0085620.00E+00
GRID    1667    0       0.0302160.0564960.00E+00
GRID    1668    0       0.0388080.0541870.00E+00
GRID    1669    0       0.0131340.0071020.00E+00
GRID    1670    0       0.0157690.0191430.00E+00
GRID    1671    0       0.0140550.0543540.00E+00
GRID    1672    0       0.0263160.0139070.00E+00
GRID    1673    0       0.0179810.0112980.00E+00
GRID    1674    0       0.0170040.0487740.00E+00
GRID    1675    0       0.0540370.0049070.00E+00
GRID    1676    0       0.0498100.0176500.00E+00
GRID    1677    0       0.0121460.0088020.00E+00
GRID    1678    0       0.0075780.0423660.00E+00
GRID    1679    0       0.0140500.0431120.00E+00
GRID    1680    0       0.0561990.0404370.00E+00
GRID    1681    0       0.0245860.0173170.00E+00
GRID    1682    0       0.0124430.0175300.00E+00
GRID    1683    0       0.0185150.0180560.00E+00
GRID    1684    0       0.0515620.0512560.00E+00
GRID    1685    0       0.0585000.0407840.00E+00
GRID    1686    0       0.0213400.0044160.00E+00
GRID    1687    0       0.0163440.0171700.00E+00
GRID    1688    0       0.0462940.0164860.00E+00
GRID    1689    0       0.0231680.0171840.00E+00
GRID    1690    0       0.0191840.0200620.00E+00
GRID    1691    0       0.0199030.0576460.00E+00
GRID    1692    0       0.0500080.0088250.00E+00
GRID    1693    0       0.0193200.0539550.00E+00
GRID    1694    0       0.0558060.0408880.00E+00
GRID    1695    0       0.0596550.0412340.00E+00
GRID    1696    0       0.0122380.0415340.00E+00
GRID    1697    0       0.0191590.0374570.00E+00
GRID    1698    0       0.0161190.0226100.00E+00
GRID    1699    0       0.0153870.0236860.00E+00
GRID    1700    0       0.0170440.0445860.00E+00
GRID    1701    0       0.0170090.0452980.00E+00
GRID    1702    0       0.0055370.0139000.00E+00
GRID    1703    0       0.0358030.0442400.00E+00
GRID    1704    0       0.0154910.0252640.00E+00
GRID    1705    0       0.0323940.0125450.00E+00
GRID    1706    0       0.0214720.0515510.00E+00
GRID    1707    0       0.0294020.0051950.00E+00
GRID    1708    0       0.0082200.0198190.00E+00
GRID    1709    0       0.0515150.0192000.00E+00
GRID    1710    0       0.0397880.0154500.00E+00
GRID    1711    0       0.0281820.0493430.00E+00
GRID    1712    0       0.0032220.0032200.00E+00
GRID    1713    0       0.0592140.0170220.00E+00
GRID    1714    0       0.0156430.0131930.00E+00
GRID    1715    0       0.0488230.0056130.00E+00
GRID    1716    0       0.0158150.0442230.00E+00
GRID    1717    0       0.0216630.0141470.00E+00
GRID    1718    0       0.0170350.0415150.00E+00
GRID    1719    0       0.0084220.0099430.00E+00
GRID    1720    0       0.0211710.0485870.00E+00
GRID    1721    0       0.0582460.0154010.00E+00
GRID    1722    0       0.0592130.0175090.00E+00
GRID    1723    0       0.0176140.0162440.00E+00
GRID    1724    0       0.0028990.0570600.00E+00
GRID    1725    0       0.0191180.0358870.00E+00
GRID    1726    0       0.0220550.0116840.00E+00
GRID    1727    0       0.0129500.0266570.00E+00
GRID    1728    0       0.0233900.0157510.00E+00
GRID    1729    0       0.0133550.0348900.00E+00
GRID    1730    0       0.0175110.0422550.00E+00
GRID    1731    0       0.0196540.0198070.00E+00
GRID    1732    0       0.0564570.0055490.00E+00
GRID    1733    0       0.0050390.0202080.00E+00
GRID    1734    0       0.0521050.0021730.00E+00
GRID    1735    0       0.0201670.0180780.00E+00
GRID    1736    0       0.0586270.0459760.00E+00
GRID    1737    0       0.0271930.0165610.00E+00
GRID    1738    0       0.0292500.0453290.00E+00
GRID    1739    0       0.0563040.0525830.00E+00
GRID    1740    0       0.0152230.0217160.00E+00
GRID    1741    0       0.0565410.0471080.00E+00
GRID    1742    0       0.0124280.0368150.00E+00
GRID    1743    0       0.0123570.0355920.00E+00
GRID    1744    0       0.0190880.0152380.00E+00
GRID    1745    0       0.0188450.0147430.00E+00
GRID    1746    0       0.0580070.0407660.00E+00
GRID    1747    0       0.0546840.0182800.00E+00
GRID    1748    0       0.0196630.0402420.00E+00
GRID    1749    0       0.0131780.0394250.00E+00
GRID    1750    0       0.0170590.0168240.00E+00
GRID    1751    0       0.0216850.0403460.00E+00
GRID    1752    0       0.0171210.0163200.00E+00
GRID    1753    0       0.0235780.0046020.00E+00
GRID    1754    0       0.0156610.0219040.00E+00
GRID    1755    0       0.0580150.0580100.00E+00
GRID    1756    0       0.0580190.0019830.00E+00
GRID    1757    0       0.0181200.0449420.00E+00
GRID    1758    0       0.0233970.0145930.00E+00
GRID    1759    0       0.0238110.0415530.00E+00
GRID    1760    0       0.0198200.0430160.00E+00
GRID    1761    0       0.0434310.0054350.00E+00
GRID    1762    0       0.0132550.0438360.00E+00
GRID    1763    0       0.0179590.0311110.00E+00
GRID    1764    0       0.0073640.0134140.00E+00
GRID    1765    0       0.0525120.0419810.00E+00
GRID    1766    0       0.0166870.0328500.00E+00
GRID    1767    0       0.0234750.0408170.00E+00
GRID    1768    0       0.0189510.0252000.00E+00
GRID    1769    0       0.0113660.0422070.00E+00
GRID    1770    0       0.0203820.0417730.00E+00
GRID    1771    0       0.0555140.0191470.00E+00
GRID    1772    0       0.0570130.0452310.00E+00
GRID    1773    0       0.0116450.0158280.00E+00
GRID    1774    0       0.0060850.0057380.00E+00
GRID    1775    0       0.0268740.0501810.00E+00
GRID    1776    0       0.0150200.0497960.00E+00
GRID    1777    0       0.0357660.0057210.00E+00
GRID    1778    0       0.0154780.0186980.00E+00
GRID    1779    0       0.0212800.0445880.00E+00
GRID    1780    0       0.0185420.0266320.00E+00
GRID    1781    0       0.0107390.0073110.00E+00
GRID    1782    0       0.0463030.0054410.00E+00
GRID    1783    0       0.0190540.0174110.00E+00
GRID    1784    0       0.0155570.0381720.00E+00
GRID    1785    0       0.0270950.0181960.00E+00
GRID    1786    0       0.0460040.0430940.00E+00
GRID    1787    0       0.0169570.0075210.00E+00
GRID    1788    0       0.0503540.0447360.00E+00
GRID    1789    0       0.0142120.0447730.00E+00
GRID    1790    0       0.0569970.0077300.00E+00
GRID    1791    0       0.0230140.0139350.00E+00
GRID    1792    0       0.0332950.0141330.00E+00
GRID    1793    0       0.0104210.0372470.00E+00
GRID    1794    0       0.0119460.0496130.00E+00
GRID    1795    0       0.0592450.0425120.00E+00
GRID    1796    0       0.0565280.0172300.00E+00
GRID    1797    0       0.0135080.0378340.00E+00
GRID    1798    0       0.0515010.0449650.00E+00
GRID    1799    0       0.0592500.0185020.00E+00
GRID    1800    0       0.0264960.0444410.00E+00
GRID    1801    0       0.0547720.0435870.00E+00
GRID    1802    0       0.0221000.0444280.00E+00
GRID    1803    0       0.0575020.0407540.00E+00
GRID    1804    0       0.0570260.0407260.00E+00
GRID    1805    0       0.0173940.0327420.00E+00
GRID    1806    0       0.0510090.0153380.00E+00
GRID    1807    0       0.0150680.0415010.00E+00
GRID    1808    0       0.0230820.0075020.00E+00
GRID    1809    0       0.0587540.0196650.00E+00
GRID    1810    0       0.0275130.0174230.00E+00
GRID    1811    0       0.0181650.0254150.00E+00
GRID    1812    0       0.0196740.0397420.00E+00
GRID    1813    0       0.0299100.0189930.00E+00
GRID    1814    0       0.0537790.0165400.00E+00
GRID    1815    0       0.0148080.0171730.00E+00
GRID    1816    0       0.0178190.0142980.00E+00
GRID    1817    0       0.0078290.0551180.00E+00
GRID    1818    0       0.0201410.0187360.00E+00
GRID    1819    0       0.0205630.0192130.00E+00
GRID    1820    0       0.0048290.0519370.00E+00
GRID    1821    0       0.0191440.0370730.00E+00
GRID    1822    0       0.0563960.0128430.00E+00
GRID    1823    0       0.0241460.0434690.00E+00
GRID    1824    0       0.0341320.0429370.00E+00
GRID    1825    0       0.0569380.0423830.00E+00
GRID    1826    0       0.0138890.0204170.00E+00
GRID    1827    0       0.0263460.0194700.00E+00
GRID    1828    0       0.0596400.0403600.00E+00
GRID    1829    0       0.0247860.0414850.00E+00
GRID    1830    0       0.0258540.0412800.00E+00
GRID    1831    0       0.0237410.0197000.00E+00
GRID    1832    0       0.0046670.0484160.00E+00
GRID    1833    0       0.0585060.0192810.00E+00
GRID    1834    0       0.0572800.0442320.00E+00
GRID    1835    0       0.0084740.0077510.00E+00
GRID    1836    0       0.0519780.0460480.00E+00
GRID    1837    0       0.0148770.0139850.00E+00
GRID    1838    0       0.0044230.0444200.00E+00
GRID    1839    0       0.0458340.0542220.00E+00
GRID    1840    0       0.0423900.0543360.00E+00
GRID    1841    0       0.0596480.0196480.00E+00
GRID    1842    0       0.0124530.0277840.00E+00
GRID    1843    0       0.0287830.0419420.00E+00
GRID    1844    0       0.0214620.0157100.00E+00
GRID    1845    0       0.0595920.0455150.00E+00
GRID    1846    0       0.0151130.0032320.00E+00
GRID    1847    0       0.0568960.0403460.00E+00
GRID    1848    0       0.0257660.0016530.00E+00
GRID    1849    0       0.0190740.0349750.00E+00
GRID    1850    0       0.0547510.0410980.00E+00
GRID    1851    0       0.0245660.0110670.00E+00
GRID    1852    0       0.0207100.0460950.00E+00
GRID    1853    0       0.0167380.0459820.00E+00
GRID    1854    0       0.0254240.0483710.00E+00
GRID    1855    0       0.0137970.0085340.00E+00
GRID    1856    0       0.0268450.0414280.00E+00
GRID    1857    0       0.0532340.0413810.00E+00
GRID    1858    0       0.0223520.0141770.00E+00
GRID    1859    0       0.0589060.0172410.00E+00
GRID    1860    0       0.0544910.0428890.00E+00
GRID    1861    0       0.0157640.0360890.00E+00
GRID    1862    0       0.0265960.0187920.00E+00
GRID    1863    0       0.0197110.0367450.00E+00
GRID    1864    0       0.0159490.0174040.00E+00
GRID    1865    0       0.0520760.0141040.00E+00
GRID    1866    0       0.0085140.0212760.00E+00
GRID    1867    0       0.0192820.0394920.00E+00
GRID    1868    0       0.0212400.0402770.00E+00
GRID    1869    0       0.0062000.0103520.00E+00
GRID    1870    0       0.0043960.0358580.00E+00
GRID    1871    0       0.0194750.0172340.00E+00
GRID    1872    0       0.0424130.0155180.00E+00
GRID    1873    0       0.0187030.0331520.00E+00
GRID    1874    0       0.0235820.0411990.00E+00
GRID    1875    0       0.0580040.0192860.00E+00
GRID    1876    0       0.0084630.0471930.00E+00
GRID    1877    0       0.0218240.0462460.00E+00
GRID    1878    0       0.0156760.0371800.00E+00
GRID    1879    0       0.0514840.0407120.00E+00
GRID    1880    0       0.0192100.0354530.00E+00
GRID    1881    0       0.0096970.0581210.00E+00
GRID    1882    0       0.0493660.0423710.00E+00
GRID    1883    0       0.0562830.0461780.00E+00
GRID    1884    0       0.0281850.0117600.00E+00
GRID    1885    0       0.0498380.0152880.00E+00
GRID    1886    0       0.0385470.0054540.00E+00
GRID    1887    0       0.0216760.0447930.00E+00
GRID    1888    0       0.0178400.0454080.00E+00
GRID    1889    0       0.0052610.0546510.00E+00
GRID    1890    0       0.0127000.0157480.00E+00
GRID    1891    0       0.0304660.0179990.00E+00
GRID    1892    0       0.0306530.0453630.00E+00
GRID    1893    0       0.0314740.0050320.00E+00
GRID    1894    0       0.0158270.0411470.00E+00
GRID    1895    0       0.0566630.0417920.00E+00
GRID    1896    0       0.0573740.0150640.00E+00
GRID    1897    0       0.0537810.0427280.00E+00
GRID    1898    0       0.0200740.0171270.00E+00
GRID    1899    0       0.0159180.0237940.00E+00
GRID    1900    0       0.0301390.0025580.00E+00
GRID    1901    0       0.0217690.0454620.00E+00
GRID    1902    0       0.0043720.0219400.00E+00
GRID    1903    0       0.0232670.0192260.00E+00
GRID    1904    0       0.0523720.0154920.00E+00
GRID    1905    0       0.0283260.0579940.00E+00
GRID    1906    0       0.0593700.0439180.00E+00
GRID    1907    0       0.0156520.0447610.00E+00
GRID    1908    0       0.0156750.0225050.00E+00
GRID    1909    0       0.0118010.0300910.00E+00
GRID    1910    0       0.0168880.0389670.00E+00
GRID    1911    0       0.0233940.0438830.00E+00
GRID    1912    0       0.0178290.0237330.00E+00
GRID    1913    0       0.0326650.0155700.00E+00
GRID    1914    0       0.0124400.0407040.00E+00
GRID    1915    0       0.0405940.0442760.00E+00
GRID    1916    0       0.0575390.0193040.00E+00
GRID    1917    0       0.0171040.0105380.00E+00
GRID    1918    0       0.0219290.0531630.00E+00
GRID    1919    0       0.0228300.0101710.00E+00
GRID    1920    0       0.0135130.0337640.00E+00
GRID    1921    0       0.0179360.0424650.00E+00
GRID    1922    0       0.0592860.0160320.00E+00
GRID    1923    0       0.0368580.0466230.00E+00
GRID    1924    0       0.0562320.0423160.00E+00
GRID    1925    0       0.0020150.0223770.00E+00
GRID    1926    0       0.0093010.0370850.00E+00
GRID    1927    0       0.0535190.0186370.00E+00
GRID    1928    0       0.0180610.0137700.00E+00
GRID    1929    0       0.0230490.0407350.00E+00
GRID    1930    0       0.0335570.0168850.00E+00
GRID    1931    0       0.0505560.0528760.00E+00
GRID    1932    0       0.0161320.0369750.00E+00
GRID    1933    0       0.0159370.0187870.00E+00
GRID    1934    0       0.0115430.0431100.00E+00
GRID    1935    0       0.0256600.0114200.00E+00
GRID    1936    0       0.0020500.0187590.00E+00
GRID    1937    0       0.0330060.0521850.00E+00
GRID    1938    0       0.0542250.0441790.00E+00
GRID    1939    0       0.0241020.0192080.00E+00
GRID    1940    0       0.0140030.0266980.00E+00
GRID    1941    0       0.0172120.0402070.00E+00
GRID    1942    0       0.0509370.0182850.00E+00
GRID    1943    0       0.0248330.0204850.00E+00
GRID    1944    0       0.0551260.0204830.00E+00
GRID    1945    0       0.0551190.0394910.00E+00
GRID    1946    0       0.0247590.0395080.00E+00
GRID    1947    0       0.0208480.0274210.00E+00
GRID    1948    0       0.0591860.0272320.00E+00
GRID    1949    0       0.0207960.0326940.00E+00
GRID    1950    0       0.0592060.0325580.00E+00
GRID    1951    0       0.0501310.0211910.00E+00
GRID    1952    0       0.0298450.0211950.00E+00
GRID    1953    0       0.0299660.0389020.00E+00
GRID    1954    0       0.0501340.0388040.00E+00
GRID    1955    0       0.0204190.0242700.00E+00
GRID    1956    0       0.0595620.0242330.00E+00
GRID    1957    0       0.0204360.0358120.00E+00
GRID    1958    0       0.0595080.0357100.00E+00
GRID    1959    0       0.0573040.0395770.00E+00
GRID    1960    0       0.0227700.0203960.00E+00
GRID    1961    0       0.0572460.0204380.00E+00
GRID    1962    0       0.0227540.0395610.00E+00
GRID    1963    0       0.0595650.0372490.00E+00
GRID    1964    0       0.0204130.0372110.00E+00
GRID    1965    0       0.0204110.0227620.00E+00
GRID    1966    0       0.0595870.0227490.00E+00
GRID    1967    0       0.0442120.0224700.00E+00
GRID    1968    0       0.0357750.0380200.00E+00
GRID    1969    0       0.0357310.0220000.00E+00
GRID    1970    0       0.0442350.0379980.00E+00
GRID    1971    0       0.0587320.0298980.00E+00
GRID    1972    0       0.0211540.0299270.00E+00
GRID    1973    0       0.0263420.0392850.00E+00
GRID    1974    0       0.0537950.0207780.00E+00
GRID    1975    0       0.0263160.0206570.00E+00
GRID    1976    0       0.0536650.0392970.00E+00
GRID    1977    0       0.0593980.0344210.00E+00
GRID    1978    0       0.0205790.0345040.00E+00
GRID    1979    0       0.0593730.0254840.00E+00
GRID    1980    0       0.0206110.0255800.00E+00
GRID    1981    0       0.0595740.0382280.00E+00
GRID    1982    0       0.0204960.0382290.00E+00
GRID    1983    0       0.0596090.0217580.00E+00
GRID    1984    0       0.0203970.0217260.00E+00
GRID    1985    0       0.0563120.0395830.00E+00
GRID    1986    0       0.0563460.0203910.00E+00
GRID    1987    0       0.0582980.0395940.00E+00
GRID    1988    0       0.0237670.0204040.00E+00
GRID    1989    0       0.0216770.0396000.00E+00
GRID    1990    0       0.0237240.0395890.00E+00
GRID    1991    0       0.0217800.0204040.00E+00
GRID    1992    0       0.0582720.0203890.00E+00
GRID    1993    0       0.0204620.0207690.00E+00
GRID    1994    0       0.0204160.0392560.00E+00
GRID    1995    0       0.0595390.0392200.00E+00
GRID    1996    0       0.0595670.0207500.00E+00
GRID    1997    0       0.0284850.0210070.00E+00
GRID    1998    0       0.0287730.0222590.00E+00
GRID    1999    0       0.0304490.0225300.00E+00
GRID    2000    0       0.0294960.0237080.00E+00
GRID    2001    0       0.0280380.0234960.00E+00
GRID    2002    0       0.0285580.0248390.00E+00
GRID    2003    0       0.0300450.0251740.00E+00
GRID    2004    0       0.0289850.0263980.00E+00
GRID    2005    0       0.0306690.0267820.00E+00
GRID    2006    0       0.0294790.0281740.00E+00
GRID    2007    0       0.0271820.0245210.00E+00
GRID    2008    0       0.0314020.0286240.00E+00
GRID    2009    0       0.0300590.0301730.00E+00
GRID    2010    0       0.0278000.0275670.00E+00
GRID    2011    0       0.0321400.0307150.00E+00
GRID    2012    0       0.0336870.0288990.00E+00
GRID    2013    0       0.0305420.0322840.00E+00
GRID    2014    0       0.0283500.0316240.00E+00
GRID    2015    0       0.0345670.0312700.00E+00
GRID    2016    0       0.0363120.0291560.00E+00
GRID    2017    0       0.0374570.0319090.00E+00
GRID    2018    0       0.0393900.0294720.00E+00
GRID    2019    0       0.0290710.0336130.00E+00
GRID    2020    0       0.0273710.0332270.00E+00
GRID    2021    0       0.0277450.0349700.00E+00
GRID    2022    0       0.0263110.0343450.00E+00
GRID    2023    0       0.0258950.0329950.00E+00
GRID    2024    0       0.0250420.0340190.00E+00
GRID    2025    0       0.0253870.0351740.00E+00
GRID    2026    0       0.0243460.0348970.00E+00
GRID    2027    0       0.0246420.0358640.00E+00
GRID    2028    0       0.0237450.0356550.00E+00
GRID    2029    0       0.0240130.0364820.00E+00
GRID    2030    0       0.0232530.0362840.00E+00
GRID    2031    0       0.0234910.0369550.00E+00
GRID    2032    0       0.0228820.0368230.00E+00
GRID    2033    0       0.0226710.0362370.00E+00
GRID    2034    0       0.0230510.0373650.00E+00
GRID    2035    0       0.0225270.0372530.00E+00
GRID    2036    0       0.0235740.0375430.00E+00
GRID    2037    0       0.0226770.0377410.00E+00
GRID    2038    0       0.0221770.0376270.00E+00
GRID    2039    0       0.0220660.0371190.00E+00
GRID    2040    0       0.0233470.0347690.00E+00
GRID    2041    0       0.0255490.0361870.00E+00
GRID    2042    0       0.0245900.0327780.00E+00
GRID    2043    0       0.0309140.0342480.00E+00
GRID    2044    0       0.0254570.0317090.00E+00
GRID    2045    0       0.0223230.0381060.00E+00
GRID    2046    0       0.0228070.0382190.00E+00
GRID    2047    0       0.0218340.0379950.00E+00
GRID    2048    0       0.0267400.0233270.00E+00
GRID    2049    0       0.0260010.0242310.00E+00
GRID    2050    0       0.0256610.0230700.00E+00
GRID    2051    0       0.0249590.0240240.00E+00
GRID    2052    0       0.0246750.0231380.00E+00
GRID    2053    0       0.0241460.0237760.00E+00
GRID    2054    0       0.0242830.0246740.00E+00
GRID    2055    0       0.0238780.0230910.00E+00
GRID    2056    0       0.0234290.0235980.00E+00
GRID    2057    0       0.0231960.0230220.00E+00
GRID    2058    0       0.0228040.0234730.00E+00
GRID    2059    0       0.0226190.0229340.00E+00
GRID    2060    0       0.0230350.0241030.00E+00
GRID    2061    0       0.0229580.0225120.00E+00
GRID    2062    0       0.0224280.0224450.00E+00
GRID    2063    0       0.0222450.0233490.00E+00
GRID    2064    0       0.0227290.0220390.00E+00
GRID    2065    0       0.0232300.0220870.00E+00
GRID    2066    0       0.0222280.0219790.00E+00
GRID    2067    0       0.0219270.0223780.00E+00
GRID    2068    0       0.0217310.0219180.00E+00
GRID    2069    0       0.0250470.0223860.00E+00
GRID    2070    0       0.0230200.0216310.00E+00
GRID    2071    0       0.0235110.0216770.00E+00
GRID    2072    0       0.0317590.0254560.00E+00
GRID    2073    0       0.0220290.0215190.00E+00
GRID    2074    0       0.0215350.0214580.00E+00
GRID    2075    0       0.0406230.0324430.00E+00
GRID    2076    0       0.0425820.0297900.00E+00
GRID    2077    0       0.0241250.0314630.00E+00
GRID    2078    0       0.0249650.0302840.00E+00
GRID    2079    0       0.0219800.0384720.00E+00
GRID    2080    0       0.0214920.0383610.00E+00
GRID    2081    0       0.0213570.0378950.00E+00
GRID    2082    0       0.0214300.0223170.00E+00
GRID    2083    0       0.0263120.0254410.00E+00
GRID    2084    0       0.0232800.0326120.00E+00
GRID    2085    0       0.0216200.0227720.00E+00
GRID    2086    0       0.0410820.0270150.00E+00
GRID    2087    0       0.0443020.0270050.00E+00
GRID    2088    0       0.0455900.0299580.00E+00
GRID    2089    0       0.0473130.0277580.00E+00
GRID    2090    0       0.0483640.0300120.00E+00
GRID    2091    0       0.0498280.0278610.00E+00
GRID    2092    0       0.0507120.0300530.00E+00
GRID    2093    0       0.0518920.0284860.00E+00
GRID    2094    0       0.0529650.0302220.00E+00
GRID    2095    0       0.0517500.0318330.00E+00
GRID    2096    0       0.0535210.0319850.00E+00
GRID    2097    0       0.0526710.0333320.00E+00
GRID    2098    0       0.0543440.0334970.00E+00
GRID    2099    0       0.0510430.0333460.00E+00
GRID    2100    0       0.0534580.0346240.00E+00
GRID    2101    0       0.0547120.0347530.00E+00
GRID    2102    0       0.0537710.0285030.00E+00
GRID    2103    0       0.0529380.0269350.00E+00
GRID    2104    0       0.0541310.0357830.00E+00
GRID    2105    0       0.0552320.0356570.00E+00
GRID    2106    0       0.0557550.0349410.00E+00
GRID    2107    0       0.0561290.0357450.00E+00
GRID    2108    0       0.0556860.0363810.00E+00
GRID    2109    0       0.0564860.0364250.00E+00
GRID    2110    0       0.0569300.0358360.00E+00
GRID    2111    0       0.0571660.0364930.00E+00
GRID    2112    0       0.0568110.0369880.00E+00
GRID    2113    0       0.0574000.0370250.00E+00
GRID    2114    0       0.0571050.0374770.00E+00
GRID    2115    0       0.0565730.0374830.00E+00
GRID    2116    0       0.0576260.0375030.00E+00
GRID    2117    0       0.0577430.0365850.00E+00
GRID    2118    0       0.0546490.0272340.00E+00
GRID    2119    0       0.0541530.0259720.00E+00
GRID    2120    0       0.0555120.0260840.00E+00
GRID    2121    0       0.0549150.0250200.00E+00
GRID    2122    0       0.0538210.0248210.00E+00
GRID    2123    0       0.0545740.0240440.00E+00
GRID    2124    0       0.0555330.0242000.00E+00
GRID    2125    0       0.0535150.0237740.00E+00
GRID    2126    0       0.0526920.0246090.00E+00
GRID    2127    0       0.0552090.0233430.00E+00
GRID    2128    0       0.0560590.0234220.00E+00
GRID    2129    0       0.0563500.0242540.00E+00
GRID    2130    0       0.0567610.0236040.00E+00
GRID    2131    0       0.0565960.0229950.00E+00
GRID    2132    0       0.0571370.0230850.00E+00
GRID    2133    0       0.0569580.0225780.00E+00
GRID    2134    0       0.0574830.0226620.00E+00
GRID    2135    0       0.0576020.0231860.00E+00
GRID    2136    0       0.0564390.0224720.00E+00
GRID    2137    0       0.0573140.0221920.00E+00
GRID    2138    0       0.0578020.0222660.00E+00
GRID    2139    0       0.0571510.0242030.00E+00
GRID    2140    0       0.0550350.0322090.00E+00
GRID    2141    0       0.0568450.0379330.00E+00
GRID    2142    0       0.0563300.0379420.00E+00
GRID    2143    0       0.0529070.0357330.00E+00
GRID    2144    0       0.0576170.0217930.00E+00
GRID    2145    0       0.0570960.0217110.00E+00
GRID    2146    0       0.0581220.0218810.00E+00
GRID    2147    0       0.0559900.0272860.00E+00
GRID    2148    0       0.0583150.0224070.00E+00
GRID    2149    0       0.0487300.0258570.00E+00
GRID    2150    0       0.0535240.0367380.00E+00
GRID    2151    0       0.0566300.0264070.00E+00
GRID    2152    0       0.0470260.0323030.00E+00
GRID    2153    0       0.0565930.0383820.00E+00
GRID    2154    0       0.0571020.0383700.00E+00
GRID    2155    0       0.0560670.0384090.00E+00
GRID    2156    0       0.0557820.0379260.00E+00
GRID    2157    0       0.0523740.0234630.00E+00
GRID    2158    0       0.0523720.0367420.00E+00
GRID    2159    0       0.0579310.0214040.00E+00
GRID    2160    0       0.0584370.0214920.00E+00
GRID    2161    0       0.0554980.0384320.00E+00
GRID    2162    0       0.0551650.0378850.00E+00
GRID    2163    0       0.0532020.0226080.00E+00
GRID    2164    0       0.0513950.0244860.00E+00
GRID    2165    0       0.0571580.0273810.00E+00
GRID    2166    0       0.0565630.0283920.00E+00
GRID    2167    0       0.0577680.0263990.00E+00
GRID    2168    0       0.0233090.0212330.00E+00
GRID    2169    0       0.0238110.0212750.00E+00
GRID    2170    0       0.0240370.0217780.00E+00
GRID    2171    0       0.0548760.0384450.00E+00
GRID    2172    0       0.0516880.0357570.00E+00
GRID    2173    0       0.0568590.0388130.00E+00
GRID    2174    0       0.0573590.0388020.00E+00
GRID    2175    0       0.0576010.0383640.00E+00
GRID    2176    0       0.0578590.0387920.00E+00
GRID    2177    0       0.0581010.0383570.00E+00
GRID    2178    0       0.0583590.0387710.00E+00
GRID    2179    0       0.0585980.0383440.00E+00
GRID    2180    0       0.0583420.0379260.00E+00
GRID    2181    0       0.0588220.0379210.00E+00
GRID    2182    0       0.0585830.0375160.00E+00
GRID    2183    0       0.0352580.0265800.00E+00
GRID    2184    0       0.0588290.0387830.00E+00
GRID    2185    0       0.0519540.0222960.00E+00
GRID    2186    0       0.0544710.0378700.00E+00
GRID    2187    0       0.0528920.0376450.00E+00
GRID    2188    0       0.0243320.0213140.00E+00
GRID    2189    0       0.0228140.0211920.00E+00
GRID    2190    0       0.0578130.0284680.00E+00
GRID    2191    0       0.0548020.0371620.00E+00
GRID    2192    0       0.0235650.0300540.00E+00
GRID    2193    0       0.0243810.0288520.00E+00
GRID    2194    0       0.0228900.0286050.00E+00
GRID    2195    0       0.0238390.0275220.00E+00
GRID    2196    0       0.0251630.0276740.00E+00
GRID    2197    0       0.0246170.0264040.00E+00
GRID    2198    0       0.0233470.0263810.00E+00
GRID    2199    0       0.0566870.0249610.00E+00
GRID    2200    0       0.0574560.0249490.00E+00
GRID    2201    0       0.0578710.0243560.00E+00
GRID    2202    0       0.0581790.0249780.00E+00
GRID    2203    0       0.0585060.0243930.00E+00
GRID    2204    0       0.0582580.0238570.00E+00
GRID    2205    0       0.0587830.0238950.00E+00
GRID    2206    0       0.0585760.0234090.00E+00
GRID    2207    0       0.0591180.0234640.00E+00
GRID    2208    0       0.0588420.0230050.00E+00
GRID    2209    0       0.0558290.0389200.00E+00
GRID    2210    0       0.0571820.0296230.00E+00
GRID    2211    0       0.0577720.0309850.00E+00
GRID    2212    0       0.0510920.0368740.00E+00
GRID    2213    0       0.0501690.0356590.00E+00
GRID    2214    0       0.0216440.0388170.00E+00
GRID    2215    0       0.0211810.0387150.00E+00
GRID    2216    0       0.0221270.0389500.00E+00
GRID    2217    0       0.0354230.0339840.00E+00
GRID    2218    0       0.0266650.0303870.00E+00
GRID    2219    0       0.0558290.0297830.00E+00
GRID    2220    0       0.0211520.0227060.00E+00
GRID    2221    0       0.0213250.0231770.00E+00
GRID    2222    0       0.0209340.0222570.00E+00
GRID    2223    0       0.0519310.0257370.00E+00
GRID    2224    0       0.0273650.0223810.00E+00
GRID    2225    0       0.0242070.0224120.00E+00
GRID    2226    0       0.0226220.0272400.00E+00
GRID    2227    0       0.0223050.0261960.00E+00
GRID    2228    0       0.0228950.0254250.00E+00
GRID    2229    0       0.0219370.0252310.00E+00
GRID    2230    0       0.0263460.0222140.00E+00
GRID    2231    0       0.0465730.0254870.00E+00
GRID    2232    0       0.0480780.0237410.00E+00
GRID    2233    0       0.0218330.0210710.00E+00
GRID    2234    0       0.0212970.0210030.00E+00
GRID    2235    0       0.0210610.0214680.00E+00
GRID    2236    0       0.0577130.0237480.00E+00
GRID    2237    0       0.0496020.0372870.00E+00
GRID    2238    0       0.0485200.0357070.00E+00
GRID    2239    0       0.0476920.0372210.00E+00
GRID    2240    0       0.0466130.0356510.00E+00
GRID    2241    0       0.0514240.0383770.00E+00
GRID    2242    0       0.0583530.0229500.00E+00
GRID    2243    0       0.0557190.0333340.00E+00
GRID    2244    0       0.0563400.0324170.00E+00
GRID    2245    0       0.0569640.0335380.00E+00
GRID    2246    0       0.0542820.0230990.00E+00
GRID    2247    0       0.0549650.0225450.00E+00
GRID    2248    0       0.0566260.0350840.00E+00
GRID    2249    0       0.0575270.0352700.00E+00
GRID    2250    0       0.0248270.0367410.00E+00
GRID    2251    0       0.0256140.0371200.00E+00
GRID    2252    0       0.0264340.0366210.00E+00
GRID    2253    0       0.0248840.0375480.00E+00
GRID    2254    0       0.0264120.0375550.00E+00
GRID    2255    0       0.0273390.0370720.00E+00
GRID    2256    0       0.0272510.0381890.00E+00
GRID    2257    0       0.0283300.0375690.00E+00
GRID    2258    0       0.0284280.0388510.00E+00
GRID    2259    0       0.0283170.0363470.00E+00
GRID    2260    0       0.0295380.0368680.00E+00
GRID    2261    0       0.0305960.0375990.00E+00
GRID    2262    0       0.0575670.0360290.00E+00
GRID    2263    0       0.0581050.0361600.00E+00
GRID    2264    0       0.0582590.0366620.00E+00
GRID    2265    0       0.0586180.0362790.00E+00
GRID    2266    0       0.0584930.0357790.00E+00
GRID    2267    0       0.0587220.0367650.00E+00
GRID    2268    0       0.0591040.0365000.00E+00
GRID    2269    0       0.0575480.0327540.00E+00
GRID    2270    0       0.0579760.0335850.00E+00
GRID    2271    0       0.0516050.0211180.00E+00
GRID    2272    0       0.0246740.0217750.00E+00
GRID    2273    0       0.0252700.0217070.00E+00
GRID    2274    0       0.0212990.0392050.00E+00
GRID    2275    0       0.0582580.0210390.00E+00
GRID    2276    0       0.0587500.0211280.00E+00
GRID    2277    0       0.0578170.0209300.00E+00
GRID    2278    0       0.0589130.0215520.00E+00
GRID    2279    0       0.0439550.0327530.00E+00
GRID    2280    0       0.0418520.0347050.00E+00
GRID    2281    0       0.0496860.0318520.00E+00
GRID    2282    0       0.0238570.0337310.00E+00
GRID    2283    0       0.0228620.0338560.00E+00
GRID    2284    0       0.0224560.0348120.00E+00
GRID    2285    0       0.0219840.0340680.00E+00
GRID    2286    0       0.0216760.0348860.00E+00
GRID    2287    0       0.0221050.0355520.00E+00
GRID    2288    0       0.0214120.0355680.00E+00
GRID    2289    0       0.0217120.0360880.00E+00
GRID    2290    0       0.0211710.0361260.00E+00
GRID    2291    0       0.0214460.0365560.00E+00
GRID    2292    0       0.0209740.0366090.00E+00
GRID    2293    0       0.0211650.0369740.00E+00
GRID    2294    0       0.0228550.0355680.00E+00
GRID    2295    0       0.0219050.0366120.00E+00
GRID    2296    0       0.0388810.0349810.00E+00
GRID    2297    0       0.0332730.0220000.00E+00
GRID    2298    0       0.0335310.0383300.00E+00
GRID    2299    0       0.0467270.0219000.00E+00
GRID    2300    0       0.0493070.0340270.00E+00
GRID    2301    0       0.0556540.0227540.00E+00
GRID    2302    0       0.0555730.0220450.00E+00
GRID    2303    0       0.0548290.0218150.00E+00
GRID    2304    0       0.0553980.0213790.00E+00
GRID    2305    0       0.0559850.0215180.00E+00
GRID    2306    0       0.0558630.0210180.00E+00
GRID    2307    0       0.0563670.0211670.00E+00
GRID    2308    0       0.0565280.0216300.00E+00
GRID    2309    0       0.0547260.0210730.00E+00
GRID    2310    0       0.0541590.0215050.00E+00
GRID    2311    0       0.0533600.0215710.00E+00
GRID    2312    0       0.0222780.0330560.00E+00
GRID    2313    0       0.0223700.0319490.00E+00
GRID    2314    0       0.0327400.0329340.00E+00
GRID    2315    0       0.0328560.0351010.00E+00
GRID    2316    0       0.0579140.0370680.00E+00
GRID    2317    0       0.0294410.0353320.00E+00
GRID    2318    0       0.0345500.0240820.00E+00
GRID    2319    0       0.0369490.0243380.00E+00
GRID    2320    0       0.0264440.0355690.00E+00
GRID    2321    0       0.0545130.0307970.00E+00
GRID    2322    0       0.0207990.0230680.00E+00
GRID    2323    0       0.0210210.0235590.00E+00
GRID    2324    0       0.0215110.0236350.00E+00
GRID    2325    0       0.0212210.0240340.00E+00
GRID    2326    0       0.0217300.0241070.00E+00
GRID    2327    0       0.0214090.0245500.00E+00
GRID    2328    0       0.0241300.0372920.00E+00
GRID    2329    0       0.0242460.0379750.00E+00
GRID    2330    0       0.0248650.0382900.00E+00
GRID    2331    0       0.0242710.0386140.00E+00
GRID    2332    0       0.0236570.0381850.00E+00
GRID    2333    0       0.0236910.0387900.00E+00
GRID    2334    0       0.0255720.0379390.00E+00
GRID    2335    0       0.0255180.0387150.00E+00
GRID    2336    0       0.0568830.0212460.00E+00
GRID    2337    0       0.0567420.0207660.00E+00
GRID    2338    0       0.0276310.0259150.00E+00
GRID    2339    0       0.0238840.0255390.00E+00
GRID    2340    0       0.0213740.0258900.00E+00
GRID    2341    0       0.0571520.0345190.00E+00
GRID    2342    0       0.0581490.0345690.00E+00
GRID    2343    0       0.0592190.0211640.00E+00
GRID    2344    0       0.0560690.0369990.00E+00
GRID    2345    0       0.0257810.0289410.00E+00
GRID    2346    0       0.0593360.0263380.00E+00
GRID    2347    0       0.0206710.0336650.00E+00
GRID    2348    0       0.0593060.0335760.00E+00
GRID    2349    0       0.0590080.0313790.00E+00
GRID    2350    0       0.0211340.0315210.00E+00
GRID    2351    0       0.0209540.0285410.00E+00
GRID    2352    0       0.0588590.0249330.00E+00
GRID    2353    0       0.0585370.0256660.00E+00
GRID    2354    0       0.0254950.0205590.00E+00
GRID    2355    0       0.0544340.0393870.00E+00
GRID    2356    0       0.0272900.0207760.00E+00
GRID    2357    0       0.0272760.0391790.00E+00
GRID    2358    0       0.0527070.0392530.00E+00
GRID    2359    0       0.0484940.0213910.00E+00
GRID    2360    0       0.0412410.0222800.00E+00
GRID    2361    0       0.0594650.0351180.00E+00
GRID    2362    0       0.0204960.0352250.00E+00
GRID    2363    0       0.0205100.0248600.00E+00
GRID    2364    0       0.0594740.0247850.00E+00
GRID    2365    0       0.0591060.0375100.00E+00
GRID    2366    0       0.0205470.0235070.00E+00
GRID    2367    0       0.0240520.0208580.00E+00
GRID    2368    0       0.0226110.0246670.00E+00
GRID    2369    0       0.0445630.0246200.00E+00
GRID    2370    0       0.0590410.0284630.00E+00
GRID    2371    0       0.0574360.0212360.00E+00
GRID    2372    0       0.0589420.0354290.00E+00
GRID    2373    0       0.0203330.0362650.00E+00
GRID    2374    0       0.0595790.0237340.00E+00
GRID    2375    0       0.0242250.0395690.00E+00
GRID    2376    0       0.0557420.0394460.00E+00
GRID    2377    0       0.0230530.0208110.00E+00
GRID    2378    0       0.0585760.0391860.00E+00
GRID    2379    0       0.0235620.0225530.00E+00
GRID    2380    0       0.0573530.0379320.00E+00
GRID    2381    0       0.0563430.0388370.00E+00
GRID    2382    0       0.0234410.0247670.00E+00
GRID    2383    0       0.0207200.0264050.00E+00
GRID    2384    0       0.0210050.0382490.00E+00
GRID    2385    0       0.0208890.0378050.00E+00
GRID    2386    0       0.0212390.0218630.00E+00
GRID    2387    0       0.0204700.0366850.00E+00
GRID    2388    0       0.0204770.0222430.00E+00
GRID    2389    0       0.0204260.0387740.00E+00
GRID    2390    0       0.0595800.0377430.00E+00
GRID    2391    0       0.0595900.0232400.00E+00
GRID    2392    0       0.0595710.0367530.00E+00
GRID    2393    0       0.0595790.0222530.00E+00
GRID    2394    0       0.0591070.0225860.00E+00
GRID    2395    0       0.0595690.0386890.00E+00
GRID    2396    0       0.0203890.0212700.00E+00
GRID    2397    0       0.0586090.0219530.00E+00
GRID    2398    0       0.0254510.0394520.00E+00
GRID    2399    0       0.0590380.0207540.00E+00
GRID    2400    0       0.0224660.0385840.00E+00
GRID    2401    0       0.0229160.0387000.00E+00
GRID    2402    0       0.0223560.0239650.00E+00
GRID    2403    0       0.0568170.0395820.00E+00
GRID    2404    0       0.0212620.0204750.00E+00
GRID    2405    0       0.0578120.0395800.00E+00
GRID    2406    0       0.0232430.0395870.00E+00
GRID    2407    0       0.0222890.0204030.00E+00
GRID    2408    0       0.0577760.0204550.00E+00
GRID    2409    0       0.0222070.0394800.00E+00
GRID    2410    0       0.0555250.0373760.00E+00
GRID    2411    0       0.0226060.0390620.00E+00
GRID    2412    0       0.0217250.0375090.00E+00
GRID    2413    0       0.0225240.0215800.00E+00
GRID    2414    0       0.0282380.0294450.00E+00
GRID    2415    0       0.0252370.0248960.00E+00
GRID    2416    0       0.0258530.0265930.00E+00
GRID    2417    0       0.0223220.0211370.00E+00
GRID    2418    0       0.0231670.0379000.00E+00
GRID    2419    0       0.0541710.0386330.00E+00
GRID    2420    0       0.0314090.0213660.00E+00
GRID    2421    0       0.0383940.0221970.00E+00
GRID    2422    0       0.0580060.0356850.00E+00
GRID    2423    0       0.0567700.0220760.00E+00
GRID    2424    0       0.0557840.0205080.00E+00
GRID    2425    0       0.0221050.0228490.00E+00
GRID    2426    0       0.0382520.0378330.00E+00
GRID    2427    0       0.0591200.0383970.00E+00
GRID    2428    0       0.0591250.0220040.00E+00
GRID    2429    0       0.0578520.0379350.00E+00
GRID    2430    0       0.0381360.0268400.00E+00
GRID    2431    0       0.0595860.0362520.00E+00
GRID    2432    0       0.0497930.0226390.00E+00
GRID    2433    0       0.0499030.0242900.00E+00
GRID    2434    0       0.0559220.0312560.00E+00
GRID    2435    0       0.0548880.0363930.00E+00
GRID    2436    0       0.0561720.0220080.00E+00
GRID    2437    0       0.0209090.0207480.00E+00
GRID    2438    0       0.0558440.0250430.00E+00
GRID    2439    0       0.0211170.0251140.00E+00
GRID    2440    0       0.0261860.0383910.00E+00
GRID    2441    0       0.0590290.0392130.00E+00
GRID    2442    0       0.0310740.0239640.00E+00
GRID    2443    0       0.0511340.0231660.00E+00
GRID    2444    0       0.0216110.0268370.00E+00
GRID    2445    0       0.0217970.0278710.00E+00
GRID    2446    0       0.0526790.0207680.00E+00
GRID    2447    0       0.0207900.0395610.00E+00
GRID    2448    0       0.0309490.0359970.00E+00
GRID    2449    0       0.0217950.0232290.00E+00
GRID    2450    0       0.0248320.0389150.00E+00
GRID    2451    0       0.0204200.0377130.00E+00
GRID    2452    0       0.0484940.0386430.00E+00
GRID    2453    0       0.0591700.0370130.00E+00
GRID    2454    0       0.0587570.0203960.00E+00
GRID    2455    0       0.0579500.0227750.00E+00
GRID    2456    0       0.0442790.0356260.00E+00
GRID    2457    0       0.0581130.0375080.00E+00
GRID    2458    0       0.0583350.0352140.00E+00
GRID    2459    0       0.0588360.0348130.00E+00
GRID    2460    0       0.0587150.0340220.00E+00
GRID    2461    0       0.0592470.0396170.00E+00
GRID    2462    0       0.0465390.0385190.00E+00
GRID    2463    0       0.0541550.0222340.00E+00
GRID    2464    0       0.0552930.0389490.00E+00
GRID    2465    0       0.0208170.0390150.00E+00
GRID    2466    0       0.0230500.0391650.00E+00
GRID    2467    0       0.0239690.0391700.00E+00
GRID    2468    0       0.0346510.0362080.00E+00
GRID    2469    0       0.0235360.0208220.00E+00
GRID    2470    0       0.0208680.0373260.00E+00
GRID    2471    0       0.0267610.0319590.00E+00
GRID    2472    0       0.0580750.0233210.00E+00
GRID    2473    0       0.0590680.0243670.00E+00
GRID    2474    0       0.0552250.0284700.00E+00
GRID    2475    0       0.0581560.0273340.00E+00
GRID    2476    0       0.0416430.0375790.00E+00
GRID    2477    0       0.0577950.0255230.00E+00
GRID    2478    0       0.0223730.0367000.00E+00
GRID    2479    0       0.0513980.0269480.00E+00
GRID    2480    0       0.0530700.0256350.00E+00
GRID    2481    0       0.0214770.0334050.00E+00
GRID    2482    0       0.0587780.0396020.00E+00
GRID    2483    0       0.0207450.0203740.00E+00
GRID    2484    0       0.0232580.0384400.00E+00
GRID    2485    0       0.0521720.0346030.00E+00
GRID    2486    0       0.0210470.0350550.00E+00
GRID    2487    0       0.0242820.0204420.00E+00
GRID    2488    0       0.0581090.0391600.00E+00
GRID    2489    0       0.0545230.0204670.00E+00
GRID    2490    0       0.0504020.0257220.00E+00
GRID    2491    0       0.0212490.0396730.00E+00
GRID    2492    0       0.0237010.0221040.00E+00
GRID    2493    0       0.0249960.0211290.00E+00
GRID    2494    0       0.0258420.0214100.00E+00
GRID    2495    0       0.0570340.0256220.00E+00
GRID    2496    0       0.0576050.0391690.00E+00
GRID    2497    0       0.0396510.0245320.00E+00
GRID    2498    0       0.0532610.0385560.00E+00
GRID    2499    0       0.0583990.0371110.00E+00
GRID    2500    0       0.0590200.0359770.00E+00
GRID    2501    0       0.0562640.0342670.00E+00
GRID    2502    0       0.0207480.0239440.00E+00
GRID    2503    0       0.0209040.0244620.00E+00
GRID    2504    0       0.0571170.0391640.00E+00
GRID    2505    0       0.0232620.0204050.00E+00
GRID    2506    0       0.0212770.0342750.00E+00
GRID    2507    0       0.0325970.0270530.00E+00
GRID    2508    0       0.0267500.0214710.00E+00
GRID    2509    0       0.0560560.0375450.00E+00
GRID    2510    0       0.0566100.0391790.00E+00
GRID    2511    0       0.0220020.0308510.00E+00
GRID    2512    0       0.0567770.0203190.00E+00
GRID    2513    0       0.0571630.0208770.00E+00
GRID    2514    0       0.0219610.0237020.00E+00
GRID    2515    0       0.0585760.0264550.00E+00
GRID    2516    0       0.0509740.0220510.00E+00
GRID    2517    0       0.0317600.0227880.00E+00
GRID    2518    0       0.0458780.0341120.00E+00
GRID    2519    0       0.0215960.0370400.00E+00
GRID    2520    0       0.0593000.0203790.00E+00
GRID    2521    0       0.0587550.0223320.00E+00
GRID    2522    0       0.0272560.0361160.00E+00
GRID    2523    0       0.0264370.0277080.00E+00
GRID    2524    0       0.0220090.0245040.00E+00
GRID    2525    0       0.0541460.0372400.00E+00
GRID    2526    0       0.0596450.0212620.00E+00
GRID    2527    0       0.0234980.0391910.00E+00
GRID    2528    0       0.0315410.0387600.00E+00
GRID    2529    0       0.0212690.0374600.00E+00
GRID    2530    0       0.0209150.0357140.00E+00
GRID    2531    0       0.0222050.0361680.00E+00
GRID    2532    0       0.0225820.0208050.00E+00
GRID    2533    0       0.0223600.0298090.00E+00
GRID    2534    0       0.0208190.0218570.00E+00
GRID    2535    0       0.0460310.0236440.00E+00
GRID    2536    0       0.0323510.0369190.00E+00
GRID    2537    0       0.0537290.0378910.00E+00
GRID    2538    0       0.0247090.0254290.00E+00
GRID    2539    0       0.0236470.0241870.00E+00
GRID    2540    0       0.0203730.0231460.00E+00
GRID    2541    0       0.0592530.0229990.00E+00
GRID    2542    0       0.0244990.0208460.00E+00
GRID    2543    0       0.0508760.0346780.00E+00
GRID    2544    0       0.0592390.0379630.00E+00
GRID    2545    0       0.0244240.0391440.00E+00
GRID    2546    0       0.0583010.0320750.00E+00
GRID    2547    0       0.0585220.0207390.00E+00
GRID    2548    0       0.0207870.0385780.00E+00
GRID    2549    0       0.0587980.0371670.00E+00
GRID    2550    0       0.0561360.0391890.00E+00
GRID    2551    0       0.0562770.0256650.00E+00
GRID    2552    0       0.0515150.0392980.00E+00
GRID    2553    0       0.0218030.0391990.00E+00
GRID    2554    0       0.0366450.0361850.00E+00
GRID    2555    0       0.0207750.0369560.00E+00
GRID    2556    0       0.0337000.0255960.00E+00
GRID    2557    0       0.0585090.0330950.00E+00
GRID    2558    0       0.0203550.0396450.00E+00
GRID    2559    0       0.0596410.0396400.00E+00
GRID    2560    0       0.0203590.0203600.00E+00
GRID    2561    0       0.0232830.0388570.00E+00
GRID    2562    0       0.0326860.0239810.00E+00
GRID    2563    0       0.0220840.0207740.00E+00
GRID    2564    0       0.0592260.0239640.00E+00
GRID    2565    0       0.0268070.0266450.00E+00
GRID    2566    0       0.0203540.0238560.00E+00
GRID    2567    0       0.0277330.0215790.00E+00
GRID    2568    0       0.0422110.0245570.00E+00
GRID    2569    0       0.0474690.0343600.00E+00
GRID    2570    0       0.0572710.0235420.00E+00
GRID    2571    0       0.0270520.0287630.00E+00
GRID    2572    0       0.0207750.0225960.00E+00
GRID    2573    0       0.0523040.0384510.00E+00
GRID    2574    0       0.0507060.0378560.00E+00
GRID    2575    0       0.0525600.0216720.00E+00
GRID    2576    0       0.0230670.0311390.00E+00
GRID    2577    0       0.0208020.0211260.00E+00
GRID    2578    0       0.0456760.0370770.00E+00
GRID    2579    0       0.0561530.0228140.00E+00
GRID    2580    0       0.0216350.0325030.00E+00
GRID    2581    0       0.0570670.0317250.00E+00
GRID    2582    0       0.0592170.0388600.00E+00
GRID    2583    0       0.0581080.0207150.00E+00
GRID    2584    0       0.0207560.0362310.00E+00
GRID    2585    0       0.0518640.0376340.00E+00
GRID    2586    0       0.0596740.0203260.00E+00
GRID    2587    0       0.0256330.0221580.00E+00
GRID    2588    0       0.0575600.0340530.00E+00
GRID    2589    0       0.0562090.0207850.00E+00
GRID    2590    0       0.0239660.0383910.00E+00
GRID    2591    0       0.0253980.0257180.00E+00
GRID    2592    0       0.0239020.0377490.00E+00
GRID    2593    0       0.0206930.0214990.00E+00
GRID    2594    0       0.0216420.0207520.00E+00
GRID    2595    0       0.0552750.0368370.00E+00
GRID    2596    0       0.0567660.0306010.00E+00
GRID    2597    0       0.0553920.0208860.00E+00
GRID    2598    0       0.0574940.0207620.00E+00
GRID    2599    0       0.0545020.0295860.00E+00
GRID    2600    0       0.0542710.0366280.00E+00
GRID    2601    0       0.0224590.0358810.00E+00
GRID    2602    0       0.0547790.0389810.00E+00
GRID    2603    0       0.0218310.0289510.00E+00
GRID    2604    0       0.0586590.0226720.00E+00
GRID    2605    0       0.0560030.0224070.00E+00
GRID    2606    0       0.0292670.0380410.00E+00
GRID    2607    0       0.0553630.0341720.00E+00
GRID    2608    0       0.0267320.0388110.00E+00
GRID    2609    0       0.0592850.0215360.00E+00
GRID    2610    0       0.0604310.0427880.00E+00
GRID    2611    0       0.0604500.0378070.00E+00
GRID    2612    0       0.0608320.0472590.00E+00
GRID    2613    0       0.0607730.0335880.00E+00
GRID    2614    0       0.0608680.0274240.00E+00
GRID    2615    0       0.0604330.0207500.00E+00
GRID    2616    0       0.0604450.0157260.00E+00
GRID    2617    0       0.0610800.0114650.00E+00
GRID    2618    0       0.0603980.0232680.00E+00
GRID    2619    0       0.0604330.0402800.00E+00
GRID    2620    0       0.0603690.0183370.00E+00
GRID    2621    0       0.0616860.0534530.00E+00
GRID    2622    0       0.0618390.0045190.00E+00
GRID    2623    0       0.1153900.0174050.00E+00
GRID    2624    0       0.1159270.0373130.00E+00
GRID    2625    0       0.058448-0.002630.00E+00
GRID    2626    0       0.062044-0.002790.00E+00
GRID    2627    0       0.0584480.0626350.00E+00
GRID    2628    0       0.0623080.0625560.00E+00
GRID    2629    0       0.019717-0.003060.00E+00
GRID    2630    0       0.0192330.0627550.00E+00
GRID    2631    0       -0.003200.0401930.00E+00
GRID    2632    0       -0.002860.0200320.00E+00
GRID    2633    0       0.032709-0.002680.00E+00
GRID    2634    0       0.0326390.0630770.00E+00
GRID    2635    0       0.0059330.0639640.00E+00
GRID    2636    0       0.006010-0.003190.00E+00
GRID    2637    0       0.1155360.0581890.00E+00
GRID    2638    0       -0.05578-0.022330.00E+00
GRID    2639    0       -0.022410.1160990.00E+00
GRID    2640    0       -0.003240.0537100.00E+00
GRID    2641    0       -0.003200.0062220.00E+00
GRID    2642    0       0.1160020.0825570.00E+00
GRID    2643    0       0.116002-0.022550.00E+00
GRID    2644    0       0.082709-0.055740.00E+00
GRID    2645    0       0.0827070.1157400.00E+00
GRID    2646    0       0.060048-0.006030.00E+00
GRID    2647    0       0.0600920.0659960.00E+00
GRID    2648    0       -0.01740-0.056030.00E+00
GRID    2649    0       -0.055670.0775000.00E+00
GRID    2650    0       0.064228-0.006100.00E+00
GRID    2651    0       0.0642620.0662860.00E+00
GRID    2652    0       -0.055560.0278510.00E+00
GRID    2653    0       0.022544-0.055600.00E+00
GRID    2654    0       0.0225440.1156020.00E+00
GRID    2655    0       0.042645-0.055090.00E+00
GRID    2656    0       0.0426450.1150920.00E+00
GRID    2657    0       -0.002380.1157520.00E+00
GRID    2658    0       -0.05560-0.002750.00E+00
GRID    2659    0       -0.056240.0475270.00E+00
GRID    2660    0       0.061869-0.010010.00E+00
GRID    2661    0       0.0618820.0700400.00E+00
GRID    2662    0       0.066423-0.010070.00E+00
GRID    2663    0       0.0664300.0701050.00E+00
GRID    2664    0       0.002622-0.055710.00E+00
GRID    2665    0       0.0687150.0661880.00E+00
GRID    2666    0       0.0604870.0248200.00E+00
GRID    2667    0       0.1155590.0016780.00E+00
GRID    2668    0       -0.055630.0125390.00E+00
GRID    2669    0       -0.055880.0628520.00E+00
GRID    2670    0       0.0604370.0362720.00E+00
GRID    2671    0       0.0604940.0442040.00E+00
GRID    2672    0       -0.002540.0298860.00E+00
GRID    2673    0       0.0711390.0699630.00E+00
GRID    2674    0       -0.03246-0.056010.00E+00
GRID    2675    0       -0.055820.0928380.00E+00
GRID    2676    0       0.0732640.0656180.00E+00
GRID    2677    0       0.057572-0.055890.00E+00
GRID    2678    0       0.0575720.1158960.00E+00
GRID    2679    0       0.068571-0.005850.00E+00
GRID    2680    0       0.071007-0.009840.00E+00
GRID    2681    0       0.073118-0.005740.00E+00
GRID    2682    0       0.068804-0.014210.00E+00
GRID    2683    0       0.0689010.0742660.00E+00
GRID    2684    0       0.073783-0.014000.00E+00
GRID    2685    0       0.0737680.0740510.00E+00
GRID    2686    0       0.044761-0.003510.00E+00
GRID    2687    0       0.0448190.0632540.00E+00
GRID    2688    0       0.096824-0.056010.00E+00
GRID    2689    0       0.1152160.0979090.00E+00
GRID    2690    0       0.071487-0.018430.00E+00
GRID    2691    0       0.076478-0.018280.00E+00
GRID    2692    0       0.0715000.0784550.00E+00
GRID    2693    0       0.0764740.0782270.00E+00
GRID    2694    0       -0.05540-0.037160.00E+00
GRID    2695    0       -0.037470.1160540.00E+00
GRID    2696    0       0.0741710.0826560.00E+00
GRID    2697    0       0.0691820.0828790.00E+00
GRID    2698    0       0.0791640.0824330.00E+00
GRID    2699    0       0.0814690.0779960.00E+00
GRID    2700    0       0.074170-0.022660.00E+00
GRID    2701    0       0.069180-0.022870.00E+00
GRID    2702    0       0.079164-0.022440.00E+00
GRID    2703    0       0.081482-0.018270.00E+00
GRID    2704    0       0.0841580.0822110.00E+00
GRID    2705    0       0.0864640.0777740.00E+00
GRID    2706    0       0.084160-0.022260.00E+00
GRID    2707    0       0.086476-0.018030.00E+00
GRID    2708    0       0.115216-0.037900.00E+00
GRID    2709    0       0.0968240.1160180.00E+00
GRID    2710    0       0.0718630.0870900.00E+00
GRID    2711    0       0.0668680.0873090.00E+00
GRID    2712    0       0.071862-0.027090.00E+00
GRID    2713    0       0.066867-0.027300.00E+00
GRID    2714    0       0.0891530.0819890.00E+00
GRID    2715    0       0.0914590.0775520.00E+00
GRID    2716    0       0.0868470.0864250.00E+00
GRID    2717    0       0.089156-0.022040.00E+00
GRID    2718    0       0.091462-0.017600.00E+00
GRID    2719    0       0.086847-0.026420.00E+00
GRID    2720    0       0.0695550.0915240.00E+00
GRID    2721    0       0.0645590.0917440.00E+00
GRID    2722    0       0.069555-0.031520.00E+00
GRID    2723    0       0.064559-0.031740.00E+00
GRID    2724    0       0.0613260.0299700.00E+00
GRID    2725    0       0.061805-0.027410.00E+00
GRID    2726    0       0.059553-0.031940.00E+00
GRID    2727    0       0.056746-0.027390.00E+00
GRID    2728    0       0.054545-0.032120.00E+00
GRID    2729    0       0.051804-0.027680.00E+00
GRID    2730    0       0.049557-0.032340.00E+00
GRID    2731    0       0.046874-0.028220.00E+00
GRID    2732    0       0.044578-0.032620.00E+00
GRID    2733    0       0.041893-0.028510.00E+00
GRID    2734    0       0.039584-0.032860.00E+00
GRID    2735    0       0.036896-0.028660.00E+00
GRID    2736    0       0.034588-0.033070.00E+00
GRID    2737    0       0.031901-0.028870.00E+00
GRID    2738    0       0.029593-0.033290.00E+00
GRID    2739    0       0.026905-0.029070.00E+00
GRID    2740    0       0.024598-0.033500.00E+00
GRID    2741    0       0.021910-0.029290.00E+00
GRID    2742    0       0.019603-0.033720.00E+00
GRID    2743    0       0.016914-0.029500.00E+00
GRID    2744    0       0.0618050.0874130.00E+00
GRID    2745    0       0.0595530.0919450.00E+00
GRID    2746    0       0.0567460.0873990.00E+00
GRID    2747    0       0.0545450.0921230.00E+00
GRID    2748    0       0.0518040.0876880.00E+00
GRID    2749    0       0.0495570.0923470.00E+00
GRID    2750    0       0.0468700.0881320.00E+00
GRID    2751    0       0.0445780.0926240.00E+00
GRID    2752    0       0.0418880.0883990.00E+00
GRID    2753    0       0.0395830.0928430.00E+00
GRID    2754    0       0.0368950.0886270.00E+00
GRID    2755    0       0.0345880.0930640.00E+00
GRID    2756    0       0.0319000.0888480.00E+00
GRID    2757    0       0.0295930.0932850.00E+00
GRID    2758    0       0.0269050.0890690.00E+00
GRID    2759    0       0.0245980.0935050.00E+00
GRID    2760    0       0.0219100.0892890.00E+00
GRID    2761    0       0.0196030.0937250.00E+00
GRID    2762    0       0.0169140.0895090.00E+00
GRID    2763    0       0.0146070.0939450.00E+00
GRID    2764    0       0.0119190.0897290.00E+00
GRID    2765    0       0.014607-0.033940.00E+00
GRID    2766    0       0.011919-0.029720.00E+00
GRID    2767    0       0.0096120.0941650.00E+00
GRID    2768    0       0.0069240.0899490.00E+00
GRID    2769    0       0.009612-0.034160.00E+00
GRID    2770    0       0.006924-0.029940.00E+00
GRID    2771    0       0.004617-0.034380.00E+00
GRID    2772    0       0.001929-0.030160.00E+00
GRID    2773    0       -3.8E-04-0.034600.00E+00
GRID    2774    0       -0.00306-0.030380.00E+00
GRID    2775    0       0.0887700.0733360.00E+00
GRID    2776    0       0.0937650.0731160.00E+00
GRID    2777    0       0.0910760.0689000.00E+00
GRID    2778    0       0.088291-0.013090.00E+00
GRID    2779    0       0.093686-0.013080.00E+00
GRID    2780    0       0.091077-0.008900.00E+00
GRID    2781    0       0.0046170.0943850.00E+00
GRID    2782    0       0.0019290.0901690.00E+00
GRID    2783    0       -3.8E-040.0946050.00E+00
GRID    2784    0       -0.003060.0903890.00E+00
GRID    2785    0       -0.005370.0948250.00E+00
GRID    2786    0       -0.008060.0906100.00E+00
GRID    2787    0       -0.005750.0861740.00E+00
GRID    2788    0       -0.010750.0863940.00E+00
GRID    2789    0       -0.013050.0908300.00E+00
GRID    2790    0       -0.015740.0866140.00E+00
GRID    2791    0       -0.018050.0910500.00E+00
GRID    2792    0       -0.020740.0868340.00E+00
GRID    2793    0       -0.018430.0823980.00E+00
GRID    2794    0       -0.023420.0826180.00E+00
GRID    2795    0       -0.021120.0781820.00E+00
GRID    2796    0       -0.025730.0870540.00E+00
GRID    2797    0       -0.026110.0784020.00E+00
GRID    2798    0       -0.023800.0739660.00E+00
GRID    2799    0       -0.028800.0741860.00E+00
GRID    2800    0       -0.026490.0697500.00E+00
GRID    2801    0       0.0611960.0498660.00E+00
GRID    2802    0       0.0613420.0085130.00E+00
GRID    2803    0       0.014231-0.025390.00E+00
GRID    2804    0       0.0142260.0852930.00E+00
GRID    2805    0       0.0918420.0862040.00E+00
GRID    2806    0       0.0895360.0906410.00E+00
GRID    2807    0       0.091843-0.026210.00E+00
GRID    2808    0       0.089536-0.030640.00E+00
GRID    2809    0       -0.00537-0.034820.00E+00
GRID    2810    0       -0.00806-0.030610.00E+00
GRID    2811    0       -0.00575-0.026260.00E+00
GRID    2812    0       -0.01074-0.026430.00E+00
GRID    2813    0       -0.01305-0.030830.00E+00
GRID    2814    0       -0.01574-0.026620.00E+00
GRID    2815    0       -0.01330-0.022140.00E+00
GRID    2816    0       -0.01827-0.022300.00E+00
GRID    2817    0       -0.02071-0.026820.00E+00
GRID    2818    0       -0.02339-0.022600.00E+00
GRID    2819    0       -0.02075-0.017940.00E+00
GRID    2820    0       -0.02605-0.018360.00E+00
GRID    2821    0       -0.02361-0.013840.00E+00
GRID    2822    0       -0.02572-0.027040.00E+00
GRID    2823    0       -0.02876-0.014150.00E+00
GRID    2824    0       -0.02645-0.009720.00E+00
GRID    2825    0       -0.03148-0.009960.00E+00
GRID    2826    0       -0.02917-0.005530.00E+00
GRID    2827    0       -0.031490.0699710.00E+00
GRID    2828    0       -0.029180.0655350.00E+00
GRID    2829    0       0.0606020.0455160.00E+00
GRID    2830    0       0.0606020.0144840.00E+00
GRID    2831    0       -0.02150-0.009530.00E+00
GRID    2832    0       -0.021500.0695300.00E+00
GRID    2833    0       0.067247-0.035960.00E+00
GRID    2834    0       0.0672470.0959600.00E+00
GRID    2835    0       -0.03379-0.014400.00E+00
GRID    2836    0       -0.033800.0744070.00E+00
GRID    2837    0       0.0605180.0351570.00E+00
GRID    2838    0       0.029212-0.024630.00E+00
GRID    2839    0       0.0292120.0846330.00E+00
GRID    2840    0       0.0960720.0686800.00E+00
GRID    2841    0       0.0933870.0645570.00E+00
GRID    2842    0       0.096058-0.008670.00E+00
GRID    2843    0       0.093381-0.004460.00E+00
GRID    2844    0       -0.034180.0657550.00E+00
GRID    2845    0       -0.031870.0613190.00E+00
GRID    2846    0       -0.03417-0.005750.00E+00
GRID    2847    0       -0.03201-0.001400.00E+00
GRID    2848    0       0.0945310.0904200.00E+00
GRID    2849    0       0.094531-0.030420.00E+00
GRID    2850    0       0.0322810.0975000.00E+00
GRID    2851    0       0.032281-0.037500.00E+00
GRID    2852    0       0.0604340.0197490.00E+00
GRID    2853    0       0.0604420.0392790.00E+00
GRID    2854    0       0.0722420.0957400.00E+00
GRID    2855    0       0.072242-0.035740.00E+00
GRID    2856    0       0.039290-0.023990.00E+00
GRID    2857    0       0.0392010.0841910.00E+00
GRID    2858    0       -0.02304-0.031260.00E+00
GRID    2859    0       -0.02803-0.031480.00E+00
GRID    2860    0       -0.02535-0.035700.00E+00
GRID    2861    0       -0.03034-0.035920.00E+00
GRID    2862    0       -0.03303-0.031710.00E+00
GRID    2863    0       -0.03534-0.036140.00E+00
GRID    2864    0       -0.008440.0819580.00E+00
GRID    2865    0       -0.003440.0817380.00E+00
GRID    2866    0       -0.055360.0369990.00E+00
GRID    2867    0       0.1160110.0274810.00E+00
GRID    2868    0       0.1157950.0476080.00E+00
GRID    2869    0       0.004240-0.025820.00E+00
GRID    2870    0       -0.012370.1158190.00E+00
GRID    2871    0       -0.05580-0.012580.00E+00
GRID    2872    0       -0.055670.1025000.00E+00
GRID    2873    0       -0.026870.0610990.00E+00
GRID    2874    0       -0.029560.0568830.00E+00
GRID    2875    0       -0.024570.0566630.00E+00
GRID    2876    0       -0.027260.0524470.00E+00
GRID    2877    0       -0.032250.0526670.00E+00
GRID    2878    0       -0.029940.0482310.00E+00
GRID    2879    0       -0.024950.0480110.00E+00
GRID    2880    0       -0.027640.0437950.00E+00
GRID    2881    0       -0.032630.0440150.00E+00
GRID    2882    0       -0.030330.0395790.00E+00
GRID    2883    0       -0.025330.0393590.00E+00
GRID    2884    0       -0.028020.0351430.00E+00
GRID    2885    0       -0.033570.0351170.00E+00
GRID    2886    0       -0.030710.0309270.00E+00
GRID    2887    0       -0.025710.0307070.00E+00
GRID    2888    0       -0.028400.0264910.00E+00
GRID    2889    0       -0.023400.0262710.00E+00
GRID    2890    0       -0.033680.0261110.00E+00
GRID    2891    0       -0.026090.0220550.00E+00
GRID    2892    0       -0.021100.0218350.00E+00
GRID    2893    0       -0.02688-0.001030.00E+00
GRID    2894    0       0.0604190.0217160.00E+00
GRID    2895    0       0.049192-0.023750.00E+00
GRID    2896    0       0.0491920.0837520.00E+00
GRID    2897    0       0.0126230.1157040.00E+00
GRID    2898    0       0.012545-0.055660.00E+00
GRID    2899    0       0.0604200.0417490.00E+00
GRID    2900    0       0.0604000.0172450.00E+00
GRID    2901    0       0.092225-0.034850.00E+00
GRID    2902    0       0.0922250.0948560.00E+00
GRID    2903    0       -0.04245-0.055800.00E+00
GRID    2904    0       -0.00737-0.055780.00E+00
GRID    2905    0       0.107539-0.055560.00E+00
GRID    2906    0       0.1155560.1073260.00E+00
GRID    2907    0       -0.006130.0775220.00E+00
GRID    2908    0       -0.020710.0304890.00E+00
GRID    2909    0       -0.002860.0465000.00E+00
GRID    2910    0       -0.002850.0135160.00E+00
GRID    2911    0       -0.015360.0952660.00E+00
GRID    2912    0       -0.020350.0954860.00E+00
GRID    2913    0       -0.036860.0615390.00E+00
GRID    2914    0       -0.03689-0.001550.00E+00
GRID    2915    0       -0.034730.0027900.00E+00
GRID    2916    0       0.013148-0.002780.00E+00
GRID    2917    0       0.0133240.0628100.00E+00
GRID    2918    0       0.025598-0.003130.00E+00
GRID    2919    0       0.0258290.0634180.00E+00
GRID    2920    0       0.115921-0.013040.00E+00
GRID    2921    0       0.1159210.0730470.00E+00
GRID    2922    0       0.0964540.0773310.00E+00
GRID    2923    0       0.096442-0.017330.00E+00
GRID    2924    0       -0.039170.0659750.00E+00
GRID    2925    0       0.0522550.0966000.00E+00
GRID    2926    0       0.052255-0.036600.00E+00
GRID    2927    0       -0.03803-0.031930.00E+00
GRID    2928    0       0.072710-0.055960.00E+00
GRID    2929    0       0.0727090.1159640.00E+00
GRID    2930    0       0.0704800.0620180.00E+00
GRID    2931    0       0.0750580.0616650.00E+00
GRID    2932    0       0.0728720.0581470.00E+00
GRID    2933    0       0.0768570.0579620.00E+00
GRID    2934    0       0.0748050.0547910.00E+00
GRID    2935    0       0.0785530.0545580.00E+00
GRID    2936    0       0.0761710.0513450.00E+00
GRID    2937    0       0.0801670.0512630.00E+00
GRID    2938    0       0.0778440.0479950.00E+00
GRID    2939    0       0.0816680.0480240.00E+00
GRID    2940    0       0.0798770.0450850.00E+00
GRID    2941    0       0.0832360.0448100.00E+00
GRID    2942    0       0.0814130.0419550.00E+00
GRID    2943    0       0.0851500.0416230.00E+00
GRID    2944    0       0.0831470.0387920.00E+00
GRID    2945    0       0.0780230.0423780.00E+00
GRID    2946    0       0.0873420.0382740.00E+00
GRID    2947    0       0.0844130.0348530.00E+00
GRID    2948    0       0.0748990.0484890.00E+00
GRID    2949    0       0.0894930.0345110.00E+00
GRID    2950    0       0.0867490.0307800.00E+00
GRID    2951    0       0.0824540.0308910.00E+00
GRID    2952    0       0.0842030.0272420.00E+00
GRID    2953    0       0.0798170.0273260.00E+00
GRID    2954    0       0.0816880.0241520.00E+00
GRID    2955    0       0.0855190.0232000.00E+00
GRID    2956    0       0.0782930.0240920.00E+00
GRID    2957    0       0.0796120.0214340.00E+00
GRID    2958    0       0.0766310.0218020.00E+00
GRID    2959    0       0.0753800.0240550.00E+00
GRID    2960    0       0.0736680.0221800.00E+00
GRID    2961    0       0.0749800.0198110.00E+00
GRID    2962    0       0.0726160.0201710.00E+00
GRID    2963    0       0.0734650.0180480.00E+00
GRID    2964    0       0.0714820.0218850.00E+00
GRID    2965    0       0.0706380.0204610.00E+00
GRID    2966    0       0.0698240.0219060.00E+00
GRID    2967    0       0.0689910.0206780.00E+00
GRID    2968    0       0.0683920.0219480.00E+00
GRID    2969    0       0.0692260.0234450.00E+00
GRID    2970    0       0.0676260.0208650.00E+00
GRID    2971    0       0.0681620.0197090.00E+00
GRID    2972    0       0.0671400.0219550.00E+00
GRID    2973    0       0.0667940.0199310.00E+00
GRID    2974    0       0.0673460.0188660.00E+00
GRID    2975    0       0.0662990.0190010.00E+00
GRID    2976    0       0.0666900.0180770.00E+00
GRID    2977    0       0.0657600.0182480.00E+00
GRID    2978    0       0.0660730.0173440.00E+00
GRID    2979    0       0.0654030.0190080.00E+00
GRID    2980    0       0.0649510.0184160.00E+00
GRID    2981    0       0.0646480.0190640.00E+00
GRID    2982    0       0.0642730.0185580.00E+00
GRID    2983    0       0.0640230.0190840.00E+00
GRID    2984    0       0.0637140.0186520.00E+00
GRID    2985    0       0.0638910.0181310.00E+00
GRID    2986    0       0.0634890.0191340.00E+00
GRID    2987    0       0.0637730.0195560.00E+00
GRID    2988    0       0.0632910.0195970.00E+00
GRID    2989    0       0.0635450.0200080.00E+00
GRID    2990    0       0.0670450.0171320.00E+00
GRID    2991    0       0.0663710.0163200.00E+00
GRID    2992    0       0.0674680.0161180.00E+00
GRID    2993    0       0.0666960.0152040.00E+00
GRID    2994    0       0.0679350.0149790.00E+00
GRID    2995    0       0.0895030.0428990.00E+00
GRID    2996    0       0.0670950.0140120.00E+00
GRID    2997    0       0.0684830.0137000.00E+00
GRID    2998    0       0.0633390.0182450.00E+00
GRID    2999    0       0.0635150.0177390.00E+00
GRID    3000    0       0.0675040.0125830.00E+00
GRID    3001    0       0.0690500.0122570.00E+00
GRID    3002    0       0.0630490.0200360.00E+00
GRID    3003    0       0.0633150.0204530.00E+00
GRID    3004    0       0.0916470.0303780.00E+00
GRID    3005    0       0.0630240.0178250.00E+00
GRID    3006    0       0.0631670.0173510.00E+00
GRID    3007    0       0.0627730.0195520.00E+00
GRID    3008    0       0.0628380.0204690.00E+00
GRID    3009    0       0.0631030.0208880.00E+00
GRID    3010    0       0.0635500.0208770.00E+00
GRID    3011    0       0.0633320.0213050.00E+00
GRID    3012    0       0.0628890.0213200.00E+00
GRID    3013    0       0.0631300.0217570.00E+00
GRID    3014    0       0.0635880.0217280.00E+00
GRID    3015    0       0.0633960.0221830.00E+00
GRID    3016    0       0.0628910.0222200.00E+00
GRID    3017    0       0.0631640.0226480.00E+00
GRID    3018    0       0.0637080.0226140.00E+00
GRID    3019    0       0.0634550.0230990.00E+00
GRID    3020    0       0.0640450.0230860.00E+00
GRID    3021    0       0.0636740.0236990.00E+00
GRID    3022    0       0.0644540.0236460.00E+00
GRID    3023    0       0.0641220.0243510.00E+00
GRID    3024    0       0.0628880.0231150.00E+00
GRID    3025    0       0.0657320.0143050.00E+00
GRID    3026    0       0.0678540.0108400.00E+00
GRID    3027    0       0.0699700.0105760.00E+00
GRID    3028    0       0.0649500.0242930.00E+00
GRID    3029    0       0.0645640.0250890.00E+00
GRID    3030    0       0.0655260.0250410.00E+00
GRID    3031    0       0.0650670.0259770.00E+00
GRID    3032    0       0.0662650.0258820.00E+00
GRID    3033    0       0.0656410.0269680.00E+00
GRID    3034    0       0.0670620.0268980.00E+00
GRID    3035    0       0.0663580.0282270.00E+00
GRID    3036    0       0.0679480.0281330.00E+00
GRID    3037    0       0.0670890.0296350.00E+00
GRID    3038    0       0.0689500.0295740.00E+00
GRID    3039    0       0.0680870.0312890.00E+00
GRID    3040    0       0.0700530.0311520.00E+00
GRID    3041    0       0.0693480.0328230.00E+00
GRID    3042    0       0.0711990.0327460.00E+00
GRID    3043    0       0.0703590.0344740.00E+00
GRID    3044    0       0.0682950.0344830.00E+00
GRID    3045    0       0.0694610.0359840.00E+00
GRID    3046    0       0.0679140.0361770.00E+00
GRID    3047    0       0.0687210.0373520.00E+00
GRID    3048    0       0.0674020.0374280.00E+00
GRID    3049    0       0.0680960.0384770.00E+00
GRID    3050    0       0.0668650.0385510.00E+00
GRID    3051    0       0.0675330.0394740.00E+00
GRID    3052    0       0.0664300.0395340.00E+00
GRID    3053    0       0.0670300.0403830.00E+00
GRID    3054    0       0.0660720.0404580.00E+00
GRID    3055    0       0.0666000.0412390.00E+00
GRID    3056    0       0.0655500.0412810.00E+00
GRID    3057    0       0.0661580.0420370.00E+00
GRID    3058    0       0.0652930.0421010.00E+00
GRID    3059    0       0.0657860.0428210.00E+00
GRID    3060    0       0.0655110.0397940.00E+00
GRID    3061    0       0.0649470.0428090.00E+00
GRID    3062    0       0.0652300.0435930.00E+00
GRID    3063    0       0.0675670.0412090.00E+00
GRID    3064    0       0.0663090.0435570.00E+00
GRID    3065    0       0.0658310.0444770.00E+00
GRID    3066    0       0.0644770.0421200.00E+00
GRID    3067    0       0.0666430.0364820.00E+00
GRID    3068    0       0.0641880.0427850.00E+00
GRID    3069    0       0.0637990.0422950.00E+00
GRID    3070    0       0.0635390.0428370.00E+00
GRID    3071    0       0.0632270.0423610.00E+00
GRID    3072    0       0.0634450.0418710.00E+00
GRID    3073    0       0.0629190.0419340.00E+00
GRID    3074    0       0.0631270.0414670.00E+00
GRID    3075    0       0.0629660.0428610.00E+00
GRID    3076    0       0.0632610.0433560.00E+00
GRID    3077    0       0.0669350.0444360.00E+00
GRID    3078    0       0.0663710.0455130.00E+00
GRID    3079    0       0.0626300.0415240.00E+00
GRID    3080    0       0.0628340.0410670.00E+00
GRID    3081    0       0.0695170.0384310.00E+00
GRID    3082    0       0.0626670.0174590.00E+00
GRID    3083    0       0.0628390.0169720.00E+00
GRID    3084    0       0.0633520.0168510.00E+00
GRID    3085    0       0.0629880.0164310.00E+00
GRID    3086    0       0.0625160.0179490.00E+00
GRID    3087    0       0.0723040.0343720.00E+00
GRID    3088    0       0.0684030.0089090.00E+00
GRID    3089    0       0.0706380.0085510.00E+00
GRID    3090    0       0.0722950.0102850.00E+00
GRID    3091    0       0.0730900.0080320.00E+00
GRID    3092    0       0.0747020.0099260.00E+00
GRID    3093    0       0.0758250.0074540.00E+00
GRID    3094    0       0.0775840.0102320.00E+00
GRID    3095    0       0.0789810.0068720.00E+00
GRID    3096    0       0.0811000.0095960.00E+00
GRID    3097    0       0.0691270.0067750.00E+00
GRID    3098    0       0.0626900.0433450.00E+00
GRID    3099    0       0.0629620.0438600.00E+00
GRID    3100    0       0.0635880.0250350.00E+00
GRID    3101    0       0.0633050.0410080.00E+00
GRID    3102    0       0.0630130.0406040.00E+00
GRID    3103    0       0.0625390.0406690.00E+00
GRID    3104    0       0.0627400.0402120.00E+00
GRID    3105    0       0.0676700.0454000.00E+00
GRID    3106    0       0.0670120.0466740.00E+00
GRID    3107    0       0.0632080.0401550.00E+00
GRID    3108    0       0.0629230.0397480.00E+00
GRID    3109    0       0.0624620.0398200.00E+00
GRID    3110    0       0.0626290.0393480.00E+00
GRID    3111    0       0.0631210.0392870.00E+00
GRID    3112    0       0.0628220.0388860.00E+00
GRID    3113    0       0.0633180.0388260.00E+00
GRID    3114    0       0.0630180.0384260.00E+00
GRID    3115    0       0.0635140.0383670.00E+00
GRID    3116    0       0.0632150.0379660.00E+00
GRID    3117    0       0.0627190.0380250.00E+00
GRID    3118    0       0.0629120.0375610.00E+00
GRID    3119    0       0.0634240.0374940.00E+00
GRID    3120    0       0.0631110.0370890.00E+00
GRID    3121    0       0.0625980.0371520.00E+00
GRID    3122    0       0.0627940.0366700.00E+00
GRID    3123    0       0.0633530.0365870.00E+00
GRID    3124    0       0.0629870.0361050.00E+00
GRID    3125    0       0.0636080.0360260.00E+00
GRID    3126    0       0.0632120.0354800.00E+00
GRID    3127    0       0.0639220.0353480.00E+00
GRID    3128    0       0.0634600.0347270.00E+00
GRID    3129    0       0.0623290.0389420.00E+00
GRID    3130    0       0.0643300.0345740.00E+00
GRID    3131    0       0.0637050.0338090.00E+00
GRID    3132    0       0.0650720.0455710.00E+00
GRID    3133    0       0.0624280.0428750.00E+00
GRID    3134    0       0.0847910.0508060.00E+00
GRID    3135    0       0.0640040.0175620.00E+00
GRID    3136    0       0.0650060.0196090.00E+00
GRID    3137    0       0.0623430.0170430.00E+00
GRID    3138    0       0.056947-0.009150.00E+00
GRID    3139    0       0.0569550.0691530.00E+00
GRID    3140    0       0.0972200.0946350.00E+00
GRID    3141    0       0.097220-0.034630.00E+00
GRID    3142    0       -0.023690.0176680.00E+00
GRID    3143    0       -0.039580.0026570.00E+00
GRID    3144    0       -0.037280.0070920.00E+00
GRID    3145    0       0.098375-0.004240.00E+00
GRID    3146    0       0.095688-2.8E-050.00E+00
GRID    3147    0       0.0983790.0642590.00E+00
GRID    3148    0       0.0954960.0602380.00E+00
GRID    3149    0       0.0422710.0970600.00E+00
GRID    3150    0       0.042272-0.037060.00E+00
GRID    3151    0       -0.018730.0174290.00E+00
GRID    3152    0       0.0172960.0981610.00E+00
GRID    3153    0       0.017296-0.038160.00E+00
GRID    3154    0       0.0622770.0367470.00E+00
GRID    3155    0       0.0640540.0365830.00E+00
GRID    3156    0       0.0073050.0986010.00E+00
GRID    3157    0       0.007305-0.038600.00E+00
GRID    3158    0       0.0325840.1153390.00E+00
GRID    3159    0       0.032584-0.055330.00E+00
GRID    3160    0       0.0740300.0054140.00E+00
GRID    3161    0       0.0696470.0279620.00E+00
GRID    3162    0       0.0620960.0372190.00E+00
GRID    3163    0       0.0621560.0433250.00E+00
GRID    3164    0       -0.001140.0773020.00E+00
GRID    3165    0       0.0995260.0901990.00E+00
GRID    3166    0       0.099526-0.030190.00E+00
GRID    3167    0       -0.03907-0.006030.00E+00
GRID    3168    0       0.0943640.0344120.00E+00
GRID    3169    0       0.0967180.0302000.00E+00
GRID    3170    0       -0.00268-0.039040.00E+00
GRID    3171    0       -0.00768-0.039260.00E+00
GRID    3172    0       0.0685930.0185740.00E+00
GRID    3173    0       0.0681780.0443070.00E+00
GRID    3174    0       0.088388-0.004680.00E+00
GRID    3175    0       0.0635580.0162940.00E+00
GRID    3176    0       0.0631190.0158290.00E+00
GRID    3177    0       0.0725900.0306750.00E+00
GRID    3178    0       0.0662560.0113370.00E+00
GRID    3179    0       0.0992510.0343830.00E+00
GRID    3180    0       -0.017670.0997020.00E+00
GRID    3181    0       -0.022660.0999220.00E+00
GRID    3182    0       0.0713760.0549710.00E+00
GRID    3183    0       0.0642710.0225420.00E+00
GRID    3184    0       -0.05577-0.047450.00E+00
GRID    3185    0       -0.046900.1159240.00E+00
GRID    3186    0       0.0624890.0160700.00E+00
GRID    3187    0       0.0626560.0153540.00E+00
GRID    3188    0       0.094914-0.039070.00E+00
GRID    3189    0       0.089919-0.039290.00E+00
GRID    3190    0       0.099909-0.038850.00E+00
GRID    3191    0       0.0949140.0990710.00E+00
GRID    3192    0       0.0899190.0992920.00E+00
GRID    3193    0       0.0999090.0988500.00E+00
GRID    3194    0       -0.02766-0.040140.00E+00
GRID    3195    0       0.0685250.0464460.00E+00
GRID    3196    0       0.0678040.0479030.00E+00
GRID    3197    0       0.0662270.0479710.00E+00
GRID    3198    0       0.0670590.0493690.00E+00
GRID    3199    0       -0.002680.0990410.00E+00
GRID    3200    0       -0.016010.0216810.00E+00
GRID    3201    0       0.0758340.0174170.00E+00
GRID    3202    0       -0.04033-0.036360.00E+00
GRID    3203    0       -0.03765-0.040580.00E+00
GRID    3204    0       -0.02266-0.039920.00E+00
GRID    3205    0       0.0636040.0392210.00E+00
GRID    3206    0       0.0808320.0576940.00E+00
GRID    3207    0       -0.04302-0.032150.00E+00
GRID    3208    0       -0.04072-0.027710.00E+00
GRID    3209    0       0.1006831.93E-040.00E+00
GRID    3210    0       0.0979950.0044090.00E+00
GRID    3211    0       0.1006520.0598450.00E+00
GRID    3212    0       0.0977600.0557330.00E+00
GRID    3213    0       0.0699350.1001760.00E+00
GRID    3214    0       0.0749310.0999550.00E+00
GRID    3215    0       0.0649400.1003960.00E+00
GRID    3216    0       0.069936-0.040170.00E+00
GRID    3217    0       0.074931-0.039950.00E+00
GRID    3218    0       0.064940-0.040390.00E+00
GRID    3219    0       -0.021360.0132450.00E+00
GRID    3220    0       0.0619100.0428820.00E+00
GRID    3221    0       -0.016410.0130000.00E+00
GRID    3222    0       0.0645360.0269110.00E+00
GRID    3223    0       0.0701760.0136270.00E+00
GRID    3224    0       0.101064-0.008450.00E+00
GRID    3225    0       0.1010670.0684610.00E+00
GRID    3226    0       -0.003820.0730860.00E+00
GRID    3227    0       0.0625130.0356030.00E+00
GRID    3228    0       -0.041860.0617590.00E+00
GRID    3229    0       0.1028930.0045680.00E+00
GRID    3230    0       0.1001880.0087730.00E+00
GRID    3231    0       0.0952870.0086120.00E+00
GRID    3232    0       0.0975930.0129760.00E+00
GRID    3233    0       0.1028480.0554630.00E+00
GRID    3234    0       0.1002420.0512830.00E+00
GRID    3235    0       0.1016670.0300890.00E+00
GRID    3236    0       0.0829080.0058460.00E+00
GRID    3237    0       -0.044170.0661950.00E+00
GRID    3238    0       -0.04264-0.040800.00E+00
GRID    3239    0       0.0616440.0433110.00E+00
GRID    3240    0       0.0618850.0437630.00E+00
GRID    3241    0       0.0633530.0151470.00E+00
GRID    3242    0       0.0628070.0145830.00E+00
GRID    3243    0       0.0647630.0336650.00E+00
GRID    3244    0       0.0641030.0327920.00E+00
GRID    3245    0       -0.02497-0.044350.00E+00
GRID    3246    0       0.0617770.0368240.00E+00
GRID    3247    0       0.0688300.0160530.00E+00
GRID    3248    0       -0.042140.0069560.00E+00
GRID    3249    0       -0.039920.0113360.00E+00
GRID    3250    0       0.0690270.0492020.00E+00
GRID    3251    0       0.0779460.0653870.00E+00
GRID    3252    0       -0.01997-0.044130.00E+00
GRID    3253    0       0.0925160.0125150.00E+00
GRID    3254    0       0.059230-0.013970.00E+00
GRID    3255    0       0.0592340.0739780.00E+00
GRID    3256    0       0.1024050.0128270.00E+00
GRID    3257    0       0.0628010.0586970.00E+00
GRID    3258    0       -0.019150.0087590.00E+00
GRID    3259    0       0.0667870.0072790.00E+00
GRID    3260    0       0.0674900.0049730.00E+00
GRID    3261    0       0.0653720.0493760.00E+00
GRID    3262    0       0.0662500.0509090.00E+00
GRID    3263    0       0.092608-0.043500.00E+00
GRID    3264    0       0.087613-0.043720.00E+00
GRID    3265    0       0.0926080.1035080.00E+00
GRID    3266    0       0.0876120.1037290.00E+00
GRID    3267    0       0.0636100.0438820.00E+00
GRID    3268    0       0.0632780.0444780.00E+00
GRID    3269    0       0.115556-0.047320.00E+00
GRID    3270    0       0.1075390.1155610.00E+00
GRID    3271    0       0.0845400.0908620.00E+00
GRID    3272    0       0.084540-0.030860.00E+00
GRID    3273    0       -0.008820.0733060.00E+00
GRID    3274    0       0.0620200.0155500.00E+00
GRID    3275    0       -0.006510.0688700.00E+00
GRID    3276    0       0.0947750.0167190.00E+00
GRID    3277    0       0.0801570.0030090.00E+00
GRID    3278    0       -0.028280.0172060.00E+00
GRID    3279    0       0.0615970.0372900.00E+00
GRID    3280    0       0.0742060.0158030.00E+00
GRID    3281    0       0.0950590.0515210.00E+00
GRID    3282    0       -0.00499-0.043470.00E+00
GRID    3283    0       0.054320-0.013400.00E+00
GRID    3284    0       0.0544060.0736330.00E+00
GRID    3285    0       0.0676280.1046110.00E+00
GRID    3286    0       0.0626330.1048320.00E+00
GRID    3287    0       0.067629-0.044610.00E+00
GRID    3288    0       0.062633-0.044830.00E+00
GRID    3289    0       0.0636110.0143560.00E+00
GRID    3290    0       0.0629810.0137100.00E+00
GRID    3291    0       0.0639310.0134320.00E+00
GRID    3292    0       0.0653190.0294070.00E+00
GRID    3293    0       0.0646080.0478810.00E+00
GRID    3294    0       -0.031730.0069960.00E+00
GRID    3295    0       -0.044150.0026250.00E+00
GRID    3296    0       0.0631810.0127100.00E+00
GRID    3297    0       0.0011660.0728660.00E+00
GRID    3298    0       0.0038550.0770820.00E+00
GRID    3299    0       0.0061620.0726460.00E+00
GRID    3300    0       -0.014160.0085350.00E+00
GRID    3301    0       -0.016860.0043130.00E+00
GRID    3302    0       0.0652570.0235610.00E+00
GRID    3303    0       0.1042170.0343900.00E+00
GRID    3304    0       0.1018150.0386170.00E+00
GRID    3305    0       -0.019970.1041380.00E+00
GRID    3306    0       -0.024970.1043580.00E+00
GRID    3307    0       -0.027660.1001420.00E+00
GRID    3308    0       -0.014980.1039180.00E+00
GRID    3309    0       -0.029960.1045780.00E+00
GRID    3310    0       -0.032650.1003620.00E+00
GRID    3311    0       -0.034960.1047980.00E+00
GRID    3312    0       -0.037650.1005820.00E+00
GRID    3313    0       -0.035340.0961460.00E+00
GRID    3314    0       -0.040330.0963660.00E+00
GRID    3315    0       -0.038030.0919300.00E+00
GRID    3316    0       -0.042470.1009370.00E+00
GRID    3317    0       -0.043020.0921500.00E+00
GRID    3318    0       -0.040720.0877150.00E+00
GRID    3319    0       -0.045710.0879350.00E+00
GRID    3320    0       -0.043400.0834990.00E+00
GRID    3321    0       0.0629830.0330050.00E+00
GRID    3322    0       0.0633010.0318340.00E+00
GRID    3323    0       0.0903010.1079440.00E+00
GRID    3324    0       0.090302-0.047940.00E+00
GRID    3325    0       0.0618510.0161430.00E+00
GRID    3326    0       0.0519520.0629090.00E+00
GRID    3327    0       0.052029-0.002890.00E+00
GRID    3328    0       -0.04571-0.027930.00E+00
GRID    3329    0       -0.04340-0.023490.00E+00
GRID    3330    0       0.1055520.0596700.00E+00
GRID    3331    0       0.1056634.04E-040.00E+00
GRID    3332    0       -0.03995-0.045010.00E+00
GRID    3333    0       -0.04518-0.045160.00E+00
GRID    3334    0       -0.044800.0111910.00E+00
GRID    3335    0       -0.042600.0155600.00E+00
GRID    3336    0       0.1049830.0511280.00E+00
GRID    3337    0       0.0786230.0309790.00E+00
GRID    3338    0       0.0654500.0166870.00E+00
GRID    3339    0       0.0653220.1090470.00E+00
GRID    3340    0       0.065322-0.049040.00E+00
GRID    3341    0       0.0667700.0247980.00E+00
GRID    3342    0       0.0798900.0128680.00E+00
GRID    3343    0       0.0833760.0125040.00E+00
GRID    3344    0       0.0883920.0647920.00E+00
GRID    3345    0       0.0621640.0424350.00E+00
GRID    3346    0       0.0616590.0424480.00E+00
GRID    3347    0       0.0612820.0369000.00E+00
GRID    3348    0       0.0614620.0364330.00E+00
GRID    3349    0       0.0619130.0376860.00E+00
GRID    3350    0       0.0614160.0377570.00E+00
GRID    3351    0       0.084924-0.039510.00E+00
GRID    3352    0       0.082618-0.043950.00E+00
GRID    3353    0       0.0849240.0995130.00E+00
GRID    3354    0       0.0826160.1039500.00E+00
GRID    3355    0       -0.00998-0.043690.00E+00
GRID    3356    0       -0.041480.0704110.00E+00
GRID    3357    0       -0.046470.0706310.00E+00
GRID    3358    0       -0.011510.0690900.00E+00
GRID    3359    0       -0.009200.0646540.00E+00
GRID    3360    0       -0.014200.0648740.00E+00
GRID    3361    0       -0.011890.0604380.00E+00
GRID    3362    0       -0.01767-0.039700.00E+00
GRID    3363    0       -0.039550.0573230.00E+00
GRID    3364    0       -0.044550.0575430.00E+00
GRID    3365    0       -0.042240.0531070.00E+00
GRID    3366    0       -0.03841-0.023270.00E+00
GRID    3367    0       3.28E-06-0.043250.00E+00
GRID    3368    0       0.0088500.0768610.00E+00
GRID    3369    0       0.0111570.0724250.00E+00
GRID    3370    0       -0.02996-0.044570.00E+00
GRID    3371    0       0.0138450.0766410.00E+00
GRID    3372    0       0.0161390.0722140.00E+00
GRID    3373    0       0.0188380.0764230.00E+00
GRID    3374    0       0.0211310.0719950.00E+00
GRID    3375    0       0.0238320.0762030.00E+00
GRID    3376    0       0.0261160.0717820.00E+00
GRID    3377    0       0.0288250.0759840.00E+00
GRID    3378    0       -0.035720.0874940.00E+00
GRID    3379    0       -0.04110-0.019060.00E+00
GRID    3380    0       -0.04609-0.019280.00E+00
GRID    3381    0       -0.04379-0.014840.00E+00
GRID    3382    0       -0.011920.0040660.00E+00
GRID    3383    0       -0.01456-1.4E-050.00E+00
GRID    3384    0       -0.00965-3.7E-040.00E+00
GRID    3385    0       -0.01268-0.005080.00E+00
GRID    3386    0       -0.00738-0.004880.00E+00
GRID    3387    0       -0.00994-0.008990.00E+00
GRID    3388    0       -0.00498-0.009220.00E+00
GRID    3389    0       -0.00764-0.013430.00E+00
GRID    3390    0       -0.00265-0.013650.00E+00
GRID    3391    0       0.0653580.0345540.00E+00
GRID    3392    0       0.0658950.0335070.00E+00
GRID    3393    0       0.0617270.0381490.00E+00
GRID    3394    0       0.0612340.0382220.00E+00
GRID    3395    0       0.0619020.0420140.00E+00
GRID    3396    0       0.070763-0.001840.00E+00
GRID    3397    0       -0.047240.0533270.00E+00
GRID    3398    0       -0.044930.0488910.00E+00
GRID    3399    0       0.0614050.0420190.00E+00
GRID    3400    0       0.0616510.0415860.00E+00
GRID    3401    0       0.0311120.0716440.00E+00
GRID    3402    0       0.0338210.0757780.00E+00
GRID    3403    0       0.0361310.0714240.00E+00
GRID    3404    0       0.0388200.0755600.00E+00
GRID    3405    0       0.0640410.0199930.00E+00
GRID    3406    0       0.0615420.0386110.00E+00
GRID    3407    0       -0.011370.0127050.00E+00
GRID    3408    0       -0.01239-0.013360.00E+00
GRID    3409    0       0.0991090.0258220.00E+00
GRID    3410    0       0.1040890.0257310.00E+00
GRID    3411    0       0.0613690.0437400.00E+00
GRID    3412    0       0.0615920.0442240.00E+00
GRID    3413    0       -0.00230-0.047630.00E+00
GRID    3414    0       0.002686-0.047350.00E+00
GRID    3415    0       -0.048210.0838160.00E+00
GRID    3416    0       0.056580-0.018100.00E+00
GRID    3417    0       0.0565740.0781240.00E+00
GRID    3418    0       0.0974990.0471170.00E+00
GRID    3419    0       0.1067130.0387030.00E+00
GRID    3420    0       0.0620970.0140490.00E+00
GRID    3421    0       0.0620660.0321470.00E+00
GRID    3422    0       0.0644720.0509030.00E+00
GRID    3423    0       0.0653300.0526230.00E+00
GRID    3424    0       0.0411330.0712480.00E+00
GRID    3425    0       0.0435630.0755090.00E+00
GRID    3426    0       0.0462850.0710950.00E+00
GRID    3427    0       -0.047490.0153230.00E+00
GRID    3428    0       -0.045290.0197630.00E+00
GRID    3429    0       -0.050880.0197750.00E+00
GRID    3430    0       -0.048000.0239770.00E+00
GRID    3431    0       -0.043000.0241970.00E+00
GRID    3432    0       -0.045690.0284130.00E+00
GRID    3433    0       5.48E-04-0.008700.00E+00
GRID    3434    0       0.002432-0.013750.00E+00
GRID    3435    0       -4.6E-04-0.017970.00E+00
GRID    3436    0       -0.02728-0.048610.00E+00
GRID    3437    0       -0.037700.0157200.00E+00
GRID    3438    0       -0.04802-0.032370.00E+00
GRID    3439    0       -0.017290.1082850.00E+00
GRID    3440    0       -0.032280.1088190.00E+00
GRID    3441    0       0.095292-0.047610.00E+00
GRID    3442    0       0.0952920.1076110.00E+00
GRID    3443    0       0.0611420.0432910.00E+00
GRID    3444    0       0.0641570.0149570.00E+00
GRID    3445    0       -0.012290.1080130.00E+00
GRID    3446    0       0.1078110.0046010.00E+00
GRID    3447    0       -0.05244-0.056220.00E+00
GRID    3448    0       -0.055760.1124790.00E+00
GRID    3449    0       0.0720770.0165140.00E+00
GRID    3450    0       0.061554-0.018450.00E+00
GRID    3451    0       0.0615540.0784590.00E+00
GRID    3452    0       -0.04767-0.040970.00E+00
GRID    3453    0       0.0902040.0084310.00E+00
GRID    3454    0       0.0614230.0157250.00E+00
GRID    3455    0       0.0613130.0162870.00E+00
GRID    3456    0       0.0636685.09E-040.00E+00
GRID    3457    0       0.0772380.0955190.00E+00
GRID    3458    0       0.077238-0.035510.00E+00
GRID    3459    0       0.0599450.1006160.00E+00
GRID    3460    0       0.0576380.1050520.00E+00
GRID    3461    0       0.059945-0.040610.00E+00
GRID    3462    0       0.057638-0.045050.00E+00
GRID    3463    0       -0.039930.0486710.00E+00
GRID    3464    0       -0.042620.0444550.00E+00
GRID    3465    0       -0.047520.0446930.00E+00
GRID    3466    0       -0.044640.0403020.00E+00
GRID    3467    0       -0.039760.0402540.00E+00
GRID    3468    0       -0.009980.1036770.00E+00
GRID    3469    0       -0.007300.1078060.00E+00
GRID    3470    0       -0.013810.0735260.00E+00
GRID    3471    0       -0.021880.0608780.00E+00
GRID    3472    0       -0.019570.0564420.00E+00
GRID    3473    0       0.0065430.0812970.00E+00
GRID    3474    0       0.0215270.0806380.00E+00
GRID    3475    0       -0.043790.0748470.00E+00
GRID    3476    0       0.0836280.0019880.00E+00
GRID    3477    0       0.081150-0.001290.00E+00
GRID    3478    0       0.0615370.0151150.00E+00
GRID    3479    0       0.004521-0.018100.00E+00
GRID    3480    0       0.007335-0.014030.00E+00
GRID    3481    0       0.0677420.0523320.00E+00
GRID    3482    0       0.0664270.0544760.00E+00
GRID    3483    0       0.0640070.0444860.00E+00
GRID    3484    0       0.0636130.0451610.00E+00
GRID    3485    0       0.0627940.0451310.00E+00
GRID    3486    0       0.0632130.0459660.00E+00
GRID    3487    0       0.0622070.0458540.00E+00
GRID    3488    0       0.0626590.0468030.00E+00
GRID    3489    0       0.0819630.0157610.00E+00
GRID    3490    0       0.0857210.0158450.00E+00
GRID    3491    0       0.0621330.0442770.00E+00
GRID    3492    0       0.0610550.0386840.00E+00
GRID    3493    0       0.0613620.0390460.00E+00
GRID    3494    0       0.009501-0.018250.00E+00
GRID    3495    0       0.012313-0.014250.00E+00
GRID    3496    0       0.009830-0.010180.00E+00
GRID    3497    0       0.014798-0.009660.00E+00
GRID    3498    0       0.017292-0.014450.00E+00
GRID    3499    0       0.019970-0.010400.00E+00
GRID    3500    0       0.022314-0.014750.00E+00
GRID    3501    0       0.025005-0.010640.00E+00
GRID    3502    0       0.027320-0.014990.00E+00
GRID    3503    0       0.030006-0.010880.00E+00
GRID    3504    0       0.032318-0.015210.00E+00
GRID    3505    0       0.035000-0.011140.00E+00
GRID    3506    0       0.037316-0.015380.00E+00
GRID    3507    0       0.039997-0.011340.00E+00
GRID    3508    0       0.042312-0.015590.00E+00
GRID    3509    0       0.044742-0.011580.00E+00
GRID    3510    0       0.019549-0.018690.00E+00
GRID    3511    0       -0.023850.0089030.00E+00
GRID    3512    0       0.1018050.0215070.00E+00
GRID    3513    0       0.1066050.0214070.00E+00
GRID    3514    0       -0.040950.0284730.00E+00
GRID    3515    0       0.046839-0.016190.00E+00
GRID    3516    0       0.0618260.0447530.00E+00
GRID    3517    0       0.0612490.0446800.00E+00
GRID    3518    0       0.1088850.0344990.00E+00
GRID    3519    0       0.0616790.0166320.00E+00
GRID    3520    0       0.0612010.0167870.00E+00
GRID    3521    0       0.0615780.0171450.00E+00
GRID    3522    0       0.0608430.0165050.00E+00
GRID    3523    0       0.0652160.0608770.00E+00
GRID    3524    0       0.1045190.0428570.00E+00
GRID    3525    0       -0.048160.0927740.00E+00
GRID    3526    0       0.0642630.0123920.00E+00
GRID    3527    0       0.0633400.0115290.00E+00
GRID    3528    0       0.0611710.0415780.00E+00
GRID    3529    0       0.0614030.0411530.00E+00
GRID    3530    0       0.0609010.0411580.00E+00
GRID    3531    0       0.0611510.0407240.00E+00
GRID    3532    0       0.0616400.0407260.00E+00
GRID    3533    0       0.0613970.0402910.00E+00
GRID    3534    0       0.0611760.0424530.00E+00
GRID    3535    0       0.1094100.0427310.00E+00
GRID    3536    0       -0.006860.0601470.00E+00
GRID    3537    0       -0.009870.0559400.00E+00
GRID    3538    0       -0.049640.0576220.00E+00
GRID    3539    0       0.0385690.0674070.00E+00
GRID    3540    0       -0.043390.0327480.00E+00
GRID    3541    0       -0.048370.0324170.00E+00
GRID    3542    0       0.0703080.1086130.00E+00
GRID    3543    0       0.070309-0.048610.00E+00
GRID    3544    0       0.0518020.0698360.00E+00
GRID    3545    0       0.052106-0.009010.00E+00
GRID    3546    0       -0.05071-0.028150.00E+00
GRID    3547    0       -0.048820.0661280.00E+00
GRID    3548    0       -0.051590.0702760.00E+00
GRID    3549    0       0.0614520.0453070.00E+00
GRID    3550    0       -0.019346.09E-040.00E+00
GRID    3551    0       -0.04855-0.015040.00E+00
GRID    3552    0       -0.04618-0.010880.00E+00
GRID    3553    0       0.0645380.0317040.00E+00
GRID    3554    0       0.0638110.0305800.00E+00
GRID    3555    0       0.0637980.0289400.00E+00
GRID    3556    0       0.0641000.0168700.00E+00
GRID    3557    0       0.0641930.0161660.00E+00
GRID    3558    0       -0.03227-0.048900.00E+00
GRID    3559    0       0.037923-0.007360.00E+00
GRID    3560    0       0.0770838.44E-050.00E+00
GRID    3561    0       0.0698980.0042640.00E+00
GRID    3562    0       0.0681380.0023470.00E+00
GRID    3563    0       0.0618810.0402930.00E+00
GRID    3564    0       0.0615500.0398670.00E+00
GRID    3565    0       0.0611300.0398670.00E+00
GRID    3566    0       0.0724830.0141740.00E+00
GRID    3567    0       0.0749570.0136850.00E+00
GRID    3568    0       -0.052040.0533710.00E+00
GRID    3569    0       0.0728950.0522560.00E+00
GRID    3570    0       0.0766000.0282510.00E+00
GRID    3571    0       0.0643390.0438430.00E+00
GRID    3572    0       0.0662480.0375500.00E+00
GRID    3573    0       0.0655850.0367480.00E+00
GRID    3574    0       0.0652800.0376230.00E+00
GRID    3575    0       -0.037270.1091190.00E+00
GRID    3576    0       0.0804080.0340780.00E+00
GRID    3577    0       0.0771790.0340590.00E+00
GRID    3578    0       0.0784970.0366880.00E+00
GRID    3579    0       0.0757650.0364400.00E+00
GRID    3580    0       0.1088690.0255550.00E+00
GRID    3581    0       0.034828-0.019640.00E+00
GRID    3582    0       0.0665030.0210590.00E+00
GRID    3583    0       0.0660880.0219710.00E+00
GRID    3584    0       0.0655670.0212360.00E+00
GRID    3585    0       0.0666160.0228230.00E+00
GRID    3586    0       0.0658330.0204520.00E+00
GRID    3587    0       0.0652170.0219380.00E+00
GRID    3588    0       0.0647830.0212990.00E+00
GRID    3589    0       0.0650800.0206870.00E+00
GRID    3590    0       0.0643540.0207600.00E+00
GRID    3591    0       0.0651930.0405850.00E+00
GRID    3592    0       0.0647800.0399450.00E+00
GRID    3593    0       0.0649880.0392820.00E+00
GRID    3594    0       0.0644870.0405280.00E+00
GRID    3595    0       0.0641400.0400280.00E+00
GRID    3596    0       0.0657790.0384150.00E+00
GRID    3597    0       0.0639100.0405590.00E+00
GRID    3598    0       0.0641970.0410320.00E+00
GRID    3599    0       0.0764920.0450010.00E+00
GRID    3600    0       0.0751670.0423620.00E+00
GRID    3601    0       0.0736720.0458080.00E+00
GRID    3602    0       0.0641090.0459210.00E+00
GRID    3603    0       0.0665910.0345130.00E+00
GRID    3604    0       0.0510950.0781360.00E+00
GRID    3605    0       0.0712160.0185560.00E+00
GRID    3606    0       0.0653190.0055820.00E+00
GRID    3607    0       0.0645400.0079430.00E+00
GRID    3608    0       0.0693440.0579350.00E+00
GRID    3609    0       0.0648740.0416010.00E+00
GRID    3610    0       0.0670620.0334280.00E+00
GRID    3611    0       0.0666780.0324010.00E+00
GRID    3612    0       0.0608540.0437320.00E+00
GRID    3613    0       0.0610670.0172730.00E+00
GRID    3614    0       0.0613950.0176430.00E+00
GRID    3615    0       0.0609180.0177510.00E+00
GRID    3616    0       0.0612790.0181150.00E+00
GRID    3617    0       0.0617340.0180020.00E+00
GRID    3618    0       0.0616160.0184700.00E+00
GRID    3619    0       0.0611470.0185960.00E+00
GRID    3620    0       0.0614840.0189490.00E+00
GRID    3621    0       0.0619660.0188250.00E+00
GRID    3622    0       0.0618460.0193100.00E+00
GRID    3623    0       0.0613510.0194290.00E+00
GRID    3624    0       0.0617140.0197920.00E+00
GRID    3625    0       0.0612270.0199040.00E+00
GRID    3626    0       0.0615670.0202680.00E+00
GRID    3627    0       0.0620540.0201500.00E+00
GRID    3628    0       0.0619060.0206250.00E+00
GRID    3629    0       0.0614260.0207500.00E+00
GRID    3630    0       0.0617750.0211070.00E+00
GRID    3631    0       0.0612910.0212310.00E+00
GRID    3632    0       0.0616400.0215890.00E+00
GRID    3633    0       0.0611780.0217190.00E+00
GRID    3634    0       0.0615090.0220710.00E+00
GRID    3635    0       0.0610470.0222010.00E+00
GRID    3636    0       0.0613760.0225530.00E+00
GRID    3637    0       0.0618560.0224280.00E+00
GRID    3638    0       0.0617210.0229100.00E+00
GRID    3639    0       0.0612480.0230220.00E+00
GRID    3640    0       0.0615890.0233900.00E+00
GRID    3641    0       0.0611310.0234790.00E+00
GRID    3642    0       0.0614500.0238720.00E+00
GRID    3643    0       0.0619610.0237490.00E+00
GRID    3644    0       0.0618080.0242820.00E+00
GRID    3645    0       0.0623830.0241370.00E+00
GRID    3646    0       0.0622090.0247400.00E+00
GRID    3647    0       0.0616140.0248750.00E+00
GRID    3648    0       0.0620320.0254080.00E+00
GRID    3649    0       0.0613400.0255330.00E+00
GRID    3650    0       0.0618100.0261450.00E+00
GRID    3651    0       0.0626250.0259570.00E+00
GRID    3652    0       0.0623850.0268650.00E+00
GRID    3653    0       0.0609100.0239530.00E+00
GRID    3654    0       0.0621250.0214650.00E+00
GRID    3655    0       0.0621890.0227810.00E+00
GRID    3656    0       0.0608760.0263410.00E+00
GRID    3657    0       0.0607580.0382600.00E+00
GRID    3658    0       0.0925340.0471990.00E+00
GRID    3659    0       0.0897940.0514690.00E+00
GRID    3660    0       0.0036480.0684290.00E+00
GRID    3661    0       0.0651360.0175950.00E+00
GRID    3662    0       0.0728690.0244420.00E+00
GRID    3663    0       0.0744050.0266230.00E+00
GRID    3664    0       0.0623250.0191840.00E+00
GRID    3665    0       0.0624570.0187200.00E+00
GRID    3666    0       0.0639470.0418160.00E+00
GRID    3667    0       0.0753360.0313420.00E+00
GRID    3668    0       0.0234540.0675490.00E+00
GRID    3669    0       0.0762120.0401650.00E+00
GRID    3670    0       0.0737020.0405000.00E+00
GRID    3671    0       0.0727730.0423500.00E+00
GRID    3672    0       0.0716050.0407950.00E+00
GRID    3673    0       0.0722580.0391620.00E+00
GRID    3674    0       0.0707770.0424370.00E+00
GRID    3675    0       0.0698740.0410130.00E+00
GRID    3676    0       0.0692740.0423090.00E+00
GRID    3677    0       -0.04228-0.049330.00E+00
GRID    3678    0       -0.04736-0.049490.00E+00
GRID    3679    0       -0.050260.0106740.00E+00
GRID    3680    0       0.044279-0.020510.00E+00
GRID    3681    0       -0.050320.0403510.00E+00
GRID    3682    0       0.0718500.0443050.00E+00
GRID    3683    0       0.0720560.0263450.00E+00
GRID    3684    0       0.0136110.0686540.00E+00
GRID    3685    0       0.0697220.0439230.00E+00
GRID    3686    0       0.0701030.0460270.00E+00
GRID    3687    0       0.0674740.0427350.00E+00
GRID    3688    0       0.0628190.0190070.00E+00
GRID    3689    0       0.0949230.0427240.00E+00
GRID    3690    0       0.0609040.0365020.00E+00
GRID    3691    0       0.0611470.0360440.00E+00
GRID    3692    0       0.0608090.0370420.00E+00
GRID    3693    0       0.0616490.0359540.00E+00
GRID    3694    0       0.0614060.0354830.00E+00
GRID    3695    0       0.0643880.0394780.00E+00
GRID    3696    0       0.0644690.0388490.00E+00
GRID    3697    0       0.0934780.1119470.00E+00
GRID    3698    0       0.0879500.1124450.00E+00
GRID    3699    0       0.093478-0.051940.00E+00
GRID    3700    0       0.087950-0.052440.00E+00
GRID    3701    0       -0.038360.0326750.00E+00
GRID    3702    0       0.0642180.0213060.00E+00
GRID    3703    0       0.0727940.0282720.00E+00
GRID    3704    0       0.0610350.0126790.00E+00
GRID    3705    0       0.0628820.0245690.00E+00
GRID    3706    0       0.0702910.0170810.00E+00
GRID    3707    0       0.0657860.0357310.00E+00
GRID    3708    0       0.0648500.0361370.00E+00
GRID    3709    0       0.0639850.0541980.00E+00
GRID    3710    0       0.0648500.0563200.00E+00
GRID    3711    0       0.0611040.0313850.00E+00
GRID    3712    0       0.0707640.0244430.00E+00
GRID    3713    0       0.0630130.0239740.00E+00
GRID    3714    0       0.0623730.0223040.00E+00
GRID    3715    0       0.0606690.0432700.00E+00
GRID    3716    0       0.0609730.0154120.00E+00
GRID    3717    0       0.0618440.0332450.00E+00
GRID    3718    0       0.0626540.0341220.00E+00
GRID    3719    0       0.0615650.0342810.00E+00
GRID    3720    0       0.0609640.0325860.00E+00
GRID    3721    0       0.0713110.0362550.00E+00
GRID    3722    0       0.1115130.0212810.00E+00
GRID    3723    0       0.1092160.0170230.00E+00
GRID    3724    0       0.1125620.0125160.00E+00
GRID    3725    0       -0.05284-0.032410.00E+00
GRID    3726    0       0.0608340.0214440.00E+00
GRID    3727    0       0.0637750.0492970.00E+00
GRID    3728    0       0.0627490.0504690.00E+00
GRID    3729    0       0.0632120.0479970.00E+00
GRID    3730    0       0.0879560.0474330.00E+00
GRID    3731    0       0.0865350.0559850.00E+00
GRID    3732    0       0.0604500.0242520.00E+00
GRID    3733    0       -0.01033-0.017640.00E+00
GRID    3734    0       0.0620890.0120630.00E+00
GRID    3735    0       0.0622830.0107760.00E+00
GRID    3736    0       0.0635720.0097850.00E+00
GRID    3737    0       0.0626820.0424120.00E+00
GRID    3738    0       0.0646980.0370380.00E+00
GRID    3739    0       0.0644310.0378510.00E+00
GRID    3740    0       0.0840550.0190850.00E+00
GRID    3741    0       0.0878890.0196580.00E+00
GRID    3742    0       0.0897770.0233560.00E+00
GRID    3743    0       0.059027-0.022740.00E+00
GRID    3744    0       0.0590270.0827430.00E+00
GRID    3745    0       -0.05135-0.019630.00E+00
GRID    3746    0       0.0184910.0683940.00E+00
GRID    3747    0       0.0622170.0348020.00E+00
GRID    3748    0       0.0646120.0201910.00E+00
GRID    3749    0       0.1106746.35E-040.00E+00
GRID    3750    0       0.108365-0.003800.00E+00
GRID    3751    0       0.113091-0.003280.00E+00
GRID    3752    0       0.110718-0.007810.00E+00
GRID    3753    0       0.0664490.0093560.00E+00
GRID    3754    0       0.0655440.0156090.00E+00
GRID    3755    0       0.0621690.0165640.00E+00
GRID    3756    0       0.066386-0.002250.00E+00
GRID    3757    0       0.0625650.0235490.00E+00
GRID    3758    0       0.0606200.0344310.00E+00
GRID    3759    0       0.0611300.0349520.00E+00
GRID    3760    0       0.0610270.0285740.00E+00
GRID    3761    0       0.0623100.0289100.00E+00
GRID    3762    0       0.0925600.0559580.00E+00
GRID    3763    0       0.0648130.0445180.00E+00
GRID    3764    0       0.0607220.0463460.00E+00
GRID    3765    0       0.0615930.0466470.00E+00
GRID    3766    0       0.0618290.0476380.00E+00
GRID    3767    0       0.0622590.0488740.00E+00
GRID    3768    0       0.0607330.0136660.00E+00
GRID    3769    0       0.0610190.0484340.00E+00
GRID    3770    0       0.0615780.0066960.00E+00
GRID    3771    0       0.0622200.0557000.00E+00
GRID    3772    0       0.0629350.0185770.00E+00
GRID    3773    0       0.022606-0.006200.00E+00
GRID    3774    0       0.0604620.0447970.00E+00
GRID    3775    0       0.0606820.0407410.00E+00
GRID    3776    0       0.0288140.0668440.00E+00
GRID    3777    0       0.1074160.0126170.00E+00
GRID    3778    0       0.077989-0.004800.00E+00
GRID    3779    0       0.083391-0.005900.00E+00
GRID    3780    0       0.079757-0.009160.00E+00
GRID    3781    0       0.083549-0.010910.00E+00
GRID    3782    0       -0.01541-0.017640.00E+00
GRID    3783    0       0.0656440.0467120.00E+00
GRID    3784    0       -0.038220.0244400.00E+00
GRID    3785    0       -0.01769-0.012860.00E+00
GRID    3786    0       -0.01716-0.007780.00E+00
GRID    3787    0       0.0646140.0111690.00E+00
GRID    3788    0       0.0622530.0196850.00E+00
GRID    3789    0       -0.00486-6.6E-040.00E+00
GRID    3790    0       0.0622010.0175540.00E+00
GRID    3791    0       0.0785420.0160260.00E+00
GRID    3792    0       0.0604410.0357900.00E+00
GRID    3793    0       0.0088490.0677750.00E+00
GRID    3794    0       0.0648860.0382850.00E+00
GRID    3795    0       0.0650260.0132760.00E+00
GRID    3796    0       0.0644720.0219260.00E+00
GRID    3797    0       0.0686340.1126570.00E+00
GRID    3798    0       0.0628290.1133120.00E+00
GRID    3799    0       0.068634-0.052650.00E+00
GRID    3800    0       0.062829-0.053310.00E+00
GRID    3801    0       0.0677720.0230470.00E+00
GRID    3802    0       0.0680430.0243220.00E+00
GRID    3803    0       0.0618670.0277240.00E+00
GRID    3804    0       0.0605920.0254870.00E+00
GRID    3805    0       0.0702440.0524770.00E+00
GRID    3806    0       0.0712120.0500650.00E+00
GRID    3807    0       0.0706920.0480090.00E+00
GRID    3808    0       0.0604970.0387300.00E+00
GRID    3809    0       0.0624100.0376210.00E+00
GRID    3810    0       -0.00243-0.004480.00E+00
GRID    3811    0       0.0787340.0738030.00E+00
GRID    3812    0       0.0837660.0735620.00E+00
GRID    3813    0       0.0809590.0694030.00E+00
GRID    3814    0       0.1065390.0300440.00E+00
GRID    3815    0       0.0768570.0868690.00E+00
GRID    3816    0       0.076856-0.026860.00E+00
GRID    3817    0       0.079926-0.039730.00E+00
GRID    3818    0       0.077622-0.044170.00E+00
GRID    3819    0       0.080305-0.048210.00E+00
GRID    3820    0       0.075304-0.048320.00E+00
GRID    3821    0       0.077776-0.052620.00E+00
GRID    3822    0       0.0799260.0997350.00E+00
GRID    3823    0       0.0776200.1041710.00E+00
GRID    3824    0       0.0803020.1082140.00E+00
GRID    3825    0       0.0753010.1083280.00E+00
GRID    3826    0       0.0777740.1126280.00E+00
GRID    3827    0       0.082233-0.035290.00E+00
GRID    3828    0       0.0822330.0952990.00E+00
GRID    3829    0       0.0625530.0217590.00E+00
GRID    3830    0       0.0795450.0910830.00E+00
GRID    3831    0       0.079545-0.031080.00E+00
GRID    3832    0       0.064158-0.022910.00E+00
GRID    3833    0       0.0641590.0829130.00E+00
GRID    3834    0       0.081852-0.026650.00E+00
GRID    3835    0       0.0818520.0866470.00E+00
GRID    3836    0       0.072625-0.044360.00E+00
GRID    3837    0       0.054949-0.040830.00E+00
GRID    3838    0       0.052643-0.045270.00E+00
GRID    3839    0       0.055303-0.049200.00E+00
GRID    3840    0       0.050316-0.049650.00E+00
GRID    3841    0       0.047644-0.045480.00E+00
GRID    3842    0       0.045316-0.049960.00E+00
GRID    3843    0       0.042648-0.045710.00E+00
GRID    3844    0       0.040186-0.050330.00E+00
GRID    3845    0       0.037630-0.045960.00E+00
GRID    3846    0       0.048387-0.055140.00E+00
GRID    3847    0       0.035351-0.050360.00E+00
GRID    3848    0       0.032658-0.046150.00E+00
GRID    3849    0       0.030235-0.050690.00E+00
GRID    3850    0       0.027646-0.046390.00E+00
GRID    3851    0       0.025360-0.050800.00E+00
GRID    3852    0       0.022669-0.046590.00E+00
GRID    3853    0       0.024975-0.042160.00E+00
GRID    3854    0       0.020319-0.051050.00E+00
GRID    3855    0       0.017669-0.046810.00E+00
GRID    3856    0       0.015321-0.051250.00E+00
GRID    3857    0       0.012671-0.047000.00E+00
GRID    3858    0       0.037565-0.055060.00E+00
GRID    3859    0       0.027500-0.055340.00E+00
GRID    3860    0       0.014988-0.042590.00E+00
GRID    3861    0       0.009992-0.042810.00E+00
GRID    3862    0       0.034964-0.041720.00E+00
GRID    3863    0       0.044958-0.041270.00E+00
GRID    3864    0       0.0549490.1008330.00E+00
GRID    3865    0       0.0526430.1052710.00E+00
GRID    3866    0       0.0553030.1092030.00E+00
GRID    3867    0       0.0503160.1096520.00E+00
GRID    3868    0       0.0476440.1054830.00E+00
GRID    3869    0       0.0453160.1099680.00E+00
GRID    3870    0       0.0426480.1057170.00E+00
GRID    3871    0       0.0401860.1103360.00E+00
GRID    3872    0       0.0376300.1059640.00E+00
GRID    3873    0       0.0483870.1151460.00E+00
GRID    3874    0       0.0353510.1103680.00E+00
GRID    3875    0       0.0326580.1061580.00E+00
GRID    3876    0       0.0302350.1106900.00E+00
GRID    3877    0       0.0276460.1063900.00E+00
GRID    3878    0       0.0253600.1108080.00E+00
GRID    3879    0       0.0226690.1065960.00E+00
GRID    3880    0       0.0249750.1021600.00E+00
GRID    3881    0       0.0203190.1110550.00E+00
GRID    3882    0       0.0176690.1068180.00E+00
GRID    3883    0       0.0153700.1112490.00E+00
GRID    3884    0       0.0126790.1070060.00E+00
GRID    3885    0       0.0375650.1150680.00E+00
GRID    3886    0       0.0275000.1153400.00E+00
GRID    3887    0       0.0149870.1025930.00E+00
GRID    3888    0       0.0099930.1028120.00E+00
GRID    3889    0       0.0076850.1072200.00E+00
GRID    3890    0       0.0049980.1030310.00E+00
GRID    3891    0       0.0026880.1074020.00E+00
GRID    3892    0       0.0051780.1115150.00E+00
GRID    3893    0       2.67E-060.1032440.00E+00
GRID    3894    0       0.0349640.1017230.00E+00
GRID    3895    0       0.0449580.1012750.00E+00
GRID    3896    0       -0.002310.1075130.00E+00
GRID    3897    0       0.007680-0.047150.00E+00
GRID    3898    0       0.057250-0.036380.00E+00
GRID    3899    0       0.0572500.0963830.00E+00
GRID    3900    0       0.0852890.1079740.00E+00
GRID    3901    0       0.0941480.0817680.00E+00
GRID    3902    0       0.0991430.0815470.00E+00
GRID    3903    0       0.1014500.0771100.00E+00
GRID    3904    0       0.1041390.0813260.00E+00
GRID    3905    0       0.1064450.0768890.00E+00
GRID    3906    0       0.1088580.0809610.00E+00
GRID    3907    0       0.1067360.0854930.00E+00
GRID    3908    0       0.1115700.0760650.00E+00
GRID    3909    0       0.1085180.0722200.00E+00
GRID    3910    0       0.094147-0.021780.00E+00
GRID    3911    0       0.099141-0.021550.00E+00
GRID    3912    0       0.101447-0.017110.00E+00
GRID    3913    0       0.104138-0.021320.00E+00
GRID    3914    0       0.106444-0.016890.00E+00
GRID    3915    0       0.108858-0.020960.00E+00
GRID    3916    0       0.106735-0.025490.00E+00
GRID    3917    0       0.111570-0.016060.00E+00
GRID    3918    0       0.103755-0.012670.00E+00
GRID    3919    0       0.096837-0.025980.00E+00
GRID    3920    0       0.0968370.0859830.00E+00
GRID    3921    0       0.0745500.0913040.00E+00
GRID    3922    0       0.074550-0.031300.00E+00
GRID    3923    0       0.0987610.0728950.00E+00
GRID    3924    0       0.098742-0.012880.00E+00
GRID    3925    0       0.0726230.1043610.00E+00
GRID    3926    0       0.062252-0.036180.00E+00
GRID    3927    0       0.0622520.0961800.00E+00
GRID    3928    0       0.087230-0.035070.00E+00
GRID    3929    0       0.0872290.0950770.00E+00
GRID    3930    0       0.090708-4.3E-040.00E+00
GRID    3931    0       0.1022150.0944140.00E+00
GRID    3932    0       0.1049040.0986290.00E+00
GRID    3933    0       0.1071160.0942530.00E+00
GRID    3934    0       0.1025980.1030660.00E+00
GRID    3935    0       0.1075930.1028450.00E+00
GRID    3936    0       0.1052840.1072090.00E+00
GRID    3937    0       0.1102670.1071100.00E+00
GRID    3938    0       0.1125410.1026830.00E+00
GRID    3939    0       0.1123960.1116030.00E+00
GRID    3940    0       0.1002850.1073590.00E+00
GRID    3941    0       0.1035870.1114470.00E+00
GRID    3942    0       0.1044900.0899800.00E+00
GRID    3943    0       0.1091040.0898730.00E+00
GRID    3944    0       0.102215-0.034410.00E+00
GRID    3945    0       0.104904-0.038620.00E+00
GRID    3946    0       0.107116-0.034250.00E+00
GRID    3947    0       0.102598-0.043060.00E+00
GRID    3948    0       0.107593-0.042840.00E+00
GRID    3949    0       0.105284-0.047200.00E+00
GRID    3950    0       0.110267-0.047110.00E+00
GRID    3951    0       0.112541-0.042680.00E+00
GRID    3952    0       0.112396-0.051600.00E+00
GRID    3953    0       0.104490-0.029980.00E+00
GRID    3954    0       0.109104-0.029870.00E+00
GRID    3955    0       0.047262-0.036820.00E+00
GRID    3956    0       0.0472620.0968270.00E+00
GRID    3957    0       0.100286-0.047350.00E+00
GRID    3958    0       0.103587-0.051440.00E+00
GRID    3959    0       0.0602790.1089150.00E+00
GRID    3960    0       0.060279-0.048910.00E+00
GRID    3961    0       0.106004-0.008200.00E+00
GRID    3962    0       0.108451-0.012180.00E+00
GRID    3963    0       0.0976020.1032710.00E+00
GRID    3964    0       0.1033470.0640460.00E+00
GRID    3965    0       0.1083430.0638190.00E+00
GRID    3966    0       0.1103080.0591930.00E+00
GRID    3967    0       0.1130220.0632320.00E+00
GRID    3968    0       0.1119260.0543430.00E+00
GRID    3969    0       0.1106640.0677710.00E+00
GRID    3970    0       0.1060620.0682380.00E+00
GRID    3971    0       0.0441940.0839610.00E+00
GRID    3972    0       0.0465040.0795360.00E+00
GRID    3973    0       0.0123000.0983810.00E+00
GRID    3974    0       0.0199820.1023770.00E+00
GRID    3975    0       0.097602-0.043270.00E+00
GRID    3976    0       0.039958-0.041500.00E+00
GRID    3977    0       0.0399580.1015030.00E+00
GRID    3978    0       0.103359-0.004010.00E+00
GRID    3979    0       0.0619900.0219470.00E+00
GRID    3980    0       0.049952-0.041040.00E+00
GRID    3981    0       0.0499520.1010480.00E+00
GRID    3982    0       0.0372750.0972810.00E+00
GRID    3983    0       0.0299680.1019420.00E+00
GRID    3984    0       0.0272840.0977220.00E+00
GRID    3985    0       0.037275-0.037280.00E+00
GRID    3986    0       0.029968-0.041940.00E+00
GRID    3987    0       0.027285-0.037720.00E+00
GRID    3988    0       0.0930420.0041990.00E+00
GRID    3989    0       0.0620700.0232670.00E+00
GRID    3990    0       0.109835-0.038440.00E+00
GRID    3991    0       -0.00730-0.047860.00E+00
GRID    3992    0       -0.01229-0.048070.00E+00
GRID    3993    0       -0.004990.1034240.00E+00
GRID    3994    0       0.0023100.0988180.00E+00
GRID    3995    0       -0.05018-0.036700.00E+00
GRID    3996    0       -0.038410.0832790.00E+00
GRID    3997    0       -0.033410.0830580.00E+00
GRID    3998    0       -0.037530.0442740.00E+00
GRID    3999    0       -0.022420.1083520.00E+00
GRID    4000    0       -0.027440.1086540.00E+00
GRID    4001    0       -0.029960.1124550.00E+00
GRID    4002    0       -0.007680.0992490.00E+00
GRID    4003    0       -0.01267-0.039480.00E+00
GRID    4004    0       -0.034940.0115490.00E+00
GRID    4005    0       -0.030200.0121320.00E+00
GRID    4006    0       -0.048630.0748950.00E+00
GRID    4007    0       -0.035190.0399820.00E+00
GRID    4008    0       0.0342070.0844120.00E+00
GRID    4009    0       -0.038790.0746270.00E+00
GRID    4010    0       -0.034920.0484570.00E+00
GRID    4011    0       -0.037240.0528880.00E+00
GRID    4012    0       -0.016120.0779620.00E+00
GRID    4013    0       -0.050510.0282380.00E+00
GRID    4014    0       -0.053000.0323550.00E+00
GRID    4015    0       -0.055680.1074960.00E+00
GRID    4016    0       -0.051370.1049990.00E+00
GRID    4017    0       -0.051700.1000720.00E+00
GRID    4018    0       -0.051600.1099760.00E+00
GRID    4019    0       -0.046860.1079830.00E+00
GRID    4020    0       -0.012670.0994760.00E+00
GRID    4021    0       -0.04826-0.023830.00E+00
GRID    4022    0       -0.014630.0562120.00E+00
GRID    4023    0       -0.012270.0517860.00E+00
GRID    4024    0       -0.017270.0520050.00E+00
GRID    4025    0       -0.014960.0475700.00E+00
GRID    4026    0       -0.009490.0471070.00E+00
GRID    4027    0       -0.012570.0430940.00E+00
GRID    4028    0       -0.017630.0433480.00E+00
GRID    4029    0       -0.015320.0389110.00E+00
GRID    4030    0       -0.010440.0386730.00E+00
GRID    4031    0       -0.013030.0344830.00E+00
GRID    4032    0       -0.007530.0344720.00E+00
GRID    4033    0       -0.010720.0301500.00E+00
GRID    4034    0       -0.015700.0302930.00E+00
GRID    4035    0       -0.013350.0259190.00E+00
GRID    4036    0       -0.008610.0256650.00E+00
GRID    4037    0       -0.011010.0215630.00E+00
GRID    4038    0       -0.013640.0172740.00E+00
GRID    4039    0       -0.008520.0170240.00E+00
GRID    4040    0       -0.007460.0426540.00E+00
GRID    4041    0       -0.018390.0260660.00E+00
GRID    4042    0       0.014472-0.018320.00E+00
GRID    4043    0       -0.04742-0.056260.00E+00
GRID    4044    0       -0.018810.0737460.00E+00
GRID    4045    0       -0.03646-0.010190.00E+00
GRID    4046    0       0.019982-0.042370.00E+00
GRID    4047    0       0.116052-0.027530.00E+00
GRID    4048    0       0.116000-0.032460.00E+00
GRID    4049    0       -7.6E-040.0859540.00E+00
GRID    4050    0       -0.03265-0.040360.00E+00
GRID    4051    0       -0.023020.0349230.00E+00
GRID    4052    0       -0.036480.0701910.00E+00
GRID    4053    0       0.029695-0.019570.00E+00
GRID    4054    0       -0.055210.0878110.00E+00
GRID    4055    0       -0.044990.0970480.00E+00
GRID    4056    0       -0.034560.0571030.00E+00
GRID    4057    0       -0.02240-0.048480.00E+00
GRID    4058    0       -0.02493-0.052320.00E+00
GRID    4059    0       -0.01743-0.048140.00E+00
GRID    4060    0       -0.01498-0.043910.00E+00
GRID    4061    0       -0.01536-0.035260.00E+00
GRID    4062    0       -0.049510.0492410.00E+00
GRID    4063    0       0.1160560.0324660.00E+00
GRID    4064    0       -0.02840-0.022820.00E+00
GRID    4065    0       -0.03108-0.018600.00E+00
GRID    4066    0       -0.019950.0477910.00E+00
GRID    4067    0       -0.055690.0224140.00E+00
GRID    4068    0       -0.055200.0076960.00E+00
GRID    4069    0       -0.051040.0060340.00E+00
GRID    4070    0       -0.054460.0024830.00E+00
GRID    4071    0       -0.05046-0.001470.00E+00
GRID    4072    0       -0.05184-0.005720.00E+00
GRID    4073    0       -0.04742-0.004180.00E+00
GRID    4074    0       -0.055660.0424800.00E+00
GRID    4075    0       0.0092310.0855130.00E+00
GRID    4076    0       -0.001340.0686540.00E+00
GRID    4077    0       -0.05572-0.042560.00E+00
GRID    4078    0       -0.05093-0.045140.00E+00
GRID    4079    0       -0.007330.1158220.00E+00
GRID    4080    0       -0.042180.1161410.00E+00
GRID    4081    0       -0.022260.0522260.00E+00
GRID    4082    0       -0.004230.0646280.00E+00
GRID    4083    0       -0.030340.0959260.00E+00
GRID    4084    0       -0.05551-0.027840.00E+00
GRID    4085    0       0.1160520.0875390.00E+00
GRID    4086    0       0.1160000.0924640.00E+00
GRID    4087    0       0.024223-0.024990.00E+00
GRID    4088    0       -0.055040.0575980.00E+00
GRID    4089    0       -0.017340.1159510.00E+00
GRID    4090    0       -0.055700.0823900.00E+00
GRID    4091    0       -0.030950.0217740.00E+00
GRID    4092    0       0.012301-0.038380.00E+00
GRID    4093    0       0.004998-0.043020.00E+00
GRID    4094    0       -0.011130.0777420.00E+00
GRID    4095    0       -0.01234-0.055890.00E+00
GRID    4096    0       -0.00233-0.055770.00E+00
GRID    4097    0       0.007650-0.055680.00E+00
GRID    4098    0       -0.055670.0175000.00E+00
GRID    4099    0       0.009239-0.025690.00E+00
GRID    4100    0       -7.5E-04-0.026150.00E+00
GRID    4101    0       -0.04142-0.001630.00E+00
GRID    4102    0       0.1153960.0078570.00E+00
GRID    4103    0       0.002310-0.038820.00E+00
GRID    4104    0       -0.00549-0.017820.00E+00
GRID    4105    0       -0.056020.0676500.00E+00
GRID    4106    0       0.019230-0.025260.00E+00
GRID    4107    0       -0.021580.0047040.00E+00
GRID    4108    0       -0.026560.0044970.00E+00
GRID    4109    0       -0.03736-0.056070.00E+00
GRID    4110    0       -0.055790.0976300.00E+00
GRID    4111    0       0.0242160.0848530.00E+00
GRID    4112    0       -0.009480.0082130.00E+00
GRID    4113    0       0.1148000.0425920.00E+00
GRID    4114    0       -0.013430.0821780.00E+00
GRID    4115    0       -0.03727-0.049070.00E+00
GRID    4116    0       -0.010360.0950430.00E+00
GRID    4117    0       -0.023040.0912700.00E+00
GRID    4118    0       0.024512-0.018720.00E+00
GRID    4119    0       -0.02441-0.005680.00E+00
GRID    4120    0       0.005353-0.009920.00E+00
GRID    4121    0       -0.039760.1049630.00E+00
GRID    4122    0       -0.041930.1086370.00E+00
GRID    4123    0       -0.033030.0917100.00E+00
GRID    4124    0       0.0265220.0804180.00E+00
GRID    4125    0       -0.02035-0.035480.00E+00
GRID    4126    0       -0.016500.0693100.00E+00
GRID    4127    0       -0.019190.0650940.00E+00
GRID    4128    0       0.0042360.0857330.00E+00
GRID    4129    0       -0.024190.0653140.00E+00
GRID    4130    0       -0.03072-0.027270.00E+00
GRID    4131    0       -0.01805-0.031050.00E+00
GRID    4132    0       0.0115380.0810770.00E+00
GRID    4133    0       -0.016890.0606570.00E+00
GRID    4134    0       -0.03496-0.044760.00E+00
GRID    4135    0       -0.01036-0.035040.00E+00
GRID    4136    0       0.0165330.0808570.00E+00
GRID    4137    0       -0.040320.0199810.00E+00
GRID    4138    0       -0.046760.0618850.00E+00
GRID    4139    0       0.0192210.0850730.00E+00
GRID    4140    0       0.0315170.0802000.00E+00
GRID    4141    0       0.0414660.0797890.00E+00
GRID    4142    0       -0.022640.0435740.00E+00
GRID    4143    0       -0.03572-0.027490.00E+00
GRID    4144    0       0.0015480.0815180.00E+00
GRID    4145    0       -0.04531-0.036560.00E+00
GRID    4146    0       -0.03341-0.023050.00E+00
GRID    4147    0       -0.050260.0880860.00E+00
GRID    4148    0       -0.020330.0391390.00E+00
GRID    4149    0       -0.025350.0957060.00E+00
GRID    4150    0       0.0365080.0799850.00E+00
GRID    4151    0       -0.018020.0347050.00E+00
GRID    4152    0       -0.03610-0.018830.00E+00
GRID    4153    0       -0.030730.0872740.00E+00
GRID    4154    0       -0.028040.0914900.00E+00
GRID    4155    0       -0.03878-0.014620.00E+00
GRID    4156    0       -0.04130-0.010520.00E+00
GRID    4157    0       -0.028420.0828380.00E+00
GRID    4158    0       -0.031110.0786220.00E+00
GRID    4159    0       -0.036100.0788430.00E+00
GRID    4160    0       -0.041100.0790630.00E+00
GRID    4161    0       -0.046070.0792780.00E+00
GRID    4162    0       0.0622600.0209840.00E+00
GRID    4163    0       0.0609080.0226600.00E+00
GRID    4164    0       0.0605130.0222460.00E+00
GRID    4165    0       0.0609250.0208810.00E+00
GRID    4166    0       0.1098350.0984420.00E+00
GRID    4167    0       0.0611080.0203840.00E+00
GRID    4168    0       0.0638140.0387670.00E+00
GRID    4169    0       0.0640110.0383070.00E+00
GRID    4170    0       0.0625240.0384830.00E+00
GRID    4171    0       0.1037170.0726360.00E+00
GRID    4172    0       0.0621620.0394040.00E+00
GRID    4173    0       0.1018120.0857550.00E+00
GRID    4174    0       0.101811-0.025750.00E+00
GRID    4175    0       0.0634060.0396960.00E+00
GRID    4176    0       0.0609990.0190720.00E+00
GRID    4177    0       0.0606940.0187030.00E+00
GRID    4178    0       0.0604680.0191910.00E+00
GRID    4179    0       0.022290-0.037940.00E+00
GRID    4180    0       0.0222900.0979420.00E+00
GRID    4181    0       0.0621480.0183210.00E+00
GRID    4182    0       0.0618880.0411560.00E+00
GRID    4183    0       0.0860590.0691490.00E+00
GRID    4184    0       0.0830170.0650590.00E+00
GRID    4185    0       0.0847560.0609140.00E+00
GRID    4186    0       0.0608740.0420060.00E+00
GRID    4187    0       0.0604130.0237450.00E+00
GRID    4188    0       0.085291-0.047970.00E+00
GRID    4189    0       -0.051330.0796050.00E+00
GRID    4190    0       -0.05593-0.017420.00E+00
GRID    4191    0       7.20E-040.0638400.00E+00
GRID    4192    0       0.0611270.0373860.00E+00
GRID    4193    0       0.0604020.0397540.00E+00
GRID    4194    0       0.0604120.0202490.00E+00
GRID    4195    0       0.0618870.0354380.00E+00
GRID    4196    0       0.0622230.0380840.00E+00
GRID    4197    0       0.0604130.0422480.00E+00
GRID    4198    0       0.0604060.0167540.00E+00
GRID    4199    0       0.0610570.0441790.00E+00
GRID    4200    0       -0.007360.0515630.00E+00
GRID    4201    0       0.0609310.0378290.00E+00
GRID    4202    0       0.0665590.0785650.00E+00
GRID    4203    0       0.066540-0.018550.00E+00
GRID    4204    0       0.0638590.0204860.00E+00
GRID    4205    0       0.0619540.0363570.00E+00
GRID    4206    0       0.0622750.0308830.00E+00
GRID    4207    0       0.0648010.0170010.00E+00
GRID    4208    0       0.0026100.1157900.00E+00
GRID    4209    0       0.0637800.0470240.00E+00
GRID    4210    0       0.0175730.1156610.00E+00
GRID    4211    0       0.017587-0.055630.00E+00
GRID    4212    0       0.0604570.0177870.00E+00
GRID    4213    0       0.0734250.0360350.00E+00
GRID    4214    0       0.0637330.0413780.00E+00
GRID    4215    0       0.0643500.0195830.00E+00
GRID    4216    0       0.0609040.0159800.00E+00
GRID    4217    0       -0.003230.0577190.00E+00
GRID    4218    0       0.053360-0.022510.00E+00
GRID    4219    0       0.0539500.0825210.00E+00
GRID    4220    0       0.0620310.0385440.00E+00
GRID    4221    0       0.0632580.0521750.00E+00
GRID    4222    0       0.040543-0.003620.00E+00
GRID    4223    0       0.0614080.0428750.00E+00
GRID    4224    0       0.0536710.1132280.00E+00
GRID    4225    0       0.053671-0.053220.00E+00
GRID    4226    0       0.027495-0.006840.00E+00
GRID    4227    0       0.0621380.0415710.00E+00
GRID    4228    0       0.034062-0.024440.00E+00
GRID    4229    0       0.0604350.0412000.00E+00
GRID    4230    0       0.0877200.0123940.00E+00
GRID    4231    0       0.0745200.0341450.00E+00
GRID    4232    0       0.0608720.0195440.00E+00
GRID    4233    0       -0.006890.0040680.00E+00
GRID    4234    0       0.0637620.0378970.00E+00
GRID    4235    0       0.0639970.0373170.00E+00
GRID    4236    0       -0.035450.0201180.00E+00
GRID    4237    0       0.0655410.0227560.00E+00
GRID    4238    0       0.051458-0.017040.00E+00
GRID    4239    0       0.0614370.0514690.00E+00
GRID    4240    0       0.0102280.1114020.00E+00
GRID    4241    0       0.010325-0.051320.00E+00
GRID    4242    0       -0.00836-0.022110.00E+00
GRID    4243    0       0.1115070.0300000.00E+00
GRID    4244    0       0.0626620.0226980.00E+00
GRID    4245    0       0.0611870.0100710.00E+00
GRID    4246    0       0.0633750.0266520.00E+00
GRID    4247    0       0.0629580.0278330.00E+00
GRID    4248    0       0.0778730.0192500.00E+00
GRID    4249    0       -0.047160.1019270.00E+00
GRID    4250    0       0.0609270.0403080.00E+00
GRID    4251    0       0.0618490.0389920.00E+00
GRID    4252    0       0.0759680.0697040.00E+00
GRID    4253    0       0.0704190.0396130.00E+00
GRID    4254    0       0.0624060.0419810.00E+00
GRID    4255    0       0.002104-0.003410.00E+00
GRID    4256    0       0.0705080.0153740.00E+00
GRID    4257    0       -0.002970.0333070.00E+00
GRID    4258    0       -0.002930.0267310.00E+00
GRID    4259    0       0.0688740.0397980.00E+00
GRID    4260    0       0.0625560.0200650.00E+00
GRID    4261    0       0.0364010.0635890.00E+00
GRID    4262    0       0.0695940.0194090.00E+00
GRID    4263    0       -0.002980.0100380.00E+00
GRID    4264    0       -0.006660.0121550.00E+00
GRID    4265    0       -0.003260.0499680.00E+00
GRID    4266    0       0.0339440.0673310.00E+00
GRID    4267    0       0.0657600.0196700.00E+00
GRID    4268    0       0.115824-0.007670.00E+00
GRID    4269    0       0.1158240.0676770.00E+00
GRID    4270    0       -0.055940.0725000.00E+00
GRID    4271    0       0.048576-0.002960.00E+00
GRID    4272    0       0.047494-0.007510.00E+00
GRID    4273    0       0.0484700.0626840.00E+00
GRID    4274    0       0.005264-0.051440.00E+00
GRID    4275    0       0.0075760.1157970.00E+00
GRID    4276    0       0.0609190.0428670.00E+00
GRID    4277    0       -0.05519-0.052580.00E+00
GRID    4278    0       -0.051980.1153630.00E+00
GRID    4279    0       0.017682-0.006640.00E+00
GRID    4280    0       0.0970150.0212230.00E+00
GRID    4281    0       0.0097590.0629050.00E+00
GRID    4282    0       0.009686-0.003090.00E+00
GRID    4283    0       0.0604010.0372600.00E+00
GRID    4284    0       0.0640930.0742360.00E+00
GRID    4285    0       0.064070-0.014210.00E+00
GRID    4286    0       0.0608910.0391310.00E+00
GRID    4287    0       0.0686580.0267320.00E+00
GRID    4288    0       0.0935070.0254470.00E+00
GRID    4289    0       0.029440-0.003330.00E+00
GRID    4290    0       0.0290910.0626680.00E+00
GRID    4291    0       0.0624510.0362650.00E+00
GRID    4292    0       -0.003290.0366410.00E+00
GRID    4293    0       -0.006380.0385270.00E+00
GRID    4294    0       -0.002770.0232480.00E+00
GRID    4295    0       -0.006400.0215270.00E+00
GRID    4296    0       -0.002800.0168110.00E+00
GRID    4297    0       -0.002870.0432430.00E+00
GRID    4298    0       0.111727-0.025210.00E+00
GRID    4299    0       0.1117270.0852130.00E+00
GRID    4300    0       0.0604290.0227850.00E+00
GRID    4301    0       0.0407760.0636100.00E+00
GRID    4302    0       -0.05138-0.010600.00E+00
GRID    4303    0       0.1159930.0525000.00E+00
GRID    4304    0       0.0700040.0372740.00E+00
GRID    4305    0       0.0639040.0221580.00E+00
GRID    4306    0       0.0638810.0396190.00E+00
GRID    4307    0       0.055305-0.002710.00E+00
GRID    4308    0       0.0553050.0627120.00E+00
GRID    4309    0       0.039614-0.019160.00E+00
GRID    4310    0       0.0603860.0436670.00E+00
GRID    4311    0       0.016362-0.002690.00E+00
GRID    4312    0       0.0162260.0622840.00E+00
GRID    4313    0       0.1102280.0085300.00E+00
GRID    4314    0       0.0708530.0293400.00E+00
GRID    4315    0       0.1160370.0225000.00E+00
GRID    4316    0       0.0225920.0626880.00E+00
GRID    4317    0       0.022621-0.002480.00E+00
GRID    4318    0       0.1160420.0777190.00E+00
GRID    4319    0       0.116042-0.017710.00E+00
GRID    4320    0       0.0621800.0130920.00E+00
GRID    4321    0       0.0636280.0172750.00E+00
GRID    4322    0       0.0623570.0411270.00E+00
GRID    4323    0       1.91E-040.1116000.00E+00
GRID    4324    0       0.0969670.0385290.00E+00
GRID    4325    0       3.12E-04-0.051540.00E+00
GRID    4326    0       -0.00327-0.022090.00E+00
GRID    4327    0       -0.032930.0162330.00E+00
GRID    4328    0       0.0641150.0258820.00E+00
GRID    4329    0       0.079154-0.013530.00E+00
GRID    4330    0       0.0711140.0014270.00E+00
GRID    4331    0       0.0997450.0170980.00E+00
GRID    4332    0       0.0621560.0148800.00E+00
GRID    4333    0       0.0792450.0393640.00E+00
GRID    4334    0       -0.052040.0954220.00E+00
GRID    4335    0       0.1078550.1107220.00E+00
GRID    4336    0       0.107855-0.050720.00E+00
GRID    4337    0       0.0604330.0162540.00E+00
GRID    4338    0       0.0872420.0039160.00E+00
GRID    4339    0       0.0650380.0281130.00E+00
GRID    4340    0       0.0714290.0122120.00E+00
GRID    4341    0       -0.05577-0.007770.00E+00
GRID    4342    0       0.0623800.0205270.00E+00
GRID    4343    0       0.0604210.0367490.00E+00
GRID    4344    0       0.0668430.0237770.00E+00
GRID    4345    0       0.0676800.0256660.00E+00
GRID    4346    0       0.0690990.0251810.00E+00
GRID    4347    0       0.0997260.0428500.00E+00
GRID    4348    0       0.0644790.0179910.00E+00
GRID    4349    0       0.0636890.0401480.00E+00
GRID    4350    0       0.0612740.0141520.00E+00
GRID    4351    0       0.0687350.0544770.00E+00
GRID    4352    0       0.0726820.0483740.00E+00
GRID    4353    0       -0.05185-0.049550.00E+00
GRID    4354    0       0.1125000.1161690.00E+00
GRID    4355    0       0.112500-0.056160.00E+00
GRID    4356    0       -0.00470-0.051670.00E+00
GRID    4357    0       -0.004690.1116550.00E+00
GRID    4358    0       0.0501750.0737540.00E+00
GRID    4359    0       0.0689470.0173760.00E+00
GRID    4360    0       0.1114070.0385880.00E+00
GRID    4361    0       0.0670730.0420030.00E+00
GRID    4362    0       0.0613150.0243550.00E+00
GRID    4363    0       0.1023420.0470110.00E+00
GRID    4364    0       0.0624220.0438230.00E+00
GRID    4365    0       0.0900070.0161310.00E+00
GRID    4366    0       0.0744290.0382570.00E+00
GRID    4367    0       0.1018180.1157150.00E+00
GRID    4368    0       0.101818-0.055710.00E+00
GRID    4369    0       0.0901880.0604070.00E+00
GRID    4370    0       0.0679320.0404180.00E+00
GRID    4371    0       0.0676840.0178840.00E+00
GRID    4372    0       0.0486540.0661600.00E+00
GRID    4373    0       -0.02733-0.056130.00E+00
GRID    4374    0       0.044306-0.024990.00E+00
GRID    4375    0       0.0797440.0614470.00E+00
GRID    4376    0       0.1044990.0171690.00E+00
GRID    4377    0       0.032727-0.006490.00E+00
GRID    4378    0       0.0434670.0674120.00E+00
GRID    4379    0       0.0657750.0029720.00E+00
GRID    4380    0       0.0616680.0394070.00E+00
GRID    4381    0       0.0603720.0212490.00E+00
GRID    4382    0       -0.009730.1118000.00E+00
GRID    4383    0       -0.00970-0.051790.00E+00
GRID    4384    0       0.001695-0.022090.00E+00
GRID    4385    0       0.1070140.0467930.00E+00
GRID    4386    0       -0.025900.0129320.00E+00
GRID    4387    0       0.0634770.0405620.00E+00
GRID    4388    0       0.0621000.0407230.00E+00
GRID    4389    0       -0.032330.1161970.00E+00
GRID    4390    0       0.011579-0.006320.00E+00
GRID    4391    0       0.0658210.0241900.00E+00
GRID    4392    0       0.036421-0.003220.00E+00
GRID    4393    0       0.0634700.0243820.00E+00
GRID    4394    0       -0.051280.0618380.00E+00
GRID    4395    0       0.0635880.0370140.00E+00
GRID    4396    0       0.111684-0.034070.00E+00
GRID    4397    0       0.1116840.0940740.00E+00
GRID    4398    0       0.0985470.1116830.00E+00
GRID    4399    0       0.098547-0.051680.00E+00
GRID    4400    0       0.1094040.0506610.00E+00
GRID    4401    0       0.0644620.0141570.00E+00
GRID    4402    0       -0.052090.0457430.00E+00
GRID    4403    0       -0.051990.0151620.00E+00
GRID    4404    0       -0.01770-0.003420.00E+00
GRID    4405    0       0.1051570.0086530.00E+00
GRID    4406    0       0.0731090.0326210.00E+00
GRID    4407    0       0.1074730.0552040.00E+00
GRID    4408    0       0.0666350.0427650.00E+00
GRID    4409    0       0.0821760.0540610.00E+00
GRID    4410    0       0.0647400.0230150.00E+00
GRID    4411    0       0.0854250.0087810.00E+00
GRID    4412    0       0.0604910.0151410.00E+00
GRID    4413    0       0.0658050.0310060.00E+00
GRID    4414    0       0.0688770.0452390.00E+00
GRID    4415    0       0.042600-0.007540.00E+00
GRID    4416    0       -0.050740.0357830.00E+00
GRID    4417    0       0.0806930.0186880.00E+00
GRID    4418    0       0.0920990.0385580.00E+00
GRID    4419    0       -0.04418-0.005960.00E+00
GRID    4420    0       0.0643230.0451310.00E+00
GRID    4421    0       -0.014730.1119320.00E+00
GRID    4422    0       -0.01491-0.052060.00E+00
GRID    4423    0       0.0652970.0325130.00E+00
GRID    4424    0       0.0661700.0129420.00E+00
GRID    4425    0       0.0627830.0252460.00E+00
GRID    4426    0       0.0714960.0061010.00E+00
GRID    4427    0       0.0768070.0045970.00E+00
GRID    4428    0       0.0615610.0269000.00E+00
GRID    4429    0       0.0639130.0433300.00E+00
GRID    4430    0       0.0638580.0156630.00E+00
GRID    4431    0       0.0646420.0155910.00E+00
GRID    4432    0       0.0607940.0200550.00E+00
GRID    4433    0       -0.056320.0524190.00E+00
GRID    4434    0       -0.046690.0068500.00E+00
GRID    4435    0       0.091792-0.056160.00E+00
GRID    4436    0       0.0917920.1161660.00E+00
GRID    4437    0       0.0620910.0359230.00E+00
GRID    4438    0       0.0691870.0147690.00E+00
GRID    4439    0       0.0608350.0182340.00E+00
GRID    4440    0       -0.01984-0.052220.00E+00
GRID    4441    0       0.0718430.0465580.00E+00
GRID    4442    0       0.0679170.0505210.00E+00
GRID    4443    0       0.0647270.0353150.00E+00
GRID    4444    0       0.0640310.0391870.00E+00
GRID    4445    0       -0.019930.1122010.00E+00
GRID    4446    0       0.006735-0.022050.00E+00
GRID    4447    0       0.0656730.0390890.00E+00
GRID    4448    0       0.0680310.0169650.00E+00
GRID    4449    0       0.0686400.0412030.00E+00
GRID    4450    0       -0.006110.0293200.00E+00
GRID    4451    0       0.049406-0.012340.00E+00
GRID    4452    0       -0.024850.1123580.00E+00
GRID    4453    0       0.087490-0.056870.00E+00
GRID    4454    0       0.0874900.1168700.00E+00
GRID    4455    0       0.0637480.0409490.00E+00
GRID    4456    0       0.075419-0.009380.00E+00
GRID    4457    0       -0.034840.0306130.00E+00
GRID    4458    0       0.0670460.0354770.00E+00
GRID    4459    0       0.0649080.0149240.00E+00
GRID    4460    0       -0.05198-0.040510.00E+00
GRID    4461    0       0.0626620.0208940.00E+00
GRID    4462    0       0.0623100.0402930.00E+00
GRID    4463    0       -0.02241-0.056110.00E+00
GRID    4464    0       -0.046410.0362800.00E+00
GRID    4465    0       0.0614640.0135270.00E+00
GRID    4466    0       0.0608170.0230970.00E+00
GRID    4467    0       -0.006090.0481110.00E+00
GRID    4468    0       0.007686-0.006740.00E+00
GRID    4469    0       0.0647050.0410200.00E+00
GRID    4470    0       0.053783-0.005930.00E+00
GRID    4471    0       0.0536010.0660120.00E+00
GRID    4472    0       0.0665056.66E-040.00E+00
GRID    4473    0       0.0627030.0443650.00E+00
GRID    4474    0       -0.030380.0023680.00E+00
GRID    4475    0       0.1164030.1126250.00E+00
GRID    4476    0       0.116403-0.052620.00E+00
GRID    4477    0       0.1119330.0046600.00E+00
GRID    4478    0       0.085751-0.001060.00E+00
GRID    4479    0       0.0743200.0023990.00E+00
GRID    4480    0       0.0612120.0394650.00E+00
GRID    4481    0       0.0652660.0122230.00E+00
GRID    4482    0       0.082806-0.051400.00E+00
GRID    4483    0       0.0828050.1114000.00E+00
GRID    4484    0       0.0603410.0382600.00E+00
GRID    4485    0       0.0881620.0269740.00E+00
GRID    4486    0       0.116715-0.042500.00E+00
GRID    4487    0       0.1167150.1025000.00E+00
GRID    4488    0       0.0622550.0094050.00E+00
GRID    4489    0       0.0627800.0080850.00E+00
GRID    4490    0       0.0921220.0201780.00E+00
GRID    4491    0       -0.02976-0.052310.00E+00
GRID    4492    0       0.1167290.0125000.00E+00
GRID    4493    0       -0.027420.1161850.00E+00
GRID    4494    0       0.0624700.0231000.00E+00
GRID    4495    0       0.0607850.0169840.00E+00
GRID    4496    0       0.011795-0.021980.00E+00
GRID    4497    0       -0.047920.1119660.00E+00
GRID    4498    0       0.0632930.0187740.00E+00
GRID    4499    0       0.0608410.0244670.00E+00
GRID    4500    0       0.0610370.0249380.00E+00
GRID    4501    0       0.0619480.0172380.00E+00
GRID    4502    0       -0.003060.0027510.00E+00
GRID    4503    0       0.0761550.0151970.00E+00
GRID    4504    0       0.0772360.0130530.00E+00
GRID    4505    0       0.0607970.0395590.00E+00
GRID    4506    0       -0.005230.0181250.00E+00
GRID    4507    0       0.0628000.0349770.00E+00
GRID    4508    0       0.0633930.0061690.00E+00
GRID    4509    0       0.0607550.0424780.00E+00
GRID    4510    0       -0.052090.0244060.00E+00
GRID    4511    0       0.1114800.0467180.00E+00
GRID    4512    0       0.0619310.0022730.00E+00
GRID    4513    0       0.0613070.0459800.00E+00
GRID    4514    0       0.0610940.0148130.00E+00
GRID    4515    0       0.0776380.1168660.00E+00
GRID    4516    0       0.077639-0.056860.00E+00
GRID    4517    0       0.0710100.0383500.00E+00
GRID    4518    0       0.0626030.0183550.00E+00
GRID    4519    0       0.0677000.0606990.00E+00
GRID    4520    0       -0.034770.1124400.00E+00
GRID    4521    0       -0.005310.0154430.00E+00
GRID    4522    0       0.0698320.0182120.00E+00
GRID    4523    0       -0.03475-0.052400.00E+00
GRID    4524    0       0.0620150.0398660.00E+00
GRID    4525    0       -0.043640.1048890.00E+00
GRID    4526    0       0.0705500.0230650.00E+00
GRID    4527    0       0.0608960.0356550.00E+00
GRID    4528    0       0.0680840.0421230.00E+00
GRID    4529    0       -0.041340.0362870.00E+00
GRID    4530    0       0.0744760.0290790.00E+00
GRID    4531    0       0.083829-0.014780.00E+00
GRID    4532    0       0.050798-0.005660.00E+00
GRID    4533    0       0.0642320.0358820.00E+00
GRID    4534    0       0.0633460.0257630.00E+00
GRID    4535    0       -0.023330.0011630.00E+00
GRID    4536    0       0.0653210.0201530.00E+00
GRID    4537    0       -0.052740.0748320.00E+00
GRID    4538    0       0.073535-2.7E-040.00E+00
GRID    4539    0       0.0738820.0438920.00E+00
GRID    4540    0       0.0643340.0414880.00E+00
GRID    4541    0       0.0210310.0654720.00E+00
GRID    4542    0       -0.05227-0.024520.00E+00
GRID    4543    0       -0.052240.0844760.00E+00
GRID    4544    0       0.0671760.0563620.00E+00
GRID    4545    0       0.0661810.0584820.00E+00
GRID    4546    0       0.0607640.0415270.00E+00
GRID    4547    0       -0.05695-0.032500.00E+00
GRID    4548    0       0.072947-0.051630.00E+00
GRID    4549    0       0.0729450.1116380.00E+00
GRID    4550    0       0.0735950.0120200.00E+00
GRID    4551    0       -0.039620.1124500.00E+00
GRID    4552    0       -0.03979-0.052520.00E+00
GRID    4553    0       0.016812-0.021970.00E+00
GRID    4554    0       0.0660160.0234210.00E+00
GRID    4555    0       -0.048690.0025880.00E+00
GRID    4556    0       -0.05634-0.056340.00E+00
GRID    4557    0       -0.056340.1163400.00E+00
GRID    4558    0       0.0648480.0224360.00E+00
GRID    4559    0       -0.05268-0.015000.00E+00
GRID    4560    0       0.0608020.0218730.00E+00
GRID    4561    0       0.087022-0.008610.00E+00
GRID    4562    0       0.0631770.0234850.00E+00
GRID    4563    0       0.1163730.1163730.00E+00
GRID    4564    0       0.116373-0.056370.00E+00
GRID    4565    0       0.0649710.0098750.00E+00
GRID    4566    0       0.0568800.0653010.00E+00
GRID    4567    0       0.056941-0.005300.00E+00
GRID    4568    0       0.0621210.0452020.00E+00
GRID    4569    0       0.0607660.0399420.00E+00
GRID    4570    0       0.0607380.0374940.00E+00
GRID    4571    0       -0.027820.0087730.00E+00
GRID    4572    0       0.0618090.0175900.00E+00
GRID    4573    0       0.116978-0.002680.00E+00
GRID    4574    0       0.1169960.0626160.00E+00
GRID    4575    0       0.0642210.0203580.00E+00
GRID    4576    0       0.0624810.0212990.00E+00
GRID    4577    0       -0.02052-0.005790.00E+00
GRID    4578    0       0.048463-0.019970.00E+00
GRID    4579    0       0.067104-0.056680.00E+00
GRID    4580    0       0.0671040.1166810.00E+00
GRID    4581    0       0.0647880.0163210.00E+00
GRID    4582    0       0.1128180.0251300.00E+00
GRID    4583    0       0.014786-0.005480.00E+00
GRID    4584    0       -0.04481-0.052670.00E+00
GRID    4585    0       0.0724920.0375180.00E+00
GRID    4586    0       0.0662730.0388780.00E+00
GRID    4587    0       0.0702230.0264800.00E+00
GRID    4588    0       0.0607340.0235090.00E+00
GRID    4589    0       0.0621170.0179320.00E+00
GRID    4590    0       0.0665650.0635960.00E+00
GRID    4591    0       0.0608950.0450180.00E+00
GRID    4592    0       -0.057020.0324790.00E+00
GRID    4593    0       0.0607200.0204890.00E+00
GRID    4594    0       0.0639880.0278260.00E+00
GRID    4595    0       0.0636540.0036710.00E+00
GRID    4596    0       0.0735720.0501060.00E+00
GRID    4597    0       0.0639740.0209450.00E+00
GRID    4598    0       0.0645190.0174520.00E+00
GRID    4599    0       0.062500-0.057200.00E+00
GRID    4600    0       0.0625000.1172010.00E+00
GRID    4601    0       0.0631290.0192390.00E+00
GRID    4602    0       0.021821-0.021970.00E+00
GRID    4603    0       0.0811420.0367550.00E+00
GRID    4604    0       -0.04854-0.007500.00E+00
GRID    4605    0       0.0602920.0187550.00E+00
GRID    4606    0       -0.052020.0916590.00E+00
GRID    4607    0       0.0637660.0212900.00E+00
GRID    4608    0       0.1128910.0350000.00E+00
GRID    4609    0       0.112751-0.020160.00E+00
GRID    4610    0       0.1127510.0801670.00E+00
GRID    4611    0       0.0602850.0407430.00E+00
GRID    4612    0       -0.037410.0367070.00E+00
GRID    4613    0       0.0616760.0349550.00E+00
GRID    4614    0       0.0602740.0432240.00E+00
GRID    4615    0       0.0625900.0166280.00E+00
GRID    4616    0       0.0757270.0468230.00E+00
GRID    4617    0       0.0691920.0476490.00E+00
GRID    4618    0       -0.052700.0653970.00E+00
GRID    4619    0       0.0768140.0259690.00E+00
GRID    4620    0       0.0651590.0387840.00E+00
GRID    4621    0       0.0685816.83E-050.00E+00
GRID    4622    0       0.0645760.0466640.00E+00
GRID    4623    0       0.0607860.0361320.00E+00
GRID    4624    0       0.0619660.0168970.00E+00
GRID    4625    0       0.0608030.0445230.00E+00
GRID    4626    0       0.0629060.0181960.00E+00
GRID    4627    0       0.0823130.0213120.00E+00
GRID    4628    0       0.0121060.0655430.00E+00
GRID    4629    0       -0.005850.0082780.00E+00
GRID    4630    0       0.057946-0.052040.00E+00
GRID    4631    0       0.0579460.1120420.00E+00
GRID    4632    0       -0.005450.0247220.00E+00
GRID    4633    0       0.0627840.0299190.00E+00
GRID    4634    0       0.0623160.0447450.00E+00
GRID    4635    0       0.0771370.0382140.00E+00
GRID    4636    0       0.0616470.0145940.00E+00
GRID    4637    0       0.074970-0.002890.00E+00
GRID    4638    0       -0.005630.0453090.00E+00
GRID    4639    0       0.0711150.0276800.00E+00
GRID    4640    0       0.0863800.0445860.00E+00
GRID    4641    0       0.0162890.0651300.00E+00
GRID    4642    0       0.0671580.0435820.00E+00
GRID    4643    0       0.004340-0.006390.00E+00
GRID    4644    0       0.0645440.0432770.00E+00
GRID    4645    0       0.1122170.0714370.00E+00
GRID    4646    0       0.112217-0.011430.00E+00
GRID    4647    0       -0.01373-0.009660.00E+00
GRID    4648    0       -0.006110.0558160.00E+00
GRID    4649    0       0.0644490.0383230.00E+00
GRID    4650    0       -0.002940.0612370.00E+00
GRID    4651    0       0.0640370.0217410.00E+00
GRID    4652    0       -0.05000-0.053080.00E+00
GRID    4653    0       0.0717810.0233360.00E+00
GRID    4654    0       0.1130960.0900000.00E+00
GRID    4655    0       0.113096-0.030000.00E+00
GRID    4656    0       0.1129190.0503660.00E+00
GRID    4657    0       0.0527170.1171370.00E+00
GRID    4658    0       0.052717-0.057130.00E+00
GRID    4659    0       0.026417-0.022130.00E+00
GRID    4660    0       0.0695080.0507930.00E+00
GRID    4661    0       -0.02203-0.002350.00E+00
GRID    4662    0       -0.037200.0280440.00E+00
GRID    4663    0       0.0756150.0117830.00E+00
GRID    4664    0       0.0683150.0431630.00E+00
GRID    4665    0       0.0679960.0326130.00E+00
GRID    4666    0       0.0847510.0475070.00E+00
GRID    4667    0       -0.044240.1121840.00E+00
GRID    4668    0       0.0607420.0174420.00E+00
GRID    4669    0       -0.048810.0974490.00E+00
GRID    4670    0       0.0473500.0759500.00E+00
GRID    4671    0       -0.053260.0498040.00E+00
GRID    4672    0       0.0721820.0037480.00E+00
GRID    4673    0       -0.04551-0.001080.00E+00
CBAR    1       8       7       115     0.      0.      0.      
CBAR    2       8       115     116     0.      0.      0.      
CBAR    3       8       116     117     0.      0.      0.      
CBAR    4       8       117     118     0.      0.      0.      
CBAR    5       8       118     119     0.      0.      0.      
CBAR    6       8       119     120     0.      0.      0.      
CBAR    7       8       120     121     0.      0.      0.      
CBAR    8       8       121     122     0.      0.      0.      
CBAR    9       8       122     123     0.      0.      0.      
CBAR    10      8       123     124     0.      0.      0.      
CBAR    11      8       124     125     0.      0.      0.      
CBAR    12      8       125     126     0.      0.      0.      
CBAR    13      8       126     127     0.      0.      0.      
CBAR    14      8       127     128     0.      0.      0.      
CBAR    15      8       128     129     0.      0.      0.      
CBAR    16      8       129     130     0.      0.      0.      
CBAR    17      8       130     131     0.      0.      0.      
CBAR    18      8       131     132     0.      0.      0.      
CBAR    19      8       132     133     0.      0.      0.      
CBAR    20      8       133     134     0.      0.      0.      
CBAR    21      8       134     135     0.      0.      0.      
CBAR    22      8       135     136     0.      0.      0.      
CBAR    23      8       136     137     0.      0.      0.      
CBAR    24      8       137     138     0.      0.      0.      
CBAR    25      8       138     139     0.      0.      0.      
CBAR    26      8       139     140     0.      0.      0.      
CBAR    27      8       140     141     0.      0.      0.      
CBAR    28      8       141     142     0.      0.      0.      
CBAR    29      8       142     143     0.      0.      0.      
CBAR    30      8       143     144     0.      0.      0.      
CBAR    31      8       144     145     0.      0.      0.      
CBAR    32      8       145     146     0.      0.      0.      
CBAR    33      8       146     147     0.      0.      0.      
CBAR    34      8       147     148     0.      0.      0.      
CBAR    35      8       148     149     0.      0.      0.      
CBAR    36      8       149     8       0.      0.      0.      
CBAR    37      9       9       150     0.      0.      0.      
CBAR    38      9       150     151     0.      0.      0.      
CBAR    39      9       151     152     0.      0.      0.      
CBAR    40      9       152     153     0.      0.      0.      
CBAR    41      9       153     154     0.      0.      0.      
CBAR    42      9       154     155     0.      0.      0.      
CBAR    43      9       155     156     0.      0.      0.      
CBAR    44      9       156     157     0.      0.      0.      
CBAR    45      9       157     158     0.      0.      0.      
CBAR    46      9       158     159     0.      0.      0.      
CBAR    47      9       159     160     0.      0.      0.      
CBAR    48      9       160     161     0.      0.      0.      
CBAR    49      9       161     162     0.      0.      0.      
CBAR    50      9       162     163     0.      0.      0.      
CBAR    51      9       163     164     0.      0.      0.      
CBAR    52      9       164     165     0.      0.      0.      
CBAR    53      9       165     166     0.      0.      0.      
CBAR    54      9       166     167     0.      0.      0.      
CBAR    55      9       167     168     0.      0.      0.      
CBAR    56      9       168     169     0.      0.      0.      
CBAR    57      9       169     170     0.      0.      0.      
CBAR    58      9       170     171     0.      0.      0.      
CBAR    59      9       171     172     0.      0.      0.      
CBAR    60      9       172     173     0.      0.      0.      
CBAR    61      9       173     174     0.      0.      0.      
CBAR    62      9       174     175     0.      0.      0.      
CBAR    63      9       175     176     0.      0.      0.      
CBAR    64      9       176     177     0.      0.      0.      
CBAR    65      9       177     178     0.      0.      0.      
CBAR    66      9       178     179     0.      0.      0.      
CBAR    67      9       179     180     0.      0.      0.      
CBAR    68      9       180     181     0.      0.      0.      
CBAR    69      9       181     182     0.      0.      0.      
CBAR    70      9       182     183     0.      0.      0.      
CBAR    71      9       183     184     0.      0.      0.      
CBAR    72      9       184     7       0.      0.      0.      
CBAR    73      10      8       185     0.      0.      0.      
CBAR    74      10      185     186     0.      0.      0.      
CBAR    75      10      186     187     0.      0.      0.      
CBAR    76      10      187     188     0.      0.      0.      
CBAR    77      10      188     189     0.      0.      0.      
CBAR    78      10      189     190     0.      0.      0.      
CBAR    79      10      190     191     0.      0.      0.      
CBAR    80      10      191     192     0.      0.      0.      
CBAR    81      10      192     193     0.      0.      0.      
CBAR    82      10      193     194     0.      0.      0.      
CBAR    83      10      194     195     0.      0.      0.      
CBAR    84      10      195     196     0.      0.      0.      
CBAR    85      10      196     197     0.      0.      0.      
CBAR    86      10      197     198     0.      0.      0.      
CBAR    87      10      198     199     0.      0.      0.      
CBAR    88      10      199     200     0.      0.      0.      
CBAR    89      10      200     201     0.      0.      0.      
CBAR    90      10      201     202     0.      0.      0.      
CBAR    91      10      202     203     0.      0.      0.      
CBAR    92      10      203     204     0.      0.      0.      
CBAR    93      10      204     205     0.      0.      0.      
CBAR    94      10      205     206     0.      0.      0.      
CBAR    95      10      206     207     0.      0.      0.      
CBAR    96      10      207     208     0.      0.      0.      
CBAR    97      10      208     209     0.      0.      0.      
CBAR    98      10      209     210     0.      0.      0.      
CBAR    99      10      210     211     0.      0.      0.      
CBAR    100     10      211     212     0.      0.      0.      
CBAR    101     10      212     213     0.      0.      0.      
CBAR    102     10      213     214     0.      0.      0.      
CBAR    103     10      214     215     0.      0.      0.      
CBAR    104     10      215     216     0.      0.      0.      
CBAR    105     10      216     217     0.      0.      0.      
CBAR    106     10      217     218     0.      0.      0.      
CBAR    107     10      218     219     0.      0.      0.      
CBAR    108     10      219     10      0.      0.      0.      
CBAR    109     11      10      220     0.      0.      0.      
CBAR    110     11      220     221     0.      0.      0.      
CBAR    111     11      221     222     0.      0.      0.      
CBAR    112     11      222     223     0.      0.      0.      
CBAR    113     11      223     224     0.      0.      0.      
CBAR    114     11      224     225     0.      0.      0.      
CBAR    115     11      225     226     0.      0.      0.      
CBAR    116     11      226     227     0.      0.      0.      
CBAR    117     11      227     228     0.      0.      0.      
CBAR    118     11      228     229     0.      0.      0.      
CBAR    119     11      229     230     0.      0.      0.      
CBAR    120     11      230     231     0.      0.      0.      
CBAR    121     11      231     232     0.      0.      0.      
CBAR    122     11      232     233     0.      0.      0.      
CBAR    123     11      233     234     0.      0.      0.      
CBAR    124     11      234     235     0.      0.      0.      
CBAR    125     11      235     236     0.      0.      0.      
CBAR    126     11      236     237     0.      0.      0.      
CBAR    127     11      237     238     0.      0.      0.      
CBAR    128     11      238     239     0.      0.      0.      
CBAR    129     11      239     240     0.      0.      0.      
CBAR    130     11      240     241     0.      0.      0.      
CBAR    131     11      241     242     0.      0.      0.      
CBAR    132     11      242     243     0.      0.      0.      
CBAR    133     11      243     244     0.      0.      0.      
CBAR    134     11      244     245     0.      0.      0.      
CBAR    135     11      245     246     0.      0.      0.      
CBAR    136     11      246     247     0.      0.      0.      
CBAR    137     11      247     248     0.      0.      0.      
CBAR    138     11      248     249     0.      0.      0.      
CBAR    139     11      249     250     0.      0.      0.      
CBAR    140     11      250     251     0.      0.      0.      
CBAR    141     11      251     252     0.      0.      0.      
CBAR    142     11      252     253     0.      0.      0.      
CBAR    143     11      253     254     0.      0.      0.      
CBAR    144     11      254     9       0.      0.      0.      
CTRIA3  145     1       1036    1425    1424    
CTRIA3  146     1       634     1529    1167    
CTRIA3  147     1       951     1483    1474    
CTRIA3  148     1       1175    1248    399     
CTRIA3  149     1       1167    1699    634     
CTRIA3  150     1       768     1220    771     
CTRIA3  151     1       1146    1414    1245    
CTRIA3  152     1       1079    1263    1193    
CTRIA3  153     1       399     1566    1175    
CTRIA3  154     1       1542    1697    1368    
CTRIA3  155     1       1301    1513    876     
CTRIA3  156     1       1225    1227    1224    
CTRIA3  157     1       1373    1498    1372    
CTRIA3  158     1       1159    1232    427     
CTRIA3  159     1       1132    1237    1115    
CTRIA3  160     1       1424    1640    1036    
CTRIA3  161     1       1166    1541    1250    
CTRIA3  162     1       1618    1632    1462    
CTRIA3  163     1       898     1252    1055    
CTRIA3  164     1       1253    1836    1111    
CTRIA3  165     1       1007    1099    954     
CTRIA3  166     1       1506    1614    621     
CTRIA3  167     1       1164    1165    482     
CTRIA3  168     1       546     1714    843     
CTRIA3  169     1       1041    1829    1336    
CTRIA3  170     1       1554    1731    877     
CTRIA3  171     1       439     1448    1447    
CTRIA3  172     1       706     1941    887     
CTRIA3  173     1       1047    1207    1206    
CTRIA3  174     1       1331    1846    258     
CTRIA3  175     1       873     1318    876     
CTRIA3  176     1       616     1745    1292    
CTRIA3  177     1       1222    1225    1224    
CTRIA3  178     1       1299    1518    1058    
CTRIA3  179     1       1168    1169    500     
CTRIA3  180     1       845     1195    844     
CTRIA3  181     1       546     843     548     
CTRIA3  182     1       1195    1620    844     
CTRIA3  183     1       844     1861    675     
CTRIA3  184     1       1040    1389    1217    
CTRIA3  185     1       887     1181    706     
CTRIA3  186     1       757     1865    883     
CTRIA3  187     1       1183    1414    1146    
CTRIA3  188     1       778     1470    1320    
CTRIA3  189     1       743     1548    632     
CTRIA3  190     1       3       1731    1554    
CTRIA3  191     1       1518    1573    1058    
CTRIA3  192     1       887     1941    1228    
CTRIA3  193     1       815     1771    1377    
CTRIA3  194     1       757     883     755     
CTRIA3  195     1       1155    1629    376     
CTRIA3  196     1       1013    1186    1046    
CTRIA3  197     1       1007    1100    1099    
CTRIA3  198     1       378     1849    1398    
CTRIA3  199     1       1075    1760    1100    
CTRIA3  200     1       1199    1203    367     
CTRIA3  201     1       427     1233    1159    
CTRIA3  202     1       841     895     469     
CTRIA3  203     1       872     1318    873     
CTRIA3  204     1       1179    1357    1180    
CTRIA3  205     1       1277    1701    961     
CTRIA3  206     1       57      1392    56      
CTRIA3  207     1       540     1600    593     
CTRIA3  208     1       616     1292    549     
CTRIA3  209     1       259     1331    258     
CTRIA3  210     1       452     1168    500     
CTRIA3  211     1       1401    1632    1603    
CTRIA3  212     1       1174    1396    379     
CTRIA3  213     1       945     1316    947     
CTRIA3  214     1       574     891     889     
CTRIA3  215     1       1260    1721    1373    
CTRIA3  216     1       1326    1632    1618    
CTRIA3  217     1       659     1544    836     
CTRIA3  218     1       500     1297    450     
CTRIA3  219     1       1372    1498    418     
CTRIA3  220     1       1186    1190    1046    
CTRIA3  221     1       1217    1389    1172    
CTRIA3  222     1       1639    1742    1638    
CTRIA3  223     1       987     1172    1007    
CTRIA3  224     1       1220    1221    771     
CTRIA3  225     1       1089    1559    392     
CTRIA3  226     1       632     1548    662     
CTRIA3  227     1       675     1861    677     
CTRIA3  228     1       1603    1632    1326    
CTRIA3  229     1       1250    1541    571     
CTRIA3  230     1       439     1605    1448    
CTRIA3  231     1       463     1176    461     
CTRIA3  232     1       1280    1488    744     
CTRIA3  233     1       46      1376    45      
CTRIA3  234     1       1454    1612    1464    
CTRIA3  235     1       1231    1249    1042    
CTRIA3  236     1       1187    1190    1186    
CTRIA3  237     1       815     1377    796     
CTRIA3  238     1       1109    1253    1111    
CTRIA3  239     1       453     1164    482     
CTRIA3  240     1       689     1513    1301    
CTRIA3  241     1       1226    1654    1552    
CTRIA3  242     1       1170    1236    1235    
CTRIA3  243     1       896     897     419     
CTRIA3  244     1       446     1317    508     
CTRIA3  245     1       1399    1872    751     
CTRIA3  246     1       1175    1319    1248    
CTRIA3  247     1       1166    1250    1164    
CTRIA3  248     1       463     1635    1176    
CTRIA3  249     1       1320    1470    814     
CTRIA3  250     1       765     1220    768     
CTRIA3  251     1       411     1777    1504    
CTRIA3  252     1       905     1231    1042    
CTRIA3  253     1       1464    1612    373     
CTRIA3  254     1       1572    1608    1085    
CTRIA3  255     1       1278    1517    398     
CTRIA3  256     1       449     1252    445     
CTRIA3  257     1       1714    1837    843     
CTRIA3  258     1       1115    1237    1113    
CTRIA3  259     1       403     443     442     
CTRIA3  260     1       391     1443    1177    
CTRIA3  261     1       540     1672    1600    
CTRIA3  262     1       392     1671    1089    
CTRIA3  263     1       927     1101    940     
CTRIA3  264     1       1360    1891    885     
CTRIA3  265     1       963     1775    1537    
CTRIA3  266     1       1700    1701    1277    
CTRIA3  267     1       912     1094    1087    
CTRIA3  268     1       1296    1432    388     
CTRIA3  269     1       478     1543    1510    
CTRIA3  270     1       1087    1762    912     
CTRIA3  271     1       1536    1634    1071    
CTRIA3  272     1       1185    1935    1184    
CTRIA3  273     1       1255    1479    441     
CTRIA3  274     1       1499    1565    1093    
CTRIA3  275     1       1132    1741    1237    
CTRIA3  276     1       1575    1911    1083    
CTRIA3  277     1       436     1732    1675    
CTRIA3  278     1       611     843     842     
CTRIA3  279     1       951     1760    1483    
CTRIA3  280     1       1155    1588    415     
CTRIA3  281     1       412     1659    1171    
CTRIA3  282     1       942     1343    986     
CTRIA3  283     1       1334    1767    1465    
CTRIA3  284     1       1107    1183    1146    
CTRIA3  285     1       947     1316    951     
CTRIA3  286     1       1254    1732    436     
CTRIA3  287     1       1334    1465    1332    
CTRIA3  288     1       355     1566    399     
CTRIA3  289     1       1346    1780    1409    
CTRIA3  290     1       1309    1748    1463    
CTRIA3  291     1       371     1209    1194    
CTRIA3  292     1       1172    1389    1007    
CTRIA3  293     1       535     1211    510     
CTRIA3  294     1       426     1407    1406    
CTRIA3  295     1       1263    1832    1193    
CTRIA3  296     1       1555    1717    807     
CTRIA3  297     1       653     1185    1184    
CTRIA3  298     1       549     1292    491     
CTRIA3  299     1       1057    1569    1355    
CTRIA3  300     1       896     898     897     
CTRIA3  301     1       1047    1206    1020    
CTRIA3  302     1       457     1166    455     
CTRIA3  303     1       380     1613    1421    
CTRIA3  304     1       1047    1208    1207    
CTRIA3  305     1       1398    1636    378     
CTRIA3  306     1       896     1252    898     
CTRIA3  307     1       1292    1293    486     
CTRIA3  308     1       1406    1443    426     
CTRIA3  309     1       1659    1667    1065    
CTRIA3  310     1       822     1942    1676    
CTRIA3  311     1       1062    1659    1065    
CTRIA3  312     1       433     1869    1505    
CTRIA3  313     1       1543    1773    744     
CTRIA3  314     1       1474    1483    1074    
CTRIA3  315     1       548     843     611     
CTRIA3  316     1       1006    1800    1304    
CTRIA3  317     1       1153    1629    1155    
CTRIA3  318     1       1101    1343    940     
CTRIA3  319     1       401     1648    1647    
CTRIA3  320     1       1203    1393    367     
CTRIA3  321     1       707     1300    1247    
CTRIA3  322     1       1309    1463    1424    
CTRIA3  323     1       1368    1697    1383    
CTRIA3  324     1       75      1383    74      
CTRIA3  325     1       733     1792    1705    
CTRIA3  326     1       1373    1721    1498    
CTRIA3  327     1       495     1717    1555    
CTRIA3  328     1       403     444     443     
CTRIA3  329     1       765     768     767     
CTRIA3  330     1       768     770     769     
CTRIA3  331     1       1126    1127    1125    
CTRIA3  332     1       1124    1125    1122    
CTRIA3  333     1       763     765     764     
CTRIA3  334     1       1121    1122    1120    
CTRIA3  335     1       550     552     551     
CTRIA3  336     1       450     1297    447     
CTRIA3  337     1       1173    1368    422     
CTRIA3  338     1       1119    1120    1118    
CTRIA3  339     1       898     899     897     
CTRIA3  340     1       761     763     762     
CTRIA3  341     1       449     1585    1252    
CTRIA3  342     1       1116    1118    1115    
CTRIA3  343     1       824     1692    1387    
CTRIA3  344     1       1212    1213    865     
CTRIA3  345     1       942     943     941     
CTRIA3  346     1       444     445     443     
CTRIA3  347     1       954     1099    943     
CTRIA3  348     1       898     1054    899     
CTRIA3  349     1       1181    1397    706     
CTRIA3  350     1       453     482     452     
CTRIA3  351     1       1392    1613    380     
CTRIA3  352     1       709     844     675     
CTRIA3  353     1       451     452     450     
CTRIA3  354     1       904     1231    905     
CTRIA3  355     1       876     1318    1301    
CTRIA3  356     1       940     941     933     
CTRIA3  357     1       448     450     447     
CTRIA3  358     1       446     447     445     
CTRIA3  359     1       1187    1730    1190    
CTRIA3  360     1       1054    1096    1095    
CTRIA3  361     1       1592    1670    821     
CTRIA3  362     1       495     550     549     
CTRIA3  363     1       755     883     787     
CTRIA3  364     1       1100    1760    1316    
CTRIA3  365     1       410     1839    1405    
CTRIA3  366     1       759     761     760     
CTRIA3  367     1       1054    1095    899     
CTRIA3  368     1       1616    1728    819     
CTRIA3  369     1       444     446     445     
CTRIA3  370     1       1196    1305    996     
CTRIA3  371     1       1096    1097    1095    
CTRIA3  372     1       422     1396    1173    
CTRIA3  373     1       1114    1115    1113    
CTRIA3  374     1       850     851     848     
CTRIA3  375     1       446     448     447     
CTRIA3  376     1       448     451     450     
CTRIA3  377     1       744     1773    1280    
CTRIA3  378     1       922     1160    1101    
CTRIA3  379     1       363     1278    398     
CTRIA3  380     1       399     1193    354     
CTRIA3  381     1       451     453     452     
CTRIA3  382     1       1106    1107    1105    
CTRIA3  383     1       393     1329    1328    
CTRIA3  384     1       885     1615    1360    
CTRIA3  385     1       1007    1389    1100    
CTRIA3  386     1       1292    1745    1293    
CTRIA3  387     1       1391    1392    57      
CTRIA3  388     1       1100    1593    1075    
CTRIA3  389     1       851     1212    865     
CTRIA3  390     1       512     1211    516     
CTRIA3  391     1       1232    1234    440     
CTRIA3  392     1       1374    1694    1276    
CTRIA3  393     1       63      1279    62      
CTRIA3  394     1       461     483     460     
CTRIA3  395     1       574     837     538     
CTRIA3  396     1       689     691     690     
CTRIA3  397     1       483     510     509     
CTRIA3  398     1       1124    1264    1126    
CTRIA3  399     1       1205    1642    1238    
CTRIA3  400     1       836     1787    659     
CTRIA3  401     1       536     1375    526     
CTRIA3  402     1       1116    1119    1118    
CTRIA3  403     1       1114    1116    1115    
CTRIA3  404     1       56      1392    380     
CTRIA3  405     1       1170    1235    789     
CTRIA3  406     1       1119    1121    1120    
CTRIA3  407     1       457     1826    1166    
CTRIA3  408     1       1194    1376    371     
CTRIA3  409     1       761     762     760     
CTRIA3  410     1       1228    1590    888     
CTRIA3  411     1       1150    1325    1144    
CTRIA3  412     1       763     764     762     
CTRIA3  413     1       90      1281    89      
CTRIA3  414     1       1121    1124    1122    
CTRIA3  415     1       330     1282    329     
CTRIA3  416     1       752     753     751     
CTRIA3  417     1       93      1284    92      
CTRIA3  418     1       723     1764    1505    
CTRIA3  419     1       444     1317    446     
CTRIA3  420     1       1308    1423    1002    
CTRIA3  421     1       510     512     511     
CTRIA3  422     1       765     767     764     
CTRIA3  423     1       1537    1775    1491    
CTRIA3  424     1       1322    1869    433     
CTRIA3  425     1       1590    1627    888     
CTRIA3  426     1       1124    1126    1125    
CTRIA3  427     1       1052    1794    1525    
CTRIA3  428     1       550     551     549     
CTRIA3  429     1       754     755     753     
CTRIA3  430     1       1569    1856    1355    
CTRIA3  431     1       1107    1109    1108    
CTRIA3  432     1       768     769     767     
CTRIA3  433     1       552     553     551     
CTRIA3  434     1       455     1164    453     
CTRIA3  435     1       813     1391    1312    
CTRIA3  436     1       1552    1654    1369    
CTRIA3  437     1       455     1166    1164    
CTRIA3  438     1       1164    1250    1165    
CTRIA3  439     1       677     703     679     
CTRIA3  440     1       473     476     471     
CTRIA3  441     1       1388    1829    1041    
CTRIA3  442     1       940     1343    942     
CTRIA3  443     1       1490    1536    1071    
CTRIA3  444     1       1299    1800    1006    
CTRIA3  445     1       445     1252    443     
CTRIA3  446     1       918     961     920     
CTRIA3  447     1       709     845     844     
CTRIA3  448     1       386     1694    1374    
CTRIA3  449     1       1252    1585    1055    
CTRIA3  450     1       936     1010    953     
CTRIA3  451     1       1111    1114    1113    
CTRIA3  452     1       996     1397    1196    
CTRIA3  453     1       671     673     672     
CTRIA3  454     1       901     904     903     
CTRIA3  455     1       759     760     757     
CTRIA3  456     1       1675    1734    436     
CTRIA3  457     1       1070    1537    1491    
CTRIA3  458     1       814     816     815     
CTRIA3  459     1       1519    1548    743     
CTRIA3  460     1       1099    1316    945     
CTRIA3  461     1       904     1639    1231    
CTRIA3  462     1       772     773     770     
CTRIA3  463     1       1193    1838    1079    
CTRIA3  464     1       847     848     845     
CTRIA3  465     1       1312    1391    421     
CTRIA3  466     1       495     549     491     
CTRIA3  467     1       927     933     928     
CTRIA3  468     1       756     757     755     
CTRIA3  469     1       538     1616    819     
CTRIA3  470     1       1373    1623    1260    
CTRIA3  471     1       1271    1694    1680    
CTRIA3  472     1       1276    1850    1374    
CTRIA3  473     1       673     709     675     
CTRIA3  474     1       1278    1702    1517    
CTRIA3  475     1       500     1727    1297    
CTRIA3  476     1       940     942     941     
CTRIA3  477     1       905     1042    907     
CTRIA3  478     1       1109    1111    1110    
CTRIA3  479     1       401     1647    1395    
CTRIA3  480     1       884     1753    402     
CTRIA3  481     1       1266    1268    1264    
CTRIA3  482     1       1177    1443    1406    
CTRIA3  483     1       943     945     944     
CTRIA3  484     1       1321    1322    433     
CTRIA3  485     1       1173    1396    1174    
CTRIA3  486     1       673     675     674     
CTRIA3  487     1       1865    1904    1806    
CTRIA3  488     1       459     460     457     
CTRIA3  489     1       679     1380    681     
CTRIA3  490     1       613     842     744     
CTRIA3  491     1       537     538     506     
CTRIA3  492     1       683     689     685     
CTRIA3  493     1       826     1676    1179    
CTRIA3  494     1       589     1683    1653    
CTRIA3  495     1       1269    1270    1268    
CTRIA3  496     1       771     772     770     
CTRIA3  497     1       927     940     933     
CTRIA3  498     1       1238    1741    1205    
CTRIA3  499     1       1266    1276    1269    
CTRIA3  500     1       786     814     796     
CTRIA3  501     1       1023    1186    1016    
CTRIA3  502     1       904     905     903     
CTRIA3  503     1       942     954     943     
CTRIA3  504     1       476     1750    1430    
CTRIA3  505     1       851     853     852     
CTRIA3  506     1       1064    1775    1711    
CTRIA3  507     1       441     1479    1362    
CTRIA3  508     1       922     1101    924     
CTRIA3  509     1       1741    1883    1204    
CTRIA3  510     1       371     1376    46      
CTRIA3  511     1       45      1376    425     
CTRIA3  512     1       506     819     504     
CTRIA3  513     1       596     1410    531     
CTRIA3  514     1       1107    1146    1109    
CTRIA3  515     1       1309    1423    1308    
CTRIA3  516     1       1224    1721    1221    
CTRIA3  517     1       837     1614    1506    
CTRIA3  518     1       1198    1818    832     
CTRIA3  519     1       1116    1938    1119    
CTRIA3  520     1       755     787     753     
CTRIA3  521     1       744     1488    615     
CTRIA3  522     1       1716    1907    1043    
CTRIA3  523     1       1093    1852    1499    
CTRIA3  524     1       1382    1697    1542    
CTRIA3  525     1       492     495     491     
CTRIA3  526     1       1528    1932    1620    
CTRIA3  527     1       1324    1866    886     
CTRIA3  528     1       510     1211    512     
CTRIA3  529     1       1275    1680    108     
CTRIA3  530     1       621     1689    1506    
CTRIA3  531     1       1211    1670    1592    
CTRIA3  532     1       1016    1186    1013    
CTRIA3  533     1       1218    1671    392     
CTRIA3  534     1       758     759     757     
CTRIA3  535     1       932     1091    936     
CTRIA3  536     1       611     842     613     
CTRIA3  537     1       681     1784    1513    
CTRIA3  538     1       393     1328    257     
CTRIA3  539     1       1163    1703    1363    
CTRIA3  540     1       1052    1525    1524    
CTRIA3  541     1       1103    1105    1104    
CTRIA3  542     1       403     442     359     
CTRIA3  543     1       650     1837    1714    
CTRIA3  544     1       1179    1676    1357    
CTRIA3  545     1       1091    1092    1010    
CTRIA3  546     1       850     1212    851     
CTRIA3  547     1       653     1184    655     
CTRIA3  548     1       847     850     848     
CTRIA3  549     1       769     1796    1320    
CTRIA3  550     1       1106    1183    1107    
CTRIA3  551     1       1176    1635    831     
CTRIA3  552     1       655     1184    835     
CTRIA3  553     1       669     834     818     
CTRIA3  554     1       512     514     513     
CTRIA3  555     1       1111    1113    1112    
CTRIA3  556     1       999     1911    1575    
CTRIA3  557     1       675     677     676     
CTRIA3  558     1       552     554     553     
CTRIA3  559     1       571     1740    1250    
CTRIA3  560     1       1305    1426    996     
CTRIA3  561     1       961     1907    1277    
CTRIA3  562     1       850     1398    1215    
CTRIA3  563     1       1023    1187    1186    
CTRIA3  564     1       574     1492    891     
CTRIA3  565     1       1250    1251    1165    
CTRIA3  566     1       471     841     469     
CTRIA3  567     1       669     671     670     
CTRIA3  568     1       1103    1106    1105    
CTRIA3  569     1       829     1715    406     
CTRIA3  570     1       1090    1691    1559    
CTRIA3  571     1       1097    1742    1639    
CTRIA3  572     1       463     1815    1635    
CTRIA3  573     1       483     535     510     
CTRIA3  574     1       924     927     926     
CTRIA3  575     1       1095    1926    899     
CTRIA3  576     1       769     1320    786     
CTRIA3  577     1       1266    1269    1268    
CTRIA3  578     1       415     1739    1155    
CTRIA3  579     1       1205    1741    1204    
CTRIA3  580     1       1232    1695    427     
CTRIA3  581     1       653     1884    1185    
CTRIA3  582     1       1570    1718    702     
CTRIA3  583     1       406     1734    829     
CTRIA3  584     1       392     1559    347     
CTRIA3  585     1       1432    1640    388     
CTRIA3  586     1       1068    1163    1162    
CTRIA3  587     1       924     1101    927     
CTRIA3  588     1       1046    1217    1172    
CTRIA3  589     1       916     1384    918     
CTRIA3  590     1       392     1219    1218    
CTRIA3  591     1       483     509     460     
CTRIA3  592     1       417     1850    1274    
CTRIA3  593     1       1146    1253    1109    
CTRIA3  594     1       488     1292    486     
CTRIA3  595     1       772     774     773     
CTRIA3  596     1       535     1670    1211    
CTRIA3  597     1       77      1396    76      
CTRIA3  598     1       459     461     460     
CTRIA3  599     1       537     574     538     
CTRIA3  600     1       689     690     685     
CTRIA3  601     1       1179    1885    826     
CTRIA3  602     1       1150    1326    1325    
CTRIA3  603     1       751     1872    749     
CTRIA3  604     1       360     879     403     
CTRIA3  605     1       750     751     749     
CTRIA3  606     1       669     818     671     
CTRIA3  607     1       1319    1678    1248    
CTRIA3  608     1       442     896     419     
CTRIA3  609     1       691     692     690     
CTRIA3  610     1       470     471     469     
CTRIA3  611     1       430     1618    1462    
CTRIA3  612     1       909     912     911     
CTRIA3  613     1       814     815     796     
CTRIA3  614     1       490     491     488     
CTRIA3  615     1       1010    1608    1572    
CTRIA3  616     1       1147    1325    1203    
CTRIA3  617     1       733     1705    649     
CTRIA3  618     1       87      1332    86      
CTRIA3  619     1       443     896     442     
CTRIA3  620     1       691     693     692     
CTRIA3  621     1       1466    1713    1262    
CTRIA3  622     1       681     1513    683     
CTRIA3  623     1       1004    1172    987     
CTRIA3  624     1       379     1867    1174    
CTRIA3  625     1       1138    1237    1153    
CTRIA3  626     1       1045    1524    1086    
CTRIA3  627     1       74      1383    377     
CTRIA3  628     1       677     679     678     
CTRIA3  629     1       1029    1481    957     
CTRIA3  630     1       1279    1345    62      
CTRIA3  631     1       510     511     509     
CTRIA3  632     1       659     1669    1544    
CTRIA3  633     1       697     1590    1228    
CTRIA3  634     1       851     852     848     
CTRIA3  635     1       1237    1238    1153    
CTRIA3  636     1       1570    1730    1189    
CTRIA3  637     1       1217    1415    1040    
CTRIA3  638     1       108     1847    1275    
CTRIA3  639     1       943     1099    945     
CTRIA3  640     1       1566    1599    1080    
CTRIA3  641     1       1189    1730    1187    
CTRIA3  642     1       772     1256    775     
CTRIA3  643     1       987     1007    954     
CTRIA3  644     1       1336    1830    1041    
CTRIA3  645     1       1676    1942    375     
CTRIA3  646     1       1256    1257    775     
CTRIA3  647     1       1363    1703    416     
CTRIA3  648     1       591     1908    1698    
CTRIA3  649     1       726     1429    827     
CTRIA3  650     1       1144    1325    1147    
CTRIA3  651     1       1038    1918    1648    
CTRIA3  652     1       1568    1915    409     
CTRIA3  653     1       1107    1108    1105    
CTRIA3  654     1       752     754     753     
CTRIA3  655     1       916     918     917     
CTRIA3  656     1       750     752     751     
CTRIA3  657     1       1082    1302    1051    
CTRIA3  658     1       776     1220    765     
CTRIA3  659     1       922     1853    1160    
CTRIA3  660     1       707     1920    1300    
CTRIA3  661     1       552     1294    556     
CTRIA3  662     1       1525    1624    970     
CTRIA3  663     1       1342    1777    411     
CTRIA3  664     1       829     1734    1675    
CTRIA3  665     1       1196    1397    1181    
CTRIA3  666     1       1013    1046    1004    
CTRIA3  667     1       930     1852    1093    
CTRIA3  668     1       899     901     900     
CTRIA3  669     1       1023    1206    1188    
CTRIA3  670     1       943     944     941     
CTRIA3  671     1       538     819     506     
CTRIA3  672     1       1328    1330    438     
CTRIA3  673     1       1325    1618    1203    
CTRIA3  674     1       1167    1529    1168    
CTRIA3  675     1       770     1796    769     
CTRIA3  676     1       1510    1543    842     
CTRIA3  677     1       1505    1764    1702    
CTRIA3  678     1       1528    1620    1527    
CTRIA3  679     1       1276    1694    1269    
CTRIA3  680     1       1282    1353    329     
CTRIA3  681     1       467     469     465     
CTRIA3  682     1       1284    1354    92      
CTRIA3  683     1       21      1443    20      
CTRIA3  684     1       472     473     471     
CTRIA3  685     1       759     1235    780     
CTRIA3  686     1       1235    1236    780     
CTRIA3  687     1       454     455     453     
CTRIA3  688     1       832     1819    1198    
CTRIA3  689     1       1559    1691    346     
CTRIA3  690     1       1421    1502    380     
CTRIA3  691     1       356     1599    1566    
CTRIA3  692     1       1308    1426    1305    
CTRIA3  693     1       443     1252    896     
CTRIA3  694     1       851     865     853     
CTRIA3  695     1       512     513     511     
CTRIA3  696     1       422     1383    75      
CTRIA3  697     1       1206    1207    1188    
CTRIA3  698     1       1463    1748    4       
CTRIA3  699     1       847     1398    850     
CTRIA3  700     1       1221    1721    1607    
CTRIA3  701     1       1221    1256    771     
CTRIA3  702     1       1457    1467    429     
CTRIA3  703     1       1411    1459    651     
CTRIA3  704     1       1281    1655    89      
CTRIA3  705     1       1389    1593    1100    
CTRIA3  706     1       701     1397    704     
CTRIA3  707     1       1165    1167    482     
CTRIA3  708     1       913     916     915     
CTRIA3  709     1       1264    1924    1126    
CTRIA3  710     1       899     1926    901     
CTRIA3  711     1       1430    1687    476     
CTRIA3  712     1       655     835     736     
CTRIA3  713     1       976     1509    977     
CTRIA3  714     1       889     1681    574     
CTRIA3  715     1       1239    1938    1116    
CTRIA3  716     1       1046    1172    1004    
CTRIA3  717     1       1279    1366    712     
CTRIA3  718     1       828     1818    1416    
CTRIA3  719     1       671     672     670     
CTRIA3  720     1       367     1327    1199    
CTRIA3  721     1       671     1644    673     
CTRIA3  722     1       1303    1429    726     
CTRIA3  723     1       399     1838    1193    
CTRIA3  724     1       754     756     755     
CTRIA3  725     1       1064    1711    988     
CTRIA3  726     1       1580    1908    591     
CTRIA3  727     1       679     681     680     
CTRIA3  728     1       512     516     514     
CTRIA3  729     1       433     1278    364     
CTRIA3  730     1       353     1193    432     
CTRIA3  731     1       824     1715    829     
CTRIA3  732     1       717     1429    1303    
CTRIA3  733     1       1409    1780    712     
CTRIA3  734     1       1122    1540    1123    
CTRIA3  735     1       371     1310    1209    
CTRIA3  736     1       48      1310    47      
CTRIA3  737     1       1185    1600    1521    
CTRIA3  738     1       1127    1129    1128    
CTRIA3  739     1       1002    1426    1308    
CTRIA3  740     1       1109    1110    1108    
CTRIA3  741     1       853     854     852     
CTRIA3  742     1       1309    1424    1423    
CTRIA3  743     1       257     1328    256     
CTRIA3  744     1       1269    1271    1270    
CTRIA3  745     1       1653    1683    840     
CTRIA3  746     1       1117    1239    1116    
CTRIA3  747     1       1213    1725    1476    
CTRIA3  748     1       1043    1907    1384    
CTRIA3  749     1       1018    1023    1016    
CTRIA3  750     1       1226    1582    1225    
CTRIA3  751     1       768     771     770     
CTRIA3  752     1       927     928     926     
CTRIA3  753     1       1317    1508    508     
CTRIA3  754     1       918     920     919     
CTRIA3  755     1       753     1178    751     
CTRIA3  756     1       689     1301    691     
CTRIA3  757     1       1171    1535    412     
CTRIA3  758     1       673     674     672     
CTRIA3  759     1       364     1278    363     
CTRIA3  760     1       354     1193    353     
CTRIA3  761     1       1241    1338    1239    
CTRIA3  762     1       1394    1407    426     
CTRIA3  763     1       1416    1735    828     
CTRIA3  764     1       687     1749    1637    
CTRIA3  765     1       365     1321    433     
CTRIA3  766     1       1311    1502    1421    
CTRIA3  767     1       1127    1128    1125    
CTRIA3  768     1       971     1499    944     
CTRIA3  769     1       1152    1479    1255    
CTRIA3  770     1       936     953     937     
CTRIA3  771     1       1521    1935    1185    
CTRIA3  772     1       1142    1400    1137    
CTRIA3  773     1       402     1848    884     
CTRIA3  774     1       418     1498    1227    
CTRIA3  775     1       491     1292    488     
CTRIA3  776     1       1113    1237    1138    
CTRIA3  777     1       1126    1825    1127    
CTRIA3  778     1       1068    1162    1103    
CTRIA3  779     1       780     1546    761     
CTRIA3  780     1       945     946     944     
CTRIA3  781     1       959     1299    1006    
CTRIA3  782     1       1238    1642    1629    
CTRIA3  783     1       340     1535    435     
CTRIA3  784     1       1573    1660    1058    
CTRIA3  785     1       1374    1850    417     
CTRIA3  786     1       474     475     473     
CTRIA3  787     1       613     744     615     
CTRIA3  788     1       421     1314    1312    
CTRIA3  789     1       834     1763    818     
CTRIA3  790     1       1213    1476    1216    
CTRIA3  791     1       944     1499    941     
CTRIA3  792     1       763     776     765     
CTRIA3  793     1       1458    1656    1562    
CTRIA3  794     1       1228    1941    697     
CTRIA3  795     1       1237    1741    1238    
CTRIA3  796     1       644     1884    653     
CTRIA3  797     1       1257    1258    775     
CTRIA3  798     1       1213    1214    865     
CTRIA3  799     1       1208    1651    1207    
CTRIA3  800     1       853     1381    855     
CTRIA3  801     1       514     515     513     
CTRIA3  802     1       1540    1834    1123    
CTRIA3  803     1       912     1530    913     
CTRIA3  804     1       1290    1568    409     
CTRIA3  805     1       1122    1123    1120    
CTRIA3  806     1       461     1176    483     
CTRIA3  807     1       814     1470    816     
CTRIA3  808     1       932     936     935     
CTRIA3  809     1       262     1900    894     
CTRIA3  810     1       901     903     902     
CTRIA3  811     1       1180    1688    1179    
CTRIA3  812     1       1327    1845    413     
CTRIA3  813     1       1211    1592    516     
CTRIA3  814     1       1527    1620    1195    
CTRIA3  815     1       1341    1839    410     
CTRIA3  816     1       441     1404    1255    
CTRIA3  817     1       1547    1597    423     
CTRIA3  818     1       376     1588    1155    
CTRIA3  819     1       756     758     757     
CTRIA3  820     1       939     1518    1299    
CTRIA3  821     1       456     457     455     
CTRIA3  822     1       794     1170    789     
CTRIA3  823     1       936     1091    1010    
CTRIA3  824     1       1138    1153    1151    
CTRIA3  825     1       440     1695    1232    
CTRIA3  826     1       1051    1302    1050    
CTRIA3  827     1       1162    1915    1568    
CTRIA3  828     1       1394    1771    1407    
CTRIA3  829     1       769     786     781     
CTRIA3  830     1       550     1294    552     
CTRIA3  831     1       490     492     491     
CTRIA3  832     1       1055    1247    1054    
CTRIA3  833     1       1133    1264    1124    
CTRIA3  834     1       508     1866    1324    
CTRIA3  835     1       912     913     911     
CTRIA3  836     1       945     947     946     
CTRIA3  837     1       361     1936    880     
CTRIA3  838     1       1620    1932    703     
CTRIA3  839     1       1303    1428    717     
CTRIA3  840     1       681     683     682     
CTRIA3  841     1       1096    1743    1097    
CTRIA3  842     1       336     1404    441     
CTRIA3  843     1       551     1549    616     
CTRIA3  844     1       505     506     504     
CTRIA3  845     1       601     1411    600     
CTRIA3  846     1       503     1935    1521    
CTRIA3  847     1       593     1600    642     
CTRIA3  848     1       1111    1112    1110    
CTRIA3  849     1       1648    1693    1038    
CTRIA3  850     1       1262    1713    1261    
CTRIA3  851     1       675     676     674     
CTRIA3  852     1       1118    1132    1115    
CTRIA3  853     1       759     780     761     
CTRIA3  854     1       1387    1715    824     
CTRIA3  855     1       1329    1330    1328    
CTRIA3  856     1       846     847     845     
CTRIA3  857     1       736     1808    1191    
CTRIA3  858     1       1333    1334    1332    
CTRIA3  859     1       853     855     854     
CTRIA3  860     1       1190    1217    1046    
CTRIA3  861     1       651     1459    1194    
CTRIA3  862     1       1447    1534    439     
CTRIA3  863     1       47      1310    371     
CTRIA3  864     1       1189    1718    1570    
CTRIA3  865     1       1424    1425    1423    
CTRIA3  866     1       1552    1582    1226    
CTRIA3  867     1       920     922     921     
CTRIA3  868     1       771     1256    772     
CTRIA3  869     1       379     1396    77      
CTRIA3  870     1       76      1396    422     
CTRIA3  871     1       460     1826    457     
CTRIA3  872     1       1247    1300    1096    
CTRIA3  873     1       1332    1465    86      
CTRIA3  874     1       1165    1580    1167    
CTRIA3  875     1       499     504     497     
CTRIA3  876     1       1402    1597    1547    
CTRIA3  877     1       855     1381    866     
CTRIA3  878     1       786     1320    814     
CTRIA3  879     1       712     1780    1279    
CTRIA3  880     1       1198    1554    877     
CTRIA3  881     1       895     1815    469     
CTRIA3  882     1       554     555     553     
CTRIA3  883     1       1168    1529    1169    
CTRIA3  884     1       1285    1286    1284    
CTRIA3  885     1       631     1411    601     
CTRIA3  886     1       780     1822    1546    
CTRIA3  887     1       526     1375    528     
CTRIA3  888     1       1216    1863    377     
CTRIA3  889     1       1758    1791    504     
CTRIA3  890     1       1240    1241    1239    
CTRIA3  891     1       514     517     515     
CTRIA3  892     1       476     841     471     
CTRIA3  893     1       524     1379    536     
CTRIA3  894     1       1380    1784    681     
CTRIA3  895     1       1022    1047    1020    
CTRIA3  896     1       1491    1646    1070    
CTRIA3  897     1       447     1297    449     
CTRIA3  898     1       410     1404    337     
CTRIA3  899     1       691     696     693     
CTRIA3  900     1       1227    1498    1224    
CTRIA3  901     1       1100    1316    1099    
CTRIA3  902     1       1097    1743    1742    
CTRIA3  903     1       1356    1369    1283    
CTRIA3  904     1       920     1853    922     
CTRIA3  905     1       848     1195    845     
CTRIA3  906     1       452     500     450     
CTRIA3  907     1       865     1381    853     
CTRIA3  908     1       1637    1749    1249    
CTRIA3  909     1       363     398     362     
CTRIA3  910     1       355     399     354     
CTRIA3  911     1       909     1934    912     
CTRIA3  912     1       843     1510    842     
CTRIA3  913     1       358     419     357     
CTRIA3  914     1       360     403     359     
CTRIA3  915     1       1069    1501    958     
CTRIA3  916     1       1274    1365    417     
CTRIA3  917     1       693     694     692     
CTRIA3  918     1       905     907     906     
CTRIA3  919     1       774     777     773     
CTRIA3  920     1       447     449     445     
CTRIA3  921     1       266     1340    434     
CTRIA3  922     1       536     1604    1375    
CTRIA3  923     1       508     1324    448     
CTRIA3  924     1       1147    1203    1199    
CTRIA3  925     1       528     1375    596     
CTRIA3  926     1       1271    1272    1270    
CTRIA3  927     1       365     433     364     
CTRIA3  928     1       353     432     352     
CTRIA3  929     1       1054    1247    1096    
CTRIA3  930     1       552     556     554     
CTRIA3  931     1       256     1328    438     
CTRIA3  932     1       898     1055    1054    
CTRIA3  933     1       1265    1266    1264    
CTRIA3  934     1       758     1235    759     
CTRIA3  935     1       813     1392    1391    
CTRIA3  936     1       1227    1351    418     
CTRIA3  937     1       932     1877    1091    
CTRIA3  938     1       1492    1737    893     
CTRIA3  939     1       482     1168    452     
CTRIA3  940     1       514     1385    517     
CTRIA3  941     1       1221    1896    1224    
CTRIA3  942     1       1105    1556    1104    
CTRIA3  943     1       1388    1567    1335    
CTRIA3  944     1       822     1676    826     
CTRIA3  945     1       706     1397    701     
CTRIA3  946     1       704     1397    996     
CTRIA3  947     1       393     1544    1329    
CTRIA3  948     1       752     1387    754     
CTRIA3  949     1       467     470     469     
CTRIA3  950     1       1045    1671    1524    
CTRIA3  951     1       899     900     897     
CTRIA3  952     1       458     459     457     
CTRIA3  953     1       1524    1525    1086    
CTRIA3  954     1       1127    1130    1129    
CTRIA3  955     1       677     678     676     
CTRIA3  956     1       465     1815    463     
CTRIA3  957     1       360     1925    879     
CTRIA3  958     1       507     537     506     
CTRIA3  959     1       516     1385    514     
CTRIA3  960     1       403     879     444     
CTRIA3  961     1       1113    1138    1112    
CTRIA3  962     1       1023    1188    1187    
CTRIA3  963     1       683     685     684     
CTRIA3  964     1       1535    1668    435     
CTRIA3  965     1       986     987     954     
CTRIA3  966     1       1036    1640    1432    
CTRIA3  967     1       426     1443    21      
CTRIA3  968     1       20      1443    391     
CTRIA3  969     1       1128    1540    1125    
CTRIA3  970     1       1233    1401    1400    
CTRIA3  971     1       377     1821    1216    
CTRIA3  972     1       1680    1694    386     
CTRIA3  973     1       786     796     788     
CTRIA3  974     1       446     508     448     
CTRIA3  975     1       787     1179    1178    
CTRIA3  976     1       1192    1831    425     
CTRIA3  977     1       772     775     774     
CTRIA3  978     1       662     838     631     
CTRIA3  979     1       1246    1883    1118    
CTRIA3  980     1       451     454     453     
CTRIA3  981     1       1143    1540    1128    
CTRIA3  982     1       1188    1189    1187    
CTRIA3  983     1       338     1341    410     
CTRIA3  984     1       1271    1680    1275    
CTRIA3  985     1       879     1317    444     
CTRIA3  986     1       67      1347    1230    
CTRIA3  987     1       1032    1481    1029    
CTRIA3  988     1       530     1379    522     
CTRIA3  989     1       1137    1400    1140    
CTRIA3  990     1       407     1366    1279    
CTRIA3  991     1       1817    1881    437     
CTRIA3  992     1       1159    1400    1142    
CTRIA3  993     1       1233    1400    1159    
CTRIA3  994     1       522     1379    524     
CTRIA3  995     1       1262    1520    1466    
CTRIA3  996     1       922     924     923     
CTRIA3  997     1       1629    1642    1282    
CTRIA3  998     1       816     1407    815     
CTRIA3  999     1       423     1502    1311    
CTRIA3  1000    1       366     1321    365     
CTRIA3  1001    1       451     1324    454     
CTRIA3  1002    1       1370    1825    1126    
CTRIA3  1003    1       1170    1553    1236    
CTRIA3  1004    1       1071    1626    1490    
CTRIA3  1005    1       916     917     915     
CTRIA3  1006    1       524     536     526     
CTRIA3  1007    1       953     1573    1518    
CTRIA3  1008    1       270     436     269     
CTRIA3  1009    1       336     441     335     
CTRIA3  1010    1       261     402     260     
CTRIA3  1011    1       345     401     344     
CTRIA3  1012    1       517     1385    542     
CTRIA3  1013    1       348     392     347     
CTRIA3  1014    1       258     393     257     
CTRIA3  1015    1       763     1546    776     
CTRIA3  1016    1       264     1342    411     
CTRIA3  1017    1       1294    1482    556     
CTRIA3  1018    1       1129    1134    1128    
CTRIA3  1019    1       1059    1071    1048    
CTRIA3  1020    1       69      1367    378     
CTRIA3  1021    1       381     1497    60      
CTRIA3  1022    1       1410    1661    1315    
CTRIA3  1023    1       58      1391    57      
CTRIA3  1024    1       1058    1800    1299    
CTRIA3  1025    1       1280    1412    627     
CTRIA3  1026    1       504     1791    497     
CTRIA3  1027    1       470     472     471     
CTRIA3  1028    1       715     1430    717     
CTRIA3  1029    1       397     1891    1360    
CTRIA3  1030    1       912     1762    1530    
CTRIA3  1031    1       556     557     554     
CTRIA3  1032    1       1134    1150    1144    
CTRIA3  1033    1       373     1612    1291    
CTRIA3  1034    1       486     1928    481     
CTRIA3  1035    1       904     1793    1639    
CTRIA3  1036    1       1103    1104    1102    
CTRIA3  1037    1       338     410     337     
CTRIA3  1038    1       268     406     267     
CTRIA3  1039    1       608     1409    712     
CTRIA3  1040    1       1227    1582    1351    
CTRIA3  1041    1       1207    1628    1188    
CTRIA3  1042    1       1598    1919    1571    
CTRIA3  1043    1       407     1279    63      
CTRIA3  1044    1       1018    1206    1023    
CTRIA3  1045    1       531     1410    533     
CTRIA3  1046    1       342     412     341     
CTRIA3  1047    1       264     411     263     
CTRIA3  1048    1       600     1411    651     
CTRIA3  1049    1       425     1903    1192    
CTRIA3  1050    1       1267    1276    1266    
CTRIA3  1051    1       1114    1117    1116    
CTRIA3  1052    1       693     697     694     
CTRIA3  1053    1       1686    1753    1191    
CTRIA3  1054    1       916     1789    1384    
CTRIA3  1055    1       277     1351    370     
CTRIA3  1056    1       103     1365    369     
CTRIA3  1057    1       256     438     255     
CTRIA3  1058    1       350     437     349     
CTRIA3  1059    1       842     1543    744     
CTRIA3  1060    1       275     1356    1283    
CTRIA3  1061    1       415     1588    332     
CTRIA3  1062    1       98      1361    1290    
CTRIA3  1063    1       34      1359    1289    
CTRIA3  1064    1       272     1358    1254    
CTRIA3  1065    1       832     1818    828     
CTRIA3  1066    1       1247    1478    707     
CTRIA3  1067    1       734     1430    715     
CTRIA3  1068    1       1215    1725    1212    
CTRIA3  1069    1       831     1778    1176    
CTRIA3  1070    1       475     1752    473     
CTRIA3  1071    1       1311    1547    423     
CTRIA3  1072    1       1134    1456    1150    
CTRIA3  1073    1       1258    1489    775     
CTRIA3  1074    1       359     442     358     
CTRIA3  1075    1       1561    1873    882     
CTRIA3  1076    1       776     1222    1220    
CTRIA3  1077    1       462     463     461     
CTRIA3  1078    1       667     834     669     
CTRIA3  1079    1       1376    1903    425     
CTRIA3  1080    1       679     680     678     
CTRIA3  1081    1       918     1384    961     
CTRIA3  1082    1       337     1404    336     
CTRIA3  1083    1       838     1459    1411    
CTRIA3  1084    1       374     1332    87      
CTRIA3  1085    1       279     1372    418     
CTRIA3  1086    1       105     1374    417     
CTRIA3  1087    1       835     1598    1571    
CTRIA3  1088    1       259     1539    1331    
CTRIA3  1089    1       907     909     908     
CTRIA3  1090    1       776     1546    1223    
CTRIA3  1091    1       384     1281    90      
CTRIA3  1092    1       495     1555    550     
CTRIA3  1093    1       340     435     339     
CTRIA3  1094    1       266     434     265     
CTRIA3  1095    1       376     1282    330     
CTRIA3  1096    1       396     1284    93      
CTRIA3  1097    1       977     1509    1009    
CTRIA3  1098    1       764     766     762     
CTRIA3  1099    1       959     1006    972     
CTRIA3  1100    1       1675    1732    794     
CTRIA3  1101    1       1177    1916    391     
CTRIA3  1102    1       760     1865    757     
CTRIA3  1103    1       1344    1666    636     
CTRIA3  1104    1       1121    1133    1124    
CTRIA3  1105    1       918     919     917     
CTRIA3  1106    1       1618    1906    1203    
CTRIA3  1107    1       1086    1481    1032    
CTRIA3  1108    1       485     486     481     
CTRIA3  1109    1       48      1503    1310    
CTRIA3  1110    1       487     488     486     
CTRIA3  1111    1       1403    1404    410     
CTRIA3  1112    1       1003    1004    987     
CTRIA3  1113    1       1178    1399    751     
CTRIA3  1114    1       970     1776    1525    
CTRIA3  1115    1       1459    1903    1376    
CTRIA3  1116    1       1289    1532    1531    
CTRIA3  1117    1       1257    1259    1258    
CTRIA3  1118    1       980     1461    1005    
CTRIA3  1119    1       1234    1601    440     
CTRIA3  1120    1       928     1852    930     
CTRIA3  1121    1       1120    1246    1118    
CTRIA3  1122    1       1562    1656    1272    
CTRIA3  1123    1       448     1324    451     
CTRIA3  1124    1       1368    1383    422     
CTRIA3  1125    1       1470    1495    1378    
CTRIA3  1126    1       1160    1888    1101    
CTRIA3  1127    1       1543    1890    1773    
CTRIA3  1128    1       528     596     531     
CTRIA3  1129    1       551     616     549     
CTRIA3  1130    1       339     1341    338     
CTRIA3  1131    1       1214    1382    1381    
CTRIA3  1132    1       1349    1904    1865    
CTRIA3  1133    1       1298    1585    449     
CTRIA3  1134    1       1395    1652    401     
CTRIA3  1135    1       265     1342    264     
CTRIA3  1136    1       947     948     946     
CTRIA3  1137    1       1490    1626    686     
CTRIA3  1138    1       468     1682    1412    
CTRIA3  1139    1       1129    1456    1134    
CTRIA3  1140    1       1767    1929    428     
CTRIA3  1141    1       358     442     419     
CTRIA3  1142    1       1093    1877    930     
CTRIA3  1143    1       1378    1406    816     
CTRIA3  1144    1       1241    1765    1477    
CTRIA3  1145    1       924     926     925     
CTRIA3  1146    1       991     1426    994     
CTRIA3  1147    1       1219    1881    1817    
CTRIA3  1148    1       669     670     668     
CTRIA3  1149    1       539     1737    1492    
CTRIA3  1150    1       819     1758    504     
CTRIA3  1151    1       555     575     553     
CTRIA3  1152    1       936     937     935     
CTRIA3  1153    1       769     781     767     
CTRIA3  1154    1       1010    1572    953     
CTRIA3  1155    1       410     1405    1403    
CTRIA3  1156    1       472     474     473     
CTRIA3  1157    1       1381    1382    866     
CTRIA3  1158    1       1457    1722    1467    
CTRIA3  1159    1       1330    1774    438     
CTRIA3  1160    1       1259    1261    1258    
CTRIA3  1161    1       913     1530    916     
CTRIA3  1162    1       636     1666    638     
CTRIA3  1163    1       1830    1856    1569    
CTRIA3  1164    1       778     1495    1470    
CTRIA3  1165    1       100     1471    400     
CTRIA3  1166    1       774     779     777     
CTRIA3  1167    1       1045    1086    1032    
CTRIA3  1168    1       662     1192    838     
CTRIA3  1169    1       816     1470    1378    
CTRIA3  1170    1       421     1391    58      
CTRIA3  1171    1       1213    1216    1214    
CTRIA3  1172    1       1214    1381    865     
CTRIA3  1173    1       901     902     900     
CTRIA3  1174    1       838     1411    631     
CTRIA3  1175    1       554     1413    555     
CTRIA3  1176    1       939     1299    959     
CTRIA3  1177    1       1130    1131    1129    
CTRIA3  1178    1       709     846     845     
CTRIA3  1179    1       855     856     854     
CTRIA3  1180    1       517     518     515     
CTRIA3  1181    1       433     1505    1278    
CTRIA3  1182    1       777     778     773     
CTRIA3  1183    1       369     1765    1339    
CTRIA3  1184    1       1291    1751    373     
CTRIA3  1185    1       1249    1914    1042    
CTRIA3  1186    1       947     949     948     
CTRIA3  1187    1       667     1619    834     
CTRIA3  1188    1       1301    1318    696     
CTRIA3  1189    1       941     1499    933     
CTRIA3  1190    1       703     1878    679     
CTRIA3  1191    1       1395    1646    1066    
CTRIA3  1192    1       1020    1206    1018    
CTRIA3  1193    1       454     456     455     
CTRIA3  1194    1       61      381     60      
CTRIA3  1195    1       69      378     68      
CTRIA3  1196    1       1153    1155    1151    
CTRIA3  1197    1       555     576     575     
CTRIA3  1198    1       67      1230    66      
CTRIA3  1199    1       764     1643    766     
CTRIA3  1200    1       66      383     65      
CTRIA3  1201    1       64      407     63      
CTRIA3  1202    1       388     1868    1296    
CTRIA3  1203    1       1289    1930    1532    
CTRIA3  1204    1       997     1388    1041    
CTRIA3  1205    1       1430    1750    1429    
CTRIA3  1206    1       841     1864    895     
CTRIA3  1207    1       1184    1598    835     
CTRIA3  1208    1       775     1489    774     
CTRIA3  1209    1       1250    1740    1251    
CTRIA3  1210    1       435     1341    339     
CTRIA3  1211    1       789     1235    758     
CTRIA3  1212    1       467     1390    470     
CTRIA3  1213    1       1271    1275    1272    
CTRIA3  1214    1       1118    1883    1132    
CTRIA3  1215    1       352     1323    351     
CTRIA3  1216    1       683     1513    689     
CTRIA3  1217    1       995     1415    992     
CTRIA3  1218    1       473     1752    476     
CTRIA3  1219    1       1638    1742    1583    
CTRIA3  1220    1       681     682     680     
CTRIA3  1221    1       566     567     562     
CTRIA3  1222    1       326     367     325     
CTRIA3  1223    1       24      368     23      
CTRIA3  1224    1       88      374     87      
CTRIA3  1225    1       42      372     41      
CTRIA3  1226    1       279     418     278     
CTRIA3  1227    1       105     417     104     
CTRIA3  1228    1       26      414     25      
CTRIA3  1229    1       328     413     327     
CTRIA3  1230    1       748     750     749     
CTRIA3  1231    1       91      384     90      
CTRIA3  1232    1       277     370     276     
CTRIA3  1233    1       103     369     102     
CTRIA3  1234    1       39      385     38      
CTRIA3  1235    1       1028    1558    1501    
CTRIA3  1236    1       275     1283    274     
CTRIA3  1237    1       331     376     330     
CTRIA3  1238    1       29      375     28      
CTRIA3  1239    1       100     400     99      
CTRIA3  1240    1       36      397     35      
CTRIA3  1241    1       274     404     273     
CTRIA3  1242    1       94      396     93      
CTRIA3  1243    1       609     1591    534     
CTRIA3  1244    1       996     1426    991     
CTRIA3  1245    1       994     1426    1002    
CTRIA3  1246    1       31      1180    30      
CTRIA3  1247    1       333     415     332     
CTRIA3  1248    1       34      1289    33      
CTRIA3  1249    1       98      1290    97      
CTRIA3  1250    1       272     1254    271     
CTRIA3  1251    1       96      416     95      
CTRIA3  1252    1       32      405     31      
CTRIA3  1253    1       622     631     601     
CTRIA3  1254    1       33      408     2       
CTRIA3  1255    1       97      409     5       
CTRIA3  1256    1       661     733     649     
CTRIA3  1257    1       1270    1895    1268    
CTRIA3  1258    1       1503    1625    1602    
CTRIA3  1259    1       413     1736    1327    
CTRIA3  1260    1       679     1878    1380    
CTRIA3  1261    1       596     1661    1410    
CTRIA3  1262    1       1774    1835    1322    
CTRIA3  1263    1       1066    1491    1064    
CTRIA3  1264    1       556     558     557     
CTRIA3  1265    1       65      1295    64      
CTRIA3  1266    1       357     1599    356     
CTRIA3  1267    1       1009    1509    1077    
CTRIA3  1268    1       1296    1751    1291    
CTRIA3  1269    1       980     1005    982     
CTRIA3  1270    1       697     698     694     
CTRIA3  1271    1       1012    1013    1004    
CTRIA3  1272    1       405     1872    1399    
CTRIA3  1273    1       464     465     463     
CTRIA3  1274    1       1194    1459    1376    
CTRIA3  1275    1       1295    1763    834     
CTRIA3  1276    1       499     505     504     
CTRIA3  1277    1       1304    1563    1006    
CTRIA3  1278    1       909     911     910     
CTRIA3  1279    1       1009    1077    1025    
CTRIA3  1280    1       533     1410    1409    
CTRIA3  1281    1       718     1280    627     
CTRIA3  1282    1       489     490     488     
CTRIA3  1283    1       722     1737    592     
CTRIA3  1284    1       372     1548    1519    
CTRIA3  1285    1       1387    1692    754     
CTRIA3  1286    1       920     921     919     
CTRIA3  1287    1       427     1611    1233    
CTRIA3  1288    1       517     519     518     
CTRIA3  1289    1       905     906     903     
CTRIA3  1290    1       101     1471    100     
CTRIA3  1291    1       557     1413    554     
CTRIA3  1292    1       1330    1835    1774    
CTRIA3  1293    1       1131    1456    1129    
CTRIA3  1294    1       1503    1602    1310    
CTRIA3  1295    1       953     1518    937     
CTRIA3  1296    1       644     653     647     
CTRIA3  1297    1       1092    1608    1010    
CTRIA3  1298    1       255     1712    11      
CTRIA3  1299    1       1068    1103    1102    
CTRIA3  1300    1       992     1415    993     
CTRIA3  1301    1       1040    1415    995     
CTRIA3  1302    1       855     857     856     
CTRIA3  1303    1       1351    1582    370     
CTRIA3  1304    1       984     1567    1388    
CTRIA3  1305    1       405     1688    1180    
CTRIA3  1306    1       1136    1825    1370    
CTRIA3  1307    1       883     1865    1806    
CTRIA3  1308    1       794     1790    1170    
CTRIA3  1309    1       263     1900    262     
CTRIA3  1310    1       1768    1811    1315    
CTRIA3  1311    1       1230    1873    1561    
CTRIA3  1312    1       71      420     70      
CTRIA3  1313    1       59      421     58      
CTRIA3  1314    1       717     1430    1429    
CTRIA3  1315    1       1117    1240    1239    
CTRIA3  1316    1       1259    1262    1261    
CTRIA3  1317    1       779     782     777     
CTRIA3  1318    1       1130    1135    1131    
CTRIA3  1319    1       1070    1646    1081    
CTRIA3  1320    1       1601    1609    113     
CTRIA3  1321    1       1022    1048    1047    
CTRIA3  1322    1       949     950     948     
CTRIA3  1323    1       947     951     949     
CTRIA3  1324    1       1140    1456    1131    
CTRIA3  1325    1       62      1345    61      
CTRIA3  1326    1       576     618     575     
CTRIA3  1327    1       1715    1782    406     
CTRIA3  1328    1       268     1734    406     
CTRIA3  1329    1       818     1766    671     
CTRIA3  1330    1       1333    1335    1334    
CTRIA3  1331    1       1400    1401    1140    
CTRIA3  1332    1       51      1408    3       
CTRIA3  1333    1       968     979     975     
CTRIA3  1334    1       566     568     567     
CTRIA3  1335    1       1149    1931    1405    
CTRIA3  1336    1       653     655     654     
CTRIA3  1337    1       640     722     592     
CTRIA3  1338    1       434     1342    265     
CTRIA3  1339    1       558     559     557     
CTRIA3  1340    1       1355    1589    1057    
CTRIA3  1341    1       1406    1407    816     
CTRIA3  1342    1       803     1630    802     
CTRIA3  1343    1       697     699     698     
CTRIA3  1344    1       928     930     929     
CTRIA3  1345    1       1062    1064    988     
CTRIA3  1346    1       691     1301    696     
CTRIA3  1347    1       519     520     518     
CTRIA3  1348    1       517     542     519     
CTRIA3  1349    1       632     662     631     
CTRIA3  1350    1       567     1449    562     
CTRIA3  1351    1       855     866     857     
CTRIA3  1352    1       857     858     856     
CTRIA3  1353    1       258     1846    393     
CTRIA3  1354    1       608     712     663     
CTRIA3  1355    1       779     783     782     
CTRIA3  1356    1       942     986     954     
CTRIA3  1357    1       1130    1136    1135    
CTRIA3  1358    1       1135    1137    1131    
CTRIA3  1359    1       949     955     950     
CTRIA3  1360    1       432     1323    352     
CTRIA3  1361    1       576     619     618     
CTRIA3  1362    1       979     980     975     
CTRIA3  1363    1       568     569     567     
CTRIA3  1364    1       107     386     106     
CTRIA3  1365    1       281     387     280     
CTRIA3  1366    1       43      1371    42      
CTRIA3  1367    1       558     560     559     
CTRIA3  1368    1       25      1350    24      
CTRIA3  1369    1       699     700     698     
CTRIA3  1370    1       976     1892    1509    
CTRIA3  1371    1       968     1442    979     
CTRIA3  1372    1       520     521     518     
CTRIA3  1373    1       542     543     519     
CTRIA3  1374    1       857     859     858     
CTRIA3  1375    1       329     1353    328     
CTRIA3  1376    1       27      1352    26      
CTRIA3  1377    1       494     1717    492     
CTRIA3  1378    1       779     785     783     
CTRIA3  1379    1       783     790     782     
CTRIA3  1380    1       902     1319    1175    
CTRIA3  1381    1       92      1354    91      
CTRIA3  1382    1       1135    1141    1137    
CTRIA3  1383    1       1137    1140    1131    
CTRIA3  1384    1       955     956     950     
CTRIA3  1385    1       576     620     619     
CTRIA3  1386    1       568     570     569     
CTRIA3  1387    1       787     1178    753     
CTRIA3  1388    1       30      1357    29      
CTRIA3  1389    1       558     561     560     
CTRIA3  1390    1       560     563     559     
CTRIA3  1391    1       699     701     700     
CTRIA3  1392    1       700     708     698     
CTRIA3  1393    1       520     522     521     
CTRIA3  1394    1       542     544     543     
CTRIA3  1395    1       859     860     858     
CTRIA3  1396    1       783     791     790     
CTRIA3  1397    1       790     792     782     
CTRIA3  1398    1       1141    1142    1137    
CTRIA3  1399    1       955     965     956     
CTRIA3  1400    1       620     629     619     
CTRIA3  1401    1       334     1362    333     
CTRIA3  1402    1       570     600     569     
CTRIA3  1403    1       561     562     560     
CTRIA3  1404    1       563     564     559     
CTRIA3  1405    1       699     706     701     
CTRIA3  1406    1       701     702     700     
CTRIA3  1407    1       520     530     522     
CTRIA3  1408    1       544     577     543     
CTRIA3  1409    1       859     861     860     
CTRIA3  1410    1       860     862     858     
CTRIA3  1411    1       790     839     792     
CTRIA3  1412    1       1141    1156    1142    
CTRIA3  1413    1       955     969     965     
CTRIA3  1414    1       965     966     956     
CTRIA3  1415    1       629     630     619     
CTRIA3  1416    1       570     601     600     
CTRIA3  1417    1       600     602     569     
CTRIA3  1418    1       563     572     564     
CTRIA3  1419    1       701     704     702     
CTRIA3  1420    1       2       1364    32      
CTRIA3  1421    1       5       1363    96      
CTRIA3  1422    1       544     578     577     
CTRIA3  1423    1       577     719     543     
CTRIA3  1424    1       860     872     862     
CTRIA3  1425    1       859     863     861     
CTRIA3  1426    1       839     1177    792     
CTRIA3  1427    1       1156    1157    1142    
CTRIA3  1428    1       1141    1158    1156    
CTRIA3  1429    1       969     989     965     
CTRIA3  1430    1       966     967     956     
CTRIA3  1431    1       629     725     630     
CTRIA3  1432    1       600     651     602     
CTRIA3  1433    1       572     573     564     
CTRIA3  1434    1       563     804     572     
CTRIA3  1435    1       704     705     702     
CTRIA3  1436    1       577     720     719     
CTRIA3  1437    1       544     579     578     
CTRIA3  1438    1       863     864     861     
CTRIA3  1439    1       872     873     862     
CTRIA3  1440    1       1177    1378    792     
CTRIA3  1441    1       1157    1159    1142    
CTRIA3  1442    1       966     968     967     
CTRIA3  1443    1       969     990     989     
CTRIA3  1444    1       629     840     725     
CTRIA3  1445    1       725     726     630     
CTRIA3  1446    1       651     652     602     
CTRIA3  1447    1       572     633     573     
CTRIA3  1448    1       573     603     564     
CTRIA3  1449    1       704     991     705     
CTRIA3  1450    1       720     721     719     
CTRIA3  1451    1       579     580     578     
CTRIA3  1452    1       864     867     861     
CTRIA3  1453    1       863     869     864     
CTRIA3  1454    1       1177    1406    1378    
CTRIA3  1455    1       1157    1232    1159    
CTRIA3  1456    1       969     1074    990     
CTRIA3  1457    1       990     1034    989     
CTRIA3  1458    1       725     1303    726     
CTRIA3  1459    1       651     1194    652     
CTRIA3  1460    1       633     828     573     
CTRIA3  1461    1       991     992     705     
CTRIA3  1462    1       704     996     991     
CTRIA3  1463    1       580     606     578     
CTRIA3  1464    1       579     581     580     
CTRIA3  1465    1       720     727     721     
CTRIA3  1466    1       864     868     867     
CTRIA3  1467    1       863     871     869     
CTRIA3  1468    1       1157    1234    1232    
CTRIA3  1469    1       990     1036    1034    
CTRIA3  1470    1       1034    1035    989     
CTRIA3  1471    1       1194    1209    652     
CTRIA3  1472    1       633     832     828     
CTRIA3  1473    1       991     994     992     
CTRIA3  1474    1       992     993     705     
CTRIA3  1475    1       720     741     727     
CTRIA3  1476    1       581     582     580     
CTRIA3  1477    1       727     728     721     
CTRIA3  1478    1       868     887     867     
CTRIA3  1479    1       871     1173    869     
CTRIA3  1480    1       1034    1039    1035    
CTRIA3  1481    1       633     833     832     
CTRIA3  1482    1       994     995     992     
CTRIA3  1483    1       741     1402    727     
CTRIA3  1484    1       581     583     582     
CTRIA3  1485    1       728     729     721     
CTRIA3  1486    1       1173    1174    869     
CTRIA3  1487    1       887     888     867     
CTRIA3  1488    1       871     1368    1173    
CTRIA3  1489    1       868     1181    887     
CTRIA3  1490    1       1039    1061    1035    
CTRIA3  1491    1       994     1001    995     
CTRIA3  1492    1       581     604     583     
CTRIA3  1493    1       728     730     729     
CTRIA3  1494    1       583     584     582     
CTRIA3  1495    1       868     1182    1181    
CTRIA3  1496    1       887     1228    888     
CTRIA3  1497    1       1039    1291    1061    
CTRIA3  1498    1       1061    1072    1035    
CTRIA3  1499    1       1001    1011    995     
CTRIA3  1500    1       994     1002    1001    
CTRIA3  1501    1       604     605     583     
CTRIA3  1502    1       730     731     729     
CTRIA3  1503    1       584     585     582     
CTRIA3  1504    1       728     1311    730     
CTRIA3  1505    1       1182    1196    1181    
CTRIA3  1506    1       1039    1296    1291    
CTRIA3  1507    1       1061    1073    1072    
CTRIA3  1508    1       1001    1026    1011    
CTRIA3  1509    1       1011    1040    995     
CTRIA3  1510    1       730     732     731     
CTRIA3  1511    1       584     586     585     
CTRIA3  1512    1       604     623     605     
CTRIA3  1513    1       1182    1197    1196    
CTRIA3  1514    1       1026    1075    1011    
CTRIA3  1515    1       584     587     586     
CTRIA3  1516    1       586     588     585     
CTRIA3  1517    1       732     739     731     
CTRIA3  1518    1       604     820     623     
CTRIA3  1519    1       623     624     605     
CTRIA3  1520    1       1197    1305    1196    
CTRIA3  1521    1       820     821     623     
CTRIA3  1522    1       732     740     739     
CTRIA3  1523    1       586     589     588     
CTRIA3  1524    1       624     714     605     
CTRIA3  1525    1       1197    1306    1305    
CTRIA3  1526    1       589     607     588     
CTRIA3  1527    1       740     811     739     
CTRIA3  1528    1       624     715     714     
CTRIA3  1529    1       1306    1308    1305    
CTRIA3  1530    1       1197    1307    1306    
CTRIA3  1531    1       607     656     588     
CTRIA3  1532    1       589     713     607     
CTRIA3  1533    1       715     717     714     
CTRIA3  1534    1       1306    1309    1308    
CTRIA3  1535    1       607     657     656     
CTRIA3  1536    1       657     877     656     
CTRIA3  1537    1       877     878     656     
CTRIA3  1538    1       657     1198    877     
CTRIA3  1539    1       713     1418    1417    
CTRIA3  1540    1       588     1419    585     
CTRIA3  1541    1       713     1417    1416    
CTRIA3  1542    1       713     1416    607     
CTRIA3  1543    1       607     1416    657     
CTRIA3  1544    1       656     1419    588     
CTRIA3  1545    1       878     1419    656     
CTRIA3  1546    1       623     1420    624     
CTRIA3  1547    1       821     1420    623     
CTRIA3  1548    1       1423    1425    1422    
CTRIA3  1549    1       583     1427    584     
CTRIA3  1550    1       579     1431    581     
CTRIA3  1551    1       1002    1423    1422    
CTRIA3  1552    1       1311    1421    730     
CTRIA3  1553    1       730     1421    732     
CTRIA3  1554    1       1002    1422    1001    
CTRIA3  1555    1       1001    1422    1026    
CTRIA3  1556    1       605     1427    583     
CTRIA3  1557    1       584     1427    587     
CTRIA3  1558    1       714     1427    605     
CTRIA3  1559    1       1427    1428    587     
CTRIA3  1560    1       714     1428    1427    
CTRIA3  1561    1       717     1428    714     
CTRIA3  1562    1       1419    1434    1433    
CTRIA3  1563    1       581     1431    604     
CTRIA3  1564    1       1036    1432    1034    
CTRIA3  1565    1       604     1431    820     
CTRIA3  1566    1       1034    1432    1039    
CTRIA3  1567    1       580     1433    606     
CTRIA3  1568    1       1419    1433    585     
CTRIA3  1569    1       1039    1432    1296    
CTRIA3  1570    1       582     1433    580     
CTRIA3  1571    1       1433    1434    606     
CTRIA3  1572    1       585     1433    582     
CTRIA3  1573    1       878     1434    1419    
CTRIA3  1574    1       869     1435    864     
CTRIA3  1575    1       864     1435    868     
CTRIA3  1576    1       868     1435    1182    
CTRIA3  1577    1       1174    1435    869     
CTRIA3  1578    1       1197    1436    1307    
CTRIA3  1579    1       1435    1436    1182    
CTRIA3  1580    1       1174    1436    1435    
CTRIA3  1581    1       1182    1436    1197    
CTRIA3  1582    1       804     1437    572     
CTRIA3  1583    1       572     1437    633     
CTRIA3  1584    1       1447    1448    1445    
CTRIA3  1585    1       633     1437    833     
CTRIA3  1586    1       578     1438    577     
CTRIA3  1587    1       577     1438    720     
CTRIA3  1588    1       1446    1447    1445    
CTRIA3  1589    1       965     1439    966     
CTRIA3  1590    1       720     1438    741     
CTRIA3  1591    1       1072    1439    1035    
CTRIA3  1592    1       989     1439    965     
CTRIA3  1593    1       606     1438    578     
CTRIA3  1594    1       1438    1440    741     
CTRIA3  1595    1       888     1441    867     
CTRIA3  1596    1       606     1440    1438    
CTRIA3  1597    1       1035    1439    989     
CTRIA3  1598    1       861     1441    860     
CTRIA3  1599    1       860     1441    872     
CTRIA3  1600    1       1454    1455    1453    
CTRIA3  1601    1       1434    1440    606     
CTRIA3  1602    1       897     1870    419     
CTRIA3  1603    1       791     1446    1445    
CTRIA3  1604    1       867     1441    861     
CTRIA3  1605    1       1072    1442    1439    
CTRIA3  1606    1       1439    1442    966     
CTRIA3  1607    1       966     1442    968     
CTRIA3  1608    1       1073    1454    1453    
CTRIA3  1609    1       791     1445    1444    
CTRIA3  1610    1       560     1449    563     
CTRIA3  1611    1       562     1449    560     
CTRIA3  1612    1       1580    1699    1167    
CTRIA3  1613    1       1150    1603    1326    
CTRIA3  1614    1       78      379     77      
CTRIA3  1615    1       56      380     55      
CTRIA3  1616    1       52      382     51      
CTRIA3  1617    1       54      423     53      
CTRIA3  1618    1       74      377     73      
CTRIA3  1619    1       76      422     75      
CTRIA3  1620    1       785     1450    783     
CTRIA3  1621    1       791     1444    790     
CTRIA3  1622    1       790     1444    839     
CTRIA3  1623    1       783     1450    791     
CTRIA3  1624    1       563     1449    804     
CTRIA3  1625    1       1442    1452    979     
CTRIA3  1626    1       785     1451    1450    
CTRIA3  1627    1       1072    1452    1442    
CTRIA3  1628    1       382     1408    51      
CTRIA3  1629    1       392     1881    1219    
CTRIA3  1630    1       791     1450    1446    
CTRIA3  1631    1       1073    1453    1452    
CTRIA3  1632    1       1073    1452    1072    
CTRIA3  1633    1       619     1545    618     
CTRIA3  1634    1       267     1340    266     
CTRIA3  1635    1       1136    1458    1135    
CTRIA3  1636    1       429     1799    1457    
CTRIA3  1637    1       956     1473    950     
CTRIA3  1638    1       1135    1458    1141    
CTRIA3  1639    1       630     1545    619     
CTRIA3  1640    1       885     1161    722     
CTRIA3  1641    1       866     1460    857     
CTRIA3  1642    1       863     1460    871     
CTRIA3  1643    1       857     1460    859     
CTRIA3  1644    1       1526    1645    475     
CTRIA3  1645    1       71      1476    420     
CTRIA3  1646    1       1369    1654    1236    
CTRIA3  1647    1       968     975     974     
CTRIA3  1648    1       1476    1725    420     
CTRIA3  1649    1       777     1495    778     
CTRIA3  1650    1       967     1473    956     
CTRIA3  1651    1       1451    1457    1450    
CTRIA3  1652    1       1141    1458    1158    
CTRIA3  1653    1       1041    1830    1569    
CTRIA3  1654    1       1450    1457    1446    
CTRIA3  1655    1       1320    1796    778     
CTRIA3  1656    1       979     1461    980     
CTRIA3  1657    1       740     813     812     
CTRIA3  1658    1       1268    1895    1370    
CTRIA3  1659    1       530     1515    1379    
CTRIA3  1660    1       519     1472    520     
CTRIA3  1661    1       859     1460    863     
CTRIA3  1662    1       543     1472    519     
CTRIA3  1663    1       1453    1461    1452    
CTRIA3  1664    1       1452    1461    979     
CTRIA3  1665    1       1065    1066    1064    
CTRIA3  1666    1       342     1667    412     
CTRIA3  1667    1       1125    1540    1122    
CTRIA3  1668    1       858     1512    856     
CTRIA3  1669    1       951     1474    949     
CTRIA3  1670    1       719     1472    543     
CTRIA3  1671    1       11      1712    366     
CTRIA3  1672    1       625     1412    1348    
CTRIA3  1673    1       969     1474    1074    
CTRIA3  1674    1       1285    1288    1286    
CTRIA3  1675    1       1385    1516    542     
CTRIA3  1676    1       949     1474    955     
CTRIA3  1677    1       961     1853    920     
CTRIA3  1678    1       834     1657    1295    
CTRIA3  1679    1       837     1616    538     
CTRIA3  1680    1       520     1472    530     
CTRIA3  1681    1       729     1484    721     
CTRIA3  1682    1       1481    1674    957     
CTRIA3  1683    1       950     964     948     
CTRIA3  1684    1       437     1881    349     
CTRIA3  1685    1       1405    1556    1149    
CTRIA3  1686    1       323     1462    322     
CTRIA3  1687    1       283     1466    282     
CTRIA3  1688    1       285     1467    284     
CTRIA3  1689    1       18      424     17      
CTRIA3  1690    1       20      391     19      
CTRIA3  1691    1       284     395     283     
CTRIA3  1692    1       318     440     317     
CTRIA3  1693    1       320     427     319     
CTRIA3  1694    1       322     390     321     
CTRIA3  1695    1       45      425     44      
CTRIA3  1696    1       47      371     46      
CTRIA3  1697    1       50      389     49      
CTRIA3  1698    1       80      388     79      
CTRIA3  1699    1       83      373     82      
CTRIA3  1700    1       84      1464    83      
CTRIA3  1701    1       85      428     84      
CTRIA3  1702    1       86      1465    85      
CTRIA3  1703    1       286     429     285     
CTRIA3  1704    1       288     439     287     
CTRIA3  1705    1       22      426     21      
CTRIA3  1706    1       324     430     323     
CTRIA3  1707    1       79      1463    4       
CTRIA3  1708    1       110     394     109     
CTRIA3  1709    1       112     431     111     
CTRIA3  1710    1       111     1468    110     
CTRIA3  1711    1       19      1469    18      
CTRIA3  1712    1       1103    1162    1106    
CTRIA3  1713    1       1281    1856    1830    
CTRIA3  1714    1       719     1484    1472    
CTRIA3  1715    1       602     1480    569     
CTRIA3  1716    1       698     1475    694     
CTRIA3  1717    1       862     1512    858     
CTRIA3  1718    1       1472    1484    530     
CTRIA3  1719    1       362     1936    361     
CTRIA3  1720    1       1229    1519    890     
CTRIA3  1721    1       260     1539    259     
CTRIA3  1722    1       1723    1752    475     
CTRIA3  1723    1       1236    1553    1369    
CTRIA3  1724    1       950     1473    964     
CTRIA3  1725    1       886     1664    1324    
CTRIA3  1726    1       565     566     562     
CTRIA3  1727    1       731     1551    1515    
CTRIA3  1728    1       883     1885    787     
CTRIA3  1729    1       968     974     967     
CTRIA3  1730    1       569     1480    567     
CTRIA3  1731    1       1345    1346    381     
CTRIA3  1732    1       1648    1918    1647    
CTRIA3  1733    1       774     1489    779     
CTRIA3  1734    1       456     458     457     
CTRIA3  1735    1       402     1539    260     
CTRIA3  1736    1       567     1480    1449    
CTRIA3  1737    1       955     1474    969     
CTRIA3  1738    1       708     1475    698     
CTRIA3  1739    1       1556    1839    1104    
CTRIA3  1740    1       1340    1761    434     
CTRIA3  1741    1       72      1476    71      
CTRIA3  1742    1       894     1848    262     
CTRIA3  1743    1       505     507     506     
CTRIA3  1744    1       1026    1483    1075    
CTRIA3  1745    1       603     1494    564     
CTRIA3  1746    1       1378    1495    792     
CTRIA3  1747    1       1449    1480    804     
CTRIA3  1748    1       721     1484    719     
CTRIA3  1749    1       1407    1771    815     
CTRIA3  1750    1       1161    1538    722     
CTRIA3  1751    1       1362    1755    441     
CTRIA3  1752    1       559     1494    557     
CTRIA3  1753    1       557     1494    1413    
CTRIA3  1754    1       325     1393    324     
CTRIA3  1755    1       23      1394    22      
CTRIA3  1756    1       430     1462    323     
CTRIA3  1757    1       284     1467    395     
CTRIA3  1758    1       322     1462    390     
CTRIA3  1759    1       395     1466    283     
CTRIA3  1760    1       428     1464    84      
CTRIA3  1761    1       83      1464    373     
CTRIA3  1762    1       85      1465    428     
CTRIA3  1763    1       429     1467    285     
CTRIA3  1764    1       388     1463    79      
CTRIA3  1765    1       391     1469    19      
CTRIA3  1766    1       431     1468    111     
CTRIA3  1767    1       110     1468    394     
CTRIA3  1768    1       18      1469    424     
CTRIA3  1769    1       1499    1852    933     
CTRIA3  1770    1       683     684     682     
CTRIA3  1771    1       782     1495    777     
CTRIA3  1772    1       602     1493    1480    
CTRIA3  1773    1       740     812     811     
CTRIA3  1774    1       761     1546    763     
CTRIA3  1775    1       726     825     630     
CTRIA3  1776    1       1133    1265    1264    
CTRIA3  1777    1       1027    1888    1701    
CTRIA3  1778    1       1258    1577    1489    
CTRIA3  1779    1       850     1215    1212    
CTRIA3  1780    1       731     1515    729     
CTRIA3  1781    1       1015    1016    1013    
CTRIA3  1782    1       825     1545    630     
CTRIA3  1783    1       380     1502    55      
CTRIA3  1784    1       54      1502    423     
CTRIA3  1785    1       42      1371    372     
CTRIA3  1786    1       436     1734    269     
CTRIA3  1787    1       779     1489    785     
CTRIA3  1788    1       555     1496    576     
CTRIA3  1789    1       786     788     781     
CTRIA3  1790    1       1042    1769    907     
CTRIA3  1791    1       49      1503    48      
CTRIA3  1792    1       1296    1868    1751    
CTRIA3  1793    1       1619    1657    834     
CTRIA3  1794    1       548     611     598     
CTRIA3  1795    1       1244    1339    1242    
CTRIA3  1796    1       1480    1493    804     
CTRIA3  1797    1       1463    1640    1424    
CTRIA3  1798    1       1297    1298    449     
CTRIA3  1799    1       466     467     465     
CTRIA3  1800    1       1350    1377    368     
CTRIA3  1801    1       1083    1911    1085    
CTRIA3  1802    1       1425    1511    1422    
CTRIA3  1803    1       66      1230    383     
CTRIA3  1804    1       324     1393    430     
CTRIA3  1805    1       22      1394    426     
CTRIA3  1806    1       997     1041    1014    
CTRIA3  1807    1       652     1493    602     
CTRIA3  1808    1       368     1394    23      
CTRIA3  1809    1       367     1393    325     
CTRIA3  1810    1       1712    1774    1321    
CTRIA3  1811    1       1413    1496    555     
CTRIA3  1812    1       1354    1355    384     
CTRIA3  1813    1       579     1516    1431    
CTRIA3  1814    1       542     1516    544     
CTRIA3  1815    1       1346    1811    1768    
CTRIA3  1816    1       808     1352    810     
CTRIA3  1817    1       493     494     492     
CTRIA3  1818    1       378     1636    1347    
CTRIA3  1819    1       483     1176    535     
CTRIA3  1820    1       1184    1935    1851    
CTRIA3  1821    1       261     1848    402     
CTRIA3  1822    1       693     1590    697     
CTRIA3  1823    1       922     923     921     
CTRIA3  1824    1       804     1493    1437    
CTRIA3  1825    1       564     1494    559     
CTRIA3  1826    1       792     1495    782     
CTRIA3  1827    1       1268    1924    1264    
CTRIA3  1828    1       846     849     847     
CTRIA3  1829    1       913     915     914     
CTRIA3  1830    1       406     1782    1340    
CTRIA3  1831    1       576     1496    620     
CTRIA3  1832    1       1026    1511    1483    
CTRIA3  1833    1       1483    1511    1074    
CTRIA3  1834    1       401     1652    344     
CTRIA3  1835    1       652     1507    1493    
CTRIA3  1836    1       907     1769    909     
CTRIA3  1837    1       685     1490    686     
CTRIA3  1838    1       1123    1834    1663    
CTRIA3  1839    1       533     1409    608     
CTRIA3  1840    1       611     613     612     
CTRIA3  1841    1       459     1348    462     
CTRIA3  1842    1       690     1490    685     
CTRIA3  1843    1       971     1565    1499    
CTRIA3  1844    1       1246    1772    1204    
CTRIA3  1845    1       459     462     461     
CTRIA3  1846    1       1136    1656    1458    
CTRIA3  1847    1       1399    1688    405     
CTRIA3  1848    1       281     1520    387     
CTRIA3  1849    1       341     1535    340     
CTRIA3  1850    1       436     1756    1254    
CTRIA3  1851    1       382     1650    1408    
CTRIA3  1852    1       1525    1794    1624    
CTRIA3  1853    1       871     1542    1368    
CTRIA3  1854    1       1240    1242    1241    
CTRIA3  1855    1       574     1681    837     
CTRIA3  1856    1       1493    1507    1437    
CTRIA3  1857    1       1465    1767    428     
CTRIA3  1858    1       655     736     711     
CTRIA3  1859    1       55      1502    54      
CTRIA3  1860    1       808     1927    1352    
CTRIA3  1861    1       694     695     692     
CTRIA3  1862    1       1055    1478    1247    
CTRIA3  1863    1       1370    1895    1136    
CTRIA3  1864    1       784     789     758     
CTRIA3  1865    1       274     1283    404     
CTRIA3  1866    1       1209    1507    652     
CTRIA3  1867    1       1382    1542    866     
CTRIA3  1868    1       108     1680    107     
CTRIA3  1869    1       624     716     715     
CTRIA3  1870    1       624     1420    716     
CTRIA3  1871    1       1356    1552    1369    
CTRIA3  1872    1       1050    1302    1263    
CTRIA3  1873    1       405     1180    31      
CTRIA3  1874    1       97      1290    409     
CTRIA3  1875    1       33      1289    408     
CTRIA3  1876    1       1191    1753    736     
CTRIA3  1877    1       1453    1550    1461    
CTRIA3  1878    1       1523    1586    635     
CTRIA3  1879    1       1466    1520    282     
CTRIA3  1880    1       556     1482    558     
CTRIA3  1881    1       1398    1849    1215    
CTRIA3  1882    1       667     669     668     
CTRIA3  1883    1       61      1345    381     
CTRIA3  1884    1       469     1815    465     
CTRIA3  1885    1       806     1555    807     
CTRIA3  1886    1       421     1497    1314    
CTRIA3  1887    1       728     1547    1311    
CTRIA3  1888    1       1402    1547    727     
CTRIA3  1889    1       1134    1144    1143    
CTRIA3  1890    1       402     1753    1686    
CTRIA3  1891    1       1778    1933    1670    
CTRIA3  1892    1       389     1503    49      
CTRIA3  1893    1       1303    1574    1428    
CTRIA3  1894    1       880     1925    361     
CTRIA3  1895    1       930     932     931     
CTRIA3  1896    1       762     1349    760     
CTRIA3  1897    1       803     1708    1508    
CTRIA3  1898    1       1236    1654    780     
CTRIA3  1899    1       1215    1880    1725    
CTRIA3  1900    1       1286    1843    1284    
CTRIA3  1901    1       414     1350    25      
CTRIA3  1902    1       1437    1507    833     
CTRIA3  1903    1       558     1482    561     
CTRIA3  1904    1       1401    1795    1632    
CTRIA3  1905    1       1455    1929    1767    
CTRIA3  1906    1       539     1492    537     
CTRIA3  1907    1       856     870     854     
CTRIA3  1908    1       356     1566    355     
CTRIA3  1909    1       1180    1357    30      
CTRIA3  1910    1       1515    1551    1379    
CTRIA3  1911    1       1265    1267    1266    
CTRIA3  1912    1       70      1367    69      
CTRIA3  1913    1       60      1497    59      
CTRIA3  1914    1       892     1229    890     
CTRIA3  1915    1       1422    1511    1026    
CTRIA3  1916    1       873     874     862     
CTRIA3  1917    1       1053    1473    967     
CTRIA3  1918    1       1098    1395    1066    
CTRIA3  1919    1       438     1774    1712    
CTRIA3  1920    1       286     1534    429     
CTRIA3  1921    1       439     1534    287     
CTRIA3  1922    1       561     565     562     
CTRIA3  1923    1       522     524     523     
CTRIA3  1924    1       68      1347    67      
CTRIA3  1925    1       1484    1515    530     
CTRIA3  1926    1       351     1724    14      
CTRIA3  1927    1       813     1613    1392    
CTRIA3  1928    1       797     1387    752     
CTRIA3  1929    1       849     1398    847     
CTRIA3  1930    1       599     1666    1344    
CTRIA3  1931    1       1560    1592    820     
CTRIA3  1932    1       1242    1765    1241    
CTRIA3  1933    1       866     1542    1460    
CTRIA3  1934    1       666     1584    724     
CTRIA3  1935    1       1377    1771    368     
CTRIA3  1936    1       1091    1901    1092    
CTRIA3  1937    1       1111    1836    1114    
CTRIA3  1938    1       694     1475    695     
CTRIA3  1939    1       750     797     752     
CTRIA3  1940    1       874     1512    862     
CTRIA3  1941    1       1379    1551    536     
CTRIA3  1942    1       705     1570    702     
CTRIA3  1943    1       1516    1560    1431    
CTRIA3  1944    1       671     1766    1644    
CTRIA3  1945    1       566     1500    568     
CTRIA3  1946    1       729     1515    1484    
CTRIA3  1947    1       840     1574    725     
CTRIA3  1948    1       974     1053    967     
CTRIA3  1949    1       1390    1837    1633    
CTRIA3  1950    1       595     1514    806     
CTRIA3  1951    1       280     1372    279     
CTRIA3  1952    1       106     1374    105     
CTRIA3  1953    1       544     1516    579     
CTRIA3  1954    1       1017    1018    1016    
CTRIA3  1955    1       1461    1550    1005    
CTRIA3  1956    1       907     908     906     
CTRIA3  1957    1       1395    1647    1646    
CTRIA3  1958    1       374     1333    1332    
CTRIA3  1959    1       278     1351    277     
CTRIA3  1960    1       104     1365    103     
CTRIA3  1961    1       716     1420    830     
CTRIA3  1962    1       1650    1690    1408    
CTRIA3  1963    1       276     1356    275     
CTRIA3  1964    1       332     1588    331     
CTRIA3  1965    1       273     1358    272     
CTRIA3  1966    1       35      1359    34      
CTRIA3  1967    1       99      1361    98      
CTRIA3  1968    1       1412    1682    1348    
CTRIA3  1969    1       24      1350    368     
CTRIA3  1970    1       382     1597    1402    
CTRIA3  1971    1       346     1691    345     
CTRIA3  1972    1       595     806     658     
CTRIA3  1973    1       328     1353    413     
CTRIA3  1974    1       26      1352    414     
CTRIA3  1975    1       406     1340    267     
CTRIA3  1976    1       91      1354    384     
CTRIA3  1977    1       458     1348    459     
CTRIA3  1978    1       1645    1723    475     
CTRIA3  1979    1       1071    1807    1048    
CTRIA3  1980    1       29      1357    375     
CTRIA3  1981    1       1344    1917    599     
CTRIA3  1982    1       507     539     537     
CTRIA3  1983    1       685     686     684     
CTRIA3  1984    1       333     1362    415     
CTRIA3  1985    1       32      1364    405     
CTRIA3  1986    1       96      1363    416     
CTRIA3  1987    1       856     1512    870     
CTRIA3  1988    1       282     1520    281     
CTRIA3  1989    1       50      1554    389     
CTRIA3  1990    1       813     1312    812     
CTRIA3  1991    1       1162    1568    1106    
CTRIA3  1992    1       41      1594    40      
CTRIA3  1993    1       396     1285    1284    
CTRIA3  1994    1       1428    1574    587     
CTRIA3  1995    1       1075    1593    1011    
CTRIA3  1996    1       14      1724    350     
CTRIA3  1997    1       1184    1851    1598    
CTRIA3  1998    1       1633    1837    650     
CTRIA3  1999    1       740     1613    813     
CTRIA3  2000    1       1594    1827    40      
CTRIA3  2001    1       986     1003    987     
CTRIA3  2002    1       1343    1757    986     
CTRIA3  2003    1       423     1597    53      
CTRIA3  2004    1       52      1597    382     
CTRIA3  2005    1       852     1195    848     
CTRIA3  2006    1       1234    1609    1601    
CTRIA3  2007    1       1549    1744    616     
CTRIA3  2008    1       1553    1790    404     
CTRIA3  2009    1       891     1492    893     
CTRIA3  2010    1       348     1881    392     
CTRIA3  2011    1       1238    1629    1153    
CTRIA3  2012    1       835     1808    736     
CTRIA3  2013    1       750     1337    797     
CTRIA3  2014    1       1362    1479    415     
CTRIA3  2015    1       726     827     825     
CTRIA3  2016    1       1281    1830    1655    
CTRIA3  2017    1       1634    1807    1071    
CTRIA3  2018    1       1431    1560    820     
CTRIA3  2019    1       485     487     486     
CTRIA3  2020    1       1489    1577    785     
CTRIA3  2021    1       1119    1801    1121    
CTRIA3  2022    1       613     615     614     
CTRIA3  2023    1       553     1549    551     
CTRIA3  2024    1       496     497     494     
CTRIA3  2025    1       1291    1612    1061    
CTRIA3  2026    1       1073    1612    1454    
CTRIA3  2027    1       1421    1613    732     
CTRIA3  2028    1       1417    1557    603     
CTRIA3  2029    1       413     1845    327     
CTRIA3  2030    1       39      1827    385     
CTRIA3  2031    1       924     925     923     
CTRIA3  2032    1       113     1609    112     
CTRIA3  2033    1       1402    1650    382     
CTRIA3  2034    1       1223    1225    1222    
CTRIA3  2035    1       1245    1788    1146    
CTRIA3  2036    1       287     1534    286     
CTRIA3  2037    1       1251    1580    1165    
CTRIA3  2038    1       748     749     747     
CTRIA3  2039    1       1347    1873    1230    
CTRIA3  2040    1       696     1590    693     
CTRIA3  2041    1       416     1658    95      
CTRIA3  2042    1       690     1536    1490    
CTRIA3  2043    1       1261    1577    1258    
CTRIA3  2044    1       872     1910    1318    
CTRIA3  2045    1       412     1667    1659    
CTRIA3  2046    1       36      1813    397     
CTRIA3  2047    1       1315    1811    1410    
CTRIA3  2048    1       665     1591    609     
CTRIA3  2049    1       419     1599    357     
CTRIA3  2050    1       1364    1872    405     
CTRIA3  2051    1       381     1768    1497    
CTRIA3  2052    1       739     1551    731     
CTRIA3  2053    1       1052    1524    1218    
CTRIA3  2054    1       1455    1550    1453    
CTRIA3  2055    1       787     1885    1179    
CTRIA3  2056    1       516     1560    1385    
CTRIA3  2057    1       1538    1631    385     
CTRIA3  2058    1       932     935     934     
CTRIA3  2059    1       1405    1839    1556    
CTRIA3  2060    1       375     1709    28      
CTRIA3  2061    1       516     1592    1560    
CTRIA3  2062    1       781     1643    767     
CTRIA3  2063    1       1335    1759    1334    
CTRIA3  2064    1       618     1545    800     
CTRIA3  2065    1       1385    1560    1516    
CTRIA3  2066    1       1138    1151    1139    
CTRIA3  2067    1       1584    1842    724     
CTRIA3  2068    1       627     1412    625     
CTRIA3  2069    1       1451    1722    1457    
CTRIA3  2070    1       521     1487    518     
CTRIA3  2071    1       1460    1542    871     
CTRIA3  2072    1       518     1487    515     
CTRIA3  2073    1       903     1319    902     
CTRIA3  2074    1       13      1755    334     
CTRIA3  2075    1       522     523     521     
CTRIA3  2076    1       271     1756    12      
CTRIA3  2077    1       741     1650    1402    
CTRIA3  2078    1       672     707     670     
CTRIA3  2079    1       1509    1892    1579    
CTRIA3  2080    1       513     571     511     
CTRIA3  2081    1       589     1653    713     
CTRIA3  2082    1       930     1877    932     
CTRIA3  2083    1       537     1492    574     
CTRIA3  2084    1       709     1644    846     
CTRIA3  2085    1       1339    1879    369     
CTRIA3  2086    1       390     1611    321     
CTRIA3  2087    1       320     1611    427     
CTRIA3  2088    1       793     794     789     
CTRIA3  2089    1       1317    1902    1508    
CTRIA3  2090    1       347     1559    346     
CTRIA3  2091    1       1019    1020    1018    
CTRIA3  2092    1       1630    1733    880     
CTRIA3  2093    1       1310    1602    1209    
CTRIA3  2094    1       603     1735    1417    
CTRIA3  2095    1       1648    1691    1090    
CTRIA3  2096    1       1231    1637    1249    
CTRIA3  2097    1       727     1547    728     
CTRIA3  2098    1       802     1630    1517    
CTRIA3  2099    1       778     1796    773     
CTRIA3  2100    1       387     1922    1373    
CTRIA3  2101    1       1000    1052    1051    
CTRIA3  2102    1       1288    1563    1286    
CTRIA3  2103    1       1214    1821    1382    
CTRIA3  2104    1       1225    1582    1227    
CTRIA3  2105    1       1329    1781    1330    
CTRIA3  2106    1       1727    1842    1297    
CTRIA3  2107    1       739     1604    1551    
CTRIA3  2108    1       928     929     926     
CTRIA3  2109    1       1097    1793    1095    
CTRIA3  2110    1       1257    1260    1259    
CTRIA3  2111    1       1248    1838    399     
CTRIA3  2112    1       1346    1768    381     
CTRIA3  2113    1       818     1763    1561    
CTRIA3  2114    1       1144    1147    1145    
CTRIA3  2115    1       946     971     944     
CTRIA3  2116    1       937     1518    939     
CTRIA3  2117    1       1028    1501    1030    
CTRIA3  2118    1       586     1683    589     
CTRIA3  2119    1       948     1485    946     
CTRIA3  2120    1       1134    1143    1128    
CTRIA3  2121    1       748     1337    750     
CTRIA3  2122    1       1259    1623    1262    
CTRIA3  2123    1       1418    1557    1417    
CTRIA3  2124    1       964     1485    948     
CTRIA3  2125    1       984     1388    997     
CTRIA3  2126    1       878     1690    1434    
CTRIA3  2127    1       462     464     463     
CTRIA3  2128    1       909     910     908     
CTRIA3  2129    1       3       1554    50      
CTRIA3  2130    1       570     621     601     
CTRIA3  2131    1       1193    1832    432     
CTRIA3  2132    1       1207    1651    1628    
CTRIA3  2133    1       1615    1913    1360    
CTRIA3  2134    1       487     489     488     
CTRIA3  2135    1       1003    1012    1004    
CTRIA3  2136    1       1412    1773    468     
CTRIA3  2137    1       1110    1149    1108    
CTRIA3  2138    1       873     876     875     
CTRIA3  2139    1       1102    1840    1668    
CTRIA3  2140    1       622     632     631     
CTRIA3  2141    1       1677    1781    1669    
CTRIA3  2142    1       498     499     497     
CTRIA3  2143    1       1579    1596    1509    
CTRIA3  2144    1       1551    1604    536     
CTRIA3  2145    1       1052    1218    1076    
CTRIA3  2146    1       716     830     735     
CTRIA3  2147    1       878     1731    1690    
CTRIA3  2148    1       1458    1562    1158    
CTRIA3  2149    1       1300    1743    1096    
CTRIA3  2150    1       661     747     733     
CTRIA3  2151    1       702     1718    700     
CTRIA3  2152    1       1081    1918    1706    
CTRIA3  2153    1       1289    1531    408     
CTRIA3  2154    1       1326    1618    1325    
CTRIA3  2155    1       901     1926    904     
CTRIA3  2156    1       1037    1537    1070    
CTRIA3  2157    1       388     1640    1463    
CTRIA3  2158    1       1637    1638    687     
CTRIA3  2159    1       1456    1603    1150    
CTRIA3  2160    1       993     1570    705     
CTRIA3  2161    1       718     1488    1280    
CTRIA3  2162    1       318     1695    440     
CTRIA3  2163    1       427     1695    319     
CTRIA3  2164    1       1405    1931    1403    
CTRIA3  2165    1       725     1574    1303    
CTRIA3  2166    1       573     1735    603     
CTRIA3  2167    1       1021    1022    1020    
CTRIA3  2168    1       499     1521    505     
CTRIA3  2169    1       722     1810    1737    
CTRIA3  2170    1       653     654     647     
CTRIA3  2171    1       785     1577    1451    
CTRIA3  2172    1       1283    1553    404     
CTRIA3  2173    1       596     1912    1581    
CTRIA3  2174    1       637     1523    635     
CTRIA3  2175    1       1600    1672    1521    
CTRIA3  2176    1       1224    1896    1222    
CTRIA3  2177    1       1558    1720    1501    
CTRIA3  2178    1       1170    1790    1553    
CTRIA3  2179    1       1371    1831    1192    
CTRIA3  2180    1       16      1605    15      
CTRIA3  2181    1       1000    1794    1052    
CTRIA3  2182    1       490     493     492     
CTRIA3  2183    1       1496    1898    1557    
CTRIA3  2184    1       937     939     938     
CTRIA3  2185    1       1307    1748    1306    
CTRIA3  2186    1       1654    1822    780     
CTRIA3  2187    1       913     914     911     
CTRIA3  2188    1       1106    1568    1183    
CTRIA3  2189    1       716     734     715     
CTRIA3  2190    1       1040    1593    1389    
CTRIA3  2191    1       476     1687    841     
CTRIA3  2192    1       385     1785    1538    
CTRIA3  2193    1       43      1831    1371    
CTRIA3  2194    1       747     1531    733     
CTRIA3  2195    1       640     885     722     
CTRIA3  2196    1       1508    1902    1733    
CTRIA3  2197    1       1147    1199    1148    
CTRIA3  2198    1       1069    1706    1501    
CTRIA3  2199    1       1167    1168    482     
CTRIA3  2200    1       1282    1642    1353    
CTRIA3  2201    1       756     784     758     
CTRIA3  2202    1       1062    1065    1064    
CTRIA3  2203    1       712     1366    663     
CTRIA3  2204    1       1384    1789    1043    
CTRIA3  2205    1       477     479     474     
CTRIA3  2206    1       1481    1776    1622    
CTRIA3  2207    1       478     1390    467     
CTRIA3  2208    1       1157    1685    1234    
CTRIA3  2209    1       618     737     575     
CTRIA3  2210    1       1696    1769    1042    
CTRIA3  2211    1       524     526     525     
CTRIA3  2212    1       1359    1930    1289    
CTRIA3  2213    1       1525    1776    1086    
CTRIA3  2214    1       1298    1842    1584    
CTRIA3  2215    1       1123    1246    1120    
CTRIA3  2216    1       933     1852    928     
CTRIA3  2217    1       1773    1890    468     
CTRIA3  2218    1       629     1783    840     
CTRIA3  2219    1       342     1905    1667    
CTRIA3  2220    1       38      1631    37      
CTRIA3  2221    1       370     1582    1552    
CTRIA3  2222    1       1322    1835    1719    
CTRIA3  2223    1       1401    1603    1140    
CTRIA3  2224    1       1199    1327    1200    
CTRIA3  2225    1       1531    1532    733     
CTRIA3  2226    1       1701    1853    961     
CTRIA3  2227    1       1473    1522    964     
CTRIA3  2228    1       1457    1799    1446    
CTRIA3  2229    1       373     1751    82      
CTRIA3  2230    1       668     1584    666     
CTRIA3  2231    1       1416    1818    657     
CTRIA3  2232    1       78      1812    379     
CTRIA3  2233    1       1036    1770    1425    
CTRIA3  2234    1       767     1643    764     
CTRIA3  2235    1       1318    1627    696     
CTRIA3  2236    1       1140    1603    1456    
CTRIA3  2237    1       1012    1015    1013    
CTRIA3  2238    1       902     1175    1080    
CTRIA3  2239    1       1483    1760    1075    
CTRIA3  2240    1       697     1941    699     
CTRIA3  2241    1       398     1936    362     
CTRIA3  2242    1       820     1592    821     
CTRIA3  2243    1       1445    1833    1444    
CTRIA3  2244    1       980     981     975     
CTRIA3  2245    1       464     466     465     
CTRIA3  2246    1       64      1295    407     
CTRIA3  2247    1       383     1295    65      
CTRIA3  2248    1       888     1910    1441    
CTRIA3  2249    1       1163    1923    1703    
CTRIA3  2250    1       1011    1593    1040    
CTRIA3  2251    1       1174    1867    1436    
CTRIA3  2252    1       1429    1750    827     
CTRIA3  2253    1       1621    1823    1660    
CTRIA3  2254    1       377     1863    73      
CTRIA3  2255    1       1361    1786    1290    
CTRIA3  2256    1       610     738     594     
CTRIA3  2257    1       1529    1591    1169    
CTRIA3  2258    1       1233    1795    1401    
CTRIA3  2259    1       1732    1790    794     
CTRIA3  2260    1       798     1747    1578    
CTRIA3  2261    1       1324    1664    454     
CTRIA3  2262    1       53      1597    52      
CTRIA3  2263    1       1037    1665    1537    
CTRIA3  2264    1       621     622     601     
CTRIA3  2265    1       1581    1661    596     
CTRIA3  2266    1       565     594     566     
CTRIA3  2267    1       673     1644    709     
CTRIA3  2268    1       1090    1693    1648    
CTRIA3  2269    1       1555    1844    1294    
CTRIA3  2270    1       1316    1760    951     
CTRIA3  2271    1       747     1710    1531    
CTRIA3  2272    1       1833    1875    1444    
CTRIA3  2273    1       637     1571    1523    
CTRIA3  2274    1       109     1847    108     
CTRIA3  2275    1       1358    1732    1254    
CTRIA3  2276    1       369     1857    1765    
CTRIA3  2277    1       1049    1059    1048    
CTRIA3  2278    1       492     1717    495     
CTRIA3  2279    1       852     1527    1195    
CTRIA3  2280    1       1188    1628    1189    
CTRIA3  2281    1       1209    1602    1507    
CTRIA3  2282    1       655     711     654     
CTRIA3  2283    1       1544    1846    836     
CTRIA3  2284    1       424     1809    17      
CTRIA3  2285    1       575     1549    553     
CTRIA3  2286    1       1367    1849    378     
CTRIA3  2287    1       1263    1876    1050    
CTRIA3  2288    1       811     1604    739     
CTRIA3  2289    1       385     1631    38      
CTRIA3  2290    1       611     612     598     
CTRIA3  2291    1       975     1575    974     
CTRIA3  2292    1       1482    1514    561     
CTRIA3  2293    1       72      1863    1476    
CTRIA3  2294    1       114     1601    113     
CTRIA3  2295    1       1041    1569    1014    
CTRIA3  2296    1       1476    1863    1216    
CTRIA3  2297    1       389     1625    1503    
CTRIA3  2298    1       696     1627    1590    
CTRIA3  2299    1       939     959     952     
CTRIA3  2300    1       1355    1843    1589    
CTRIA3  2301    1       425     1831    44      
CTRIA3  2302    1       1085    1911    1572    
CTRIA3  2303    1       387     1373    1372    
CTRIA3  2304    1       854     1527    852     
CTRIA3  2305    1       930     931     929     
CTRIA3  2306    1       1130    1825    1136    
CTRIA3  2307    1       407     1657    1366    
CTRIA3  2308    1       1591    1704    534     
CTRIA3  2309    1       1806    1885    883     
CTRIA3  2310    1       1350    1578    1377    
CTRIA3  2311    1       840     1683    1574    
CTRIA3  2312    1       618     800     737     
CTRIA3  2313    1       1081    1706    1069    
CTRIA3  2314    1       708     1651    1475    
CTRIA3  2315    1       80      1868    388     
CTRIA3  2316    1       1655    1830    1336    
CTRIA3  2317    1       638     745     710     
CTRIA3  2318    1       670     1386    668     
CTRIA3  2319    1       1369    1553    1283    
CTRIA3  2320    1       1355    1856    384     
CTRIA3  2321    1       479     1606    474     
CTRIA3  2322    1       89      1655    88      
CTRIA3  2323    1       480     481     479     
CTRIA3  2324    1       812     1581    811     
CTRIA3  2325    1       1390    1633    470     
CTRIA3  2326    1       1065    1098    1066    
CTRIA3  2327    1       873     875     874     
CTRIA3  2328    1       6       1828    114     
CTRIA3  2329    1       317     1828    6       
CTRIA3  2330    1       1506    1616    837     
CTRIA3  2331    1       95      1658    94      
CTRIA3  2332    1       745     1787    836     
CTRIA3  2333    1       1171    1668    1535    
CTRIA3  2334    1       795     1643    781     
CTRIA3  2335    1       678     688     676     
CTRIA3  2336    1       1602    1625    833     
CTRIA3  2337    1       1088    1626    1059    
CTRIA3  2338    1       1061    1612    1073    
CTRIA3  2339    1       561     1514    565     
CTRIA3  2340    1       1138    1139    1112    
CTRIA3  2341    1       732     1613    740     
CTRIA3  2342    1       1571    1808    835     
CTRIA3  2343    1       1222    1896    1220    
CTRIA3  2344    1       515     1533    513     
CTRIA3  2345    1       1260    1623    1259    
CTRIA3  2346    1       677     1861    703     
CTRIA3  2347    1       877     1731    878     
CTRIA3  2348    1       397     1360    1359    
CTRIA3  2349    1       890     1519    743     
CTRIA3  2350    1       112     1609    431     
CTRIA3  2351    1       321     1611    320     
CTRIA3  2352    1       1321    1774    1322    
CTRIA3  2353    1       408     1364    2       
CTRIA3  2354    1       409     1363    5       
CTRIA3  2355    1       1056    1058    998     
CTRIA3  2356    1       526     528     527     
CTRIA3  2357    1       776     1223    1222    
CTRIA3  2358    1       1251    1908    1580    
CTRIA3  2359    1       880     1936    1630    
CTRIA3  2360    1       361     1925    360     
CTRIA3  2361    1       1015    1017    1016    
CTRIA3  2362    1       1307    1812    1748    
CTRIA3  2363    1       846     1644    881     
CTRIA3  2364    1       88      1655    374     
CTRIA3  2365    1       926     1558    925     
CTRIA3  2366    1       692     1536    690     
CTRIA3  2367    1       94      1658    396     
CTRIA3  2368    1       494     1858    1717    
CTRIA3  2369    1       638     1666    745     
CTRIA3  2370    1       591     1699    1580    
CTRIA3  2371    1       912     1934    1094    
CTRIA3  2372    1       745     836     746     
CTRIA3  2373    1       1272    1656    1270    
CTRIA3  2374    1       634     1704    1529    
CTRIA3  2375    1       1005    1567    982     
CTRIA3  2376    1       1192    1903    838     
CTRIA3  2377    1       833     1625    832     
CTRIA3  2378    1       466     478     467     
CTRIA3  2379    1       16      1809    1605    
CTRIA3  2380    1       946     1485    971     
CTRIA3  2381    1       1524    1671    1218    
CTRIA3  2382    1       524     525     523     
CTRIA3  2383    1       590     625     458     
CTRIA3  2384    1       1707    1900    1893    
CTRIA3  2385    1       501     1344    636     
CTRIA3  2386    1       1053    1522    1473    
CTRIA3  2387    1       1365    1857    369     
CTRIA3  2388    1       1079    1248    1044    
CTRIA3  2389    1       523     541     521     
CTRIA3  2390    1       1068    1923    1163    
CTRIA3  2391    1       1578    1927    798     
CTRIA3  2392    1       1060    1088    1059    
CTRIA3  2393    1       959     972     960     
CTRIA3  2394    1       1531    1710    408     
CTRIA3  2395    1       1505    1869    723     
CTRIA3  2396    1       1507    1602    833     
CTRIA3  2397    1       870     1527    854     
CTRIA3  2398    1       1163    1915    1162    
CTRIA3  2399    1       788     798     795     
CTRIA3  2400    1       597     599     547     
CTRIA3  2401    1       1708    1866    1508    
CTRIA3  2402    1       974     1083    1053    
CTRIA3  2403    1       484     485     481     
CTRIA3  2404    1       613     614     612     
CTRIA3  2405    1       493     496     494     
CTRIA3  2406    1       1031    1032    1029    
CTRIA3  2407    1       412     1535    341     
CTRIA3  2408    1       1202    1641    1205    
CTRIA3  2409    1       806     807     658     
CTRIA3  2410    1       513     1533    571     
CTRIA3  2411    1       1554    1819    389     
CTRIA3  2412    1       1479    1739    415     
CTRIA3  2413    1       1877    1901    1091    
CTRIA3  2414    1       1373    1922    1623    
CTRIA3  2415    1       980     982     981     
CTRIA3  2416    1       915     962     914     
CTRIA3  2417    1       1641    1642    1205    
CTRIA3  2418    1       511     1541    509     
CTRIA3  2419    1       528     531     529     
CTRIA3  2420    1       736     884     711     
CTRIA3  2421    1       664     665     609     
CTRIA3  2422    1       489     1586    490     
CTRIA3  2423    1       1409    1811    1346    
CTRIA3  2424    1       1220    1896    1221    
CTRIA3  2425    1       881     882     849     
CTRIA3  2426    1       402     1686    1539    
CTRIA3  2427    1       1212    1725    1213    
CTRIA3  2428    1       1414    1882    1245    
CTRIA3  2429    1       1312    1313    812     
CTRIA3  2430    1       593     642     641     
CTRIA3  2431    1       1178    1688    1399    
CTRIA3  2432    1       550     1555    1294    
CTRIA3  2433    1       270     1756    436     
CTRIA3  2434    1       441     1755    335     
CTRIA3  2435    1       932     934     931     
CTRIA3  2436    1       680     1583    678     
CTRIA3  2437    1       1371    1548    372     
CTRIA3  2438    1       1624    1794    962     
CTRIA3  2439    1       983     999     981     
CTRIA3  2440    1       1812    1867    379     
CTRIA3  2441    1       481     1816    479     
CTRIA3  2442    1       1243    1244    1242    
CTRIA3  2443    1       784     793     789     
CTRIA3  2444    1       1244    1471    1339    
CTRIA3  2445    1       1144    1145    1143    
CTRIA3  2446    1       594     1500    566     
CTRIA3  2447    1       1353    1642    1641    
CTRIA3  2448    1       1074    1770    990     
CTRIA3  2449    1       919     970     917     
CTRIA3  2450    1       1033    1045    1032    
CTRIA3  2451    1       648     649     645     
CTRIA3  2452    1       822     823     809     
CTRIA3  2453    1       1146    1788    1253    
CTRIA3  2454    1       1273    1274    1267    
CTRIA3  2455    1       1059    1626    1071    
CTRIA3  2456    1       625     1348    458     
CTRIA3  2457    1       1323    1724    351     
CTRIA3  2458    1       1208    1894    1651    
CTRIA3  2459    1       1063    1762    1679    
CTRIA3  2460    1       972     976     973     
CTRIA3  2461    1       1497    1768    1314    
CTRIA3  2462    1       1017    1019    1018    
CTRIA3  2463    1       568     1689    570     
CTRIA3  2464    1       1440    1650    741     
CTRIA3  2465    1       628     803     802     
CTRIA3  2466    1       1108    1556    1105    
CTRIA3  2467    1       1229    1827    1594    
CTRIA3  2468    1       1462    1632    390     
CTRIA3  2469    1       1101    1888    1343    
CTRIA3  2470    1       1067    1171    1024    
CTRIA3  2471    1       925     1558    1028    
CTRIA3  2472    1       666     724     665     
CTRIA3  2473    1       937     938     935     
CTRIA3  2474    1       626     627     625     
CTRIA3  2475    1       1375    1912    596     
CTRIA3  2476    1       1572    1573    953     
CTRIA3  2477    1       964     1486    1485    
CTRIA3  2478    1       713     1653    1418    
CTRIA3  2479    1       977     1009    1008    
CTRIA3  2480    1       1       1841    288     
CTRIA3  2481    1       15      1841    1       
CTRIA3  2482    1       531     533     532     
CTRIA3  2483    1       707     1478    1386    
CTRIA3  2484    1       1444    1875    839     
CTRIA3  2485    1       642     644     643     
CTRIA3  2486    1       766     1349    762     
CTRIA3  2487    1       1230    1561    383     
CTRIA3  2488    1       798     808     799     
CTRIA3  2489    1       1047    1807    1208    
CTRIA3  2490    1       603     1898    1494    
CTRIA3  2491    1       1643    1814    766     
CTRIA3  2492    1       1082    1820    1302    
CTRIA3  2493    1       472     477     474     
CTRIA3  2494    1       672     1920    707     
CTRIA3  2495    1       1572    1621    1573    
CTRIA3  2496    1       345     1691    401     
CTRIA3  2497    1       474     1606    475     
CTRIA3  2498    1       541     1487    521     
CTRIA3  2499    1       540     592     539     
CTRIA3  2500    1       28      1709    27      
CTRIA3  2501    1       1529    1704    1591    
CTRIA3  2502    1       1383    1697    377     
CTRIA3  2503    1       1706    1918    1038    
CTRIA3  2504    1       1487    1533    515     
CTRIA3  2505    1       738     1500    594     
CTRIA3  2506    1       1576    1904    766     
CTRIA3  2507    1       400     1414    1361    
CTRIA3  2508    1       800     1526    801     
CTRIA3  2509    1       902     1080    900     
CTRIA3  2510    1       1384    1907    961     
CTRIA3  2511    1       660     661     649     
CTRIA3  2512    1       101     1879    1471    
CTRIA3  2513    1       1285    1579    1288    
CTRIA3  2514    1       695     1536    692     
CTRIA3  2515    1       1063    1789    1530    
CTRIA3  2516    1       1501    1720    958     
CTRIA3  2517    1       496     498     497     
CTRIA3  2518    1       615     723     614     
CTRIA3  2519    1       1498    1721    1224    
CTRIA3  2520    1       977     988     973     
CTRIA3  2521    1       1280    1773    1412    
CTRIA3  2522    1       27      1709    1352    
CTRIA3  2523    1       424     1833    1809    
CTRIA3  2524    1       1628    1651    708     
CTRIA3  2525    1       1033    1090    1089    
CTRIA3  2526    1       1339    1765    1242    
CTRIA3  2527    1       1605    1809    1448    
CTRIA3  2528    1       1052    1076    1051    
CTRIA3  2529    1       535     1778    1670    
CTRIA3  2530    1       1009    1025    1024    
CTRIA3  2531    1       648     1504    660     
CTRIA3  2532    1       628     718     627     
CTRIA3  2533    1       1622    1674    1481    
CTRIA3  2534    1       925     1028    957     
CTRIA3  2535    1       533     608     534     
CTRIA3  2536    1       972     1738    976     
CTRIA3  2537    1       1223    1226    1225    
CTRIA3  2538    1       1005    1759    1567    
CTRIA3  2539    1       1646    1647    1081    
CTRIA3  2540    1       1058    1660    998     
CTRIA3  2541    1       808     810     809     
CTRIA3  2542    1       914     1662    911     
CTRIA3  2543    1       874     1564    1512    
CTRIA3  2544    1       1719    1869    1322    
CTRIA3  2545    1       644     647     645     
CTRIA3  2546    1       107     1680    386     
CTRIA3  2547    1       1660    1823    985     
CTRIA3  2548    1       532     634     529     
CTRIA3  2549    1       1241    1897    1338    
CTRIA3  2550    1       1627    1910    888     
CTRIA3  2551    1       1156    1685    1157    
CTRIA3  2552    1       643     646     641     
CTRIA3  2553    1       1176    1778    535     
CTRIA3  2554    1       1019    1021    1020    
CTRIA3  2555    1       590     886     626     
CTRIA3  2556    1       1022    1049    1048    
CTRIA3  2557    1       484     546     545     
CTRIA3  2558    1       1151    1152    1139    
CTRIA3  2559    1       664     667     666     
CTRIA3  2560    1       1440    1690    1650    
CTRIA3  2561    1       716     735     734     
CTRIA3  2562    1       593     640     592     
CTRIA3  2563    1       1557    1871    1496    
CTRIA3  2564    1       1008    1062    988     
CTRIA3  2565    1       805     1488    718     
CTRIA3  2566    1       1166    1826    1541    
CTRIA3  2567    1       478     1890    1543    
CTRIA3  2568    1       1331    1539    746     
CTRIA3  2569    1       1759    1874    1334    
CTRIA3  2570    1       894     1900    1707    
CTRIA3  2571    1       906     1319    903     
CTRIA3  2572    1       1025    1068    1067    
CTRIA3  2573    1       608     663     609     
CTRIA3  2574    1       374     1336    1333    
CTRIA3  2575    1       802     805     718     
CTRIA3  2576    1       1511    1770    1074    
CTRIA3  2577    1       1234    1685    1609    
CTRIA3  2578    1       982     984     983     
CTRIA3  2579    1       414     1578    1350    
CTRIA3  2580    1       1083    1084    1053    
CTRIA3  2581    1       1147    1148    1145    
CTRIA3  2582    1       1417    1735    1416    
CTRIA3  2583    1       1875    1916    839     
CTRIA3  2584    1       565     595     594     
CTRIA3  2585    1       335     1755    13      
CTRIA3  2586    1       12      1756    270     
CTRIA3  2587    1       59      1497    421     
CTRIA3  2588    1       420     1367    70      
CTRIA3  2589    1       1617    1758    819     
CTRIA3  2590    1       1500    1689    568     
CTRIA3  2591    1       1530    1762    1063    
CTRIA3  2592    1       383     1763    1295    
CTRIA3  2593    1       1563    1738    1006    
CTRIA3  2594    1       396     1287    1285    
CTRIA3  2595    1       1028    1030    1029    
CTRIA3  2596    1       1068    1102    1067    
CTRIA3  2597    1       830     831     735     
CTRIA3  2598    1       910     1078    1044    
CTRIA3  2599    1       1203    1906    1393    
CTRIA3  2600    1       501     635     489     
CTRIA3  2601    1       498     503     499     
CTRIA3  2602    1       387     1372    280     
CTRIA3  2603    1       386     1374    106     
CTRIA3  2604    1       1218    1219    1076    
CTRIA3  2605    1       546     548     547     
CTRIA3  2606    1       1512    1564    870     
CTRIA3  2607    1       839     1916    1177    
CTRIA3  2608    1       1049    1087    1060    
CTRIA3  2609    1       456     590     458     
CTRIA3  2610    1       875     1210    874     
CTRIA3  2611    1       1048    1807    1047    
CTRIA3  2612    1       960     963     952     
CTRIA3  2613    1       684     687     682     
CTRIA3  2614    1       1574    1683    587     
CTRIA3  2615    1       1505    1702    1278    
CTRIA3  2616    1       984     997     985     
CTRIA3  2617    1       840     1783    1653    
CTRIA3  2618    1       788     795     781     
CTRIA3  2619    1       1312    1314    1313    
CTRIA3  2620    1       870     1528    1527    
CTRIA3  2621    1       1471    1879    1339    
CTRIA3  2622    1       527     591     525     
CTRIA3  2623    1       734     1687    1430    
CTRIA3  2624    1       1256    1607    1257    
CTRIA3  2625    1       1335    1829    1388    
CTRIA3  2626    1       1269    1694    1271    
CTRIA3  2627    1       1679    1762    1087    
CTRIA3  2628    1       1544    1669    1329    
CTRIA3  2629    1       1851    1935    503     
CTRIA3  2630    1       1827    1862    385     
CTRIA3  2631    1       1523    1726    1586    
CTRIA3  2632    1       343     1905    342     
CTRIA3  2633    1       432     1832    1302    
CTRIA3  2634    1       703     1861    1620    
CTRIA3  2635    1       1030    1038    1031    
CTRIA3  2636    1       1110    1684    1149    
CTRIA3  2637    1       587     1683    586     
CTRIA3  2638    1       846     881     849     
CTRIA3  2639    1       742     743     632     
CTRIA3  2640    1       1297    1842    1298    
CTRIA3  2641    1       548     598     597     
CTRIA3  2642    1       477     650     480     
CTRIA3  2643    1       738     1506    1500    
CTRIA3  2644    1       1313    1661    1581    
CTRIA3  2645    1       1240    1243    1242    
CTRIA3  2646    1       935     1665    934     
CTRIA3  2647    1       1198    1819    1554    
CTRIA3  2648    1       997     1014    998     
CTRIA3  2649    1       1078    1263    1079    
CTRIA3  2650    1       1199    1200    1148    
CTRIA3  2651    1       939     952     938     
CTRIA3  2652    1       636     637     635     
CTRIA3  2653    1       800     1645    1526    
CTRIA3  2654    1       400     1882    1414    
CTRIA3  2655    1       749     1710    747     
CTRIA3  2656    1       1621    1660    1573    
CTRIA3  2657    1       1265    1273    1267    
CTRIA3  2658    1       1200    1201    1148    
CTRIA3  2659    1       911     1662    910     
CTRIA3  2660    1       570     1689    621     
CTRIA3  2661    1       1204    1883    1246    
CTRIA3  2662    1       806     1844    1555    
CTRIA3  2663    1       921     1622    919     
CTRIA3  2664    1       773     1796    770     
CTRIA3  2665    1       882     1636    849     
CTRIA3  2666    1       477     480     479     
CTRIA3  2667    1       754     1692    756     
CTRIA3  2668    1       1434    1690    1440    
CTRIA3  2669    1       390     1795    1611    
CTRIA3  2670    1       1014    1057    1056    
CTRIA3  2671    1       370     1552    1356    
CTRIA3  2672    1       478     1510    1390    
CTRIA3  2673    1       326     1845    367     
CTRIA3  2674    1       635     1586    489     
CTRIA3  2675    1       507     540     539     
CTRIA3  2676    1       638     639     637     
CTRIA3  2677    1       503     1521    499     
CTRIA3  2678    1       889     890     743     
CTRIA3  2679    1       1352    1927    414     
CTRIA3  2680    1       526     527     525     
CTRIA3  2681    1       1169    1727    500     
CTRIA3  2682    1       1690    1731    1408    
CTRIA3  2683    1       1637    1639    1638    
CTRIA3  2684    1       1413    1898    1496    
CTRIA3  2685    1       475     1606    1526    
CTRIA3  2686    1       1175    1566    1080    
CTRIA3  2687    1       831     895     735     
CTRIA3  2688    1       369     1879    102     
CTRIA3  2689    1       435     1840    1341    
CTRIA3  2690    1       925     957     923     
CTRIA3  2691    1       710     1191    639     
CTRIA3  2692    1       319     1695    318     
CTRIA3  2693    1       891     892     890     
CTRIA3  2694    1       1509    1596    1077    
CTRIA3  2695    1       1152    1154    1139    
CTRIA3  2696    1       982     1567    984     
CTRIA3  2697    1       1279    1780    1345    
CTRIA3  2698    1       707     1386    670     
CTRIA3  2699    1       622     742     632     
CTRIA3  2700    1       745     746     710     
CTRIA3  2701    1       571     1541    511     
CTRIA3  2702    1       1019    1043    1021    
CTRIA3  2703    1       1202    1204    1201    
CTRIA3  2704    1       1049    1060    1059    
CTRIA3  2705    1       411     1900    263     
CTRIA3  2706    1       959     960     952     
CTRIA3  2707    1       344     1652    343     
CTRIA3  2708    1       929     1558    926     
CTRIA3  2709    1       788     1747    798     
CTRIA3  2710    1       1508    1866    508     
CTRIA3  2711    1       823     1576    809     
CTRIA3  2712    1       1149    1556    1108    
CTRIA3  2713    1       800     801     737     
CTRIA3  2714    1       595     658     610     
CTRIA3  2715    1       496     502     498     
CTRIA3  2716    1       497     1791    494     
CTRIA3  2717    1       910     1044    908     
CTRIA3  2718    1       639     1571    637     
CTRIA3  2719    1       501     1673    1344    
CTRIA3  2720    1       480     484     481     
CTRIA3  2721    1       487     501     489     
CTRIA3  2722    1       490     1586    493     
CTRIA3  2723    1       1076    1082    1051    
CTRIA3  2724    1       1003    1027    1012    
CTRIA3  2725    1       825     1645    1545    
CTRIA3  2726    1       1302    1820    432     
CTRIA3  2727    1       661     748     747     
CTRIA3  2728    1       1557    1898    603     
CTRIA3  2729    1       1353    1641    413     
CTRIA3  2730    1       915     1624    962     
CTRIA3  2731    1       884     1848    894     
CTRIA3  2732    1       964     1522    1486    
CTRIA3  2733    1       784     824     793     
CTRIA3  2734    1       1248    1678    1044    
CTRIA3  2735    1       528     529     527     
CTRIA3  2736    1       738     1616    1506    
CTRIA3  2737    1       934     958     931     
CTRIA3  2738    1       962     978     914     
CTRIA3  2739    1       884     894     711     
CTRIA3  2740    1       374     1655    1336    
CTRIA3  2741    1       1382    1821    1697    
CTRIA3  2742    1       614     617     612     
CTRIA3  2743    1       1084    1522    1053    
CTRIA3  2744    1       464     468     466     
CTRIA3  2745    1       1015    1277    1017    
CTRIA3  2746    1       836     1331    746     
CTRIA3  2747    1       807     817     658     
CTRIA3  2748    1       1156    1746    1685    
CTRIA3  2749    1       766     1904    1349    
CTRIA3  2750    1       1293    1928    486     
CTRIA3  2751    1       376     1629    1282    
CTRIA3  2752    1       597     659     599     
CTRIA3  2753    1       1112    1684    1110    
CTRIA3  2754    1       972     973     960     
CTRIA3  2755    1       1031    1033    1032    
CTRIA3  2756    1       1021    1679    1022    
CTRIA3  2757    1       590     626     625     
CTRIA3  2758    1       396     1658    1287    
CTRIA3  2759    1       484     545     485     
CTRIA3  2760    1       1255    1403    1154    
CTRIA3  2761    1       962     1000    978     
CTRIA3  2762    1       378     1347    68      
CTRIA3  2763    1       664     666     665     
CTRIA3  2764    1       798     799     795     
CTRIA3  2765    1       993     1730    1570    
CTRIA3  2766    1       934     1037    958     
CTRIA3  2767    1       531     532     529     
CTRIA3  2768    1       1562    1804    1803    
CTRIA3  2769    1       642     643     641     
CTRIA3  2770    1       824     829     793     
CTRIA3  2771    1       1471    1882    400     
CTRIA3  2772    1       599     1917    547     
CTRIA3  2773    1       737     1549    575     
CTRIA3  2774    1       1190    1921    1217    
CTRIA3  2775    1       1000    1051    1050    
CTRIA3  2776    1       700     1718    708     
CTRIA3  2777    1       648     660     649     
CTRIA3  2778    1       822     826     823     
CTRIA3  2779    1       1243    1245    1244    
CTRIA3  2780    1       1014    1569    1057    
CTRIA3  2781    1       1033    1089    1045    
CTRIA3  2782    1       1037    1070    1069    
CTRIA3  2783    1       976     977     973     
CTRIA3  2784    1       982     983     981     
CTRIA3  2785    1       1085    1608    1084    
CTRIA3  2786    1       1273    1477    1274    
CTRIA3  2787    1       1009    1024    1008    
CTRIA3  2788    1       626     628     627     
CTRIA3  2789    1       1530    1789    916     
CTRIA3  2790    1       1043    1789    1063    
CTRIA3  2791    1       809     1576    799     
CTRIA3  2792    1       875     1380    1210    
CTRIA3  2793    1       1288    1738    1563    
CTRIA3  2794    1       1519    1594    372     
CTRIA3  2795    1       533     534     532     
CTRIA3  2796    1       676     1729    674     
CTRIA3  2797    1       644     645     643     
CTRIA3  2798    1       1506    1689    1500    
CTRIA3  2799    1       981     1575    975     
CTRIA3  2800    1       808     809     799     
CTRIA3  2801    1       667     668     666     
CTRIA3  2802    1       803     1733    1630    
CTRIA3  2803    1       1158    1746    1156    
CTRIA3  2804    1       418     1351    278     
CTRIA3  2805    1       417     1365    104     
CTRIA3  2806    1       540     593     592     
CTRIA3  2807    1       370     1356    276     
CTRIA3  2808    1       331     1588    376     
CTRIA3  2809    1       1526    1587    801     
CTRIA3  2810    1       400     1361    99      
CTRIA3  2811    1       397     1359    35      
CTRIA3  2812    1       404     1358    273     
CTRIA3  2813    1       1037    1069    958     
CTRIA3  2814    1       621     1614    622     
CTRIA3  2815    1       977     1008    988     
CTRIA3  2816    1       1025    1923    1068    
CTRIA3  2817    1       476     1752    1750    
CTRIA3  2818    1       1070    1081    1069    
CTRIA3  2819    1       401     1691    1648    
CTRIA3  2820    1       1090    1559    1089    
CTRIA3  2821    1       367     1845    1327    
CTRIA3  2822    1       1043    1063    1021    
CTRIA3  2823    1       595     610     594     
CTRIA3  2824    1       1000    1050    978     
CTRIA3  2825    1       1284    1843    1354    
CTRIA3  2826    1       1025    1067    1024    
CTRIA3  2827    1       1152    1255    1154    
CTRIA3  2828    1       628     802     718     
CTRIA3  2829    1       608     609     534     
CTRIA3  2830    1       37      1813    36      
CTRIA3  2831    1       810     822     809     
CTRIA3  2832    1       1028    1029    957     
CTRIA3  2833    1       647     648     645     
CTRIA3  2834    1       658     1617    610     
CTRIA3  2835    1       395     1713    1466    
CTRIA3  2836    1       660     1595    661     
CTRIA3  2837    1       1314    1315    1313    
CTRIA3  2838    1       1083    1085    1084    
CTRIA3  2839    1       1813    1891    397     
CTRIA3  2840    1       546     547     545     
CTRIA3  2841    1       1255    1404    1403    
CTRIA3  2842    1       831     1635    895     
CTRIA3  2843    1       593     641     640     
CTRIA3  2844    1       802     1517    805     
CTRIA3  2845    1       663     664     609     
CTRIA3  2846    1       984     985     983     
CTRIA3  2847    1       1078    1079    1044    
CTRIA3  2848    1       1030    1031    1029    
CTRIA3  2849    1       501     636     635     
CTRIA3  2850    1       1200    1202    1201    
CTRIA3  2851    1       1087    1094    1060    
CTRIA3  2852    1       548     597     547     
CTRIA3  2853    1       1304    1589    1563    
CTRIA3  2854    1       565     1514    595     
CTRIA3  2855    1       742     889     743     
CTRIA3  2856    1       997     998     985     
CTRIA3  2857    1       1488    1764    615     
CTRIA3  2858    1       1202    1205    1204    
CTRIA3  2859    1       1668    1840    435     
CTRIA3  2860    1       636     638     637     
CTRIA3  2861    1       1357    1676    375     
CTRIA3  2862    1       1014    1056    998     
CTRIA3  2863    1       891     893     892     
CTRIA3  2864    1       638     710     639     
CTRIA3  2865    1       889     891     890     
CTRIA3  2866    1       1057    1304    1056    
CTRIA3  2867    1       1274    1850    1267    
CTRIA3  2868    1       395     1722    1713    
CTRIA3  2869    1       1152    1739    1479    
CTRIA3  2870    1       327     1845    326     
CTRIA3  2871    1       999     1575    981     
CTRIA3  2872    1       40      1827    39      
CTRIA3  2873    1       1229    1594    1519    
CTRIA3  2874    1       1104    1840    1102    
CTRIA3  2875    1       708     1718    1628    
CTRIA3  2876    1       1628    1718    1189    
CTRIA3  2877    1       1408    1731    3       
CTRIA3  2878    1       102     1879    101     
CTRIA3  2879    1       1098    1652    1395    
CTRIA3  2880    1       502     1726    1523    
CTRIA3  2881    1       1148    1663    1145    
CTRIA3  2882    1       269     1734    268     
CTRIA3  2883    1       990     1770    1036    
CTRIA3  2884    1       646     1913    1615    
CTRIA3  2885    1       1467    1722    395     
CTRIA3  2886    1       649     1705    645     
CTRIA3  2887    1       1685    1746    431     
CTRIA3  2888    1       1086    1776    1481    
CTRIA3  2889    1       1315    1661    1313    
CTRIA3  2890    1       434     1886    1342    
CTRIA3  2891    1       1179    1688    1178    
CTRIA3  2892    1       438     1712    255     
CTRIA3  2893    1       628     1708    803     
CTRIA3  2894    1       1669    1781    1329    
CTRIA3  2895    1       849     1636    1398    
CTRIA3  2896    1       678     1583    688     
CTRIA3  2897    1       917     1624    915     
CTRIA3  2898    1       1803    1804    394     
CTRIA3  2899    1       1769    1934    909     
CTRIA3  2900    1       1093    1901    1877    
CTRIA3  2901    1       419     1870    1599    
CTRIA3  2902    1       828     1735    573     
CTRIA3  2903    1       1065    1667    1098    
CTRIA3  2904    1       827     1723    825     
CTRIA3  2905    1       1295    1657    407     
CTRIA3  2906    1       1377    1747    796     
CTRIA3  2907    1       793     1675    794     
CTRIA3  2908    1       1508    1733    803     
CTRIA3  2909    1       1744    1745    616     
CTRIA3  2910    1       798     1927    808     
CTRIA3  2911    1       998     1660    985     
CTRIA3  2912    1       974     1575    1083    
CTRIA3  2913    1       1522    1802    1486    
CTRIA3  2914    1       1066    1646    1491    
CTRIA3  2915    1       1313    1581    812     
CTRIA3  2916    1       1257    1607    1260    
CTRIA3  2917    1       1323    1889    1724    
CTRIA3  2918    1       648     1610    1504    
CTRIA3  2919    1       1171    1937    1024    
CTRIA3  2920    1       1030    1706    1038    
CTRIA3  2921    1       1517    1630    398     
CTRIA3  2922    1       1275    1804    1272    
CTRIA3  2923    1       1352    1709    810     
CTRIA3  2924    1       1393    1906    430     
CTRIA3  2925    1       938     1665    935     
CTRIA3  2926    1       1338    1938    1239    
CTRIA3  2927    1       1210    1564    874     
CTRIA3  2928    1       470     1633    472     
CTRIA3  2929    1       1386    1584    668     
CTRIA3  2930    1       1366    1657    1619    
CTRIA3  2931    1       372     1594    41      
CTRIA3  2932    1       978     1662    914     
CTRIA3  2933    1       1703    1923    1077    
CTRIA3  2934    1       1561    1805    818     
CTRIA3  2935    1       646     1615    641     
CTRIA3  2936    1       1541    1826    509     
CTRIA3  2937    1       1887    1901    1565    
CTRIA3  2938    1       1217    1921    1415    
CTRIA3  2939    1       1578    1747    1377    
CTRIA3  2940    1       1348    1682    462     
CTRIA3  2941    1       654     1610    647     
CTRIA3  2942    1       432     1820    1323    
CTRIA3  2943    1       1701    1888    1160    
CTRIA3  2944    1       664     1619    667     
CTRIA3  2945    1       836     1846    1331    
CTRIA3  2946    1       1589    1843    1286    
CTRIA3  2947    1       1526    1606    1587    
CTRIA3  2948    1       1158    1803    1746    
CTRIA3  2949    1       1287    1579    1285    
CTRIA3  2950    1       1598    1851    502     
CTRIA3  2951    1       1006    1738    972     
CTRIA3  2952    1       870     1564    1528    
CTRIA3  2953    1       1631    1813    37      
CTRIA3  2954    1       1306    1748    1309    
CTRIA3  2955    1       1151    1739    1152    
CTRIA3  2956    1       1033    1693    1090    
CTRIA3  2957    1       988     1711    973     
CTRIA3  2958    1       82      1751    81      
CTRIA3  2959    1       1370    1924    1268    
CTRIA3  2960    1       1057    1589    1304    
CTRIA3  2961    1       910     1662    1078    
CTRIA3  2962    1       738     1728    1616    
CTRIA3  2963    1       431     1746    1468    
CTRIA3  2964    1       640     1615    885     
CTRIA3  2965    1       1765    1857    1477    
CTRIA3  2966    1       1290    1786    1568    
CTRIA3  2967    1       1084    1802    1522    
CTRIA3  2968    1       1366    1619    663     
CTRIA3  2969    1       434     1761    1337    
CTRIA3  2970    1       350     1724    437     
CTRIA3  2971    1       1568    1786    1183    
CTRIA3  2972    1       748     1595    1337    
CTRIA3  2973    1       1606    1816    1587    
CTRIA3  2974    1       821     1933    1420    
CTRIA3  2975    1       1139    1684    1112    
CTRIA3  2976    1       971     1779    1565    
CTRIA3  2977    1       1425    1770    1511    
CTRIA3  2978    1       1521    1672    505     
CTRIA3  2979    1       1534    1799    429     
CTRIA3  2980    1       1221    1607    1256    
CTRIA3  2981    1       1161    1631    1538    
CTRIA3  2982    1       1231    1639    1637    
CTRIA3  2983    1       366     1712    1321    
CTRIA3  2984    1       1513    1784    876     
CTRIA3  2985    1       484     1714    546     
CTRIA3  2986    1       590     1664    886     
CTRIA3  2987    1       1132    1883    1741    
CTRIA3  2988    1       375     1942    1709    
CTRIA3  2989    1       389     1819    1625    
CTRIA3  2990    1       454     1664    456     
CTRIA3  2991    1       1702    1764    805     
CTRIA3  2992    1       1155    1739    1151    
CTRIA3  2993    1       612     1677    598     
CTRIA3  2994    1       634     1899    529     
CTRIA3  2995    1       502     1919    1598    
CTRIA3  2996    1       610     1728    738     
CTRIA3  2997    1       1539    1686    746     
CTRIA3  2998    1       1638    1797    687     
CTRIA3  2999    1       1022    1679    1049    
CTRIA3  3000    1       919     1622    970     
CTRIA3  3001    1       1127    1825    1130    
CTRIA3  3002    1       1779    1887    1565    
CTRIA3  3003    1       1464    1929    1454    
CTRIA3  3004    1       1626    1649    686     
CTRIA3  3005    1       1550    1759    1005    
CTRIA3  3006    1       1089    1671    1045    
CTRIA3  3007    1       1049    1679    1087    
CTRIA3  3008    1       1201    1663    1148    
CTRIA3  3009    1       1746    1803    1468    
CTRIA3  3010    1       695     1634    1536    
CTRIA3  3011    1       661     1595    748     
CTRIA3  3012    1       479     1816    1606    
CTRIA3  3013    1       349     1881    348     
CTRIA3  3014    1       1088    1649    1626    
CTRIA3  3015    1       505     1672    507     
CTRIA3  3016    1       934     1665    1037    
CTRIA3  3017    1       639     1808    1571    
CTRIA3  3018    1       620     1783    629     
CTRIA3  3019    1       1226    1822    1654    
CTRIA3  3020    1       817     1617    658     
CTRIA3  3021    1       1287    1596    1579    
CTRIA3  3022    1       756     1692    784     
CTRIA3  3023    1       1517    1702    805     
CTRIA3  3024    1       485     1673    487     
CTRIA3  3025    1       1609    1685    431     
CTRIA3  3026    1       1611    1795    1233    
CTRIA3  3027    1       811     1912    1604    
CTRIA3  3028    1       1126    1924    1370    
CTRIA3  3029    1       923     1674    921     
CTRIA3  3030    1       688     1729    676     
CTRIA3  3031    1       1337    1761    797     
CTRIA3  3032    1       416     1824    1658    
CTRIA3  3033    1       1567    1759    1335    
CTRIA3  3034    1       1632    1795    390     
CTRIA3  3035    1       908     1678    906     
CTRIA3  3036    1       1274    1857    1365    
CTRIA3  3037    1       408     1710    1364    
CTRIA3  3038    1       796     1747    788     
CTRIA3  3039    1       1446    1799    1447    
CTRIA3  3040    1       509     1826    460     
CTRIA3  3041    1       970     1624    917     
CTRIA3  3042    1       1748    1812    4       
CTRIA3  3043    1       1204    1772    1201    
CTRIA3  3044    1       1136    1895    1656    
CTRIA3  3045    1       592     1737    539     
CTRIA3  3046    1       622     1614    742     
CTRIA3  3047    1       843     1837    1510    
CTRIA3  3048    1       1063    1679    1021    
CTRIA3  3049    1       766     1814    1576    
CTRIA3  3050    1       4       1812    78      
CTRIA3  3051    1       1722    1859    1713    
CTRIA3  3052    1       262     1848    261     
CTRIA3  3053    1       1545    1645    800     
CTRIA3  3054    1       368     1771    1394    
CTRIA3  3055    1       1216    1821    1214    
CTRIA3  3056    1       1751    1868    81      
CTRIA3  3057    1       462     1682    464     
CTRIA3  3058    1       477     1633    650     
CTRIA3  3059    1       1337    1886    434     
CTRIA3  3060    1       1572    1911    1621    
CTRIA3  3061    1       1202    1736    1641    
CTRIA3  3062    1       647     1610    648     
CTRIA3  3063    1       1055    1585    1478    
CTRIA3  3064    1       963     1854    952     
CTRIA3  3065    1       17      1809    16      
CTRIA3  3066    1       1161    1813    1631    
CTRIA3  3067    1       615     1764    723     
CTRIA3  3068    1       545     1673    485     
CTRIA3  3069    1       830     1933    1778    
CTRIA3  3070    1       657     1818    1198    
CTRIA3  3071    1       1468    1803    394     
CTRIA3  3072    1       1783    1871    1418    
CTRIA3  3073    1       472     1633    477     
CTRIA3  3074    1       428     1929    1464    
CTRIA3  3075    1       1576    1814    799     
CTRIA3  3076    1       1607    1721    1260    
CTRIA3  3077    1       1599    1870    1080    
CTRIA3  3078    1       641     1615    640     
CTRIA3  3079    1       663     1619    664     
CTRIA3  3080    1       1060    1696    1088    
CTRIA3  3081    1       837     1681    1614    
CTRIA3  3082    1       1327    1736    1200    
CTRIA3  3083    1       424     1875    1833    
CTRIA3  3084    1       1621    1911    999     
CTRIA3  3085    1       591     1698    525     
CTRIA3  3086    1       1583    1797    1638    
CTRIA3  3087    1       680     1797    1583    
CTRIA3  3088    1       1067    1668    1171    
CTRIA3  3089    1       620     1871    1783    
CTRIA3  3090    1       1447    1799    1534    
CTRIA3  3091    1       1563    1589    1286    
CTRIA3  3092    1       288     1841    439     
CTRIA3  3093    1       825     1723    1645    
CTRIA3  3094    1       1448    1833    1445    
CTRIA3  3095    1       1336    1829    1333    
CTRIA3  3096    1       1154    1684    1139    
CTRIA3  3097    1       1491    1775    1064    
CTRIA3  3098    1       1363    1915    1163    
CTRIA3  3099    1       659     1855    1669    
CTRIA3  3100    1       1625    1819    832     
CTRIA3  3101    1       829     1675    793     
CTRIA3  3102    1       440     1828    317     
CTRIA3  3103    1       44      1831    43      
CTRIA3  3104    1       1272    1804    1562    
CTRIA3  3105    1       1102    1668    1067    
CTRIA3  3106    1       1200    1736    1202    
CTRIA3  3107    1       1537    1854    963     
CTRIA3  3108    1       1078    1876    1263    
CTRIA3  3109    1       999     1823    1621    
CTRIA3  3110    1       1757    1888    1027    
CTRIA3  3111    1       409     1915    1363    
CTRIA3  3112    1       1123    1772    1246    
CTRIA3  3113    1       1504    1893    411     
CTRIA3  3114    1       807     1858    817     
CTRIA3  3115    1       617     1677    612     
CTRIA3  3116    1       1729    1743    1300    
CTRIA3  3117    1       1514    1844    806     
CTRIA3  3118    1       73      1863    72      
CTRIA3  3119    1       1501    1706    1030    
CTRIA3  3120    1       1617    1728    610     
CTRIA3  3121    1       1591    1940    1169    
CTRIA3  3122    1       1651    1894    1475    
CTRIA3  3123    1       1533    1740    571     
CTRIA3  3124    1       1436    1867    1307    
CTRIA3  3125    1       394     1847    109     
CTRIA3  3126    1       456     1664    590     
CTRIA3  3127    1       1019    1716    1043    
CTRIA3  3128    1       1062    1937    1659    
CTRIA3  3129    1       1262    1922    1520    
CTRIA3  3130    1       532     1704    634     
CTRIA3  3131    1       643     1705    646     
CTRIA3  3132    1       895     1864    735     
CTRIA3  3133    1       695     1894    1634    
CTRIA3  3134    1       1192    1939    1371    
CTRIA3  3135    1       921     1674    1622    
CTRIA3  3136    1       784     1692    824     
CTRIA3  3137    1       81      1868    80      
CTRIA3  3138    1       1860    1897    1273    
CTRIA3  3139    1       1318    1910    1627    
CTRIA3  3140    1       1012    1700    1015    
CTRIA3  3141    1       886     1708    626     
CTRIA3  3142    1       1562    1803    1158    
CTRIA3  3143    1       906     1678    1319    
CTRIA3  3144    1       385     1862    1785    
CTRIA3  3145    1       1038    1693    1031    
CTRIA3  3146    1       1520    1922    387     
CTRIA3  3147    1       1604    1912    1375    
CTRIA3  3148    1       496     1726    502     
CTRIA3  3149    1       879     1902    1317    
CTRIA3  3150    1       507     1672    540     
CTRIA3  3151    1       487     1673    501     
CTRIA3  3152    1       1441    1910    872     
CTRIA3  3153    1       1415    1921    993     
CTRIA3  3154    1       724     1940    665     
CTRIA3  3155    1       1261    1859    1577    
CTRIA3  3156    1       710     1686    1191    
CTRIA3  3157    1       1454    1929    1455    
CTRIA3  3158    1       711     1707    654     
CTRIA3  3159    1       699     1941    706     
CTRIA3  3160    1       1244    1882    1471    
CTRIA3  3161    1       1532    1792    733     
CTRIA3  3162    1       957     1674    923     
CTRIA3  3163    1       1455    1874    1550    
CTRIA3  3164    1       1410    1811    1409    
CTRIA3  3165    1       523     1698    541     
CTRIA3  3166    1       1358    1790    1732    
CTRIA3  3167    1       1538    1810    722     
CTRIA3  3168    1       894     1707    711     
CTRIA3  3169    1       1249    1749    1649    
CTRIA3  3170    1       682     1797    680     
CTRIA3  3171    1       1641    1736    413     
CTRIA3  3172    1       464     1682    468     
CTRIA3  3173    1       1044    1678    908     
CTRIA3  3174    1       838     1903    1459    
CTRIA3  3175    1       986     1757    1003    
CTRIA3  3176    1       1027    1701    1700    
CTRIA3  3177    1       1717    1858    807     
CTRIA3  3178    1       642     1884    644     
CTRIA3  3179    1       958     1720    931     
CTRIA3  3180    1       1684    1931    1149    
CTRIA3  3181    1       1469    1875    424     
CTRIA3  3182    1       742     1681    889     
CTRIA3  3183    1       1015    1700    1277    
CTRIA3  3184    1       960     1711    963     
CTRIA3  3185    1       1729    1920    674     
CTRIA3  3186    1       1267    1850    1276    
CTRIA3  3187    1       1614    1681    742     
CTRIA3  3188    1       1670    1933    821     
CTRIA3  3189    1       1469    1916    1875    
CTRIA3  3190    1       1117    1798    1240    
CTRIA3  3191    1       1806    1904    823     
CTRIA3  3192    1       525     1698    523     
CTRIA3  3193    1       736     1753    884     
CTRIA3  3194    1       1596    1703    1077    
CTRIA3  3195    1       1307    1867    1812    
CTRIA3  3196    1       684     1749    687     
CTRIA3  3197    1       1587    1745    801     
CTRIA3  3198    1       1345    1780    1346    
CTRIA3  3199    1       687     1797    682     
CTRIA3  3200    1       391     1916    1469    
CTRIA3  3201    1       1094    1696    1060    
CTRIA3  3202    1       1623    1922    1262    
CTRIA3  3203    1       931     1720    929     
CTRIA3  3204    1       650     1714    480     
CTRIA3  3205    1       686     1749    684     
CTRIA3  3206    1       882     1805    1561    
CTRIA3  3207    1       746     1686    710     
CTRIA3  3208    1       1496    1871    620     
CTRIA3  3209    1       1738    1892    976     
CTRIA3  3210    1       1571    1919    1523    
CTRIA3  3211    1       827     1752    1723    
CTRIA3  3212    1       662     1939    1192    
CTRIA3  3213    1       1254    1756    271     
CTRIA3  3214    1       1121    1801    1133    
CTRIA3  3215    1       1240    1798    1243    
CTRIA3  3216    1       1003    1757    1027    
CTRIA3  3217    1       1663    1834    1145    
CTRIA3  3218    1       1031    1693    1033    
CTRIA3  3219    1       1080    1870    900     
CTRIA3  3220    1       1017    1716    1019    
CTRIA3  3221    1       645     1705    643     
CTRIA3  3222    1       1027    1700    1012    
CTRIA3  3223    1       1583    1742    688     
CTRIA3  3224    1       534     1704    532     
CTRIA3  3225    1       1548    1939    662     
CTRIA3  3226    1       1630    1936    398     
CTRIA3  3227    1       1494    1898    1413    
CTRIA3  3228    1       626     1708    628     
CTRIA3  3229    1       1304    1800    1056    
CTRIA3  3230    1       1143    1834    1540    
CTRIA3  3231    1       493     1726    496     
CTRIA3  3232    1       723     1719    614     
CTRIA3  3233    1       875     1784    1380    
CTRIA3  3234    1       1809    1833    1448    
CTRIA3  3235    1       334     1755    1362    
CTRIA3  3236    1       819     1728    1617    
CTRIA3  3237    1       481     1928    1816    
CTRIA3  3238    1       1504    1777    660     
CTRIA3  3239    1       1243    1798    1788    
CTRIA3  3240    1       384     1856    1281    
CTRIA3  3241    1       1191    1808    639     
CTRIA3  3242    1       1314    1768    1315    
CTRIA3  3243    1       973     1711    960     
CTRIA3  3244    1       893     1785    892     
CTRIA3  3245    1       1669    1855    1677    
CTRIA3  3246    1       830     1778    831     
CTRIA3  3247    1       1699    1899    634     
CTRIA3  3248    1       1659    1937    1171    
CTRIA3  3249    1       591     1899    1699    
CTRIA3  3250    1       1750    1752    827     
CTRIA3  3251    1       1644    1766    881     
CTRIA3  3252    1       1724    1889    437     
CTRIA3  3253    1       480     1714    484     
CTRIA3  3254    1       665     1940    1591    
CTRIA3  3255    1       1265    1860    1273    
CTRIA3  3256    1       1277    1716    1017    
CTRIA3  3257    1       614     1719    617     
CTRIA3  3258    1       962     1794    1000    
CTRIA3  3259    1       1601    1828    440     
CTRIA3  3260    1       660     1777    1595    
CTRIA3  3261    1       1561    1763    383     
CTRIA3  3262    1       1663    1772    1123    
CTRIA3  3263    1       1088    1914    1649    
CTRIA3  3264    1       1546    1822    1223    
CTRIA3  3265    1       674     1920    672     
CTRIA3  3266    1       929     1720    1558    
CTRIA3  3267    1       805     1764    1488    
CTRIA3  3268    1       1677    1855    598     
CTRIA3  3269    1       545     1917    1673    
CTRIA3  3270    1       1665    1854    1537    
CTRIA3  3271    1       1523    1919    502     
CTRIA3  3272    1       876     1784    875     
CTRIA3  3273    1       1586    1726    493     
CTRIA3  3274    1       654     1707    1610    
CTRIA3  3275    1       1608    1802    1084    
CTRIA3  3276    1       1785    1862    892     
CTRIA3  3277    1       1219    1817    1076    
CTRIA3  3278    1       1114    1836    1117    
CTRIA3  3279    1       1008    1937    1062    
CTRIA3  3280    1       985     1823    983     
CTRIA3  3281    1       900     1870    897     
CTRIA3  3282    1       1302    1832    1263    
CTRIA3  3283    1       1371    1939    1548    
CTRIA3  3284    1       892     1862    1229    
CTRIA3  3285    1       466     1890    478     
CTRIA3  3286    1       1056    1800    1058    
CTRIA3  3287    1       1697    1821    377     
CTRIA3  3288    1       1653    1783    1418    
CTRIA3  3289    1       1077    1923    1025    
CTRIA3  3290    1       1183    1786    1414    
CTRIA3  3291    1       1730    1921    1190    
CTRIA3  3292    1       993     1921    1730    
CTRIA3  3293    1       1042    1914    1696    
CTRIA3  3294    1       597     1855    659     
CTRIA3  3295    1       1154    1931    1684    
CTRIA3  3296    1       817     1758    1617    
CTRIA3  3297    1       1761    1782    797     
CTRIA3  3298    1       801     1745    1744    
CTRIA3  3299    1       502     1851    498     
CTRIA3  3300    1       527     1899    591     
CTRIA3  3301    1       1119    1938    1801    
CTRIA3  3302    1       1635    1815    895     
CTRIA3  3303    1       1673    1917    1344    
CTRIA3  3304    1       826     1806    823     
CTRIA3  3305    1       688     1743    1729    
CTRIA3  3306    1       1340    1782    1761    
CTRIA3  3307    1       801     1744    737     
CTRIA3  3308    1       1477    1897    1241    
CTRIA3  3309    1       1210    1932    1564    
CTRIA3  3310    1       737     1744    1549    
CTRIA3  3311    1       1639    1793    1097    
CTRIA3  3312    1       1634    1894    1208    
CTRIA3  3313    1       885     1891    1161    
CTRIA3  3314    1       1076    1817    1082    
CTRIA3  3315    1       1595    1886    1337    
CTRIA3  3316    1       1740    1754    1251    
CTRIA3  3317    1       1487    1754    1533    
CTRIA3  3318    1       1354    1843    1355    
CTRIA3  3319    1       1475    1894    695     
CTRIA3  3320    1       1333    1829    1335    
CTRIA3  3321    1       1418    1871    1557    
CTRIA3  3322    1       439     1841    1605    
CTRIA3  3323    1       1564    1932    1528    
CTRIA3  3324    1       1577    1859    1451    
CTRIA3  3325    1       1243    1788    1245    
CTRIA3  3326    1       797     1782    1387    
CTRIA3  3327    1       1742    1743    688     
CTRIA3  3328    1       1133    1860    1265    
CTRIA3  3329    1       1584    1909    1298    
CTRIA3  3330    1       886     1866    1708    
CTRIA3  3331    1       1414    1786    1361    
CTRIA3  3332    1       541     1754    1487    
CTRIA3  3333    1       114     1828    1601    
CTRIA3  3334    1       1349    1865    760     
CTRIA3  3335    1       1647    1918    1081    
CTRIA3  3336    1       1649    1749    686     
CTRIA3  3337    1       1092    1802    1608    
CTRIA3  3338    1       938     1854    1665    
CTRIA3  3339    1       881     1805    882     
CTRIA3  3340    1       1649    1914    1249    
CTRIA3  3341    1       1754    1908    1251    
CTRIA3  3342    1       1622    1776    970     
CTRIA3  3343    1       1510    1837    1390    
CTRIA3  3344    1       1486    1779    1485    
CTRIA3  3345    1       978     1876    1662    
CTRIA3  3346    1       1605    1841    15      
CTRIA3  3347    1       817     1791    1758    
CTRIA3  3348    1       1094    1769    1696    
CTRIA3  3349    1       1386    1909    1584    
CTRIA3  3350    1       1294    1844    1482    
CTRIA3  3351    1       404     1790    1358    
CTRIA3  3352    1       1208    1807    1634    
CTRIA3  3353    1       1288    1892    1738    
CTRIA3  3354    1       599     1787    1666    
CTRIA3  3355    1       983     1823    999     
CTRIA3  3356    1       393     1846    1544    
CTRIA3  3357    1       659     1787    599     
CTRIA3  3358    1       734     1864    1687    
CTRIA3  3359    1       1079    1838    1248    
CTRIA3  3360    1       498     1851    503     
CTRIA3  3361    1       1485    1779    971     
CTRIA3  3362    1       1849    1880    1215    
CTRIA3  3363    1       1477    1857    1274    
CTRIA3  3364    1       1367    1880    1849    
CTRIA3  3365    1       1662    1876    1078    
CTRIA3  3366    1       1092    1901    1887    
CTRIA3  3367    1       1293    1745    1587    
CTRIA3  3368    1       1781    1835    1330    
CTRIA3  3369    1       1451    1859    1722    
CTRIA3  3370    1       598     1855    597     
CTRIA3  3371    1       952     1854    938     
CTRIA3  3372    1       1050    1876    978     
CTRIA3  3373    1       1338    1897    1860    
CTRIA3  3374    1       1117    1836    1798    
CTRIA3  3375    1       1403    1931    1154    
CTRIA3  3376    1       1579    1892    1288    
CTRIA3  3377    1       1696    1914    1088    
CTRIA3  3378    1       1098    1905    1652    
CTRIA3  3379    1       1482    1844    1514    
CTRIA3  3380    1       1420    1933    830     
CTRIA3  3381    1       1793    1926    1095    
CTRIA3  3382    1       1711    1775    963     
CTRIA3  3383    1       799     1814    795     
CTRIA3  3384    1       1666    1787    745     
CTRIA3  3385    1       1223    1822    1226    
CTRIA3  3386    1       1587    1816    1293    
CTRIA3  3387    1       1801    1860    1133    
CTRIA3  3388    1       795     1814    1643    
CTRIA3  3389    1       1713    1859    1261    
CTRIA3  3390    1       1145    1834    1143    
CTRIA3  3391    1       735     1864    734     
CTRIA3  3392    1       1705    1792    646     
CTRIA3  3393    1       1913    1930    1360    
CTRIA3  3394    1       1581    1912    811     
CTRIA3  3395    1       1387    1782    1715    
CTRIA3  3396    1       1245    1882    1244    
CTRIA3  3397    1       1596    1824    1703    
CTRIA3  3398    1       1767    1874    1455    
CTRIA3  3399    1       1478    1909    1386    
CTRIA3  3400    1       1550    1874    1759    
CTRIA3  3401    1       1273    1897    1477    
CTRIA3  3402    1       1300    1920    1729    
CTRIA3  3403    1       468     1890    466     
CTRIA3  3404    1       617     1835    1781    
CTRIA3  3405    1       1788    1798    1253    
CTRIA3  3406    1       1533    1754    1740    
CTRIA3  3407    1       617     1781    1677    
CTRIA3  3408    1       1082    1889    1820    
CTRIA3  3409    1       1737    1810    893     
CTRIA3  3410    1       529     1899    527     
CTRIA3  3411    1       1360    1930    1359    
CTRIA3  3412    1       1380    1878    1210    
CTRIA3  3413    1       1703    1824    416     
CTRIA3  3414    1       1287    1824    1596    
CTRIA3  3415    1       547     1917    545     
CTRIA3  3416    1       1893    1900    411     
CTRIA3  3417    1       1341    1840    1839    
CTRIA3  3418    1       1024    1937    1008    
CTRIA3  3419    1       1656    1895    1270    
CTRIA3  3420    1       420     1880    1367    
CTRIA3  3421    1       1817    1889    1082    
CTRIA3  3422    1       1652    1905    343     
CTRIA3  3423    1       1201    1772    1663    
CTRIA3  3424    1       1185    1884    1600    
CTRIA3  3425    1       1585    1909    1478    
CTRIA3  3426    1       879     1925    1902    
CTRIA3  3427    1       1094    1934    1769    
CTRIA3  3428    1       1161    1891    1813    
CTRIA3  3429    1       541     1908    1754    
CTRIA3  3430    1       1600    1884    642     
CTRIA3  3431    1       430     1906    1618    
CTRIA3  3432    1       1719    1835    617     
CTRIA3  3433    1       1766    1805    881     
CTRIA3  3434    1       1658    1824    1287    
CTRIA3  3435    1       1839    1840    1104    
CTRIA3  3436    1       1565    1901    1093    
CTRIA3  3437    1       1160    1853    1701    
CTRIA3  3438    1       893     1810    1785    
CTRIA3  3439    1       1804    1847    394     
CTRIA3  3440    1       1275    1847    1804    
CTRIA3  3441    1       810     1942    822     
CTRIA3  3442    1       882     1873    1636    
CTRIA3  3443    1       1298    1909    1585    
CTRIA3  3444    1       817     1858    1791    
CTRIA3  3445    1       1667    1905    1098    
CTRIA3  3446    1       1169    1940    1727    
CTRIA3  3447    1       1636    1873    1347    
CTRIA3  3448    1       1092    1887    1802    
CTRIA3  3449    1       1725    1880    420     
CTRIA3  3450    1       749     1872    1710    
CTRIA3  3451    1       1791    1858    494     
CTRIA3  3452    1       1532    1930    1913    
CTRIA3  3453    1       823     1904    1576    
CTRIA3  3454    1       1710    1872    1364    
CTRIA3  3455    1       1334    1874    1767    
CTRIA3  3456    1       1687    1864    841     
CTRIA3  3457    1       724     1842    1727    
CTRIA3  3458    1       414     1927    1578    
CTRIA3  3459    1       1620    1861    844     
CTRIA3  3460    1       904     1926    1793    
CTRIA3  3461    1       1902    1925    880     
CTRIA3  3462    1       1610    1893    1504    
CTRIA3  3463    1       723     1869    1719    
CTRIA3  3464    1       1798    1836    1253    
CTRIA3  3465    1       1698    1908    541     
CTRIA3  3466    1       1777    1886    1595    
CTRIA3  3467    1       1338    1860    1801    
CTRIA3  3468    1       1229    1862    1827    
CTRIA3  3469    1       826     1885    1806    
CTRIA3  3470    1       1820    1889    1323    
CTRIA3  3471    1       1785    1810    1538    
CTRIA3  3472    1       1727    1940    724     
CTRIA3  3473    1       1342    1886    1777    
CTRIA3  3474    1       1343    1888    1757    
CTRIA3  3475    1       1277    1907    1716    
CTRIA3  3476    1       1707    1893    1610    
CTRIA3  3477    1       1792    1913    646     
CTRIA3  3478    1       1802    1887    1486    
CTRIA3  3479    1       1801    1938    1338    
CTRIA3  3480    1       437     1889    1817    
CTRIA3  3481    1       1878    1932    1210    
CTRIA3  3482    1       818     1805    1766    
CTRIA3  3483    1       1709    1942    810     
CTRIA3  3484    1       1486    1887    1779    
CTRIA3  3485    1       1816    1928    1293    
CTRIA3  3486    1       1532    1913    1792    
CTRIA3  3487    1       1733    1902    880     
CTRIA3  3488    1       703     1932    1878    
CTRIA3  3489    2       2272    2493    2188    
CTRIA3  3490    2       2426    2476    2296    
CTRIA3  3491    2       2232    2432    2359    
CTRIA3  3492    2       2209    2464    2376    
CTRIA3  3493    2       2213    2543    2300    
CTRIA3  3494    2       2326    2524    2402    
CTRIA3  3495    2       2311    2463    2310    
CTRIA3  3496    2       2028    2294    2030    
CTRIA3  3497    2       2296    2476    2280    
CTRIA3  3498    2       2232    2359    2299    
CTRIA3  3499    2       2014    2414    2218    
CTRIA3  3500    2       2309    2489    1974    
CTRIA3  3501    2       2030    2294    2033    
CTRIA3  3502    2       2088    2279    2152    
CTRIA3  3503    2       2409    2411    2216    
CTRIA3  3504    2       2294    2601    2033    
CTRIA3  3505    2       2249    2458    2342    
CTRIA3  3506    2       2026    2282    2040    
CTRIA3  3507    2       2170    2492    2225    
CTRIA3  3508    2       1958    2500    2431    
CTRIA3  3509    2       2274    2465    2447    
CTRIA3  3510    2       2447    2491    2274    
CTRIA3  3511    2       2327    2439    2229    
CTRIA3  3512    2       1971    2370    2190    
CTRIA3  3513    2       2048    2230    2050    
CTRIA3  3514    2       2431    2500    2268    
CTRIA3  3515    2       2402    2524    2368    
CTRIA3  3516    2       2230    2587    2050    
CTRIA3  3517    2       1974    2310    2309    
CTRIA3  3518    2       2163    2463    2311    
CTRIA3  3519    2       2368    2382    2060    
CTRIA3  3520    2       2229    2524    2327    
CTRIA3  3521    2       2223    2479    2103    
CTRIA3  3522    2       2338    2565    2010    
CTRIA3  3523    2       2069    2272    2225    
CTRIA3  3524    2       2213    2300    2238    
CTRIA3  3525    2       2249    2342    2341    
CTRIA3  3526    2       2190    2210    1971    
CTRIA3  3527    2       2084    2283    2282    
CTRIA3  3528    2       2494    2587    2230    
CTRIA3  3529    2       2384    2385    1982    
CTRIA3  3530    2       2022    2320    2021    
CTRIA3  3531    2       2036    2328    2031    
CTRIA3  3532    2       2218    2471    2014    
CTRIA3  3533    2       1998    2567    2224    
CTRIA3  3534    2       2422    2458    2249    
CTRIA3  3535    2       2376    2464    1945    
CTRIA3  3536    2       1979    2353    2346    
CTRIA3  3537    2       2314    2315    2217    
CTRIA3  3538    2       2060    2402    2368    
CTRIA3  3539    2       2112    2344    2115    
CTRIA3  3540    2       2268    2453    2392    
CTRIA3  3541    2       2225    2492    2379    
CTRIA3  3542    2       2236    2472    2135    
CTRIA3  3543    2       2084    2312    2283    
CTRIA3  3544    2       2015    2314    2217    
CTRIA3  3545    2       2332    2484    2333    
CTRIA3  3546    2       2024    2282    2026    
CTRIA3  3547    2       2128    2301    2127    
CTRIA3  3548    2       2519    2529    2412    
CTRIA3  3549    2       2451    2470    1964    
CTRIA3  3550    2       2355    2602    2419    
CTRIA3  3551    2       2385    2470    2451    
CTRIA3  3552    2       2479    2490    2091    
CTRIA3  3553    2       2125    2246    2163    
CTRIA3  3554    2       2040    2294    2028    
CTRIA3  3555    2       2135    2472    2455    
CTRIA3  3556    2       2455    2472    2242    
CTRIA3  3557    2       2282    2283    2040    
CTRIA3  3558    2       1962    2411    2409    
CTRIA3  3559    2       2128    2579    2301    
CTRIA3  3560    2       2478    2531    2295    
CTRIA3  3561    2       2100    2101    2098    
CTRIA3  3562    2       2020    2022    2021    
CTRIA3  3563    2       92      2258    91      
CTRIA3  3564    2       2104    2105    2101    
CTRIA3  3565    2       2124    2128    2127    
CTRIA3  3566    2       2369    2568    2087    
CTRIA3  3567    2       2108    2109    2107    
CTRIA3  3568    2       2030    2032    2031    
CTRIA3  3569    2       2028    2030    2029    
CTRIA3  3570    2       2097    2098    2096    
CTRIA3  3571    2       2288    2289    2287    
CTRIA3  3572    2       1997    2567    1998    
CTRIA3  3573    2       2026    2028    2027    
CTRIA3  3574    2       2050    2052    2051    
CTRIA3  3575    2       2118    2120    2119    
CTRIA3  3576    2       2048    2050    2049    
CTRIA3  3577    2       2273    2493    2272    
CTRIA3  3578    2       2130    2132    2131    
CTRIA3  3579    2       2145    2336    2308    
CTRIA3  3580    2       2014    2020    2019    
CTRIA3  3581    2       2028    2029    2027    
CTRIA3  3582    2       2030    2031    2029    
CTRIA3  3583    2       2052    2055    2053    
CTRIA3  3584    2       2293    2529    2519    
CTRIA3  3585    2       2032    2034    2031    
CTRIA3  3586    2       2120    2121    2119    
CTRIA3  3587    2       2026    2027    2025    
CTRIA3  3588    2       2069    2225    2052    
CTRIA3  3589    2       2024    2026    2025    
CTRIA3  3590    2       2228    2229    2227    
CTRIA3  3591    2       2118    2119    2103    
CTRIA3  3592    2       2288    2290    2289    
CTRIA3  3593    2       2283    2284    2040    
CTRIA3  3594    2       2076    2279    2088    
CTRIA3  3595    2       2335    2398    1973    
CTRIA3  3596    2       2055    2057    2056    
CTRIA3  3597    2       2279    2518    2152    
CTRIA3  3598    2       2230    2508    2494    
CTRIA3  3599    2       2385    2451    1982    
CTRIA3  3600    2       2103    2480    2223    
CTRIA3  3601    2       2210    2211    1971    
CTRIA3  3602    2       2020    2021    2019    
CTRIA3  3603    2       2225    2272    2170    
CTRIA3  3604    2       2102    2118    2103    
CTRIA3  3605    2       2112    2113    2111    
CTRIA3  3606    2       2031    2328    2029    
CTRIA3  3607    2       2286    2288    2287    
CTRIA3  3608    2       95      2298    94      
CTRIA3  3609    2       31      2299    30      
CTRIA3  3610    2       2456    2476    1970    
CTRIA3  3611    2       2159    2371    2144    
CTRIA3  3612    2       2225    2379    2055    
CTRIA3  3613    2       2132    2133    2131    
CTRIA3  3614    2       2004    2338    2010    
CTRIA3  3615    2       2246    2463    2163    
CTRIA3  3616    2       2493    2542    2188    
CTRIA3  3617    2       2036    2418    2332    
CTRIA3  3618    2       2402    2514    2326    
CTRIA3  3619    2       2110    2262    2249    
CTRIA3  3620    2       2286    2287    2284    
CTRIA3  3621    2       2308    2423    2145    
CTRIA3  3622    2       2121    2124    2123    
CTRIA3  3623    2       2088    2089    2087    
CTRIA3  3624    2       2024    2025    2022    
CTRIA3  3625    2       2197    2198    2195    
CTRIA3  3626    2       2124    2127    2123    
CTRIA3  3627    2       2229    2439    2340    
CTRIA3  3628    2       2152    2300    2281    
CTRIA3  3629    2       2198    2228    2227    
CTRIA3  3630    2       1988    2505    2469    
CTRIA3  3631    2       2320    2522    2021    
CTRIA3  3632    2       1981    2427    2395    
CTRIA3  3633    2       2105    2107    2106    
CTRIA3  3634    2       2236    2570    2139    
CTRIA3  3635    2       2090    2091    2089    
CTRIA3  3636    2       2130    2131    2128    
CTRIA3  3637    2       2203    2204    2201    
CTRIA3  3638    2       2021    2317    2019    
CTRIA3  3639    2       2109    2344    2112    
CTRIA3  3640    2       2203    2205    2204    
CTRIA3  3641    2       2091    2490    2149    
CTRIA3  3642    2       2355    2419    1976    
CTRIA3  3643    2       2109    2111    2110    
CTRIA3  3644    2       2014    2019    2013    
CTRIA3  3645    2       2097    2100    2098    
CTRIA3  3646    2       2204    2472    2236    
CTRIA3  3647    2       2001    2048    2007    
CTRIA3  3648    2       2216    2553    2409    
CTRIA3  3649    2       2061    2379    2065    
CTRIA3  3650    2       2469    2505    2377    
CTRIA3  3651    2       2454    2520    16      
CTRIA3  3652    2       2267    2453    2268    
CTRIA3  3653    2       2300    2543    2099    
CTRIA3  3654    2       2302    2305    2304    
CTRIA3  3655    2       2100    2104    2101    
CTRIA3  3656    2       2259    2317    2021    
CTRIA3  3657    2       2109    2112    2111    
CTRIA3  3658    2       2224    2230    2048    
CTRIA3  3659    2       2095    2097    2096    
CTRIA3  3660    2       2057    2059    2058    
CTRIA3  3661    2       2105    2108    2107    
CTRIA3  3662    2       2095    2096    2094    
CTRIA3  3663    2       2092    2093    2091    
CTRIA3  3664    2       2091    2149    2089    
CTRIA3  3665    2       2311    2575    2163    
CTRIA3  3666    2       2050    2051    2049    
CTRIA3  3667    2       2102    2103    2093    
CTRIA3  3668    2       1998    2224    2001    
CTRIA3  3669    2       2217    2296    2017    
CTRIA3  3670    2       2048    2049    2007    
CTRIA3  3671    2       2129    2130    2128    
CTRIA3  3672    2       2201    2236    2139    
CTRIA3  3673    2       2305    2307    2306    
CTRIA3  3674    2       2484    2561    2333    
CTRIA3  3675    2       1948    2475    2370    
CTRIA3  3676    2       2052    2053    2051    
CTRIA3  3677    2       2193    2195    2194    
CTRIA3  3678    2       2195    2226    2194    
CTRIA3  3679    2       2098    2243    2140    
CTRIA3  3680    2       2284    2294    2040    
CTRIA3  3681    2       2152    2281    2090    
CTRIA3  3682    2       2305    2306    2304    
CTRIA3  3683    2       2333    2467    2331    
CTRIA3  3684    2       2290    2291    2289    
CTRIA3  3685    2       2427    2582    2395    
CTRIA3  3686    2       2023    2024    2022    
CTRIA3  3687    2       2433    2443    2432    
CTRIA3  3688    2       2032    2035    2034    
CTRIA3  3689    2       2009    2014    2013    
CTRIA3  3690    2       2198    2227    2226    
CTRIA3  3691    2       2243    2245    2244    
CTRIA3  3692    2       2036    2592    2328    
CTRIA3  3693    2       2055    2056    2053    
CTRIA3  3694    2       2052    2225    2055    
CTRIA3  3695    2       2197    2339    2198    
CTRIA3  3696    2       2328    2329    2253    
CTRIA3  3697    2       2094    2102    2093    
CTRIA3  3698    2       2050    2587    2069    
CTRIA3  3699    2       2120    2438    2121    
CTRIA3  3700    2       2205    2206    2204    
CTRIA3  3701    2       2069    2273    2272    
CTRIA3  3702    2       2057    2379    2061    
CTRIA3  3703    2       2117    2316    2264    
CTRIA3  3704    2       2517    2562    2297    
CTRIA3  3705    2       2147    2151    2120    
CTRIA3  3706    2       2112    2114    2113    
CTRIA3  3707    2       2050    2069    2052    
CTRIA3  3708    2       1961    2512    2337    
CTRIA3  3709    2       2033    2531    2478    
CTRIA3  3710    2       2132    2134    2133    
CTRIA3  3711    2       2103    2479    2093    
CTRIA3  3712    2       2364    2473    2352    
CTRIA3  3713    2       2009    2414    2014    
CTRIA3  3714    2       2285    2286    2284    
CTRIA3  3715    2       2057    2058    2056    
CTRIA3  3716    2       2346    2515    1948    
CTRIA3  3717    2       2076    2087    2086    
CTRIA3  3718    2       2245    2270    2269    
CTRIA3  3719    2       2150    2537    2525    
CTRIA3  3720    2       2398    2450    1946    
CTRIA3  3721    2       2228    2382    2368    
CTRIA3  3722    2       2250    2253    2251    
CTRIA3  3723    2       2262    2422    2249    
CTRIA3  3724    2       2353    2477    2167    
CTRIA3  3725    2       2105    2106    2101    
CTRIA3  3726    2       2353    2515    2346    
CTRIA3  3727    2       2057    2061    2059    
CTRIA3  3728    2       2337    2513    1961    
CTRIA3  3729    2       1967    2535    2299    
CTRIA3  3730    2       2088    2090    2089    
CTRIA3  3731    2       2299    2359    30      
CTRIA3  3732    2       2121    2123    2122    
CTRIA3  3733    2       2228    2368    2229    
CTRIA3  3734    2       2196    2197    2195    
CTRIA3  3735    2       2084    2282    2042    
CTRIA3  3736    2       2109    2110    2107    
CTRIA3  3737    2       2076    2088    2087    
CTRIA3  3738    2       2019    2317    2043    
CTRIA3  3739    2       2329    2331    2330    
CTRIA3  3740    2       2298    2528    94      
CTRIA3  3741    2       2089    2231    2087    
CTRIA3  3742    2       1979    2364    2352    
CTRIA3  3743    2       2374    2391    2207    
CTRIA3  3744    2       2250    2328    2253    
CTRIA3  3745    2       2148    2455    2242    
CTRIA3  3746    2       2144    2371    2145    
CTRIA3  3747    2       2254    2440    2256    
CTRIA3  3748    2       2137    2423    2133    
CTRIA3  3749    2       2277    2371    2159    
CTRIA3  3750    2       2059    2063    2058    
CTRIA3  3751    2       2104    2435    2105    
CTRIA3  3752    2       2090    2092    2091    
CTRIA3  3753    2       2087    2568    2086    
CTRIA3  3754    2       2127    2301    2247    
CTRIA3  3755    2       2021    2522    2259    
CTRIA3  3756    2       2165    2167    2151    
CTRIA3  3757    2       1973    2440    2335    
CTRIA3  3758    2       2098    2140    2096    
CTRIA3  3759    2       2399    2520    2454    
CTRIA3  3760    2       2292    2584    2387    
CTRIA3  3761    2       2113    2117    2111    
CTRIA3  3762    2       2139    2570    2130    
CTRIA3  3763    2       2001    2224    2048    
CTRIA3  3764    2       2202    2203    2201    
CTRIA3  3765    2       2365    2390    1963    
CTRIA3  3766    2       2164    2443    2433    
CTRIA3  3767    2       2370    2475    2190    
CTRIA3  3768    2       2251    2334    2254    
CTRIA3  3769    2       2283    2312    2285    
CTRIA3  3770    2       2373    2584    1957    
CTRIA3  3771    2       2376    2550    2209    
CTRIA3  3772    2       2260    2606    2261    
CTRIA3  3773    2       2301    2302    2247    
CTRIA3  3774    2       2127    2247    2246    
CTRIA3  3775    2       2387    2584    2373    
CTRIA3  3776    2       2113    2316    2117    
CTRIA3  3777    2       2124    2129    2128    
CTRIA3  3778    2       2200    2201    2139    
CTRIA3  3779    2       2440    2608    2256    
CTRIA3  3780    2       2092    2094    2093    
CTRIA3  3781    2       2193    2194    2192    
CTRIA3  3782    2       2308    2436    2423    
CTRIA3  3783    2       2332    2592    2036    
CTRIA3  3784    2       2528    2536    2261    
CTRIA3  3785    2       2350    2580    2313    
CTRIA3  3786    2       2270    2557    2269    
CTRIA3  3787    2       2305    2308    2307    
CTRIA3  3788    2       1953    2258    92      
CTRIA3  3789    2       2369    2535    1967    
CTRIA3  3790    2       2204    2236    2201    
CTRIA3  3791    2       2108    2344    2109    
CTRIA3  3792    2       2258    2357    91      
CTRIA3  3793    2       2392    2431    2268    
CTRIA3  3794    2       2477    2495    2167    
CTRIA3  3795    2       2443    2516    2432    
CTRIA3  3796    2       2039    2478    2295    
CTRIA3  3797    2       2020    2023    2022    
CTRIA3  3798    2       2001    2007    2002    
CTRIA3  3799    2       2167    2495    2151    
CTRIA3  3800    2       1986    2589    2337    
CTRIA3  3801    2       1967    2568    2369    
CTRIA3  3802    2       2135    2570    2236    
CTRIA3  3803    2       2059    2425    2063    
CTRIA3  3804    2       2280    2476    2456    
CTRIA3  3805    2       2077    2084    2042    
CTRIA3  3806    2       2042    2282    2024    
CTRIA3  3807    2       2261    2606    1953    
CTRIA3  3808    2       2075    2279    2076    
CTRIA3  3809    2       2335    2450    2398    
CTRIA3  3810    2       1957    2584    2530    
CTRIA3  3811    2       2198    2226    2195    
CTRIA3  3812    2       2114    2116    2113    
CTRIA3  3813    2       1998    2001    2000    
CTRIA3  3814    2       5       2476    2426    
CTRIA3  3815    2       2027    2250    2041    
CTRIA3  3816    2       2033    2478    2032    
CTRIA3  3817    2       2340    2439    1980    
CTRIA3  3818    2       2117    2264    2263    
CTRIA3  3819    2       2207    2564    2374    
CTRIA3  3820    2       2061    2062    2059    
CTRIA3  3821    2       2145    2423    2137    
CTRIA3  3822    2       2302    2436    2305    
CTRIA3  3823    2       2290    2292    2291    
CTRIA3  3824    2       2328    2592    2329    
CTRIA3  3825    2       2030    2033    2032    
CTRIA3  3826    2       2333    2590    2332    
CTRIA3  3827    2       2302    2304    2303    
CTRIA3  3828    2       2183    2507    2012    
CTRIA3  3829    2       2295    2519    2039    
CTRIA3  3830    2       2352    2353    1979    
CTRIA3  3831    2       2287    2294    2284    
CTRIA3  3832    2       2118    2147    2120    
CTRIA3  3833    2       2242    2604    2148    
CTRIA3  3834    2       2026    2040    2028    
CTRIA3  3835    2       2037    2418    2034    
CTRIA3  3836    2       2149    2232    2231    
CTRIA3  3837    2       2101    2607    2098    
CTRIA3  3838    2       2035    2037    2034    
CTRIA3  3839    2       2332    2590    2329    
CTRIA3  3840    2       2337    2512    1986    
CTRIA3  3841    2       2243    2244    2140    
CTRIA3  3842    2       2143    2150    2104    
CTRIA3  3843    2       2237    2452    1954    
CTRIA3  3844    2       2283    2285    2284    
CTRIA3  3845    2       2372    2458    2266    
CTRIA3  3846    2       2055    2379    2057    
CTRIA3  3847    2       2129    2139    2130    
CTRIA3  3848    2       2205    2207    2206    
CTRIA3  3849    2       2167    2515    2353    
CTRIA3  3850    2       2187    2537    2150    
CTRIA3  3851    2       2404    2437    2234    
CTRIA3  3852    2       2250    2251    2041    
CTRIA3  3853    2       2291    2295    2289    
CTRIA3  3854    2       2046    2418    2037    
CTRIA3  3855    2       2362    2530    2486    
CTRIA3  3856    2       2029    2250    2027    
CTRIA3  3857    2       2027    2041    2025    
CTRIA3  3858    2       2025    2320    2022    
CTRIA3  3859    2       1947    2444    2383    
CTRIA3  3860    2       2092    2095    2094    
CTRIA3  3861    2       2034    2036    2031    
CTRIA3  3862    2       2124    2438    2129    
CTRIA3  3863    2       2011    2314    2015    
CTRIA3  3864    2       2229    2340    2227    
CTRIA3  3865    2       2098    2607    2243    
CTRIA3  3866    2       2226    2445    2194    
CTRIA3  3867    2       2224    2508    2230    
CTRIA3  3868    2       2273    2587    2494    
CTRIA3  3869    2       2029    2328    2250    
CTRIA3  3870    2       2308    2336    2307    
CTRIA3  3871    2       2245    2269    2244    
CTRIA3  3872    2       2121    2122    2119    
CTRIA3  3873    2       2107    2248    2106    
CTRIA3  3874    2       2183    2319    2318    
CTRIA3  3875    2       1947    2383    62      
CTRIA3  3876    2       67      2347    1949    
CTRIA3  3877    2       300     2346    1948    
CTRIA3  3878    2       2134    2137    2133    
CTRIA3  3879    2       2185    2575    2271    
CTRIA3  3880    2       2125    2163    2157    
CTRIA3  3881    2       2198    2339    2228    
CTRIA3  3882    2       2277    2598    2371    
CTRIA3  3883    2       2075    2280    2279    
CTRIA3  3884    2       2342    2460    2270    
CTRIA3  3885    2       2342    2588    2341    
CTRIA3  3886    2       2088    2152    2090    
CTRIA3  3887    2       2371    2598    2513    
CTRIA3  3888    2       2123    2246    2125    
CTRIA3  3889    2       2163    2575    2185    
CTRIA3  3890    2       2023    2042    2024    
CTRIA3  3891    2       2297    2562    2318    
CTRIA3  3892    2       2231    2369    2087    
CTRIA3  3893    2       2111    2262    2110    
CTRIA3  3894    2       2017    2296    2075    
CTRIA3  3895    2       298     2364    1979    
CTRIA3  3896    2       69      2362    1978    
CTRIA3  3897    2       2193    2196    2195    
CTRIA3  3898    2       2145    2371    2336    
CTRIA3  3899    2       1948    2515    2475    
CTRIA3  3900    2       2054    2382    2339    
CTRIA3  3901    2       2362    2486    1978    
CTRIA3  3902    2       2264    2265    2263    
CTRIA3  3903    2       2133    2423    2136    
CTRIA3  3904    2       2264    2267    2265    
CTRIA3  3905    2       2129    2438    2199    
CTRIA3  3906    2       2096    2321    2094    
CTRIA3  3907    2       2132    2135    2134    
CTRIA3  3908    2       2329    2330    2253    
CTRIA3  3909    2       1973    2398    89      
CTRIA3  3910    2       40      2354    1975    
CTRIA3  3911    2       104     2355    1976    
CTRIA3  3912    2       2133    2136    2131    
CTRIA3  3913    2       38      2356    1997    
CTRIA3  3914    2       1996    2399    2343    
CTRIA3  3915    2       2211    2349    1971    
CTRIA3  3916    2       2115    2141    2114    
CTRIA3  3917    2       2298    2536    2528    
CTRIA3  3918    2       2358    2573    2552    
CTRIA3  3919    2       2019    2043    2013    
CTRIA3  3920    2       2318    2556    2183    
CTRIA3  3921    2       2299    2535    2232    
CTRIA3  3922    2       2383    2444    2340    
CTRIA3  3923    2       2095    2281    2099    
CTRIA3  3924    2       2274    2491    1989    
CTRIA3  3925    2       2039    2519    2412    
CTRIA3  3926    2       1962    2466    2411    
CTRIA3  3927    2       2183    2556    2507    
CTRIA3  3928    2       2153    2381    2173    
CTRIA3  3929    2       1968    2298    95      
CTRIA3  3930    2       1967    2299    31      
CTRIA3  3931    2       2147    2165    2151    
CTRIA3  3932    2       2158    2187    2150    
CTRIA3  3933    2       2329    2590    2331    
CTRIA3  3934    2       2004    2010    2006    
CTRIA3  3935    2       2315    2468    2217    
CTRIA3  3936    2       2127    2246    2123    
CTRIA3  3937    2       2034    2418    2036    
CTRIA3  3938    2       2209    2381    2155    
CTRIA3  3939    2       2141    2380    2114    
CTRIA3  3940    2       2243    2501    2245    
CTRIA3  3941    2       2281    2300    2099    
CTRIA3  3942    2       2394    2604    2208    
CTRIA3  3943    2       2439    2503    2363    
CTRIA3  3944    2       2153    2154    2141    
CTRIA3  3945    2       1957    2530    2362    
CTRIA3  3946    2       2076    2086    2018    
CTRIA3  3947    2       2423    2436    2136    
CTRIA3  3948    2       2441    2482    2461    
CTRIA3  3949    2       2149    2433    2232    
CTRIA3  3950    2       2200    2202    2201    
CTRIA3  3951    2       2352    2473    2203    
CTRIA3  3952    2       2372    2500    1958    
CTRIA3  3953    2       1989    2553    2274    
CTRIA3  3954    2       2142    2153    2141    
CTRIA3  3955    2       2432    2516    1951    
CTRIA3  3956    2       2154    2380    2141    
CTRIA3  3957    2       2292    2293    2291    
CTRIA3  3958    2       2309    2597    1944    
CTRIA3  3959    2       2245    2588    2270    
CTRIA3  3960    2       2329    2592    2332    
CTRIA3  3961    2       1956    2473    2364    
CTRIA3  3962    2       2365    2544    2390    
CTRIA3  3963    2       2347    2481    1949    
CTRIA3  3964    2       35      2420    2297    
CTRIA3  3965    2       2397    2521    2428    
CTRIA3  3966    2       2015    2217    2017    
CTRIA3  3967    2       2207    2208    2206    
CTRIA3  3968    2       2049    2415    2083    
CTRIA3  3969    2       2116    2316    2113    
CTRIA3  3970    2       2114    2380    2116    
CTRIA3  3971    2       298     1979    299     
CTRIA3  3972    2       61      1980    60      
CTRIA3  3973    2       306     1977    307     
CTRIA3  3974    2       69      1978    68      
CTRIA3  3975    2       2175    2380    2154    
CTRIA3  3976    2       2123    2125    2122    
CTRIA3  3977    2       304     1950    305     
CTRIA3  3978    2       300     1948    301     
CTRIA3  3979    2       63      1947    62      
CTRIA3  3980    2       67      1949    66      
CTRIA3  3981    2       2217    2554    2296    
CTRIA3  3982    2       2061    2064    2062    
CTRIA3  3983    2       2095    2099    2097    
CTRIA3  3984    2       2009    2013    2011    
CTRIA3  3985    2       2120    2551    2438    
CTRIA3  3986    2       2035    2038    2037    
CTRIA3  3987    2       2234    2594    2404    
CTRIA3  3988    2       2397    2428    2278    
CTRIA3  3989    2       2014    2471    2020    
CTRIA3  3990    2       2084    2576    2313    
CTRIA3  3991    2       2360    2568    1967    
CTRIA3  3992    2       24      1944    23      
CTRIA3  3993    2       88      1946    87      
CTRIA3  3994    2       42      1943    41      
CTRIA3  3995    2       106     1945    105     
CTRIA3  3996    2       40      1975    39      
CTRIA3  3997    2       104     1976    103     
CTRIA3  3998    2       26      1974    25      
CTRIA3  3999    2       90      1973    89      
CTRIA3  4000    2       38      1997    37      
CTRIA3  4001    2       28      2271    27      
CTRIA3  4002    2       2289    2531    2287    
CTRIA3  4003    2       101     1954    100     
CTRIA3  4004    2       37      1952    36      
CTRIA3  4005    2       93      1953    92      
CTRIA3  4006    2       29      1951    28      
CTRIA3  4007    2       35      2297    34      
CTRIA3  4008    2       2336    2337    2307    
CTRIA3  4009    2       34      1969    33      
CTRIA3  4010    2       98      1970    97      
CTRIA3  4011    2       96      1968    95      
CTRIA3  4012    2       32      1967    31      
CTRIA3  4013    2       2134    2138    2137    
CTRIA3  4014    2       2253    2334    2251    
CTRIA3  4015    2       2339    2382    2228    
CTRIA3  4016    2       2112    2115    2114    
CTRIA3  4017    2       65      1972    64      
CTRIA3  4018    2       302     1971    303     
CTRIA3  4019    2       2202    2352    2203    
CTRIA3  4020    2       2267    2268    2265    
CTRIA3  4021    2       1974    2311    2310    
CTRIA3  4022    2       2372    2459    2458    
CTRIA3  4023    2       2269    2557    2546    
CTRIA3  4024    2       1944    2424    23      
CTRIA3  4025    2       106     2376    1945    
CTRIA3  4026    2       2155    2381    2153    
CTRIA3  4027    2       2149    2231    2089    
CTRIA3  4028    2       2406    2466    1962    
CTRIA3  4029    2       2208    2541    2394    
CTRIA3  4030    2       2001    2002    2000    
CTRIA3  4031    2       2425    2449    2063    
CTRIA3  4032    2       2153    2173    2154    
CTRIA3  4033    2       2100    2143    2104    
CTRIA3  4034    2       2227    2444    2226    
CTRIA3  4035    2       2261    2448    2260    
CTRIA3  4036    2       71      1957    70      
CTRIA3  4037    2       308     1958    309     
CTRIA3  4038    2       296     1956    297     
CTRIA3  4039    2       59      1955    58      
CTRIA3  4040    2       2161    2209    2155    
CTRIA3  4041    2       2321    2434    2219    
CTRIA3  4042    2       1982    2548    2384    
CTRIA3  4043    2       1954    2552    2241    
CTRIA3  4044    2       1994    2465    2389    
CTRIA3  4045    2       2208    2242    2206    
CTRIA3  4046    2       2344    2595    2410    
CTRIA3  4047    2       2264    2499    2267    
CTRIA3  4048    2       305     2348    306     
CTRIA3  4049    2       2064    2066    2062    
CTRIA3  4050    2       2061    2065    2064    
CTRIA3  4051    2       64      2351    63      
CTRIA3  4052    2       303     2349    304     
CTRIA3  4053    2       2433    2490    2164    
CTRIA3  4054    2       2038    2045    2037    
CTRIA3  4055    2       2035    2039    2038    
CTRIA3  4056    2       2467    2545    2331    
CTRIA3  4057    2       2234    2577    2235    
CTRIA3  4058    2       2049    2083    2007    
CTRIA3  4059    2       1954    2574    2237    
CTRIA3  4060    2       2138    2144    2137    
CTRIA3  4061    2       2110    2249    2248    
CTRIA3  4062    2       2341    2588    2245    
CTRIA3  4063    2       2075    2296    2280    
CTRIA3  4064    2       2102    2474    2118    
CTRIA3  4065    2       2378    2482    2441    
CTRIA3  4066    2       307     2361    308     
CTRIA3  4067    2       60      2363    59      
CTRIA3  4068    2       2173    2174    2154    
CTRIA3  4069    2       296     2374    1956    
CTRIA3  4070    2       71      2373    1957    
CTRIA3  4071    2       2062    2425    2059    
CTRIA3  4072    2       2302    2303    2247    
CTRIA3  4073    2       2065    2070    2064    
CTRIA3  4074    2       2066    2067    2062    
CTRIA3  4075    2       2038    2047    2045    
CTRIA3  4076    2       2045    2046    2037    
CTRIA3  4077    2       2409    2553    1989    
CTRIA3  4078    2       2486    2506    1978    
CTRIA3  4079    2       2144    2145    2137    
CTRIA3  4080    2       2138    2146    2144    
CTRIA3  4081    2       2174    2175    2154    
CTRIA3  4082    2       91      2357    90      
CTRIA3  4083    2       2066    2068    2067    
CTRIA3  4084    2       2065    2071    2070    
CTRIA3  4085    2       2047    2079    2045    
CTRIA3  4086    2       2138    2148    2146    
CTRIA3  4087    2       2146    2159    2144    
CTRIA3  4088    2       30      2359    29      
CTRIA3  4089    2       2174    2176    2175    
CTRIA3  4090    2       2418    2484    2332    
CTRIA3  4091    2       2068    2082    2067    
CTRIA3  4092    2       2071    2168    2070    
CTRIA3  4093    2       2066    2073    2068    
CTRIA3  4094    2       2047    2080    2079    
CTRIA3  4095    2       2488    2496    2405    
CTRIA3  4096    2       2146    2160    2159    
CTRIA3  4097    2       2176    2177    2175    
CTRIA3  4098    2       2073    2074    2068    
CTRIA3  4099    2       2082    2085    2067    
CTRIA3  4100    2       2168    2189    2070    
CTRIA3  4101    2       2080    2214    2079    
CTRIA3  4102    2       2047    2081    2080    
CTRIA3  4103    2       2160    2275    2159    
CTRIA3  4104    2       2       2360    32      
CTRIA3  4105    2       2176    2178    2177    
CTRIA3  4106    2       2168    2377    2189    
CTRIA3  4107    2       2073    2233    2074    
CTRIA3  4108    2       2082    2220    2085    
CTRIA3  4109    2       2080    2215    2214    
CTRIA3  4110    2       2214    2216    2079    
CTRIA3  4111    2       2275    2277    2159    
CTRIA3  4112    2       2160    2276    2275    
CTRIA3  4113    2       2178    2179    2177    
CTRIA3  4114    2       2082    2222    2220    
CTRIA3  4115    2       2233    2234    2074    
CTRIA3  4116    2       2220    2221    2085    
CTRIA3  4117    2       2215    2274    2214    
CTRIA3  4118    2       2160    2278    2276    
CTRIA3  4119    2       2178    2184    2179    
CTRIA3  4120    2       2179    2180    2177    
CTRIA3  4121    2       2234    2235    2074    
CTRIA3  4122    2       2220    2322    2221    
CTRIA3  4123    2       2278    2343    2276    
CTRIA3  4124    2       2179    2181    2180    
CTRIA3  4125    2       2178    2378    2184    
CTRIA3  4126    2       2322    2323    2221    
CTRIA3  4127    2       2181    2182    2180    
CTRIA3  4128    2       2322    2366    2323    
CTRIA3  4129    2       2323    2324    2221    
CTRIA3  4130    2       2181    2365    2182    
CTRIA3  4131    2       2081    2385    2384    
CTRIA3  4132    2       2081    2384    2080    
CTRIA3  4133    2       2080    2384    2215    
CTRIA3  4134    2       2068    2386    2082    
CTRIA3  4135    2       2074    2386    2068    
CTRIA3  4136    2       2235    2386    2074    
CTRIA3  4137    2       2082    2386    2222    
CTRIA3  4138    2       2148    2397    2146    
CTRIA3  4139    2       2146    2397    2160    
CTRIA3  4140    2       77      2389    76      
CTRIA3  4141    2       73      2387    72      
CTRIA3  4142    2       313     1981    314     
CTRIA3  4143    2       55      2388    54      
CTRIA3  4144    2       56      1965    55      
CTRIA3  4145    2       293     1966    294     
CTRIA3  4146    2       78      1994    77      
CTRIA3  4147    2       315     1995    316     
CTRIA3  4148    2       52      1993    51      
CTRIA3  4149    2       54      1984    53      
CTRIA3  4150    2       72      2373    71      
CTRIA3  4151    2       74      1964    73      
CTRIA3  4152    2       289     1996    290     
CTRIA3  4153    2       291     1983    292     
CTRIA3  4154    2       295     2374    296     
CTRIA3  4155    2       311     1963    312     
CTRIA3  4156    2       76      1982    75      
CTRIA3  4157    2       53      2396    52      
CTRIA3  4158    2       292     2393    293     
CTRIA3  4159    2       312     2390    313     
CTRIA3  4160    2       314     2395    315     
CTRIA3  4161    2       294     2391    295     
CTRIA3  4162    2       310     2392    311     
CTRIA3  4163    2       2160    2397    2278    
CTRIA3  4164    2       2393    2394    1966    
CTRIA3  4165    2       76      2389    1982    
CTRIA3  4166    2       72      2387    2373    
CTRIA3  4167    2       311     2392    1963    
CTRIA3  4168    2       1965    2388    55      
CTRIA3  4169    2       1984    2396    53      
CTRIA3  4170    2       1963    2390    312     
CTRIA3  4171    2       315     2395    1995    
CTRIA3  4172    2       1994    2389    77      
CTRIA3  4173    2       1966    2391    294     
CTRIA3  4174    2       54      2388    1984    
CTRIA3  4175    2       1981    2395    314     
CTRIA3  4176    2       1983    2393    292     
CTRIA3  4177    2       313     2390    1981    
CTRIA3  4178    2       1964    2387    73      
CTRIA3  4179    2       52      2396    1993    
CTRIA3  4180    2       293     2393    1966    
CTRIA3  4181    2       295     2391    2374    
CTRIA3  4182    2       2331    2590    2333    
CTRIA3  4183    2       2045    2400    2046    
CTRIA3  4184    2       2079    2400    2045    
CTRIA3  4185    2       1987    2488    2405    
CTRIA3  4186    2       2151    2551    2120    
CTRIA3  4187    2       2400    2401    2046    
CTRIA3  4188    2       2260    2448    2317    
CTRIA3  4189    2       2343    2399    2276    
CTRIA3  4190    2       2216    2400    2079    
CTRIA3  4191    2       2414    2571    2218    
CTRIA3  4192    2       2117    2263    2262    
CTRIA3  4193    2       2313    2511    2350    
CTRIA3  4194    2       2099    2485    2097    
CTRIA3  4195    2       2334    2440    2254    
CTRIA3  4196    2       2327    2503    2439    
CTRIA3  4197    2       2039    2412    2038    
CTRIA3  4198    2       2071    2169    2168    
CTRIA3  4199    2       2038    2412    2047    
CTRIA3  4200    2       2013    2314    2011    
CTRIA3  4201    2       18      1992    17      
CTRIA3  4202    2       20      1961    19      
CTRIA3  4203    2       48      1991    47      
CTRIA3  4204    2       108     1985    107     
CTRIA3  4205    2       109     2403    108     
CTRIA3  4206    2       44      1988    43      
CTRIA3  4207    2       46      1960    45      
CTRIA3  4208    2       82      1989    81      
CTRIA3  4209    2       84      1962    83      
CTRIA3  4210    2       86      1990    85      
CTRIA3  4211    2       22      1986    21      
CTRIA3  4212    2       110     1959    109     
CTRIA3  4213    2       112     1987    111     
CTRIA3  4214    2       111     2405    110     
CTRIA3  4215    2       19      2408    18      
CTRIA3  4216    2       49      2404    48      
CTRIA3  4217    2       47      2407    46      
CTRIA3  4218    2       83      2409    82      
CTRIA3  4219    2       85      2406    84      
CTRIA3  4220    2       1988    2469    2367    
CTRIA3  4221    2       2132    2570    2135    
CTRIA3  4222    2       2064    2413    2066    
CTRIA3  4223    2       2077    2576    2084    
CTRIA3  4224    2       65      2350    1972    
CTRIA3  4225    2       302     2370    1971    
CTRIA3  4226    2       2070    2413    2064    
CTRIA3  4227    2       2400    2411    2401    
CTRIA3  4228    2       2093    2479    2091    
CTRIA3  4229    2       2270    2588    2342    
CTRIA3  4230    2       2216    2411    2400    
CTRIA3  4231    2       2047    2412    2081    
CTRIA3  4232    2       2189    2413    2070    
CTRIA3  4233    2       2002    2338    2004    
CTRIA3  4234    2       2437    2577    2234    
CTRIA3  4235    2       2066    2413    2073    
CTRIA3  4236    2       2092    2281    2095    
CTRIA3  4237    2       2164    2490    2223    
CTRIA3  4238    2       2152    2569    2300    
CTRIA3  4239    2       87      2375    86      
CTRIA3  4240    2       1962    2409    83      
CTRIA3  4241    2       1959    2403    109     
CTRIA3  4242    2       18      2408    1992    
CTRIA3  4243    2       84      2406    1962    
CTRIA3  4244    2       1961    2408    19      
CTRIA3  4245    2       1991    2407    47      
CTRIA3  4246    2       48      2404    1991    
CTRIA3  4247    2       108     2403    1985    
CTRIA3  4248    2       1987    2405    111     
CTRIA3  4249    2       46      2407    1960    
CTRIA3  4250    2       110     2405    1959    
CTRIA3  4251    2       1990    2406    85      
CTRIA3  4252    2       82      2409    1989    
CTRIA3  4253    2       2222    2534    2388    
CTRIA3  4254    2       2218    2571    2345    
CTRIA3  4255    2       2115    2142    2141    
CTRIA3  4256    2       2388    2534    1984    
CTRIA3  4257    2       2205    2564    2207    
CTRIA3  4258    2       2189    2417    2413    
CTRIA3  4259    2       2361    2372    1958    
CTRIA3  4260    2       1997    1998    1952    
CTRIA3  4261    2       2067    2425    2062    
CTRIA3  4262    2       2413    2417    2073    
CTRIA3  4263    2       1958    2431    309     
CTRIA3  4264    2       2121    2438    2124    
CTRIA3  4265    2       2297    2318    1969    
CTRIA3  4266    2       2343    2526    1996    
CTRIA3  4267    2       2179    2427    2181    
CTRIA3  4268    2       2053    2054    2051    
CTRIA3  4269    2       2119    2480    2103    
CTRIA3  4270    2       86      2375    1990    
CTRIA3  4271    2       2452    2462    99      
CTRIA3  4272    2       2086    2430    2018    
CTRIA3  4273    2       2496    2504    1959    
CTRIA3  4274    2       1946    2375    87      
CTRIA3  4275    2       2405    2496    1959    
CTRIA3  4276    2       2304    2597    2309    
CTRIA3  4277    2       2078    2193    2192    
CTRIA3  4278    2       2180    2429    2177    
CTRIA3  4279    2       1983    2428    2393    
CTRIA3  4280    2       2359    2432    1951    
CTRIA3  4281    2       2075    2076    2018    
CTRIA3  4282    2       2196    2416    2197    
CTRIA3  4283    2       308     2361    1958    
CTRIA3  4284    2       59      2363    1955    
CTRIA3  4285    2       1950    2348    305     
CTRIA3  4286    2       2078    2345    2193    
CTRIA3  4287    2       1977    2361    307     
CTRIA3  4288    2       1980    2363    60      
CTRIA3  4289    2       2188    2367    2169    
CTRIA3  4290    2       2218    2345    2078    
CTRIA3  4291    2       2073    2417    2233    
CTRIA3  4292    2       2428    2521    2394    
CTRIA3  4293    2       310     2431    2392    
CTRIA3  4294    2       2163    2185    2157    
CTRIA3  4295    2       2367    2469    2169    
CTRIA3  4296    2       2291    2519    2295    
CTRIA3  4297    2       2248    2501    2106    
CTRIA3  4298    2       37      1997    1952    
CTRIA3  4299    2       1951    2271    28      
CTRIA3  4300    2       2344    2509    2115    
CTRIA3  4301    2       34      2297    1969    
CTRIA3  4302    2       107     2376    106     
CTRIA3  4303    2       23      2424    22      
CTRIA3  4304    2       2304    2309    2303    
CTRIA3  4305    2       2142    2155    2153    
CTRIA3  4306    2       306     2348    1977    
CTRIA3  4307    2       2380    2429    2116    
CTRIA3  4308    2       36      2420    35      
CTRIA3  4309    2       63      2351    1947    
CTRIA3  4310    2       304     2349    1950    
CTRIA3  4311    2       2337    2589    2307    
CTRIA3  4312    2       33      2421    2       
CTRIA3  4313    2       2085    2425    2067    
CTRIA3  4314    2       2175    2429    2380    
CTRIA3  4315    2       2135    2455    2134    
CTRIA3  4316    2       2054    2539    2382    
CTRIA3  4317    2       2322    2572    1965    
CTRIA3  4318    2       2016    2183    2012    
CTRIA3  4319    2       2316    2499    2264    
CTRIA3  4320    2       2301    2605    2302    
CTRIA3  4321    2       2504    2510    2403    
CTRIA3  4322    2       2131    2579    2128    
CTRIA3  4323    2       297     2364    298     
CTRIA3  4324    2       70      2362    69      
CTRIA3  4325    2       1959    2504    2403    
CTRIA3  4326    2       68      2347    67      
CTRIA3  4327    2       62      2383    61      
CTRIA3  4328    2       299     2346    300     
CTRIA3  4329    2       2184    2427    2179    
CTRIA3  4330    2       301     2370    302     
CTRIA3  4331    2       66      2350    65      
CTRIA3  4332    2       2447    2465    1994    
CTRIA3  4333    2       2280    2456    2279    
CTRIA3  4334    2       2339    2538    2054    
CTRIA3  4335    2       2094    2599    2102    
CTRIA3  4336    2       2177    2429    2175    
CTRIA3  4337    2       2393    2428    2394    
CTRIA3  4338    2       2324    2449    2221    
CTRIA3  4339    2       89      2398    88      
CTRIA3  4340    2       105     2355    104     
CTRIA3  4341    2       41      2354    40      
CTRIA3  4342    2       2303    2463    2247    
CTRIA3  4343    2       103     2358    102     
CTRIA3  4344    2       39      2356    38      
CTRIA3  4345    2       100     2452    99      
CTRIA3  4346    2       5       2426    96      
CTRIA3  4347    2       90      2357    1973    
CTRIA3  4348    2       2407    2532    1960    
CTRIA3  4349    2       29      2359    1951    
CTRIA3  4350    2       2143    2158    2150    
CTRIA3  4351    2       32      2360    1967    
CTRIA3  4352    2       2312    2481    2285    
CTRIA3  4353    2       2206    2472    2204    
CTRIA3  4354    2       2150    2600    2104    
CTRIA3  4355    2       2371    2513    2336    
CTRIA3  4356    2       1982    2451    75      
CTRIA3  4357    2       74      2451    1964    
CTRIA3  4358    2       1963    2453    2365    
CTRIA3  4359    2       2366    2540    57      
CTRIA3  4360    2       97      2476    5       
CTRIA3  4361    2       309     2431    310     
CTRIA3  4362    2       2271    2446    27      
CTRIA3  4363    2       2465    2548    2389    
CTRIA3  4364    2       2058    2060    2056    
CTRIA3  4365    2       2367    2487    1988    
CTRIA3  4366    2       2256    2357    2258    
CTRIA3  4367    2       42      2487    1943    
CTRIA3  4368    2       2108    2595    2344    
CTRIA3  4369    2       17      2454    16      
CTRIA3  4370    2       2010    2414    2006    
CTRIA3  4371    2       2317    2448    2043    
CTRIA3  4372    2       2324    2514    2449    
CTRIA3  4373    2       2361    2459    2372    
CTRIA3  4374    2       2382    2539    2060    
CTRIA3  4375    2       2063    2402    2058    
CTRIA3  4376    2       2199    2200    2139    
CTRIA3  4377    2       2336    2513    2337    
CTRIA3  4378    2       2403    2510    1985    
CTRIA3  4379    2       2323    2325    2324    
CTRIA3  4380    2       2168    2469    2377    
CTRIA3  4381    2       2035    2478    2039    
CTRIA3  4382    2       98      2462    1970    
CTRIA3  4383    2       2138    2455    2148    
CTRIA3  4384    2       1974    2489    25      
CTRIA3  4385    2       2090    2281    2092    
CTRIA3  4386    2       2305    2436    2308    
CTRIA3  4387    2       2085    2449    2425    
CTRIA3  4388    2       2182    2457    2180    
CTRIA3  4389    2       101     2552    1954    
CTRIA3  4390    2       2341    2501    2248    
CTRIA3  4391    2       2378    2488    1987    
CTRIA3  4392    2       2       2421    2360    
CTRIA3  4393    2       2333    2527    2467    
CTRIA3  4394    2       2105    2435    2108    
CTRIA3  4395    2       27      2446    26      
CTRIA3  4396    2       1987    2482    2378    
CTRIA3  4397    2       2117    2262    2111    
CTRIA3  4398    2       2358    2552    102     
CTRIA3  4399    2       2271    2516    2185    
CTRIA3  4400    2       2378    2441    2184    
CTRIA3  4401    2       2043    2448    2315    
CTRIA3  4402    2       2315    2536    2468    
CTRIA3  4403    2       1985    2376    107     
CTRIA3  4404    2       22      2424    1986    
CTRIA3  4405    2       2251    2254    2252    
CTRIA3  4406    2       1944    2489    2309    
CTRIA3  4407    2       2007    2338    2002    
CTRIA3  4408    2       2110    2248    2107    
CTRIA3  4409    2       2178    2488    2378    
CTRIA3  4410    2       2016    2430    2183    
CTRIA3  4411    2       2347    2506    2481    
CTRIA3  4412    2       16      2520    15      
CTRIA3  4413    2       2182    2499    2457    
CTRIA3  4414    2       2331    2450    2330    
CTRIA3  4415    2       2044    2077    2042    
CTRIA3  4416    2       2377    2505    1960    
CTRIA3  4417    2       112     2482    1987    
CTRIA3  4418    2       2239    2452    2237    
CTRIA3  4419    2       49      2483    2404    
CTRIA3  4420    2       2265    2266    2263    
CTRIA3  4421    2       2330    2335    2334    
CTRIA3  4422    2       2521    2604    2394    
CTRIA3  4423    2       2330    2450    2335    
CTRIA3  4424    2       2367    2542    2487    
CTRIA3  4425    2       2181    2544    2365    
CTRIA3  4426    2       1998    2000    1999    
CTRIA3  4427    2       2407    2563    2532    
CTRIA3  4428    2       2321    2599    2094    
CTRIA3  4429    2       2197    2538    2339    
CTRIA3  4430    2       57      2566    2366    
CTRIA3  4431    2       2368    2524    2229    
CTRIA3  4432    2       2041    2320    2025    
CTRIA3  4433    2       1989    2491    81      
CTRIA3  4434    2       2140    2321    2096    
CTRIA3  4435    2       2286    2506    2486    
CTRIA3  4436    2       1980    2383    2340    
CTRIA3  4437    2       2395    2582    1995    
CTRIA3  4438    2       1988    2487    43      
CTRIA3  4439    2       80      2447    79      
CTRIA3  4440    2       2180    2457    2429    
CTRIA3  4441    2       2046    2484    2418    
CTRIA3  4442    2       2053    2539    2054    
CTRIA3  4443    2       2221    2449    2085    
CTRIA3  4444    2       2511    2576    2533    
CTRIA3  4445    2       1960    2505    45      
CTRIA3  4446    2       44      2505    1988    
CTRIA3  4447    2       2166    2190    2165    
CTRIA3  4448    2       291     2526    1983    
CTRIA3  4449    2       1996    2526    290     
CTRIA3  4450    2       2032    2478    2035    
CTRIA3  4451    2       2392    2453    1963    
CTRIA3  4452    2       2183    2430    2319    
CTRIA3  4453    2       1991    2563    2407    
CTRIA3  4454    2       2416    2591    2197    
CTRIA3  4455    2       2081    2529    2385    
CTRIA3  4456    2       2416    2565    2083    
CTRIA3  4457    2       26      2446    1974    
CTRIA3  4458    2       2043    2315    2314    
CTRIA3  4459    2       1986    2512    21      
CTRIA3  4460    2       20      2512    1961    
CTRIA3  4461    2       2486    2530    2288    
CTRIA3  4462    2       2502    2503    2325    
CTRIA3  4463    2       2100    2485    2143    
CTRIA3  4464    2       1960    2532    2377    
CTRIA3  4465    2       2071    2170    2169    
CTRIA3  4466    2       2307    2589    2306    
CTRIA3  4467    2       2235    2534    2386    
CTRIA3  4468    2       1965    2540    2322    
CTRIA3  4469    2       2254    2256    2255    
CTRIA3  4470    2       2051    2415    2049    
CTRIA3  4471    2       57      2540    56      
CTRIA3  4472    2       2394    2541    1966    
CTRIA3  4473    2       2424    2589    1986    
CTRIA3  4474    2       2510    2550    1985    
CTRIA3  4475    2       2287    2601    2294    
CTRIA3  4476    2       75      2451    74      
CTRIA3  4477    2       2078    2192    2077    
CTRIA3  4478    2       2354    2494    1975    
CTRIA3  4479    2       2487    2542    1943    
CTRIA3  4480    2       2286    2486    2288    
CTRIA3  4481    2       2239    2462    2452    
CTRIA3  4482    2       2274    2553    2214    
CTRIA3  4483    2       2190    2475    2165    
CTRIA3  4484    2       2468    2536    2298    
CTRIA3  4485    2       2449    2514    2063    
CTRIA3  4486    2       2302    2605    2436    
CTRIA3  4487    2       2399    2547    2276    
CTRIA3  4488    2       99      2462    98      
CTRIA3  4489    2       2203    2473    2205    
CTRIA3  4490    2       2494    2508    1975    
CTRIA3  4491    2       2310    2463    2303    
CTRIA3  4492    2       2356    2567    1997    
CTRIA3  4493    2       2458    2459    2342    
CTRIA3  4494    2       2058    2402    2060    
CTRIA3  4495    2       1991    2594    2563    
CTRIA3  4496    2       2125    2157    2126    
CTRIA3  4497    2       2363    2503    1955    
CTRIA3  4498    2       2104    2600    2435    
CTRIA3  4499    2       2220    2572    2322    
CTRIA3  4500    2       2460    2557    2270    
CTRIA3  4501    2       2379    2492    2065    
CTRIA3  4502    2       2134    2455    2138    
CTRIA3  4503    2       2377    2532    2189    
CTRIA3  4504    2       2245    2501    2341    
CTRIA3  4505    2       2116    2457    2316    
CTRIA3  4506    2       2006    2414    2009    
CTRIA3  4507    2       2499    2549    2267    
CTRIA3  4508    2       1977    2459    2361    
CTRIA3  4509    2       2429    2457    2116    
CTRIA3  4510    2       2404    2483    2437    
CTRIA3  4511    2       2244    2434    2140    
CTRIA3  4512    2       2231    2535    2369    
CTRIA3  4513    2       2002    2004    2003    
CTRIA3  4514    2       1971    2349    303     
CTRIA3  4515    2       1972    2351    64      
CTRIA3  4516    2       1995    2582    2441    
CTRIA3  4517    2       1992    2454    17      
CTRIA3  4518    2       1980    2439    2363    
CTRIA3  4519    2       2256    2258    2257    
CTRIA3  4520    2       2420    2517    2297    
CTRIA3  4521    2       2247    2463    2246    
CTRIA3  4522    2       2130    2570    2132    
CTRIA3  4523    2       4       2558    78      
CTRIA3  4524    2       2249    2341    2248    
CTRIA3  4525    2       79      2558    4       
CTRIA3  4526    2       2165    2475    2167    
CTRIA3  4527    2       2323    2502    2325    
CTRIA3  4528    2       114     2461    113     
CTRIA3  4529    2       2129    2199    2139    
CTRIA3  4530    2       2017    2075    2018    
CTRIA3  4531    2       316     2559    6       
CTRIA3  4532    2       6       2559    114     
CTRIA3  4533    2       51      2560    3       
CTRIA3  4534    2       2215    2465    2274    
CTRIA3  4535    2       25      2489    24      
CTRIA3  4536    2       3       2560    50      
CTRIA3  4537    2       2437    2483    1993    
CTRIA3  4538    2       2457    2499    2316    
CTRIA3  4539    2       2097    2485    2100    
CTRIA3  4540    2       2325    2326    2324    
CTRIA3  4541    2       2396    2577    1993    
CTRIA3  4542    2       1978    2506    2347    
CTRIA3  4543    2       2411    2466    2401    
CTRIA3  4544    2       24      2489    1944    
CTRIA3  4545    2       2251    2252    2041    
CTRIA3  4546    2       2232    2433    2432    
CTRIA3  4547    2       2430    2497    2319    
CTRIA3  4548    2       2169    2469    2168    
CTRIA3  4549    2       2210    2596    2211    
CTRIA3  4550    2       2084    2313    2312    
CTRIA3  4551    2       2441    2461    1995    
CTRIA3  4552    2       80      2491    2447    
CTRIA3  4553    2       2004    2006    2005    
CTRIA3  4554    2       2023    2044    2042    
CTRIA3  4555    2       2266    2500    2372    
CTRIA3  4556    2       2006    2009    2008    
CTRIA3  4557    2       2340    2444    2227    
CTRIA3  4558    2       2162    2191    2186    
CTRIA3  4559    2       1974    2446    2311    
CTRIA3  4560    2       2435    2600    2191    
CTRIA3  4561    2       2459    2460    2342    
CTRIA3  4562    2       2193    2345    2196    
CTRIA3  4563    2       2018    2430    2016    
CTRIA3  4564    2       2242    2472    2206    
CTRIA3  4565    2       2375    2467    1990    
CTRIA3  4566    2       2330    2334    2253    
CTRIA3  4567    2       2268    2500    2265    
CTRIA3  4568    2       2156    2410    2162    
CTRIA3  4569    2       58      2566    57      
CTRIA3  4570    2       2265    2500    2266    
CTRIA3  4571    2       2461    2482    113     
CTRIA3  4572    2       2043    2314    2013    
CTRIA3  4573    2       2147    2166    2165    
CTRIA3  4574    2       2475    2515    2167    
CTRIA3  4575    2       2366    2502    2323    
CTRIA3  4576    2       2401    2484    2046    
CTRIA3  4577    2       2288    2530    2290    
CTRIA3  4578    2       2184    2582    2427    
CTRIA3  4579    2       1985    2550    2376    
CTRIA3  4580    2       2170    2188    2169    
CTRIA3  4581    2       43      2487    42      
CTRIA3  4582    2       2350    2511    1972    
CTRIA3  4583    2       2285    2506    2286    
CTRIA3  4584    2       1998    1999    1952    
CTRIA3  4585    2       2142    2156    2155    
CTRIA3  4586    2       2263    2422    2262    
CTRIA3  4587    2       2318    2319    1969    
CTRIA3  4588    2       2156    2161    2155    
CTRIA3  4589    2       2172    2212    2158    
CTRIA3  4590    2       2546    2581    2269    
CTRIA3  4591    2       2011    2012    2008    
CTRIA3  4592    2       2306    2589    2424    
CTRIA3  4593    2       2009    2011    2008    
CTRIA3  4594    2       2011    2015    2012    
CTRIA3  4595    2       2162    2410    2191    
CTRIA3  4596    2       2015    2017    2016    
CTRIA3  4597    2       2125    2126    2122    
CTRIA3  4598    2       2404    2594    1991    
CTRIA3  4599    2       113     2482    112     
CTRIA3  4600    2       2381    2510    2173    
CTRIA3  4601    2       2197    2591    2538    
CTRIA3  4602    2       2444    2445    2226    
CTRIA3  4603    2       50      2483    49      
CTRIA3  4604    2       1993    2577    2437    
CTRIA3  4605    2       2385    2529    2470    
CTRIA3  4606    2       93      2528    1953    
CTRIA3  4607    2       2083    2565    2338    
CTRIA3  4608    2       1952    2420    36      
CTRIA3  4609    2       2454    2547    2399    
CTRIA3  4610    2       1969    2421    33      
CTRIA3  4611    2       2202    2353    2352    
CTRIA3  4612    2       2161    2464    2209    
CTRIA3  4613    2       2002    2003    2000    
CTRIA3  4614    2       2391    2541    2207    
CTRIA3  4615    2       2143    2485    2172    
CTRIA3  4616    2       2348    2460    1977    
CTRIA3  4617    2       2241    2574    1954    
CTRIA3  4618    2       2176    2488    2178    
CTRIA3  4619    2       2213    2237    2212    
CTRIA3  4620    2       2467    2527    1990    
CTRIA3  4621    2       2389    2548    1982    
CTRIA3  4622    2       2086    2497    2430    
CTRIA3  4623    2       2348    2557    2460    
CTRIA3  4624    2       2140    2434    2321    
CTRIA3  4625    2       2254    2255    2252    
CTRIA3  4626    2       2054    2538    2415    
CTRIA3  4627    2       2319    2497    2421    
CTRIA3  4628    2       1956    2364    297     
CTRIA3  4629    2       1957    2362    70      
CTRIA3  4630    2       2421    2497    2360    
CTRIA3  4631    2       2083    2338    2007    
CTRIA3  4632    2       2530    2584    2290    
CTRIA3  4633    2       2044    2078    2077    
CTRIA3  4634    2       2176    2496    2488    
CTRIA3  4635    2       94      2528    93      
CTRIA3  4636    2       2162    2171    2161    
CTRIA3  4637    2       1953    2528    2261    
CTRIA3  4638    2       2335    2440    2334    
CTRIA3  4639    2       2005    2072    2003    
CTRIA3  4640    2       2238    2239    2237    
CTRIA3  4641    2       2419    2602    2171    
CTRIA3  4642    2       1972    2603    2351    
CTRIA3  4643    2       2388    2572    2222    
CTRIA3  4644    2       81      2491    80      
CTRIA3  4645    2       2164    2223    2126    
CTRIA3  4646    2       1955    2503    2502    
CTRIA3  4647    2       2174    2496    2176    
CTRIA3  4648    2       2185    2443    2157    
CTRIA3  4649    2       2186    2419    2171    
CTRIA3  4650    2       1965    2572    2388    
CTRIA3  4651    2       2015    2016    2012    
CTRIA3  4652    2       2054    2415    2051    
CTRIA3  4653    2       1983    2609    2428    
CTRIA3  4654    2       2000    2442    1999    
CTRIA3  4655    2       2166    2210    2190    
CTRIA3  4656    2       2309    2310    2303    
CTRIA3  4657    2       2257    2259    2255    
CTRIA3  4658    2       2351    2445    1947    
CTRIA3  4659    2       2065    2492    2071    
CTRIA3  4660    2       2256    2257    2255    
CTRIA3  4661    2       2518    2569    2152    
CTRIA3  4662    2       2166    2219    2210    
CTRIA3  4663    2       2266    2422    2263    
CTRIA3  4664    2       2174    2504    2496    
CTRIA3  4665    2       2415    2591    2083    
CTRIA3  4666    2       2552    2573    2241    
CTRIA3  4667    2       2156    2509    2410    
CTRIA3  4668    2       2481    2506    2285    
CTRIA3  4669    2       2143    2172    2158    
CTRIA3  4670    2       2325    2327    2326    
CTRIA3  4671    2       2207    2541    2208    
CTRIA3  4672    2       2240    2518    2456    
CTRIA3  4673    2       2173    2504    2174    
CTRIA3  4674    2       2387    2555    2292    
CTRIA3  4675    2       2044    2218    2078    
CTRIA3  4676    2       2434    2596    2219    
CTRIA3  4677    2       2456    2578    2240    
CTRIA3  4678    2       2157    2164    2126    
CTRIA3  4679    2       2215    2548    2465    
CTRIA3  4680    2       2252    2320    2041    
CTRIA3  4681    2       2260    2317    2259    
CTRIA3  4682    2       2533    2576    2192    
CTRIA3  4683    2       2004    2005    2003    
CTRIA3  4684    2       2199    2495    2200    
CTRIA3  4685    2       45      2505    44      
CTRIA3  4686    2       2173    2510    2504    
CTRIA3  4687    2       2266    2458    2422    
CTRIA3  4688    2       2017    2018    2016    
CTRIA3  4689    2       2191    2600    2525    
CTRIA3  4690    2       1944    2597    2424    
CTRIA3  4691    2       2224    2567    2508    
CTRIA3  4692    2       1968    2468    2298    
CTRIA3  4693    2       2322    2540    2366    
CTRIA3  4694    2       2171    2464    2161    
CTRIA3  4695    2       2006    2008    2005    
CTRIA3  4696    2       2292    2555    2293    
CTRIA3  4697    2       2526    2609    1983    
CTRIA3  4698    2       1979    2346    299     
CTRIA3  4699    2       1978    2347    68      
CTRIA3  4700    2       61      2383    1980    
CTRIA3  4701    2       1949    2350    66      
CTRIA3  4702    2       1948    2370    301     
CTRIA3  4703    2       2293    2519    2291    
CTRIA3  4704    2       2194    2533    2192    
CTRIA3  4705    2       102     2552    101     
CTRIA3  4706    2       21      2512    20      
CTRIA3  4707    2       2170    2272    2188    
CTRIA3  4708    2       2428    2609    2278    
CTRIA3  4709    2       2300    2569    2238    
CTRIA3  4710    2       1943    2354    41      
CTRIA3  4711    2       1945    2355    105     
CTRIA3  4712    2       88      2398    1946    
CTRIA3  4713    2       1975    2356    39      
CTRIA3  4714    2       1976    2358    103     
CTRIA3  4715    2       2060    2539    2056    
CTRIA3  4716    2       2172    2213    2212    
CTRIA3  4717    2       2241    2585    2574    
CTRIA3  4718    2       1954    2452    100     
CTRIA3  4719    2       2071    2492    2170    
CTRIA3  4720    2       96      2426    1968    
CTRIA3  4721    2       2156    2162    2161    
CTRIA3  4722    2       1949    2580    2350    
CTRIA3  4723    2       2438    2551    2199    
CTRIA3  4724    2       2213    2238    2237    
CTRIA3  4725    2       2099    2543    2485    
CTRIA3  4726    2       2257    2260    2259    
CTRIA3  4727    2       2162    2186    2171    
CTRIA3  4728    2       2238    2240    2239    
CTRIA3  4729    2       2148    2521    2397    
CTRIA3  4730    2       2020    2471    2023    
CTRIA3  4731    2       2223    2490    2479    
CTRIA3  4732    2       1996    2520    2399    
CTRIA3  4733    2       1964    2555    2387    
CTRIA3  4734    2       2219    2599    2321    
CTRIA3  4735    2       2419    2498    1976    
CTRIA3  4736    2       1999    2420    1952    
CTRIA3  4737    2       2003    2442    2000    
CTRIA3  4738    2       2319    2421    1969    
CTRIA3  4739    2       2401    2561    2484    
CTRIA3  4740    2       2410    2509    2344    
CTRIA3  4741    2       2240    2578    2239    
CTRIA3  4742    2       2424    2597    2306    
CTRIA3  4743    2       290     2526    291     
CTRIA3  4744    2       2277    2583    2408    
CTRIA3  4745    2       2239    2578    2462    
CTRIA3  4746    2       2118    2474    2147    
CTRIA3  4747    2       2063    2514    2402    
CTRIA3  4748    2       1947    2445    2444    
CTRIA3  4749    2       2390    2544    1981    
CTRIA3  4750    2       1943    2493    2354    
CTRIA3  4751    2       1970    2476    97      
CTRIA3  4752    2       1990    2527    2406    
CTRIA3  4753    2       2115    2509    2142    
CTRIA3  4754    2       1970    2578    2456    
CTRIA3  4755    2       2056    2539    2053    
CTRIA3  4756    2       2211    2546    2349    
CTRIA3  4757    2       2244    2581    2434    
CTRIA3  4758    2       289     2586    1996    
CTRIA3  4759    2       2200    2477    2202    
CTRIA3  4760    2       2412    2529    2081    
CTRIA3  4761    2       2157    2443    2164    
CTRIA3  4762    2       2408    2598    2277    
CTRIA3  4763    2       1946    2545    2375    
CTRIA3  4764    2       2374    2564    1956    
CTRIA3  4765    2       2211    2581    2546    
CTRIA3  4766    2       2122    2480    2119    
CTRIA3  4767    2       1951    2516    2271    
CTRIA3  4768    2       2448    2536    2315    
CTRIA3  4769    2       2271    2575    2446    
CTRIA3  4770    2       2200    2495    2477    
CTRIA3  4771    2       2149    2490    2433    
CTRIA3  4772    2       1953    2606    2258    
CTRIA3  4773    2       2546    2557    1950    
CTRIA3  4774    2       2102    2599    2474    
CTRIA3  4775    2       2365    2549    2182    
CTRIA3  4776    2       2295    2531    2289    
CTRIA3  4777    2       2574    2585    2212    
CTRIA3  4778    2       1992    2583    2547    
CTRIA3  4779    2       2468    2554    2217    
CTRIA3  4780    2       1977    2460    2459    
CTRIA3  4781    2       1955    2566    58      
CTRIA3  4782    2       2386    2534    2222    
CTRIA3  4783    2       2531    2601    2287    
CTRIA3  4784    2       2072    2442    2003    
CTRIA3  4785    2       2243    2607    2501    
CTRIA3  4786    2       2331    2545    2450    
CTRIA3  4787    2       2470    2529    2293    
CTRIA3  4788    2       2481    2580    1949    
CTRIA3  4789    2       2493    2494    2354    
CTRIA3  4790    2       1       2586    289     
CTRIA3  4791    2       2326    2514    2324    
CTRIA3  4792    2       1981    2544    2427    
CTRIA3  4793    2       15      2586    1       
CTRIA3  4794    2       2023    2471    2044    
CTRIA3  4795    2       2189    2532    2417    
CTRIA3  4796    2       56      2540    1965    
CTRIA3  4797    2       2192    2576    2077    
CTRIA3  4798    2       1966    2541    2391    
CTRIA3  4799    2       2232    2535    2231    
CTRIA3  4800    2       2235    2593    2534    
CTRIA3  4801    2       2381    2550    2510    
CTRIA3  4802    2       2012    2507    2008    
CTRIA3  4803    2       2209    2550    2381    
CTRIA3  4804    2       2290    2584    2292    
CTRIA3  4805    2       2345    2523    2196    
CTRIA3  4806    2       2427    2544    2181    
CTRIA3  4807    2       2199    2551    2495    
CTRIA3  4808    2       2306    2597    2304    
CTRIA3  4809    2       2223    2480    2126    
CTRIA3  4810    2       2273    2494    2493    
CTRIA3  4811    2       2333    2561    2527    
CTRIA3  4812    2       2276    2547    2275    
CTRIA3  4813    2       2384    2548    2215    
CTRIA3  4814    2       2147    2474    2166    
CTRIA3  4815    2       2191    2525    2186    
CTRIA3  4816    2       2142    2509    2156    
CTRIA3  4817    2       2214    2553    2216    
CTRIA3  4818    2       2166    2474    2219    
CTRIA3  4819    2       1993    2560    51      
CTRIA3  4820    2       2212    2585    2158    
CTRIA3  4821    2       1995    2559    316     
CTRIA3  4822    2       78      2558    1994    
CTRIA3  4823    2       2325    2503    2327    
CTRIA3  4824    2       2010    2571    2414    
CTRIA3  4825    2       2259    2522    2255    
CTRIA3  4826    2       2202    2477    2353    
CTRIA3  4827    2       2044    2471    2218    
CTRIA3  4828    2       2196    2523    2416    
CTRIA3  4829    2       2349    2546    1950    
CTRIA3  4830    2       2501    2607    2106    
CTRIA3  4831    2       2462    2578    1970    
CTRIA3  4832    2       2547    2583    2275    
CTRIA3  4833    2       2293    2555    2470    
CTRIA3  4834    2       1950    2557    2348    
CTRIA3  4835    2       2126    2480    2122    
CTRIA3  4836    2       2408    2583    1992    
CTRIA3  4837    2       2237    2574    2212    
CTRIA3  4838    2       2083    2591    2416    
CTRIA3  4839    2       2327    2524    2326    
CTRIA3  4840    2       1992    2547    2454    
CTRIA3  4841    2       2483    2560    1993    
CTRIA3  4842    2       2470    2555    1964    
CTRIA3  4843    2       2464    2602    1945    
CTRIA3  4844    2       2222    2572    2220    
CTRIA3  4845    2       2532    2563    2417    
CTRIA3  4846    2       2563    2594    2233    
CTRIA3  4847    2       1975    2508    2356    
CTRIA3  4848    2       2208    2604    2242    
CTRIA3  4849    2       2357    2608    1973    
CTRIA3  4850    2       2275    2583    2277    
CTRIA3  4851    2       2406    2527    2466    
CTRIA3  4852    2       1943    2542    2493    
CTRIA3  4853    2       2417    2563    2233    
CTRIA3  4854    2       2233    2594    2234    
CTRIA3  4855    2       1984    2593    2396    
CTRIA3  4856    2       2278    2609    2343    
CTRIA3  4857    2       2445    2603    2194    
CTRIA3  4858    2       2158    2585    2187    
CTRIA3  4859    2       2219    2596    2210    
CTRIA3  4860    2       2005    2507    2072    
CTRIA3  4861    2       1961    2598    2408    
CTRIA3  4862    2       2188    2542    2367    
CTRIA3  4863    2       2453    2549    2365    
CTRIA3  4864    2       2148    2604    2521    
CTRIA3  4865    2       2456    2518    2279    
CTRIA3  4866    2       2106    2607    2101    
CTRIA3  4867    2       2185    2516    2443    
CTRIA3  4868    2       1976    2498    2358    
CTRIA3  4869    2       2256    2608    2357    
CTRIA3  4870    2       2461    2559    1995    
CTRIA3  4871    2       2261    2536    2448    
CTRIA3  4872    2       1945    2602    2355    
CTRIA3  4873    2       2186    2537    2419    
CTRIA3  4874    2       2533    2603    1972    
CTRIA3  4875    2       2450    2545    1946    
CTRIA3  4876    2       2008    2507    2005    
CTRIA3  4877    2       2435    2595    2108    
CTRIA3  4878    2       2419    2537    2498    
CTRIA3  4879    2       2182    2549    2499    
CTRIA3  4880    2       2343    2609    2526    
CTRIA3  4881    2       2442    2517    1999    
CTRIA3  4882    2       2252    2522    2320    
CTRIA3  4883    2       2255    2522    2252    
CTRIA3  4884    2       2257    2606    2260    
CTRIA3  4885    2       1994    2558    2447    
CTRIA3  4886    2       1999    2517    2420    
CTRIA3  4887    2       2312    2580    2481    
CTRIA3  4888    2       2474    2599    2219    
CTRIA3  4889    2       2447    2558    79      
CTRIA3  4890    2       2267    2549    2453    
CTRIA3  4891    2       2313    2580    2312    
CTRIA3  4892    2       2473    2564    2205    
CTRIA3  4893    2       2240    2569    2518    
CTRIA3  4894    2       2375    2545    2467    
CTRIA3  4895    2       2507    2556    2072    
CTRIA3  4896    2       1996    2586    2520    
CTRIA3  4897    2       2069    2587    2273    
CTRIA3  4898    2       1956    2564    2473    
CTRIA3  4899    2       2191    2595    2435    
CTRIA3  4900    2       1973    2608    2440    
CTRIA3  4901    2       2136    2579    2131    
CTRIA3  4902    2       2525    2537    2186    
CTRIA3  4903    2       2581    2596    2434    
CTRIA3  4904    2       2441    2582    2184    
CTRIA3  4905    2       2313    2576    2511    
CTRIA3  4906    2       2269    2581    2244    
CTRIA3  4907    2       114     2559    2461    
CTRIA3  4908    2       2466    2561    2401    
CTRIA3  4909    2       2426    2554    1968    
CTRIA3  4910    2       2296    2554    2426    
CTRIA3  4911    2       2172    2543    2213    
CTRIA3  4912    2       2366    2566    2502    
CTRIA3  4913    2       50      2560    2483    
CTRIA3  4914    2       2527    2561    2466    
CTRIA3  4915    2       2502    2566    1955    
CTRIA3  4916    2       1968    2554    2468    
CTRIA3  4917    2       2485    2543    2172    
CTRIA3  4918    2       2238    2569    2240    
CTRIA3  4919    2       2498    2573    2358    
CTRIA3  4920    2       2556    2562    2072    
CTRIA3  4921    2       2436    2605    2136    
CTRIA3  4922    2       2446    2575    2311    
CTRIA3  4923    2       2498    2537    2187    
CTRIA3  4924    2       2258    2606    2257    
CTRIA3  4925    2       2318    2562    2556    
CTRIA3  4926    2       2523    2565    2416    
CTRIA3  4927    2       2513    2598    1961    
CTRIA3  4928    2       2511    2533    1972    
CTRIA3  4929    2       2187    2573    2498    
CTRIA3  4930    2       2497    2568    2360    
CTRIA3  4931    2       2187    2585    2573    
CTRIA3  4932    2       2410    2595    2191    
CTRIA3  4933    2       2171    2602    2464    
CTRIA3  4934    2       2495    2551    2151    
CTRIA3  4935    2       2086    2568    2497    
CTRIA3  4936    2       2508    2567    2356    
CTRIA3  4937    2       2520    2586    15      
CTRIA3  4938    2       2534    2593    1984    
CTRIA3  4939    2       2345    2571    2523    
CTRIA3  4940    2       2442    2562    2517    
CTRIA3  4941    2       2072    2562    2442    
CTRIA3  4942    2       2211    2596    2581    
CTRIA3  4943    2       2351    2603    2445    
CTRIA3  4944    2       2010    2565    2523    
CTRIA3  4945    2       2538    2591    2415    
CTRIA3  4946    2       2194    2603    2533    
CTRIA3  4947    2       2577    2593    2235    
CTRIA3  4948    2       2396    2593    2577    
CTRIA3  4949    2       2523    2571    2010    
CTRIA3  4950    2       2136    2605    2579    
CTRIA3  4951    2       2033    2601    2531    
CTRIA3  4952    2       2525    2600    2150    
CTRIA3  4953    2       2573    2585    2241    
CTRIA3  4954    2       2579    2605    2301    
CTRIA3  4955    3       3686    4617    3195    
CTRIA3  4956    3       4257    4292    4032    
CTRIA3  4957    3       2631    4297    4040    
CTRIA3  4958    3       3582    3586    2973    
CTRIA3  4959    3       3591    3592    3060    
CTRIA3  4960    3       4185    4375    3206    
CTRIA3  4961    3       2969    4346    3802    
CTRIA3  4962    3       3609    4469    3056    
CTRIA3  4963    3       3776    4290    2634    
CTRIA3  4964    3       3748    4215    3136    
CTRIA3  4965    3       4184    4375    4185    
CTRIA3  4966    3       3586    4267    2973    
CTRIA3  4967    3       3056    4469    3591    
CTRIA3  4968    3       3206    4409    3731    
CTRIA3  4969    3       3178    3753    3026    
CTRIA3  4970    3       3134    3730    3659    
CTRIA3  4971    3       299     3656    300     
CTRIA3  4972    3       3566    4256    3223    
CTRIA3  4973    3       3723    3724    2623    
CTRIA3  4974    3       234     3873    233     
CTRIA3  4975    3       136     3846    135     
CTRIA3  4976    3       3078    3783    3132    
CTRIA3  4977    3       4338    4411    3236    
CTRIA3  4978    3       3712    4346    2969    
CTRIA3  4979    3       3731    4185    3206    
CTRIA3  4980    3       3027    4340    3001    
CTRIA3  4981    3       3784    4236    2890    
CTRIA3  4982    3       2668    4068    3679    
CTRIA3  4983    3       2890    4236    4091    
CTRIA3  4984    3       3605    3706    3449    
CTRIA3  4985    3       4259    4449    4370    
CTRIA3  4986    3       2626    3756    3456    
CTRIA3  4987    3       2838    4228    4053    
CTRIA3  4988    3       3044    4458    3603    
CTRIA3  4989    3       4068    4069    3679    
CTRIA3  4990    3       3829    3979    3654    
CTRIA3  4991    3       3738    4235    3155    
CTRIA3  4992    3       3722    3723    2623    
CTRIA3  4993    3       3610    4665    3044    
CTRIA3  4994    3       4165    4381    2615    
CTRIA3  4995    3       3714    3979    3829    
CTRIA3  4996    3       3603    3610    3044    
CTRIA3  4997    3       3659    3731    3134    
CTRIA3  4998    3       3572    3573    3067    
CTRIA3  4999    3       3257    3771    3710    
CTRIA3  5000    3       4053    4228    3581    
CTRIA3  5001    3       3333    4078    3678    
CTRIA3  5002    3       3611    4413    3039    
CTRIA3  5003    3       4032    4450    4257    
CTRIA3  5004    3       3710    4545    3257    
CTRIA3  5005    3       3694    4527    3759    
CTRIA3  5006    3       2963    3605    3449    
CTRIA3  5007    3       3001    4340    3223    
CTRIA3  5008    3       3598    4540    4214    
CTRIA3  5009    3       3608    4351    3182    
CTRIA3  5010    3       4488    4489    3736    
CTRIA3  5011    3       3726    4381    4165    
CTRIA3  5012    3       4379    4595    3456    
CTRIA3  5013    3       2819    3785    2821    
CTRIA3  5014    3       3556    4598    3135    
CTRIA3  5015    3       3759    4527    2837    
CTRIA3  5016    3       135     3846    2655    
CTRIA3  5017    3       2656    3873    234     
CTRIA3  5018    3       3680    4309    2856    
CTRIA3  5019    3       2856    4374    3680    
CTRIA3  5020    3       4338    4478    3930    
CTRIA3  5021    3       3729    3766    3488    
CTRIA3  5022    3       3658    3730    2995    
CTRIA3  5023    3       3710    3771    3709    
CTRIA3  5024    3       4040    4293    2631    
CTRIA3  5025    3       3405    4215    3748    
CTRIA3  5026    3       4292    4293    4032    
CTRIA3  5027    3       3708    3738    3155    
CTRIA3  5028    3       4236    4327    4091    
CTRIA3  5029    3       2919    3776    3668    
CTRIA3  5030    3       2970    3582    2973    
CTRIA3  5031    3       4091    4327    3278    
CTRIA3  5032    3       2656    3871    3869    
CTRIA3  5033    3       3842    3844    2655    
CTRIA3  5034    3       3212    3762    3281    
CTRIA3  5035    3       3554    4413    3553    
CTRIA3  5036    3       3026    3753    3088    
CTRIA3  5037    3       3106    3783    3078    
CTRIA3  5038    3       4214    4455    3598    
CTRIA3  5039    3       3719    3758    2613    
CTRIA3  5040    3       3054    3591    3060    
CTRIA3  5041    3       3717    3719    2613    
CTRIA3  5042    3       2932    3608    3182    
CTRIA3  5043    3       3476    4478    4338    
CTRIA3  5044    3       2973    4267    2975    
CTRIA3  5045    3       2727    4218    2729    
CTRIA3  5046    3       2748    4219    2746    
CTRIA3  5047    3       3958    4399    4368    
CTRIA3  5048    3       4367    4398    3941    
CTRIA3  5049    3       4368    4399    2688    
CTRIA3  5050    3       2709    4398    4367    
CTRIA3  5051    3       3761    4247    3555    
CTRIA3  5052    3       3612    4199    2671    
CTRIA3  5053    3       3135    4321    3556    
CTRIA3  5054    3       4257    4450    2672    
CTRIA3  5055    3       314     3808    315     
CTRIA3  5056    3       3869    3873    2656    
CTRIA3  5057    3       2655    3846    3842    
CTRIA3  5058    3       2650    3756    2626    
CTRIA3  5059    3       3195    4414    3686    
CTRIA3  5060    3       3731    4369    4185    
CTRIA3  5061    3       3736    4489    3607    
CTRIA3  5062    3       3326    4471    4372    
CTRIA3  5063    3       3572    3574    3573    
CTRIA3  5064    3       3048    3572    3067    
CTRIA3  5065    3       2634    4266    3776    
CTRIA3  5066    3       3782    3785    2819    
CTRIA3  5067    3       3039    4413    3037    
CTRIA3  5068    3       3668    4316    2919    
CTRIA3  5069    3       4214    4540    3666    
CTRIA3  5070    3       3608    4544    4351    
CTRIA3  5071    3       3749    3751    2667    
CTRIA3  5072    3       2637    3967    3966    
CTRIA3  5073    3       13      3257    2628    
CTRIA3  5074    3       3675    4449    4259    
CTRIA3  5075    3       4168    4169    3696    
CTRIA3  5076    3       2801    3767    3728    
CTRIA3  5077    3       2942    4333    2944    
CTRIA3  5078    3       2894    4164    292     
CTRIA3  5079    3       3591    3594    3592    
CTRIA3  5080    3       3453    4411    4338    
CTRIA3  5081    3       3762    4369    3731    
CTRIA3  5082    3       2978    3661    3338    
CTRIA3  5083    3       2896    3972    3604    
CTRIA3  5084    3       2635    3793    3660    
CTRIA3  5085    3       3452    4078    3333    
CTRIA3  5086    3       4264    4521    4039    
CTRIA3  5087    3       3283    4451    4238    
CTRIA3  5088    3       3615    4439    4212    
CTRIA3  5089    3       4113    4511    3535    
CTRIA3  5090    3       3456    4595    4512    
CTRIA3  5091    3       3607    4565    3736    
CTRIA3  5092    3       2629    4279    3773    
CTRIA3  5093    3       3730    4640    2995    
CTRIA3  5094    3       292     4164    293     
CTRIA3  5095    3       3538    4394    4088    
CTRIA3  5096    3       3667    4530    3570    
CTRIA3  5097    3       3807    4617    3686    
CTRIA3  5098    3       3128    4507    3718    
CTRIA3  5099    3       2671    4310    3612    
CTRIA3  5100    3       3257    3523    2628    
CTRIA3  5101    3       4169    4234    3739    
CTRIA3  5102    3       2995    3689    3658    
CTRIA3  5103    3       3664    3688    3007    
CTRIA3  5104    3       3594    3595    3592    
CTRIA3  5105    3       3939    4354    3270    
CTRIA3  5106    3       2905    4355    3952    
CTRIA3  5107    3       3136    4215    2981    
CTRIA3  5108    3       3603    3707    3391    
CTRIA3  5109    3       3338    4581    3754    
CTRIA3  5110    3       3681    4074    2866    
CTRIA3  5111    3       4067    4098    3429    
CTRIA3  5112    3       2934    3569    2936    
CTRIA3  5113    3       3728    3767    3727    
CTRIA3  5114    3       299     3804    3656    
CTRIA3  5115    3       3270    4335    3939    
CTRIA3  5116    3       3952    4336    2905    
CTRIA3  5117    3       4427    4479    3560    
CTRIA3  5118    3       3326    4372    4273    
CTRIA3  5119    3       3581    4228    2856    
CTRIA3  5120    3       3535    4360    4113    
CTRIA3  5121    3       3554    3555    3292    
CTRIA3  5122    3       4212    4439    2620    
CTRIA3  5123    3       3719    3759    3758    
CTRIA3  5124    3       3337    3667    3570    
CTRIA3  5125    3       2708    3990    3951    
CTRIA3  5126    3       3938    4166    2689    
CTRIA3  5127    3       3407    4264    4039    
CTRIA3  5128    3       4018    4497    4278    
CTRIA3  5129    3       3292    4413    3554    
CTRIA3  5130    3       3128    3718    3131    
CTRIA3  5131    3       3604    4219    2896    
CTRIA3  5132    3       3743    4218    2727    
CTRIA3  5133    3       2746    4219    3744    
CTRIA3  5134    3       2968    2970    2967    
CTRIA3  5135    3       2972    3582    2970    
CTRIA3  5136    3       3674    3675    3672    
CTRIA3  5137    3       2966    2967    2965    
CTRIA3  5138    3       2856    4309    3581    
CTRIA3  5139    3       3583    3584    3582    
CTRIA3  5140    3       2981    2983    2982    
CTRIA3  5141    3       3675    4259    4253    
CTRIA3  5142    3       3751    4573    2667    
CTRIA3  5143    3       2637    4574    3967    
CTRIA3  5144    3       3257    4545    3523    
CTRIA3  5145    3       3587    3588    3584    
CTRIA3  5146    3       3338    3754    2991    
CTRIA3  5147    3       2959    2960    2958    
CTRIA3  5148    3       2979    2981    2980    
CTRIA3  5149    3       3671    3672    3670    
CTRIA3  5150    3       3523    4590    2628    
CTRIA3  5151    3       2964    2965    2962    
CTRIA3  5152    3       4226    4377    4289    
CTRIA3  5153    3       3661    4207    3338    
CTRIA3  5154    3       4221    4239    3728    
CTRIA3  5155    3       4541    4641    2630    
CTRIA3  5156    3       3599    3600    2945    
CTRIA3  5157    3       3803    4247    3761    
CTRIA3  5158    3       3148    3762    3212    
CTRIA3  5159    3       2816    3782    2819    
CTRIA3  5160    3       3247    4256    3706    
CTRIA3  5161    3       3433    4255    3810    
CTRIA3  5162    3       3062    3763    3571    
CTRIA3  5163    3       300     3656    2614    
CTRIA3  5164    3       4289    4377    2633    
CTRIA3  5165    3       3426    4372    3544    
CTRIA3  5166    3       2821    3785    2831    
CTRIA3  5167    3       3004    4485    4288    
CTRIA3  5168    3       173     4070    172     
CTRIA3  5169    3       4424    4481    3178    
CTRIA3  5170    3       3007    3788    3664    
CTRIA3  5171    3       2981    2982    2980    
CTRIA3  5172    3       3044    4665    3041    
CTRIA3  5173    3       3341    4344    3802    
CTRIA3  5174    3       288     4178    2852    
CTRIA3  5175    3       3754    4581    4431    
CTRIA3  5176    3       3050    3596    3572    
CTRIA3  5177    3       3690    4343    2670    
CTRIA3  5178    3       276     3704    277     
CTRIA3  5179    3       3068    3069    3066    
CTRIA3  5180    3       3544    4358    3426    
CTRIA3  5181    3       4333    4603    2944    
CTRIA3  5182    3       2635    4281    3793    
CTRIA3  5183    3       3100    4425    3705    
CTRIA3  5184    3       4320    4465    3704    
CTRIA3  5185    3       3714    3829    3016    
CTRIA3  5186    3       3718    3719    3717    
CTRIA3  5187    3       3594    3597    3595    
CTRIA3  5188    3       2964    2966    2965    
CTRIA3  5189    3       2979    2980    2977    
CTRIA3  5190    3       3000    4424    3178    
CTRIA3  5191    3       3739    4235    3738    
CTRIA3  5192    3       3791    4248    3201    
CTRIA3  5193    3       3622    3788    3624    
CTRIA3  5194    3       3671    3674    3672    
CTRIA3  5195    3       2966    2968    2967    
CTRIA3  5196    3       3045    3046    3044    
CTRIA3  5197    3       3132    4622    3602    
CTRIA3  5198    3       3780    4329    3781    
CTRIA3  5199    3       3158    3876    3874    
CTRIA3  5200    3       3847    3849    3159    
CTRIA3  5201    3       3588    3590    3589    
CTRIA3  5202    3       3674    3676    3675    
CTRIA3  5203    3       2644    4453    3700    
CTRIA3  5204    3       3698    4454    2645    
CTRIA3  5205    3       3337    3570    2953    
CTRIA3  5206    3       3054    3060    3052    
CTRIA3  5207    3       2975    2979    2977    
CTRIA3  5208    3       2932    3182    2934    
CTRIA3  5209    3       3182    3569    2934    
CTRIA3  5210    3       2645    4483    3698    
CTRIA3  5211    3       3700    4482    2644    
CTRIA3  5212    3       2968    2972    2970    
CTRIA3  5213    3       3773    4226    2918    
CTRIA3  5214    3       2656    3885    3871    
CTRIA3  5215    3       3844    3858    2655    
CTRIA3  5216    3       3571    4644    3062    
CTRIA3  5217    3       3070    3071    3069    
CTRIA3  5218    3       2611    4201    3657    
CTRIA3  5219    3       2930    3608    2932    
CTRIA3  5220    3       3056    3591    3054    
CTRIA3  5221    3       3449    4256    3566    
CTRIA3  5222    3       287     4178    288     
CTRIA3  5223    3       3682    4441    3686    
CTRIA3  5224    3       2959    3662    2960    
CTRIA3  5225    3       3433    4643    4255    
CTRIA3  5226    3       2960    2964    2962    
CTRIA3  5227    3       3047    3048    3046    
CTRIA3  5228    3       3601    4539    3599    
CTRIA3  5229    3       2983    2984    2982    
CTRIA3  5230    3       3600    3671    3670    
CTRIA3  5231    3       3476    4338    3236    
CTRIA3  5232    3       2972    3583    3582    
CTRIA3  5233    3       3050    3572    3048    
CTRIA3  5234    3       304     3720    305     
CTRIA3  5235    3       3538    4088    3568    
CTRIA3  5236    3       4288    4490    4280    
CTRIA3  5237    3       2953    2956    2954    
CTRIA3  5238    3       3133    3737    3075    
CTRIA3  5239    3       3549    4568    3487    
CTRIA3  5240    3       3584    3589    3586    
CTRIA3  5241    3       3261    3727    3293    
CTRIA3  5242    3       2956    2959    2958    
CTRIA3  5243    3       4238    4451    3515    
CTRIA3  5244    3       3583    3587    3584    
CTRIA3  5245    3       3569    4596    2936    
CTRIA3  5246    3       2956    2958    2957    
CTRIA3  5247    3       3578    3579    3577    
CTRIA3  5248    3       4329    4531    3781    
CTRIA3  5249    3       4172    4524    4380    
CTRIA3  5250    3       3048    3067    3046    
CTRIA3  5251    3       2948    4352    3601    
CTRIA3  5252    3       4442    4660    3481    
CTRIA3  5253    3       3177    4530    3667    
CTRIA3  5254    3       3600    3670    3669    
CTRIA3  5255    3       2936    2948    2938    
CTRIA3  5256    3       2829    4591    3549    
CTRIA3  5257    3       2970    2973    2971    
CTRIA3  5258    3       2960    2962    2961    
CTRIA3  5259    3       3058    3609    3056    
CTRIA3  5260    3       3576    3577    3337    
CTRIA3  5261    3       2938    3599    2940    
CTRIA3  5262    3       3049    3050    3048    
CTRIA3  5263    3       3703    4530    3177    
CTRIA3  5264    3       3155    4533    3708    
CTRIA3  5265    3       3061    3066    3058    
CTRIA3  5266    3       3667    4406    3177    
CTRIA3  5267    3       2621    4239    4221    
CTRIA3  5268    3       2947    3576    2951    
CTRIA3  5269    3       2919    4290    3776    
CTRIA3  5270    3       3281    3762    3659    
CTRIA3  5271    3       4278    4497    3185    
CTRIA3  5272    3       3316    4249    4055    
CTRIA3  5273    3       3043    3044    3041    
CTRIA3  5274    3       314     4484    3808    
CTRIA3  5275    3       4082    4191    4076    
CTRIA3  5276    3       3579    4231    3577    
CTRIA3  5277    3       3131    3718    3321    
CTRIA3  5278    3       4288    4485    3742    
CTRIA3  5279    3       2940    3599    2945    
CTRIA3  5280    3       4235    4395    3155    
CTRIA3  5281    3       3574    3739    3738    
CTRIA3  5282    3       3721    4517    4304    
CTRIA3  5283    3       3341    4345    3032    
CTRIA3  5284    3       2969    4526    3712    
CTRIA3  5285    3       3727    3729    3293    
CTRIA3  5286    3       3724    4313    4102    
CTRIA3  5287    3       3577    3667    3337    
CTRIA3  5288    3       2951    3337    2953    
CTRIA3  5289    3       3487    4513    3549    
CTRIA3  5290    3       3723    4376    3777    
CTRIA3  5291    3       3564    4480    4380    
CTRIA3  5292    3       3321    3718    3717    
CTRIA3  5293    3       3223    4340    3566    
CTRIA3  5294    3       3488    3766    3765    
CTRIA3  5295    3       3277    4427    3560    
CTRIA3  5296    3       3777    4376    3256    
CTRIA3  5297    3       3601    4441    3682    
CTRIA3  5298    3       3032    4345    3034    
CTRIA3  5299    3       315     3808    2853    
CTRIA3  5300    3       4070    4555    4069    
CTRIA3  5301    3       236     3885    235     
CTRIA3  5302    3       134     3858    133     
CTRIA3  5303    3       2725    3743    2727    
CTRIA3  5304    3       2746    3744    2744    
CTRIA3  5305    3       4078    4353    3678    
CTRIA3  5306    3       3588    3702    3590    
CTRIA3  5307    3       4071    4555    4070    
CTRIA3  5308    3       4380    4524    3564    
CTRIA3  5309    3       3874    3885    3158    
CTRIA3  5310    3       3159    3858    3847    
CTRIA3  5311    3       3278    4327    4005    
CTRIA3  5312    3       3657    4484    2611    
CTRIA3  5313    3       3250    3807    3806    
CTRIA3  5314    3       3051    3052    3050    
CTRIA3  5315    3       2951    2953    2952    
CTRIA3  5316    3       2973    2975    2974    
CTRIA3  5317    3       3707    4443    3391    
CTRIA3  5318    3       3071    3072    3069    
CTRIA3  5319    3       3345    3737    3133    
CTRIA3  5320    3       3565    4480    3564    
CTRIA3  5321    3       3186    3755    3325    
CTRIA3  5322    3       2725    3832    3743    
CTRIA3  5323    3       3744    3833    2744    
CTRIA3  5324    3       3596    3794    3574    
CTRIA3  5325    3       4207    4598    3556    
CTRIA3  5326    3       3325    3455    3454    
CTRIA3  5327    3       4072    4341    4302    
CTRIA3  5328    3       4389    4493    249     
CTRIA3  5329    3       3742    4490    4288    
CTRIA3  5330    3       3574    3738    3573    
CTRIA3  5331    3       4329    4456    2684    
CTRIA3  5332    3       2960    4653    2964    
CTRIA3  5333    3       4005    4386    3278    
CTRIA3  5334    3       3603    4458    3707    
CTRIA3  5335    3       3592    3593    3060    
CTRIA3  5336    3       3937    3938    2906    
CTRIA3  5337    3       3269    3951    3950    
CTRIA3  5338    3       4213    4231    3579    
CTRIA3  5339    3       2729    4218    2895    
CTRIA3  5340    3       2896    4219    2748    
CTRIA3  5341    3       4102    4492    3724    
CTRIA3  5342    3       3573    3738    3708    
CTRIA3  5343    3       2930    2932    2931    
CTRIA3  5344    3       3251    4375    4184    
CTRIA3  5345    3       3066    3609    3058    
CTRIA3  5346    3       121     4463    4373    
CTRIA3  5347    3       3088    3753    3259    
CTRIA3  5348    3       3134    4666    3730    
CTRIA3  5349    3       3186    3325    3274    
CTRIA3  5350    3       3873    4657    233     
CTRIA3  5351    3       136     4658    3846    
CTRIA3  5352    3       2940    2945    2942    
CTRIA3  5353    3       3787    4565    3178    
CTRIA3  5354    3       2868    4511    4113    
CTRIA3  5355    3       4088    4394    2669    
CTRIA3  5356    3       3061    3068    3066    
CTRIA3  5357    3       2928    4516    3821    
CTRIA3  5358    3       3826    4515    2929    
CTRIA3  5359    3       4313    4405    3446    
CTRIA3  5360    3       3821    4548    2928    
CTRIA3  5361    3       3789    3810    11      
CTRIA3  5362    3       2962    3605    2963    
CTRIA3  5363    3       3716    4216    2616    
CTRIA3  5364    3       3572    3596    3574    
CTRIA3  5365    3       3802    4345    3341    
CTRIA3  5366    3       2929    4549    3826    
CTRIA3  5367    3       3588    3589    3584    
CTRIA3  5368    3       3068    3070    3069    
CTRIA3  5369    3       3522    4337    4216    
CTRIA3  5370    3       2953    4619    2956    
CTRIA3  5371    3       3053    3054    3052    
CTRIA3  5372    3       3050    4586    3596    
CTRIA3  5373    3       3043    3045    3044    
CTRIA3  5374    3       3599    4539    3600    
CTRIA3  5375    3       4302    4341    2871    
CTRIA3  5376    3       2975    2977    2976    
CTRIA3  5377    3       3704    3768    277     
CTRIA3  5378    3       2815    3782    2816    
CTRIA3  5379    3       3158    3886    3876    
CTRIA3  5380    3       3849    3859    3159    
CTRIA3  5381    3       3043    3721    3045    
CTRIA3  5382    3       4410    4558    4237    
CTRIA3  5383    3       3197    3783    3106    
CTRIA3  5384    3       4249    4669    4055    
CTRIA3  5385    3       3259    3607    3606    
CTRIA3  5386    3       3577    4231    3667    
CTRIA3  5387    3       3584    3586    3582    
CTRIA3  5388    3       3732    4187    3653    
CTRIA3  5389    3       3773    4317    2629    
CTRIA3  5390    3       3325    3519    3455    
CTRIA3  5391    3       2938    4616    3599    
CTRIA3  5392    3       3075    3737    3071    
CTRIA3  5393    3       4216    4337    2616    
CTRIA3  5394    3       3660    4191    2635    
CTRIA3  5395    3       2983    2986    2984    
CTRIA3  5396    3       3045    3047    3046    
CTRIA3  5397    3       2630    4641    4312    
CTRIA3  5398    3       3718    3747    3719    
CTRIA3  5399    3       4416    4464    3681    
CTRIA3  5400    3       3672    4253    3673    
CTRIA3  5401    3       3587    3796    3588    
CTRIA3  5402    3       3718    4507    3747    
CTRIA3  5403    3       2658    4070    173     
CTRIA3  5404    3       172     4070    4068    
CTRIA3  5405    3       4352    4441    3601    
CTRIA3  5406    3       3570    4619    2953    
CTRIA3  5407    3       2679    3756    2650    
CTRIA3  5408    3       2932    2934    2933    
CTRIA3  5409    3       3592    3695    3593    
CTRIA3  5410    3       3602    4420    3132    
CTRIA3  5411    3       3456    4472    4379    
CTRIA3  5412    3       3429    4510    4067    
CTRIA3  5413    3       3261    3293    3197    
CTRIA3  5414    3       3069    3666    3066    
CTRIA3  5415    3       3662    4653    2960    
CTRIA3  5416    3       3706    4359    3247    
CTRIA3  5417    3       2866    4416    3681    
CTRIA3  5418    3       2670    4623    3690    
CTRIA3  5419    3       3070    3075    3071    
CTRIA3  5420    3       2905    4336    3958    
CTRIA3  5421    3       3941    4335    3270    
CTRIA3  5422    3       3486    4209    3488    
CTRIA3  5423    3       2694    3995    3725    
CTRIA3  5424    3       2965    4262    3605    
CTRIA3  5425    3       3664    3788    3622    
CTRIA3  5426    3       3624    3788    3627    
CTRIA3  5427    3       4234    4235    3739    
CTRIA3  5428    3       3556    4581    4207    
CTRIA3  5429    3       4430    4431    3557    
CTRIA3  5430    3       3227    4195    3747    
CTRIA3  5431    3       3602    4209    3486    
CTRIA3  5432    3       3697    4436    3698    
CTRIA3  5433    3       3700    4435    3699    
CTRIA3  5434    3       3681    4464    3466    
CTRIA3  5435    3       3046    4458    3044    
CTRIA3  5436    3       4039    4295    4037    
CTRIA3  5437    3       2956    2957    2954    
CTRIA3  5438    3       3958    4368    2905    
CTRIA3  5439    3       3270    4367    3941    
CTRIA3  5440    3       3600    3669    2945    
CTRIA3  5441    3       2970    2971    2967    
CTRIA3  5442    3       3296    3734    3527    
CTRIA3  5443    3       2960    2961    2958    
CTRIA3  5444    3       3683    3712    3662    
CTRIA3  5445    3       4436    4454    3698    
CTRIA3  5446    3       3700    4453    4435    
CTRIA3  5447    3       4297    4638    4040    
CTRIA3  5448    3       3576    3578    3577    
CTRIA3  5449    3       3182    3805    3569    
CTRIA3  5450    3       2921    4318    3908    
CTRIA3  5451    3       3917    4319    2920    
CTRIA3  5452    3       2613    3720    3717    
CTRIA3  5453    3       3055    3056    3054    
CTRIA3  5454    3       4306    4349    4175    
CTRIA3  5455    3       2628    4590    2651    
CTRIA3  5456    3       3734    4320    3704    
CTRIA3  5457    3       2947    4603    3576    
CTRIA3  5458    3       2681    3396    2679    
CTRIA3  5459    3       2665    2930    2676    
CTRIA3  5460    3       4413    4423    3553    
CTRIA3  5461    3       3047    3049    3048    
CTRIA3  5462    3       3065    3763    3062    
CTRIA3  5463    3       2953    2954    2952    
CTRIA3  5464    3       2963    3449    3280    
CTRIA3  5465    3       350     4191    14      
CTRIA3  5466    3       4001    4493    4389    
CTRIA3  5467    3       3488    4209    3729    
CTRIA3  5468    3       3132    3763    3065    
CTRIA3  5469    3       4018    4278    3448    
CTRIA3  5470    3       4169    4649    3696    
CTRIA3  5471    3       3595    3695    3592    
CTRIA3  5472    3       305     3720    2613    
CTRIA3  5473    3       3374    3746    3668    
CTRIA3  5474    3       3073    4254    3079    
CTRIA3  5475    3       3021    4393    3713    
CTRIA3  5476    3       3178    4565    3753    
CTRIA3  5477    3       3672    3673    3670    
CTRIA3  5478    3       3421    4206    3322    
CTRIA3  5479    3       3692    4343    3690    
CTRIA3  5480    3       3777    4405    4313    
CTRIA3  5481    3       4272    4451    3545    
CTRIA3  5482    3       3546    4084    3725    
CTRIA3  5483    3       3488    3765    3487    
CTRIA3  5484    3       3251    4184    3813    
CTRIA3  5485    3       3713    4562    3021    
CTRIA3  5486    3       3071    3073    3072    
CTRIA3  5487    3       2965    3605    2962    
CTRIA3  5488    3       3573    3708    3707    
CTRIA3  5489    3       2654    3881    3878    
CTRIA3  5490    3       3851    3854    2653    
CTRIA3  5491    3       3708    4443    3707    
CTRIA3  5492    3       3025    4459    4401    
CTRIA3  5493    3       3783    4622    3132    
CTRIA3  5494    3       3421    3720    3711    
CTRIA3  5495    3       2934    2936    2935    
CTRIA3  5496    3       3695    3696    3593    
CTRIA3  5497    3       3322    4206    3554    
CTRIA3  5498    3       2979    3136    2981    
CTRIA3  5499    3       3024    4562    3757    
CTRIA3  5500    3       3294    4474    4108    
CTRIA3  5501    3       3259    3753    3607    
CTRIA3  5502    3       4082    4650    4191    
CTRIA3  5503    3       2801    3769    3767    
CTRIA3  5504    3       3321    3717    3421    
CTRIA3  5505    3       3601    4616    2948    
CTRIA3  5506    3       3696    4444    4168    
CTRIA3  5507    3       3666    4540    3066    
CTRIA3  5508    3       235     3885    2656    
CTRIA3  5509    3       3158    3885    236     
CTRIA3  5510    3       133     3858    3159    
CTRIA3  5511    3       2655    3858    134     
CTRIA3  5512    3       3098    3133    3075    
CTRIA3  5513    3       3951    4486    2708    
CTRIA3  5514    3       2689    4487    3938    
CTRIA3  5515    3       4391    4554    4344    
CTRIA3  5516    3       4186    4197    2899    
CTRIA3  5517    3       3723    3777    3724    
CTRIA3  5518    3       3454    4216    3716    
CTRIA3  5519    3       3743    3832    3450    
CTRIA3  5520    3       3451    3833    3744    
CTRIA3  5521    3       3780    4456    4329    
CTRIA3  5522    3       2991    3754    2993    
CTRIA3  5523    3       4377    4392    2633    
CTRIA3  5524    3       311     4343    4283    
CTRIA3  5525    3       3878    3886    2654    
CTRIA3  5526    3       2653    3859    3851    
CTRIA3  5527    3       3090    4340    3027    
CTRIA3  5528    3       3060    4447    3052    
CTRIA3  5529    3       3549    4513    2829    
CTRIA3  5530    3       3680    4374    2895    
CTRIA3  5531    3       3325    3454    3274    
CTRIA3  5532    3       4373    4463    4058    
CTRIA3  5533    3       4464    4529    3466    
CTRIA3  5534    3       3025    4401    3795    
CTRIA3  5535    3       3396    3756    2679    
CTRIA3  5536    3       3663    3683    3662    
CTRIA3  5537    3       3016    4244    3714    
CTRIA3  5538    3       4166    4397    2689    
CTRIA3  5539    3       2708    4396    3990    
CTRIA3  5540    3       3557    4581    3556    
CTRIA3  5541    3       3049    3051    3050    
CTRIA3  5542    3       2961    4248    2958    
CTRIA3  5543    3       3057    3058    3056    
CTRIA3  5544    3       3599    4616    3601    
CTRIA3  5545    3       2973    2974    2971    
CTRIA3  5546    3       4281    4628    3793    
CTRIA3  5547    3       3590    4597    4204    
CTRIA3  5548    3       3847    3858    3844    
CTRIA3  5549    3       3871    3885    3874    
CTRIA3  5550    3       4191    4650    14      
CTRIA3  5551    3       2962    2963    2961    
CTRIA3  5552    3       3791    4417    4248    
CTRIA3  5553    3       3654    4576    3829    
CTRIA3  5554    3       3764    3765    2612    
CTRIA3  5555    3       2993    3754    3025    
CTRIA3  5556    3       3186    4615    3755    
CTRIA3  5557    3       4068    4070    4069    
CTRIA3  5558    3       3466    4529    3467    
CTRIA3  5559    3       2610    4276    3715    
CTRIA3  5560    3       3589    4536    3586    
CTRIA3  5561    3       2951    3576    3337    
CTRIA3  5562    3       2654    4210    3881    
CTRIA3  5563    3       3854    4211    2653    
CTRIA3  5564    3       2947    2951    2950    
CTRIA3  5565    3       3733    3782    2815    
CTRIA3  5566    3       3293    3783    3197    
CTRIA3  5567    3       3950    3952    3269    
CTRIA3  5568    3       2906    3939    3937    
CTRIA3  5569    3       3201    4248    2961    
CTRIA3  5570    3       3729    3767    3766    
CTRIA3  5571    3       3679    4403    2668    
CTRIA3  5572    3       4178    4232    2852    
CTRIA3  5573    3       3851    3859    3849    
CTRIA3  5574    3       3876    3886    3878    
CTRIA3  5575    3       3611    4423    4413    
CTRIA3  5576    3       3422    3727    3261    
CTRIA3  5577    3       3746    4641    4541    
CTRIA3  5578    3       2677    4599    3800    
CTRIA3  5579    3       3798    4600    2678    
CTRIA3  5580    3       2977    3661    2978    
CTRIA3  5581    3       2984    2998    2985    
CTRIA3  5582    3       2920    4646    3917    
CTRIA3  5583    3       3908    4645    2921    
CTRIA3  5584    3       3530    4229    3775    
CTRIA3  5585    3       2678    4631    3798    
CTRIA3  5586    3       3800    4630    2677    
CTRIA3  5587    3       3545    4532    4272    
CTRIA3  5588    3       2948    4616    2938    
CTRIA3  5589    3       238     3886    237     
CTRIA3  5590    3       132     3859    131     
CTRIA3  5591    3       3407    4039    4038    
CTRIA3  5592    3       3519    3520    3455    
CTRIA3  5593    3       2971    4262    2967    
CTRIA3  5594    3       3302    4410    4237    
CTRIA3  5595    3       2978    3338    2991    
CTRIA3  5596    3       3668    4541    4316    
CTRIA3  5597    3       3701    4457    2885    
CTRIA3  5598    3       3481    4660    3805    
CTRIA3  5599    3       4108    4474    2893    
CTRIA3  5600    3       4164    4300    293     
CTRIA3  5601    3       4187    4588    3653    
CTRIA3  5602    3       3490    3741    3740    
CTRIA3  5603    3       4108    4571    3294    
CTRIA3  5604    3       3066    4540    3609    
CTRIA3  5605    3       4445    4452    3999    
CTRIA3  5606    3       3573    3707    3067    
CTRIA3  5607    3       2936    2938    2937    
CTRIA3  5608    3       2930    2931    2676    
CTRIA3  5609    3       3596    4620    3794    
CTRIA3  5610    3       2649    4189    4090    
CTRIA3  5611    3       3745    4190    2638    
CTRIA3  5612    3       3966    3968    2637    
CTRIA3  5613    3       3098    3163    3133    
CTRIA3  5614    3       3711    3720    304     
CTRIA3  5615    3       3881    4210    3883    
CTRIA3  5616    3       3856    4211    3854    
CTRIA3  5617    3       3717    3720    3421    
CTRIA3  5618    3       3570    4530    3663    
CTRIA3  5619    3       3172    4262    2971    
CTRIA3  5620    3       2617    3735    3734    
CTRIA3  5621    3       2893    4535    4108    
CTRIA3  5622    3       3221    4038    3151    
CTRIA3  5623    3       3051    3053    3052    
CTRIA3  5624    3       3590    3748    3589    
CTRIA3  5625    3       4253    4259    3081    
CTRIA3  5626    3       3100    4534    4425    
CTRIA3  5627    3       3810    4255    11      
CTRIA3  5628    3       3444    4431    4430    
CTRIA3  5629    3       4013    4014    2652    
CTRIA3  5630    3       2975    2976    2974    
CTRIA3  5631    3       2895    4578    3680    
CTRIA3  5632    3       3765    4513    3487    
CTRIA3  5633    3       2623    4315    3722    
CTRIA3  5634    3       3059    3061    3058    
CTRIA3  5635    3       3760    3761    2724    
CTRIA3  5636    3       3163    3220    3133    
CTRIA3  5637    3       3276    4331    4280    
CTRIA3  5638    3       3697    4398    2709    
CTRIA3  5639    3       2688    4399    3699    
CTRIA3  5640    3       3721    4585    4517    
CTRIA3  5641    3       3253    4230    3453    
CTRIA3  5642    3       4037    4295    4036    
CTRIA3  5643    3       4059    4440    4422    
CTRIA3  5644    3       3734    3735    3527    
CTRIA3  5645    3       3684    3746    3372    
CTRIA3  5646    3       2930    4590    4519    
CTRIA3  5647    3       3222    4594    4246    
CTRIA3  5648    3       2951    2952    2950    
CTRIA3  5649    3       2918    4317    3773    
CTRIA3  5650    3       3121    3162    3154    
CTRIA3  5651    3       2815    4242    3733    
CTRIA3  5652    3       4039    4506    4295    
CTRIA3  5653    3       4246    4594    4247    
CTRIA3  5654    3       3721    4304    3045    
CTRIA3  5655    3       328     3764    2612    
CTRIA3  5656    3       3938    4487    2906    
CTRIA3  5657    3       3269    4486    3951    
CTRIA3  5658    3       2980    3661    2977    
CTRIA3  5659    3       330     3769    2801    
CTRIA3  5660    3       3162    3809    3349    
CTRIA3  5661    3       4113    4360    2624    
CTRIA3  5662    3       2709    4436    3697    
CTRIA3  5663    3       3699    4435    2688    
CTRIA3  5664    3       2802    4245    274     
CTRIA3  5665    3       2932    2933    2931    
CTRIA3  5666    3       4230    4411    3453    
CTRIA3  5667    3       4204    4575    3590    
CTRIA3  5668    3       334     3771    3257    
CTRIA3  5669    3       3705    4393    3100    
CTRIA3  5670    3       3773    4279    3499    
CTRIA3  5671    3       3042    3043    3041    
CTRIA3  5672    3       3374    3668    3376    
CTRIA3  5673    3       3712    4587    4346    
CTRIA3  5674    3       2897    4275    4240    
CTRIA3  5675    3       4030    4040    4027    
CTRIA3  5676    3       4027    4040    4026    
CTRIA3  5677    3       3052    4586    3050    
CTRIA3  5678    3       4218    4578    2895    
CTRIA3  5679    3       3737    4254    3073    
CTRIA3  5680    3       2621    4221    3709    
CTRIA3  5681    3       4262    4522    3605    
CTRIA3  5682    3       2894    4560    4164    
CTRIA3  5683    3       3594    3598    3597    
CTRIA3  5684    3       3559    4392    4377    
CTRIA3  5685    3       3574    3794    3739    
CTRIA3  5686    3       4238    4578    4218    
CTRIA3  5687    3       2945    4333    2942    
CTRIA3  5688    3       3121    3809    3162    
CTRIA3  5689    3       326     3774    2829    
CTRIA3  5690    3       4450    4632    4258    
CTRIA3  5691    3       3668    3776    3376    
CTRIA3  5692    3       3767    3769    3766    
CTRIA3  5693    3       2617    3704    276     
CTRIA3  5694    3       4372    4378    2687    
CTRIA3  5695    3       2980    4348    3661    
CTRIA3  5696    3       3811    4252    3813    
CTRIA3  5697    3       2983    2987    2986    
CTRIA3  5698    3       2984    2985    2982    
CTRIA3  5699    3       3681    4402    4074    
CTRIA3  5700    3       4098    4403    3429    
CTRIA3  5701    3       4105    4618    3548    
CTRIA3  5702    3       3040    3041    3039    
CTRIA3  5703    3       3345    4254    3737    
CTRIA3  5704    3       2981    4215    2983    
CTRIA3  5705    3       2949    4418    2946    
CTRIA3  5706    3       2998    3005    2999    
CTRIA3  5707    3       4273    4372    2687    
CTRIA3  5708    3       3707    4458    3067    
CTRIA3  5709    3       3731    4409    3134    
CTRIA3  5710    3       3451    4202    3833    
CTRIA3  5711    3       3832    4203    3450    
CTRIA3  5712    3       237     3886    3158    
CTRIA3  5713    3       2654    3886    238     
CTRIA3  5714    3       3159    3859    132     
CTRIA3  5715    3       131     3859    2653    
CTRIA3  5716    3       3501    4226    3773    
CTRIA3  5717    3       3385    4404    3786    
CTRIA3  5718    3       4084    4547    3725    
CTRIA3  5719    3       2993    3025    2996    
CTRIA3  5720    3       4240    4275    3892    
CTRIA3  5721    3       3325    3755    3519    
CTRIA3  5722    3       3372    3746    3374    
CTRIA3  5723    3       4030    4293    4040    
CTRIA3  5724    3       3785    3786    2831    
CTRIA3  5725    3       3086    4518    4181    
CTRIA3  5726    3       4400    4407    3336    
CTRIA3  5727    3       3656    3804    3649    
CTRIA3  5728    3       3740    3741    2955    
CTRIA3  5729    3       3039    4665    3611    
CTRIA3  5730    3       3670    4366    3669    
CTRIA3  5731    3       3813    4252    3251    
CTRIA3  5732    3       3709    3771    2621    
CTRIA3  5733    3       2639    4452    4445    
CTRIA3  5734    3       3739    4649    4169    
CTRIA3  5735    3       3671    3682    3674    
CTRIA3  5736    3       3449    3566    3280    
CTRIA3  5737    3       3053    3055    3054    
CTRIA3  5738    3       3407    4038    3221    
CTRIA3  5739    3       3151    4038    3200    
CTRIA3  5740    3       3659    3762    3731    
CTRIA3  5741    3       3447    4652    4277    
CTRIA3  5742    3       2938    2940    2939    
CTRIA3  5743    3       3341    4391    4344    
CTRIA3  5744    3       4277    4652    4353    
CTRIA3  5745    3       3805    4351    3481    
CTRIA3  5746    3       2966    2969    2968    
CTRIA3  5747    3       3455    4216    3454    
CTRIA3  5748    3       3676    4449    3675    
CTRIA3  5749    3       2977    2978    2976    
CTRIA3  5750    3       3682    3685    3674    
CTRIA3  5751    3       3809    4196    3349    
CTRIA3  5752    3       3883    4210    2897    
CTRIA3  5753    3       2898    4211    3856    
CTRIA3  5754    3       4038    4039    4037    
CTRIA3  5755    3       4031    4032    4030    
CTRIA3  5756    3       3685    4414    3173    
CTRIA3  5757    3       4253    4517    3673    
CTRIA3  5758    3       4283    4343    3692    
CTRIA3  5759    3       3756    4472    3456    
CTRIA3  5760    3       3578    4603    4333    
CTRIA3  5761    3       4366    4585    4213    
CTRIA3  5762    3       3555    4339    3292    
CTRIA3  5763    3       2975    4267    2979    
CTRIA3  5764    3       3369    3684    3372    
CTRIA3  5765    3       3369    3793    3684    
CTRIA3  5766    3       3674    3685    3676    
CTRIA3  5767    3       3118    3809    3121    
CTRIA3  5768    3       4101    4673    4419    
CTRIA3  5769    3       3489    3791    3342    
CTRIA3  5770    3       3073    3074    3072    
CTRIA3  5771    3       3071    3737    3073    
CTRIA3  5772    3       4347    4363    3418    
CTRIA3  5773    3       3200    4037    4035    
CTRIA3  5774    3       2987    2988    2986    
CTRIA3  5775    3       3645    3757    3713    
CTRIA3  5776    3       4422    4440    2648    
CTRIA3  5777    3       3082    3790    3137    
CTRIA3  5778    3       3124    4291    3227    
CTRIA3  5779    3       4040    4638    4026    
CTRIA3  5780    3       3548    4270    4105    
CTRIA3  5781    3       3663    4530    3703    
CTRIA3  5782    3       4607    4651    3014    
CTRIA3  5783    3       3200    4038    4037    
CTRIA3  5784    3       3597    4349    3595    
CTRIA3  5785    3       3411    3443    3239    
CTRIA3  5786    3       3772    4498    3688    
CTRIA3  5787    3       4035    4041    3200    
CTRIA3  5788    3       3277    3560    3477    
CTRIA3  5789    3       4122    4667    4019    
CTRIA3  5790    3       2885    4612    3701    
CTRIA3  5791    3       3174    4478    3779    
CTRIA3  5792    3       3005    3082    3006    
CTRIA3  5793    3       4035    4036    4033    
CTRIA3  5794    3       307     2837    308     
CTRIA3  5795    3       297     2666    298     
CTRIA3  5796    3       3005    3086    3082    
CTRIA3  5797    3       332     4239    2621    
CTRIA3  5798    3       305     2613    306     
CTRIA3  5799    3       300     2614    301     
CTRIA3  5800    3       303     3711    304     
CTRIA3  5801    3       3079    4254    4227    
CTRIA3  5802    3       3121    3154    3122    
CTRIA3  5803    3       3177    4314    3703    
CTRIA3  5804    3       2635    4191    350     
CTRIA3  5805    3       3797    4580    3798    
CTRIA3  5806    3       3800    4579    3799    
CTRIA3  5807    3       4112    4264    3407    
CTRIA3  5808    3       2959    3663    3662    
CTRIA3  5809    3       4280    4331    3512    
CTRIA3  5810    3       2897    4240    3883    
CTRIA3  5811    3       3856    4241    2898    
CTRIA3  5812    3       2936    4596    2948    
CTRIA3  5813    3       2934    2935    2933    
CTRIA3  5814    3       3733    4242    4104    
CTRIA3  5815    3       2665    4590    2930    
CTRIA3  5816    3       3520    3522    3455    
CTRIA3  5817    3       3519    3521    3520    
CTRIA3  5818    3       4419    4673    4073    
CTRIA3  5819    3       3788    4260    3627    
CTRIA3  5820    3       326     2829    327     
CTRIA3  5821    3       278     2830    279     
CTRIA3  5822    3       4019    4667    4497    
CTRIA3  5823    3       328     2612    329     
CTRIA3  5824    3       275     2617    276     
CTRIA3  5825    3       330     2801    331     
CTRIA3  5826    3       3501    3773    3499    
CTRIA3  5827    3       273     2802    274     
CTRIA3  5828    3       4076    4191    3660    
CTRIA3  5829    3       2969    3801    2968    
CTRIA3  5830    3       332     2621    333     
CTRIA3  5831    3       271     2622    272     
CTRIA3  5832    3       334     3257    13      
CTRIA3  5833    3       2658    4071    4070    
CTRIA3  5834    3       2619    4250    3775    
CTRIA3  5835    3       2972    3585    3583    
CTRIA3  5836    3       4580    4600    3798    
CTRIA3  5837    3       3800    4599    4579    
CTRIA3  5838    3       3643    3989    3757    
CTRIA3  5839    3       3595    4349    4306    
CTRIA3  5840    3       3136    4536    3748    
CTRIA3  5841    3       2955    4627    3740    
CTRIA3  5842    3       3201    4503    3791    
CTRIA3  5843    3       3220    3345    3133    
CTRIA3  5844    3       3163    3239    3220    
CTRIA3  5845    3       3349    4196    3393    
CTRIA3  5846    3       302     2724    303     
CTRIA3  5847    3       3087    3721    3043    
CTRIA3  5848    3       3675    4253    3672    
CTRIA3  5849    3       3715    4614    2610    
CTRIA3  5850    3       4034    4041    4035    
CTRIA3  5851    3       3162    3246    3154    
CTRIA3  5852    3       3118    3121    3120    
CTRIA3  5853    3       3082    3137    3083    
CTRIA3  5854    3       2898    4241    4097    
CTRIA3  5855    3       3376    3776    3401    
CTRIA3  5856    3       3172    4371    4359    
CTRIA3  5857    3       3000    3178    3026    
CTRIA3  5858    3       2995    4418    3689    
CTRIA3  5859    3       3808    4484    3657    
CTRIA3  5860    3       3779    4561    3174    
CTRIA3  5861    3       2984    4498    2998    
CTRIA3  5862    3       2998    4498    3772    
CTRIA3  5863    3       2894    4381    3726    
CTRIA3  5864    3       2969    3802    3801    
CTRIA3  5865    3       4175    4349    3107    
CTRIA3  5866    3       3786    4647    3385    
CTRIA3  5867    3       3041    4665    3039    
CTRIA3  5868    3       3682    4539    3601    
CTRIA3  5869    3       3659    3730    3658    
CTRIA3  5870    3       4014    4416    2866    
CTRIA3  5871    3       4031    4033    4032    
CTRIA3  5872    3       4412    4514    3716    
CTRIA3  5873    3       3725    4547    2694    
CTRIA3  5874    3       296     3732    297     
CTRIA3  5875    3       3433    3810    3388    
CTRIA3  5876    3       3422    3728    3727    
CTRIA3  5877    3       3073    3079    3074    
CTRIA3  5878    3       2987    2989    2988    
CTRIA3  5879    3       4069    4434    3679    
CTRIA3  5880    3       3411    3612    3443    
CTRIA3  5881    3       3548    4618    3547    
CTRIA3  5882    3       306     3758    307     
CTRIA3  5883    3       4035    4037    4036    
CTRIA3  5884    3       3796    4558    3183    
CTRIA3  5885    3       3086    3790    3082    
CTRIA3  5886    3       2908    4041    4034    
CTRIA3  5887    3       2998    2999    2985    
CTRIA3  5888    3       3055    3057    3056    
CTRIA3  5889    3       3521    3613    3520    
CTRIA3  5890    3       3776    4266    3401    
CTRIA3  5891    3       2899    4546    4186    
CTRIA3  5892    3       2658    4072    4071    
CTRIA3  5893    3       2866    4592    4014    
CTRIA3  5894    3       3016    3829    3013    
CTRIA3  5895    3       4386    4571    3511    
CTRIA3  5896    3       3220    3346    3345    
CTRIA3  5897    3       4026    4638    4467    
CTRIA3  5898    3       3076    3098    3075    
CTRIA3  5899    3       3162    3279    3246    
CTRIA3  5900    3       3242    4332    3420    
CTRIA3  5901    3       4034    4151    2908    
CTRIA3  5902    3       3509    4451    4272    
CTRIA3  5903    3       3085    4615    3186    
CTRIA3  5904    3       3072    3666    3069    
CTRIA3  5905    3       3682    3686    3685    
CTRIA3  5906    3       4241    4274    4097    
CTRIA3  5907    3       296     4187    3732    
CTRIA3  5908    3       3250    4617    3807    
CTRIA3  5909    3       3079    3080    3074    
CTRIA3  5910    3       2989    3002    2988    
CTRIA3  5911    3       3612    3715    3443    
CTRIA3  5912    3       3085    3186    3176    
CTRIA3  5913    3       4229    4611    3775    
CTRIA3  5914    3       3820    3836    3543    
CTRIA3  5915    3       3521    3614    3613    
CTRIA3  5916    3       280     2616    281     
CTRIA3  5917    3       324     2671    325     
CTRIA3  5918    3       4072    4073    4071    
CTRIA3  5919    3       3346    3395    3345    
CTRIA3  5920    3       3287    3836    3216    
CTRIA3  5921    3       3279    3347    3246    
CTRIA3  5922    3       3162    3349    3279    
CTRIA3  5923    3       2775    4183    2777    
CTRIA3  5924    3       3702    4597    3590    
CTRIA3  5925    3       3354    3824    3823    
CTRIA3  5926    3       3524    4363    4347    
CTRIA3  5927    3       277     3768    278     
CTRIA3  5928    3       3542    3925    3825    
CTRIA3  5929    3       3812    4183    2775    
CTRIA3  5930    3       3354    3823    3822    
CTRIA3  5931    3       3015    3016    3013    
CTRIA3  5932    3       3580    3814    3410    
CTRIA3  5933    3       3827    3928    3272    
CTRIA3  5934    3       2705    3812    2775    
CTRIA3  5935    3       3271    3929    3828    
CTRIA3  5936    3       3217    3818    3817    
CTRIA3  5937    3       3354    3822    3353    
CTRIA3  5938    3       3351    3817    3352    
CTRIA3  5939    3       3217    3836    3818    
CTRIA3  5940    3       3543    3836    3287    
CTRIA3  5941    3       3216    3836    3217    
CTRIA3  5942    3       3272    3831    3827    
CTRIA3  5943    3       3828    3830    3271    
CTRIA3  5944    3       3080    3101    3074    
CTRIA3  5945    3       2940    2942    2941    
CTRIA3  5946    3       2989    3003    3002    
CTRIA3  5947    3       3002    3007    2988    
CTRIA3  5948    3       3323    3900    3266    
CTRIA3  5949    3       3818    3836    3820    
CTRIA3  5950    3       3663    4619    3570    
CTRIA3  5951    3       3822    3828    3353    
CTRIA3  5952    3       3811    3812    2699    
CTRIA3  5953    3       3825    3925    3823    
CTRIA3  5954    3       3351    3827    3817    
CTRIA3  5955    3       3813    4184    4183    
CTRIA3  5956    3       2699    3812    2705    
CTRIA3  5957    3       2777    4183    3344    
CTRIA3  5958    3       3830    3835    3271    
CTRIA3  5959    3       3612    4310    3715    
CTRIA3  5960    3       3614    3615    3613    
CTRIA3  5961    3       3351    3928    3827    
CTRIA3  5962    3       3828    3929    3353    
CTRIA3  5963    3       3272    3834    3831    
CTRIA3  5964    3       3410    3814    3235    
CTRIA3  5965    3       3346    3399    3395    
CTRIA3  5966    3       2693    3811    2699    
CTRIA3  5967    3       3347    3348    3246    
CTRIA3  5968    3       3349    3350    3279    
CTRIA3  5969    3       3698    3900    3323    
CTRIA3  5970    3       3266    3900    3354    
CTRIA3  5971    3       3824    3825    3823    
CTRIA3  5972    3       3817    3818    3352    
CTRIA3  5973    3       2706    3834    2719    
CTRIA3  5974    3       3815    3835    3830    
CTRIA3  5975    3       272     3770    273     
CTRIA3  5976    3       3815    3921    2710    
CTRIA3  5977    3       3354    3900    3824    
CTRIA3  5978    3       3080    3102    3101    
CTRIA3  5979    3       3003    3008    3002    
CTRIA3  5980    3       3811    3813    3812    
CTRIA3  5981    3       3831    3834    3816    
CTRIA3  5982    3       2719    3834    3272    
CTRIA3  5983    3       2702    3834    2706    
CTRIA3  5984    3       3830    3921    3815    
CTRIA3  5985    3       3614    3616    3615    
CTRIA3  5986    3       3816    3834    2702    
CTRIA3  5987    3       2696    3815    2710    
CTRIA3  5988    3       3303    3814    3518    
CTRIA3  5989    3       3399    3400    3395    
CTRIA3  5990    3       3346    3534    3399    
CTRIA3  5991    3       2700    3816    2702    
CTRIA3  5992    3       3349    3393    3350    
CTRIA3  5993    3       3347    3690    3348    
CTRIA3  5994    3       3824    3826    3825    
CTRIA3  5995    3       3818    3819    3352    
CTRIA3  5996    3       2716    3835    2704    
CTRIA3  5997    3       3457    3828    3822    
CTRIA3  5998    3       3080    3103    3102    
CTRIA3  5999    3       3003    3009    3008    
CTRIA3  6000    3       3013    3829    3012    
CTRIA3  6001    3       3457    3830    3828    
CTRIA3  6002    3       3271    3835    2716    
CTRIA3  6003    3       3614    3617    3616    
CTRIA3  6004    3       2704    3835    2698    
CTRIA3  6005    3       3399    3528    3400    
CTRIA3  6006    3       3393    3394    3350    
CTRIA3  6007    3       3347    3692    3690    
CTRIA3  6008    3       3818    3820    3819    
CTRIA3  6009    3       3816    3922    3831    
CTRIA3  6010    3       3103    3104    3102    
CTRIA3  6011    3       3003    3010    3009    
CTRIA3  6012    3       3617    3618    3616    
CTRIA3  6013    3       3528    3529    3400    
CTRIA3  6014    3       2712    3922    3816    
CTRIA3  6015    3       3457    3921    3830    
CTRIA3  6016    3       3393    3406    3394    
CTRIA3  6017    3       3820    3821    3819    
CTRIA3  6018    3       2781    3994    2783    
CTRIA3  6019    3       3888    3890    3156    
CTRIA3  6020    3       3861    4092    3157    
CTRIA3  6021    3       3860    4092    3861    
CTRIA3  6022    3       2763    3973    2767    
CTRIA3  6023    3       3153    4092    3860    
CTRIA3  6024    3       3882    3974    3879    
CTRIA3  6025    3       3860    4046    3153    
CTRIA3  6026    3       2742    4179    2740    
CTRIA3  6027    3       3104    3107    3102    
CTRIA3  6028    3       3469    3993    3896    
CTRIA3  6029    3       3010    3011    3009    
CTRIA3  6030    3       3896    3993    3893    
CTRIA3  6031    3       3893    3993    3199    
CTRIA3  6032    3       3199    3994    3893    
CTRIA3  6033    3       3897    4093    3414    
CTRIA3  6034    3       2738    3987    2851    
CTRIA3  6035    3       2850    3984    2757    
CTRIA3  6036    3       3848    3986    3850    
CTRIA3  6037    3       3877    3983    3875    
CTRIA3  6038    3       3618    3619    3616    
CTRIA3  6039    3       2783    3994    3199    
CTRIA3  6040    3       3156    3994    2781    
CTRIA3  6041    3       3890    3994    3156    
CTRIA3  6042    3       3156    3973    3888    
CTRIA3  6043    3       3157    4093    3861    
CTRIA3  6044    3       3861    4093    3897    
CTRIA3  6045    3       3862    3985    2851    
CTRIA3  6046    3       2850    3982    3894    
CTRIA3  6047    3       3152    3973    2763    
CTRIA3  6048    3       2767    3973    3156    
CTRIA3  6049    3       3887    3973    3152    
CTRIA3  6050    3       2740    4179    3987    
CTRIA3  6051    3       3887    3974    3882    
CTRIA3  6052    3       3879    3974    3880    
CTRIA3  6053    3       3974    4180    3880    
CTRIA3  6054    3       3528    3530    3529    
CTRIA3  6055    3       2713    3832    2725    
CTRIA3  6056    3       3152    3974    3887    
CTRIA3  6057    3       3406    3492    3394    
CTRIA3  6058    3       3880    4180    3984    
CTRIA3  6059    3       2740    3987    2738    
CTRIA3  6060    3       2757    3984    2759    
CTRIA3  6061    3       3843    3976    3845    
CTRIA3  6062    3       3872    3977    3870    
CTRIA3  6063    3       3863    3955    3150    
CTRIA3  6064    3       3149    3956    3895    
CTRIA3  6065    3       2851    3986    3862    
CTRIA3  6066    3       3894    3983    2850    
CTRIA3  6067    3       3953    3954    3916    
CTRIA3  6068    3       3907    3943    3942    
CTRIA3  6069    3       3850    3986    3853    
CTRIA3  6070    3       3862    3986    3848    
CTRIA3  6071    3       3875    3983    3894    
CTRIA3  6072    3       3880    3983    3877    
CTRIA3  6073    3       3458    3922    2855    
CTRIA3  6074    3       3153    4179    2742    
CTRIA3  6075    3       2851    3987    3986    
CTRIA3  6076    3       3983    3984    2850    
CTRIA3  6077    3       2711    3833    2697    
CTRIA3  6078    3       3150    3976    3863    
CTRIA3  6079    3       3895    3977    3149    
CTRIA3  6080    3       3863    3980    3955    
CTRIA3  6081    3       3956    3981    3895    
CTRIA3  6082    3       4046    4179    3153    
CTRIA3  6083    3       3104    3108    3107    
CTRIA3  6084    3       3011    3012    3009    
CTRIA3  6085    3       3838    3980    3841    
CTRIA3  6086    3       3868    3981    3865    
CTRIA3  6087    3       3863    3976    3843    
CTRIA3  6088    3       3845    3976    3862    
CTRIA3  6089    3       3870    3977    3895    
CTRIA3  6090    3       3894    3977    3872    
CTRIA3  6091    3       2925    3899    3864    
CTRIA3  6092    3       3837    3898    2926    
CTRIA3  6093    3       3831    3922    3458    
CTRIA3  6094    3       4093    4103    3367    
CTRIA3  6095    3       2753    3982    2755    
CTRIA3  6096    3       2736    3985    2734    
CTRIA3  6097    3       3976    3985    3862    
CTRIA3  6098    3       3894    3982    3977    
CTRIA3  6099    3       3911    4174    3913    
CTRIA3  6100    3       3904    4173    3902    
CTRIA3  6101    3       2805    3920    2848    
CTRIA3  6102    3       2849    3919    2807    
CTRIA3  6103    3       3916    4174    3953    
CTRIA3  6104    3       3942    4173    3907    
CTRIA3  6105    3       3618    3620    3619    
CTRIA3  6106    3       2728    3898    2726    
CTRIA3  6107    3       2745    3899    2747    
CTRIA3  6108    3       2926    3980    3837    
CTRIA3  6109    3       3864    3981    2925    
CTRIA3  6110    3       2747    3899    2925    
CTRIA3  6111    3       2926    3898    2728    
CTRIA3  6112    3       3530    3531    3529    
CTRIA3  6113    3       2855    3922    2722    
CTRIA3  6114    3       3406    3493    3492    
CTRIA3  6115    3       3492    3657    3394    
CTRIA3  6116    3       3841    3980    3863    
CTRIA3  6117    3       3895    3981    3868    
CTRIA3  6118    3       3837    3980    3838    
CTRIA3  6119    3       3865    3981    3864    
CTRIA3  6120    3       3898    3926    2726    
CTRIA3  6121    3       2745    3927    3899    
CTRIA3  6122    3       3414    4093    3367    
CTRIA3  6123    3       3157    4103    4093    
CTRIA3  6124    3       2755    3982    2850    
CTRIA3  6125    3       2851    3985    2736    
CTRIA3  6126    3       3149    3982    2753    
CTRIA3  6127    3       2734    3985    3150    
CTRIA3  6128    3       2925    3981    3956    
CTRIA3  6129    3       3955    3980    2926    
CTRIA3  6130    3       2848    3920    3165    
CTRIA3  6131    3       3166    3919    2849    
CTRIA3  6132    3       2807    3919    3910    
CTRIA3  6133    3       3901    3920    2805    
CTRIA3  6134    3       3919    4174    3911    
CTRIA3  6135    3       3902    4173    3920    
CTRIA3  6136    3       2922    3901    2715    
CTRIA3  6137    3       2718    3910    2923    
CTRIA3  6138    3       2710    3921    2720    
CTRIA3  6139    3       3913    4174    3916    
CTRIA3  6140    3       3907    4173    3904    
CTRIA3  6141    3       2922    3902    3901    
CTRIA3  6142    3       3910    3911    2923    
CTRIA3  6143    3       3104    3109    3108    
CTRIA3  6144    3       3011    3013    3012    
CTRIA3  6145    3       3920    4173    3165    
CTRIA3  6146    3       3166    4174    3919    
CTRIA3  6147    3       3165    4173    3942    
CTRIA3  6148    3       3953    4174    3166    
CTRIA3  6149    3       3618    3621    3620    
CTRIA3  6150    3       3893    3994    3890    
CTRIA3  6151    3       3888    3973    3887    
CTRIA3  6152    3       2721    3927    2745    
CTRIA3  6153    3       2726    3926    2723    
CTRIA3  6154    3       3530    3775    3531    
CTRIA3  6155    3       3531    3532    3529    
CTRIA3  6156    3       2715    3901    2714    
CTRIA3  6157    3       2717    3910    2718    
CTRIA3  6158    3       3492    3808    3657    
CTRIA3  6159    3       3909    3970    3969    
CTRIA3  6160    3       3903    4171    3905    
CTRIA3  6161    3       3218    3926    3461    
CTRIA3  6162    3       3459    3927    3215    
CTRIA3  6163    3       2840    3923    2776    
CTRIA3  6164    3       2922    3903    3902    
CTRIA3  6165    3       3911    3912    2923    
CTRIA3  6166    3       3224    3924    3918    
CTRIA3  6167    3       3750    3978    3961    
CTRIA3  6168    3       3109    3110    3108    
CTRIA3  6169    3       3910    3919    3911    
CTRIA3  6170    3       3902    3920    3901    
CTRIA3  6171    3       3918    3924    3912    
CTRIA3  6172    3       3912    3924    2923    
CTRIA3  6173    3       3918    3961    3224    
CTRIA3  6174    3       3461    3926    3898    
CTRIA3  6175    3       3899    3927    3459    
CTRIA3  6176    3       3621    3622    3620    
CTRIA3  6177    3       3917    3962    3914    
CTRIA3  6178    3       3225    3923    2840    
CTRIA3  6179    3       2776    3923    2922    
CTRIA3  6180    3       3923    4171    3903    
CTRIA3  6181    3       3531    3533    3532    
CTRIA3  6182    3       3750    3961    3752    
CTRIA3  6183    3       3961    3978    3224    
CTRIA3  6184    3       3215    3927    2834    
CTRIA3  6185    3       2833    3926    3218    
CTRIA3  6186    3       3909    4171    3970    
CTRIA3  6187    3       3914    3962    3918    
CTRIA3  6188    3       3905    4171    3909    
CTRIA3  6189    3       3903    3904    3902    
CTRIA3  6190    3       3911    3913    3912    
CTRIA3  6191    3       3961    3962    3752    
CTRIA3  6192    3       3110    3111    3108    
CTRIA3  6193    3       2922    3923    3903    
CTRIA3  6194    3       3621    3664    3622    
CTRIA3  6195    3       3622    3623    3620    
CTRIA3  6196    3       3533    3563    3532    
CTRIA3  6197    3       2854    3921    3457    
CTRIA3  6198    3       3285    3925    3542    
CTRIA3  6199    3       3192    3929    2902    
CTRIA3  6200    3       2901    3928    3189    
CTRIA3  6201    3       2842    3924    3224    
CTRIA3  6202    3       3903    3905    3904    
CTRIA3  6203    3       3913    3914    3912    
CTRIA3  6204    3       3110    3112    3111    
CTRIA3  6205    3       3213    3925    3285    
CTRIA3  6206    3       3189    3928    3351    
CTRIA3  6207    3       3353    3929    3192    
CTRIA3  6208    3       3225    4171    3923    
CTRIA3  6209    3       3621    3665    3664    
CTRIA3  6210    3       3622    3624    3623    
CTRIA3  6211    3       2902    3929    2806    
CTRIA3  6212    3       2808    3928    2901    
CTRIA3  6213    3       2779    3924    2842    
CTRIA3  6214    3       3533    3564    3563    
CTRIA3  6215    3       3970    4171    3225    
CTRIA3  6216    3       3914    3918    3912    
CTRIA3  6217    3       3905    3906    3904    
CTRIA3  6218    3       3913    3915    3914    
CTRIA3  6219    3       3110    3129    3112    
CTRIA3  6220    3       3112    3113    3111    
CTRIA3  6221    3       3624    3625    3623    
CTRIA3  6222    3       3665    3688    3664    
CTRIA3  6223    3       3533    3565    3564    
CTRIA3  6224    3       3214    3925    3213    
CTRIA3  6225    3       3915    3917    3914    
CTRIA3  6226    3       3906    3907    3904    
CTRIA3  6227    3       3905    3908    3906    
CTRIA3  6228    3       3913    3916    3915    
CTRIA3  6229    3       3112    3114    3113    
CTRIA3  6230    3       3113    3205    3111    
CTRIA3  6231    3       3665    3772    3688    
CTRIA3  6232    3       3624    3626    3625    
CTRIA3  6233    3       3442    3963    3940    
CTRIA3  6234    3       3460    3959    3866    
CTRIA3  6235    3       3944    3953    3166    
CTRIA3  6236    3       3839    3960    3462    
CTRIA3  6237    3       3150    3955    2732    
CTRIA3  6238    3       2751    3956    3149    
CTRIA3  6239    3       3940    3963    3934    
CTRIA3  6240    3       3905    3909    3908    
CTRIA3  6241    3       3942    3943    3933    
CTRIA3  6242    3       3114    3115    3113    
CTRIA3  6243    3       3931    3932    3193    
CTRIA3  6244    3       3286    3959    3460    
CTRIA3  6245    3       3934    3963    3193    
CTRIA3  6246    3       3931    3942    3933    
CTRIA3  6247    3       3624    3627    3626    
CTRIA3  6248    3       3957    3975    3441    
CTRIA3  6249    3       3969    3970    3965    
CTRIA3  6250    3       3462    3960    3288    
CTRIA3  6251    3       3140    3931    3193    
CTRIA3  6252    3       2732    3955    2730    
CTRIA3  6253    3       2749    3956    2751    
CTRIA3  6254    3       3972    4141    3425    
CTRIA3  6255    3       2843    3930    3174    
CTRIA3  6256    3       3141    3944    3166    
CTRIA3  6257    3       3965    3970    3964    
CTRIA3  6258    3       3971    4141    3972    
CTRIA3  6259    3       3330    3964    3211    
CTRIA3  6260    3       3441    3975    3263    
CTRIA3  6261    3       3265    3963    3442    
CTRIA3  6262    3       2857    3971    2752    
CTRIA3  6263    3       3209    3978    3331    
CTRIA3  6264    3       3330    3965    3964    
CTRIA3  6265    3       3114    3116    3115    
CTRIA3  6266    3       3931    3933    3932    
CTRIA3  6267    3       3932    3934    3193    
CTRIA3  6268    3       2857    4141    3971    
CTRIA3  6269    3       3331    3978    3750    
CTRIA3  6270    3       3627    3628    3626    
CTRIA3  6271    3       3918    3962    3961    
CTRIA3  6272    3       3263    3975    3188    
CTRIA3  6273    3       3211    3964    3147    
CTRIA3  6274    3       2752    3971    2750    
CTRIA3  6275    3       3191    3963    3265    
CTRIA3  6276    3       3145    3978    3209    
CTRIA3  6277    3       3340    3960    3800    
CTRIA3  6278    3       3947    3975    3957    
CTRIA3  6279    3       3231    3988    3210    
CTRIA3  6280    3       3339    3959    3286    
CTRIA3  6281    3       3330    3966    3965    
CTRIA3  6282    3       3114    3117    3116    
CTRIA3  6283    3       3932    3935    3934    
CTRIA3  6284    3       3453    3988    3231    
CTRIA3  6285    3       3628    3629    3626    
CTRIA3  6286    3       3210    3988    3146    
CTRIA3  6287    3       3190    3975    3947    
CTRIA3  6288    3       3986    3987    3853    
CTRIA3  6289    3       3880    3984    3983    
CTRIA3  6290    3       3117    3118    3116    
CTRIA3  6291    3       3966    3967    3965    
CTRIA3  6292    3       3935    3936    3934    
CTRIA3  6293    3       3628    3630    3629    
CTRIA3  6294    3       3654    3979    3632    
CTRIA3  6295    3       3977    3982    3149    
CTRIA3  6296    3       3150    3985    3976    
CTRIA3  6297    3       3951    3990    3948    
CTRIA3  6298    3       3936    3940    3934    
CTRIA3  6299    3       3935    3937    3936    
CTRIA3  6300    3       3967    3969    3965    
CTRIA3  6301    3       3117    3809    3118    
CTRIA3  6302    3       4003    4060    3355    
CTRIA3  6303    3       3948    3990    3945    
CTRIA3  6304    3       3632    3979    3634    
CTRIA3  6305    3       3438    4145    3207    
CTRIA3  6306    3       3362    4060    4003    
CTRIA3  6307    3       3997    4159    4158    
CTRIA3  6308    3       3634    3635    3633    
CTRIA3  6309    3       2881    4007    2882    
CTRIA3  6310    3       2882    4007    2885    
CTRIA3  6311    3       2881    4010    3998    
CTRIA3  6312    3       3380    4021    3329    
CTRIA3  6313    3       3630    3631    3629    
CTRIA3  6314    3       3309    4000    3440    
CTRIA3  6315    3       3355    4060    3992    
CTRIA3  6316    3       3249    4004    3437    
CTRIA3  6317    3       4003    4061    3362    
CTRIA3  6318    3       3998    4007    2881    
CTRIA3  6319    3       3998    4010    3463    
CTRIA3  6320    3       3630    3654    3632    
CTRIA3  6321    3       3318    3996    3378    
CTRIA3  6322    3       3638    3989    3640    
CTRIA3  6323    3       2832    4126    4044    
CTRIA3  6324    3       3745    4021    3380    
CTRIA3  6325    3       3999    4000    3306    
CTRIA3  6326    3       3996    3997    3378    
CTRIA3  6327    3       3361    4133    4022    
CTRIA3  6328    3       3306    4000    3309    
CTRIA3  6329    3       4146    4152    3366    
CTRIA3  6330    3       3472    4024    4022    
CTRIA3  6331    3       3992    4060    4059    
CTRIA3  6332    3       3936    3941    3940    
CTRIA3  6333    3       3305    3999    3306    
CTRIA3  6334    3       4128    4144    3473    
CTRIA3  6335    3       4153    4154    4123    
CTRIA3  6336    3       4000    4001    3440    
CTRIA3  6337    3       2927    4143    3208    
CTRIA3  6338    3       4009    4052    2836    
CTRIA3  6339    3       2832    4129    4127    
CTRIA3  6340    3       3311    4121    3312    
CTRIA3  6341    3       3314    4055    3317    
CTRIA3  6342    3       2839    4008    2756    
CTRIA3  6343    3       3316    4055    3314    
CTRIA3  6344    3       3329    4021    3328    
CTRIA3  6345    3       3398    4062    3465    
CTRIA3  6346    3       4022    4133    3472    
CTRIA3  6347    3       4012    4044    3470    
CTRIA3  6348    3       3470    4094    4012    
CTRIA3  6349    3       2832    4127    4126    
CTRIA3  6350    3       3637    3655    3638    
CTRIA3  6351    3       3472    4081    4024    
CTRIA3  6352    3       3855    4046    3860    
CTRIA3  6353    3       3468    4020    4002    
CTRIA3  6354    3       3993    4002    3199    
CTRIA3  6355    3       3397    4062    3398    
CTRIA3  6356    3       3468    4002    3993    
CTRIA3  6357    3       3144    4004    3249    
CTRIA3  6358    3       4003    4135    4061    
CTRIA3  6359    3       4010    4011    3463    
CTRIA3  6360    3       3852    4046    3855    
CTRIA3  6361    3       2784    4049    2782    
CTRIA3  6362    3       4142    4148    4028    
CTRIA3  6363    3       2787    4049    2784    
CTRIA3  6364    3       4115    4134    3332    
CTRIA3  6365    3       3995    4145    3438    
CTRIA3  6366    3       3494    4042    3495    
CTRIA3  6367    3       4158    4159    2836    
CTRIA3  6368    3       3273    4094    3470    
CTRIA3  6369    3       3282    3991    3413    
CTRIA3  6370    3       189     4048    2708    
CTRIA3  6371    3       2883    4148    4142    
CTRIA3  6372    3       2907    4094    3273    
CTRIA3  6373    3       3363    4056    2913    
CTRIA3  6374    3       3357    4006    3548    
CTRIA3  6375    3       2786    4116    2789    
CTRIA3  6376    3       4011    4056    3363    
CTRIA3  6377    3       4083    4154    4149    
CTRIA3  6378    3       4132    4136    2804    
CTRIA3  6379    3       3957    3958    3949    
CTRIA3  6380    3       2649    4090    157     
CTRIA3  6381    3       4061    4135    2813    
CTRIA3  6382    3       4066    4081    2879    
CTRIA3  6383    3       3375    4124    3474    
CTRIA3  6384    3       3180    4020    3308    
CTRIA3  6385    3       3677    4115    3332    
CTRIA3  6386    3       3495    4042    3498    
CTRIA3  6387    3       3308    4020    3468    
CTRIA3  6388    3       3575    4121    3311    
CTRIA3  6389    3       2903    4043    117     
CTRIA3  6390    3       2872    4015    152     
CTRIA3  6391    3       154     4110    153     
CTRIA3  6392    3       2872    4110    4017    
CTRIA3  6393    3       3312    3314    3313    
CTRIA3  6394    3       3935    3938    3937    
CTRIA3  6395    3       2765    4092    3153    
CTRIA3  6396    3       3315    4123    3313    
CTRIA3  6397    3       3317    3319    3318    
CTRIA3  6398    3       2827    4052    2844    
CTRIA3  6399    3       3200    4041    2892    
CTRIA3  6400    3       3194    4050    3370    
CTRIA3  6401    3       2877    4011    4010    
CTRIA3  6402    3       2877    4056    4011    
CTRIA3  6403    3       3207    4145    3202    
CTRIA3  6404    3       4044    4126    3470    
CTRIA3  6405    3       4075    4128    3473    
CTRIA3  6406    3       3170    4103    2773    
CTRIA3  6407    3       3463    4011    3365    
CTRIA3  6408    3       4127    4129    3471    
CTRIA3  6409    3       2813    4131    4061    
CTRIA3  6410    3       2857    4150    4141    
CTRIA3  6411    3       2872    4016    4015    
CTRIA3  6412    3       2879    4081    2876    
CTRIA3  6413    3       2878    4010    2881    
CTRIA3  6414    3       4015    4018    3448    
CTRIA3  6415    3       2766    4099    2770    
CTRIA3  6416    3       3230    3232    3231    
CTRIA3  6417    3       3867    3869    3868    
CTRIA3  6418    3       2814    4131    2813    
CTRIA3  6419    3       2876    4081    2875    
CTRIA3  6420    3       2791    4117    2792    
CTRIA3  6421    3       3226    4076    3297    
CTRIA3  6422    3       3848    3850    3849    
CTRIA3  6423    3       4024    4081    4066    
CTRIA3  6424    3       2914    4101    3167    
CTRIA3  6425    3       3558    4134    4115    
CTRIA3  6426    3       4061    4131    4125    
CTRIA3  6427    3       2835    4065    2823    
CTRIA3  6428    3       3328    3438    3207    
CTRIA3  6429    3       3465    3466    3464    
CTRIA3  6430    3       3500    4118    3502    
CTRIA3  6431    3       3881    3883    3882    
CTRIA3  6432    3       2872    4017    4016    
CTRIA3  6433    3       3275    4082    4076    
CTRIA3  6434    3       4025    4066    4028    
CTRIA3  6435    3       117     4043    116     
CTRIA3  6436    3       152     4015    151     
CTRIA3  6437    3       3312    4121    3316    
CTRIA3  6438    3       3365    4011    3363    
CTRIA3  6439    3       2756    4008    2754    
CTRIA3  6440    3       2770    4099    2869    
CTRIA3  6441    3       3328    4021    3546    
CTRIA3  6442    3       3331    3749    3446    
CTRIA3  6443    3       3431    4137    3784    
CTRIA3  6444    3       3850    3853    3852    
CTRIA3  6445    3       3852    3855    3854    
CTRIA3  6446    3       116     4043    3447    
CTRIA3  6447    3       151     4015    3448    
CTRIA3  6448    3       153     4110    2872    
CTRIA3  6449    3       178     4084    2638    
CTRIA3  6450    3       213     4085    2642    
CTRIA3  6451    3       251     4080    2695    
CTRIA3  6452    3       2862    2863    2861    
CTRIA3  6453    3       2861    4050    3194    
CTRIA3  6454    3       3143    4101    2914    
CTRIA3  6455    3       2927    3207    3202    
CTRIA3  6456    3       3312    3313    3310    
CTRIA3  6457    3       3317    3318    3315    
CTRIA3  6458    3       3319    3320    3318    
CTRIA3  6459    3       3508    3680    3515    
CTRIA3  6460    3       3843    3845    3844    
CTRIA3  6461    3       3889    3892    3891    
CTRIA3  6462    3       3947    3957    3949    
CTRIA3  6463    3       2770    2771    2769    
CTRIA3  6464    3       2772    4100    2774    
CTRIA3  6465    3       2789    4116    2911    
CTRIA3  6466    3       2836    4052    2827    
CTRIA3  6467    3       3504    4053    3581    
CTRIA3  6468    3       3853    4046    3852    
CTRIA3  6469    3       3860    3861    3857    
CTRIA3  6470    3       3889    3891    3890    
CTRIA3  6471    3       2766    2769    2765    
CTRIA3  6472    3       2772    2773    2771    
CTRIA3  6473    3       2912    4117    2791    
CTRIA3  6474    3       2809    4135    3171    
CTRIA3  6475    3       2825    4045    2835    
CTRIA3  6476    3       4125    4131    2858    
CTRIA3  6477    3       3212    3281    3234    
CTRIA3  6478    3       3660    3793    3299    
CTRIA3  6479    3       3356    3475    3357    
CTRIA3  6480    3       3369    3372    3371    
CTRIA3  6481    3       3538    3568    3397    
CTRIA3  6482    3       3845    3847    3844    
CTRIA3  6483    3       3869    3871    3870    
CTRIA3  6484    3       3879    3880    3877    
CTRIA3  6485    3       2765    3153    2742    
CTRIA3  6486    3       2759    2760    2758    
CTRIA3  6487    3       2766    2770    2769    
CTRIA3  6488    3       2774    4100    2811    
CTRIA3  6489    3       2785    4116    2786    
CTRIA3  6490    3       3199    4002    2785    
CTRIA3  6491    3       2864    2865    2787    
CTRIA3  6492    3       2865    4049    2787    
CTRIA3  6493    3       2789    2790    2788    
CTRIA3  6494    3       2791    2792    2790    
CTRIA3  6495    3       2793    4114    2790    
CTRIA3  6496    3       2792    2794    2793    
CTRIA3  6497    3       2795    4012    2793    
CTRIA3  6498    3       2794    2797    2795    
CTRIA3  6499    3       2797    2799    2798    
CTRIA3  6500    3       2832    4044    2798    
CTRIA3  6501    3       2799    2827    2800    
CTRIA3  6502    3       2839    4140    4008    
CTRIA3  6503    3       2844    2913    2845    
CTRIA3  6504    3       2862    2927    2863    
CTRIA3  6505    3       2924    3228    2913    
CTRIA3  6506    3       3282    3413    3367    
CTRIA3  6507    3       3297    4076    3660    
CTRIA3  6508    3       3313    4123    4083    
CTRIA3  6509    3       3427    3679    3334    
CTRIA3  6510    3       3358    3360    3359    
CTRIA3  6511    3       3360    4133    3361    
CTRIA3  6512    3       3361    4022    3537    
CTRIA3  6513    3       3464    3998    3463    
CTRIA3  6514    3       3850    3852    3851    
CTRIA3  6515    3       3869    3870    3868    
CTRIA3  6516    3       2758    4111    2839    
CTRIA3  6517    3       2767    2768    2764    
CTRIA3  6518    3       2781    2782    2768    
CTRIA3  6519    3       2783    2784    2782    
CTRIA3  6520    3       2785    2786    2784    
CTRIA3  6521    3       2786    2787    2784    
CTRIA3  6522    3       2786    2788    2787    
CTRIA3  6523    3       2821    2823    2820    
CTRIA3  6524    3       3273    3275    3226    
CTRIA3  6525    3       3358    3359    3275    
CTRIA3  6526    3       3368    3473    3298    
CTRIA3  6527    3       2737    2838    2739    
CTRIA3  6528    3       2769    4092    2765    
CTRIA3  6529    3       2823    4065    2820    
CTRIA3  6530    3       2913    4056    2845    
CTRIA3  6531    3       2892    4041    2889    
CTRIA3  6532    3       2911    4020    3180    
CTRIA3  6533    3       3228    3363    2913    
CTRIA3  6534    3       2924    3356    3237    
CTRIA3  6535    3       3297    3298    3164    
CTRIA3  6536    3       3308    3445    3439    
CTRIA3  6537    3       3369    3371    3368    
CTRIA3  6538    3       3372    3373    3371    
CTRIA3  6539    3       3403    3404    3402    
CTRIA3  6540    3       3424    3425    3404    
CTRIA3  6541    3       3436    4058    4057    
CTRIA3  6542    3       3502    4118    4053    
CTRIA3  6543    3       3874    3875    3872    
CTRIA3  6544    3       4066    4142    4028    
CTRIA3  6545    3       157     4090    156     
CTRIA3  6546    3       3151    3200    2892    
CTRIA3  6547    3       2907    3273    3226    
CTRIA3  6548    3       3299    3368    3298    
CTRIA3  6549    3       3312    3316    3314    
CTRIA3  6550    3       3431    3514    3432    
CTRIA3  6551    3       168     2652    167     
CTRIA3  6552    3       171     2668    170     
CTRIA3  6553    3       176     2871    175     
CTRIA3  6554    3       178     2638    177     
CTRIA3  6555    3       206     2868    205     
CTRIA3  6556    3       211     2921    210     
CTRIA3  6557    3       213     2642    212     
CTRIA3  6558    3       218     2906    217     
CTRIA3  6559    3       229     2929    228     
CTRIA3  6560    3       241     2897    240     
CTRIA3  6561    3       246     2870    245     
CTRIA3  6562    3       248     2639    247     
CTRIA3  6563    3       253     3185    252     
CTRIA3  6564    3       2739    2741    2740    
CTRIA3  6565    3       2761    3152    2763    
CTRIA3  6566    3       2772    2774    2773    
CTRIA3  6567    3       2862    4143    2927    
CTRIA3  6568    3       2875    3472    3471    
CTRIA3  6569    3       2885    2886    2884    
CTRIA3  6570    3       3232    3276    3253    
CTRIA3  6571    3       3355    3991    3282    
CTRIA3  6572    3       3308    3439    3305    
CTRIA3  6573    3       3439    3999    3305    
CTRIA3  6574    3       3308    3468    3445    
CTRIA3  6575    3       3313    4083    3310    
CTRIA3  6576    3       3320    3996    3318    
CTRIA3  6577    3       3319    3415    3320    
CTRIA3  6578    3       3324    3699    3441    
CTRIA3  6579    3       3379    3380    3329    
CTRIA3  6580    3       3356    4052    4009    
CTRIA3  6581    3       4061    4125    3362    
CTRIA3  6582    3       3372    3374    3373    
CTRIA3  6583    3       3389    3390    3388    
CTRIA3  6584    3       3401    3403    3402    
CTRIA3  6585    3       3403    3424    3404    
CTRIA3  6586    3       3431    3432    3430    
CTRIA3  6587    3       3514    3540    3432    
CTRIA3  6588    3       3540    3541    3432    
CTRIA3  6589    3       3468    3469    3445    
CTRIA3  6590    3       3855    3860    3857    
CTRIA3  6591    3       3861    3897    3857    
CTRIA3  6592    3       3867    3873    3869    
CTRIA3  6593    3       3881    3882    3879    
CTRIA3  6594    3       3883    3884    3882    
CTRIA3  6595    3       3884    3888    3887    
CTRIA3  6596    3       3884    3889    3888    
CTRIA3  6597    3       3889    3890    3888    
CTRIA3  6598    3       3891    3893    3890    
CTRIA3  6599    3       2737    2739    2738    
CTRIA3  6600    3       4075    4132    2804    
CTRIA3  6601    3       2820    4065    4064    
CTRIA3  6602    3       2874    2876    2875    
CTRIA3  6603    3       3144    3248    3143    
CTRIA3  6604    3       3275    4076    3226    
CTRIA3  6605    3       3238    3333    3332    
CTRIA3  6606    3       3473    4144    3298    
CTRIA3  6607    3       3310    4083    3307    
CTRIA3  6608    3       3324    3700    3699    
CTRIA3  6609    3       3366    4152    3379    
CTRIA3  6610    3       3390    3433    3388    
CTRIA3  6611    3       3575    4122    4121    
CTRIA3  6612    3       3876    3877    3875    
CTRIA3  6613    3       2809    3170    2773    
CTRIA3  6614    3       2790    4114    2788    
CTRIA3  6615    3       2794    2795    2793    
CTRIA3  6616    3       2797    2798    2795    
CTRIA3  6617    3       2827    2828    2800    
CTRIA3  6618    3       2809    3171    3170    
CTRIA3  6619    3       2915    3144    3143    
CTRIA3  6620    3       3367    4103    3170    
CTRIA3  6621    3       3180    3308    3305    
CTRIA3  6622    3       3360    3361    3359    
CTRIA3  6623    3       3397    3398    3365    
CTRIA3  6624    3       3878    3879    3877    
CTRIA3  6625    3       116     3447    115     
CTRIA3  6626    3       118     2903    117     
CTRIA3  6627    3       120     2674    119     
CTRIA3  6628    3       129     2898    128     
CTRIA3  6629    3       146     2688    145     
CTRIA3  6630    3       151     3448    150     
CTRIA3  6631    3       153     2872    152     
CTRIA3  6632    3       155     2675    154     
CTRIA3  6633    3       164     2659    163     
CTRIA3  6634    3       179     4084    178     
CTRIA3  6635    3       181     2694    180     
CTRIA3  6636    3       2770    2772    2771    
CTRIA3  6637    3       2773    4103    2771    
CTRIA3  6638    3       2869    4100    2772    
CTRIA3  6639    3       2788    2864    2787    
CTRIA3  6640    3       2789    2791    2790    
CTRIA3  6641    3       2795    4044    4012    
CTRIA3  6642    3       2816    2817    2814    
CTRIA3  6643    3       2818    2822    2817    
CTRIA3  6644    3       2859    2860    2858    
CTRIA3  6645    3       2861    3194    2860    
CTRIA3  6646    3       3194    3204    2860    
CTRIA3  6647    3       2878    2880    2879    
CTRIA3  6648    3       2886    2887    2884    
CTRIA3  6649    3       2888    2891    2889    
CTRIA3  6650    3       2891    2892    2889    
CTRIA3  6651    3       2889    4041    2908    
CTRIA3  6652    3       2891    4091    3278    
CTRIA3  6653    3       3142    3151    2892    
CTRIA3  6654    3       3294    4004    3144    
CTRIA3  6655    3       3180    3305    3181    
CTRIA3  6656    3       3202    3238    3203    
CTRIA3  6657    3       3208    3328    3207    
CTRIA3  6658    3       3208    4143    3366    
CTRIA3  6659    3       3230    3256    3232    
CTRIA3  6660    3       3249    3335    3334    
CTRIA3  6661    3       3359    4082    3275    
CTRIA3  6662    3       3297    3299    3298    
CTRIA3  6663    3       3309    3310    3307    
CTRIA3  6664    3       3311    3312    3310    
CTRIA3  6665    3       3366    3379    3329    
CTRIA3  6666    3       3333    3677    3332    
CTRIA3  6667    3       3375    3474    3373    
CTRIA3  6668    3       3385    3386    3384    
CTRIA3  6669    3       3387    3388    3386    
CTRIA3  6670    3       3466    3467    3464    
CTRIA3  6671    3       3474    4124    4111    
CTRIA3  6672    3       3498    3510    3500    
CTRIA3  6673    3       3500    3502    3501    
CTRIA3  6674    3       3504    3505    3503    
CTRIA3  6675    3       3541    4014    4013    
CTRIA3  6676    3       4025    4027    4026    
CTRIA3  6677    3       4049    4144    4128    
CTRIA3  6678    3       2669    4105    160     
CTRIA3  6679    3       2811    2812    2810    
CTRIA3  6680    3       2821    2824    2823    
CTRIA3  6681    3       3194    3370    3245    
CTRIA3  6682    3       3317    4055    3525    
CTRIA3  6683    3       3568    4062    3397    
CTRIA3  6684    3       3408    3782    3733    
CTRIA3  6685    3       3498    3500    3499    
CTRIA3  6686    3       3502    3503    3501    
CTRIA3  6687    3       181     4077    2694    
CTRIA3  6688    3       200     2623    199     
CTRIA3  6689    3       227     2645    226     
CTRIA3  6690    3       235     2656    234     
CTRIA3  6691    3       2735    2737    2736    
CTRIA3  6692    3       2838    4087    2739    
CTRIA3  6693    3       2741    2743    2742    
CTRIA3  6694    3       2755    2850    2757    
CTRIA3  6695    3       2803    4099    2766    
CTRIA3  6696    3       2826    2846    2825    
CTRIA3  6697    3       2844    2845    2828    
CTRIA3  6698    3       2844    4052    2924    
CTRIA3  6699    3       2859    2861    2860    
CTRIA3  6700    3       2927    3202    2863    
CTRIA3  6701    3       2886    2890    2888    
CTRIA3  6702    3       2891    3278    3142    
CTRIA3  6703    3       3299    3793    3369    
CTRIA3  6704    3       3335    3427    3334    
CTRIA3  6705    3       3370    3558    3436    
CTRIA3  6706    3       3408    3733    3389    
CTRIA3  6707    3       3390    3434    3433    
CTRIA3  6708    3       3452    4145    3995    
CTRIA3  6709    3       3479    3494    3480    
CTRIA3  6710    3       3495    3497    3496    
CTRIA3  6711    3       3508    3509    3507    
CTRIA3  6712    3       4022    4023    3537    
CTRIA3  6713    3       3850    3851    3849    
CTRIA3  6714    3       3884    3887    3882    
CTRIA3  6715    3       4024    4025    4023    
CTRIA3  6716    3       133     3159    132     
CTRIA3  6717    3       141     2928    140     
CTRIA3  6718    3       143     2644    142     
CTRIA3  6719    3       148     2905    147     
CTRIA3  6720    3       160     4105    159     
CTRIA3  6721    3       174     2658    173     
CTRIA3  6722    3       183     3184    182     
CTRIA3  6723    3       2643    4047    191     
CTRIA3  6724    3       244     2657    243     
CTRIA3  6725    3       2847    2915    2914    
CTRIA3  6726    3       2889    2908    2887    
CTRIA3  6727    3       2888    4091    2891    
CTRIA3  6728    3       2927    3208    3207    
CTRIA3  6729    3       3144    3249    3248    
CTRIA3  6730    3       3219    3511    3258    
CTRIA3  6731    3       3328    3546    3438    
CTRIA3  6732    3       3379    3381    3380    
CTRIA3  6733    3       3381    3552    3551    
CTRIA3  6734    3       3387    3389    3388    
CTRIA3  6735    3       3495    3498    3497    
CTRIA3  6736    3       4029    4031    4030    
CTRIA3  6737    3       2741    2742    2740    
CTRIA3  6738    3       2743    2765    2742    
CTRIA3  6739    3       2759    2761    2760    
CTRIA3  6740    3       2771    3157    2769    
CTRIA3  6741    3       2774    2809    2773    
CTRIA3  6742    3       2774    2811    2810    
CTRIA3  6743    3       2783    2785    2784    
CTRIA3  6744    3       2783    3199    2785    
CTRIA3  6745    3       2786    2789    2788    
CTRIA3  6746    3       2798    4044    2795    
CTRIA3  6747    3       2800    2832    2798    
CTRIA3  6748    3       2815    2816    2814    
CTRIA3  6749    3       2816    2819    2818    
CTRIA3  6750    3       2822    2858    2817    
CTRIA3  6751    3       2819    2820    2818    
CTRIA3  6752    3       2818    4064    2822    
CTRIA3  6753    3       2821    2831    2824    
CTRIA3  6754    3       2914    3167    2846    
CTRIA3  6755    3       2864    2907    2865    
CTRIA3  6756    3       2907    3164    2865    
CTRIA3  6757    3       2874    2875    2873    
CTRIA3  6758    3       2877    2878    2876    
CTRIA3  6759    3       2907    3226    3164    
CTRIA3  6760    3       2915    3294    3144    
CTRIA3  6761    3       3171    3282    3170    
CTRIA3  6762    3       3309    3440    3311    
CTRIA3  6763    3       3331    3750    3749    
CTRIA3  6764    3       3364    3397    3365    
CTRIA3  6765    3       3364    3538    3397    
CTRIA3  6766    3       3398    3463    3365    
CTRIA3  6767    3       3541    4013    3432    
CTRIA3  6768    3       3435    3479    3434    
CTRIA3  6769    3       3467    3998    3464    
CTRIA3  6770    3       3465    3681    3466    
CTRIA3  6771    3       3498    4042    3510    
CTRIA3  6772    3       3506    3507    3505    
CTRIA3  6773    3       3506    3508    3507    
CTRIA3  6774    3       3508    3515    3509    
CTRIA3  6775    3       3511    4108    4107    
CTRIA3  6776    3       3841    3842    3840    
CTRIA3  6777    3       3843    3844    3842    
CTRIA3  6778    3       3845    3862    3848    
CTRIA3  6779    3       3848    3849    3847    
CTRIA3  6780    3       3855    3857    3856    
CTRIA3  6781    3       3870    3895    3868    
CTRIA3  6782    3       3871    3874    3872    
CTRIA3  6783    3       4025    4026    4023    
CTRIA3  6784    3       4029    4030    4027    
CTRIA3  6785    3       125     2904    124     
CTRIA3  6786    3       246     4089    2870    
CTRIA3  6787    3       2739    2740    2738    
CTRIA3  6788    3       2743    2766    2765    
CTRIA3  6789    3       2812    2813    2810    
CTRIA3  6790    3       2816    2818    2817    
CTRIA3  6791    3       2825    2835    2823    
CTRIA3  6792    3       2863    4050    2861    
CTRIA3  6793    3       2891    3142    2892    
CTRIA3  6794    3       2911    3180    2912    
CTRIA3  6795    3       3282    3367    3170    
CTRIA3  6796    3       3194    3245    3204    
CTRIA3  6797    3       3249    3437    3335    
CTRIA3  6798    3       3258    3301    3300    
CTRIA3  6799    3       3301    3550    3383    
CTRIA3  6800    3       3383    3384    3382    
CTRIA3  6801    3       3383    3385    3384    
CTRIA3  6802    3       3390    3435    3434    
CTRIA3  6803    3       3398    3465    3464    
CTRIA3  6804    3       3408    3785    3782    
CTRIA3  6805    3       3428    3429    3427    
CTRIA3  6806    3       3725    3995    3438    
CTRIA3  6807    3       3467    4007    3998    
CTRIA3  6808    3       3498    3499    3497    
CTRIA3  6809    3       3502    3504    3503    
CTRIA3  6810    3       4016    4019    4018    
CTRIA3  6811    3       4028    4029    4027    
CTRIA3  6812    3       2898    4097    128     
CTRIA3  6813    3       2675    4110    154     
CTRIA3  6814    3       187     3269    186     
CTRIA3  6815    3       189     2708    188     
CTRIA3  6816    3       190     4048    189     
CTRIA3  6817    3       214     4085    213     
CTRIA3  6818    3       216     2689    215     
CTRIA3  6819    3       222     3270    221     
CTRIA3  6820    3       224     2709    223     
CTRIA3  6821    3       2870    4079    245     
CTRIA3  6822    3       251     2695    250     
CTRIA3  6823    3       252     4080    251     
CTRIA3  6824    3       2743    4106    2803    
CTRIA3  6825    3       2820    4064    2818    
CTRIA3  6826    3       2819    2821    2820    
CTRIA3  6827    3       2822    2859    2858    
CTRIA3  6828    3       2824    2825    2823    
CTRIA3  6829    3       3202    3203    2863    
CTRIA3  6830    3       2882    2884    2883    
CTRIA3  6831    3       2888    2889    2887    
CTRIA3  6832    3       2890    4091    2888    
CTRIA3  6833    3       3219    3221    3151    
CTRIA3  6834    3       3370    3436    3245    
CTRIA3  6835    3       3314    3315    3313    
CTRIA3  6836    3       3536    4082    3359    
CTRIA3  6837    3       3398    3464    3463    
CTRIA3  6838    3       3495    3496    3480    
CTRIA3  6839    3       4020    4116    4002    
CTRIA3  6840    3       4022    4024    4023    
CTRIA3  6841    3       4024    4066    4025    
CTRIA3  6842    3       4025    4028    4027    
CTRIA3  6843    3       123     2648    122     
CTRIA3  6844    3       192     2643    191     
CTRIA3  6845    3       194     2920    193     
CTRIA3  6846    3       2737    2738    2736    
CTRIA3  6847    3       2739    4087    2741    
CTRIA3  6848    3       2763    2767    2764    
CTRIA3  6849    3       2770    2869    2772    
CTRIA3  6850    3       2812    2814    2813    
CTRIA3  6851    3       2824    2826    2825    
CTRIA3  6852    3       2826    2847    2846    
CTRIA3  6853    3       2875    3471    2873    
CTRIA3  6854    3       2874    2877    2876    
CTRIA3  6855    3       2875    4081    3472    
CTRIA3  6856    3       2877    4010    2878    
CTRIA3  6857    3       2915    3143    2914    
CTRIA3  6858    3       3219    3258    3221    
CTRIA3  6859    3       3385    3387    3386    
CTRIA3  6860    3       3387    3408    3389    
CTRIA3  6861    3       3432    4013    3430    
CTRIA3  6862    3       3431    3784    3514    
CTRIA3  6863    3       3479    3480    3434    
CTRIA3  6864    3       3500    3501    3499    
CTRIA3  6865    3       3504    3506    3505    
CTRIA3  6866    3       3875    3894    3872    
CTRIA3  6867    3       3876    3878    3877    
CTRIA3  6868    3       3947    3949    3948    
CTRIA3  6869    3       127     2664    126     
CTRIA3  6870    3       131     2653    130     
CTRIA3  6871    3       135     2655    134     
CTRIA3  6872    3       138     2677    137     
CTRIA3  6873    3       161     2669    160     
CTRIA3  6874    3       166     2866    165     
CTRIA3  6875    3       197     2667    196     
CTRIA3  6876    3       202     2867    201     
CTRIA3  6877    3       204     2624    203     
CTRIA3  6878    3       208     2637    207     
CTRIA3  6879    3       232     2678    231     
CTRIA3  6880    3       237     3158    236     
CTRIA3  6881    3       239     2654    238     
CTRIA3  6882    3       2758    2839    2756    
CTRIA3  6883    3       2764    2804    2762    
CTRIA3  6884    3       2792    2793    2790    
CTRIA3  6885    3       2878    2881    2880    
CTRIA3  6886    3       2882    2883    2880    
CTRIA3  6887    3       2886    2888    2887    
CTRIA3  6888    3       3142    3219    3151    
CTRIA3  6889    3       3248    3295    3143    
CTRIA3  6890    3       3258    3300    3221    
CTRIA3  6891    3       3300    3407    3221    
CTRIA3  6892    3       3232    3253    3231    
CTRIA3  6893    3       3253    3453    3231    
CTRIA3  6894    3       3238    3452    3333    
CTRIA3  6895    3       3436    4057    3245    
CTRIA3  6896    3       3306    3309    3307    
CTRIA3  6897    3       3309    3311    3310    
CTRIA3  6898    3       3318    3378    3315    
CTRIA3  6899    3       3317    3525    3319    
CTRIA3  6900    3       3413    3414    3367    
CTRIA3  6901    3       3658    3689    3418    
CTRIA3  6902    3       3428    3430    3429    
CTRIA3  6903    3       3472    4133    3471    
CTRIA3  6904    3       3494    3495    3480    
CTRIA3  6905    3       3510    4118    3500    
CTRIA3  6906    3       3507    3559    3505    
CTRIA3  6907    3       3845    3848    3847    
CTRIA3  6908    3       203     4063    202     
CTRIA3  6909    3       2761    2763    2762    
CTRIA3  6910    3       2767    2781    2768    
CTRIA3  6911    3       2767    3156    2781    
CTRIA3  6912    3       2845    2874    2873    
CTRIA3  6913    3       2878    2879    2876    
CTRIA3  6914    3       2911    4116    4020    
CTRIA3  6915    3       3245    3252    3204    
CTRIA3  6916    3       3356    3357    3237    
CTRIA3  6917    3       3297    3660    3299    
CTRIA3  6918    3       3301    3382    3300    
CTRIA3  6919    3       3301    3383    3382    
CTRIA3  6920    3       3475    4006    3357    
CTRIA3  6921    3       3357    3548    3547    
CTRIA3  6922    3       3374    3376    3375    
CTRIA3  6923    3       3376    3401    3377    
CTRIA3  6924    3       3424    3426    3425    
CTRIA3  6925    3       3842    3846    3840    
CTRIA3  6926    3       3841    3863    3843    
CTRIA3  6927    3       3855    3856    3854    
CTRIA3  6928    3       125     4096    2904    
CTRIA3  6929    3       171     4068    2668    
CTRIA3  6930    3       197     4102    2667    
CTRIA3  6931    3       202     4063    2867    
CTRIA3  6932    3       204     4113    2624    
CTRIA3  6933    3       2743    2803    2766    
CTRIA3  6934    3       2755    2757    2756    
CTRIA3  6935    3       2757    2759    2758    
CTRIA3  6936    3       2911    2912    2791    
CTRIA3  6937    3       2792    2796    2794    
CTRIA3  6938    3       2799    2836    2827    
CTRIA3  6939    3       2845    2873    2828    
CTRIA3  6940    3       2844    2924    2913    
CTRIA3  6941    3       2847    2914    2846    
CTRIA3  6942    3       2882    2885    2884    
CTRIA3  6943    3       2924    3237    3228    
CTRIA3  6944    3       3226    3297    3164    
CTRIA3  6945    3       3301    4107    3550    
CTRIA3  6946    3       3361    3536    3359    
CTRIA3  6947    3       3361    3537    3536    
CTRIA3  6948    3       3364    3365    3363    
CTRIA3  6949    3       3502    4053    3504    
CTRIA3  6950    3       2624    4063    203     
CTRIA3  6951    3       2738    2851    2736    
CTRIA3  6952    3       2774    2810    2809    
CTRIA3  6953    3       4049    4128    2782    
CTRIA3  6954    3       2812    2815    2814    
CTRIA3  6955    3       2826    2893    2847    
CTRIA3  6956    3       3167    4045    2846    
CTRIA3  6957    3       2859    2862    2861    
CTRIA3  6958    3       2881    2882    2880    
CTRIA3  6959    3       2908    4051    2887    
CTRIA3  6960    3       3171    3355    3282    
CTRIA3  6961    3       3238    3332    3203    
CTRIA3  6962    3       3249    3334    3248    
CTRIA3  6963    3       3258    4107    3301    
CTRIA3  6964    3       3294    4005    4004    
CTRIA3  6965    3       3335    3428    3427    
CTRIA3  6966    3       3750    3752    3751    
CTRIA3  6967    3       3852    3854    3851    
CTRIA3  6968    3       123     4095    2648    
CTRIA3  6969    3       182     4077    181     
CTRIA3  6970    3       2741    4106    2743    
CTRIA3  6971    3       2781    2783    2782    
CTRIA3  6972    3       3171    4135    4003    
CTRIA3  6973    3       3273    3470    3358    
CTRIA3  6974    3       4152    4155    3379    
CTRIA3  6975    3       2904    4095    124     
CTRIA3  6976    3       2792    4117    2796    
CTRIA3  6977    3       2846    4045    2825    
CTRIA3  6978    3       3184    4078    4077    
CTRIA3  6979    3       3208    3366    3329    
CTRIA3  6980    3       3331    3446    3229    
CTRIA3  6981    3       3281    3418    3234    
CTRIA3  6982    3       3355    3992    3991    
CTRIA3  6983    3       3377    4124    3375    
CTRIA3  6984    3       198     4102    197     
CTRIA3  6985    3       2884    4051    2883    
CTRIA3  6986    3       3305    3306    3181    
CTRIA3  6987    3       3252    3362    3204    
CTRIA3  6988    3       3640    3641    3639    
CTRIA3  6989    3       3874    3876    3875    
CTRIA3  6990    3       3878    3881    3879    
CTRIA3  6991    3       164     4074    2659    
CTRIA3  6992    3       214     4086    4085    
CTRIA3  6993    3       244     4079    2657    
CTRIA3  6994    3       4136    4139    2804    
CTRIA3  6995    3       2874    4056    2877    
CTRIA3  6996    3       3281    3658    3418    
CTRIA3  6997    3       3299    3369    3368    
CTRIA3  6998    3       3381    3551    3380    
CTRIA3  6999    3       3733    4104    3389    
CTRIA3  7000    3       3428    3431    3430    
CTRIA3  7001    3       3468    3993    3469    
CTRIA3  7002    3       3504    3581    3506    
CTRIA3  7003    3       3838    3841    3840    
CTRIA3  7004    3       3841    3843    3842    
CTRIA3  7005    3       4016    4018    4015    
CTRIA3  7006    3       3184    4077    182     
CTRIA3  7007    3       191     4047    190     
CTRIA3  7008    3       4047    4048    190     
CTRIA3  7009    3       3185    4080    252     
CTRIA3  7010    3       2760    4139    4111    
CTRIA3  7011    3       4008    4150    2857    
CTRIA3  7012    3       2887    4051    2884    
CTRIA3  7013    3       3332    4134    3203    
CTRIA3  7014    3       3228    3364    3363    
CTRIA3  7015    3       3511    4107    3258    
CTRIA3  7016    3       3867    3868    3865    
CTRIA3  7017    3       2860    4125    2858    
CTRIA3  7018    3       3362    4125    3204    
CTRIA3  7019    3       3514    3701    3540    
CTRIA3  7020    3       245     4079    244     
CTRIA3  7021    3       2755    2756    2754    
CTRIA3  7022    3       2757    2758    2756    
CTRIA3  7023    3       2761    2762    2760    
CTRIA3  7024    3       4002    4116    2785    
CTRIA3  7025    3       4012    4114    2793    
CTRIA3  7026    3       2799    2800    2798    
CTRIA3  7027    3       2827    2844    2828    
CTRIA3  7028    3       2864    4094    2907    
CTRIA3  7029    3       3295    4101    3143    
CTRIA3  7030    3       3171    4003    3355    
CTRIA3  7031    3       3208    3329    3328    
CTRIA3  7032    3       4057    4059    3252    
CTRIA3  7033    3       4083    4149    3307    
CTRIA3  7034    3       3440    3575    3311    
CTRIA3  7035    3       3379    4155    3381    
CTRIA3  7036    3       3403    3539    3424    
CTRIA3  7037    3       3946    3954    3953    
CTRIA3  7038    3       158     2649    157     
CTRIA3  7039    3       2788    4114    2864    
CTRIA3  7040    3       3230    3231    3210    
CTRIA3  7041    3       3273    3358    3275    
CTRIA3  7042    3       3300    4112    3407    
CTRIA3  7043    3       3401    3402    3377    
CTRIA3  7044    3       124     4095    123     
CTRIA3  7045    3       2668    4098    170     
CTRIA3  7046    3       2763    2764    2762    
CTRIA3  7047    3       2768    4128    4075    
CTRIA3  7048    3       2845    4056    2874    
CTRIA3  7049    3       2924    4052    3356    
CTRIA3  7050    3       3357    3547    3237    
CTRIA3  7051    3       3371    4136    4132    
CTRIA3  7052    3       3374    3375    3373    
CTRIA3  7053    3       3376    3377    3375    
CTRIA3  7054    3       3551    3745    3380    
CTRIA3  7055    3       3390    4104    3435    
CTRIA3  7056    3       3473    4132    4075    
CTRIA3  7057    3       3871    3872    3870    
CTRIA3  7058    3       2868    4113    205     
CTRIA3  7059    3       2639    4089    247     
CTRIA3  7060    3       2800    4129    2832    
CTRIA3  7061    3       3324    3441    3263    
CTRIA3  7062    3       3434    4120    3433    
CTRIA3  7063    3       3496    4120    3480    
CTRIA3  7064    3       3632    3634    3633    
CTRIA3  7065    3       2782    4128    2768    
CTRIA3  7066    3       3157    4092    2769    
CTRIA3  7067    3       2771    4103    3157    
CTRIA3  7068    3       2826    4119    2893    
CTRIA3  7069    3       3697    3698    3323    
CTRIA3  7070    3       3356    4009    3475    
CTRIA3  7071    3       3389    4104    3390    
CTRIA3  7072    3       3546    3725    3438    
CTRIA3  7073    3       127     4097    2664    
CTRIA3  7074    3       161     4088    2669    
CTRIA3  7075    3       168     4067    2652    
CTRIA3  7076    3       169     4098    4067    
CTRIA3  7077    3       2789    2911    2791    
CTRIA3  7078    3       4051    4148    2883    
CTRIA3  7079    3       3306    3307    3181    
CTRIA3  7080    3       3314    3317    3315    
CTRIA3  7081    3       3480    4120    3434    
CTRIA3  7082    3       3891    3896    3893    
CTRIA3  7083    3       4094    4114    4012    
CTRIA3  7084    3       2754    4008    2857    
CTRIA3  7085    3       3474    4139    4136    
CTRIA3  7086    3       4087    4106    2741    
CTRIA3  7087    3       2828    4129    2800    
CTRIA3  7088    3       3471    4129    2873    
CTRIA3  7089    3       3382    4112    3300    
CTRIA3  7090    3       3378    4123    3315    
CTRIA3  7091    3       3425    4141    3404    
CTRIA3  7092    3       2768    4075    2764    
CTRIA3  7093    3       3204    4125    2860    
CTRIA3  7094    3       3203    4050    2863    
CTRIA3  7095    3       3180    3181    2912    
CTRIA3  7096    3       3442    3697    3323    
CTRIA3  7097    3       4111    4139    3474    
CTRIA3  7098    3       118     4109    2903    
CTRIA3  7099    3       155     4054    2675    
CTRIA3  7100    3       156     4090    4054    
CTRIA3  7101    3       162     4088    161     
CTRIA3  7102    3       2866    4074    165     
CTRIA3  7103    3       169     4067    168     
CTRIA3  7104    3       170     4098    169     
CTRIA3  7105    3       172     4068    171     
CTRIA3  7106    3       2754    2857    2752    
CTRIA3  7107    3       3373    4136    3371    
CTRIA3  7108    3       3630    3632    3631    
CTRIA3  7109    3       2810    4135    2809    
CTRIA3  7110    3       3212    3234    3233    
CTRIA3  7111    3       4149    4154    4117    
CTRIA3  7112    3       2760    4111    2758    
CTRIA3  7113    3       2817    4131    2814    
CTRIA3  7114    3       2831    4119    2824    
CTRIA3  7115    3       4111    4124    2839    
CTRIA3  7116    3       2864    4114    4094    
CTRIA3  7117    3       3547    4138    3237    
CTRIA3  7118    3       3245    4057    3252    
CTRIA3  7119    3       3281    3659    3658    
CTRIA3  7120    3       3838    3840    3839    
CTRIA3  7121    3       3949    3950    3948    
CTRIA3  7122    3       2664    4096    126     
CTRIA3  7123    3       3266    3354    3353    
CTRIA3  7124    3       3333    3678    3677    
CTRIA3  7125    3       3996    4159    3997    
CTRIA3  7126    3       128     4097    127     
CTRIA3  7127    3       165     4074    164     
CTRIA3  7128    3       2735    2736    2734    
CTRIA3  7129    3       2762    4139    2760    
CTRIA3  7130    3       126     4096    125     
CTRIA3  7131    3       205     4113    204     
CTRIA3  7132    3       3203    4134    4050    
CTRIA3  7133    3       3234    3336    3233    
CTRIA3  7134    3       3471    4133    4127    
CTRIA3  7135    3       247     4089    246     
CTRIA3  7136    3       2824    4119    2826    
CTRIA3  7137    3       4050    4134    3370    
CTRIA3  7138    3       3750    3751    3749    
CTRIA3  7139    3       3371    4132    3368    
CTRIA3  7140    3       4065    4146    4064    
CTRIA3  7141    3       4065    4152    4146    
CTRIA3  7142    3       2733    2856    2735    
CTRIA3  7143    3       2796    4154    4153    
CTRIA3  7144    3       4064    4130    2822    
CTRIA3  7145    3       2859    4130    2862    
CTRIA3  7146    3       3238    4145    3452    
CTRIA3  7147    3       3947    3948    3945    
CTRIA3  7148    3       3233    3330    3211    
CTRIA3  7149    3       3946    3953    3944    
CTRIA3  7150    3       2813    4135    2810    
CTRIA3  7151    3       3634    3637    3636    
CTRIA3  7152    3       4126    4127    3360    
CTRIA3  7153    3       3866    3867    3865    
CTRIA3  7154    3       3229    3230    3210    
CTRIA3  7155    3       156     4054    155     
CTRIA3  7156    3       2858    4131    2817    
CTRIA3  7157    3       3351    3352    3264    
CTRIA3  7158    3       3265    3442    3323    
CTRIA3  7159    3       3945    3990    3946    
CTRIA3  7160    3       2753    2755    2754    
CTRIA3  7161    3       2822    4130    2859    
CTRIA3  7162    3       4140    4150    4008    
CTRIA3  7163    3       2674    4109    119     
CTRIA3  7164    3       2689    4086    215     
CTRIA3  7165    3       3209    3331    3229    
CTRIA3  7166    3       3358    4126    3360    
CTRIA3  7167    3       3377    4140    4124    
CTRIA3  7168    3       2796    4157    2794    
CTRIA3  7169    3       2873    4129    2828    
CTRIA3  7170    3       2804    4139    2762    
CTRIA3  7171    3       2764    4075    2804    
CTRIA3  7172    3       3164    4144    2865    
CTRIA3  7173    3       2879    4142    4066    
CTRIA3  7174    3       3470    4126    3358    
CTRIA3  7175    3       4127    4133    3360    
CTRIA3  7176    3       3474    4136    3373    
CTRIA3  7177    3       3402    4150    4140    
CTRIA3  7178    3       3637    3714    3655    
CTRIA3  7179    3       3637    3979    3714    
CTRIA3  7180    3       4059    4060    3252    
CTRIA3  7181    3       3402    4140    3377    
CTRIA3  7182    3       4124    4140    2839    
CTRIA3  7183    3       3252    4060    3362    
CTRIA3  7184    3       3370    4134    3558    
CTRIA3  7185    3       4155    4156    3381    
CTRIA3  7186    3       2883    4142    2880    
CTRIA3  7187    3       3950    3951    3948    
CTRIA3  7188    3       3378    4153    4123    
CTRIA3  7189    3       4141    4150    3404    
CTRIA3  7190    3       4064    4146    4130    
CTRIA3  7191    3       215     4086    214     
CTRIA3  7192    3       3638    3640    3639    
CTRIA3  7193    3       3202    4145    3238    
CTRIA3  7194    3       3298    4144    3164    
CTRIA3  7195    3       3437    4137    3335    
CTRIA3  7196    3       119     4109    118     
CTRIA3  7197    3       2880    4142    2879    
CTRIA3  7198    3       3634    3636    3635    
CTRIA3  7199    3       4130    4143    2862    
CTRIA3  7200    3       3228    4138    3364    
CTRIA3  7201    3       3364    4138    3538    
CTRIA3  7202    3       3475    4161    4006    
CTRIA3  7203    3       3368    4132    3473    
CTRIA3  7204    3       3404    4150    3402    
CTRIA3  7205    3       4029    4151    4031    
CTRIA3  7206    3       4028    4148    4029    
CTRIA3  7207    3       3237    4138    3228    
CTRIA3  7208    3       3335    4137    3428    
CTRIA3  7209    3       3632    3633    3631    
CTRIA3  7210    3       2865    4144    4049    
CTRIA3  7211    3       3381    4156    3552    
CTRIA3  7212    3       3428    4137    3431    
CTRIA3  7213    3       3638    3639    3636    
CTRIA3  7214    3       4130    4146    4143    
CTRIA3  7215    3       2912    4149    4117    
CTRIA3  7216    3       2908    4151    4051    
CTRIA3  7217    3       3997    4153    3378    
CTRIA3  7218    3       4123    4154    4083    
CTRIA3  7219    3       3319    4147    3415    
CTRIA3  7220    3       3525    4147    3319    
CTRIA3  7221    3       2799    4158    2836    
CTRIA3  7222    3       4143    4146    3366    
CTRIA3  7223    3       3798    3959    3339    
CTRIA3  7224    3       3190    3947    3945    
CTRIA3  7225    3       2835    4152    4065    
CTRIA3  7226    3       3945    3946    3944    
CTRIA3  7227    3       4153    4157    2796    
CTRIA3  7228    3       4051    4151    4148    
CTRIA3  7229    3       3307    4149    3181    
CTRIA3  7230    3       2733    2735    2734    
CTRIA3  7231    3       3460    3866    3865    
CTRIA3  7232    3       3264    3324    3263    
CTRIA3  7233    3       3265    3323    3266    
CTRIA3  7234    3       3209    3229    3210    
CTRIA3  7235    3       3633    3726    3631    
CTRIA3  7236    3       3181    4149    2912    
CTRIA3  7237    3       2734    3150    2732    
CTRIA3  7238    3       2751    3149    2753    
CTRIA3  7239    3       4117    4154    2796    
CTRIA3  7240    3       3838    3839    3462    
CTRIA3  7241    3       3189    3351    3264    
CTRIA3  7242    3       2753    2754    2752    
CTRIA3  7243    3       4148    4151    4029    
CTRIA3  7244    3       4009    4160    3475    
CTRIA3  7245    3       4045    4156    4155    
CTRIA3  7246    3       3266    3353    3192    
CTRIA3  7247    3       3637    3638    3636    
CTRIA3  7248    3       3212    3233    3211    
CTRIA3  7249    3       2835    4155    4152    
CTRIA3  7250    3       2794    4157    2797    
CTRIA3  7251    3       4045    4155    2835    
CTRIA3  7252    3       3167    4156    4045    
CTRIA3  7253    3       3655    3989    3638    
CTRIA3  7254    3       3997    4157    4153    
CTRIA3  7255    3       3997    4158    4157    
CTRIA3  7256    3       2836    4159    4009    
CTRIA3  7257    3       2797    4158    2799    
CTRIA3  7258    3       4157    4158    2797    
CTRIA3  7259    3       4160    4161    3475    
CTRIA3  7260    3       3320    4160    3996    
CTRIA3  7261    3       3634    3979    3637    
CTRIA3  7262    3       3415    4161    3320    
CTRIA3  7263    3       3996    4160    4159    
CTRIA3  7264    3       4159    4160    4009    
CTRIA3  7265    3       3320    4161    4160    
CTRIA3  7266    3       3797    3798    3339    
CTRIA3  7267    3       3189    3264    3263    
CTRIA3  7268    3       3971    3972    2896    
CTRIA3  7269    3       3460    3865    3864    
CTRIA3  7270    3       3837    3838    3462    
CTRIA3  7271    3       3146    3988    3930    
CTRIA3  7272    3       3265    3266    3192    
CTRIA3  7273    3       3190    3945    3944    
CTRIA3  7274    3       3461    3898    3837    
CTRIA3  7275    3       3209    3210    3146    
CTRIA3  7276    3       3864    3899    3459    
CTRIA3  7277    3       2733    2734    2732    
CTRIA3  7278    3       3628    4162    3630    
CTRIA3  7279    3       2751    2753    2752    
CTRIA3  7280    3       3340    3800    3799    
CTRIA3  7281    3       3148    3212    3211    
CTRIA3  7282    3       3964    3970    3225    
CTRIA3  7283    3       4163    4164    3635    
CTRIA3  7284    3       3626    4167    3625    
CTRIA3  7285    3       3630    4162    3654    
CTRIA3  7286    3       3636    4163    3635    
CTRIA3  7287    3       3639    4163    3636    
CTRIA3  7288    3       3631    4165    3629    
CTRIA3  7289    3       3188    3975    3190    
CTRIA3  7290    3       3542    3797    3339    
CTRIA3  7291    3       2750    3971    2896    
CTRIA3  7292    3       3189    3263    3188    
CTRIA3  7293    3       3147    3964    3225    
CTRIA3  7294    3       2731    2733    2732    
CTRIA3  7295    3       3148    3211    3147    
CTRIA3  7296    3       3146    3930    2843    
CTRIA3  7297    3       3190    3944    3141    
CTRIA3  7298    3       3224    3978    3145    
CTRIA3  7299    3       3191    3265    3192    
CTRIA3  7300    3       3193    3963    3191    
CTRIA3  7301    3       3145    3209    3146    
CTRIA3  7302    3       3460    3864    3459    
CTRIA3  7303    3       2751    2752    2750    
CTRIA3  7304    3       3165    3942    3931    
CTRIA3  7305    3       3340    3799    3543    
CTRIA3  7306    3       3461    3837    3462    
CTRIA3  7307    3       3726    4165    3631    
CTRIA3  7308    3       3286    3460    3459    
CTRIA3  7309    3       3285    3542    3339    
CTRIA3  7310    3       3827    3831    3458    
CTRIA3  7311    3       3188    3190    3141    
CTRIA3  7312    3       3461    3462    3288    
CTRIA3  7313    3       2729    2895    2731    
CTRIA3  7314    3       3288    3960    3340    
CTRIA3  7315    3       2749    2751    2750    
CTRIA3  7316    3       3145    3146    2843    
CTRIA3  7317    3       2730    3955    2926    
CTRIA3  7318    3       2842    3224    3145    
CTRIA3  7319    3       3191    3192    2902    
CTRIA3  7320    3       3147    3225    2840    
CTRIA3  7321    3       3140    3193    3191    
CTRIA3  7322    3       3823    3925    3214    
CTRIA3  7323    3       2925    3956    2749    
CTRIA3  7324    3       2750    2896    2748    
CTRIA3  7325    3       3165    3931    3140    
CTRIA3  7326    3       2901    3189    3188    
CTRIA3  7327    3       3340    3543    3287    
CTRIA3  7328    3       2731    2732    2730    
CTRIA3  7329    3       2841    3148    3147    
CTRIA3  7330    3       3933    4166    3932    
CTRIA3  7331    3       3932    4166    3935    
CTRIA3  7332    3       3935    4166    3938    
CTRIA3  7333    3       2777    3344    2841    
CTRIA3  7334    3       3822    3823    3214    
CTRIA3  7335    3       2749    2750    2748    
CTRIA3  7336    3       2843    3174    2780    
CTRIA3  7337    3       3140    3191    2902    
CTRIA3  7338    3       2747    2925    2749    
CTRIA3  7339    3       2730    2926    2728    
CTRIA3  7340    3       3817    3827    3458    
CTRIA3  7341    3       3141    3166    2849    
CTRIA3  7342    3       2729    2731    2730    
CTRIA3  7343    3       3218    3461    3288    
CTRIA3  7344    3       3285    3339    3286    
CTRIA3  7345    3       3286    3459    3215    
CTRIA3  7346    3       2842    3145    2843    
CTRIA3  7347    3       2901    3188    3141    
CTRIA3  7348    3       3288    3340    3287    
CTRIA3  7349    3       2848    3165    3140    
CTRIA3  7350    3       2841    3147    2840    
CTRIA3  7351    3       3629    4167    3626    
CTRIA3  7352    3       4165    4167    3629    
CTRIA3  7353    3       2848    3140    2902    
CTRIA3  7354    3       2777    2841    2840    
CTRIA3  7355    3       3457    3822    3214    
CTRIA3  7356    3       2729    2730    2728    
CTRIA3  7357    3       3217    3817    3458    
CTRIA3  7358    3       3285    3286    3215    
CTRIA3  7359    3       2747    2749    2748    
CTRIA3  7360    3       3218    3288    3287    
CTRIA3  7361    3       2901    3141    2849    
CTRIA3  7362    3       2842    2843    2780    
CTRIA3  7363    3       2848    2902    2806    
CTRIA3  7364    3       3213    3285    3215    
CTRIA3  7365    3       2808    2901    2849    
CTRIA3  7366    3       2777    2840    2776    
CTRIA3  7367    3       2854    3457    3214    
CTRIA3  7368    3       2727    2729    2728    
CTRIA3  7369    3       2923    3924    2779    
CTRIA3  7370    3       2779    2842    2780    
CTRIA3  7371    3       3218    3287    3216    
CTRIA3  7372    3       3272    3928    2808    
CTRIA3  7373    3       2806    3929    3271    
CTRIA3  7374    3       2747    2748    2746    
CTRIA3  7375    3       3217    3458    2855    
CTRIA3  7376    3       3129    4170    3112    
CTRIA3  7377    3       3112    4170    3114    
CTRIA3  7378    3       3114    4170    3117    
CTRIA3  7379    3       2718    2923    2779    
CTRIA3  7380    3       2779    2780    2778    
CTRIA3  7381    3       3216    3217    2855    
CTRIA3  7382    3       2719    3272    2808    
CTRIA3  7383    3       3213    3215    2834    
CTRIA3  7384    3       2727    2728    2726    
CTRIA3  7385    3       2808    2849    2807    
CTRIA3  7386    3       2833    3218    3216    
CTRIA3  7387    3       2854    3214    3213    
CTRIA3  7388    3       2745    2747    2746    
CTRIA3  7389    3       2775    2777    2776    
CTRIA3  7390    3       2806    3271    2716    
CTRIA3  7391    3       2776    2922    2715    
CTRIA3  7392    3       2805    2848    2806    
CTRIA3  7393    3       2775    2776    2715    
CTRIA3  7394    3       2745    2746    2744    
CTRIA3  7395    3       2854    3213    2834    
CTRIA3  7396    3       2805    2806    2716    
CTRIA3  7397    3       2725    2727    2726    
CTRIA3  7398    3       2718    2779    2778    
CTRIA3  7399    3       2833    3216    2855    
CTRIA3  7400    3       2720    3921    2854    
CTRIA3  7401    3       2807    3910    2717    
CTRIA3  7402    3       2719    2808    2807    
CTRIA3  7403    3       2714    3901    2805    
CTRIA3  7404    3       3108    4175    3107    
CTRIA3  7405    3       2714    2805    2716    
CTRIA3  7406    3       2719    2807    2717    
CTRIA3  7407    3       2833    2855    2722    
CTRIA3  7408    3       2723    3926    2833    
CTRIA3  7409    3       2705    2775    2715    
CTRIA3  7410    3       2725    2726    2723    
CTRIA3  7411    3       2720    2854    2834    
CTRIA3  7412    3       2744    3833    2711    
CTRIA3  7413    3       2834    3927    2721    
CTRIA3  7414    3       2721    2745    2744    
CTRIA3  7415    3       2718    2778    2707    
CTRIA3  7416    3       3109    4172    3110    
CTRIA3  7417    3       3110    4172    3129    
CTRIA3  7418    3       3617    4181    3618    
CTRIA3  7419    3       4176    4178    4177    
CTRIA3  7420    3       2714    2716    2704    
CTRIA3  7421    3       2706    2719    2717    
CTRIA3  7422    3       2705    2715    2714    
CTRIA3  7423    3       2717    2718    2707    
CTRIA3  7424    3       2723    2833    2722    
CTRIA3  7425    3       2721    2744    2711    
CTRIA3  7426    3       2720    2834    2721    
CTRIA3  7427    3       2713    2725    2723    
CTRIA3  7428    3       3513    3723    3722    
CTRIA3  7429    3       3111    4175    3108    
CTRIA3  7430    3       3984    4180    2759    
CTRIA3  7431    3       3205    4175    3111    
CTRIA3  7432    3       4176    4177    3619    
CTRIA3  7433    3       3620    4176    3619    
CTRIA3  7434    3       3987    4179    3853    
CTRIA3  7435    3       3853    4179    4046    
CTRIA3  7436    3       2722    3922    2712    
CTRIA3  7437    3       2705    2714    2704    
CTRIA3  7438    3       2713    2723    2722    
CTRIA3  7439    3       2706    2717    2707    
CTRIA3  7440    3       2720    2721    2711    
CTRIA3  7441    3       3623    4176    3620    
CTRIA3  7442    3       3513    3722    3580    
CTRIA3  7443    3       2759    4180    2761    
CTRIA3  7444    3       3152    4180    3974    
CTRIA3  7445    3       2761    4180    3152    
CTRIA3  7446    3       2699    2705    2704    
CTRIA3  7447    3       2713    2722    2712    
CTRIA3  7448    3       2706    2707    2703    
CTRIA3  7449    3       2701    3832    2713    
CTRIA3  7450    3       2710    2720    2711    
CTRIA3  7451    3       3513    3580    3410    
CTRIA3  7452    3       3419    3535    3524    
CTRIA3  7453    3       3618    4181    3621    
CTRIA3  7454    3       3621    4181    3665    
CTRIA3  7455    3       3529    4182    3400    
CTRIA3  7456    3       3532    4182    3529    
CTRIA3  7457    3       2702    2706    2703    
CTRIA3  7458    3       2701    2713    2712    
CTRIA3  7459    3       2699    2704    2698    
CTRIA3  7460    3       2710    2711    2697    
CTRIA3  7461    3       2712    3816    2700    
CTRIA3  7462    3       2698    3835    3815    
CTRIA3  7463    3       3512    3513    3410    
CTRIA3  7464    3       3303    3518    3419    
CTRIA3  7465    3       3419    3524    3304    
CTRIA3  7466    3       4184    4185    3344    
CTRIA3  7467    3       2696    2710    2697    
CTRIA3  7468    3       2698    3815    2696    
CTRIA3  7469    3       2693    2699    2698    
CTRIA3  7470    3       2702    2703    2691    
CTRIA3  7471    3       2701    2712    2700    
CTRIA3  7472    3       3409    3512    3410    
CTRIA3  7473    3       3303    3419    3304    
CTRIA3  7474    3       4231    4406    3667    
CTRIA3  7475    3       3813    4183    3812    
CTRIA3  7476    3       4183    4184    3344    
CTRIA3  7477    3       2696    2697    2692    
CTRIA3  7478    3       2693    2698    2696    
CTRIA3  7479    3       2700    2702    2691    
CTRIA3  7480    3       2690    2701    2700    
CTRIA3  7481    3       3303    3304    3179    
CTRIA3  7482    3       3235    3814    3303    
CTRIA3  7483    3       3409    3410    3235    
CTRIA3  7484    3       3819    4188    3352    
CTRIA3  7485    3       3686    4441    3807    
CTRIA3  7486    3       3352    4188    3264    
CTRIA3  7487    3       3324    4188    3700    
CTRIA3  7488    3       3534    4186    3399    
CTRIA3  7489    3       3399    4186    3528    
CTRIA3  7490    3       4161    4189    4006    
CTRIA3  7491    3       2690    2700    2691    
CTRIA3  7492    3       2693    2696    2692    
CTRIA3  7493    3       2685    3811    2693    
CTRIA3  7494    3       176     4190    2871    
CTRIA3  7495    3       2638    4190    177     
CTRIA3  7496    3       3235    3303    3179    
CTRIA3  7497    3       3169    3409    3235    
CTRIA3  7498    3       316     4193    6       
CTRIA3  7499    3       3264    4188    3324    
CTRIA3  7500    3       295     4187    296     
CTRIA3  7501    3       294     2618    295     
CTRIA3  7502    3       315     2853    316     
CTRIA3  7503    3       289     2615    290     
CTRIA3  7504    3       291     2894    292     
CTRIA3  7505    3       309     2670    310     
CTRIA3  7506    3       312     2611    313     
CTRIA3  7507    3       3415    4189    4161    
CTRIA3  7508    3       177     4190    176     
CTRIA3  7509    3       2618    4187    295     
CTRIA3  7510    3       3451    3744    3417    
CTRIA3  7511    3       3416    3743    3450    
CTRIA3  7512    3       2662    2679    2650    
CTRIA3  7513    3       2651    2665    2663    
CTRIA3  7514    3       3096    3342    3094    
CTRIA3  7515    3       1       4194    289     
CTRIA3  7516    3       2685    2693    2692    
CTRIA3  7517    3       2690    2691    2684    
CTRIA3  7518    3       3169    3235    3179    
CTRIA3  7519    3       3186    3274    3187    
CTRIA3  7520    3       3279    4192    3347    
CTRIA3  7521    3       3350    4192    3279    
CTRIA3  7522    3       3595    4306    3695    
CTRIA3  7523    3       3585    4237    3583    
CTRIA3  7524    3       2989    4204    3003    
CTRIA3  7525    3       3411    4199    3612    
CTRIA3  7526    3       4170    4196    3117    
CTRIA3  7527    3       4372    4471    3544    
CTRIA3  7528    3       2967    4262    2965    
CTRIA3  7529    3       3347    4192    3692    
CTRIA3  7530    3       4242    4326    4104    
CTRIA3  7531    3       3024    4244    3017    
CTRIA3  7532    3       3724    4492    2623    
CTRIA3  7533    3       3113    4168    3205    
CTRIA3  7534    3       3115    4168    3113    
CTRIA3  7535    3       4498    4601    3688    
CTRIA3  7536    3       3005    3006    2999    
CTRIA3  7537    3       3706    4256    3449    
CTRIA3  7538    3       3003    4204    3010    
CTRIA3  7539    3       289     4194    2615    
CTRIA3  7540    3       3417    3604    3284    
CTRIA3  7541    3       3416    3450    3254    
CTRIA3  7542    3       3255    3451    3417    
CTRIA3  7543    3       3117    4196    3809    
CTRIA3  7544    3       4031    4151    4034    
CTRIA3  7545    3       2853    4193    316     
CTRIA3  7546    3       2682    2690    2684    
CTRIA3  7547    3       2685    2692    2683    
CTRIA3  7548    3       3169    3179    3168    
CTRIA3  7549    3       3657    4201    3394    
CTRIA3  7550    3       2682    4203    2690    
CTRIA3  7551    3       2692    4202    2683    
CTRIA3  7552    3       3780    3781    3779    
CTRIA3  7553    3       297     3732    2666    
CTRIA3  7554    3       3833    4202    2697    
CTRIA3  7555    3       2701    4203    3832    
CTRIA3  7556    3       4034    4035    4033    
CTRIA3  7557    3       3078    3132    3065    
CTRIA3  7558    3       3350    4201    4192    
CTRIA3  7559    3       6       2619    317     
CTRIA3  7560    3       288     2852    1       
CTRIA3  7561    3       283     2900    284     
CTRIA3  7562    3       285     2620    286     
CTRIA3  7563    3       319     2899    320     
CTRIA3  7564    3       321     2610    322     
CTRIA3  7565    3       282     4198    283     
CTRIA3  7566    3       320     4197    321     
CTRIA3  7567    3       308     3792    309     
CTRIA3  7568    3       3011    3014    3013    
CTRIA3  7569    3       243     4208    242     
CTRIA3  7570    3       3388    3810    3386    
CTRIA3  7571    3       6       4193    2619    
CTRIA3  7572    3       309     3792    2670    
CTRIA3  7573    3       2958    4248    2957    
CTRIA3  7574    3       2897    4210    240     
CTRIA3  7575    3       239     4210    2654    
CTRIA3  7576    3       129     4211    2898    
CTRIA3  7577    3       2653    4211    130     
CTRIA3  7578    3       3587    4558    3796    
CTRIA3  7579    3       302     3760    2724    
CTRIA3  7580    3       3588    3796    3702    
CTRIA3  7581    3       2852    4194    1       
CTRIA3  7582    3       3148    4369    3762    
CTRIA3  7583    3       3688    4601    3007    
CTRIA3  7584    3       3394    4201    3350    
CTRIA3  7585    3       4261    4266    2634    
CTRIA3  7586    3       3417    4219    3604    
CTRIA3  7587    3       2987    3405    2989    
CTRIA3  7588    3       2629    4311    4279    
CTRIA3  7589    3       2837    3792    308     
CTRIA3  7590    3       3583    4237    3587    
CTRIA3  7591    3       2690    4203    2701    
CTRIA3  7592    3       2697    4202    2692    
CTRIA3  7593    3       3343    3489    3342    
CTRIA3  7594    3       3138    3545    3283    
CTRIA3  7595    3       3284    3544    3139    
CTRIA3  7596    3       3129    4220    4170    
CTRIA3  7597    3       3240    3411    3239    
CTRIA3  7598    3       3019    3024    3017    
CTRIA3  7599    3       2626    3456    12      
CTRIA3  7600    3       3088    3259    3097    
CTRIA3  7601    3       3283    3416    3254    
CTRIA3  7602    3       3255    3417    3284    
CTRIA3  7603    3       3405    4204    2989    
CTRIA3  7604    3       283     4198    2900    
CTRIA3  7605    3       321     4197    2610    
CTRIA3  7606    3       2899    4197    320     
CTRIA3  7607    3       3930    4478    3174    
CTRIA3  7608    3       3014    3015    3013    
CTRIA3  7609    3       2681    4456    3778    
CTRIA3  7610    3       2680    2681    2679    
CTRIA3  7611    3       2665    2676    2673    
CTRIA3  7612    3       4097    4274    2664    
CTRIA3  7613    3       2657    4208    243     
CTRIA3  7614    3       3866    4224    3867    
CTRIA3  7615    3       3840    4225    3839    
CTRIA3  7616    3       4182    4227    3400    
CTRIA3  7617    3       2856    4228    2735    
CTRIA3  7618    3       2737    4228    2838    
CTRIA3  7619    3       4189    4543    4090    
CTRIA3  7620    3       240     4210    239     
CTRIA3  7621    3       130     4211    129     
CTRIA3  7622    3       2638    4542    3745    
CTRIA3  7623    3       3760    3803    3761    
CTRIA3  7624    3       3643    3757    3645    
CTRIA3  7625    3       3805    3806    3569    
CTRIA3  7626    3       3686    4414    3685    
CTRIA3  7627    3       3007    4260    3788    
CTRIA3  7628    3       3074    4214    3072    
CTRIA3  7629    3       2682    2684    2680    
CTRIA3  7630    3       2673    2685    2683    
CTRIA3  7631    3       3082    3083    3006    
CTRIA3  7632    3       3072    4214    3666    
CTRIA3  7633    3       3004    3169    3168    
CTRIA3  7634    3       4200    4265    2640    
CTRIA3  7635    3       2685    4252    3811    
CTRIA3  7636    3       3239    4223    3220    
CTRIA3  7637    3       4181    4589    3086    
CTRIA3  7638    3       2936    2937    2935    
CTRIA3  7639    3       3625    4232    3623    
CTRIA3  7640    3       4176    4232    4178    
CTRIA3  7641    3       284     4212    285     
CTRIA3  7642    3       4032    4293    4030    
CTRIA3  7643    3       285     4212    2620    
CTRIA3  7644    3       2900    4212    284     
CTRIA3  7645    3       3253    4365    4230    
CTRIA3  7646    3       3220    4223    3346    
CTRIA3  7647    3       3393    4220    3406    
CTRIA3  7648    3       3778    3780    3779    
CTRIA3  7649    3       3711    4206    3421    
CTRIA3  7650    3       3283    4238    3416    
CTRIA3  7651    3       2837    4527    3792    
CTRIA3  7652    3       3727    3767    3729    
CTRIA3  7653    3       4137    4236    3784    
CTRIA3  7654    3       3761    4633    2724    
CTRIA3  7655    3       3247    4438    4256    
CTRIA3  7656    3       4196    4220    3393    
CTRIA3  7657    3       3545    4451    3283    
CTRIA3  7658    3       4031    4034    4033    
CTRIA3  7659    3       3259    3606    3260    
CTRIA3  7660    3       3101    4214    3074    
CTRIA3  7661    3       3889    4240    3892    
CTRIA3  7662    3       3883    4240    3884    
CTRIA3  7663    3       3857    4241    3856    
CTRIA3  7664    3       2812    4242    2815    
CTRIA3  7665    3       3124    3227    3126    
CTRIA3  7666    3       3443    4223    3239    
CTRIA3  7667    3       4016    4249    4019    
CTRIA3  7668    3       2613    3758    306     
CTRIA3  7669    3       3034    4345    4287    
CTRIA3  7670    3       3533    4250    3565    
CTRIA3  7671    3       3775    4250    3531    
CTRIA3  7672    3       4023    4200    3537    
CTRIA3  7673    3       3579    4366    4213    
CTRIA3  7674    3       3714    4244    3655    
CTRIA3  7675    3       3746    4541    3668    
CTRIA3  7676    3       2972    3801    3585    
CTRIA3  7677    3       3346    4223    3534    
CTRIA3  7678    3       4246    4328    3222    
CTRIA3  7679    3       2661    4284    3255    
CTRIA3  7680    3       3254    4285    2660    
CTRIA3  7681    3       3968    4407    4400    
CTRIA3  7682    3       3645    3713    3705    
CTRIA3  7683    3       2663    4284    2661    
CTRIA3  7684    3       2660    4285    2662    
CTRIA3  7685    3       3580    4243    3814    
CTRIA3  7686    3       3968    4303    2637    
CTRIA3  7687    3       3726    4560    2894    
CTRIA3  7688    3       3416    4218    3743    
CTRIA3  7689    3       3744    4219    3417    
CTRIA3  7690    3       319     4229    2899    
CTRIA3  7691    3       3683    4587    3712    
CTRIA3  7692    3       3196    3197    3106    
CTRIA3  7693    3       4274    4325    2664    
CTRIA3  7694    3       4170    4220    4196    
CTRIA3  7695    3       4172    4251    3129    
CTRIA3  7696    3       3173    4664    3685    
CTRIA3  7697    3       2985    4348    2982    
CTRIA3  7698    3       3395    4254    3345    
CTRIA3  7699    3       4073    4673    4071    
CTRIA3  7700    3       2968    3801    2972    
CTRIA3  7701    3       4208    4275    242     
CTRIA3  7702    3       3015    3017    3016    
CTRIA3  7703    3       3867    4224    3873    
CTRIA3  7704    3       3846    4225    3840    
CTRIA3  7705    3       3758    3759    2837    
CTRIA3  7706    3       3002    4260    3007    
CTRIA3  7707    3       3400    4227    3395    
CTRIA3  7708    3       2735    4228    2737    
CTRIA3  7709    3       3757    4562    3713    
CTRIA3  7710    3       3057    3059    3058    
CTRIA3  7711    3       2724    4633    4206    
CTRIA3  7712    3       3129    4251    4220    
CTRIA3  7713    3       2694    4460    3995    
CTRIA3  7714    3       2616    4412    3716    
CTRIA3  7715    3       3454    3716    3478    
CTRIA3  7716    3       3276    4365    3253    
CTRIA3  7717    3       3242    3420    3290    
CTRIA3  7718    3       3138    3283    3254    
CTRIA3  7719    3       3255    3284    3139    
CTRIA3  7720    3       3808    4286    2853    
CTRIA3  7721    3       3539    4266    4261    
CTRIA3  7722    3       3690    3691    3348    
CTRIA3  7723    3       331     4239    332     
CTRIA3  7724    3       4014    4592    2652    
CTRIA3  7725    3       318     4229    319     
CTRIA3  7726    3       307     3758    2837    
CTRIA3  7727    3       3778    4456    3780    
CTRIA3  7728    3       3522    4216    3455    
CTRIA3  7729    3       158     4270    2649    
CTRIA3  7730    3       4105    4270    159     
CTRIA3  7731    3       3663    3703    3683    
CTRIA3  7732    3       3304    4347    4324    
CTRIA3  7733    3       3004    4288    3169    
CTRIA3  7734    3       3198    3261    3197    
CTRIA3  7735    3       4104    4326    3435    
CTRIA3  7736    3       3892    4275    4208    
CTRIA3  7737    3       241     4275    2897    
CTRIA3  7738    3       254     4278    253     
CTRIA3  7739    3       184     4277    183     
CTRIA3  7740    3       3623    4232    4176    
CTRIA3  7741    3       2942    2944    2943    
CTRIA3  7742    3       3492    4286    3808    
CTRIA3  7743    3       311     4283    312     
CTRIA3  7744    3       2672    4450    4258    
CTRIA3  7745    3       3640    3642    3641    
CTRIA3  7746    3       2622    3770    272     
CTRIA3  7747    3       3826    4483    2645    
CTRIA3  7748    3       3029    3100    3023    
CTRIA3  7749    3       3794    4620    3696    
CTRIA3  7750    3       2644    4482    3821    
CTRIA3  7751    3       4088    4433    3568    
CTRIA3  7752    3       298     3804    299     
CTRIA3  7753    3       3954    4298    3916    
CTRIA3  7754    3       3907    4299    3943    
CTRIA3  7755    3       3017    4244    3016    
CTRIA3  7756    3       301     3760    302     
CTRIA3  7757    3       293     4300    294     
CTRIA3  7758    3       3591    4469    3594    
CTRIA3  7759    3       3296    4320    3734    
CTRIA3  7760    3       4226    4289    2918    
CTRIA3  7761    3       3642    3653    3641    
CTRIA3  7762    3       206     4303    2868    
CTRIA3  7763    3       2637    4303    207     
CTRIA3  7764    3       3729    4209    3293    
CTRIA3  7765    3       4147    4606    4054    
CTRIA3  7766    3       195     4268    194     
CTRIA3  7767    3       210     4269    209     
CTRIA3  7768    3       4387    4455    3101    
CTRIA3  7769    3       4054    4606    2675    
CTRIA3  7770    3       3497    4583    4390    
CTRIA3  7771    3       3814    4243    3518    
CTRIA3  7772    3       3605    4522    3706    
CTRIA3  7773    3       3437    4236    4137    
CTRIA3  7774    3       3222    4328    3031    
CTRIA3  7775    3       2664    4325    4096    
CTRIA3  7776    3       3382    4233    4112    
CTRIA3  7777    3       3508    4309    3680    
CTRIA3  7778    3       3581    4309    3506    
CTRIA3  7779    3       2645    4515    3826    
CTRIA3  7780    3       3653    4588    3641    
CTRIA3  7781    3       3747    4507    3227    
CTRIA3  7782    3       325     3774    326     
CTRIA3  7783    3       3131    3321    3244    
CTRIA3  7784    3       4005    4571    4386    
CTRIA3  7785    3       4204    4597    3010    
CTRIA3  7786    3       3821    4516    2644    
CTRIA3  7787    3       2830    4514    4412    
CTRIA3  7788    3       4366    4635    3669    
CTRIA3  7789    3       3246    4205    3154    
CTRIA3  7790    3       3386    3810    3789    
CTRIA3  7791    3       327     3764    328     
CTRIA3  7792    3       2944    4603    2947    
CTRIA3  7793    3       329     3769    330     
CTRIA3  7794    3       3490    3740    3489    
CTRIA3  7795    3       4355    4476    3952    
CTRIA3  7796    3       3939    4475    4354    
CTRIA3  7797    3       274     4245    275     
CTRIA3  7798    3       3884    4240    3889    
CTRIA3  7799    3       3897    4241    3857    
CTRIA3  7800    3       2811    4242    2812    
CTRIA3  7801    3       333     3771    334     
CTRIA3  7802    3       200     4315    2623    
CTRIA3  7803    3       2867    4315    201     
CTRIA3  7804    3       3040    3042    3041    
CTRIA3  7805    3       4182    4322    4227    
CTRIA3  7806    3       4063    4243    2867    
CTRIA3  7807    3       3695    4444    3696    
CTRIA3  7808    3       4220    4251    3406    
CTRIA3  7809    3       278     3768    2830    
CTRIA3  7810    3       2920    4319    193     
CTRIA3  7811    3       211     4318    2921    
CTRIA3  7812    3       2642    4318    212     
CTRIA3  7813    3       192     4319    2643    
CTRIA3  7814    3       4198    4337    3522    
CTRIA3  7815    3       2683    4284    2663    
CTRIA3  7816    3       2662    4285    2682    
CTRIA3  7817    3       3792    4623    2670    
CTRIA3  7818    3       3304    4324    3179    
CTRIA3  7819    3       3640    3989    3643    
CTRIA3  7820    3       324     4310    2671    
CTRIA3  7821    3       3348    4205    3246    
CTRIA3  7822    3       273     3770    2802    
CTRIA3  7823    3       3892    4323    3891    
CTRIA3  7824    3       4071    4673    4555    
CTRIA3  7825    3       4005    4327    4004    
CTRIA3  7826    3       3080    4322    3103    
CTRIA3  7827    3       4017    4249    4016    
CTRIA3  7828    3       2617    3734    3704    
CTRIA3  7829    3       2691    4329    2684    
CTRIA3  7830    3       3163    3240    3239    
CTRIA3  7831    3       3531    4250    3533    
CTRIA3  7832    3       3049    4259    3051    
CTRIA3  7833    3       3406    4251    3493    
CTRIA3  7834    3       2657    4323    4208    
CTRIA3  7835    3       3033    3222    3031    
CTRIA3  7836    3       3232    4331    3276    
CTRIA3  7837    3       2682    4285    4203    
CTRIA3  7838    3       4202    4284    2683    
CTRIA3  7839    3       2675    4334    4110    
CTRIA3  7840    3       2658    4341    4072    
CTRIA3  7841    3       3321    3421    3322    
CTRIA3  7842    3       3004    3168    2949    
CTRIA3  7843    3       3936    4335    3941    
CTRIA3  7844    3       3958    4336    3949    
CTRIA3  7845    3       3988    4338    3930    
CTRIA3  7846    3       174     4341    2658    
CTRIA3  7847    3       2871    4341    175     
CTRIA3  7848    3       2963    3280    3201    
CTRIA3  7849    3       3256    4405    3777    
CTRIA3  7850    3       3628    4342    4162    
CTRIA3  7851    3       3484    3485    3268    
CTRIA3  7852    3       2616    4337    281     
CTRIA3  7853    3       310     4343    311     
CTRIA3  7854    3       2946    4418    2995    
CTRIA3  7855    3       3757    4494    3024    
CTRIA3  7856    3       4208    4323    3892    
CTRIA3  7857    3       4085    4299    2642    
CTRIA3  7858    3       2643    4298    4047    
CTRIA3  7859    3       4325    4356    4096    
CTRIA3  7860    3       2657    4357    4323    
CTRIA3  7861    3       3802    4346    4345    
CTRIA3  7862    3       4026    4200    4023    
CTRIA3  7863    3       3403    4266    3539    
CTRIA3  7864    3       2938    2939    2937    
CTRIA3  7865    3       4224    4657    3873    
CTRIA3  7866    3       3846    4658    4225    
CTRIA3  7867    3       3416    4238    4218    
CTRIA3  7868    3       4223    4276    3534    
CTRIA3  7869    3       4199    4625    2671    
CTRIA3  7870    3       3292    4339    3035    
CTRIA3  7871    3       4203    4285    3450    
CTRIA3  7872    3       3451    4284    4202    
CTRIA3  7873    3       4260    4342    3627    
CTRIA3  7874    3       3270    4354    221     
CTRIA3  7875    3       148     4355    2905    
CTRIA3  7876    3       3037    3292    3035    
CTRIA3  7877    3       3284    4358    3544    
CTRIA3  7878    3       2689    4397    4086    
CTRIA3  7879    3       4048    4396    2708    
CTRIA3  7880    3       3184    4353    4078    
CTRIA3  7881    3       3386    3789    3384    
CTRIA3  7882    3       3897    4274    4241    
CTRIA3  7883    3       3008    4260    3002    
CTRIA3  7884    3       4326    4384    3435    
CTRIA3  7885    3       3121    3122    3120    
CTRIA3  7886    3       287     4605    4178    
CTRIA3  7887    3       2830    4412    279     
CTRIA3  7888    3       3497    4390    3496    
CTRIA3  7889    3       4227    4322    3079    
CTRIA3  7890    3       3966    4407    3968    
CTRIA3  7891    3       3486    3487    3485    
CTRIA3  7892    3       3518    4360    3419    
CTRIA3  7893    3       3118    3119    3116    
CTRIA3  7894    3       3560    3778    3477    
CTRIA3  7895    3       3443    4276    4223    
CTRIA3  7896    3       3418    4363    3234    
CTRIA3  7897    3       2921    4269    210     
CTRIA3  7898    3       194     4268    2920    
CTRIA3  7899    3       2662    2682    2680    
CTRIA3  7900    3       2673    2683    2663    
CTRIA3  7901    3       3059    3062    3061    
CTRIA3  7902    3       282     4337    4198    
CTRIA3  7903    3       222     4367    3270    
CTRIA3  7904    3       2709    4367    223     
CTRIA3  7905    3       2905    4368    147     
CTRIA3  7906    3       146     4368    2688    
CTRIA3  7907    3       3037    4413    3292    
CTRIA3  7908    3       2841    4369    3148    
CTRIA3  7909    3       3422    4221    3728    
CTRIA3  7910    3       3485    4473    3268    
CTRIA3  7911    3       4185    4369    3344    
CTRIA3  7912    3       2662    2680    2679    
CTRIA3  7913    3       2665    2673    2663    
CTRIA3  7914    3       3781    4531    2778    
CTRIA3  7915    3       3262    3422    3261    
CTRIA3  7916    3       3276    4490    4365    
CTRIA3  7917    3       359     4258    360     
CTRIA3  7918    3       121     4373    120     
CTRIA3  7919    3       3205    4306    4175    
CTRIA3  7920    3       3490    4365    3741    
CTRIA3  7921    3       2895    4374    2731    
CTRIA3  7922    3       2733    4374    2856    
CTRIA3  7923    3       2673    4252    2685    
CTRIA3  7924    3       12      4512    271     
CTRIA3  7925    3       3807    4352    3806    
CTRIA3  7926    3       3748    4536    3589    
CTRIA3  7927    3       3702    4651    4607    
CTRIA3  7928    3       3728    4239    2801    
CTRIA3  7929    3       2964    4526    2966    
CTRIA3  7930    3       3640    3643    3642    
CTRIA3  7931    3       2944    2947    2946    
CTRIA3  7932    3       2778    4561    3781    
CTRIA3  7933    3       3752    4268    3751    
CTRIA3  7934    3       3967    4269    3969    
CTRIA3  7935    3       291     4381    2894    
CTRIA3  7936    3       2615    4381    290     
CTRIA3  7937    3       3119    4235    4234    
CTRIA3  7938    3       3342    4504    3094    
CTRIA3  7939    3       3116    4234    3115    
CTRIA3  7940    3       3219    4386    3511    
CTRIA3  7941    3       3278    4386    3142    
CTRIA3  7942    3       4096    4356    2904    
CTRIA3  7943    3       4079    4357    2657    
CTRIA3  7944    3       3038    3039    3037    
CTRIA3  7945    3       2954    2955    2952    
CTRIA3  7946    3       4227    4254    3395    
CTRIA3  7947    3       3437    4327    4236    
CTRIA3  7948    3       3042    3087    3043    
CTRIA3  7949    3       4471    4566    3139    
CTRIA3  7950    3       3138    4567    4470    
CTRIA3  7951    3       3062    4644    3061    
CTRIA3  7952    3       3777    4313    3724    
CTRIA3  7953    3       3563    4388    3532    
CTRIA3  7954    3       250     4389    249     
CTRIA3  7955    3       3070    3076    3075    
CTRIA3  7956    3       2811    4326    4242    
CTRIA3  7957    3       159     4270    158     
CTRIA3  7958    3       3547    4394    4138    
CTRIA3  7959    3       3943    4397    3933    
CTRIA3  7960    3       3946    4396    3954    
CTRIA3  7961    3       4163    4300    4164    
CTRIA3  7962    3       3941    4398    3940    
CTRIA3  7963    3       3442    4398    3697    
CTRIA3  7964    3       3699    4399    3441    
CTRIA3  7965    3       3957    4399    3958    
CTRIA3  7966    3       3414    4274    3897    
CTRIA3  7967    3       3789    4233    3384    
CTRIA3  7968    3       242     4275    241     
CTRIA3  7969    3       3715    4276    3443    
CTRIA3  7970    3       3383    4404    3385    
CTRIA3  7971    3       3446    4405    3229    
CTRIA3  7972    3       3230    4405    3256    
CTRIA3  7973    3       2617    4245    3735    
CTRIA3  7974    3       3330    4407    3966    
CTRIA3  7975    3       3336    4407    3233    
CTRIA3  7976    3       183     4277    3184    
CTRIA3  7977    3       253     4278    3185    
CTRIA3  7978    3       3168    4418    2949    
CTRIA3  7979    3       3778    3779    3477    
CTRIA3  7980    3       3775    4611    2619    
CTRIA3  7981    3       4247    4594    3555    
CTRIA3  7982    3       3554    4633    3555    
CTRIA3  7983    3       3409    4280    3512    
CTRIA3  7984    3       3507    4415    3559    
CTRIA3  7985    3       3512    4376    3513    
CTRIA3  7986    3       3696    4620    3593    
CTRIA3  7987    3       4033    4450    4032    
CTRIA3  7988    3       3802    4344    3801    
CTRIA3  7989    3       3493    4286    3492    
CTRIA3  7990    3       3952    4476    3269    
CTRIA3  7991    3       2906    4475    3939    
CTRIA3  7992    3       312     4283    2611    
CTRIA3  7993    3       4101    4419    3167    
CTRIA3  7994    3       4156    4419    3552    
CTRIA3  7995    3       3255    4284    3451    
CTRIA3  7996    3       3450    4285    3254    
CTRIA3  7997    3       3409    4288    4280    
CTRIA3  7998    3       14      4217    351     
CTRIA3  7999    3       3544    4471    3139    
CTRIA3  8000    3       3138    4470    3545    
CTRIA3  8001    3       3753    4565    3607    
CTRIA3  8002    3       3539    4378    3424    
CTRIA3  8003    3       3169    4288    3409    
CTRIA3  8004    3       2676    4252    2673    
CTRIA3  8005    3       2983    4215    2987    
CTRIA3  8006    3       2659    4433    163     
CTRIA3  8007    3       162     4433    4088    
CTRIA3  8008    3       3118    3120    3119    
CTRIA3  8009    3       3679    4434    3334    
CTRIA3  8010    3       3248    4434    3295    
CTRIA3  8011    3       4120    4643    3433    
CTRIA3  8012    3       2802    4488    4245    
CTRIA3  8013    3       3555    4633    3761    
CTRIA3  8014    3       2688    4435    145     
CTRIA3  8015    3       224     4436    2709    
CTRIA3  8016    3       4356    4383    2904    
CTRIA3  8017    3       4079    4382    4357    
CTRIA3  8018    3       3755    4615    3137    
CTRIA3  8019    3       3916    4298    3915    
CTRIA3  8020    3       3906    4299    3907    
CTRIA3  8021    3       2982    4348    2980    
CTRIA3  8022    3       2620    4439    4177    
CTRIA3  8023    3       294     4300    2618    
CTRIA3  8024    3       3135    4348    2985    
CTRIA3  8025    3       3950    4336    3952    
CTRIA3  8026    3       3939    4335    3937    
CTRIA3  8027    3       4177    4439    3619    
CTRIA3  8028    3       3616    4439    3615    
CTRIA3  8029    3       2987    4215    3405    
CTRIA3  8030    3       3503    4226    3501    
CTRIA3  8031    3       4057    4440    4059    
CTRIA3  8032    3       3552    4302    3551    
CTRIA3  8033    3       4434    4555    3295    
CTRIA3  8034    3       3559    4377    3505    
CTRIA3  8035    3       3038    3040    3039    
CTRIA3  8036    3       207     4303    206     
CTRIA3  8037    3       3696    4649    3794    
CTRIA3  8038    3       3759    4613    3694    
CTRIA3  8039    3       3524    4347    3304    
CTRIA3  8040    3       3652    4247    3803    
CTRIA3  8041    3       195     4573    4268    
CTRIA3  8042    3       4269    4574    209     
CTRIA3  8043    3       4355    4564    4476    
CTRIA3  8044    3       4475    4563    4354    
CTRIA3  8045    3       3806    4660    3250    
CTRIA3  8046    3       3579    4635    4366    
CTRIA3  8047    3       3183    4305    3796    
CTRIA3  8048    3       3414    4325    4274    
CTRIA3  8049    3       2681    4637    3396    
CTRIA3  8050    3       4310    4614    3715    
CTRIA3  8051    3       4324    4347    3689    
CTRIA3  8052    3       3102    4387    3101    
CTRIA3  8053    3       3748    4575    3405    
CTRIA3  8054    3       2928    4548    3799    
CTRIA3  8055    3       3999    4452    4000    
CTRIA3  8056    3       2645    4454    226     
CTRIA3  8057    3       143     4453    2644    
CTRIA3  8058    3       3797    4549    2929    
CTRIA3  8059    3       3435    4384    3479    
CTRIA3  8060    3       3384    4233    3382    
CTRIA3  8061    3       3506    4309    3508    
CTRIA3  8062    3       2885    4457    2886    
CTRIA3  8063    3       3516    3517    3412    
CTRIA3  8064    3       2940    2941    2939    
CTRIA3  8065    3       3012    4461    3009    
CTRIA3  8066    3       3104    4462    3109    
CTRIA3  8067    3       3047    3081    3049    
CTRIA3  8068    3       3580    4582    4243    
CTRIA3  8069    3       3641    4466    3639    
CTRIA3  8070    3       2929    4580    3797    
CTRIA3  8071    3       3799    4579    2928    
CTRIA3  8072    3       3519    4624    3521    
CTRIA3  8073    3       3115    4169    4168    
CTRIA3  8074    3       339     4301    340     
CTRIA3  8075    3       265     4222    266     
CTRIA3  8076    3       4225    4630    3839    
CTRIA3  8077    3       3866    4631    4224    
CTRIA3  8078    3       3396    4637    4538    
CTRIA3  8079    3       3482    3709    3423    
CTRIA3  8080    3       3578    4635    3579    
CTRIA3  8081    3       2893    4474    2847    
CTRIA3  8082    3       2915    4474    3294    
CTRIA3  8083    3       3036    4287    3161    
CTRIA3  8084    3       2947    2950    2949    
CTRIA3  8085    3       218     4475    2906    
CTRIA3  8086    3       3269    4476    186     
CTRIA3  8087    3       323     4310    324     
CTRIA3  8088    3       201     4315    200     
CTRIA3  8089    3       3698    4483    3900    
CTRIA3  8090    3       351     2640    352     
CTRIA3  8091    3       365     2641    366     
CTRIA3  8092    3       3563    4462    4388    
CTRIA3  8093    3       2870    4382    4079    
CTRIA3  8094    3       2904    4383    4095    
CTRIA3  8095    3       3821    4482    3819    
CTRIA3  8096    3       187     4486    3269    
CTRIA3  8097    3       2708    4486    188     
CTRIA3  8098    3       2906    4487    217     
CTRIA3  8099    3       216     4487    2689    
CTRIA3  8100    3       3824    4483    3826    
CTRIA3  8101    3       4188    4482    3700    
CTRIA3  8102    3       2611    4484    313     
CTRIA3  8103    3       3436    4491    4058    
CTRIA3  8104    3       2623    4492    199     
CTRIA3  8105    3       198     4492    4102    
CTRIA3  8106    3       193     4319    192     
CTRIA3  8107    3       212     4318    211     
CTRIA3  8108    3       2931    3251    2676    
CTRIA3  8109    3       4348    4598    3661    
CTRIA3  8110    3       4527    4623    3792    
CTRIA3  8111    3       2950    3004    2949    
CTRIA3  8112    3       3186    3187    3176    
CTRIA3  8113    3       3430    4510    3429    
CTRIA3  8114    3       3109    4524    4172    
CTRIA3  8115    3       3079    4322    3080    
CTRIA3  8116    3       2978    2991    2990    
CTRIA3  8117    3       3154    4291    3122    
CTRIA3  8118    3       3891    4323    3896    
CTRIA3  8119    3       3691    3693    3348    
CTRIA3  8120    3       3413    4325    3414    
CTRIA3  8121    3       3452    4460    4078    
CTRIA3  8122    3       3499    4279    3497    
CTRIA3  8123    3       3785    4647    3786    
CTRIA3  8124    3       2929    4515    228     
CTRIA3  8125    3       227     4515    2645    
CTRIA3  8126    3       4100    4326    2811    
CTRIA3  8127    3       141     4516    2928    
CTRIA3  8128    3       2644    4516    142     
CTRIA3  8129    3       4181    4518    3665    
CTRIA3  8130    3       4001    4520    3440    
CTRIA3  8131    3       4004    4327    3437    
CTRIA3  8132    3       3597    4455    4387    
CTRIA3  8133    3       3179    4324    3168    
CTRIA3  8134    3       2661    3255    3139    
CTRIA3  8135    3       3138    3254    2660    
CTRIA3  8136    3       3036    3161    3038    
CTRIA3  8137    3       3768    4350    2830    
CTRIA3  8138    3       3454    3478    3274    
CTRIA3  8139    3       3412    4199    3411    
CTRIA3  8140    3       2778    4531    2707    
CTRIA3  8141    3       3820    4548    3821    
CTRIA3  8142    3       3096    3343    3342    
CTRIA3  8143    3       2703    4329    2691    
CTRIA3  8144    3       4108    4535    4107    
CTRIA3  8145    3       4077    4460    2694    
CTRIA3  8146    3       3826    4549    3825    
CTRIA3  8147    3       3034    4287    3036    
CTRIA3  8148    3       3745    4542    4021    
CTRIA3  8149    3       3415    4543    4189    
CTRIA3  8150    3       3799    4548    3543    
CTRIA3  8151    3       3005    4626    3086    
CTRIA3  8152    3       4244    4494    3655    
CTRIA3  8153    3       3764    4513    3765    
CTRIA3  8154    3       3542    4549    3797    
CTRIA3  8155    3       3671    4539    3682    
CTRIA3  8156    3       179     4547    4084    
CTRIA3  8157    3       2694    4547    180     
CTRIA3  8158    3       4186    4546    3528    
CTRIA3  8159    3       2677    4630    4225    
CTRIA3  8160    3       4224    4631    2678    
CTRIA3  8161    3       3465    4402    3681    
CTRIA3  8162    3       3429    4403    3427    
CTRIA3  8163    3       3656    4428    2614    
CTRIA3  8164    3       3267    3571    3483    
CTRIA3  8165    3       7       4556    184     
CTRIA3  8166    3       9       4557    254     
CTRIA3  8167    3       115     4556    7       
CTRIA3  8168    3       150     4557    9       
CTRIA3  8169    3       3087    4213    3721    
CTRIA3  8170    3       4164    4560    3635    
CTRIA3  8171    3       3633    4560    3726    
CTRIA3  8172    3       4371    4448    4359    
CTRIA3  8173    3       3522    4495    4198    
CTRIA3  8174    3       2780    4561    2778    
CTRIA3  8175    3       3426    4670    3425    
CTRIA3  8176    3       3456    4512    12      
CTRIA3  8177    3       3489    4417    3791    
CTRIA3  8178    3       2870    4421    4382    
CTRIA3  8179    3       4383    4422    4095    
CTRIA3  8180    3       3251    4252    2676    
CTRIA3  8181    3       2667    4573    196     
CTRIA3  8182    3       208     4574    2637    
CTRIA3  8183    3       3514    4662    3701    
CTRIA3  8184    3       3240    3412    3411    
CTRIA3  8185    3       2928    4579    140     
CTRIA3  8186    3       229     4580    2929    
CTRIA3  8187    3       2724    3711    303     
CTRIA3  8188    3       232     4657    2678    
CTRIA3  8189    3       2677    4658    137     
CTRIA3  8190    3       3081    4517    4253    
CTRIA3  8191    3       3256    4331    3232    
CTRIA3  8192    3       4192    4570    3692    
CTRIA3  8193    3       3408    4647    3785    
CTRIA3  8194    3       3385    4647    3387    
CTRIA3  8195    3       3917    4646    3962    
CTRIA3  8196    3       3909    4645    3908    
CTRIA3  8197    3       2652    4592    167     
CTRIA3  8198    3       166     4592    2866    
CTRIA3  8199    3       2979    4267    3136    
CTRIA3  8200    3       3960    4630    3800    
CTRIA3  8201    3       3798    4631    3959    
CTRIA3  8202    3       4243    4582    2867    
CTRIA3  8203    3       138     4599    2677    
CTRIA3  8204    3       2678    4600    231     
CTRIA3  8205    3       4268    4573    3751    
CTRIA3  8206    3       3967    4574    4269    
CTRIA3  8207    3       4110    4334    4017    
CTRIA3  8208    3       4167    4432    3625    
CTRIA3  8209    3       3801    4344    3585    
CTRIA3  8210    3       3030    3341    3032    
CTRIA3  8211    3       3937    4335    3936    
CTRIA3  8212    3       3949    4336    3950    
CTRIA3  8213    3       280     4412    2616    
CTRIA3  8214    3       4384    4446    3479    
CTRIA3  8215    3       3453    4338    3988    
CTRIA3  8216    3       3685    4664    3676    
CTRIA3  8217    3       3029    4328    3100    
CTRIA3  8218    3       3259    3260    3097    
CTRIA3  8219    3       175     4341    174     
CTRIA3  8220    3       3517    4199    3412    
CTRIA3  8221    3       3503    4377    4226    
CTRIA3  8222    3       4186    4509    4197    
CTRIA3  8223    3       3627    4342    3628    
CTRIA3  8224    3       4323    4357    3896    
CTRIA3  8225    3       2974    3172    2971    
CTRIA3  8226    3       3413    4356    4325    
CTRIA3  8227    3       281     4337    282     
CTRIA3  8228    3       358     2672    359     
CTRIA3  8229    3       4447    4586    3052    
CTRIA3  8230    3       4322    4388    3103    
CTRIA3  8231    3       4342    4461    4162    
CTRIA3  8232    3       3011    4607    3014    
CTRIA3  8233    3       3444    4430    3241    
CTRIA3  8234    3       2963    3201    2961    
CTRIA3  8235    3       3526    3795    3291    
CTRIA3  8236    3       3709    4221    3423    
CTRIA3  8237    3       266     2686    267     
CTRIA3  8238    3       338     2687    339     
CTRIA3  8239    3       3243    3391    3130    
CTRIA3  8240    3       364     4263    365     
CTRIA3  8241    3       352     4265    353     
CTRIA3  8242    3       2670    4343    310     
CTRIA3  8243    3       357     4257    358     
CTRIA3  8244    3       363     2910    364     
CTRIA3  8245    3       353     2909    354     
CTRIA3  8246    3       10      4563    219     
CTRIA3  8247    3       220     4563    10      
CTRIA3  8248    3       8       4564    149     
CTRIA3  8249    3       185     4564    8       
CTRIA3  8250    3       3559    4415    4222    
CTRIA3  8251    3       3007    4601    2988    
CTRIA3  8252    3       3022    3302    3028    
CTRIA3  8253    3       255     2636    256     
CTRIA3  8254    3       349     2635    350     
CTRIA3  8255    3       3076    3099    3098    
CTRIA3  8256    3       3520    4495    3522    
CTRIA3  8257    3       3804    4500    3649    
CTRIA3  8258    3       4177    4605    2620    
CTRIA3  8259    3       3693    4205    3348    
CTRIA3  8260    3       2942    2943    2941    
CTRIA3  8261    3       3765    3766    2612    
CTRIA3  8262    3       3689    4347    3418    
CTRIA3  8263    3       2678    4657    4224    
CTRIA3  8264    3       4225    4658    2677    
CTRIA3  8265    3       2620    4605    286     
CTRIA3  8266    3       2619    4611    317     
CTRIA3  8267    3       2610    4614    322     
CTRIA3  8268    3       4089    4421    2870    
CTRIA3  8269    3       4095    4422    2648    
CTRIA3  8270    3       2622    4508    3770    
CTRIA3  8271    3       4163    4466    4300    
CTRIA3  8272    3       3098    4364    3163    
CTRIA3  8273    3       3401    4266    3403    
CTRIA3  8274    3       11      4255    255     
CTRIA3  8275    3       341     2634    342     
CTRIA3  8276    3       263     2633    264     
CTRIA3  8277    3       2991    2993    2992    
CTRIA3  8278    3       3014    4305    3015    
CTRIA3  8279    3       3521    4572    3614    
CTRIA3  8280    3       4055    4669    3525    
CTRIA3  8281    3       3740    4417    3489    
CTRIA3  8282    3       3196    3198    3197    
CTRIA3  8283    3       3611    4665    3610    
CTRIA3  8284    3       3673    4366    3670    
CTRIA3  8285    3       4419    4604    3552    
CTRIA3  8286    3       3289    3444    3241    
CTRIA3  8287    3       4019    4525    4122    
CTRIA3  8288    3       279     4412    280     
CTRIA3  8289    3       4198    4495    2900    
CTRIA3  8290    3       3392    3603    3391    
CTRIA3  8291    3       4222    4415    2686    
CTRIA3  8292    3       3119    4234    3116    
CTRIA3  8293    3       3607    4508    3606    
CTRIA3  8294    3       340     4261    341     
CTRIA3  8295    3       4100    4384    4326    
CTRIA3  8296    3       221     4354    220     
CTRIA3  8297    3       149     4355    148     
CTRIA3  8298    3       3535    4385    3524    
CTRIA3  8299    3       3343    3490    3489    
CTRIA3  8300    3       356     4292    357     
CTRIA3  8301    3       360     4294    361     
CTRIA3  8302    3       354     4297    355     
CTRIA3  8303    3       362     4296    363     
CTRIA3  8304    3       3420    4320    3290    
CTRIA3  8305    3       366     4502    11      
CTRIA3  8306    3       3646    3647    3644    
CTRIA3  8307    3       3023    4393    3021    
CTRIA3  8308    3       3099    4473    4364    
CTRIA3  8309    3       3896    4357    3469    
CTRIA3  8310    3       3991    4356    3413    
CTRIA3  8311    3       3604    4358    3284    
CTRIA3  8312    3       3018    3183    3020    
CTRIA3  8313    3       361     2632    362     
CTRIA3  8314    3       355     2631    356     
CTRIA3  8315    3       4479    4672    4330    
CTRIA3  8316    3       3829    4576    3012    
CTRIA3  8317    3       3678    4652    4584    
CTRIA3  8318    3       3125    3155    3123    
CTRIA3  8319    3       2614    3803    3760    
CTRIA3  8320    3       3684    4641    3746    
CTRIA3  8321    3       3163    4364    3240    
CTRIA3  8322    3       3747    4613    3719    
CTRIA3  8323    3       3598    4455    3597    
CTRIA3  8324    3       3033    4339    3222    
CTRIA3  8325    3       4300    4466    2618    
CTRIA3  8326    3       2684    4456    2680    
CTRIA3  8327    3       2667    4477    3749    
CTRIA3  8328    3       4340    4550    3566    
CTRIA3  8329    3       3015    3018    3017    
CTRIA3  8330    3       3008    4342    4260    
CTRIA3  8331    3       4331    4376    3512    
CTRIA3  8332    3       4089    4445    4421    
CTRIA3  8333    3       3100    4393    3023    
CTRIA3  8334    3       3419    4360    3535    
CTRIA3  8335    3       3083    3084    3006    
CTRIA3  8336    3       4205    4291    3154    
CTRIA3  8337    3       2959    4619    3663    
CTRIA3  8338    3       3234    4363    3336    
CTRIA3  8339    3       3648    3649    3647    
CTRIA3  8340    3       2999    3135    2985    
CTRIA3  8341    3       268     3327    269     
CTRIA3  8342    3       336     3326    337     
CTRIA3  8343    3       3077    3173    3105    
CTRIA3  8344    3       3972    4670    3604    
CTRIA3  8345    3       267     4271    268     
CTRIA3  8346    3       337     4273    338     
CTRIA3  8347    3       3321    3322    3244    
CTRIA3  8348    3       4301    4378    3539    
CTRIA3  8349    3       3779    4478    3477    
CTRIA3  8350    3       3137    4615    3083    
CTRIA3  8351    3       4243    4608    3518    
CTRIA3  8352    3       3132    4420    3763    
CTRIA3  8353    3       2993    2996    2994    
CTRIA3  8354    3       347     2917    348     
CTRIA3  8355    3       257     2916    258     
CTRIA3  8356    3       223     4367    222     
CTRIA3  8357    3       147     4368    146     
CTRIA3  8358    3       348     4281    349     
CTRIA3  8359    3       256     4282    257     
CTRIA3  8360    3       3479    4446    3494    
CTRIA3  8361    3       3344    4369    2841    
CTRIA3  8362    3       318     4611    4229    
CTRIA3  8363    3       122     4463    121     
CTRIA3  8364    3       3991    4383    4356    
CTRIA3  8365    3       4357    4382    3469    
CTRIA3  8366    3       4172    4380    4251    
CTRIA3  8367    3       4299    4610    2642    
CTRIA3  8368    3       2643    4609    4298    
CTRIA3  8369    3       3095    3277    3236    
CTRIA3  8370    3       3089    3090    3027    
CTRIA3  8371    3       3205    4444    4306    
CTRIA3  8372    3       342     4290    343     
CTRIA3  8373    3       262     4289    263     
CTRIA3  8374    3       3669    4333    2945    
CTRIA3  8375    3       4063    4608    4243    
CTRIA3  8376    3       4189    4537    4006    
CTRIA3  8377    3       261     2918    262     
CTRIA3  8378    3       343     2919    344     
CTRIA3  8379    3       2649    4537    4189    
CTRIA3  8380    3       3427    4403    3679    
CTRIA3  8381    3       4062    4402    3465    
CTRIA3  8382    3       3513    4376    3723    
CTRIA3  8383    3       3182    4351    3805    
CTRIA3  8384    3       3198    3262    3261    
CTRIA3  8385    3       3741    3742    2955    
CTRIA3  8386    3       3396    4621    3756    
CTRIA3  8387    3       270     2625    12      
CTRIA3  8388    3       13      2627    335     
CTRIA3  8389    3       3107    4387    3102    
CTRIA3  8390    3       2724    4206    3711    
CTRIA3  8391    3       3484    3486    3485    
CTRIA3  8392    3       3794    4649    3739    
CTRIA3  8393    3       2686    4415    4272    
CTRIA3  8394    3       3781    4561    3779    
CTRIA3  8395    3       2944    2946    2943    
CTRIA3  8396    3       3692    4570    4283    
CTRIA3  8397    3       3175    3556    3084    
CTRIA3  8398    3       120     4373    2674    
CTRIA3  8399    3       3803    4428    3652    
CTRIA3  8400    3       3274    4332    3187    
CTRIA3  8401    3       2639    4445    4089    
CTRIA3  8402    3       3277    3477    3476    
CTRIA3  8403    3       3774    4591    2829    
CTRIA3  8404    3       2731    4374    2733    
CTRIA3  8405    3       3099    4364    3098    
CTRIA3  8406    3       2661    3139    2647    
CTRIA3  8407    3       2646    3138    2660    
CTRIA3  8408    3       3083    3085    3084    
CTRIA3  8409    3       4584    4652    4043    
CTRIA3  8410    3       3736    3787    3527    
CTRIA3  8411    3       3650    3656    3649    
CTRIA3  8412    3       3625    4432    4232    
CTRIA3  8413    3       3694    4613    4195    
CTRIA3  8414    3       3030    4391    3341    
CTRIA3  8415    3       335     4308    336     
CTRIA3  8416    3       269     4307    270     
CTRIA3  8417    3       3566    3567    3280    
CTRIA3  8418    3       3420    4465    4320    
CTRIA3  8419    3       4462    4524    3109    
CTRIA3  8420    3       258     4311    259     
CTRIA3  8421    3       346     4312    347     
CTRIA3  8422    3       3091    3092    3090    
CTRIA3  8423    3       2996    3000    2997    
CTRIA3  8424    3       4359    4522    3172    
CTRIA3  8425    3       344     4316    345     
CTRIA3  8426    3       260     4317    261     
CTRIA3  8427    3       4122    4525    4121    
CTRIA3  8428    3       4062    4671    4402    
CTRIA3  8429    3       2651    4590    2665    
CTRIA3  8430    3       3053    3063    3055    
CTRIA3  8431    3       3791    4504    3342    
CTRIA3  8432    3       3081    4259    3049    
CTRIA3  8433    3       345     2630    346     
CTRIA3  8434    3       259     2629    260     
CTRIA3  8435    3       2954    4627    2955    
CTRIA3  8436    3       2921    4645    4269    
CTRIA3  8437    3       4268    4646    2920    
CTRIA3  8438    3       2978    2990    2976    
CTRIA3  8439    3       2652    4510    4013    
CTRIA3  8440    3       3687    4664    4642    
CTRIA3  8441    3       2950    4485    3004    
CTRIA3  8442    3       290     4381    291     
CTRIA3  8443    3       3469    4382    3445    
CTRIA3  8444    3       3992    4383    3991    
CTRIA3  8445    3       3534    4509    4186    
CTRIA3  8446    3       2869    4384    4100    
CTRIA3  8447    3       3155    4395    3123    
CTRIA3  8448    3       3024    4494    4244    
CTRIA3  8449    3       3172    4522    4262    
CTRIA3  8450    3       2801    4239    331     
CTRIA3  8451    3       3643    3644    3642    
CTRIA3  8452    3       2651    2663    2661    
CTRIA3  8453    3       2660    2662    2650    
CTRIA3  8454    3       3115    4234    4169    
CTRIA3  8455    3       3006    4321    2999    
CTRIA3  8456    3       3954    4655    4298    
CTRIA3  8457    3       4299    4654    3943    
CTRIA3  8458    3       3795    4401    3291    
CTRIA3  8459    3       3001    3223    2997    
CTRIA3  8460    3       2930    4519    3608    
CTRIA3  8461    3       3091    3160    3093    
CTRIA3  8462    3       3689    4418    4324    
CTRIA3  8463    3       3142    4386    3219    
CTRIA3  8464    3       3045    4304    3047    
CTRIA3  8465    3       3391    4443    3130    
CTRIA3  8466    3       4358    4670    3426    
CTRIA3  8467    3       4067    4510    2652    
CTRIA3  8468    3       3122    4291    3124    
CTRIA3  8469    3       4269    4645    3969    
CTRIA3  8470    3       3752    4646    4268    
CTRIA3  8471    3       2666    4500    3804    
CTRIA3  8472    3       3486    3488    3487    
CTRIA3  8473    3       4230    4365    3490    
CTRIA3  8474    3       3293    4622    3783    
CTRIA3  8475    3       4237    4558    3587    
CTRIA3  8476    3       2935    3206    2933    
CTRIA3  8477    3       2641    4629    4233    
CTRIA3  8478    3       4017    4669    4249    
CTRIA3  8479    3       4446    4496    3494    
CTRIA3  8480    3       3000    3026    3001    
CTRIA3  8481    3       3093    3094    3092    
CTRIA3  8482    3       3532    4388    4182    
CTRIA3  8483    3       3766    3769    2612    
CTRIA3  8484    3       264     4392    265     
CTRIA3  8485    3       4302    4604    4072    
CTRIA3  8486    3       3018    3019    3017    
CTRIA3  8487    3       3262    3423    3422    
CTRIA3  8488    3       3735    3736    3527    
CTRIA3  8489    3       2695    4389    250     
CTRIA3  8490    3       4364    4473    3491    
CTRIA3  8491    3       3064    3065    3062    
CTRIA3  8492    3       3423    4221    3422    
CTRIA3  8493    3       3022    4410    3302    
CTRIA3  8494    3       4495    4668    2900    
CTRIA3  8495    3       2947    2949    2946    
CTRIA3  8496    3       249     4493    248     
CTRIA3  8497    3       3673    4585    4366    
CTRIA3  8498    3       2996    4424    3000    
CTRIA3  8499    3       3648    3651    3650    
CTRIA3  8500    3       4382    4421    3445    
CTRIA3  8501    3       3992    4422    4383    
CTRIA3  8502    3       4138    4394    3538    
CTRIA3  8503    3       3267    4429    3571    
CTRIA3  8504    3       3990    4396    3946    
CTRIA3  8505    3       3933    4397    4166    
CTRIA3  8506    3       3940    4398    3442    
CTRIA3  8507    3       3441    4399    3957    
CTRIA3  8508    3       4178    4605    4177    
CTRIA3  8509    3       4402    4671    2659    
CTRIA3  8510    3       3691    3694    3693    
CTRIA3  8511    3       4167    4593    4432    
CTRIA3  8512    3       3067    4458    3046    
CTRIA3  8513    3       4298    4609    3915    
CTRIA3  8514    3       3906    4610    4299    
CTRIA3  8515    3       3643    3645    3644    
CTRIA3  8516    3       3606    4379    3260    
CTRIA3  8517    3       3122    3124    3123    
CTRIA3  8518    3       3085    3176    3175    
CTRIA3  8519    3       3026    3088    3027    
CTRIA3  8520    3       3101    4455    4214    
CTRIA3  8521    3       3122    3123    3120    
CTRIA3  8522    3       4277    4353    3184    
CTRIA3  8523    3       3095    3096    3094    
CTRIA3  8524    3       4058    4491    4373    
CTRIA3  8525    3       4074    4402    2659    
CTRIA3  8526    3       2668    4403    4098    
CTRIA3  8527    3       4232    4432    2852    
CTRIA3  8528    3       4350    4465    3420    
CTRIA3  8529    3       3550    4404    3383    
CTRIA3  8530    3       3229    4405    3230    
CTRIA3  8531    3       4295    4632    4036    
CTRIA3  8532    3       3516    3549    3517    
CTRIA3  8533    3       2628    2651    2647    
CTRIA3  8534    3       2646    2650    2626    
CTRIA3  8535    3       3392    3611    3610    
CTRIA3  8536    3       3233    4407    3330    
CTRIA3  8537    3       2614    4428    3803    
CTRIA3  8538    3       2994    3247    2992    
CTRIA3  8539    3       3012    4576    4461    
CTRIA3  8540    3       3525    4669    4334    
CTRIA3  8541    3       3077    3078    3065    
CTRIA3  8542    3       2671    3774    325     
CTRIA3  8543    3       2703    4531    4329    
CTRIA3  8544    3       4304    4517    3081    
CTRIA3  8545    3       3651    4246    3652    
CTRIA3  8546    3       4182    4388    4322    
CTRIA3  8547    3       3482    3710    3709    
CTRIA3  8548    3       3509    4415    3507    
CTRIA3  8549    3       3088    3097    3089    
CTRIA3  8550    3       3541    4416    4014    
CTRIA3  8551    3       2986    4498    2984    
CTRIA3  8552    3       4291    4437    3227    
CTRIA3  8553    3       4069    4555    4434    
CTRIA3  8554    3       2869    4446    4384    
CTRIA3  8555    3       3590    4575    3748    
CTRIA3  8556    3       3167    4419    4156    
CTRIA3  8557    3       4233    4629    4112    
CTRIA3  8558    3       3240    3491    3412    
CTRIA3  8559    3       3105    3106    3078    
CTRIA3  8560    3       3445    4421    3439    
CTRIA3  8561    3       4059    4422    3992    
CTRIA3  8562    3       4119    4661    2893    
CTRIA3  8563    3       3551    4559    3745    
CTRIA3  8564    3       3187    3242    3241    
CTRIA3  8565    3       3745    4559    4190    
CTRIA3  8566    3       4389    4520    4001    
CTRIA3  8567    3       4259    4370    3051    
CTRIA3  8568    3       3008    4461    4342    
CTRIA3  8569    3       3571    3763    3483    
CTRIA3  8570    3       3124    3126    3125    
CTRIA3  8571    3       3424    4378    3426    
CTRIA3  8572    3       4245    4488    3735    
CTRIA3  8573    3       2615    4593    4165    
CTRIA3  8574    3       3020    3021    3019    
CTRIA3  8575    3       3645    3705    3646    
CTRIA3  8576    3       3195    3196    3106    
CTRIA3  8577    3       4251    4380    3493    
CTRIA3  8578    3       3040    3177    3042    
CTRIA3  8579    3       3701    4662    4457    
CTRIA3  8580    3       3566    4550    3567    
CTRIA3  8581    3       2991    2992    2990    
CTRIA3  8582    3       4036    4632    4450    
CTRIA3  8583    3       3137    4624    3755    
CTRIA3  8584    3       3642    4362    3653    
CTRIA3  8585    3       3521    4624    4501    
CTRIA3  8586    3       3068    4429    3070    
CTRIA3  8587    3       323     4614    4310    
CTRIA3  8588    3       3126    3128    3127    
CTRIA3  8589    3       3242    3290    3289    
CTRIA3  8590    3       2648    4463    122     
CTRIA3  8591    3       3022    3023    3021    
CTRIA3  8592    3       4313    4477    4102    
CTRIA3  8593    3       3494    4496    4042    
CTRIA3  8594    3       3260    3562    3561    
CTRIA3  8595    3       3772    4626    2998    
CTRIA3  8596    3       4168    4444    3205    
CTRIA3  8597    3       3243    3392    3391    
CTRIA3  8598    3       4388    4462    3103    
CTRIA3  8599    3       2939    3134    2937    
CTRIA3  8600    3       4362    4500    4499    
CTRIA3  8601    3       13      2628    2627    
CTRIA3  8602    3       2625    2626    12      
CTRIA3  8603    3       3128    3131    3130    
CTRIA3  8604    3       3713    4393    3705    
CTRIA3  8605    3       3290    3296    3291    
CTRIA3  8606    3       3059    3064    3062    
CTRIA3  8607    3       3028    3029    3023    
CTRIA3  8608    3       4102    4477    2667    
CTRIA3  8609    3       163     4433    162     
CTRIA3  8610    3       3793    4628    3684    
CTRIA3  8611    3       3600    4539    3671    
CTRIA3  8612    3       3487    4568    3485    
CTRIA3  8613    3       11      4502    3789    
CTRIA3  8614    3       4421    4445    3439    
CTRIA3  8615    3       3647    4362    3644    
CTRIA3  8616    3       3334    4434    3248    
CTRIA3  8617    3       3426    4378    4372    
CTRIA3  8618    3       3262    3481    3423    
CTRIA3  8619    3       3267    3268    3099    
CTRIA3  8620    3       2829    4513    3764    
CTRIA3  8621    3       3131    3244    3243    
CTRIA3  8622    3       3030    3031    3029    
CTRIA3  8623    3       3296    3527    3526    
CTRIA3  8624    3       145     4435    144     
CTRIA3  8625    3       225     4436    224     
CTRIA3  8626    3       3018    4305    3183    
CTRIA3  8627    3       4280    4490    3276    
CTRIA3  8628    3       2993    2994    2992    
CTRIA3  8629    3       3055    4361    3057    
CTRIA3  8630    3       3478    4332    3274    
CTRIA3  8631    3       3646    3648    3647    
CTRIA3  8632    3       4272    4415    3509    
CTRIA3  8633    3       2852    4432    4194    
CTRIA3  8634    3       3032    3033    3031    
CTRIA3  8635    3       4332    4636    3420    
CTRIA3  8636    3       3392    3610    3603    
CTRIA3  8637    3       2687    4378    4301    
CTRIA3  8638    3       3047    4304    3081    
CTRIA3  8639    3       248     4493    2639    
CTRIA3  8640    3       3754    4459    3025    
CTRIA3  8641    3       2946    2995    2943    
CTRIA3  8642    3       3483    3484    3268    
CTRIA3  8643    3       3034    3035    3033    
CTRIA3  8644    3       3694    4195    3693    
CTRIA3  8645    3       3070    4429    3076    
CTRIA3  8646    3       3187    3241    3176    
CTRIA3  8647    3       3619    4439    3616    
CTRIA3  8648    3       3795    4424    3025    
CTRIA3  8649    3       3484    3602    3486    
CTRIA3  8650    3       3343    4230    3490    
CTRIA3  8651    3       3076    3267    3099    
CTRIA3  8652    3       3087    4231    4213    
CTRIA3  8653    3       3322    3554    3553    
CTRIA3  8654    3       3036    3037    3035    
CTRIA3  8655    3       3322    3553    3244    
CTRIA3  8656    3       3260    3561    3097    
CTRIA3  8657    3       4058    4440    4057    
CTRIA3  8658    3       3196    3250    3198    
CTRIA3  8659    3       4279    4583    3497    
CTRIA3  8660    3       4380    4480    3493    
CTRIA3  8661    3       3277    3476    3236    
CTRIA3  8662    3       3648    3650    3649    
CTRIA3  8663    3       2666    3804    298     
CTRIA3  8664    3       3541    4464    4416    
CTRIA3  8665    3       2996    2997    2994    
CTRIA3  8666    3       3770    4489    2802    
CTRIA3  8667    3       3187    4332    3242    
CTRIA3  8668    3       3089    3091    3090    
CTRIA3  8669    3       4344    4554    3585    
CTRIA3  8670    3       2614    3760    301     
CTRIA3  8671    3       3505    4377    3503    
CTRIA3  8672    3       3481    4351    3482    
CTRIA3  8673    3       4298    4655    4047    
CTRIA3  8674    3       4085    4654    4299    
CTRIA3  8675    3       4642    4664    3173    
CTRIA3  8676    3       3175    3557    3556    
CTRIA3  8677    3       3077    4642    3173    
CTRIA3  8678    3       4345    4346    4287    
CTRIA3  8679    3       3439    4445    3999    
CTRIA3  8680    3       4099    4446    2869    
CTRIA3  8681    3       3491    3516    3412    
CTRIA3  8682    3       3095    4427    3277    
CTRIA3  8683    3       3653    4499    3732    
CTRIA3  8684    3       4491    4523    2674    
CTRIA3  8685    3       3091    3093    3092    
CTRIA3  8686    3       4435    4453    144     
CTRIA3  8687    3       225     4454    4436    
CTRIA3  8688    3       3000    3001    2997    
CTRIA3  8689    3       3085    3175    3084    
CTRIA3  8690    3       4200    4467    4265    
CTRIA3  8691    3       4349    4387    3107    
CTRIA3  8692    3       4496    4553    4042    
CTRIA3  8693    3       3086    4626    4518    
CTRIA3  8694    3       2829    3764    327     
CTRIA3  8695    3       2612    3769    329     
CTRIA3  8696    3       275     4245    2617    
CTRIA3  8697    3       3661    4598    4207    
CTRIA3  8698    3       3481    3482    3423    
CTRIA3  8699    3       3524    4385    4363    
CTRIA3  8700    3       2621    3771    333     
CTRIA3  8701    3       3704    4465    3768    
CTRIA3  8702    3       3093    3095    3094    
CTRIA3  8703    3       3026    3027    3001    
CTRIA3  8704    3       3018    3020    3019    
CTRIA3  8705    3       3064    3077    3065    
CTRIA3  8706    3       4036    4450    4033    
CTRIA3  8707    3       3651    3652    3650    
CTRIA3  8708    3       3645    3646    3644    
CTRIA3  8709    3       3124    3125    3123    
CTRIA3  8710    3       2646    4567    3138    
CTRIA3  8711    3       3139    4566    2647    
CTRIA3  8712    3       3088    3089    3027    
CTRIA3  8713    3       3095    3236    3096    
CTRIA3  8714    3       2651    2661    2647    
CTRIA3  8715    3       2646    2660    2650    
CTRIA3  8716    3       3036    3038    3037    
CTRIA3  8717    3       3267    3483    3268    
CTRIA3  8718    3       3034    3036    3035    
CTRIA3  8719    3       3077    3105    3078    
CTRIA3  8720    3       4246    4247    3652    
CTRIA3  8721    3       3032    3034    3033    
CTRIA3  8722    3       3562    4330    3561    
CTRIA3  8723    3       3242    3289    3241    
CTRIA3  8724    3       3527    3787    3526    
CTRIA3  8725    3       3030    3032    3031    
CTRIA3  8726    3       3105    3195    3106    
CTRIA3  8727    3       3989    4494    3757    
CTRIA3  8728    3       2931    4375    3251    
CTRIA3  8729    3       3296    3526    3291    
CTRIA3  8730    3       3028    3030    3029    
CTRIA3  8731    3       3020    3022    3021    
CTRIA3  8732    3       3126    3127    3125    
CTRIA3  8733    3       3131    3243    3130    
CTRIA3  8734    3       3290    3291    3289    
CTRIA3  8735    3       3593    4447    3060    
CTRIA3  8736    3       3022    3028    3023    
CTRIA3  8737    3       3128    3130    3127    
CTRIA3  8738    3       4054    4543    4147    
CTRIA3  8739    3       3546    4542    4084    
CTRIA3  8740    3       2917    4641    4628    
CTRIA3  8741    3       4078    4460    4077    
CTRIA3  8742    3       4090    4543    4054    
CTRIA3  8743    3       4084    4542    2638    
CTRIA3  8744    3       4503    4504    3791    
CTRIA3  8745    3       4425    4534    3651    
CTRIA3  8746    3       4053    4659    2838    
CTRIA3  8747    3       3719    4613    3759    
CTRIA3  8748    3       4258    4294    360     
CTRIA3  8749    3       3795    4481    4424    
CTRIA3  8750    3       2955    4485    2952    
CTRIA3  8751    3       2674    4523    4109    
CTRIA3  8752    3       3031    4328    3029    
CTRIA3  8753    3       3290    4320    3296    
CTRIA3  8754    3       3515    4451    3509    
CTRIA3  8755    3       3749    4477    3446    
CTRIA3  8756    3       2610    4509    4276    
CTRIA3  8757    3       4000    4452    4001    
CTRIA3  8758    3       144     4453    143     
CTRIA3  8759    3       226     4454    225     
CTRIA3  8760    3       4365    4490    3741    
CTRIA3  8761    3       3256    4376    4331    
CTRIA3  8762    3       3796    4651    3702    
CTRIA3  8763    3       2886    4457    2890    
CTRIA3  8764    3       351     4217    2640    
CTRIA3  8765    3       3655    4494    3989    
CTRIA3  8766    3       3732    4499    2666    
CTRIA3  8767    3       4073    4604    4419    
CTRIA3  8768    3       2853    4505    4193    
CTRIA3  8769    3       2956    4619    2959    
CTRIA3  8770    3       3556    4321    3084    
CTRIA3  8771    3       3161    4314    3038    
CTRIA3  8772    3       3995    4460    3452    
CTRIA3  8773    3       4246    4534    4328    
CTRIA3  8774    3       4193    4569    2619    
CTRIA3  8775    3       3009    4461    3008    
CTRIA3  8776    3       3103    4462    3104    
CTRIA3  8777    3       4306    4444    3695    
CTRIA3  8778    3       3597    4387    4349    
CTRIA3  8779    3       4523    4552    4109    
CTRIA3  8780    3       3280    4503    3201    
CTRIA3  8781    3       4099    4496    4446    
CTRIA3  8782    3       3015    4305    3018    
CTRIA3  8783    3       4504    4663    3094    
CTRIA3  8784    3       2695    4551    4520    
CTRIA3  8785    3       3540    4464    3541    
CTRIA3  8786    3       2640    4265    352     
CTRIA3  8787    3       365     4263    2641    
CTRIA3  8788    3       3647    4500    4362    
CTRIA3  8789    3       3639    4466    4163    
CTRIA3  8790    3       4229    4546    2899    
CTRIA3  8791    3       3755    4624    3519    
CTRIA3  8792    3       3790    4501    3137    
CTRIA3  8793    3       3240    4364    3491    
CTRIA3  8794    3       3051    4370    3053    
CTRIA3  8795    3       3035    4339    3033    
CTRIA3  8796    3       4042    4553    3510    
CTRIA3  8797    3       3943    4654    4397    
CTRIA3  8798    3       4396    4655    3954    
CTRIA3  8799    3       2976    4371    2974    
CTRIA3  8800    3       3712    4653    3662    
CTRIA3  8801    3       4209    4622    3293    
CTRIA3  8802    3       2974    4371    3172    
CTRIA3  8803    3       4346    4587    4287    
CTRIA3  8804    3       3585    4554    4237    
CTRIA3  8805    3       3185    4667    4080    
CTRIA3  8806    3       2847    4474    2915    
CTRIA3  8807    3       4256    4438    3223    
CTRIA3  8808    3       3091    4426    3160    
CTRIA3  8809    3       3649    4500    3647    
CTRIA3  8810    3       3223    4438    2997    
CTRIA3  8811    3       4080    4551    2695    
CTRIA3  8812    3       4109    4552    2903    
CTRIA3  8813    3       4121    4525    3316    
CTRIA3  8814    3       219     4475    218     
CTRIA3  8815    3       186     4476    185     
CTRIA3  8816    3       3537    4648    3536    
CTRIA3  8817    3       4007    4612    2885    
CTRIA3  8818    3       3025    4424    2996    
CTRIA3  8819    3       2933    4375    2931    
CTRIA3  8820    3       3467    4612    4007    
CTRIA3  8821    3       3294    4571    4005    
CTRIA3  8822    3       2999    4321    3135    
CTRIA3  8823    3       2672    4258    359     
CTRIA3  8824    3       4528    4664    3687    
CTRIA3  8825    3       2910    4263    364     
CTRIA3  8826    3       353     4265    2909    
CTRIA3  8827    3       3786    4577    2831    
CTRIA3  8828    3       4443    4533    3127    
CTRIA3  8829    3       3641    4588    4466    
CTRIA3  8830    3       4363    4385    3336    
CTRIA3  8831    3       4330    4538    4479    
CTRIA3  8832    3       357     4292    4257    
CTRIA3  8833    3       3084    4321    3006    
CTRIA3  8834    3       2909    4297    354     
CTRIA3  8835    3       363     4296    2910    
CTRIA3  8836    3       3900    4483    3824    
CTRIA3  8837    3       3819    4482    4188    
CTRIA3  8838    3       3120    4395    3119    
CTRIA3  8839    3       313     4484    314     
CTRIA3  8840    3       4501    4572    3521    
CTRIA3  8841    3       188     4486    187     
CTRIA3  8842    3       217     4487    216     
CTRIA3  8843    3       2998    4626    3005    
CTRIA3  8844    3       4312    4641    2917    
CTRIA3  8845    3       2628    2647    2627    
CTRIA3  8846    3       2625    2646    2626    
CTRIA3  8847    3       4552    4584    2903    
CTRIA3  8848    3       3558    4491    3436    
CTRIA3  8849    3       199     4492    198     
CTRIA3  8850    3       4432    4593    4194    
CTRIA3  8851    3       3092    4550    3090    
CTRIA3  8852    3       4352    4596    3806    
CTRIA3  8853    3       3613    4495    3520    
CTRIA3  8854    3       3119    4395    4235    
CTRIA3  8855    3       3302    4391    3028    
CTRIA3  8856    3       4553    4602    3510    
CTRIA3  8857    3       2631    4292    356     
CTRIA3  8858    3       361     4294    2632    
CTRIA3  8859    3       2632    4296    362     
CTRIA3  8860    3       355     4297    2631    
CTRIA3  8861    3       3565    4505    4480    
CTRIA3  8862    3       3540    4529    4464    
CTRIA3  8863    3       3530    4546    4229    
CTRIA3  8864    3       2803    4496    4099    
CTRIA3  8865    3       4019    4497    4018    
CTRIA3  8866    3       4165    4593    4167    
CTRIA3  8867    3       3038    4314    3040    
CTRIA3  8868    3       3126    4507    3128    
CTRIA3  8869    3       4282    4468    4390    
CTRIA3  8870    3       4324    4418    3168    
CTRIA3  8871    3       2910    4264    4263    
CTRIA3  8872    3       2890    4662    3784    
CTRIA3  8873    3       3648    4425    3651    
CTRIA3  8874    3       3021    4562    3019    
CTRIA3  8875    3       2622    4595    4508    
CTRIA3  8876    3       2640    4648    4200    
CTRIA3  8877    3       3742    4485    2955    
CTRIA3  8878    3       3807    4441    4352    
CTRIA3  8879    3       2619    4569    4250    
CTRIA3  8880    3       2903    4584    4043    
CTRIA3  8881    3       3680    4578    3515    
CTRIA3  8882    3       3289    4401    3444    
CTRIA3  8883    3       3805    4660    3806    
CTRIA3  8884    3       4006    4537    3548    
CTRIA3  8885    3       2686    4272    4271    
CTRIA3  8886    3       3558    4523    4491    
CTRIA3  8887    3       3550    4661    4404    
CTRIA3  8888    3       4013    4510    3430    
CTRIA3  8889    3       3260    4379    3562    
CTRIA3  8890    3       3485    4634    4473    
CTRIA3  8891    3       2900    4668    4212    
CTRIA3  8892    3       3096    4411    3343    
CTRIA3  8893    3       4350    4514    2830    
CTRIA3  8894    3       4237    4554    3302    
CTRIA3  8895    3       358     4257    2672    
CTRIA3  8896    3       2680    4456    2681    
CTRIA3  8897    3       3178    4481    3787    
CTRIA3  8898    3       3778    4637    2681    
CTRIA3  8899    3       228     4515    227     
CTRIA3  8900    3       4512    4595    2622    
CTRIA3  8901    3       142     4516    141     
CTRIA3  8902    3       3665    4518    3772    
CTRIA3  8903    3       3440    4520    3575    
CTRIA3  8904    3       3183    4410    3020    
CTRIA3  8905    3       255     4255    2636    
CTRIA3  8906    3       3392    4423    3611    
CTRIA3  8907    3       3076    4429    3267    
CTRIA3  8908    3       3676    4528    4449    
CTRIA3  8909    3       2636    4468    4282    
CTRIA3  8910    3       2803    4553    4496    
CTRIA3  8911    3       254     4557    4278    
CTRIA3  8912    3       184     4556    4277    
CTRIA3  8913    3       3789    4502    4233    
CTRIA3  8914    3       3565    4569    4505    
CTRIA3  8915    3       2642    4610    4318    
CTRIA3  8916    3       4319    4609    2643    
CTRIA3  8917    3       4115    4523    3558    
CTRIA3  8918    3       3063    4361    3055    
CTRIA3  8919    3       4197    4509    2610    
CTRIA3  8920    3       3510    4602    4118    
CTRIA3  8921    3       2937    4409    2935    
CTRIA3  8922    3       4249    4525    4019    
CTRIA3  8923    3       2686    4271    267     
CTRIA3  8924    3       338     4273    2687    
CTRIA3  8925    3       2631    4293    4292    
CTRIA3  8926    3       4294    4295    2632    
CTRIA3  8927    3       3057    4408    3059    
CTRIA3  8928    3       3564    4524    3563    
CTRIA3  8929    3       4385    4400    3336    
CTRIA3  8930    3       4248    4417    2957    
CTRIA3  8931    3       341     4261    2634    
CTRIA3  8932    3       3518    4608    4360    
CTRIA3  8933    3       4212    4668    3615    
CTRIA3  8934    3       4206    4633    3554    
CTRIA3  8935    3       2687    4301    339     
CTRIA3  8936    3       266     4222    2686    
CTRIA3  8937    3       3701    4529    3540    
CTRIA3  8938    3       3496    4468    4120    
CTRIA3  8939    3       3090    4550    4340    
CTRIA3  8940    3       2636    4282    256     
CTRIA3  8941    3       349     4281    2635    
CTRIA3  8942    3       3247    4448    2992    
CTRIA3  8943    3       2707    4531    2703    
CTRIA3  8944    3       3173    4414    3105    
CTRIA3  8945    3       4233    4502    2641    
CTRIA3  8946    3       3703    4639    3683    
CTRIA3  8947    3       3316    4525    4249    
CTRIA3  8948    3       3806    4596    3569    
CTRIA3  8949    3       4520    4551    3575    
CTRIA3  8950    3       3094    4663    3092    
CTRIA3  8951    3       2634    4290    342     
CTRIA3  8952    3       263     4289    2633    
CTRIA3  8953    3       4200    4648    3537    
CTRIA3  8954    3       4115    4552    4523    
CTRIA3  8955    3       4270    4537    2649    
CTRIA3  8956    3       3644    4362    3642    
CTRIA3  8957    3       4107    4535    3550    
CTRIA3  8958    3       3042    4406    3087    
CTRIA3  8959    3       4267    4536    3136    
CTRIA3  8960    3       4286    4505    2853    
CTRIA3  8961    3       4021    4542    3546    
CTRIA3  8962    3       4147    4543    3415    
CTRIA3  8963    3       2952    4485    2950    
CTRIA3  8964    3       4282    4390    2916    
CTRIA3  8965    3       4602    4659    4118    
CTRIA3  8966    3       3543    4548    3820    
CTRIA3  8967    3       3123    4395    3120    
CTRIA3  8968    3       4489    4508    3607    
CTRIA3  8969    3       268     4271    3327    
CTRIA3  8970    3       3326    4273    337     
CTRIA3  8971    3       3825    4549    3542    
CTRIA3  8972    3       3528    4546    3530    
CTRIA3  8973    3       4469    4540    3598    
CTRIA3  8974    3       180     4547    179     
CTRIA3  8975    3       2867    4582    4315    
CTRIA3  8976    3       3613    4668    4495    
CTRIA3  8977    3       3651    4534    4246    
CTRIA3  8978    3       2917    4281    348     
CTRIA3  8979    3       257     4282    2916    
CTRIA3  8980    3       3053    4370    3063    
CTRIA3  8981    3       3575    4551    4122    
CTRIA3  8982    3       3677    4552    4115    
CTRIA3  8983    3       4106    4553    2803    
CTRIA3  8984    3       3327    4307    269     
CTRIA3  8985    3       336     4308    3326    
CTRIA3  8986    3       2918    4289    262     
CTRIA3  8987    3       343     4290    2919    
CTRIA3  8988    3       2990    4371    2976    
CTRIA3  8989    3       2916    4311    258     
CTRIA3  8990    3       347     4312    2917    
CTRIA3  8991    3       261     4317    2918    
CTRIA3  8992    3       2919    4316    344     
CTRIA3  8993    3       3594    4469    3598    
CTRIA3  8994    3       3525    4606    4147    
CTRIA3  8995    3       340     4301    4261    
CTRIA3  8996    3       4404    4661    4577    
CTRIA3  8997    3       3614    4572    3617    
CTRIA3  8998    3       2633    4392    264     
CTRIA3  8999    3       3447    4556    115     
CTRIA3  9000    3       3448    4557    150     
CTRIA3  9001    3       4190    4559    2871    
CTRIA3  9002    3       259     4311    2629    
CTRIA3  9003    3       2630    4312    346     
CTRIA3  9004    3       2669    4618    4105    
CTRIA3  9005    3       3635    4560    3633    
CTRIA3  9006    3       2659    4671    4433    
CTRIA3  9007    3       2629    4317    260     
CTRIA3  9008    3       345     4316    2630    
CTRIA3  9009    3       3227    4437    4195    
CTRIA3  9010    3       3515    4578    4238    
CTRIA3  9011    3       3677    4584    4552    
CTRIA3  9012    3       3174    4561    2780    
CTRIA3  9013    3       3040    4314    3177    
CTRIA3  9014    3       4373    4491    2674    
CTRIA3  9015    3       2611    4570    4201    
CTRIA3  9016    3       4431    4581    3557    
CTRIA3  9017    3       3617    4589    4181    
CTRIA3  9018    3       4250    4569    3565    
CTRIA3  9019    3       3206    4375    2933    
CTRIA3  9020    3       4287    4587    3161    
CTRIA3  9021    3       3236    4411    3096    
CTRIA3  9022    3       3511    4571    4108    
CTRIA3  9023    3       4026    4467    4200    
CTRIA3  9024    3       4118    4659    4053    
CTRIA3  9025    3       196     4573    195     
CTRIA3  9026    3       209     4574    208     
CTRIA3  9027    3       4201    4570    4192    
CTRIA3  9028    3       4162    4576    3654    
CTRIA3  9029    3       2627    4308    335     
CTRIA3  9030    3       270     4307    2625    
CTRIA3  9031    3       4106    4602    4553    
CTRIA3  9032    3       2831    4577    4119    
CTRIA3  9033    3       140     4579    139     
CTRIA3  9034    3       230     4580    229     
CTRIA3  9035    3       3722    4582    3580    
CTRIA3  9036    3       2988    4601    2986    
CTRIA3  9037    3       3549    4591    3517    
CTRIA3  9038    3       3547    4618    4394    
CTRIA3  9039    3       3484    4420    3602    
CTRIA3  9040    3       3493    4480    4286    
CTRIA3  9041    3       3678    4584    3677    
CTRIA3  9042    3       4276    4509    3534    
CTRIA3  9043    3       3650    4428    3656    
CTRIA3  9044    3       3553    4423    3244    
CTRIA3  9045    3       265     4392    4222    
CTRIA3  9046    3       2935    4409    3206    
CTRIA3  9047    3       3526    4481    3795    
CTRIA3  9048    3       3561    4426    3097    
CTRIA3  9049    3       3563    4524    4462    
CTRIA3  9050    3       3086    4589    3790    
CTRIA3  9051    3       3241    4430    3176    
CTRIA3  9052    3       4579    4599    139     
CTRIA3  9053    3       230     4600    4580    
CTRIA3  9054    3       2618    4588    4187    
CTRIA3  9055    3       3160    4427    3093    
CTRIA3  9056    3       3068    4644    4429    
CTRIA3  9057    3       2986    4601    4498    
CTRIA3  9058    3       2995    4640    2943    
CTRIA3  9059    3       3708    4533    4443    
CTRIA3  9060    3       2675    4606    4334    
CTRIA3  9061    3       167     4592    166     
CTRIA3  9062    3       3010    4607    3011    
CTRIA3  9063    3       4194    4593    2615    
CTRIA3  9064    3       4195    4437    3693    
CTRIA3  9065    3       3446    4477    4313    
CTRIA3  9066    3       4305    4651    3796    
CTRIA3  9067    3       139     4599    138     
CTRIA3  9068    3       231     4600    230     
CTRIA3  9069    3       4072    4604    4073    
CTRIA3  9070    3       4087    4602    4106    
CTRIA3  9071    3       3405    4575    4204    
CTRIA3  9072    3       3028    4391    3030    
CTRIA3  9073    3       4572    4589    3617    
CTRIA3  9074    3       3560    4637    3778    
CTRIA3  9075    3       2624    4608    4063    
CTRIA3  9076    3       3908    4610    3906    
CTRIA3  9077    3       3915    4609    3917    
CTRIA3  9078    3       3343    4411    4230    
CTRIA3  9079    3       3262    4442    3481    
CTRIA3  9080    3       3548    4537    4270    
CTRIA3  9081    3       3676    4664    4528    
CTRIA3  9082    3       3061    4644    3068    
CTRIA3  9083    3       286     4605    287     
CTRIA3  9084    3       3768    4465    4350    
CTRIA3  9085    3       4311    4583    4279    
CTRIA3  9086    3       3176    4430    3175    
CTRIA3  9087    3       3291    4401    3289    
CTRIA3  9088    3       4087    4659    4602    
CTRIA3  9089    3       317     4611    318     
CTRIA3  9090    3       3968    4656    4303    
CTRIA3  9091    3       3097    4426    3089    
CTRIA3  9092    3       4440    4463    2648    
CTRIA3  9093    3       3790    4589    4572    
CTRIA3  9094    3       2871    4559    4302    
CTRIA3  9095    3       4302    4559    3551    
CTRIA3  9096    3       4370    4449    3063    
CTRIA3  9097    3       4303    4656    2868    
CTRIA3  9098    3       322     4614    323     
CTRIA3  9099    3       3839    4630    3960    
CTRIA3  9100    3       3959    4631    3866    
CTRIA3  9101    3       3552    4604    4302    
CTRIA3  9102    3       2893    4661    4535    
CTRIA3  9103    3       3536    4650    4082    
CTRIA3  9104    3       4328    4534    3100    
CTRIA3  9105    3       3969    4645    3909    
CTRIA3  9106    3       3962    4646    3752    
CTRIA3  9107    3       3387    4647    3408    
CTRIA3  9108    3       3020    4410    3022    
CTRIA3  9109    3       4043    4652    3447    
CTRIA3  9110    3       4361    4408    3057    
CTRIA3  9111    3       4086    4654    4085    
CTRIA3  9112    3       4047    4655    4048    
CTRIA3  9113    3       233     4657    232     
CTRIA3  9114    3       137     4658    136     
CTRIA3  9115    3       3177    4406    3042    
CTRIA3  9116    3       2838    4659    4087    
CTRIA3  9117    3       3705    4425    3646    
CTRIA3  9118    3       3784    4662    3514    
CTRIA3  9119    3       3615    4668    3613    
CTRIA3  9120    3       3425    4670    3972    
CTRIA3  9121    3       3568    4671    4062    
CTRIA3  9122    3       3295    4673    4101    
CTRIA3  9123    3       3244    4423    3243    
CTRIA3  9124    3       3134    4409    2937    
CTRIA3  9125    3       3787    4481    3526    
CTRIA3  9126    3       3059    4408    3064    
CTRIA3  9127    3       3483    4420    3484    
CTRIA3  9128    3       3130    4443    3127    
CTRIA3  9129    3       3693    4437    4205    
CTRIA3  9130    3       3087    4406    4231    
CTRIA3  9131    3       3105    4414    3195    
CTRIA3  9132    3       3268    4473    3099    
CTRIA3  9133    3       2994    4438    3247    
CTRIA3  9134    3       3227    4507    3126    
CTRIA3  9135    3       3604    4670    4358    
CTRIA3  9136    3       3196    4617    3250    
CTRIA3  9137    3       4359    4448    3247    
CTRIA3  9138    3       2695    4520    4389    
CTRIA3  9139    3       4417    4627    2957    
CTRIA3  9140    3       4277    4556    3447    
CTRIA3  9141    3       4278    4557    3448    
CTRIA3  9142    3       4461    4576    4162    
CTRIA3  9143    3       3477    4478    3476    
CTRIA3  9144    3       3716    4514    3478    
CTRIA3  9145    3       3567    4503    3280    
CTRIA3  9146    3       3576    4603    3578    
CTRIA3  9147    3       3561    4672    4426    
CTRIA3  9148    3       3763    4420    3483    
CTRIA3  9149    3       4205    4437    4291    
CTRIA3  9150    3       3602    4622    4209    
CTRIA3  9151    3       3243    4423    3392    
CTRIA3  9152    3       4195    4613    3747    
CTRIA3  9153    3       3735    4488    3736    
CTRIA3  9154    3       3691    4623    4527    
CTRIA3  9155    3       271     4512    2622    
CTRIA3  9156    3       2639    4493    4452    
CTRIA3  9157    3       4213    4585    3721    
CTRIA3  9158    3       2966    4526    2969    
CTRIA3  9159    3       3690    4623    3691    
CTRIA3  9160    3       3198    4442    3262    
CTRIA3  9161    3       3160    4479    4427    
CTRIA3  9162    3       4517    4585    3673    
CTRIA3  9163    3       3652    4428    3650    
CTRIA3  9164    3       4429    4644    3571    
CTRIA3  9165    3       3093    4427    3095    
CTRIA3  9166    3       3646    4425    3648    
CTRIA3  9167    3       3089    4426    3091    
CTRIA3  9168    3       3083    4615    3085    
CTRIA3  9169    3       3175    4430    3557    
CTRIA3  9170    3       2957    4627    2954    
CTRIA3  9171    3       3019    4562    3024    
CTRIA3  9172    3       3741    4490    3742    
CTRIA3  9173    3       3482    4544    3710    
CTRIA3  9174    3       4318    4610    3908    
CTRIA3  9175    3       3917    4609    4319    
CTRIA3  9176    3       4283    4570    2611    
CTRIA3  9177    3       3127    4533    3125    
CTRIA3  9178    3       3687    4408    4361    
CTRIA3  9179    3       2997    4438    2994    
CTRIA3  9180    3       3250    4442    3198    
CTRIA3  9181    3       4426    4672    3160    
CTRIA3  9182    3       3736    4565    3787    
CTRIA3  9183    3       4265    4467    2909    
CTRIA3  9184    3       4379    4472    3562    
CTRIA3  9185    3       3327    4470    4307    
CTRIA3  9186    3       4308    4471    3326    
CTRIA3  9187    3       3691    4527    3694    
CTRIA3  9188    3       4048    4655    4396    
CTRIA3  9189    3       4397    4654    4086    
CTRIA3  9190    3       3491    4634    3516    
CTRIA3  9191    3       4222    4392    3559    
CTRIA3  9192    3       4314    4639    3703    
CTRIA3  9193    3       4339    4594    3222    
CTRIA3  9194    3       4353    4652    3678    
CTRIA3  9195    3       4058    4463    4440    
CTRIA3  9196    3       3555    4594    4339    
CTRIA3  9197    3       3740    4627    4417    
CTRIA3  9198    3       2992    4448    2990    
CTRIA3  9199    3       4315    4582    3722    
CTRIA3  9200    3       3562    4621    4330    
CTRIA3  9201    3       4400    4656    3968    
CTRIA3  9202    3       3125    4533    3155    
CTRIA3  9203    3       3444    4459    4431    
CTRIA3  9204    3       3536    4648    4217    
CTRIA3  9205    3       3535    4511    4385    
CTRIA3  9206    3       3770    4508    4489    
CTRIA3  9207    3       4351    4544    3482    
CTRIA3  9208    3       4404    4577    3786    
CTRIA3  9209    3       2939    4666    3134    
CTRIA3  9210    3       4334    4606    3525    
CTRIA3  9211    3       4360    4608    2624    
CTRIA3  9212    3       2641    4502    366     
CTRIA3  9213    3       4385    4511    4400    
CTRIA3  9214    3       4261    4301    3539    
CTRIA3  9215    3       2964    4653    4526    
CTRIA3  9216    3       3669    4635    4333    
CTRIA3  9217    3       3586    4536    4267    
CTRIA3  9218    3       4080    4667    4551    
CTRIA3  9219    3       4499    4500    2666    
CTRIA3  9220    3       2802    4489    4488    
CTRIA3  9221    3       2868    4656    4511    
CTRIA3  9222    3       3516    4568    3549    
CTRIA3  9223    3       4497    4667    3185    
CTRIA3  9224    3       3567    4504    4503    
CTRIA3  9225    3       4508    4595    3606    
CTRIA3  9226    3       4473    4634    3491    
CTRIA3  9227    3       2990    4448    4371    
CTRIA3  9228    3       4207    4581    3338    
CTRIA3  9229    3       4112    4629    4264    
CTRIA3  9230    3       2910    4521    4264    
CTRIA3  9231    3       4272    4532    4271    
CTRIA3  9232    3       4354    4563    220     
CTRIA3  9233    3       149     4564    4355    
CTRIA3  9234    3       4401    4459    3444    
CTRIA3  9235    3       4452    4493    4001    
CTRIA3  9236    3       4591    4625    3517    
CTRIA3  9237    3       3420    4636    4350    
CTRIA3  9238    3       4449    4528    3063    
CTRIA3  9239    3       4362    4499    3653    
CTRIA3  9240    3       3014    4651    4305    
CTRIA3  9241    3       3606    4595    4379    
CTRIA3  9242    3       4431    4459    3754    
CTRIA3  9243    3       3609    4540    4469    
CTRIA3  9244    3       4295    4506    2632    
CTRIA3  9245    3       3160    4672    4479    
CTRIA3  9246    3       4529    4612    3467    
CTRIA3  9247    3       3302    4554    4391    
CTRIA3  9248    3       3706    4522    4359    
CTRIA3  9249    3       4480    4505    4286    
CTRIA3  9250    3       2632    4506    4296    
CTRIA3  9251    3       4390    4583    2916    
CTRIA3  9252    3       4394    4618    2669    
CTRIA3  9253    3       3523    4545    4519    
CTRIA3  9254    3       3135    4598    4348    
CTRIA3  9255    3       3774    4625    4591    
CTRIA3  9256    3       4466    4588    2618    
CTRIA3  9257    3       4408    4642    3064    
CTRIA3  9258    3       3183    4558    4410    
CTRIA3  9259    3       3687    4642    4408    
CTRIA3  9260    3       4334    4669    4017    
CTRIA3  9261    3       3161    4639    4314    
CTRIA3  9262    3       4628    4641    3684    
CTRIA3  9263    3       4316    4541    2630    
CTRIA3  9264    3       4551    4667    4122    
CTRIA3  9265    3       4505    4569    4193    
CTRIA3  9266    3       4264    4629    4263    
CTRIA3  9267    3       3195    4617    3196    
CTRIA3  9268    3       4296    4521    2910    
CTRIA3  9269    3       4330    4621    3396    
CTRIA3  9270    3       4555    4673    3295    
CTRIA3  9271    3       4390    4468    3496    
CTRIA3  9272    3       2647    4566    2627    
CTRIA3  9273    3       2625    4567    2646    
CTRIA3  9274    3       4544    4545    3710    
CTRIA3  9275    3       3064    4642    3077    
CTRIA3  9276    3       3517    4625    4199    
CTRIA3  9277    3       4330    4672    3561    
CTRIA3  9278    3       4568    4634    3485    
CTRIA3  9279    3       2941    4666    2939    
CTRIA3  9280    3       4294    4632    4295    
CTRIA3  9281    3       3396    4538    4330    
CTRIA3  9282    3       4361    4528    3687    
CTRIA3  9283    3       3478    4636    4332    
CTRIA3  9284    3       2671    4625    3774    
CTRIA3  9285    3       4514    4636    3478    
CTRIA3  9286    3       3063    4528    4361    
CTRIA3  9287    3       4467    4638    2909    
CTRIA3  9288    3       3593    4620    4447    
CTRIA3  9289    3       219     4563    4475    
CTRIA3  9290    3       4476    4564    185     
CTRIA3  9291    3       4271    4532    3327    
CTRIA3  9292    3       4433    4671    3568    
CTRIA3  9293    3       4308    4566    4471    
CTRIA3  9294    3       4470    4567    4307    
CTRIA3  9295    3       4519    4545    3608    
CTRIA3  9296    3       4333    4635    3578    
CTRIA3  9297    3       2943    4640    2941    
CTRIA3  9298    3       3327    4532    4470    
CTRIA3  9299    3       4457    4662    2890    
CTRIA3  9300    3       4447    4620    3596    
CTRIA3  9301    3       4511    4656    4400    
CTRIA3  9302    3       4350    4636    4514    
CTRIA3  9303    3       2948    4596    4352    
CTRIA3  9304    3       3790    4572    4501    
CTRIA3  9305    3       3596    4586    4447    
CTRIA3  9306    3       4587    4639    3161    
CTRIA3  9307    3       4307    4567    2625    
CTRIA3  9308    3       2627    4566    4308    
CTRIA3  9309    3       2916    4583    4311    
CTRIA3  9310    3       14      4650    4217    
CTRIA3  9311    3       4519    4590    3523    
CTRIA3  9312    3       4263    4629    2641    
CTRIA3  9313    3       4258    4632    4294    
CTRIA3  9314    3       4479    4538    3560    
CTRIA3  9315    3       4501    4624    3137    
CTRIA3  9316    3       4472    4621    3562    
CTRIA3  9317    3       4506    4521    4296    
CTRIA3  9318    3       2909    4638    4297    
CTRIA3  9319    3       4217    4648    2640    
CTRIA3  9320    3       3516    4634    4568    
CTRIA3  9321    3       4470    4532    3545    
CTRIA3  9322    3       4217    4650    3536    
CTRIA3  9323    3       3683    4639    4587    
CTRIA3  9324    3       4597    4607    3010    
CTRIA3  9325    3       4255    4643    2636    
CTRIA3  9326    3       3701    4612    4529    
CTRIA3  9327    3       2917    4628    4281    
CTRIA3  9328    3       4518    4626    3772    
CTRIA3  9329    3       2636    4643    4468    
CTRIA3  9330    3       4526    4653    3712    
CTRIA3  9331    3       3702    4607    4597    
CTRIA3  9332    3       3250    4660    4442    
CTRIA3  9333    3       4538    4637    3560    
CTRIA3  9334    3       3567    4663    4504    
CTRIA3  9335    3       4039    4521    4506    
CTRIA3  9336    3       3608    4545    4544    
CTRIA3  9337    3       4577    4661    4119    
CTRIA3  9338    3       3756    4621    4472    
CTRIA3  9339    3       4640    4666    2941    
CTRIA3  9340    3       4535    4661    3550    
CTRIA3  9341    3       4468    4643    4120    
CTRIA3  9342    3       4550    4663    3567    
CTRIA3  9343    3       3092    4663    4550    
CTRIA3  9344    3       3730    4666    4640    
ENDDATA
