$MeshFormat
4.1 0 8
$EndMeshFormat
$PhysicalNames
4
1 4 "Outer_Air_Boundary"
2 1 "core"
2 2 "magnet"
2 3 "air"
$EndPhysicalNames
$Entities
14 15 3 0
3 0.06 0.02 0 0 
4 0.03999999999999999 0.02 0 0 
5 0.02 0.02 0 0 
6 0.02 0.03999999999999999 0 0 
7 0.03999999999999999 0.03999999999999999 0 0 
8 0.06 0.03999999999999999 0 0 
9 -0.06 -0.06 0 0 
10 0.12 -0.06 0 0 
11 -0.06 0.12 0 0 
12 0.12 0.12 0 0 
13 0 0 0 0 
14 0.06 0 0 0 
15 0.06 0.06 0 0 
16 0 0.06 0 0 
3 0.03999989999999999 0.0199999 -1e-07 0.0600001 0.0200001 1e-07 0 2 3 -4 
4 0.0199999 0.0199999 -1e-07 0.0400001 0.0200001 1e-07 0 2 4 -5 
5 0.0199999 0.0199999 -1e-07 0.0200001 0.0400001 1e-07 0 2 5 -6 
6 0.0199999 0.03999989999999999 -1e-07 0.0400001 0.0400001 1e-07 0 2 6 -7 
7 0.03999989999999999 0.03999989999999999 -1e-07 0.0600001 0.0400001 1e-07 0 2 7 -8 
8 -0.0600001 -0.0600001 -1e-07 0.1200001 -0.05999989999999999 1e-07 1 4 2 9 -10 
9 -0.0600001 -0.0600001 -1e-07 -0.05999989999999999 0.1200001 1e-07 1 4 2 11 -9 
10 0.1199999 -0.0600001 -1e-07 0.1200001 0.1200001 1e-07 1 4 2 10 -12 
11 -0.0600001 0.1199999 -1e-07 0.1200001 0.1200001 1e-07 1 4 2 12 -11 
12 -9.999999999940612e-08 -1e-07 -1e-07 0.0600001 1e-07 1e-07 0 2 13 -14 
13 0.05999989999999999 -9.999999999940612e-08 -1e-07 0.0600001 0.0200001 1e-07 0 2 14 -3 
14 0.05999989999999999 0.0199999 -1e-07 0.0600001 0.0400001 1e-07 0 2 3 -8 
15 0.05999989999999999 0.03999989999999999 -1e-07 0.0600001 0.0600001 1e-07 0 2 8 -15 
16 -9.999999999940612e-08 0.05999989999999999 -1e-07 0.0600001 0.0600001 1e-07 0 2 15 -16 
17 -1e-07 -9.999999999940612e-08 -1e-07 1e-07 0.0600001 1e-07 0 2 16 -13 
1 -9.999999999940612e-08 -9.999999999940612e-08 -1e-07 0.0600001 0.0600001 1e-07 1 1 10 12 13 3 4 5 6 7 15 16 17 
2 0.0199999 0.0199999 -1e-07 0.0600001 0.0400001 1e-07 1 2 6 3 4 5 6 7 -14 
3 -0.0600001 -0.0600001 -1e-07 0.1200001 0.1200001 1e-07 1 3 10 8 10 11 9 -12 -17 -16 -15 -14 -13 
$EndEntities
$Nodes
32 4673 1 4673
0 3 0 1
1
0.06 0.02 0
0 4 0 1
2
0.03999999999999999 0.02 0
0 5 0 1
3
0.02 0.02 0
0 6 0 1
4
0.02 0.03999999999999999 0
0 7 0 1
5
0.03999999999999999 0.03999999999999999 0
0 8 0 1
6
0.06 0.03999999999999999 0
0 9 0 1
7
-0.06 -0.06 0
0 10 0 1
8
0.12 -0.06 0
0 11 0 1
9
-0.06 0.12 0
0 12 0 1
10
0.12 0.12 0
0 13 0 1
11
0 0 0
0 14 0 1
12
0.06 0 0
0 15 0 1
13
0.06 0.06 0
0 16 0 1
14
0 0.06 0
1 3 0 18
15
16
17
18
19
20
21
22
23
24
25
26
27
28
29
30
31
32
0.05950397514213186 0.02 0
0.05900795028426371 0.02 0
0.05851192542639557 0.02 0
0.05801590056852743 0.02 0
0.05751987571065929 0.02 0
0.05702385085279114 0.02 0
0.05652782599492299 0.02 0
0.05603180113705485 0.02 0
0.05549639674218442 0.02 0
0.05486090612962165 0.02 0
0.05410637367742512 0.02 0
0.05321050022139314 0.02 0
0.05214680925925904 0.02 0
0.05088386505577071 0.02 0
0.04938434260883024 0.02 0
0.04760392563047998 0.02 0
0.04548999633412015 0.02 0
0.04298008018074386 0.02 0
1 4 0 18
33
34
35
36
37
38
39
40
41
42
43
44
45
46
47
48
49
50
0.03701991981925622 0.02 0
0.03451000366587984 0.02 0
0.03239607436952003 0.02 0
0.03061565739116977 0.02 0
0.02911613494422928 0.02 0
0.02785319074074095 0.02 0
0.02678949977860685 0.02 0
0.02589362632257485 0.02 0
0.02513909387037833 0.02 0
0.02450360325781559 0.02 0
0.02396819886294515 0.02 0
0.02347217400507701 0.02 0
0.02297614914720886 0.02 0
0.02248012428934072 0.02 0
0.02198409943147258 0.02 0
0.02148807457360443 0.02 0
0.02099204971573629 0.02 0
0.02049602485786814 0.02 0
1 5 0 28
51
52
53
54
55
56
57
58
59
60
61
62
63
64
65
66
67
68
69
70
71
72
73
74
75
76
77
78
0.02 0.02049978684486003 0
0.02 0.02099957368972006 0
0.02 0.02149936053458009 0
0.02 0.02199914737944012 0
0.02 0.02249893422430015 0
0.02 0.02299872106916018 0
0.02 0.02349850791402021 0
0.02 0.02399829475888024 0
0.02 0.02454359726780042 0
0.02 0.02519189035692164 0
0.02 0.02596262653049462 0
0.02 0.02687893139077979 0
0.02 0.02796829855325851 0
0.02 0.02926341439698757 0
0.02 0.03073658560301234 0
0.02 0.03203170144674141 0
0.02 0.03312106860922015 0
0.02 0.03403737346950535 0
0.02 0.0348081096430783 0
0.02 0.03545640273219956 0
0.02 0.03600170524111976 0
0.02 0.03650149208597979 0
0.02 0.03700127893083981 0
0.02 0.03750106577569984 0
0.02 0.03800085262055988 0
0.02 0.0385006394654199 0
0.02 0.03900042631027993 0
0.02 0.03950021315513996 0
1 6 0 18
79
80
81
82
83
84
85
86
87
88
89
90
91
92
93
94
95
96
0.02049602485786814 0.03999999999999999 0
0.02099204971573628 0.03999999999999999 0
0.02148807457360443 0.03999999999999999 0
0.02198409943147257 0.03999999999999999 0
0.02248012428934071 0.03999999999999999 0
0.02297614914720885 0.03999999999999999 0
0.023472174005077 0.03999999999999999 0
0.02396819886294514 0.03999999999999999 0
0.02450360325781558 0.03999999999999999 0
0.02513909387037834 0.03999999999999999 0
0.02589362632257487 0.03999999999999999 0
0.02678949977860685 0.03999999999999999 0
0.02785319074074095 0.03999999999999999 0
0.02911613494422927 0.03999999999999999 0
0.03061565739116974 0.03999999999999999 0
0.03239607436951998 0.03999999999999999 0
0.03451000366587983 0.03999999999999999 0
0.03701991981925613 0.03999999999999999 0
1 7 0 18
97
98
99
100
101
102
103
104
105
106
107
108
109
110
111
112
113
114
0.04298008018074377 0.03999999999999999 0
0.04548999633412015 0.03999999999999999 0
0.04760392563047996 0.03999999999999999 0
0.04938434260883022 0.03999999999999999 0
0.05088386505577071 0.03999999999999999 0
0.05214680925925904 0.03999999999999999 0
0.05321050022139314 0.03999999999999999 0
0.05410637367742514 0.03999999999999999 0
0.05486090612962166 0.03999999999999999 0
0.05549639674218441 0.03999999999999999 0
0.05603180113705485 0.03999999999999999 0
0.05652782599492299 0.03999999999999999 0
0.05702385085279114 0.03999999999999999 0
0.05751987571065928 0.03999999999999999 0
0.05801590056852743 0.03999999999999999 0
0.05851192542639556 0.03999999999999999 0
0.05900795028426371 0.03999999999999999 0
0.05950397514213186 0.03999999999999999 0
1 8 0 35
115
116
117
118
119
120
121
122
123
124
125
126
127
128
129
130
131
132
133
134
135
136
137
138
139
140
141
142
143
144
145
146
147
148
149
-0.05499999999999999 -0.06 0
-0.04999999999999999 -0.06 0
-0.04499999999999998 -0.06 0
-0.03999999999999998 -0.06 0
-0.03499999999999998 -0.06 0
-0.02999999999999997 -0.06 0
-0.02499999999999997 -0.06 0
-0.01999999999999997 -0.06 0
-0.01499999999999997 -0.06 0
-0.009999999999999974 -0.06 0
-0.004999999999999977 -0.06 0
1.387778780781446e-17 -0.06 0
0.005000000000000004 -0.06 0
0.01000000000000001 -0.06 0
0.01500000000000001 -0.06 0
0.02000000000000002 -0.06 0
0.02500000000000001 -0.06 0
0.03 -0.06 0
0.035 -0.06 0
0.03999999999999999 -0.06 0
0.04499999999999998 -0.06 0
0.04999999999999999 -0.06 0
0.05499999999999998 -0.06 0
0.05999999999999997 -0.06 0
0.06499999999999997 -0.06 0
0.06999999999999998 -0.06 0
0.07499999999999998 -0.06 0
0.07999999999999996 -0.06 0
0.08499999999999996 -0.06 0
0.08999999999999997 -0.06 0
0.09499999999999997 -0.06 0
0.09999999999999998 -0.06 0
0.105 -0.06 0
0.11 -0.06 0
0.115 -0.06 0
1 9 0 35
150
151
152
153
154
155
156
157
158
159
160
161
162
163
164
165
166
167
168
169
170
171
172
173
174
175
176
177
178
179
180
181
182
183
184
-0.06 0.115 0
-0.06 0.11 0
-0.06 0.105 0
-0.06 0.09999999999999998 0
-0.06 0.09499999999999997 0
-0.06 0.08999999999999997 0
-0.06 0.08499999999999996 0
-0.06 0.07999999999999996 0
-0.06 0.07499999999999997 0
-0.06 0.06999999999999998 0
-0.06 0.06499999999999997 0
-0.06 0.05999999999999998 0
-0.06 0.05499999999999999 0
-0.06 0.04999999999999999 0
-0.06 0.04499999999999998 0
-0.06 0.03999999999999998 0
-0.06 0.03499999999999999 0
-0.06 0.03 0
-0.06 0.02499999999999999 0
-0.06 0.02 0
-0.06 0.01500000000000001 0
-0.06 0.01000000000000001 0
-0.06 0.005000000000000018 0
-0.06 2.775557561562891e-17 0
-0.06 -0.004999999999999977 0
-0.06 -0.009999999999999981 0
-0.06 -0.01499999999999999 0
-0.06 -0.01999999999999996 0
-0.06 -0.02499999999999997 0
-0.06 -0.02999999999999997 0
-0.06 -0.03499999999999998 0
-0.06 -0.03999999999999998 0
-0.06 -0.04499999999999998 0
-0.06 -0.04999999999999999 0
-0.06 -0.05499999999999997 0
1 10 0 35
185
186
187
188
189
190
191
192
193
194
195
196
197
198
199
200
201
202
203
204
205
206
207
208
209
210
211
212
213
214
215
216
217
218
219
0.12 -0.05499999999999999 0
0.12 -0.04999999999999999 0
0.12 -0.04499999999999998 0
0.12 -0.03999999999999998 0
0.12 -0.03499999999999998 0
0.12 -0.02999999999999997 0
0.12 -0.02499999999999997 0
0.12 -0.01999999999999997 0
0.12 -0.01499999999999997 0
0.12 -0.009999999999999974 0
0.12 -0.004999999999999977 0
0.12 1.387778780781446e-17 0
0.12 0.005000000000000004 0
0.12 0.01000000000000001 0
0.12 0.01500000000000001 0
0.12 0.02000000000000002 0
0.12 0.02500000000000001 0
0.12 0.03 0
0.12 0.035 0
0.12 0.03999999999999999 0
0.12 0.04499999999999998 0
0.12 0.04999999999999999 0
0.12 0.05499999999999998 0
0.12 0.05999999999999997 0
0.12 0.06499999999999997 0
0.12 0.06999999999999998 0
0.12 0.07499999999999998 0
0.12 0.07999999999999996 0
0.12 0.08499999999999996 0
0.12 0.08999999999999997 0
0.12 0.09499999999999997 0
0.12 0.09999999999999998 0
0.12 0.105 0
0.12 0.11 0
0.12 0.115 0
1 11 0 35
220
221
222
223
224
225
226
227
228
229
230
231
232
233
234
235
236
237
238
239
240
241
242
243
244
245
246
247
248
249
250
251
252
253
254
0.115 0.12 0
0.11 0.12 0
0.105 0.12 0
0.09999999999999998 0.12 0
0.09499999999999997 0.12 0
0.08999999999999997 0.12 0
0.08499999999999996 0.12 0
0.07999999999999996 0.12 0
0.07499999999999997 0.12 0
0.06999999999999998 0.12 0
0.06499999999999997 0.12 0
0.05999999999999998 0.12 0
0.05499999999999999 0.12 0
0.04999999999999999 0.12 0
0.04499999999999998 0.12 0
0.03999999999999998 0.12 0
0.03499999999999999 0.12 0
0.03 0.12 0
0.02499999999999999 0.12 0
0.02 0.12 0
0.01500000000000001 0.12 0
0.01000000000000001 0.12 0
0.005000000000000018 0.12 0
2.775557561562891e-17 0.12 0
-0.004999999999999977 0.12 0
-0.009999999999999981 0.12 0
-0.01499999999999999 0.12 0
-0.01999999999999996 0.12 0
-0.02499999999999997 0.12 0
-0.02999999999999997 0.12 0
-0.03499999999999998 0.12 0
-0.03999999999999998 0.12 0
-0.04499999999999998 0.12 0
-0.04999999999999999 0.12 0
-0.05499999999999997 0.12 0
1 12 0 16
255
256
257
258
259
260
261
262
263
264
265
266
267
268
269
270
0.004208289340293343 0 0
0.008011191428053774 0 0
0.01150761648929803 0 0
0.01478773553152116 0 0
0.01793545835414264 0 0
0.02103082195773778 0 0
0.02415232226381247 0 0
0.02737922539446862 0 0
0.03079388914317377 0 0
0.03448412511845989 0 0
0.0385456480985392 0 0
0.04285575769610358 0 0
0.04678228975339255 0 0
0.05037047603811897 0 0
0.0537131148097508 0 0
0.05689593367337516 0 0
1 13 0 18
271
272
273
274
275
276
277
278
279
280
281
282
283
284
285
286
287
288
0.06 0.002980080180743778 0
0.06 0.005489996334120152 0
0.06 0.007603925630479963 0
0.06 0.009384342608830224 0
0.06 0.01088386505577071 0
0.06 0.01214680925925905 0
0.06 0.01321050022139315 0
0.06 0.01410637367742515 0
0.06 0.01486090612962166 0
0.06 0.01549639674218441 0
0.06 0.01603180113705486 0
0.06 0.016527825994923 0
0.06 0.01702385085279114 0
0.06 0.01751987571065929 0
0.06 0.01801590056852743 0
0.06 0.01851192542639557 0
0.06 0.01900795028426371 0
0.06 0.01950397514213186 0
1 14 0 28
289
290
291
292
293
294
295
296
297
298
299
300
301
302
303
304
305
306
307
308
309
310
311
312
313
314
315
316
0.06 0.02049978684486003 0
0.06 0.02099957368972006 0
0.06 0.02149936053458009 0
0.06 0.02199914737944012 0
0.06 0.02249893422430015 0
0.06 0.02299872106916018 0
0.06 0.02349850791402021 0
0.06 0.02399829475888024 0
0.06 0.02454359726780042 0
0.06 0.02519189035692164 0
0.06 0.02596262653049462 0
0.06 0.02687893139077979 0
0.06 0.02796829855325851 0
0.06 0.02926341439698757 0
0.06 0.03073658560301234 0
0.06 0.03203170144674141 0
0.06 0.03312106860922015 0
0.06 0.03403737346950535 0
0.06 0.0348081096430783 0
0.06 0.03545640273219956 0
0.06 0.03600170524111976 0
0.06 0.03650149208597979 0
0.06 0.03700127893083981 0
0.06 0.03750106577569984 0
0.06 0.03800085262055988 0
0.06 0.0385006394654199 0
0.06 0.03900042631027993 0
0.06 0.03950021315513996 0
1 15 0 18
317
318
319
320
321
322
323
324
325
326
327
328
329
330
331
332
333
334
0.06 0.04049602485786814 0
0.06 0.04099204971573628 0
0.06 0.04148807457360442 0
0.06 0.04198409943147256 0
0.06 0.04248012428934071 0
0.06 0.04297614914720885 0
0.06 0.043472174005077 0
0.06 0.04396819886294514 0
0.06 0.04450360325781557 0
0.06 0.04513909387037834 0
0.06 0.04589362632257487 0
0.06 0.04678949977860685 0
0.06 0.04785319074074095 0
0.06 0.04911613494422928 0
0.06 0.05061565739116975 0
0.06 0.05239607436952001 0
0.06 0.05451000366587985 0
0.06 0.05701991981925613 0
1 16 0 16
335
336
337
338
339
340
341
342
343
344
345
346
347
348
349
350
0.05689593367337516 0.06 0
0.05371311480975082 0.06 0
0.05037047603811903 0.06 0
0.04678228975339262 0.06 0
0.04285575769610371 0.06 0
0.03854564809853923 0.06 0
0.03448412511845993 0.06 0
0.03079388914317379 0.06 0
0.02737922539446864 0.06 0
0.0241523222638125 0.06 0
0.02103082195773783 0.06 0
0.01793545835414267 0.06 0
0.01478773553152123 0.06 0
0.01150761648929809 0.06 0
0.008011191428053829 0.06 0
0.004208289340293422 0.06 0
1 17 0 16
351
352
353
354
355
356
357
358
359
360
361
362
363
364
365
366
0 0.05566353285665321 0
0 0.05175547697548265 0
0 0.04816755751462218 0
0 0.04480124646439538 0
0 0.04156485465447182 0
0 0.03837074695606947 0
0 0.03513261440749516 0
0 0.03176276720228259 0
0 0.02823723279771728 0
0 0.02486738559250476 0
0 0.02162925304393046 0
0 0.01843514534552809 0
0 0.01519875353560454 0
0 0.01183244248537774 0
0 0.008244523024517239 0
0 0.004336467143346685 0
2 1 0 1576
367
368
369
370
371
372
373
374
375
376
377
378
379
380
381
382
383
384
385
386
387
388
389
390
391
392
393
394
395
396
397
398
399
400
401
402
403
404
405
406
407
408
409
410
411
412
413
414
415
416
417
418
419
420
421
422
423
424
425
426
427
428
429
430
431
432
433
434
435
436
437
438
439
440
441
442
443
444
445
446
447
448
449
450
451
452
453
454
455
456
457
458
459
460
461
462
463
464
465
466
467
468
469
470
471
472
473
474
475
476
477
478
479
480
481
482
483
484
485
486
487
488
489
490
491
492
493
494
495
496
497
498
499
500
501
502
503
504
505
506
507
508
509
510
511
512
513
514
515
516
517
518
519
520
521
522
523
524
525
526
527
528
529
530
531
532
533
534
535
536
537
538
539
540
541
542
543
544
545
546
547
548
549
550
551
552
553
554
555
556
557
558
559
560
561
562
563
564
565
566
567
568
569
570
571
572
573
574
575
576
577
578
579
580
581
582
583
584
585
586
587
588
589
590
591
592
593
594
595
596
597
598
599
600
601
602
603
604
605
606
607
608
609
610
611
612
613
614
615
616
617
618
619
620
621
622
623
624
625
626
627
628
629
630
631
632
633
634
635
636
637
638
639
640
641
642
643
644
645
646
647
648
649
650
651
652
653
654
655
656
657
658
659
660
661
662
663
664
665
666
667
668
669
670
671
672
673
674
675
676
677
678
679
680
681
682
683
684
685
686
687
688
689
690
691
692
693
694
695
696
697
698
699
700
701
702
703
704
705
706
707
708
709
710
711
712
713
714
715
716
717
718
719
720
721
722
723
724
725
726
727
728
729
730
731
732
733
734
735
736
737
738
739
740
741
742
743
744
745
746
747
748
749
750
751
752
753
754
755
756
757
758
759
760
761
762
763
764
765
766
767
768
769
770
771
772
773
774
775
776
777
778
779
780
781
782
783
784
785
786
787
788
789
790
791
792
793
794
795
796
797
798
799
800
801
802
803
804
805
806
807
808
809
810
811
812
813
814
815
816
817
818
819
820
821
822
823
824
825
826
827
828
829
830
831
832
833
834
835
836
837
838
839
840
841
842
843
844
845
846
847
848
849
850
851
852
853
854
855
856
857
858
859
860
861
862
863
864
865
866
867
868
869
870
871
872
873
874
875
876
877
878
879
880
881
882
883
884
885
886
887
888
889
890
891
892
893
894
895
896
897
898
899
900
901
902
903
904
905
906
907
908
909
910
911
912
913
914
915
916
917
918
919
920
921
922
923
924
925
926
927
928
929
930
931
932
933
934
935
936
937
938
939
940
941
942
943
944
945
946
947
948
949
950
951
952
953
954
955
956
957
958
959
960
961
962
963
964
965
966
967
968
969
970
971
972
973
974
975
976
977
978
979
980
981
982
983
984
985
986
987
988
989
990
991
992
993
994
995
996
997
998
999
1000
1001
1002
1003
1004
1005
1006
1007
1008
1009
1010
1011
1012
1013
1014
1015
1016
1017
1018
1019
1020
1021
1022
1023
1024
1025
1026
1027
1028
1029
1030
1031
1032
1033
1034
1035
1036
1037
1038
1039
1040
1041
1042
1043
1044
1045
1046
1047
1048
1049
1050
1051
1052
1053
1054
1055
1056
1057
1058
1059
1060
1061
1062
1063
1064
1065
1066
1067
1068
1069
1070
1071
1072
1073
1074
1075
1076
1077
1078
1079
1080
1081
1082
1083
1084
1085
1086
1087
1088
1089
1090
1091
1092
1093
1094
1095
1096
1097
1098
1099
1100
1101
1102
1103
1104
1105
1106
1107
1108
1109
1110
1111
1112
1113
1114
1115
1116
1117
1118
1119
1120
1121
1122
1123
1124
1125
1126
1127
1128
1129
1130
1131
1132
1133
1134
1135
1136
1137
1138
1139
1140
1141
1142
1143
1144
1145
1146
1147
1148
1149
1150
1151
1152
1153
1154
1155
1156
1157
1158
1159
1160
1161
1162
1163
1164
1165
1166
1167
1168
1169
1170
1171
1172
1173
1174
1175
1176
1177
1178
1179
1180
1181
1182
1183
1184
1185
1186
1187
1188
1189
1190
1191
1192
1193
1194
1195
1196
1197
1198
1199
1200
1201
1202
1203
1204
1205
1206
1207
1208
1209
1210
1211
1212
1213
1214
1215
1216
1217
1218
1219
1220
1221
1222
1223
1224
1225
1226
1227
1228
1229
1230
1231
1232
1233
1234
1235
1236
1237
1238
1239
1240
1241
1242
1243
1244
1245
1246
1247
1248
1249
1250
1251
1252
1253
1254
1255
1256
1257
1258
1259
1260
1261
1262
1263
1264
1265
1266
1267
1268
1269
1270
1271
1272
1273
1274
1275
1276
1277
1278
1279
1280
1281
1282
1283
1284
1285
1286
1287
1288
1289
1290
1291
1292
1293
1294
1295
1296
1297
1298
1299
1300
1301
1302
1303
1304
1305
1306
1307
1308
1309
1310
1311
1312
1313
1314
1315
1316
1317
1318
1319
1320
1321
1322
1323
1324
1325
1326
1327
1328
1329
1330
1331
1332
1333
1334
1335
1336
1337
1338
1339
1340
1341
1342
1343
1344
1345
1346
1347
1348
1349
1350
1351
1352
1353
1354
1355
1356
1357
1358
1359
1360
1361
1362
1363
1364
1365
1366
1367
1368
1369
1370
1371
1372
1373
1374
1375
1376
1377
1378
1379
1380
1381
1382
1383
1384
1385
1386
1387
1388
1389
1390
1391
1392
1393
1394
1395
1396
1397
1398
1399
1400
1401
1402
1403
1404
1405
1406
1407
1408
1409
1410
1411
1412
1413
1414
1415
1416
1417
1418
1419
1420
1421
1422
1423
1424
1425
1426
1427
1428
1429
1430
1431
1432
1433
1434
1435
1436
1437
1438
1439
1440
1441
1442
1443
1444
1445
1446
1447
1448
1449
1450
1451
1452
1453
1454
1455
1456
1457
1458
1459
1460
1461
1462
1463
1464
1465
1466
1467
1468
1469
1470
1471
1472
1473
1474
1475
1476
1477
1478
1479
1480
1481
1482
1483
1484
1485
1486
1487
1488
1489
1490
1491
1492
1493
1494
1495
1496
1497
1498
1499
1500
1501
1502
1503
1504
1505
1506
1507
1508
1509
1510
1511
1512
1513
1514
1515
1516
1517
1518
1519
1520
1521
1522
1523
1524
1525
1526
1527
1528
1529
1530
1531
1532
1533
1534
1535
1536
1537
1538
1539
1540
1541
1542
1543
1544
1545
1546
1547
1548
1549
1550
1551
1552
1553
1554
1555
1556
1557
1558
1559
1560
1561
1562
1563
1564
1565
1566
1567
1568
1569
1570
1571
1572
1573
1574
1575
1576
1577
1578
1579
1580
1581
1582
1583
1584
1585
1586
1587
1588
1589
1590
1591
1592
1593
1594
1595
1596
1597
1598
1599
1600
1601
1602
1603
1604
1605
1606
1607
1608
1609
1610
1611
1612
1613
1614
1615
1616
1617
1618
1619
1620
1621
1622
1623
1624
1625
1626
1627
1628
1629
1630
1631
1632
1633
1634
1635
1636
1637
1638
1639
1640
1641
1642
1643
1644
1645
1646
1647
1648
1649
1650
1651
1652
1653
1654
1655
1656
1657
1658
1659
1660
1661
1662
1663
1664
1665
1666
1667
1668
1669
1670
1671
1672
1673
1674
1675
1676
1677
1678
1679
1680
1681
1682
1683
1684
1685
1686
1687
1688
1689
1690
1691
1692
1693
1694
1695
1696
1697
1698
1699
1700
1701
1702
1703
1704
1705
1706
1707
1708
1709
1710
1711
1712
1713
1714
1715
1716
1717
1718
1719
1720
1721
1722
1723
1724
1725
1726
1727
1728
1729
1730
1731
1732
1733
1734
1735
1736
1737
1738
1739
1740
1741
1742
1743
1744
1745
1746
1747
1748
1749
1750
1751
1752
1753
1754
1755
1756
1757
1758
1759
1760
1761
1762
1763
1764
1765
1766
1767
1768
1769
1770
1771
1772
1773
1774
1775
1776
1777
1778
1779
1780
1781
1782
1783
1784
1785
1786
1787
1788
1789
1790
1791
1792
1793
1794
1795
1796
1797
1798
1799
1800
1801
1802
1803
1804
1805
1806
1807
1808
1809
1810
1811
1812
1813
1814
1815
1816
1817
1818
1819
1820
1821
1822
1823
1824
1825
1826
1827
1828
1829
1830
1831
1832
1833
1834
1835
1836
1837
1838
1839
1840
1841
1842
1843
1844
1845
1846
1847
1848
1849
1850
1851
1852
1853
1854
1855
1856
1857
1858
1859
1860
1861
1862
1863
1864
1865
1866
1867
1868
1869
1870
1871
1872
1873
1874
1875
1876
1877
1878
1879
1880
1881
1882
1883
1884
1885
1886
1887
1888
1889
1890
1891
1892
1893
1894
1895
1896
1897
1898
1899
1900
1901
1902
1903
1904
1905
1906
1907
1908
1909
1910
1911
1912
1913
1914
1915
1916
1917
1918
1919
1920
1921
1922
1923
1924
1925
1926
1927
1928
1929
1930
1931
1932
1933
1934
1935
1936
1937
1938
1939
1940
1941
1942
0.05941970165087986 0.0448328167317471 0
0.05517042389679606 0.01949332865780553 0
0.05257772971452738 0.04087056821082852 0
0.05916347552356225 0.01268968435638856 0
0.0222295610740259 0.01953628937510417 0
0.02482922255317782 0.01949613194716876 0
0.02215572307484494 0.0403986024014974 0
0.02484964708879771 0.04051380585754674 0
0.05014781749082514 0.01894972981764433 0
0.05873656423797865 0.04999394738281451 0
0.0195550030490889 0.03716927382763938 0
0.01928185643320639 0.03443982671818983 0
0.01956717189587394 0.03925031973270995 0
0.01951753409064513 0.0227728881515488 0
0.01939436632629757 0.02558346683117645 0
0.01958560373078003 0.02077430636257302 0
0.01901185315836941 0.0314087415815246 0
0.02734929382732939 0.04087051962074086 0
0.0273213452596739 0.01915148371675805 0
0.05575939962787549 0.04038261866255939 0
0.05957554117713244 0.01576480840978926 0
0.02081824690173143 0.0404587424147832 0
0.02075757972258132 0.0195934348292691 0
0.05960285305886937 0.04273260210295474 0
0.05727186328172521 0.01957042987217762 0
0.01313433532454972 0.05696483766894139 0
0.01283128972529768 0.002867820208851235 0
0.05728414821832387 0.04039216482018933 0
0.05957042987217762 0.01727186328172521 0
0.03158613831479545 0.04144013394270733 0
0.03148155565424362 0.01874531020903721 0
0.002461745314624661 0.01664854049530401 0
0.002784487966616789 0.0431830505594336 0
0.04849817680734186 0.04136364026499535 0
0.02284162769375644 0.05723314780720941 0
0.02301145610171554 0.002454521911689656 0
0.00288890112083014 0.02683952591418905 0
0.05865704600672496 0.008539162428405384 0
0.04422980662313936 0.01764707141941759 0
0.04857638289575576 0.003001135283995978 0
0.01894301215223662 0.02862921356496068 0
0.03852335862993279 0.01777481605658288 0
0.04171846525727247 0.04217397996627876 0
0.04831233834306217 0.05673098539167371 0
0.03280703291137534 0.003130578349646411 0
0.03306184686438687 0.05689316267021503 0
0.05929694888408503 0.0462302396763541 0
0.05369153858154044 0.01932541760122327 0
0.05807372838225101 0.05318132475029605 0
0.03554319741469485 0.04180417314595594 0
0.05442859435553786 0.04061696910978066 0
0.05939810235703609 0.0144836399035234 0
0.003003088701387643 0.03357409547151156 0
0.01957094362095985 0.03570865651924691 0
0.01953765972853772 0.0242786721724554 0
0.01952666145642436 0.03826947943998224 0
0.01957216835525489 0.02177371503671918 0
0.05826461235505291 0.01960606985267467 0
0.02332098369305288 0.01961436032648425 0
0.0562798135659889 0.01957042987217762 0
0.05951078272300789 0.04170146145660683 0
0.02325523128956381 0.04040312555079215 0
0.05958109606031486 0.01826267872771686 0
0.0596048334436523 0.04374305811067682 0
0.05826053824800219 0.04041387377924941 0
0.003011270143187209 0.04996151724505241 0
0.003436467860797782 0.01004822128050454 0
0.04070070289732139 0.003458929294594595 0
0.04056001237434913 0.05705796802184234 0
0.05563996611883162 0.002708314197017704 0
0.00632130176968318 0.05750359364842035 0
0.00658797972692423 0.002998161307329307 0
0.05952422457139948 0.0192502625433805 0
0.05955308122833557 0.04076287748352733 0
0.05545768842855957 0.05717988355434248 0
0.002826595516665073 0.03023466600559003 0
0.005533002495665535 0.02841885909544535 0
0.005569497700672575 0.02553405781473053 0
0.007697711840956092 0.02702327628100323 0
0.007775288724782784 0.02463795949204429 0
0.009636821530826969 0.02584052100684837 0
0.009707383346092245 0.02391261768563644 0
0.009682551944413323 0.02810486571728259 0
0.01117431525194662 0.02489175330893162 0
0.01127174940416511 0.02328141632750684 0
0.01256295497739526 0.02405069421687146 0
0.0125569286892514 0.02268695683094697 0
0.01149064370262562 0.0219125213153832 0
0.012654514164791 0.021446729478014 0
0.01171338595321503 0.02069713939246173 0
0.01293998587941595 0.02028805892259472 0
0.01188884952331555 0.01952864766389549 0
0.01294535914452779 0.01915560398874966 0
0.01379270967681643 0.01969669220262331 0
0.01387783262894263 0.01880860836466324 0
0.01310682902549379 0.01815593205669109 0
0.01408862031619877 0.01781659082122102 0
0.01330174490466606 0.01718806181356244 0
0.01422155000723731 0.01679619995010138 0
0.01349026698573254 0.01621720401212843 0
0.01442497344363308 0.01586890760364734 0
0.01246283378239871 0.01657941727920453 0
0.01516689811555849 0.01656447084549 0
0.01533314599355978 0.01562647331688613 0
0.01599732619946735 0.01619484230741366 0
0.01615925162830446 0.01540253507227303 0
0.01671306742492303 0.01591390755251671 0
0.01690738250275452 0.01517438591321743 0
0.01746510832872666 0.01571235840462553 0
0.01657811786505604 0.01666843707642452 0
0.01632682536443977 0.01458554980988811 0
0.01358007806092558 0.01525677820361618 0
0.01710222764644345 0.01438467842685791 0
0.01652568818556676 0.01371544329131608 0
0.01745464976383448 0.01345668458058315 0
0.0136038430457172 0.02328298885118136 0
0.01456576195462163 0.01938642594188691 0
0.016725849344656 0.01270205941437655 0
0.01777317486566386 0.01242418918333281 0
0.01851806939074029 0.01324598498499043 0
0.01884034583311045 0.01216978533025927 0
0.01961172180283075 0.01295647482642229 0
0.01991396080626269 0.01193265463162416 0
0.02064021826356859 0.01274497684210774 0
0.02034171439609003 0.01370556243551191 0
0.02127105734674803 0.01349582955359198 0
0.02166754959701857 0.0125731254638409 0
0.02229454132326335 0.0134011820724028 0
0.02099218367274653 0.01441271389048168 0
0.02272013681746846 0.01237377450051451 0
0.02343087972467705 0.01318938019003161 0
0.02383941875525113 0.01217783687692213 0
0.0245998600570961 0.01307533650727712 0
0.01255588971671071 0.02548737430929176 0
0.0191286758797321 0.01101180655924547 0
0.02307101239887323 0.01121333794271127 0
0.02502902712373132 0.01197210092177816 0
0.02408648047160466 0.01416134370968777 0
0.02527106957554357 0.01401861441858036 0
0.0248547040829555 0.01505722767506033 0
0.0259257585534636 0.01492159933080554 0
0.008209180369560157 0.02267431233653217 0
0.01452173232722812 0.02012373813084473 0
0.01516576564906044 0.01984535641953369 0
0.01512546606070094 0.02051766690559967 0
0.01569053166000962 0.02025663536997949 0
0.01565365129667377 0.02084640505920166 0
0.01615450539595716 0.02060218928162059 0
0.01612379297174613 0.0211351873984493 0
0.01619885739066885 0.02006488781249811 0
0.0165855412973615 0.02090290227888486 0
0.01655721190050386 0.02141395067348842 0
0.01700568359543517 0.02118863267824256 0
0.01697835987818915 0.02168967904240841 0
0.01653028279619526 0.0219168941143533 0
0.01695840095898904 0.02219530566949497 0
0.01650646140121038 0.02241921940809799 0
0.01694176048445172 0.02271482214658789 0
0.01645072210606576 0.02295383336185832 0
0.01692831348053825 0.02327988964222235 0
0.01639744284275148 0.0235207729088559 0
0.01691342135697545 0.02388960441019602 0
0.01631740003742858 0.02419473060986983 0
0.01740279227957009 0.02196575144967178 0
0.01691302332878079 0.0246136146923821 0
0.01621240663769419 0.02495010180530931 0
0.0168959076673792 0.02541667076023263 0
0.01607478098457932 0.02579894240367029 0
0.01523324450134938 0.01921723651210693 0
0.01738942671931033 0.02301184981884354 0
0.02546771649608298 0.01587903218487754 0
0.02455163242819808 0.01601655463692615 0
0.02655708401678831 0.01576453894911157 0
0.02704079369572832 0.01477629173490461 0
0.01609690030812722 0.0221456205305305 0
0.01704101647481595 0.02068347305865754 0
0.01745411326460717 0.02096586380230368 0
0.01748417494134724 0.02046878389751767 0
0.01696944441482049 0.01159869362052779 0
0.01577753731475546 0.01194949171062251 0
0.01600369070320473 0.01061844003198207 0
0.01456167776404616 0.01110888505532742 0
0.02015614363955539 0.01455153647318153 0
0.02066514865491158 0.01512977176358945 0
0.02002858039457785 0.01529004006566741 0
0.02045107062255577 0.01573865006563454 0
0.01990295253647213 0.01588794282969575 0
0.02027388739176448 0.01627309980909675 0
0.01976931453784989 0.01639953043787544 0
0.02079843020826627 0.01616991481926875 0
0.02060984713543525 0.01666169173495258 0
0.02110653391108572 0.01657894902825023 0
0.02092790369194685 0.01704934222754604 0
0.02142080897924832 0.01696986977988394 0
0.02159916931371007 0.01650335423186593 0
0.02191595961908165 0.0168926844287167 0
0.02124207366475179 0.01743732602067934 0
0.0207496805271004 0.01751687378678664 0
0.0220952451117867 0.0164158511807659 0
0.02241557192571204 0.01681276948424851 0
0.02222953466461258 0.01728286093818185 0
0.0227240181228534 0.01721224518183261 0
0.02253869659941031 0.01767592714021407 0
0.02302941419617464 0.0176088903253949 0
0.01512671280971401 0.02116681548549021 0
0.02106362746834189 0.01790451683509402 0
0.02058447370887544 0.01798908438085714 0
0.02509662704137321 0.01686331822592304 0
0.01939718787625504 0.0160521823312743 0
0.01928409167436003 0.016543161498765 0
0.01790104742197999 0.02074475605326564 0
0.01793184608656736 0.02024598689330949 0
0.01751776132507967 0.0199698960084236 0
0.01796319346231144 0.01974701679423605 0
0.01754654225916168 0.0194707266057517 0
0.01799383080442516 0.01924796504686897 0
0.01757706129403366 0.01897166122391332 0
0.01802463952743749 0.01874891701457301 0
0.01844135001683823 0.01902521871612954 0
0.0184655499833514 0.01853628438722508 0
0.0180494769505584 0.01826676777457633 0
0.01888785211885912 0.0188041619426103 0
0.01892040941343219 0.01830673874172841 0
0.01070823846331681 0.01996839801653899 0
0.01586544678697752 0.02314280747128001 0
0.02780050345706481 0.01572539853551108 0
0.02833845854319622 0.01441998977162752 0
0.02262749138562112 0.0163291613825521 0
0.02226620338716652 0.01588630411819528 0
0.01755517169401415 0.02421477368572513 0
0.01496000955881794 0.009519979035828255 0
0.01333955066033046 0.01003734269550664 0
0.01662234074064887 0.009225605089423442 0
0.02284697352924133 0.01807752184671093 0
0.02334627385880263 0.01801560031142215 0
0.02235361915428608 0.01814103350426719 0
0.02023734059619697 0.0175848766670539 0
0.01712940760572765 0.01919440141648381 0
0.01716023584755231 0.01869535337036261 0
0.01837954435117259 0.02002329193371855 0
0.01933660703426047 0.01857973621726845 0
0.01688624304144977 0.02635043895982159 0
0.01591112626079983 0.02678895452217759 0
0.02285441020122823 0.01579101713080174 0
0.01299926363706537 0.01173525153878417 0
0.01167908750333876 0.01057911829357209 0
0.01133345459444059 0.01238927508131969 0
0.009866936411337655 0.01117438003765512 0
0.009482553956632264 0.01301182402183614 0
0.01950124444864233 0.01487614601971806 0
0.0102153686156994 0.009226710013195707 0
0.01891178055510895 0.01620223920657338 0
0.01880546907094438 0.01669119884772683 0
0.01916923771859327 0.01701963217331509 0
0.02350902364723182 0.01750640301371071 0
0.02386116995857318 0.01793140926505699 0
0.01671259976201207 0.01891809434693653 0
0.01674350939408122 0.01841905076920155 0
0.01088484507093716 0.01867894627466011 0
0.009600991276343798 0.01915338320312878 0
0.009807743626884448 0.01765897153178435 0
0.008295853206808847 0.01823180767100298 0
0.01868898964794292 0.01715832272710913 0
0.01832744572315315 0.01683598265522849 0
0.02366470805948734 0.01843010075940186 0
0.02418195726062096 0.01835922925953478 0
0.02088737798658115 0.01837246111554437 0
0.01555961367707863 0.02445971409983385 0
0.02037196894779955 0.01072405425352151 0
0.01939816725849774 0.009649856004886388 0
0.02089860671956653 0.009375994341808441 0
0.01976351304076854 0.008102038706406835 0
0.02147535727443637 0.00773977482308643 0
0.02918618341875809 0.01565915889829083 0
0.02987889683742946 0.01428796700731592 0
0.02895617228679296 0.01295308489725535 0
0.03062501251660663 0.01271840301130453 0
0.02954357816240978 0.01126748722283008 0
0.03148826733203532 0.01093192564054752 0
0.03162922281676842 0.01408190691513404 0
0.03012535718975841 0.009274006780984421 0
0.03244884267108785 0.008828006641052037 0
0.03389104745886289 0.01081551016076348 0
0.01579959598086892 0.01403552827752771 0
0.02266134631118471 0.01854933684088748 0
0.02216874334489946 0.01860696220763686 0
0.0279722097211387 0.009935459748800272 0
0.02870318229374121 0.007611360844147146 0
0.02650059080837042 0.007999459460872622 0
0.01930549819181946 0.01907905988856258 0
0.01974126438529011 0.01887423453912242 0
0.02246135943023408 0.01528669636242954 0
0.01520239745386586 0.0074988237995928 0
0.03500642707832137 0.008482710717922459 0
0.03666865551871124 0.01076148894993958 0
0.02397766940007062 0.01885896902979111 0
0.01684390195028494 0.02740836861209283 0
0.01580366801659062 0.0279652877713375 0
0.0148089097025912 0.02728818456069341 0
0.01456451488796341 0.02858930473689923 0
0.01575118614252292 0.02938240028128737 0
0.01439466081205762 0.03011360580323929 0
0.01566910702555397 0.03096920453625728 0
0.01430429452021465 0.03166182222563812 0
0.0156181118125808 0.03258208297376482 0
0.01433333767731642 0.03311680984075537 0
0.01530694689460532 0.0339183859890717 0
0.01430528128508618 0.03439903602547345 0
0.01526787208576175 0.03519347047514824 0
0.01422308067241674 0.03554228957820262 0
0.01504464862336346 0.03614795797611203 0
0.0141425429617661 0.0365401602868133 0
0.01500407616969148 0.03709775993211906 0
0.01412638998936769 0.03745441320728112 0
0.01491585589128489 0.03802374745542517 0
0.01408348602077609 0.03831866143954257 0
0.01472685302764355 0.03881786084863213 0
0.01400610356626925 0.03912660959257428 0
0.01466056924292094 0.03955105337400933 0
0.01395032020207523 0.03988453570425098 0
0.01329389260517124 0.03856713978181721 0
0.01328474896318682 0.03600029703986925 0
0.01534201338653775 0.03924051479350334 0
0.01526791310279892 0.03990363289730658 0
0.01582455716787003 0.03966171233957362 0
0.01577962561333032 0.04021799708095625 0
0.01626257830697203 0.03998654235875806 0
0.01622728267419678 0.04050661087295215 0
0.01577703504817841 0.04073339545558353 0
0.01633204929024613 0.03946691754364723 0
0.0167551965775703 0.04024575348823787 0
0.01666488203791255 0.04077796181764964 0
0.01710163584690743 0.04056165639911675 0
0.017066647170267 0.04104714832165178 0
0.01752319690456847 0.04082732944527008 0
0.01748749955486408 0.04132058395780555 0
0.0156765002982335 0.0366459056961058 0
0.01794154071206304 0.04110117337563716 0
0.01791154653569687 0.04160834187352563 0
0.01757250242376943 0.04030551792755409 0
0.01293743167854806 0.03263727370654968 0
0.01662415438815851 0.04125612836496471 0
0.01616903846729104 0.03464638957787156 0
0.02027770668295321 0.006340899990637965 0
0.02725468258550395 0.005792820014742593 0
0.01778697602010924 0.02694998540654679 0
0.01937763457551994 0.01808186490784522 0
0.01719115272705263 0.01819631019653718 0
0.01677950515808479 0.01790998081781764 0
0.01631495295319855 0.01814874452525819 0
0.01725000716756411 0.01768525734621281 0
0.008545000064727463 0.01653220199077433 0
0.01787065491348909 0.02124283952388714 0
0.01831776911371764 0.02102110457225474 0
0.018287263873027 0.02151955378186889 0
0.02844002612969889 0.01694162496103921 0
0.007887143516465474 0.01166242099839316 0
0.01362835208299789 0.02765032357243988 0
0.01821497482106774 0.01731743792694313 0
0.01783924137540984 0.01699385243259632 0
0.01873001121452149 0.02129719406473386 0
0.01869835902927142 0.02179620545382666 0
0.0182566157928954 0.02201580273452323 0
0.01867184130497158 0.02229505489895026 0
0.01823012149465184 0.02251421982925386 0
0.01863417731053374 0.02279345260738738 0
0.03512657671543289 0.01320373464185005 0
0.01635572824522669 0.01763718291797257 0
0.01586291120671395 0.01786879869746986 0
0.02468726095021596 0.006295320597242648 0
0.01902470824814575 0.01571517225880441 0
0.02320671555134616 0.0162769542779692 0
0.01820526034121702 0.02301634977831277 0
0.01860377775219316 0.02329294187581546 0
0.01875473434485263 0.02079789028757829 0
0.02443312147340883 0.01784396343228852 0
0.02480498257635451 0.01836341486196487 0
0.01090906440148289 0.01440133970777352 0
0.01843190786457995 0.006790576457543638 0
0.01890819607257136 0.004769741069383479 0
0.03832925361942916 0.01311101615933749 0
0.03981015246444137 0.0104671746488856 0
0.04139237026230742 0.01296842552135128 0
0.04300256502644873 0.01030349296515006 0
0.04453317925895718 0.01314067547548342 0
0.04599994621133353 0.01032308403836352 0
0.04751774876285754 0.01254387052692492 0
0.04865151550273011 0.01034717365071439 0
0.04989847144334998 0.01234441213189412 0
0.05090988737216669 0.01043105076370903 0
0.05198136666089821 0.01239391828087253 0
0.05290202969423881 0.01043053898574105 0
0.05377965299429499 0.01201629304185271 0
0.05323683188016154 0.01351223358248895 0
0.05456683071980613 0.01334452296143197 0
0.05406330762050744 0.01453832834984352 0
0.055232839313822 0.01445192021317756 0
0.05478405623217588 0.01542738788871199 0
0.05580437042240236 0.0153642062244224 0
0.05364756430575413 0.01564609941566045 0
0.05540455340301065 0.01618549766612774 0
0.0562390872038871 0.01612099285114071 0
0.05596400714686464 0.01692659338221165 0
0.05666229113251274 0.01675250376093146 0
0.0569905145823385 0.01612325993568936 0
0.05727159938591774 0.01674403484231354 0
0.0570180275257663 0.01723446725937434 0
0.05753828917975697 0.01722011588923369 0
0.05780891988067548 0.01675047525482156 0
0.0562433142165136 0.01447300118866361 0
0.05730390949094803 0.01768322073817108 0
0.05678668017340854 0.01767481242081064 0
0.05780555353354008 0.01765535376891345 0
0.05542341786044407 0.01211315033339473 0
0.05512214982132988 0.0169609115666082 0
0.0575807809879483 0.0181049578468876 0
0.05807907111033381 0.01807570208446482 0
0.0519477433888136 0.008664237338834882 0
0.05830412304543513 0.01763574351927569 0
0.05557976179413095 0.01758833747961017 0
0.04886968319978344 0.01424326574471132 0
0.05485723371950438 0.01767373238542027 0
0.05396709020563843 0.008661517673152611 0
0.05785413532324488 0.01852319843252438 0
0.05835340384740287 0.01849382231896859 0
0.05735658534419991 0.01855319992920201 0
0.05296751995297544 0.006764974859896591 0
0.05519553583875665 0.007098847971232704 0
0.05435014922504057 0.01709593692390123 0
0.0553016697876621 0.01820696698177773 0
0.04449444278296726 0.007803468695928413 0
0.05403537978731963 0.01793290652832929 0
0.05344475254332415 0.0172207932181696 0
0.01852601454538797 0.01584995127629201 0
0.01862103636450305 0.0153068693075246 0
0.006726300200623446 0.01720737813200419 0
0.006622210282314665 0.01911708979012806 0
0.02155510734783409 0.01782471708885163 0
0.007094676312922529 0.01533252334943914 0
0.02188272774066399 0.01547116666878254 0
0.0220627328160032 0.01478020447155869 0
0.05303211491040931 0.01810462270164898 0
0.05240695186785355 0.01729329219272616 0
0.05201352893718481 0.01826469923993191 0
0.01819280998757435 0.02351809682546861 0
0.01858193534170412 0.02379544368716169 0
0.01902722553301096 0.02353812448943802 0
0.05598853764422696 0.01814111786961827 0
0.05569601506737847 0.01867465411092604 0
0.05631110006032335 0.01861534388639159 0
0.02272638445358637 0.01461957126584806 0
0.01690143793848754 0.03187598001300118 0
0.02391377541633156 0.01527459769269161 0
0.01668965479648366 0.01940986065666111 0
0.01627385049289719 0.01910138184082327 0
0.05119787445227669 0.01736263445759231 0
0.05169572360508022 0.01639313196970873 0
0.05073677216766638 0.00679501202190963 0
0.01796137215415863 0.01650518959132953 0
0.0504096345733102 0.01644228108179059 0
0.01747920342474448 0.01665559693412371 0
0.02038551919817907 0.01843178907853804 0
0.05137536077674508 0.004793119597188596 0
0.01585582968289287 0.01836580041782066 0
0.01532649963419044 0.01813110769488357 0
0.02062114524266492 0.01883235355480552 0
0.0211816669081582 0.01874201077600774 0
0.01711376637975087 0.0301414484401511 0
0.02434859105361037 0.008441993438820759 0
0.01658531630390744 0.005450170649705915 0
0.02428672174475111 0.01678107953850287 0
0.02346732135785368 0.01889013124444902 0
0.05766775370330925 0.01893706201496288 0
0.01858375665353627 0.01759320741642927 0
0.01590977683771845 0.01690967378066659 0
0.01263122602394458 0.01343038987947133 0
0.01430714087642004 0.01279453005917628 0
0.01623860305213774 0.03556468755187341 0
0.0169135242305962 0.03521806351265966 0
0.01701734063643359 0.03434585914598473 0
0.01767185677564036 0.03492041296423749 0
0.01755730543824481 0.03567452259539599 0
0.01783057431933337 0.0340766896583652 0
0.01819683135478355 0.03542239517736769 0
0.01805621724381352 0.03608476169211885 0
0.01750651519858819 0.03632168120345425 0
0.01795650082241203 0.03666137955259639 0
0.01746259139141572 0.03687772642290082 0
0.01788251946983846 0.03718356773389756 0
0.01741052835553513 0.03739113685411976 0
0.01781558137558592 0.03768846070049667 0
0.01735601873408953 0.03789153946861727 0
0.01775919180873103 0.03818696399398864 0
0.01730150095844875 0.03838898009149265 0
0.01770498682060774 0.03868415894719013 0
0.01689801411327101 0.03809432802885177 0
0.0181622225962894 0.03848240210100234 0
0.0181084621175294 0.03897934928615894 0
0.0184813353829943 0.03647089132770905 0
0.01828418320081511 0.03749693480222877 0
0.01765107933162903 0.03918128679961037 0
0.01805465543941454 0.03947643274935011 0
0.01856584608452628 0.03877740856305709 0
0.01699195490171547 0.03709771800636063 0
0.01861685567520758 0.03828379917438702 0
0.0168438644236668 0.0385910695991222 0
0.01644022869294009 0.03829597896068996 0
0.01649396592573762 0.03779887496572144 0
0.01602618258599781 0.03799976382355715 0
0.01596267933162258 0.03853463251452321 0
0.01972549397016572 0.01934861851045617 0
0.01924969065023563 0.01957201704932037 0
0.003402910193958483 0.02406679572596496 0
0.00308629717850805 0.02055735033299517 0
0.01720207249119559 0.0334681740646562 0
0.01799915096668874 0.03323285856862294 0
0.05058901929324326 0.0139516892525255 0
0.02570246272024789 0.003962063428441256 0
0.03005649215576923 0.01687332180783888 0
0.009536218720853619 0.02059407649477932 0
0.01754662854705139 0.03977522449499502 0
0.017130999205956 0.03938870137729786 0
0.02506040920062392 0.01772649088820523 0
0.02552272244028997 0.01830599099734996 0
0.02577582794713849 0.01754312545409905 0
0.02629910249637745 0.01822074488129403 0
0.02666297747868107 0.01741896834546772 0
0.02765212347607108 0.003206489390065587 0
0.01539947285517194 0.01739879357918627 0
0.005532347640384423 0.03151953877810445 0
0.005810750952062186 0.0343188145390819 0
0.007773448212994125 0.03285296716417646 0
0.008103377407085711 0.03553888458551611 0
0.006210565592582762 0.0366875118342064 0
0.00804288773660718 0.03769863068758793 0
0.006442453288528788 0.03880458885392061 0
0.008344486337470969 0.0395042260568472 0
0.009857552763132802 0.03843896908786093 0
0.009988396960411202 0.04014472724129747 0
0.008688893257116054 0.04122757381450344 0
0.01017426232150779 0.0417500708878416 0
0.008996604164784944 0.04285870366227608 0
0.01058024712640362 0.04340840771633135 0
0.009326898528851709 0.04448644293430636 0
0.01087775810375283 0.04498215969424617 0
0.01207911562656943 0.04396693425616309 0
0.01235538745140207 0.04550167998239965 0
0.01121109183603919 0.04653524090152883 0
0.01273540808290156 0.04690674646742802 0
0.01384383168009808 0.0458016224164899 0
0.01416398677376213 0.04721528965318145 0
0.01513213558689665 0.04629792486397066 0
0.01544833524370995 0.0475251899623215 0
0.01624156139565343 0.04665728348152014 0
0.01663938375487291 0.04779456604005638 0
0.01741202331978209 0.04682105842612572 0
0.01779376376030422 0.04804944092943354 0
0.0186269423437085 0.04722085391555646 0
0.01894880466015613 0.04833012664014855 0
0.01972020695373843 0.04748126256563889 0
0.01943308990513934 0.04648666067745856 0
0.02037471963432909 0.04672878460034062 0
0.02078461124400845 0.04766989378422143 0
0.02143409444219131 0.04684845862542936 0
0.02183907542226048 0.04787891010798916 0
0.0224923683355422 0.04690759995034428 0
0.02002826660020282 0.04584389865177692 0
0.02295882669403754 0.04811182721889788 0
0.02370197594437932 0.04719457907450572 0
0.02332650391407468 0.04612785743204503 0
0.02440593279109823 0.04630675871220105 0
0.02489914003576708 0.04736497611274967 0
0.02564400534165304 0.0464081519494552 0
0.01922711539079665 0.0456228905130768 0
0.0198205475367059 0.04503827173508004 0
0.01912773002234364 0.04486579681066583 0
0.01964052694561771 0.04437881357951317 0
0.02024368308650787 0.04453417615115425 0
0.02004921466946691 0.04395916111496694 0
0.02060028673365667 0.04407415603876527 0
0.02041329461590001 0.0435657175304605 0
0.02093201957232898 0.0436744405423007 0
0.02076956681176398 0.04319582491681042 0
0.02126484508522928 0.04329384629814182 0
0.02028518869794738 0.04309471640159603 0
0.02619459550981996 0.0475765271427554 0
0.02396904743486493 0.04535455598559582 0
0.01903921754471207 0.04421703807735517 0
0.02110303503153738 0.04282056153478186 0
0.02159420911297383 0.0429163439981896 0
0.01812270323353472 0.04924720351149225 0
0.02217759972412878 0.04905951735055235 0
0.02702662719557277 0.04646306111498282 0
0.02763725515552771 0.04781527723739704 0
0.01600136675273299 0.04546375599540557 0
0.01163837038467395 0.0480780658295345 0
0.02664655114412849 0.04892839536388104 0
0.0214315585131657 0.04376642220035784 0
0.02143158781331366 0.04244372842742929 0
0.02192249569244807 0.04253919771291202 0
0.02208528080779195 0.04301224210042722 0
0.02241382399399101 0.04263440383137913 0
0.02094139711632472 0.04234815226649644 0
0.01457044315909689 0.04853709060140796 0
0.02082197828313816 0.04461343334470454 0
0.02852441807379694 0.04658609310310422 0
0.02926299962611741 0.04809820390849351 0
0.02257849288209374 0.04310928623975045 0
0.02290536119955405 0.04272913756965856 0
0.03021602757206766 0.04668533177863708 0
0.03121762899453908 0.04831419876889506 0
0.009955735635461111 0.04773810761398789 0
0.02274153948651109 0.04225657984527007 0
0.02323718928603349 0.04234372180577764 0
0.02340759493411258 0.04284702822666696 0
0.02376643672925586 0.04243690317581848 0
0.02394498735359726 0.04296403442238209 0
0.0243699450588888 0.04252248378575153 0
0.02458924972232464 0.04313188900741547 0
0.01856223360691719 0.04460563727031303 0
0.01845949081694892 0.0440073110546034 0
0.02991668414791897 0.04998011265978843 0
0.02126901733340075 0.04197105759091779 0
0.0207939823880173 0.04187452006765349 0
0.01835586885268968 0.04138483459146932 0
0.01832185611749453 0.0418887744633189 0
0.01790773371495065 0.04208418922237991 0
0.01877126226188063 0.04166284146888048 0
0.01873835531718999 0.04216542336695138 0
0.01838602651140746 0.04083980926725082 0
0.02508309941918375 0.04260053076301697 0
0.02533678434073891 0.04335671720369602 0
0.02361390421876218 0.04340682349228508 0
0.01034218111180221 0.04951175379548703 0
0.01918651347984959 0.04194131682970812 0
0.01921257238091 0.0414259382869404 0
0.01800915717684628 0.04439169206406378 0
0.01788677290412323 0.04380937134234932 0
0.02355839007240068 0.04195542300790192 0
0.02758533664344842 0.04514023766914892 0
0.0188992721501757 0.04364714758508812 0
0.0320010561446382 0.05032875074559715 0
0.03349561203039921 0.04842609405722356 0
0.02298934716513297 0.04519701936847485 0
0.01915252618338049 0.04243445670622018 0
0.01743482605324321 0.04420063483001761 0
0.01731570918912012 0.04359736949466958 0
0.02590179543188499 0.04272496051502204 0
0.01684610003665259 0.044004656560482 0
0.01673596277614134 0.04337438202220568 0
0.01622992157656847 0.04379950344218024 0
0.01611138978679454 0.04314512481494207 0
0.0155660151495548 0.04359111624356156 0
0.01543732723587301 0.04287861211917484 0
0.01483793146735059 0.04335914405272062 0
0.01471075176833805 0.04258509572595878 0
0.01662832915188443 0.04277022275646845 0
0.0345503181510237 0.05072007863714852 0
0.0360420803692235 0.04865117341466955 0
0.01959967846614195 0.04221637431446191 0
0.01754918034982317 0.04482282537934379 0
0.01941003620451412 0.04959850059101273 0
0.0183440348176473 0.05066934828354228 0
0.01989845694517931 0.05103272483342385 0
0.01880355202688577 0.05229276885009453 0
0.01702514339121891 0.05182771004032347 0
0.01753866557979691 0.05370450252812985 0
0.02110882965787979 0.04149817013573673 0
0.02159744564967201 0.04159373674123434 0
0.02056366288679337 0.04134849506331507 0
0.02351008121886911 0.04937138510919511 0
0.02042845624519198 0.05278845039186936 0
0.02143472644480636 0.04112098662898458 0
0.0186934871404983 0.0426569890266101 0
0.02541410252910382 0.0418764216938589 0
0.01145394470010653 0.04075216659471194 0
0.01505101288476897 0.04427048925795272 0
0.007582693902954116 0.04395574524711085 0
0.01561504186484985 0.05312414704563176 0
0.01776005664322494 0.0432319576097103 0
0.01533777531546375 0.04209536688723561 0
0.01458084008073145 0.0418130020719276 0
0.01393405258866028 0.04230199657032298 0
0.008438112094541862 0.04894518153676174 0
0.008773911729207211 0.05101440058224793 0
0.01132238509573186 0.05141610720049458 0
0.02224772388658653 0.04348744305043141 0
0.009727589417344099 0.0341042115007571 0
0.009733621145734471 0.03199975423896746 0
0.02617392688194526 0.04355976283326009 0
0.02689373877114854 0.04285336469033223 0
0.02550199194336686 0.04435660372598575 0
0.01384303942195128 0.04145849522831205 0
0.01309184874843214 0.041976159897938 0
0.02192361950412029 0.04122447486286546 0
0.03079881698709941 0.05205070939857624 0
0.01415756150447989 0.04392209492452046 0
0.02826890726010136 0.05154603921609596 0
0.02927857403420021 0.05396712553639248 0
0.02676838830854935 0.05356447411329397 0
0.03730703884260934 0.05120436156843269 0
0.03912050994117056 0.04838628078167043 0
0.02256227011359454 0.05044803723067924 0
0.02417708780889433 0.05096230776998192 0
0.01465845387869063 0.04103246140355404 0
0.02208759760246771 0.041690472852549 0
0.0224139370505448 0.04132141191552367 0
0.02046438504866025 0.04220130970229301 0
0.01951447351584222 0.04272352259746622 0
0.009540252894892028 0.05339033981648772 0
0.03468516967650381 0.04645202448652921 0
0.007904825072647215 0.04573681033518074 0
0.006039222671585895 0.04519836577220139 0
0.004450551817922158 0.03789507764534316 0
0.02301394976215984 0.05208084033047877 0
0.007027664021261881 0.05282186261257867 0
0.02278565020668922 0.043642403206417 0
0.02242552246170318 0.04402321248514254 0
0.02298009110644954 0.04413305829623246 0
0.01516097836084235 0.05121255587488559 0
0.01311872890531749 0.0429534451049373 0
0.01307888221123667 0.04109455360713432 0
0.01611371528590182 0.05522323195319981 0
0.01842630428583742 0.05565937626165325 0
0.02240023022267047 0.04582388381152941 0
0.02217705657794763 0.04503315331761013 0
0.02130836910740737 0.04581205704841548 0
0.01222733326231094 0.04262915086983833 0
0.0100577169874136 0.03600397313842104 0
0.01124972693198924 0.03495813103138783 0
0.01138175887501417 0.03671127467257564 0
0.02737661434514263 0.05598844996371065 0
0.01946396949225564 0.04381774841878068 0
0.01934087133403942 0.04325592344019351 0
0.0183565412076478 0.046130402336387 0
0.04063141722454597 0.05169968073940254 0
0.04272165224736571 0.04906743825218703 0
0.04409006311736306 0.05174812010805142 0
0.04580656977535229 0.04925395277645626 0
0.04474218495721304 0.04677335192312441 0
0.0474008660753701 0.04719656823031221 0
0.04845723797540774 0.04939145647068941 0
0.04977554430178331 0.04751049439393304 0
0.0507157080096479 0.04946499910083178 0
0.05184492957674875 0.04756855916434941 0
0.05269414840186588 0.04949348751642303 0
0.05373365337229204 0.04802536151219173 0
0.0531374010665403 0.04650045077725644 0
0.05456232390858992 0.04674773446761018 0
0.05402645449698808 0.04526128376906173 0
0.0527076760278492 0.04517198494393954 0
0.0553829308584739 0.04563886444294056 0
0.05494856742170996 0.04450412963110373 0
0.05584832031010286 0.04468066390359584 0
0.0555101837655869 0.04382021275959771 0
0.05627524787742992 0.04391681174540105 0
0.05672069644452414 0.04457375550436657 0
0.05596859024007665 0.04320542356465974 0
0.05665145022649327 0.04328282101667043 0
0.05641917435162032 0.04267289455205213 0
0.05703782678671654 0.0427982038795278 0
0.05725588065411524 0.04329814991378052 0
0.05756749487600661 0.04282069195969215 0
0.05736552645301991 0.04237490853493389 0
0.05785360294259723 0.04240786981804136 0
0.05570826296161247 0.04678313968115756 0
0.0552390832355909 0.04305112358887554 0
0.05780533890445389 0.04329529786393577 0
0.05764261379160648 0.04195213218007598 0
0.0570862016774785 0.04195224764615049 0
0.05814563538045767 0.04200066170936686 0
0.05452937567642017 0.04963964060064414 0
0.05357778335429023 0.05116219632921628 0
0.05834993740729273 0.04245704598521494 0
0.0579291611238408 0.04154147020589565 0
0.05843425327952464 0.04159209213735281 0
0.05753371023862659 0.04374756171926866 0
0.05808383948979401 0.04376599655584856 0
0.05779358456546778 0.04424290103905865 0
0.04893606046596949 0.04540057420604612 0
0.05837845644874876 0.04426375658160127 0
0.05805434133103679 0.04477537810085475 0
0.04943143913739471 0.05140952528645397 0
0.058333511335443 0.04330321231337123 0
0.05540723383918229 0.05120581642553536 0
0.05453734647833422 0.05285932980818023 0
0.0561976750165592 0.04962586955894817 0
0.05243040179314035 0.0529772726803609 0
0.05728506581707241 0.05107985171586198 0
0.05821913234496787 0.04115120084945748 0
0.0587169835279837 0.04119290565495343 0
0.0577267951485158 0.04112543134492404 0
0.05895483212411111 0.04164837315783017 0
0.01747475520325232 0.04594139514438608 0
0.02924855563052105 0.01810036750480071 0
0.04161070072287021 0.0463895550467686 0
0.03864032466482754 0.04538376099959206 0
0.01358801745710697 0.02217286681397629 0
0.01444389534103171 0.02271351498806793 0
0.01368648677295722 0.02116800491619766 0
0.0146012401001465 0.02375338953999413 0
0.01364709780062636 0.0245516441999524 0
0.01390919848014816 0.02574319463393866 0
0.05579338560948015 0.009045413520917339 0
0.03522149499332009 0.05369374001268615 0
0.01829282105479189 0.0434299913185151 0
0.01902815089876976 0.03856585822735169 0
0.01905247339647247 0.03909723233767294 0
0.004795553194584162 0.04053760672589626 0
0.01474582432241176 0.01853718602493292 0
0.05715422637989029 0.01907017677257647 0
0.04666142761083281 0.01470430956220068 0
0.04831310179566189 0.01646449447966545 0
0.04654696098230007 0.01831369859748389 0
0.01800264951907262 0.03999309986545322 0
0.01845854812043416 0.0397748343341353 0
0.0464891872803552 0.04499504069536522 0
0.02571991809618008 0.009941346630285546 0
0.02704644894434791 0.01147065578610252 0
0.0171908578750738 0.04298016162522167 0
0.01709555971776976 0.04245083468739222 0
0.01658014042184973 0.04222027367347445 0
0.01704544116127536 0.04200758141428252 0
0.01760503011754709 0.04271895874235422 0
0.02224964695235028 0.005947211866265772 0
0.0237524083826817 0.01931632047393405 0
0.003380022550715532 0.04643129443311474 0
0.02247335035191548 0.01899737508586697 0
0.01695342487076867 0.03596260390573841 0
0.01841500662625412 0.04029155478619882 0
0.0188636553628324 0.04007107123767617 0
0.02017005052697803 0.01913234090820655 0
0.0587131712422114 0.04481418022874167 0
0.05834694105522342 0.04538189043617931 0
0.05764664893835558 0.04537421821633586 0
0.05796452751653507 0.04606315490721925 0
0.05903542993708366 0.04421015053235516 0
0.0571137564730765 0.04603604966763841 0
0.05751763356140693 0.04690326807728341 0
0.01602949142832828 0.04250693912443521 0
0.01605644223665479 0.04192021938902032 0
0.01560565829675607 0.04149816060396105 0
0.02196330082025117 0.01907237669660183 0
0.01606513411181196 0.0374796136486632 0
0.01574959087012496 0.01966429026873156 0
0.01861006211104446 0.03591554955193243 0
0.01899799988140337 0.03634070655143855 0
0.01885680200241593 0.03681206610654909 0
0.01878429909605015 0.03534709559289632 0
0.01932296703367079 0.03671880097940868 0
0.01817544182080687 0.0428692265186287 0
0.0119207497926125 0.05408710471797792 0
0.01032383707587135 0.05575310905488481 0
0.05673945427281606 0.01530098761943076 0
0.05750494228012884 0.01556938345706712 0
0.05718325578689684 0.01453327428531853 0
0.05676473593810115 0.0136993702232309 0
0.05797444602361293 0.01489663858760494 0
0.0576991844227791 0.01390718231334696 0
0.05734160993437053 0.01298806360992026 0
0.05855750827905717 0.01417642492872059 0
0.01706680326738944 0.03988194749878217 0
0.02591920997772613 0.01892380530008794 0
0.01921682517977332 0.03258934384231022 0
0.01124877579903814 0.03932164348301667 0
0.05921189584989613 0.04122309290446602 0
0.05913934783236565 0.04211692295407195 0
0.05900239824060851 0.04076909867002063 0
0.05467091376377006 0.01041562552245635 0
0.05625153300445095 0.01071405803102095 0
0.05546454398014071 0.04805320522713094 0
0.05690981479193491 0.04825218059267099 0
0.0534102088441938 0.04413922672160137 0
0.05227437789736056 0.04398428805743287 0
0.05308228839229273 0.04304657708745454 0
0.0518817927541504 0.04282915144545679 0
0.05099958329947472 0.04375666003678715 0
0.05058486005382401 0.04252902039194472 0
0.04958859555532431 0.04360013453277592 0
0.05627544650479946 0.04540672769121051 0
0.01130891147712484 0.03327628752940288 0
0.005710507080140887 0.04290529609142774 0
0.01229078077626415 0.03986901286459166 0
0.01452285502127249 0.02177471393505374 0
0.01512336739541296 0.02224013313136641 0
0.008034160572232919 0.03002162954299037 0
0.05069921791619728 0.04603456474746431 0
0.05814296566274148 0.004273610411477974 0
0.05359175645949618 0.05490391035534476 0
0.05757515804117293 0.01621723883342571 0
0.05811826007675595 0.01631281354782708 0
0.05832471949077624 0.01678510079276488 0
0.05862598079109067 0.01637669178905587 0
0.05846202979407796 0.01590294644742847 0
0.05878894043799899 0.01684572964799372 0
0.05913636361971126 0.01645474847712202 0
0.006401669984215212 0.04740536752540386 0
0.05577789728293352 0.04247862759359182 0
0.05500814187906822 0.04234905087476797 0
0.05545465716084139 0.04181508342290681 0
0.0547588322724422 0.04168511547998457 0
0.05612677408029521 0.04194366585994173 0
0.05589130798504344 0.04138016692337562 0
0.05643923005110103 0.04145178781885678 0
0.05629207838962499 0.04097654151638069 0
0.05675736036931235 0.04106857200075555 0
0.0542344480501121 0.04222092154728442 0
0.0540629005509686 0.04139104873246874 0
0.05661726788542751 0.04061426516687036 0
0.05530220129337806 0.04122984366620398 0
0.01637969121072808 0.04460450786205166 0
0.003111172115614756 0.01361428441890878 0
0.01893224009972497 0.02740642577956182 0
0.01012593205868393 0.01614939683220393 0
0.02636493069737197 0.04068144999063682 0
0.05895950733757217 0.04852987704958966 0
0.05881895749926108 0.01020339352405974 0
0.02976942980628823 0.0414510045118239 0
0.03072411370817928 0.04288657697736356 0
0.02925673612685984 0.04293374772849769 0
0.03250180809154971 0.04291643171106491 0
0.02998409353559059 0.0441544117784768 0
0.03547803856683807 0.01776649137171435 0
0.0445088170712578 0.04186197032666217 0
0.02179420543759385 0.04076845131283744 0
0.01934033186369759 0.01403898317707117 0
0.01846165050758346 0.01418473580351406 0
0.02099681566223207 0.01566594765765061 0
0.01869507013128768 0.03005669400405813 0
0.02132778747745801 0.04066370129985039 0
0.01130567474972284 0.02684429042289691 0
0.01138788340468961 0.02868134329576011 0
0.02619781222690396 0.04537274912865797 0
0.01244532698837175 0.03417789973988565 0
0.01587180809689316 0.03908030414663573 0
0.00614221116193241 0.04992629288648979 0
0.01772510086471307 0.01748995139751252 0
0.02723305576395051 0.04383527008878121 0
0.01881244782374997 0.04057225972372278 0
0.01925647296748692 0.04037767206447195 0
0.01930886487982152 0.03987839460973596 0
0.01922985149746265 0.04088907929695601 0
0.01969351526414878 0.04068329692510878 0
0.02172666272160467 0.01953130158319092 0
0.01912019758988516 0.02207298928783646 0
0.01901774295009622 0.02406101591218315 0
0.01852823876979682 0.02432849887235609 0
0.01899387047086522 0.02461862711187576 0
0.01845976511022014 0.02490010883556158 0
0.01990657450255245 0.04344636452616114 0
0.006001293514204132 0.0233326515742079 0
0.01644217275061534 0.03888470993199365 0
0.006910287693219636 0.04088365412474534 0
0.05621038668533111 0.01756285387120362 0
0.003142096088209766 0.006466255472201282 0
0.006047455804742238 0.008364274833365753 0
0.002661733796844052 0.05346403541547762 0
0.009862281016309656 0.02210952014058639 0
0.0586339304016253 0.04374429785655491 0
0.05876093550091411 0.04331055497986711 0
0.05901621450108953 0.04545632864646492 0
0.009758292963679534 0.003022143826111573 0
0.01156682641719858 0.005244201707829237 0
0.008894119680708898 0.005385127224654375 0
0.01720301736059894 0.002664177846044773 0
0.02425663789758174 0.04050122019674443 0
0.0245364054556632 0.04101247249132254 0
0.0239709720682893 0.04100783201557248 0
0.02425170858728753 0.04152091479063431 0
0.02516209956284361 0.04102651833453728 0
0.04111371054755963 0.00723394200191519 0
0.05396883800633337 0.04340385914812131 0
0.05152966475197035 0.04167045263065617 0
0.04469709708100452 0.002905391290307834 0
0.04441592234017425 0.05709933970455211 0
0.03687532813064109 0.002990674398150497 0
0.01852741107096655 0.04531142166022221 0
0.01806908115411748 0.01004607819161502 0
0.0192664598306304 0.02641143736664507 0
0.018632993312306 0.02588448590631176 0
0.01933626633430051 0.03366162142189005 0
0.01204194971215724 0.01841957081160767 0
0.05308063887193449 0.0146449253150858 0
0.05448363990352335 0.01941049489444632 0
0.05928872541300149 0.01367872325851225 0
0.05273084445203909 0.01907612617130965 0
0.0591608726603926 0.04731620739596895 0
0.02848466284248511 0.04098674044281467 0
0.02752608814389313 0.04187858286303822 0
0.05898105742710998 0.01154012530933776 0
0.04849413411965511 0.01860895731843231 0
0.05846932447510717 0.006608192311297272 0
0.03326982942881979 0.01846321834427432 0
0.03178591500603552 0.01714696241417857 0
0.04673017057118019 0.04153678165572567 0
0.05803899844897947 0.05576496174256799 0
0.03843027203407354 0.04255061336151347 0
0.04133804700780184 0.01773849005780395 0
0.05360344123958019 0.04070498219175722 0
0.0178659200199088 0.02802536496871107 0
0.01952845142725418 0.03512524912200313 0
0.01907801851225843 0.0380188013941333 0
0.0576960405141667 0.01104232761868929 0
0.05660298108525823 0.04216868381297938 0
0.02423590106038037 0.019553378032461 0
0.05945076340240272 0.01516505021121404 0
0.05903313254412019 0.01551298953614744 0
0.05520083113158153 0.04056765049961302 0
0.01740371333475899 0.02356443406754598 0
0.02281718124101497 0.01948107052599118 0
0.0550067359969532 0.01884817297164514 0
0.05685299065257861 0.01859020596328472 0
0.01738930725851535 0.02247631023258482 0
0.01553342161781542 0.03768669060511601 0
0.01837297335964334 0.036991336746382 0
0.01875412699933292 0.03726396613170994 0
0.01955545996045258 0.03773235746223598 0
0.01501483278489091 0.04524291919395794 0
0.01662314926041394 0.02039236005716084 0
0.01297756570320661 0.03090325076702631 0
0.04779412747239727 0.007886519309194279 0
0.02465766855154425 0.04200357557010504 0
0.01874466286016825 0.04313923373729532 0
0.0146154854742702 0.01489423197609652 0
0.0195019220408907 0.02377086563734447 0
0.01948631956547245 0.02326768056519142 0
0.05957336635519211 0.0441947752530391 0
0.05576409893961971 0.01955906197903336 0
0.02509685837253287 0.05528659092170487 0
0.01950845982448974 0.03876151188361748 0
0.01799827121918574 0.04056598848748284 0
0.01849524085904846 0.03470811229336968 0
0.04480833888863742 0.01550898317894125 0
0.05864378382487769 0.04205972544765578 0
0.05884112423935201 0.04253194401321605 0
0.01915984790130735 0.02104389313111991 0
0.05080211084989709 0.05480750401782835 0
0.05204124748814747 0.05727038055319822 0
0.04861637504819202 0.05362524974767307 0
0.05663181024483786 0.01902911621527058 0
0.05606185065801414 0.0190949515832564 0
0.01957724608823932 0.02027109162291527 0
0.01775603016000691 0.02593445372953626 0
0.01764036398481409 0.0250343591526824 0
0.02316025995624913 0.01850737603291296 0
0.01130148355058173 0.01730855942261095 0
0.02013572229921532 0.01674438756317561 0
0.04793942394875829 0.0431891197605988 0
0.01828679138218813 0.04239466660317589 0
0.01984974727279897 0.01838050926534698 0
0.01980934889952058 0.01785140029438776 0
0.01942462594989971 0.01762550622334686 0
0.0188536493282812 0.0193008799215309 0
0.01630692522386923 0.0186248489816004 0
0.01908845948284646 0.02254190777477897 0
0.01963017383170141 0.04171540485959102 0
0.0196578320991383 0.04119186151470523 0
0.02013016660781854 0.04099650232476419 0
0.0200812178990487 0.04149552372935189 0
0.0187946715546834 0.04112912710586997 0
0.01760689373715518 0.01847542986772783 0
0.01765328158798087 0.01798252528312296 0
0.01731052766709834 0.01718815593674723 0
0.01681714002978409 0.0172911160637865 0
0.01710705683168881 0.01969093209977069 0
0.02095882917591609 0.04099784266850567 0
0.01840978023244298 0.01952415575753311 0
0.01880957792148201 0.01979868920447213 0
0.01852593841338368 0.03927914565333685 0
0.01891564532192524 0.03956961664964672 0
0.02137226900592491 0.0182883515136097 0
0.01834685375314515 0.02052210299750442 0
0.02175978653294252 0.0420666862688199 0
0.01876887188489612 0.0202977320997249 0
0.0172542918431736 0.03886353223815352 0
0.02225059540880369 0.04216194518570631 0
0.05679576697632426 0.01952427814939244 0
0.05817325763644421 0.01890695377323062 0
0.05865494928966382 0.01889311166254973 0
0.05883983392732776 0.01847280831651527 0
0.05912724584179124 0.01887701305304916 0
0.05894042561573635 0.0192974036407868 0
0.02173504837275445 0.01735873904606352 0
0.05857575250261185 0.01804949904026933 0
0.05878535350501563 0.01760706582521519 0
0.02257803591849183 0.04178614212206325 0
0.02290296763547286 0.0414063821627139 0
0.02274386177171592 0.04093449949304682 0
0.02321375479052612 0.0410980579755548 0
0.05806520606944054 0.04286023362356292 0
0.05911779735821546 0.01802600209210803 0
0.05742256406363337 0.041525110658993 0
0.02297458741203491 0.01893964942345007 0
0.01821593223675612 0.03799024977008525 0
0.02306624203831503 0.04187255599419486 0
0.05958651523909243 0.04325787027499114 0
0.02019107407497116 0.04045868649338441 0
0.0227132318843031 0.04045506487382997 0
0.02375337264328463 0.04045644462690694 0
0.05958516068891952 0.01676365883755691 0
0.05958190934839895 0.01776936601523268 0
0.05776937317078325 0.0403854344431123 0
0.05776791848101327 0.01958602967956215 0
0.05655998325544978 0.0181808744786084 0
0.0502188024956374 0.04117304511960204 0
0.01742551704843364 0.02146538646983072 0
0.02175760750497259 0.04338845798612045 0
0.02059657349040057 0.04269232668165215 0
0.01622064462292228 0.04098469940028317 0
0.01957107167175513 0.03625159866354977 0
0.05341072727255385 0.04209810607508969 0
0.01148678637469939 0.03155919955078564 0
0.05610588440058649 0.05440178405680576 0
0.02204603663799189 0.01774895645458787 0
0.01664377129928034 0.05005346823041412 0
0.02128494942997492 0.01611915930076777 0
0.02005485443484121 0.04255812986787945 0
0.01784298870251343 0.02173909737930127 0
0.02111353819162367 0.04416173107485742 0
0.02159509584945447 0.04425056057500452 0
0.01611628291680837 0.02164625917120078 0
0.008976630174233419 0.01483370576549721 0
0.05805189433964484 0.01721081093090218 0
0.01465584566647159 0.0402625390092132 0
0.02606038068915143 0.0514867938475226 0
0.02612558147260986 0.0166716823799994 0
0.02186289935441946 0.01821432717086079 0
0.02045645423437467 0.01711275163436334 0
0.05708046040386891 0.01813506602635356 0
0.01966906236280429 0.01690807549614356 0
0.01947943686354847 0.02490275994688915 0
0.05873697863395207 0.01490479750705424 0
0.02056839636311484 0.04526935563444617 0
0.02294287772007151 0.01675792633417787 0
0.02094867550938472 0.04978590085017097 0
0.01955779716074173 0.02226872378322762 0
0.02124761030703465 0.01956725366576308 0
0.03323543041295175 0.006316320056362294 0
0.005209068720669879 0.01174241228878517 0
0.02357880523562457 0.01688468229535112 0
0.02167612595875278 0.01867126149931927 0
0.006743756518675224 0.02118178799824331 0
0.03220662549491481 0.04629453116579782 0
0.01369544237034583 0.01419935604364687 0
0.02003535036986458 0.04199336160337816 0
0.01695099612185662 0.03759782713482918 0
0.01534514569298861 0.03861744130125239 0
0.02177802505068894 0.01603648193718419 0
0.01782055521020601 0.02224134167014508 0
0.01707478922468547 0.02018544742419847 0
0.004917107966367282 0.01580126471657867 0
0.02502423929558395 0.04539202762895411 0
0.02516883599724748 0.01892503101204741 0
0.05959050255709795 0.01627390920526957 0
0.02593846681197576 0.01264707758414755 0
0.02191812582245067 0.04385654272818634 0
0.02179435634594921 0.01053388003779017 0
0.01349183454739297 0.05237301242225585 0
0.01353474984514852 0.05016919189589902 0
0.01807572002488834 0.01546830722961656 0
0.01696706881776289 0.03654354513168727 0
0.0165935693824931 0.03682715086795075 0
0.01466284437344005 0.02498765306966901 0
0.01332808795464074 0.04474810791130309 0
0.03688345690169057 0.01552349026168585 0
0.03458502099417973 0.01547748220224967 0
0.01565602330519099 0.02139470577218427 0
0.05958042488564672 0.01873533815326546 0
0.03652786782683085 0.05696232643514385 0
0.01524056734541832 0.04052908534729647 0
0.0252109364159514 0.04960249585526449 0
0.02805472036364956 0.01814038703031129 0
0.01982684239509051 0.002397617945272226 0
0.05693216960483143 0.04386216806160433 0
0.014478732336428 0.02086124371459191 0
0.01868703222821898 0.03774807049799092 0
0.01231925455143874 0.0148587319295307 0
0.01415869797405154 0.005178925972054445 0
0.01843947693938174 0.0163523257513673 0
0.0557282999541507 0.01346270479280828 0
0.01914852173406531 0.02153891068106436 0
0.02448154868744394 0.01906680928122598 0
0.01950457646502846 0.01556086818800012 0
0.02336269981732425 0.04151609594075276 0
0.01780442634373273 0.02275053307313897 0
0.05815017081655397 0.01221557213641783 0
0.0574118729263161 0.009540036377262976 0
0.02018932883586694 0.01958819885740859 0
0.02130592207549444 0.01509502654941578 0
0.04696400869718462 0.05162186480657792 0
0.01981345431293643 0.01738423857948219 0
0.02010617213663179 0.04853915746177062 0
0.01668208206578491 0.05764492814127611 0
0.01665842318042032 0.01989144077392947 0
0.01817896991179754 0.03228275972912073 0
0.05722258789561122 0.04111906870218024 0
0.02847193667121882 0.0440430888568266 0
0.0165325185665598 0.03729877916905468 0
0.02123047512807589 0.04506328035474567 0
0.002423252578453522 0.03961209657583541 0
0.02407431010867865 0.0420066797798496 0
0.04378505989983313 0.04427160078658748 0
0.02641579222121656 0.04203556874933191 0
0.0174757106314337 0.04180268996890168 0
0.02264909928033425 0.009084295090335027 0
0.02347364904117355 0.04454057491191783 0
0.0244408983193139 0.04457872963564195 0
0.01810170841455124 0.01778356388140016 0
0.0231214720384757 0.04327404877515073 0
0.05289548975773715 0.01644182373114599 0
0.05852702575841828 0.01722035279943994 0
0.05421835667957899 0.01873677258739447 0
0.03160777818868784 0.04434994442852322 0
0.01518327813898252 0.02299048334332105 0
0.01811496794147176 0.02402941109532975 0
0.05836677906488741 0.01327594176721775 0
0.01333473261438612 0.03703071455054519 0
0.0129941427568751 0.02908812448370077 0
0.01033901450692444 0.03008747094650289 0
0.02102092901356353 0.01172610365265769 0
0.0181960858368855 0.0148468948957104 0
0.05881907168746041 0.05145337112193245 0
0.02802745768196767 0.04291441927977035 0
0.01671648095805654 0.03970782206864208 0
0.01499748269364066 0.02607562135831111 0
0.01625703157858118 0.01960515659328759 0
0.01908920420678574 0.04284202510155707 0
0.02551754856903118 0.01947384067791209 0
0.0379666425215644 0.008033844722085709 0
0.03346127392122689 0.04451587696638517 0
0.01957769028690126 0.02127162657262944 0
0.02381512671813029 0.009992286614490174 0
0.002378861317482623 0.03674051242249758 0
0.02740557653511354 0.01317387674911551 0
0.05924322427874036 0.04038412345798206 0
0.0214681309176032 0.0191265748619671 0
0.05857200449743279 0.04289952422992296 0
0.01780661607430221 0.02326810388365084 0
0.05924228933291716 0.01963587199950488 0
0.01759473177034523 0.01498301075285913 0
0.05797879066901757 0.01587757381128638 0
0.02260663799813693 0.04460322277768464 0
0.05875613061810545 0.04039292081293003 0
0.03091239899220105 0.007103511462644464 0
0.05959920441985225 0.04224311999556203 0
0.02229076312052049 0.04085041747660012 0
0.01905958228911699 0.02303449924402667 0
0.02405247425365491 0.01737238011256364 0
0.03087957551266155 0.01556779402451267 0
0.02384332003672676 0.0162323418272049 0
0.02313054741957847 0.01517798753548372 0
0.05915591620755477 0.04360864841912722 0
0.01683952972093563 0.02861868551124939 0
0.01633006612058451 0.03638015956633496 0
0.02393559611384552 0.04401768273018229 0
0.01582219514107281 0.04872630291840484 0
0.05891118764035723 0.01605724107887161 0
0.0130981827380685 0.04841994057912206 0
0.02097315111059358 0.01917908090866055 0
0.01389274418056925 0.04065659714468221 0
0.01672663940863191 0.03927806981963362 0
0.01658430251939241 0.0417276905521558 0
0.0577005968746402 0.04919603717398349 0
0.004465947778184928 0.01828245832815527 0
0.02853159022782556 0.01911189449553657 0
0.0591080642554945 0.04297829437392853 0
0.01557824916098029 0.01484684704738639 0
0.01536149808303576 0.04107511763730586 0
0.0148777497826039 0.0178040871379341 0
0.01859122696913904 0.03388083178173214 0
0.01239142127141361 0.03883377786422468 0
0.01270288733245048 0.03779933864013984 0
0.01150291280079302 0.03789062732812365 0
0.02053516900346829 0.04083820653167421 0
0.05850944484741945 0.0467461777806979 0
0.05812306664113138 0.04778696907807524 0
0.05455457280887237 0.01629527166493917 0
0.01629576600830507 0.0336668893547693 0
0.01805617078566115 0.01603026746130541 0
0.02470973622888613 0.05291631878959259 0
0.02308949343035398 0.05434280939106554 0
0.0208955287775786 0.05497944143533565 0
0.01313792111354459 0.04027127878920536 0
0.01916915428604241 0.02054285263729024 0
0.01615420561193883 0.04142393625403006 0
0.02586212845186706 0.05775029941758487 0
0.01896617290657302 0.01785020848590327 0
0.05671976231142531 0.01194971427147598 0
0.02553421731074045 0.04058444450562423 0
0.05693180326683241 0.04148477626235744 0
0.0178907507853424 0.02915247656764008 0
0.03345303901769991 0.0414143673285072 0
0.03245704197737104 0.05413232369180268 0
0.02464651167300638 0.04382227958812922 0
0.0180138710590949 0.02454646889592952 0
0.00961402443543926 0.04613823073237837 0
0.05741764921368606 0.0447343120771078 0
0.01066215357126415 0.02105633107194992 0
0.02424748294924626 0.04834030680497772 0
0.01818645355967011 0.008562335883675058 0
0.03021568150096064 0.05649577827916753 0
0.03880843333439921 0.05418704619019345 0
0.01313356074470304 0.007102257195692886 0
0.01576854623050104 0.01914268194413599 0
0.01405513536306137 0.05435446676160135 0
0.02631633303436496 0.01390749196351072 0
0.01798073082960223 0.0112980841841544 0
0.017004363437813 0.04877419632596023 0
0.05403716786101943 0.004906579412661191 0
0.04981043270173006 0.01764953628892138 0
0.01214564322810973 0.008802191826512366 0
0.007577797219643127 0.04236619458801269 0
0.01405001471982187 0.04311172861458695 0
0.05619937071201072 0.04043731783606173 0
0.0245858707427624 0.01731744643949666 0
0.01244296819505951 0.01753030827673534 0
0.01851451238700042 0.01805612844787709 0
0.05156233918918284 0.05125591960033747 0
0.05849962820258198 0.04078363391388076 0
0.02133984950401788 0.004416328420816053 0
0.01634356972538327 0.01717016747133273 0
0.04629443022976058 0.0164864061319609 0
0.02316825269822905 0.01718441522663623 0
0.01918360386156826 0.02006193945286747 0
0.01990295387165149 0.05764646593855081 0
0.05000800918075481 0.008824798616872444 0
0.0193197144853206 0.05395531021573353 0
0.0558055266015366 0.04088791174682044 0
0.05965515196024791 0.04123351122678818 0
0.01223801434326641 0.04153403038454036 0
0.01915918875927569 0.03745716251913014 0
0.01611880132747366 0.02260999995495177 0
0.01538655030257914 0.02368610039341149 0
0.01704379457100399 0.04458620759426928 0
0.01700917520457289 0.04529841333945131 0
0.005536729848254117 0.01389980553916475 0
0.03580310247596172 0.04424029859530323 0
0.01549062345652977 0.0252644280462211 0
0.03239390938436101 0.01254498701765656 0
0.02147219298443499 0.05155060891200276 0
0.02940180399120149 0.005194601525135015 0
0.008220079168733747 0.01981854015506201 0
0.05151533715751488 0.01920011705700218 0
0.03978751861463564 0.01544953788305833 0
0.02818215918684756 0.0493428558645333 0
0.003222450288810002 0.003219585604354314 0
0.05921426045665778 0.01702170057334155 0
0.01564254682289051 0.0131930878278349 0
0.04882310477693235 0.00561257309449005 0
0.01581513318758245 0.04422319750440799 0
0.0216626457216514 0.01414701557225631 0
0.0170346818155211 0.04151485310552569 0
0.00842218741291155 0.009942735871841562 0
0.02117122680728285 0.0485866759109409 0
0.05824609877297145 0.01540073253297388 0
0.05921266228668709 0.01750860321334116 0
0.01761431400327117 0.01624360015700927 0
0.002899230222067346 0.05706018210814964 0
0.01911798165538152 0.03588716588268594 0
0.0220547968345746 0.01168404431950291 0
0.01294975993972953 0.02665738511809845 0
0.02338975372504224 0.01575057969283023 0
0.01335514391062189 0.03489044194728746 0
0.01751086573156493 0.04225479425737708 0
0.01965422723434598 0.01980697758216132 0
0.05645653914671152 0.005548567907362002 0
0.005038995893968719 0.02020790886061232 0
0.05210521066570101 0.002172842455926062 0
0.02016691121401958 0.01807820580979714 0
0.0586268153608705 0.0459755582893831 0
0.02719325585559511 0.01656111112051745 0
0.02924962713429946 0.04532871776037302 0
0.05630403748312677 0.05258295059370375 0
0.01522326248123445 0.02171592756705139 0
0.05654106518424644 0.04710766421930657 0
0.01242781772720931 0.03681518514274678 0
0.01235742056606554 0.03559220492895877 0
0.01908766519905082 0.01523791790821331 0
0.01884479039831019 0.01474343192292834 0
0.05800739201532551 0.04076614807452136 0
0.05468387519420366 0.01827971029091338 0
0.01966280582438325 0.04024199720075289 0
0.01317840658912302 0.03942539243277736 0
0.01705894086194958 0.01682357888094883 0
0.02168530487449245 0.0403455319903482 0
0.01712058145394277 0.01632022617668987 0
0.02357794597569329 0.004601810141261431 0
0.01566097167781993 0.02190351203088511 0
0.05801450009720664 0.05801028332344851 0
0.05801928750038544 0.00198267558544437 0
0.01812047674649851 0.04494217047409283 0
0.02339672201713422 0.01459338622817025 0
0.02381081171268252 0.0415529050393619 0
0.01982039249704454 0.04301573136665927 0
0.04343130873448365 0.005434755389824974 0
0.01325462897712332 0.04383564922844831 0
0.01795925589598692 0.03111061991009584 0
0.007364467088196283 0.0134137819938526 0
0.05251170730437514 0.04198119941786437 0
0.0166871177370127 0.03285033046373809 0
0.02347544642673347 0.04081655822443658 0
0.0189507246555903 0.02520030594110526 0
0.01136604840655371 0.04220734623986401 0
0.02038179253879399 0.0417734271466917 0
0.05551415677060169 0.0191469615654961 0
0.05701272278038803 0.04523065787803988 0
0.01164522067996678 0.01582774042396863 0
0.006085480346391912 0.005738145736368962 0
0.02687378693923605 0.05018131602945948 0
0.01502026855977956 0.04979637609389662 0
0.03576591171918997 0.005720762405675282 0
0.01547845890491316 0.01869833909724038 0
0.02127972489401118 0.04458759593311976 0
0.01854199487458149 0.02663179359000536 0
0.01073949419214004 0.00731078414617202 0
0.0463027439572568 0.005440640510623589 0
0.01905422061475569 0.01741144704482483 0
0.01555665702394186 0.03817245513997478 0
0.02709450943569499 0.01819617176395217 0
0.04600377952256187 0.04309434162937879 0
0.01695654836021263 0.007521033369184405 0
0.05035396903229607 0.04473599703289178 0
0.01421162468855681 0.04477335191363504 0
0.0569972840005161 0.007730036752746281 0
0.02301434408081427 0.01393454182260241 0
0.03329509455039013 0.01413311157624162 0
0.01042093712731631 0.03724689371441359 0
0.01194613818282794 0.04961325902728146 0
0.05924476056271714 0.0425118947645219 0
0.05652827853277666 0.01723024613890634 0
0.01350827771243032 0.03783405352386519 0
0.05150100198305212 0.04496489886039434 0
0.05924998284037473 0.01850219888478693 0
0.02649599793179858 0.04444051997583291 0
0.0547723718008515 0.04358745957564875 0
0.0220997053867064 0.04442762261078686 0
0.05750244251913173 0.0407536805715701 0
0.0570261425921039 0.04072562792604705 0
0.01739374980903642 0.03274202056782783 0
0.05100862141494329 0.01533799186510981 0
0.01506771618895481 0.04150138825642111 0
0.02308199110218945 0.007501719163150126 0
0.05875379208611695 0.01966541123122637 0
0.02751315871076516 0.01742294947052767 0
0.01816451279467987 0.02541501374951392 0
0.01967431096799587 0.03974176720861957 0
0.02990996779936681 0.01899273865641719 0
0.05377850572814567 0.01653998499076328 0
0.01480816477919159 0.01717301092673011 0
0.0178189345432105 0.01429810754398429 0
0.007828658714888574 0.05511846171207894 0
0.02014141194016787 0.01873609736766137 0
0.02056277356551919 0.01921285776415077 0
0.004829360269918433 0.05193688967940575 0
0.01914406052747537 0.03707328124385972 0
0.05639556519969835 0.01284260064616603 0
0.02414604981630719 0.04346854184807884 0
0.03413156762740403 0.04293658632455605 0
0.05693805690389582 0.04238331063834593 0
0.01388914102669523 0.02041652291436544 0
0.02634559806452261 0.01946989178649396 0
0.05963993953694329 0.04036006046305668 0
0.02478627568104588 0.04148537020748124 0
0.02585425193855901 0.04128023248505776 0
0.02374143412459418 0.01969965002436111 0
0.004666614665411621 0.04841575540318011 0
0.0585063551993778 0.01928069379746871 0
0.0572795620134272 0.0442321396802812 0
0.008473959733911851 0.007750888983584982 0
0.05197804531407753 0.04604809169868081 0
0.01487680795832831 0.01398465706491015 0
0.004423213843528704 0.04441987967211883 0
0.045833579381786 0.05422162668703023 0
0.0423899046287696 0.05433563024184535 0
0.05964844490708751 0.01964844490708754 0
0.012453162586803 0.02778429337857923 0
0.02878319061473516 0.04194246145114621 0
0.02146226839526161 0.01570969047556044 0
0.05959157933909624 0.04551481411382022 0
0.01511321137907535 0.003232218935331273 0
0.05689584710871388 0.04034641158262135 0
0.02576577382914055 0.001653018583677057 0
0.0190739710557292 0.03497547385808033 0
0.05475067192078165 0.0410981254976102 0
0.02456599312638254 0.01106723589608354 0
0.02071003081558816 0.04609462250480593 0
0.01673795429280259 0.0459822423819608 0
0.02542386398337584 0.04837075829454482 0
0.01379730142797159 0.008534482672701134 0
0.02684489783676785 0.04142822556688062 0
0.05323391233536984 0.04138083456080027 0
0.02235212967906372 0.01417650304093365 0
0.05890564848895555 0.01724069041186631 0
0.05449100735588791 0.04288942987600728 0
0.01576351427814088 0.03608947322467624 0
0.02659595304679901 0.01879241948971723 0
0.01971132053850087 0.03674542533272095 0
0.01594918307366982 0.01740443956220515 0
0.05207576390585356 0.01410363735814238 0
0.008514303158826481 0.02127564742504064 0
0.01928181392708584 0.03949241539668146 0
0.02124006214467035 0.04027745419482687 0
0.00620046466311738 0.01035201305457803 0
0.004396274807132408 0.03585844347873071 0
0.0194752509795777 0.01723429344062156 0
0.04241274996633418 0.01551826135568744 0
0.01870276985986032 0.03315234801609075 0
0.02358242013712981 0.04119899734995908 0
0.05800401826013886 0.0192858923585105 0
0.008462873444460933 0.04719273954874252 0
0.02182400953445768 0.04624647600478383 0
0.01567572463065928 0.03718029205456138 0
0.05148393508459924 0.04071231784273614 0
0.01920975778332868 0.03545328483472265 0
0.009697386268576733 0.05812148949392373 0
0.04936597177217718 0.04237099201398337 0
0.05628312909642892 0.04617765124581133 0
0.02818479712996058 0.01176011288082075 0
0.04983801205538842 0.01528794448476054 0
0.03854735919097832 0.005454149314598554 0
0.02167641961136836 0.04479266734272269 0
0.01783958996379354 0.04540777138898053 0
0.005261324799110581 0.05465083752935183 0
0.01269953081209247 0.01574797436968969 0
0.03046631294821159 0.01799885972912863 0
0.03065283038511207 0.04536258738236159 0
0.03147425257907068 0.005031765926942159 0
0.01582672926833275 0.04114696396839346 0
0.056662875543858 0.04179187074720857 0
0.05737352803179577 0.01506413857892614 0
0.05378147782258803 0.0427280493302466 0
0.02007411193643245 0.01712650363293825 0
0.01591790236647085 0.02379435837400561 0
0.0301387914909609 0.002557782875350724 0
0.0217694266969879 0.04546191964663453 0
0.004372220031038657 0.02194003607882395 0
0.0232674935205134 0.01922561686462668 0
0.05237203862023636 0.01549235878210954 0
0.02832612264148928 0.05799360781288435 0
0.05937038131547134 0.04391819960997741 0
0.01565240736414068 0.04476097396275518 0
0.01567479427246564 0.02250542607705581 0
0.01180050856370701 0.03009077938717687 0
0.01688831784339634 0.03896675608178524 0
0.02339430291425012 0.04388270113159203 0
0.01782905772289559 0.02373287207173235 0
0.03266505544941416 0.01556968220441724 0
0.01243990862888367 0.04070420844803672 0
0.04059439224116437 0.04427639750632292 0
0.05753929273345677 0.01930359128374154 0
0.01710366283016901 0.01053795221994604 0
0.02192891672719607 0.05316268376312135 0
0.02282952348038862 0.01017051430718855 0
0.01351255977724457 0.03376427067506664 0
0.01793571904641302 0.04246451150895193 0
0.05928565397852996 0.01603203775477598 0
0.03685823742553743 0.04662270765555289 0
0.05623170670002682 0.04231596795464126 0
0.002015309128114665 0.02237661509158327 0
0.00930053512557651 0.03708546408879754 0
0.05351904302452505 0.01863698524317316 0
0.01806074053785785 0.01377036552837411 0
0.023048805060994 0.0407352935455581 0
0.03355677188905745 0.01688476730736683 0
0.05055596784218901 0.05287593495859021 0
0.01613241564334855 0.03697517594530923 0
0.0159367221070147 0.01878661045632414 0
0.01154325267538638 0.04311040852909842 0
0.02565997082052352 0.01141968336367946 0
0.002050399390270161 0.01875855910267988 0
0.03300574565069048 0.05218512049716215 0
0.05422528811401534 0.04417919176910738 0
0.02410204264318262 0.01920793716915715 0
0.01400250580136393 0.02669811789271413 0
0.01721244413497182 0.04020742534881444 0
0.05093699814790632 0.01828534337221842 0
2 2 0 667
1943
1944
1945
1946
1947
1948
1949
1950
1951
1952
1953
1954
1955
1956
1957
1958
1959
1960
1961
1962
1963
1964
1965
1966
1967
1968
1969
1970
1971
1972
1973
1974
1975
1976
1977
1978
1979
1980
1981
1982
1983
1984
1985
1986
1987
1988
1989
1990
1991
1992
1993
1994
1995
1996
1997
1998
1999
2000
2001
2002
2003
2004
2005
2006
2007
2008
2009
2010
2011
2012
2013
2014
2015
2016
2017
2018
2019
2020
2021
2022
2023
2024
2025
2026
2027
2028
2029
2030
2031
2032
2033
2034
2035
2036
2037
2038
2039
2040
2041
2042
2043
2044
2045
2046
2047
2048
2049
2050
2051
2052
2053
2054
2055
2056
2057
2058
2059
2060
2061
2062
2063
2064
2065
2066
2067
2068
2069
2070
2071
2072
2073
2074
2075
2076
2077
2078
2079
2080
2081
2082
2083
2084
2085
2086
2087
2088
2089
2090
2091
2092
2093
2094
2095
2096
2097
2098
2099
2100
2101
2102
2103
2104
2105
2106
2107
2108
2109
2110
2111
2112
2113
2114
2115
2116
2117
2118
2119
2120
2121
2122
2123
2124
2125
2126
2127
2128
2129
2130
2131
2132
2133
2134
2135
2136
2137
2138
2139
2140
2141
2142
2143
2144
2145
2146
2147
2148
2149
2150
2151
2152
2153
2154
2155
2156
2157
2158
2159
2160
2161
2162
2163
2164
2165
2166
2167
2168
2169
2170
2171
2172
2173
2174
2175
2176
2177
2178
2179
2180
2181
2182
2183
2184
2185
2186
2187
2188
2189
2190
2191
2192
2193
2194
2195
2196
2197
2198
2199
2200
2201
2202
2203
2204
2205
2206
2207
2208
2209
2210
2211
2212
2213
2214
2215
2216
2217
2218
2219
2220
2221
2222
2223
2224
2225
2226
2227
2228
2229
2230
2231
2232
2233
2234
2235
2236
2237
2238
2239
2240
2241
2242
2243
2244
2245
2246
2247
2248
2249
2250
2251
2252
2253
2254
2255
2256
2257
2258
2259
2260
2261
2262
2263
2264
2265
2266
2267
2268
2269
2270
2271
2272
2273
2274
2275
2276
2277
2278
2279
2280
2281
2282
2283
2284
2285
2286
2287
2288
2289
2290
2291
2292
2293
2294
2295
2296
2297
2298
2299
2300
2301
2302
2303
2304
2305
2306
2307
2308
2309
2310
2311
2312
2313
2314
2315
2316
2317
2318
2319
2320
2321
2322
2323
2324
2325
2326
2327
2328
2329
2330
2331
2332
2333
2334
2335
2336
2337
2338
2339
2340
2341
2342
2343
2344
2345
2346
2347
2348
2349
2350
2351
2352
2353
2354
2355
2356
2357
2358
2359
2360
2361
2362
2363
2364
2365
2366
2367
2368
2369
2370
2371
2372
2373
2374
2375
2376
2377
2378
2379
2380
2381
2382
2383
2384
2385
2386
2387
2388
2389
2390
2391
2392
2393
2394
2395
2396
2397
2398
2399
2400
2401
2402
2403
2404
2405
2406
2407
2408
2409
2410
2411
2412
2413
2414
2415
2416
2417
2418
2419
2420
2421
2422
2423
2424
2425
2426
2427
2428
2429
2430
2431
2432
2433
2434
2435
2436
2437
2438
2439
2440
2441
2442
2443
2444
2445
2446
2447
2448
2449
2450
2451
2452
2453
2454
2455
2456
2457
2458
2459
2460
2461
2462
2463
2464
2465
2466
2467
2468
2469
2470
2471
2472
2473
2474
2475
2476
2477
2478
2479
2480
2481
2482
2483
2484
2485
2486
2487
2488
2489
2490
2491
2492
2493
2494
2495
2496
2497
2498
2499
2500
2501
2502
2503
2504
2505
2506
2507
2508
2509
2510
2511
2512
2513
2514
2515
2516
2517
2518
2519
2520
2521
2522
2523
2524
2525
2526
2527
2528
2529
2530
2531
2532
2533
2534
2535
2536
2537
2538
2539
2540
2541
2542
2543
2544
2545
2546
2547
2548
2549
2550
2551
2552
2553
2554
2555
2556
2557
2558
2559
2560
2561
2562
2563
2564
2565
2566
2567
2568
2569
2570
2571
2572
2573
2574
2575
2576
2577
2578
2579
2580
2581
2582
2583
2584
2585
2586
2587
2588
2589
2590
2591
2592
2593
2594
2595
2596
2597
2598
2599
2600
2601
2602
2603
2604
2605
2606
2607
2608
2609
0.02483294741109375 0.02048548112663645 0
0.05512569436032137 0.02048275877143812 0
0.05511931352074975 0.03949104502714408 0
0.0247593805105283 0.03950791008961355 0
0.02084836123883623 0.02742144065148199 0
0.05918631256232296 0.02723235602083101 0
0.02079592633109513 0.03269445751657511 0
0.05920635967253391 0.03255821840928515 0
0.05013149373295792 0.021191411391447 0
0.02984521765191734 0.02119472972025657 0
0.02996600633900567 0.03890232776759917 0
0.05013410383230046 0.03880381685181066 0
0.02041881866166582 0.02427004935840218 0
0.05956173368869042 0.02423262323409445 0
0.0204361750164339 0.03581174791765081 0
0.05950804653292901 0.03570989291851377 0
0.05730357554173904 0.03957713240937619 0
0.02277012098149861 0.02039553843871789 0
0.05724600934650843 0.02043803667781396 0
0.02275412206988829 0.03956087696285387 0
0.05956525321888091 0.03724864573938116 0
0.02041309617832383 0.03721102745729952 0
0.02041061144782279 0.02276210875786745 0
0.0595869970155689 0.02274882764673017 0
0.04421152865520294 0.02246996010591032 0
0.03577520251486147 0.0380196245842489 0
0.03573065465033808 0.02200013648379506 0
0.04423503825743196 0.03799781618867768 0
0.05873200405311736 0.02989771619749334 0
0.02115448317703959 0.02992700970075041 0
0.02634156305059086 0.03928535327845908 0
0.05379520938653681 0.02077750680575798 0
0.02631630646324003 0.02065726520126049 0
0.05366489303813902 0.03929671226758599 0
0.05939815914105998 0.03442068085332858 0
0.02057879868782342 0.03450443714619066 0
0.05937345675375886 0.0254838293768135 0
0.02061125587501262 0.02557997356293523 0
0.05957362491897784 0.03822821836730676 0
0.02049642884689401 0.03822869129163897 0
0.05960945346886154 0.02175751077954018 0
0.02039734429293783 0.02172645256932993 0
0.05631181329727763 0.03958308044339406 0
0.05634608249271144 0.02039120367664412 0
0.05829839280706184 0.03959402527864326 0
0.02376696121711879 0.02040398412868786 0
0.02167654276731499 0.03960025417419522 0
0.02372365938336141 0.03958863935132299 0
0.0217800461719221 0.0204043039409629 0
0.05827181472893331 0.02038857321942949 0
0.0204615407153977 0.02076910089707789 0
0.02041565333814305 0.03925616114722483 0
0.05953912256339602 0.03921954596636717 0
0.05956717189587395 0.02074968026729005 0
0.02848466284248512 0.02100746257938362 0
0.02877345594582401 0.02225855541294053 0
0.03044924834217581 0.02252996356283926 0
0.02949580054077415 0.02370834724616565 0
0.02803825151626229 0.02349577272136954 0
0.02855796363693431 0.02483906523079449 0
0.0300454235164165 0.025174453053822 0
0.02898529370713433 0.02639774278525302 0
0.03066924617495514 0.02678159359300965 0
0.02947895630458932 0.02817383181391158 0
0.02718182031989691 0.02452083524296109 0
0.03140171092969744 0.02862353122445155 0
0.03005918180051813 0.03017342272621157 0
0.02780030768109646 0.02756680157190501 0
0.03213984553998943 0.0307147069411192 0
0.03368699855509149 0.02889932921582265 0
0.03054215490682322 0.03228415877248759 0
0.02835042312156974 0.03162387765453623 0
0.03456688316081352 0.03126971105413889 0
0.03631240875735235 0.02915627167816805 0
0.03745654402525878 0.03190852465647274 0
0.03939010474194287 0.02947215142104594 0
0.02907076615805887 0.03361265560551906 0
0.02737082194333795 0.03322662944822002 0
0.02774452854748703 0.03496974465260532 0
0.02631071661624981 0.0343450634975006 0
0.02589507869251787 0.03299487861979301 0
0.02504213123593719 0.03401935869375371 0
0.02538735782060998 0.03517352654226806 0
0.02434606698071556 0.03489684901578839 0
0.02464221206001882 0.03586447444432288 0
0.02374484303681882 0.03565481285666856 0
0.02401323710727223 0.03648246773885316 0
0.02325301606771826 0.03628426676050706 0
0.02349093219650571 0.03695534323730846 0
0.02288204571827423 0.03682300476930252 0
0.02267127565899971 0.03623716545049166 0
0.02305078576511574 0.03736520062342123 0
0.02252718512196025 0.03725256338778089 0
0.02357429157939883 0.0375427332867121 0
0.02267739497193854 0.03774108018533343 0
0.02217664900833909 0.03762736127900815 0
0.02206564144061141 0.03711949762175849 0
0.02334657448540317 0.03476910429859716 0
0.02554878542392721 0.03618691857891213 0
0.02458955799496501 0.03277782074889448 0
0.03091404845714817 0.03424787379861111 0
0.02545691779663249 0.03170851547245365 0
0.02232324807264725 0.03810628822929159 0
0.02280717615781042 0.03821915942942276 0
0.02183355262594893 0.03799474986033169 0
0.0267403886948609 0.02332677348427224 0
0.02600069738380748 0.02423120750626829 0
0.02566144588741624 0.02307044385785477 0
0.02495888330476716 0.02402438226773025 0
0.02467502047614246 0.02313765514500972 0
0.02414607928376988 0.0237759003013735 0
0.02428288630733869 0.02467417172714936 0
0.02387798092595684 0.02309086574332567 0
0.02342924816538332 0.02359832137410767 0
0.02319574299589815 0.02302236961728027 0
0.02280430659030992 0.02347274830712551 0
0.0226186571155693 0.02293449051205801 0
0.02303459592649512 0.02410269864900395 0
0.02295767601663021 0.02251188729206873 0
0.02242779440193195 0.02244458390249957 0
0.02224499390590034 0.02334907057737021 0
0.02272940675485665 0.022038518006516 0
0.0232303585871631 0.02208700231035763 0
0.02222823386908553 0.02197921935561221 0
0.02192657573531511 0.02237750393224805 0
0.02173091281514402 0.02191764004322663 0
0.02504667153484134 0.02238601246607173 0
0.02302014331345845 0.02163095285646568 0
0.02351050599297107 0.02167667777399199 0
0.03175862647224555 0.02545589806993679 0
0.02202935181790752 0.02151885288994641 0
0.02153454902573044 0.02145760511944559 0
0.04062298134305237 0.03244342046546962 0
0.04258197961340888 0.02979019658954479 0
0.0241245994621521 0.03146331584869475 0
0.02496481124970958 0.03028430236017697 0
0.02198020151698042 0.03847230388771612 0
0.02149246986213707 0.03836067988932582 0
0.02135723626678803 0.0378946265444711 0
0.02143025928073859 0.02231707067775312 0
0.02631229894059255 0.02544135126966447 0
0.02327985841856717 0.03261150571826736 0
0.02161970499643323 0.02277234647155974 0
0.04108177755029679 0.02701474321374663 0
0.04430202519307053 0.02700500704781976 0
0.04559032878540376 0.02995836309690566 0
0.04731256550572811 0.0277579683486985 0
0.04836395171507787 0.03001215758507626 0
0.0498276100015755 0.02786063938662792 0
0.05071170367664794 0.03005276132772522 0
0.05189210218182379 0.02848569473525527 0
0.05296506731925713 0.03022197028588651 0
0.05174950399395845 0.03183345402850297 0
0.053521472866926 0.03198548908777546 0
0.05267109678664088 0.03333222602805791 0
0.0543438579112114 0.03349723450685683 0
0.05104345987309505 0.03334593391935239 0
0.053458214240548 0.03462412536421281 0
0.05471217874879161 0.03475281817704308 0
0.05377082307333902 0.02850340286761693 0
0.05293784318986061 0.0269354971102544 0
0.05413076574549025 0.03578288888591626 0
0.05523204154627111 0.03565694971718533 0
0.05575527269014316 0.03494134961185675 0
0.05612926804711114 0.03574521292845071 0
0.05568573263447602 0.03638133772569858 0
0.05648578762966668 0.03642515617685156 0
0.05693027614320116 0.03583619557760961 0
0.05716613822451354 0.03649280970862034 0
0.05681096325597357 0.03698780447920529 0
0.0574002663192138 0.03702497954420143 0
0.05710463418777633 0.03747722766903705 0
0.05657260845345696 0.03748266481196131 0
0.05762610930272469 0.03750315330093286 0
0.05774308546363466 0.03658487500003036 0
0.05464912954948099 0.02723380499874295 0
0.05415302109390809 0.0259722117252526 0
0.05551192037155787 0.02608423415543302 0
0.05491510037237919 0.02501994267068371 0
0.05382055274143695 0.02482057490747454 0
0.05457399334093156 0.0240438752688675 0
0.05553288320535012 0.02420042696793466 0
0.05351509871509671 0.02377404184553722 0
0.05269242145510929 0.02460915816738151 0
0.05520881231872597 0.02334294710789399 0
0.05605905837384978 0.02342218322834336 0
0.05635035905771483 0.02425441876105337 0
0.05676103793933079 0.02360386865995642 0
0.05659621013701405 0.02299521360413737 0
0.05713681929703304 0.0230854661391808 0
0.0569576257609994 0.02257793824179809 0
0.0574828879513543 0.0226619409986049 0
0.05760220468693421 0.02318646368525373 0
0.05643858750269762 0.02247172382845413 0
0.05731409391224439 0.02219175621595541 0
0.05780247697530402 0.02226632590984159 0
0.05715094235556578 0.02420304979134981 0
0.05503456189871803 0.03220903008417735 0
0.05684538527802245 0.03793250907857771 0
0.05632962315673208 0.03794152822138383 0
0.0529071262154412 0.0357325339465043 0
0.05761742845003658 0.02179321158478453 0
0.05709614657515624 0.02171118316265973 0
0.0581221116768299 0.0218805954429995 0
0.05598985979398463 0.02728640108274431 0
0.05831458028276566 0.02240698452822325 0
0.04872967719436486 0.02585684965321593 0
0.05352386234823545 0.0367382111099419 0
0.05663040481187123 0.02640712985794162 0
0.04702596174717048 0.03230347026707832 0
0.05659270003213209 0.03838224912656094 0
0.05710193348282892 0.03837016480346917 0
0.0560668526950362 0.03840924478853659 0
0.05578194790065076 0.03792637128886951 0
0.05237434505950748 0.02346330254429021 0
0.05237160558207726 0.03674207864951828 0
0.05793114575616329 0.02140378805999153 0
0.05843653898955159 0.02149171053357739 0
0.05549758824553137 0.03843247435515459 0
0.05516462414116666 0.03788492769073263 0
0.05320249511098179 0.02260808768557274 0
0.05139541786181085 0.02448611811967516 0
0.05715841456462178 0.02738077805311447 0
0.05656317000810665 0.02839244026466491 0
0.05776772270298738 0.02639903376012578 0
0.02330878622348568 0.0212327116461579 0
0.02381091388067427 0.02127457639319324 0
0.02403660410866604 0.02177807039950255 0
0.05487622929096168 0.03844529609387208 0
0.05168771724340267 0.03575699807795696 0
0.05685927266732071 0.0388134350524278 0
0.05735945240737145 0.03880236438760883 0
0.05760064751500869 0.03836429989116333 0
0.05785936760801418 0.03879218166130992 0
0.05810060272112753 0.03835674509596979 0
0.05835904780596407 0.03877125265346015 0
0.05859837192008627 0.03834393245545575 0
0.05834242866072044 0.03792619278225399 0
0.05882157014776684 0.03792145056324165 0
0.05858323010166496 0.03751594176886894 0
0.03525762996849859 0.02658030943052049 0
0.0588289238112433 0.03878288687066726 0
0.0519542421041157 0.02229633722922312 0
0.05447058744340993 0.03786999505989649 0
0.05289233171121713 0.03764485517062474 0
0.02433150508684339 0.02131388730990154 0
0.02281400261488292 0.02119246388065785 0
0.05781293638297076 0.0284676629289763 0
0.05480153926526778 0.03716155628257636 0
0.02356454468190927 0.03005371913576553 0
0.02438132448650973 0.0288519775806525 0
0.02288991050540851 0.0286045722678153 0
0.02383926631395152 0.02752228190844446 0
0.02516310485144431 0.02767434891311277 0
0.02461709720934999 0.02640388860604117 0
0.02334674359190347 0.02638144067488625 0
0.05668738785297763 0.02496103334337627 0
0.0574564038900719 0.0249485716775637 0
0.0578711272504491 0.02435633014159158 0
0.0581792512294954 0.02497849930498309 0
0.05850571891621698 0.02439265263510451 0
0.05825772345414581 0.02385728969401098 0
0.05878281843816583 0.02389475764907244 0
0.05857603912719554 0.02340853284395479 0
0.0591179267743468 0.02346351366896819 0
0.05884221611061069 0.02300515631721315 0
0.05582861583840694 0.03892000743762168 0
0.05718188622308361 0.0296225128432831 0
0.05777193446293352 0.03098490528092669 0
0.05109164318183823 0.03687381661203068 0
0.05016894827695199 0.03565859412160531 0
0.02164436525576558 0.0388170089402181 0
0.02118097201915788 0.03871467037752709 0
0.02212670807948899 0.03894995350525004 0
0.03542299224122832 0.03398411094695504 0
0.02666470102711206 0.03038731585562941 0
0.05582919344149131 0.02978312192839083 0
0.02115224289901622 0.02270579449605558 0
0.02132548851423709 0.02317669119449387 0
0.02093390608455639 0.02225654776999366 0
0.05193060991537807 0.02573681810700765 0
0.02736535854770942 0.0223807892210145 0
0.02420717980141171 0.0224115981421433 0
0.02262235644680303 0.02724007243615054 0
0.02230512910831957 0.02619584167576157 0
0.02289491571513234 0.02542524735459417 0
0.02193658224584499 0.02523108890798131 0
0.02634558354631725 0.02221415817656575 0
0.04657258766980675 0.02548734776505501 0
0.04807821441376307 0.02374140348219093 0
0.02183308762142252 0.0210713960787172 0
0.02129677518977783 0.02100255544533781 0
0.02106125445023432 0.02146772987412793 0
0.05771282241193196 0.02374757649918297 0
0.04960193802655367 0.03728664842967454 0
0.0485195867600554 0.03570734035952729 0
0.04769244532907497 0.03722067054115166 0
0.04661342443287593 0.03565101744256348 0
0.05142432620195971 0.03837695982274655 0
0.05835293602204069 0.02294990182837078 0
0.05571936031672692 0.03333407909342968 0
0.05634003594292115 0.03241744832623786 0
0.0569643827993046 0.03353762251456556 0
0.05428159980118394 0.02309942812603468 0
0.05496487191986063 0.02254493212824774 0
0.05662588800425618 0.03508414989474704 0
0.05752730361833543 0.03527018782915055 0
0.0248274882520481 0.03674054829469415 0
0.02561364105061882 0.03712027970929017 0
0.02643432085934148 0.03662050765705827 0
0.0248838603632943 0.03754772371630703 0
0.02641159321235353 0.03755472275759529 0
0.02733923335341284 0.03707224615673414 0
0.02725146797512211 0.03818911216848029 0
0.02833033586196279 0.0375690734165578 0
0.02842809047772079 0.03885102485337428 0
0.02831730960143212 0.03634728598598279 0
0.0295380466548536 0.03686830154130871 0
0.03059593904937174 0.03759907552787844 0
0.05756711225956596 0.0360294821025795 0
0.05810535465631153 0.03616005300401331 0
0.05825909644743416 0.03666194625849226 0
0.05861772527400409 0.03627920287331211 0
0.05849310843078599 0.03577919955060077 0
0.05872187705294878 0.03676451095864174 0
0.05910446899838601 0.03650031088970983 0
0.05754809066032018 0.03275435867929635 0
0.05797587912968254 0.03358523541059103 0
0.05160468224546187 0.02111774900448699 0
0.02467431444119052 0.02177459178244434 0
0.02527049233023394 0.02170735896234512 0
0.02129901744771886 0.03920475478499957 0
0.05825758267231595 0.0210392568611203 0
0.05874986299031595 0.02112842862647915 0
0.05781698455474379 0.02092956237724591 0
0.05891326621790742 0.02155215264640484 0
0.04395548369845804 0.03275331498032524 0
0.04185239066466358 0.0347053827364309 0
0.04968640331198928 0.03185217449013631 0
0.02385707691650833 0.03373113143127892 0
0.02286194594910492 0.03385581861909347 0
0.02245617593348453 0.03481187965642214 0
0.02198403201292391 0.03406753633436453 0
0.02167576327377413 0.03488568571249565 0
0.02210480746918782 0.03555177543347336 0
0.02141152856891612 0.03556795300032985 0
0.02171235872586611 0.03608757933133801 0
0.02117113239812021 0.03612649547093256 0
0.02144605776316634 0.03655550931825172 0
0.0209735797532705 0.03660868020082988 0
0.02116468232570875 0.03697395950004564 0
0.02285466862424997 0.03556837739123801 0
0.02190520706218919 0.03661219775502882 0
0.03888099702524356 0.03498148971167907 0
0.03327270771559572 0.02199984737646378 0
0.03353092910200467 0.03832962639661432 0
0.04672682867512357 0.02190044645517011 0
0.04930664400477928 0.0340273422831821 0
0.05565397174781934 0.02275360287973611 0
0.05557339201179141 0.02204505330213598 0
0.05482883571546433 0.02181492934980622 0
0.05539810024291158 0.02137913389126151 0
0.05598484342711958 0.02151813022468336 0
0.05586273340009891 0.02101780113266418 0
0.05636711241189037 0.02116673250968751 0
0.05652820566882918 0.021630016415286 0
0.05472591050989664 0.02107325654053585 0
0.05415904024721557 0.02150509640407441 0
0.05335975905427109 0.0215705805665461 0
0.02227822658152156 0.03305589273604891 0
0.02236994419734988 0.03194856517559131 0
0.03274039058561836 0.03293365321358794 0
0.03285641920770752 0.03510135776821581 0
0.05791350676951469 0.03706757179419065 0
0.02944075621352434 0.03533199727862342 0
0.03454997469498878 0.02408232243553904 0
0.03694910005096089 0.0243382594713479 0
0.02644438703855617 0.03556900523906875 0
0.0545130270157958 0.03079704541951149 0
0.02079861060109003 0.02306832961601212 0
0.02102104066297264 0.02355860076996153 0
0.02151062374767946 0.02363533782524703 0
0.02122096433226557 0.02403429143077836 0
0.02173006117195461 0.02410660669588528 0
0.02140934504112027 0.0245504045667586 0
0.02413001984567288 0.0372917346052537 0
0.02424563014783279 0.03797514710363487 0
0.02486458540021564 0.03829038296230824 0
0.02427064835101127 0.03861376377398694 0
0.0236571021685954 0.0381850093539057 0
0.02369125535542225 0.03878950476156606 0
0.0255721152284623 0.03793939022051709 0
0.02551830451320196 0.03871511453185362 0
0.05688346035171288 0.02124606869018899 0
0.05674208964519072 0.02076641878981848 0
0.02763083495934959 0.02591533329750001 0
0.02388362623385112 0.02553927740177605 0
0.02137357564363006 0.02588972633302048 0
0.05715156566791693 0.03451897789911017 0
0.05814894862982922 0.03456874787697278 0
0.05921928087430371 0.0211637046497283 0
0.05606854279902863 0.03699936127114738 0
0.02578085010844393 0.02894108007579797 0
0.0593362663343005 0.02633837857810991 0
0.02067068665256285 0.03366472469908683 0
0.05930580396266739 0.03357576832149704 0
0.0590077865240854 0.03137933530950161 0
0.02113447835329545 0.03152062956857301 0
0.02095409105340388 0.02854069859228454 0
0.05885855747177974 0.0249332425226323 0
0.05853689527902908 0.02566612783149507 0
0.02549531211358047 0.02055930700130483 0
0.05443366196395845 0.03938656628171718 0
0.02728968856801084 0.02077570055193051 0
0.02727611266154251 0.03917939149709103 0
0.05270661164941905 0.03925254358893104 0
0.04849413411965511 0.02139104268156772 0
0.04124146653862813 0.0222802268916618 0
0.0594652969815538 0.03511772857712361 0
0.02049619210550591 0.03522497730957377 0
0.02050996169188251 0.02485995105675193 0
0.05947370562997895 0.02478538424551796 0
0.05910598691595879 0.03751004794958504 0
0.0205465125237205 0.0235074454318945 0
0.02405187205069581 0.02085767401342305 0
0.02261123534271527 0.02466701085875685 0
0.04456342777347606 0.02461983238898143 0
0.05904077859502958 0.02846339121249301 0
0.05743560796381016 0.02123623462662733 0
0.05894182451697198 0.03542858178083799 0
0.02033341155940491 0.03626535091496603 0
0.05957880596251418 0.02373432983859418 0
0.0242246832847275 0.03956852460839808 0
0.05574163511460171 0.03944594597304653 0
0.02305292946254678 0.02081084877197559 0
0.05857624044169885 0.0391864738931619 0
0.02356150591021607 0.02255321752848291 0
0.05735347738455025 0.03793150247960992 0
0.05634343814741045 0.03883733165112151 0
0.02344148996565966 0.02476683687821784 0
0.02071957386064367 0.02640486104894375 0
0.02100480614401545 0.03824903665849433 0
0.02088854827156474 0.03780510639659085 0
0.02123920485548101 0.02186295342213741 0
0.02046961028423763 0.03668479592676847 0
0.02047749621895714 0.02224306087189493 0
0.0204262092650579 0.03877374336778139 0
0.05957995058972987 0.03774328549568041 0
0.05958953481001895 0.02324043686777219 0
0.0595709352104722 0.03675272491820737 0
0.05957874833360711 0.0222525934874424 0
0.05910722415788708 0.02258575315433493 0
0.05956941172743699 0.03868902937777276 0
0.02038916333130855 0.02127022503707427 0
0.05860947821106301 0.02195251374041313 0
0.02545069511047258 0.03945164722256556 0
0.05903830254080071 0.02075368028830958 0
0.02246620274546765 0.03858386801095041 0
0.02291589335303195 0.038699799854144 0
0.02235574028571834 0.02396495848796108 0
0.05681693643303258 0.03958230747640312 0
0.02126156690501396 0.0204749001733553 0
0.05781187134871968 0.03958033264456066 0
0.02324346820113807 0.03958726349354824 0
0.02228920226508333 0.0204029083918446 0
0.0577763937668669 0.02045455163734703 0
0.02220707251105854 0.03947973045535642 0
0.05552513959290168 0.03737617338551518 0
0.02260596374917605 0.03906210610033307 0
0.02172474025284837 0.03750905457600731 0
0.02252369955727583 0.02157961680309134 0
0.02823830704033051 0.02944531449181156 0
0.02523652804129712 0.02489575563708189 0
0.02585327960493793 0.02659339811826691 0
0.02232209720823298 0.02113678754835989 0
0.02316746558313259 0.0379003663650776 0
0.05417070628397702 0.03863318480384029 0
0.0314085726807062 0.0213662873070197 0
0.03839445717036352 0.02219705280459101 0
0.05800586910897227 0.03568508264539274 0
0.05677015813256807 0.02207614329238011 0
0.05578382525502693 0.02050793017372027 0
0.02210528531934799 0.02284903852242726 0
0.03825190695087 0.03783340466996745 0
0.05912034419990202 0.03839719560350928 0
0.05912540219162052 0.02200428339641682 0
0.05785202722336577 0.03793540145904485 0
0.03813626863111124 0.0268395912503769 0
0.05958613077441843 0.03625159866354977 0
0.0497925823556204 0.02263879379376602 0
0.0499029437240282 0.02429004336154283 0
0.0559217421945721 0.03125581284263071 0
0.05488789096983799 0.03639325475344796 0
0.05617190832974851 0.02200830804100893 0
0.02090945561794169 0.02074844588253988 0
0.05584418656875664 0.02504303550537292 0
0.02111711648921283 0.0251137496538609 0
0.02618564783292785 0.03839137334869382 0
0.05902930929568447 0.03921320342691793 0
0.03107414225217616 0.02396418411473334 0
0.05113371045246645 0.02316563719134989 0
0.02161099850159179 0.02683718255033791 0
0.02179699471131816 0.02787115315666911 0
0.05267865474032609 0.02076817252657491 0
0.02079022856051539 0.03956143706912039 0
0.03094882248652576 0.03599730367313888 0
0.02179487305981732 0.02322854163659906 0
0.02483156839101223 0.03891477203058898 0
0.02042038510447307 0.03771330151172964 0
0.04849395273492323 0.03864332801224538 0
0.05916975827114788 0.0370130231997839 0
0.05875698756738026 0.02039606105569856 0
0.05795009027657652 0.02277535459477601 0
0.04427924787884172 0.03562616216467579 0
0.05811348123100139 0.03750803709373984 0
0.05833538134422699 0.0352137556824834 0
0.05883563346627906 0.03481343079792065 0
0.0587154576872786 0.0340216923627115 0
0.0592468220329416 0.03961724593475613 0
0.04653928703443486 0.03851870274324224 0
0.05415468483700114 0.02223366829864694 0
0.05529346920451567 0.03894931395928143 0
0.02081652491111395 0.03901473258929037 0
0.0230501682245309 0.03916457854516985 0
0.02396934679054604 0.03917020071901674 0
0.03465070284487269 0.03620815606655572 0
0.02353593740177738 0.02082225429701641 0
0.02086758342723811 0.03732589007384409 0
0.02676125355686774 0.03195863636129462 0
0.05807530266313745 0.02332085319092488 0
0.05906808959350097 0.02436718087507225 0
0.05522453959753421 0.02846972581693846 0
0.05815578624259596 0.02733394687192299 0
0.04164277282507246 0.03757873854555913 0
0.05779493332386551 0.02552282244669364 0
0.02237272249258041 0.03670018439563093 0
0.05139806248704117 0.02694814559550179 0
0.05306951846655004 0.02563480221646392 0
0.0214774117819083 0.03340541539105384 0
0.05877844004800767 0.03960182475557987 0
0.02074470287905345 0.02037439205820719 0
0.02325804676447778 0.03843985351442427 0
0.05217240148419969 0.03460271661349889 0
0.02104727065631543 0.03505491100837885 0
0.02428204558192826 0.02044214877015217 0
0.05810897163606129 0.03915989206521269 0
0.05452281881276032 0.02046670442354639 0
0.05040214714656785 0.02572207863836371 0
0.02124918261297799 0.03967328920566304 0
0.02370141026842307 0.02210364376779447 0
0.02499579157441175 0.02112930617323749 0
0.02584225781857672 0.02140964937820827 0
0.05703439351774379 0.02562187965930055 0
0.05760484871950956 0.03916893734424035 0
0.0396514714254059 0.02453219209088994 0
0.05326088269018089 0.0385563014506059 0
0.05839854631572987 0.03711124008834557 0
0.05901967455477505 0.0359773729285086 0
0.05626381839065826 0.03426715792837945 0
0.02074750694056529 0.02394389914194318 0
0.02090395219278538 0.02446205753474919 0
0.05711723914118189 0.03916376973536904 0
0.02326237870253791 0.02040543760606629 0
0.02127711379812048 0.03427467379134239 0
0.03259655779576017 0.02705311495973835 0
0.02675035669602224 0.02147131170081878 0
0.05605557238055402 0.03754521979577544 0
0.05661006276762568 0.03917893491521909 0
0.0220016521016431 0.03085115354807695 0
0.05677717166642494 0.02031913182885531 0
0.05716329332690244 0.02087706578485778 0
0.02196066893423049 0.02370175137044889 0
0.05857592258629106 0.02645480146172959 0
0.05097384517510031 0.02205143430580123 0
0.0317599619725176 0.02278830308017478 0
0.04587764769362239 0.03411194647330078 0
0.02159611633114343 0.03704046449036094 0
0.05929968011181477 0.02037947520617366 0
0.05875508825635037 0.02233217381758257 0
0.02725595588004593 0.03611575793828985 0
0.02643685667057716 0.02770807828203003 0
0.02200859281747069 0.02450401390346862 0
0.05414559105669411 0.03724023114351614 0
0.05964473603349994 0.02126215354477976 0
0.02349788098731213 0.0391909113655089 0
0.03154133665462648 0.03875980209687725 0
0.02126935793265271 0.03746014680822478 0
0.0209149082724627 0.03571425540994445 0
0.02220533361044739 0.03616782951755785 0
0.02258168550218472 0.02080475688256249 0
0.02235961040521711 0.02980932957809884 0
0.02081907407555266 0.02185722272691132 0
0.04603051743747448 0.02364379803946156 0
0.03235093939486667 0.03691889170107553 0
0.05372941706665729 0.03789123637548436 0
0.02470945421328464 0.02542867664503531 0
0.02364723899265873 0.02418700305335566 0
0.02037342208955079 0.0231457202560706 0
0.05925347910768379 0.02299872106916021 0
0.0244988323409946 0.02084569947867014 0
0.05087583417648574 0.03467831700311913 0
0.05923873624877982 0.03796313757463181 0
0.02442391090316852 0.03914439749043518 0
0.05830116961613833 0.03207532190182111 0
0.05852157043852536 0.0207388531830228 0
0.0207870688360906 0.03857762878908896 0
0.05879794008756772 0.03716653476680584 0
0.05613580242772673 0.03918862128924711 0
0.05627738848562598 0.02566535609677922 0
0.05151533715751487 0.03929785967743297 0
0.02180305954716624 0.03919914081226673 0
0.03664472673689379 0.03618470626703063 0
0.02077525880188257 0.03695642704433946 0
0.03370035320382293 0.0255962245489541 0
0.05850879345477016 0.03309509918086703 0
0.02035491042587794 0.03964534843103348 0
0.05964063705684392 0.03963959421903448 0
0.02035892754400954 0.02035997365914802 0
0.023282648936955 0.03885692960816262 0
0.03268596105189112 0.02398112993763364 0
0.02208412578287839 0.02077406411759734 0
0.05922600341617391 0.02396442496401181 0
0.02680671557131074 0.02664499250787328 0
0.02035449594080519 0.02385586158455366 0
0.02773270452001033 0.02157876389321759 0
0.04221062574411103 0.02455721825561342 0
0.04746865292770069 0.03436022336513039 0
0.05727076044104513 0.02354156801091152 0
0.02705230630293625 0.02876305775942297 0
0.02077493914480715 0.02259589634897412 0
0.05230441074340269 0.03845090583509629 0
0.05070628621871996 0.03785577763743542 0
0.0525599666510313 0.02167218540248077 0
0.02306692496422956 0.03113922237193969 0
0.02080182104857652 0.02112623627845631 0
0.04567616198087535 0.03707685575364176 0
0.05615319946683719 0.02281402543081409 0
0.02163547450053152 0.03250257010624115 0
0.05706731798800446 0.03172517900285975 0
0.05921742231953256 0.03886037224904688 0
0.05810772720345676 0.02071500505319499 0
0.02075642961057533 0.03623055842295164 0
0.05186373139994212 0.03763440362476425 0
0.05967416542996411 0.02032578846366475 0
0.02563329022347709 0.02215752456820912 0
0.05756019405668333 0.03405264592530988 0
0.05620866079176473 0.02078464849539005 0
0.02396615900571543 0.03839085624827339 0
0.02539756065123354 0.02571766428319227 0
0.02390176093537498 0.03774865608737659 0
0.02069273698679903 0.02149936053458006 0
0.02164175775789512 0.02075247106533207 0
0.05527471746762271 0.03683663901962961 0
0.05676604035131574 0.03060126546077554 0
0.05539150084613592 0.0208860428351082 0
0.05749384108763025 0.02076179876908174 0
0.05450193333649696 0.02958646411875553 0
0.05427067824361797 0.03662806513639455 0
0.02245902134072122 0.03588128694819022 0
0.05477867605283251 0.03898108123317101 0
0.02183101797047745 0.02895055265912364 0
0.05865850824378366 0.02267180545468202 0
0.0560026312459149 0.02240666743805802 0
0.02926709684232721 0.03804111005175553 0
0.05536259226657345 0.03417236003970303 0
0.02673232418123667 0.03881107900919941 0
0.05928501440741651 0.02153584217885705 0
2 3 0 2064
2610
2611
2612
2613
2614
2615
2616
2617
2618
2619
2620
2621
2622
2623
2624
2625
2626
2627
2628
2629
2630
2631
2632
2633
2634
2635
2636
2637
2638
2639
2640
2641
2642
2643
2644
2645
2646
2647
2648
2649
2650
2651
2652
2653
2654
2655
2656
2657
2658
2659
2660
2661
2662
2663
2664
2665
2666
2667
2668
2669
2670
2671
2672
2673
2674
2675
2676
2677
2678
2679
2680
2681
2682
2683
2684
2685
2686
2687
2688
2689
2690
2691
2692
2693
2694
2695
2696
2697
2698
2699
2700
2701
2702
2703
2704
2705
2706
2707
2708
2709
2710
2711
2712
2713
2714
2715
2716
2717
2718
2719
2720
2721
2722
2723
2724
2725
2726
2727
2728
2729
2730
2731
2732
2733
2734
2735
2736
2737
2738
2739
2740
2741
2742
2743
2744
2745
2746
2747
2748
2749
2750
2751
2752
2753
2754
2755
2756
2757
2758
2759
2760
2761
2762
2763
2764
2765
2766
2767
2768
2769
2770
2771
2772
2773
2774
2775
2776
2777
2778
2779
2780
2781
2782
2783
2784
2785
2786
2787
2788
2789
2790
2791
2792
2793
2794
2795
2796
2797
2798
2799
2800
2801
2802
2803
2804
2805
2806
2807
2808
2809
2810
2811
2812
2813
2814
2815
2816
2817
2818
2819
2820
2821
2822
2823
2824
2825
2826
2827
2828
2829
2830
2831
2832
2833
2834
2835
2836
2837
2838
2839
2840
2841
2842
2843
2844
2845
2846
2847
2848
2849
2850
2851
2852
2853
2854
2855
2856
2857
2858
2859
2860
2861
2862
2863
2864
2865
2866
2867
2868
2869
2870
2871
2872
2873
2874
2875
2876
2877
2878
2879
2880
2881
2882
2883
2884
2885
2886
2887
2888
2889
2890
2891
2892
2893
2894
2895
2896
2897
2898
2899
2900
2901
2902
2903
2904
2905
2906
2907
2908
2909
2910
2911
2912
2913
2914
2915
2916
2917
2918
2919
2920
2921
2922
2923
2924
2925
2926
2927
2928
2929
2930
2931
2932
2933
2934
2935
2936
2937
2938
2939
2940
2941
2942
2943
2944
2945
2946
2947
2948
2949
2950
2951
2952
2953
2954
2955
2956
2957
2958
2959
2960
2961
2962
2963
2964
2965
2966
2967
2968
2969
2970
2971
2972
2973
2974
2975
2976
2977
2978
2979
2980
2981
2982
2983
2984
2985
2986
2987
2988
2989
2990
2991
2992
2993
2994
2995
2996
2997
2998
2999
3000
3001
3002
3003
3004
3005
3006
3007
3008
3009
3010
3011
3012
3013
3014
3015
3016
3017
3018
3019
3020
3021
3022
3023
3024
3025
3026
3027
3028
3029
3030
3031
3032
3033
3034
3035
3036
3037
3038
3039
3040
3041
3042
3043
3044
3045
3046
3047
3048
3049
3050
3051
3052
3053
3054
3055
3056
3057
3058
3059
3060
3061
3062
3063
3064
3065
3066
3067
3068
3069
3070
3071
3072
3073
3074
3075
3076
3077
3078
3079
3080
3081
3082
3083
3084
3085
3086
3087
3088
3089
3090
3091
3092
3093
3094
3095
3096
3097
3098
3099
3100
3101
3102
3103
3104
3105
3106
3107
3108
3109
3110
3111
3112
3113
3114
3115
3116
3117
3118
3119
3120
3121
3122
3123
3124
3125
3126
3127
3128
3129
3130
3131
3132
3133
3134
3135
3136
3137
3138
3139
3140
3141
3142
3143
3144
3145
3146
3147
3148
3149
3150
3151
3152
3153
3154
3155
3156
3157
3158
3159
3160
3161
3162
3163
3164
3165
3166
3167
3168
3169
3170
3171
3172
3173
3174
3175
3176
3177
3178
3179
3180
3181
3182
3183
3184
3185
3186
3187
3188
3189
3190
3191
3192
3193
3194
3195
3196
3197
3198
3199
3200
3201
3202
3203
3204
3205
3206
3207
3208
3209
3210
3211
3212
3213
3214
3215
3216
3217
3218
3219
3220
3221
3222
3223
3224
3225
3226
3227
3228
3229
3230
3231
3232
3233
3234
3235
3236
3237
3238
3239
3240
3241
3242
3243
3244
3245
3246
3247
3248
3249
3250
3251
3252
3253
3254
3255
3256
3257
3258
3259
3260
3261
3262
3263
3264
3265
3266
3267
3268
3269
3270
3271
3272
3273
3274
3275
3276
3277
3278
3279
3280
3281
3282
3283
3284
3285
3286
3287
3288
3289
3290
3291
3292
3293
3294
3295
3296
3297
3298
3299
3300
3301
3302
3303
3304
3305
3306
3307
3308
3309
3310
3311
3312
3313
3314
3315
3316
3317
3318
3319
3320
3321
3322
3323
3324
3325
3326
3327
3328
3329
3330
3331
3332
3333
3334
3335
3336
3337
3338
3339
3340
3341
3342
3343
3344
3345
3346
3347
3348
3349
3350
3351
3352
3353
3354
3355
3356
3357
3358
3359
3360
3361
3362
3363
3364
3365
3366
3367
3368
3369
3370
3371
3372
3373
3374
3375
3376
3377
3378
3379
3380
3381
3382
3383
3384
3385
3386
3387
3388
3389
3390
3391
3392
3393
3394
3395
3396
3397
3398
3399
3400
3401
3402
3403
3404
3405
3406
3407
3408
3409
3410
3411
3412
3413
3414
3415
3416
3417
3418
3419
3420
3421
3422
3423
3424
3425
3426
3427
3428
3429
3430
3431
3432
3433
3434
3435
3436
3437
3438
3439
3440
3441
3442
3443
3444
3445
3446
3447
3448
3449
3450
3451
3452
3453
3454
3455
3456
3457
3458
3459
3460
3461
3462
3463
3464
3465
3466
3467
3468
3469
3470
3471
3472
3473
3474
3475
3476
3477
3478
3479
3480
3481
3482
3483
3484
3485
3486
3487
3488
3489
3490
3491
3492
3493
3494
3495
3496
3497
3498
3499
3500
3501
3502
3503
3504
3505
3506
3507
3508
3509
3510
3511
3512
3513
3514
3515
3516
3517
3518
3519
3520
3521
3522
3523
3524
3525
3526
3527
3528
3529
3530
3531
3532
3533
3534
3535
3536
3537
3538
3539
3540
3541
3542
3543
3544
3545
3546
3547
3548
3549
3550
3551
3552
3553
3554
3555
3556
3557
3558
3559
3560
3561
3562
3563
3564
3565
3566
3567
3568
3569
3570
3571
3572
3573
3574
3575
3576
3577
3578
3579
3580
3581
3582
3583
3584
3585
3586
3587
3588
3589
3590
3591
3592
3593
3594
3595
3596
3597
3598
3599
3600
3601
3602
3603
3604
3605
3606
3607
3608
3609
3610
3611
3612
3613
3614
3615
3616
3617
3618
3619
3620
3621
3622
3623
3624
3625
3626
3627
3628
3629
3630
3631
3632
3633
3634
3635
3636
3637
3638
3639
3640
3641
3642
3643
3644
3645
3646
3647
3648
3649
3650
3651
3652
3653
3654
3655
3656
3657
3658
3659
3660
3661
3662
3663
3664
3665
3666
3667
3668
3669
3670
3671
3672
3673
3674
3675
3676
3677
3678
3679
3680
3681
3682
3683
3684
3685
3686
3687
3688
3689
3690
3691
3692
3693
3694
3695
3696
3697
3698
3699
3700
3701
3702
3703
3704
3705
3706
3707
3708
3709
3710
3711
3712
3713
3714
3715
3716
3717
3718
3719
3720
3721
3722
3723
3724
3725
3726
3727
3728
3729
3730
3731
3732
3733
3734
3735
3736
3737
3738
3739
3740
3741
3742
3743
3744
3745
3746
3747
3748
3749
3750
3751
3752
3753
3754
3755
3756
3757
3758
3759
3760
3761
3762
3763
3764
3765
3766
3767
3768
3769
3770
3771
3772
3773
3774
3775
3776
3777
3778
3779
3780
3781
3782
3783
3784
3785
3786
3787
3788
3789
3790
3791
3792
3793
3794
3795
3796
3797
3798
3799
3800
3801
3802
3803
3804
3805
3806
3807
3808
3809
3810
3811
3812
3813
3814
3815
3816
3817
3818
3819
3820
3821
3822
3823
3824
3825
3826
3827
3828
3829
3830
3831
3832
3833
3834
3835
3836
3837
3838
3839
3840
3841
3842
3843
3844
3845
3846
3847
3848
3849
3850
3851
3852
3853
3854
3855
3856
3857
3858
3859
3860
3861
3862
3863
3864
3865
3866
3867
3868
3869
3870
3871
3872
3873
3874
3875
3876
3877
3878
3879
3880
3881
3882
3883
3884
3885
3886
3887
3888
3889
3890
3891
3892
3893
3894
3895
3896
3897
3898
3899
3900
3901
3902
3903
3904
3905
3906
3907
3908
3909
3910
3911
3912
3913
3914
3915
3916
3917
3918
3919
3920
3921
3922
3923
3924
3925
3926
3927
3928
3929
3930
3931
3932
3933
3934
3935
3936
3937
3938
3939
3940
3941
3942
3943
3944
3945
3946
3947
3948
3949
3950
3951
3952
3953
3954
3955
3956
3957
3958
3959
3960
3961
3962
3963
3964
3965
3966
3967
3968
3969
3970
3971
3972
3973
3974
3975
3976
3977
3978
3979
3980
3981
3982
3983
3984
3985
3986
3987
3988
3989
3990
3991
3992
3993
3994
3995
3996
3997
3998
3999
4000
4001
4002
4003
4004
4005
4006
4007
4008
4009
4010
4011
4012
4013
4014
4015
4016
4017
4018
4019
4020
4021
4022
4023
4024
4025
4026
4027
4028
4029
4030
4031
4032
4033
4034
4035
4036
4037
4038
4039
4040
4041
4042
4043
4044
4045
4046
4047
4048
4049
4050
4051
4052
4053
4054
4055
4056
4057
4058
4059
4060
4061
4062
4063
4064
4065
4066
4067
4068
4069
4070
4071
4072
4073
4074
4075
4076
4077
4078
4079
4080
4081
4082
4083
4084
4085
4086
4087
4088
4089
4090
4091
4092
4093
4094
4095
4096
4097
4098
4099
4100
4101
4102
4103
4104
4105
4106
4107
4108
4109
4110
4111
4112
4113
4114
4115
4116
4117
4118
4119
4120
4121
4122
4123
4124
4125
4126
4127
4128
4129
4130
4131
4132
4133
4134
4135
4136
4137
4138
4139
4140
4141
4142
4143
4144
4145
4146
4147
4148
4149
4150
4151
4152
4153
4154
4155
4156
4157
4158
4159
4160
4161
4162
4163
4164
4165
4166
4167
4168
4169
4170
4171
4172
4173
4174
4175
4176
4177
4178
4179
4180
4181
4182
4183
4184
4185
4186
4187
4188
4189
4190
4191
4192
4193
4194
4195
4196
4197
4198
4199
4200
4201
4202
4203
4204
4205
4206
4207
4208
4209
4210
4211
4212
4213
4214
4215
4216
4217
4218
4219
4220
4221
4222
4223
4224
4225
4226
4227
4228
4229
4230
4231
4232
4233
4234
4235
4236
4237
4238
4239
4240
4241
4242
4243
4244
4245
4246
4247
4248
4249
4250
4251
4252
4253
4254
4255
4256
4257
4258
4259
4260
4261
4262
4263
4264
4265
4266
4267
4268
4269
4270
4271
4272
4273
4274
4275
4276
4277
4278
4279
4280
4281
4282
4283
4284
4285
4286
4287
4288
4289
4290
4291
4292
4293
4294
4295
4296
4297
4298
4299
4300
4301
4302
4303
4304
4305
4306
4307
4308
4309
4310
4311
4312
4313
4314
4315
4316
4317
4318
4319
4320
4321
4322
4323
4324
4325
4326
4327
4328
4329
4330
4331
4332
4333
4334
4335
4336
4337
4338
4339
4340
4341
4342
4343
4344
4345
4346
4347
4348
4349
4350
4351
4352
4353
4354
4355
4356
4357
4358
4359
4360
4361
4362
4363
4364
4365
4366
4367
4368
4369
4370
4371
4372
4373
4374
4375
4376
4377
4378
4379
4380
4381
4382
4383
4384
4385
4386
4387
4388
4389
4390
4391
4392
4393
4394
4395
4396
4397
4398
4399
4400
4401
4402
4403
4404
4405
4406
4407
4408
4409
4410
4411
4412
4413
4414
4415
4416
4417
4418
4419
4420
4421
4422
4423
4424
4425
4426
4427
4428
4429
4430
4431
4432
4433
4434
4435
4436
4437
4438
4439
4440
4441
4442
4443
4444
4445
4446
4447
4448
4449
4450
4451
4452
4453
4454
4455
4456
4457
4458
4459
4460
4461
4462
4463
4464
4465
4466
4467
4468
4469
4470
4471
4472
4473
4474
4475
4476
4477
4478
4479
4480
4481
4482
4483
4484
4485
4486
4487
4488
4489
4490
4491
4492
4493
4494
4495
4496
4497
4498
4499
4500
4501
4502
4503
4504
4505
4506
4507
4508
4509
4510
4511
4512
4513
4514
4515
4516
4517
4518
4519
4520
4521
4522
4523
4524
4525
4526
4527
4528
4529
4530
4531
4532
4533
4534
4535
4536
4537
4538
4539
4540
4541
4542
4543
4544
4545
4546
4547
4548
4549
4550
4551
4552
4553
4554
4555
4556
4557
4558
4559
4560
4561
4562
4563
4564
4565
4566
4567
4568
4569
4570
4571
4572
4573
4574
4575
4576
4577
4578
4579
4580
4581
4582
4583
4584
4585
4586
4587
4588
4589
4590
4591
4592
4593
4594
4595
4596
4597
4598
4599
4600
4601
4602
4603
4604
4605
4606
4607
4608
4609
4610
4611
4612
4613
4614
4615
4616
4617
4618
4619
4620
4621
4622
4623
4624
4625
4626
4627
4628
4629
4630
4631
4632
4633
4634
4635
4636
4637
4638
4639
4640
4641
4642
4643
4644
4645
4646
4647
4648
4649
4650
4651
4652
4653
4654
4655
4656
4657
4658
4659
4660
4661
4662
4663
4664
4665
4666
4667
4668
4669
4670
4671
4672
4673
0.06043096632239599 0.04278759406236534 0
0.0604496562274686 0.03780742736546844 0
0.06083183403686995 0.04725907184857369 0
0.06077306639981191 0.03358846013831018 0
0.06086848146168662 0.02742361497201915 0
0.06043282810412605 0.02074968026729004 0
0.06044521934563074 0.01572551107434946 0
0.0610795251660977 0.0114650680336984 0
0.06039845749372454 0.02326822819432251 0
0.06043320450052536 0.04027993858419921 0
0.06036871646782238 0.01833741913560212 0
0.06168630140251612 0.05345303901769993 0
0.06183872096891289 0.004518752976180058 0
0.1153904872028454 0.01740528124872864 0
0.1159269180502903 0.03731264872372245 0
0.05844796683668758 -0.002634512717863798 0
0.06204373091418167 -0.002793633244732082 0
0.05844796683668758 0.06263451271786383 0
0.06230776563806103 0.06255558551285383 0
0.01971662009529572 -0.003068998087311935 0
0.01923338913460914 0.06275546936427129 0
-0.003209101022300452 0.04019288574103666 0
-0.002860536338124199 0.0200320368725871 0
0.03270876758399846 -0.002680819079345965 0
0.03263900713081686 0.06307651182615875 0
0.005933441044524347 0.06396373732348022 0
0.006009522560781341 -0.003194604304307815 0
0.1155360585255505 0.05818868654819335 0
-0.05578461670269483 -0.02233779491162715 0
-0.02241594048944354 0.1160990870363049 0
-0.00324585253617031 0.05370950491606793 0
-0.003208502652775905 0.006222221278905888 0
0.116001947378107 0.08255734892636356 0
0.116001947378107 -0.0225573489263635 0
0.0827088820782097 -0.05574041331371773 0
0.08270748689767513 0.1157400926603069 0
0.06004810355348986 -0.006035489453966248 0
0.0600921093408031 0.06599581483198656 0
-0.01740200613486712 -0.05603407921992082 0
-0.05566987298107781 0.07749999999999997 0
0.064228145491531 -0.006101199797272871 0
0.0642623300061619 0.06628567087890294 0
-0.05556495364056556 0.02785145221664363 0
0.02254406335412632 -0.05560182131821119 0
0.02254406335412619 0.1156018213182105 0
0.04264473815169859 -0.05509150662690747 0
0.04264473815169827 0.1150915066269069 0
-0.002384593022614331 0.1157519488185912 0
-0.05560446042206395 -0.002753593174157434 0
-0.05624476179827287 0.04752749926256473 0
0.06186887217717884 -0.01001578454866745 0
0.06188190389416956 0.07003991729194253 0
0.06642254012264898 -0.01006984064622577 0
0.06643040949458595 0.07010460795037667 0
0.002622475977101316 -0.05571187237294292 0
0.06871459192309709 0.06618839676643547 0
0.06048744643021887 0.02481955907521195 0
0.1155585271465981 0.001677720658583404 0
-0.05563850941629983 0.01253855469273007 0
-0.05588788960334856 0.06285179525941711 0
0.06043712477562395 0.03627220046025406 0
0.06049359689944873 0.04420430285652648 0
-0.002541012222733112 0.0298856651834328 0
0.07113855408331465 0.06996283796771785 0
-0.03246124465953765 -0.05601176891583154 0
-0.05581957829995146 0.0928382951498692 0
0.07326385400124852 0.0656183928592422 0
0.05757244846698073 -0.05589607213759808 0
0.05757244846697954 0.1158960721375984 0
0.06857108780420955 -0.005858567066946572 0
0.07100730221896806 -0.009846577925846239 0
0.07311839027379616 -0.005747209629317209 0
0.06880404221150577 -0.01421705907502976 0
0.06890109030119514 0.07426646810814849 0
0.07378316685214999 -0.014002564670532 0
0.07376780630781354 0.07405081369607336 0
0.04476060713513448 -0.003510254597628746 0
0.04481902372474816 0.06325396849323507 0
0.09682440367163769 -0.05601824603234794 0
0.1152156912967211 0.09790947482371867 0
0.07148661608615357 -0.0184385604248141 0
0.07647799333281458 -0.01828319853420502 0
0.07150023067704571 0.07845483676792413 0
0.07647434866595118 0.07822678185001379 0
-0.05540242412058123 -0.0371620943128808 0
-0.03747217790489785 0.1160535055422355 0
0.07417138050925495 0.08265649427070448 0
0.0691823141385583 0.08287857380354105 0
0.07916360169820995 0.08243349680849497 0
0.08146862113689415 0.07799636558890345 0
0.07416963599376579 -0.02266323952167721 0
0.06917975574254273 -0.02287698455314891 0
0.07916375393945849 -0.02244413261594621 0
0.08148193881606347 -0.01827879338594804 0
0.08415811592635668 0.08221060971364486 0
0.08646414902641633 0.07777350730746251 0
0.08416027932393028 -0.02225950727185879 0
0.08647579918107146 -0.01803293189950673 0
0.1152156912966985 -0.0379094748238161 0
0.09682440367165671 0.1160182460323327 0
0.07186329533032391 0.08708950967010905 0
0.06686787162539015 0.08730920118699284 0
0.07186209000852214 -0.02708962443102587 0
0.06686724579413529 -0.02730895470371107 0
0.08915322113794238 0.0819889717272418 0
0.0914593823656417 0.07755246931312425 0
0.08684705587822866 0.08642539182946821 0
0.08915552339664722 -0.02204035875228463 0
0.09146170776786834 -0.01760427124930522 0
0.08684708665051136 -0.02642522676576022 0
0.0695548313009781 0.09152417320147256 0
0.06455930007632552 0.09174398164425004 0
0.06955452605035625 -0.03152415084441708 0
0.06455898615576035 -0.03174374311986651 0
0.06132618504630297 0.02997049301846865 0
0.06180491093024647 -0.027413044910923 0
0.05955285657142337 -0.03194472929670797 0
0.05674552311542734 -0.02739897052685652 0
0.05454516879998837 -0.03212263091254722 0
0.05180366243057011 -0.02768805629226493 0
0.04955680918122245 -0.03234721162660581 0
0.04687401940669984 -0.02822938508691531 0
0.04457837749916031 -0.03262424130349204 0
0.04189257217647878 -0.0285125278543218 0
0.03958362604091434 -0.03286172490533271 0
0.03689626950474996 -0.02866659245569817 0
0.03458834890669163 -0.03307373262802343 0
0.03190090475786451 -0.02887435419853052 0
0.02959313983730903 -0.0332904443046301 0
0.02690492146431959 -0.02907400843538349 0
0.02459783939308766 -0.03350658966295568 0
0.02190960606213171 -0.02929005805673443 0
0.01960263593875525 -0.03372537119594925 0
0.0169144181401515 -0.02950927960461302 0
0.0618050661005018 0.08741312648056976 0
0.05955293475322664 0.09194478264571283 0
0.05674556200743703 0.08739899301329833 0
0.05454518831229037 0.09212264355178808 0
0.05180367216462198 0.08768806214654513 0
0.04955681405561456 0.09234721470885897 0
0.04686973418541496 0.08813208940547367 0
0.04457837749916004 0.09262424130349146 0
0.0418875703169057 0.0883990147365508 0
0.03958279239765192 0.09284280605237033 0
0.03689451070933723 0.08862667943870069 0
0.03458799340234668 0.09306420309771436 0
0.03189976616296476 0.08884827275210404 0
0.02959289944130298 0.09328453935936772 0
0.02690469163250187 0.08906867737010125 0
0.02459776882379928 0.09350473943641863 0
0.02190955599528059 0.08928886117476365 0
0.01960261576545868 0.09372486181792639 0
0.01691440643346011 0.08950899522794639 0
0.01460746428422764 0.09394498918277536 0
0.01191925496392388 0.08972912209551295 0
0.0146074695346496 -0.03394512004765464 0
0.01191925763991035 -0.02972919102669818 0
0.009612312346539587 0.094165114576999 0
0.006924102799960467 0.08994924688555882 0
0.009612313604698296 -0.03416514644877423 0
0.006924103455651445 -0.02994926368605349 0
0.004617160473103104 -0.03438524598100788 0
0.001928950790448927 -0.03016937540680615 0
-0.0003779919389233499 -0.03460536421199345 0
-0.003066201501649407 -0.03038949675425035 0
0.08876962743757497 0.07333649790272272 0
0.09376543054874951 0.07311595279914 0
0.09107597018631403 0.06890023695054187 0
0.08829110267933321 -0.01309068507977087 0
0.09368606396727287 -0.01308361764065303 0
0.09107662335512259 -0.008900643867475824 0
0.004617160229467867 0.09438523957860614 0
0.001928950640561103 0.09016937153965536 0
-0.0003779919291708074 0.09460536421004448 0
-0.003066201525005405 0.09038949610939888 0
-0.005373144171105154 0.09482548705608462 0
-0.008061353711437173 0.09060962022843928 0
-0.005754411061859865 0.08617362935687073 0
-0.0107495632331434 0.0863937538325758 0
-0.01305650588019597 0.09082974476358846 0
-0.0157447154023773 0.08661387835653926 0
-0.01805165804908827 0.09104986929559496 0
-0.02073986757129185 0.08683400288802198 0
-0.01843292492464792 0.08239801194738755 0
-0.02342807709350749 0.08261813648016493 0
-0.0211211344468589 0.07818214553964023 0
-0.02573501974014931 0.08705412742084656 0
-0.02611628661570177 0.07840227007280867 0
-0.02380934396905637 0.07396627913221042 0
-0.02880449613789721 0.0741864036654285 0
-0.0264975534912518 0.06975041272482957 0
0.06119618314818932 0.04986589616769952 0
0.06134161501924734 0.008513401520059142 0
0.01423073924772282 -0.02539619352050802 0
0.01422619749401857 0.08529313076585675 0
0.09184219034480412 0.08620427535010601 0
0.08953603216528512 0.09064064641602371 0
0.09184257918330212 -0.0262128123436616 0
0.08953610017317157 -0.0306420520218081 0
-0.005373144168837649 -0.03482548716388623 0
-0.008061353701211679 -0.03060962049296101 0
-0.005750335053360034 -0.02626612376358064 0
-0.01074767577954247 -0.02643658467883584 0
-0.01305619130289143 -0.03083688328205375 0
-0.01574434839722633 -0.02662220658399519 0
-0.01330070334785004 -0.0221429320783882 0
-0.01827648276616398 -0.02230465965403572 0
-0.02071373271068761 -0.02681983221033476 0
-0.02339764759031943 -0.02260021598515067 0
-0.02075937251138989 -0.01794908376878379 0
-0.02605092137592571 -0.0183604396951655 0
-0.02361772366089107 -0.01384383825917175 0
-0.02572559234618389 -0.027048778892065 0
-0.02876166521324026 -0.01415902512365345 0
-0.02645847828578158 -0.00972544282236246 0
-0.03148915218714153 -0.009968266136469502 0
-0.02917865823371017 -0.005530006146784418 0
-0.03149270566009214 0.06997053725805916 0
-0.02918576301344677 0.06553454631745866 0
0.06060189764296393 0.0455163600964766 0
0.06060189764296391 0.01448363990352341 0
-0.02150240132241187 -0.009530288191597996 0
-0.02150240132241149 0.06953028819159819 0
0.0672472608927191 -0.03595969792539161 0
0.06724736408791671 0.09595974140563139 0
-0.03379191757380293 -0.01440158658810034 0
-0.03379964830673751 0.07440652819865913 0
0.06051752000658888 0.03515677391694207 0
0.02921165411709005 -0.02463275755521884 0
0.02921163456471288 0.08463268716585125 0
0.09607160390721936 0.0686795587724526 0
0.0933867530441887 0.0645567974027362 0
0.09605848498296721 -0.008674237388168613 0
0.09338057703349323 -0.004463346648005264 0
-0.03418091518228705 0.06575467085068978 0
-0.03187397253564167 0.06131867991008942 0
-0.03417913880683937 -0.005753535635314538 0
-0.03201316753923567 -0.001407434293501552 0
0.09453114816388387 0.09041963101165064 0
0.09453122430494808 -0.03042128811154044 0
0.03228111346988688 0.09750042268203149 0
0.03228118928038988 -0.03750227687060731 0
0.06043354590164716 0.01974886941670125 0
0.06044220147142872 0.03927886536604003 0
0.07224249183600692 0.0957395983452432 0
0.07224242370325798 -0.03573958696903262 0
0.03928995996827001 -0.02399020210903915 0
0.03920144132830136 0.08419064513038066 0
-0.02304088317552547 -0.03126674062715271 0
-0.02803940331406445 -0.031488684739754 0
-0.0253523385120754 -0.03570520363163751 0
-0.03034824279589975 -0.03592574017551657 0
-0.03303657767059204 -0.03170994243658906 0
-0.03534385734851858 -0.03614612223779005 0
-0.00844262058641658 0.08195776289389295 0
-0.003447468417562757 0.08173763836098093 0
-0.05536600419882186 0.03699930638286947 0
0.1160106005091096 0.02748102394078491 0
0.1157945669728099 0.04760827482762083 0
0.004239805589412428 -0.02582216019813463 0
-0.01237765485549792 0.1158189930485218 0
-0.05580871486676121 -0.01258501990712865 0
-0.05566987298107777 0.1025 0
-0.02687882036680141 0.06109855537685784 0
-0.02956702988899629 0.05688268896948896 0
-0.02457187772015602 0.05666256443625738 0
-0.02726008724235088 0.05244669802888854 0
-0.03225523941119117 0.05266682256212011 0
-0.02994829676454575 0.04823083162151971 0
-0.0249531445957055 0.04801070708828813 0
-0.02764135411790035 0.04379484068091932 0
-0.03263650628674067 0.04401496521415088 0
-0.0303295636400952 0.0395789742735505 0
-0.02533441147125493 0.03935884974031893 0
-0.02802262099344975 0.03514298333295011 0
-0.03357818340897409 0.03511710850281672 0
-0.03071083051564457 0.03092711692558129 0
-0.02571567834680431 0.03070699239234975 0
-0.02840388786899915 0.02649112598498091 0
-0.02340873570015887 0.02627100145174938 0
-0.0336867133747752 0.02611093116959918 0
-0.02609694522235371 0.02205513504438054 0
-0.02110179305351344 0.021835010511149 0
-0.02688110521649334 -0.001033914919938924 0
0.06041946439646598 0.0217156926230141 0
0.04919226279248452 -0.02375225942231715 0
0.04919226279248447 0.0837522594223167 0
0.0126229352304877 0.1157042551511573 0
0.01254480146883675 -0.05566538704554909 0
0.06041981895125201 0.04174924408653992 0
0.06040032985899094 0.01724527509935266 0
0.09222499327563641 -0.03485614918096193 0
0.09222498732776511 0.09485601464254631 0
-0.04245553997489578 -0.05580160797938974 0
-0.007377608403231602 -0.05578334194527071 0
0.1075394621421481 -0.05556123094885347 0
0.1155555356044858 0.1073256935672252 0
-0.006135677940149006 0.07752177194439723 0
-0.02071661345488505 0.03048875035618548 0
-0.002861871708949706 0.04649959296648523 0
-0.002859054205265187 0.01351559801049114 0
-0.01536344852690431 0.0952657357027063 0
-0.02035860069575506 0.09548586023569081 0
-0.03686912470448193 0.06153880444332092 0
-0.03689202780917324 -0.001553407637995729 0
-0.0347298736053422 0.002790259953177891 0
0.01314767601040959 -0.002783337173232283 0
0.01332361216403765 0.06280973015420786 0
0.02559834187280058 -0.003131027510728118 0
0.02582858722531715 0.06341775689189293 0
0.1159209561119296 -0.01304712687125822 0
0.1159209561098457 0.07304712687340369 0
0.09645449656367988 0.07733142278312762 0
0.09644165634499749 -0.01733466723538477 0
-0.03917606735112733 0.06597479538392131 0
0.05225503820146701 0.09660027530679477 0
0.05225503413701821 -0.03660027268654607 0
-0.0380321439346766 -0.03193029875192827 0
0.07270976217173655 -0.05596448951906026 0
0.0727089894773548 0.1159642363445827 0
0.07047979954058653 0.06201778575905399 0
0.07505812594773889 0.06166534326012456 0
0.07287153558356069 0.05814737162071826 0
0.07685658564688608 0.05796155876193743 0
0.07480528877071144 0.05479092746510846 0
0.07855268274733108 0.05455849967873289 0
0.07617117284467488 0.05134523585740139 0
0.08016666239082348 0.05126264840841835 0
0.07784415248845419 0.047995043502307 0
0.08166781547460811 0.04802446286175435 0
0.07987686466050684 0.04508450852674335 0
0.08323634612376496 0.04481040553185346 0
0.08141322970617797 0.04195506097402396 0
0.08515007603046322 0.04162274858635531 0
0.08314745028967799 0.03879236542733192 0
0.07802332021335705 0.04237837684198253 0
0.08734202315661319 0.0382744884520591 0
0.0844126289109135 0.03485341934608326 0
0.0748992311358069 0.04848887107558943 0
0.08949279963482358 0.03451051847061568 0
0.08674915954057713 0.0307802632669676 0
0.08245415299927049 0.03089107103674411 0
0.08420323841476031 0.02724241999814633 0
0.07981704215940494 0.02732633594234649 0
0.08168842988190476 0.02415166986452479 0
0.08551885104544078 0.02320048127556769 0
0.07829261763128345 0.02409152891724196 0
0.07961228930012854 0.0214340239913831 0
0.07663138773858653 0.02180183415647724 0
0.07538012932619127 0.02405532677580309 0
0.07366808255469995 0.02218039699372534 0
0.07497980000904372 0.01981107860186491 0
0.07261558825470568 0.02017082043221111 0
0.07346549336012462 0.018047521008951 0
0.07148161390513835 0.02188473698690864 0
0.07063840653103892 0.02046100120681341 0
0.06982397057780551 0.02190637201561502 0
0.06899149900255175 0.02067849763069299 0
0.06839164482270713 0.02194790657724566 0
0.06922635435939928 0.02344547817092969 0
0.06762612500894148 0.02086540690144218 0
0.06816189928628694 0.01970925698807526 0
0.06713994371420121 0.02195479677125806 0
0.06679368365103991 0.01993060850871634 0
0.06734645237910628 0.01886610636609706 0
0.06629904712962661 0.01900114880392965 0
0.066689941045599 0.01807742388481855 0
0.06576038904035035 0.01824805749662092 0
0.06607315301127506 0.01734358269620535 0
0.06540307134942305 0.0190083174692548 0
0.06495101589668112 0.01841572200914793 0
0.0646480464385888 0.01906365694328391 0
0.06427271027469961 0.01855818950926169 0
0.064022897904822 0.01908360630665214 0
0.06371383268419627 0.01865161603329853 0
0.06389129692265054 0.0181309831914419 0
0.06348910241456243 0.01913374417219213 0
0.06377299122775522 0.01955576966037355 0
0.06329075851981592 0.01959675417204407 0
0.06354548954470328 0.02000812385766929 0
0.06704483709288389 0.01713185442548876 0
0.06637065950083847 0.01631966621867049 0
0.06746783355252894 0.01611820221376339 0
0.06669633134358224 0.01520425330256963 0
0.06793490720043907 0.01497918753211453 0
0.08950310922072724 0.04289922110974337 0
0.0670949677217601 0.01401183715274686 0
0.06848259612522604 0.01369993410345141 0
0.06333895278347719 0.01824531978650125 0
0.06351459272619467 0.01773904230981698 0
0.06750444421166764 0.01258332058842302 0
0.06905014876839004 0.01225727040606196 0
0.06304940851219282 0.02003583583233855 0
0.06331540409646735 0.02045304226018048 0
0.09164692069867547 0.03037834781511712 0
0.06302404417812457 0.01782548607749822 0
0.06316673073734204 0.01735141317995371 0
0.06277344642504945 0.01955232837076744 0
0.06283849827368952 0.02046924505658289 0
0.06310338963930626 0.02088752399561735 0
0.06354965793000625 0.02087664062694059 0
0.06333228395098175 0.02130492869789086 0
0.06288934106974767 0.02131950239081157 0
0.06313016332885915 0.02175697966414373 0
0.06358803641086558 0.02172809088548587 0
0.06339602027006433 0.0221825721116797 0
0.06289142710351835 0.02222045505732613 0
0.06316442704120265 0.02264828052384843 0
0.06370785273443716 0.02261447478944003 0
0.0634552419635792 0.02309918438233953 0
0.06404521106578606 0.02308561024243826 0
0.06367372864223511 0.0236989887242226 0
0.06445408143580242 0.02364613997488259 0
0.06412196471422613 0.02435095929356771 0
0.06288753360871328 0.02311499118172225 0
0.06573246954378625 0.01430527311901654 0
0.0678544440775941 0.01084044488179296 0
0.06996989764153203 0.01057595608872669 0
0.06495003168505084 0.02429322821921956 0
0.06456435922440185 0.02508943064638784 0
0.06552637537551748 0.02504081200883906 0
0.06506672010528192 0.0259768812003882 0
0.06626460271165818 0.02588230177309103 0
0.06564134446072099 0.02696846304054224 0
0.06706211145715993 0.02689824018887882 0
0.0663576306083852 0.0282269483516872 0
0.06794826187978702 0.0281330129756013 0
0.06708872944937358 0.02963485555244893 0
0.06895004340053648 0.02957363567937166 0
0.0680873829147443 0.03128877203669091 0
0.07005296975400695 0.03115194390409089 0
0.06934805015330323 0.03282305546452395 0
0.07119946966969298 0.03274610117559076 0
0.07035901012769477 0.03447433649202503 0
0.06829493819804047 0.03448257423162709 0
0.06946081246260305 0.03598432174029102 0
0.06791396698628246 0.03617656704587623 0
0.06872071961649584 0.03735221553752664 0
0.06740238768182746 0.03742799354183726 0
0.06809621079244359 0.03847651803973758 0
0.06686533066394211 0.03855074569069911 0
0.06753280657977241 0.03947381594250106 0
0.0664299782113123 0.03953447885300807 0
0.06702975976228813 0.04038270094020571 0
0.0660724144666916 0.04045837881058505 0
0.0665995610545442 0.04123902357638175 0
0.06555037129619037 0.04128056000528953 0
0.06615788204423212 0.04203650337495499 0
0.06529285882195593 0.04210063432632634 0
0.06578599824748357 0.04282059520293506 0
0.06551116137356611 0.03979354315162728 0
0.06494650549562674 0.04280867710240407 0
0.06523042505897052 0.04359344009427901 0
0.06756715847671936 0.04120859287373743 0
0.0663085879436657 0.04355741124937686 0
0.065830879113464 0.04447679419749135 0
0.0644771363026394 0.04211963086997353 0
0.06664324213205257 0.03648215427687706 0
0.06418790470784128 0.04278547344331771 0
0.06379926733782679 0.04229544579556063 0
0.06353853143064488 0.04283655069026198 0
0.06322674048740093 0.04236107044530615 0
0.06344491162287415 0.04187068840090008 0
0.06291907762055429 0.04193351514978468 0
0.06312733897059555 0.041466932973809 0
0.06296585988262998 0.04286054011187108 0
0.06326092550926554 0.04335636236956071 0
0.0669354374537873 0.04443639409418863 0
0.06637101600819523 0.04551322337149494 0
0.06263028995520567 0.04152414938957373 0
0.06283389128747448 0.04106744568657852 0
0.06951681180484726 0.03843088390222964 0
0.06266725290359468 0.0174586245344718 0
0.06283861495108402 0.01697186526497326 0
0.06335244102909067 0.01685138682877999 0
0.06298849005409482 0.01643125499135519 0
0.06251641151925121 0.01794904922620248 0
0.07230419576379049 0.03437247967883955 0
0.06840333817487423 0.008908870288901069 0
0.07063847543092075 0.008550991977295173 0
0.07229511473313016 0.01028466408727908 0
0.07308987339562305 0.008032378085533257 0
0.07470217004826692 0.00992572875714345 0
0.07582530374648369 0.007453838394669898 0
0.0775839153574662 0.01023236133607893 0
0.07898084481959025 0.006872158223096933 0
0.08110003196594059 0.009596424255858171 0
0.06912747456609977 0.006774766386884474 0
0.06269047840539196 0.04334521411838665 0
0.06296233949012207 0.04386022021279288 0
0.06358773341233834 0.02503545644665345 0
0.06330510167852996 0.04100788148702614 0
0.06301347052100199 0.04060381382806965 0
0.06253941381353872 0.04066910518679837 0
0.06274011487114649 0.04021150814522317 0
0.06766956155153178 0.04540038289170274 0
0.06701211938452352 0.04667413821158364 0
0.0632083036910544 0.04015455144272536 0
0.0629229918920359 0.03974782690050846 0
0.06246162328833969 0.03982008930924527 0
0.06262943438045523 0.03934782955243531 0
0.06312105164308338 0.03928665854026752 0
0.06282182351040763 0.03888592121225926 0
0.06331753711474432 0.03882647544579427 0
0.06301804660101173 0.03842590231836816 0
0.0635142985194378 0.03836670044141909 0
0.06321495467383625 0.03796626634714212 0
0.06271861709091374 0.03802519868785363 0
0.06291160517549667 0.03756143059062623 0
0.06342379737117274 0.03749364925731897 0
0.06311064429232621 0.03708946234094254 0
0.06259803991166735 0.03715196122665325 0
0.06279384723306418 0.0366703538339285 0
0.06335304318167297 0.03658655627495177 0
0.06298735063381514 0.03610492238854972 0
0.06360819537016829 0.03602608956226387 0
0.06321159849558289 0.03547993769943217 0
0.06392204946861094 0.03534797328218285 0
0.06345952838217565 0.03472678280438911 0
0.06232908713759486 0.03894226724121622 0
0.06433024406510407 0.03457403218968703 0
0.06370484458355219 0.03380922201499782 0
0.06507155921698932 0.04557066624018408 0
0.06242782589299612 0.04287498801851285 0
0.08479146933958601 0.05080565201373199 0
0.06400412485364247 0.01756209727684671 0
0.06500602386573059 0.01960924120515474 0
0.06234287084001976 0.01704295359121408 0
0.05694733676054958 -0.009154725072613893 0
0.05695548497545016 0.06915250480422752 0
0.09722010036515358 0.09463501441010033 0
0.09722011404664455 -0.034635313016508 0
-0.02369681825486344 0.01766760472658896 0
-0.03958910000204328 0.002656807007583143 0
-0.03728363446717714 0.007091855987885257 0
0.09837532230025825 -0.004242193359652726 0
0.09568815040097954 -2.752532501387739e-05 0
0.09837853812274962 0.06425865538282212 0
0.09549585051534182 0.06023840307102145 0
0.04227136315742204 0.09705997318634624 0
0.04227150209796601 -0.03706312632850713 0
-0.01873763301817267 0.01742877554522902 0
0.01729567401321652 0.09816085550226986 0
0.01729567832995326 -0.03816096537847487 0
0.0622770245663052 0.0367466812325346 0
0.06405356175523833 0.03658340936104031 0
0.007305370184145302 0.09860110894017 0
0.007305370432476099 -0.03860111259876067 0
0.03258405566530116 0.1153386770570467 0
0.03258405566530138 -0.05533867705704773 0
0.07403023062339181 0.005414159583179642 0
0.06964734610858948 0.02796200837786285 0
0.06209578079149994 0.03721894185255171 0
0.06215628028328743 0.04332534675332397 0
-0.001140525771371727 0.07730164740968308 0
0.09952626372632706 0.09019861828466004 0
0.09952627869678143 -0.03019894423581859 0
-0.0390720610397689 -0.006032959823343436 0
0.09436393175714072 0.03441214232021291 0
0.09671791245627266 0.03019986582209635 0
-0.002684934650066466 -0.03904135348276087 0
-0.007680086829656374 -0.03926147773768709 0
0.06859317452689109 0.01857390678800189 0
0.06817776145328956 0.0443071163668743 0
0.08838767228650415 -0.004685250392315463 0
0.06355790895988009 0.01629356561850517 0
0.06311875023226535 0.01582870162328275 0
0.0725897531493945 0.03067512313839097 0
0.06625619940535743 0.01133715504911644 0
0.09925068166370346 0.03438296661780348 0
-0.0176703911735638 0.0997017266429755 0
-0.02266554334240638 0.09992185117615186 0
0.07137649920727136 0.05497100809522083 0
0.06427056091949532 0.02254241267247457 0
-0.05577495114022959 -0.0474581137947679 0
-0.04690251960497845 0.1159242080987483 0
0.06248869458384873 0.01606961373358625 0
0.06265614865856803 0.01535359699415333 0
0.09491394088253975 -0.03907148112129759 0
0.08991882578909821 -0.0392924454318466 0
0.09990905383486258 -0.03885046844851761 0
0.0949139376109791 0.09907140893049393 0
0.08991882425252601 0.09929241097697687 0
0.09990905100937665 0.09885040664892626 0
-0.02766034941290314 -0.04014178399874568 0
0.06852455880303276 0.0464455211024822 0
0.06780359064419261 0.0479029847270683 0
0.06622711932167767 0.04797079369822745 0
0.06705862800347173 0.04936876605410863 0
-0.002684934667047403 0.09904135304317691 0
-0.01600970518803517 0.0216810184668643 0
0.07583368041674893 0.01741681027939355 0
-0.04033915559719596 -0.03636632832288 0
-0.03765095757764667 -0.04058220116864061 0
-0.02266524993392925 -0.03992168903482406 0
0.06360403396651287 0.03922139634005622 0
0.08083226843902043 0.05769365776952932 0
-0.04302738946603045 -0.03215047550748759 0
-0.04072045087715837 -0.02771448683221652 0
0.100683498949277 0.0001933819805687992 0
0.09799488360527958 0.004408638567157574 0
0.1006519849387527 0.05984450798096094 0
0.09775961771329567 0.05573274999028374 0
0.06993545833843062 0.100175516214598 0
0.0749305911379561 0.0999553756366006 0
0.06494029094043027 0.1003956293273719 0
0.06993602078128769 -0.04017581442149955 0
0.074930558568744 -0.0399553496769182 0
0.06494036748170713 -0.04039567178181562 0
-0.02136480865662799 0.01324464988557012 0
0.0619096244665862 0.04288189811134936 0
-0.01641697631481301 0.01299991661700565 0
0.06453556416225083 0.02691119880954654 0
0.07017636706274469 0.01362721013816118 0
0.1010642120285487 -0.008457561867302229 0
0.1010669345125254 0.06846119239975591 0
-0.003828735293642305 0.07308578100053137 0
0.06251269302424506 0.03560297042669854 0
-0.0418642768733222 0.0617589289765525 0
0.1028929563366448 0.004567641163301075 0
0.1001878877823733 0.008772678390303174 0
0.09528722395369958 0.008611910956065217 0
0.09759336996751286 0.01297618038025286 0
0.1028478462044111 0.05546265118581356 0
0.1002422501521567 0.051283384919336 0
0.1016669976012849 0.03008911742143591 0
0.08290827518101426 0.005846353571834637 0
-0.04417121951996758 0.06619491991715289 0
-0.04264613601023404 -0.04080234036691403 0
0.06164415133604501 0.04331122808545693 0
0.06188503875341855 0.04376339302646796 0
0.0633534926094621 0.01514688411280925 0
0.0628066376168149 0.01458334639379378 0
0.06476312403319197 0.03366540970167005 0
0.06410261460430558 0.03279157021896247 0
-0.02497248598905336 -0.04435784211670649 0
0.06177741724694925 0.03682427509153452 0
0.06883025479685997 0.01605285925663976 0
-0.04214600772853978 0.006956396678066547 0
-0.03992755224669572 0.01133596454366289 0
0.06902672831447407 0.0492019273289423 0
0.07794615505955317 0.0653874679557359 0
-0.01997728491879997 -0.04413769055992778 0
0.09251630186561288 0.01251522323671094 0
0.05923047221031415 -0.0139745875610991 0
0.0592340021989627 0.07397823964024726 0
0.1024051795435912 0.0128265194624702 0
0.06280058986056894 0.05869748363333062 0
-0.01915359553029309 0.008758874687989863 0
0.06678668586872999 0.007279118436385925 0
0.06748966968803086 0.004972530547476952 0
0.0653721914609508 0.04937613203091298 0
0.06624993362113593 0.05090855513312492 0
0.09260777539837256 -0.04350782269839878 0
0.08761282774398696 -0.04372870993174602 0
0.09260777459701679 0.1035078049241201 0
0.08761239660116972 0.1037289759992775 0
0.06361015072105805 0.04388157890513253 0
0.06327825247260478 0.04447813546652325 0
0.1155555356044542 -0.04732569356732336 0
0.107539462142168 0.1155612309488377 0
0.08454033352644554 0.09086197621347746 0
0.08454025061998645 -0.03086225313689692 0
-0.00882388746249519 0.0733059055334658 0
0.06201996649691204 0.01555008842394894 0
-0.006516944815875031 0.06886991459227162 0
0.09477496428646279 0.01671943953493496 0
0.08015680346267948 0.003008762083683812 0
-0.02828676959440736 0.01720588033540196 0
0.06159676101745057 0.03729046980424384 0
0.07420643840467113 0.01580275004779707 0
0.09505910979070928 0.05152092496129996 0
-0.004991877309823617 -0.04347734408392255 0
0.05431998177985958 -0.01339952253501126 0
0.05440576517506156 0.07363265516727839 0
0.06762847930128051 0.1046114780691615 0
0.06263331553424856 0.1048315942411682 0
0.06762917679615106 -0.04461184219569568 0
0.06263344998385825 -0.04483166630016325 0
0.06361146795549907 0.01435596674389343 0
0.06298074317965835 0.01370998496509317 0
0.06393058380958441 0.01343169193387466 0
0.06531894741017889 0.02940655563334124 0
0.06460804508930396 0.0478809772283201 0
-0.03173866104897198 0.00699588624636192 0
-0.0441514783262555 0.002625468125085979 0
0.06318074833538123 0.01271017804603978 0
0.001166416875174835 0.07286565646675555 0
0.003854626397365835 0.07708152287403366 0
0.00616156904398709 0.07264553193286451 0
-0.01416538958065484 0.008535137764759195 0
-0.016865935070717 0.004312856021844842 0
0.06525697894940183 0.02356114523289812 0
0.1042172663233134 0.03439016994304673 0
0.1018148496633411 0.03861683888366654 0
-0.01997733382021256 0.1041377175834975 0
-0.02497248598905337 0.1043578421167159 0
-0.02766069551124826 0.1001419757093449 0
-0.01498218165137245 0.1039175930502621 0
-0.02996763815789402 0.1045779666499388 0
-0.03265584768008886 0.1003621002425685 0
-0.03496279032673447 0.1047980911831675 0
-0.03765099984892925 0.1005822247757982 0
-0.03534405720228374 0.09614623383519774 0
-0.04033920937112405 0.09636635836842876 0
-0.03803226672447857 0.09193036742782847 0
-0.0424745091724264 0.1009366688917995 0
-0.04302741889331888 0.0921504919610599 0
-0.04072047624667337 0.08771450102045955 0
-0.04571562841551363 0.08793462555369103 0
-0.04340868576886819 0.08349863461309077 0
0.062983368103232 0.0330045888521327 0
0.06330144319600414 0.0318335521797847 0
0.09030130284830976 0.1079443980602423 0
0.09030180559216799 -0.04794408190564389 0
0.06185073753460874 0.01614314542084819 0
0.05195163258960515 0.06290879649664119 0
0.05202921380461485 -0.002897248695407442 0
-0.04571562375592159 -0.0279346229480976 0
-0.04340868076401712 -0.02349863181412038 0
0.1055523164595819 0.0596698620598918 0
0.1056628697549244 0.0004038760588100272 0
-0.03995793278243789 -0.04501821029152168 0
-0.04518500689911932 -0.0451619270579893 0
-0.04480495166100561 0.01119092398735588 0
-0.04260350221348982 0.01555964812608654 0
0.1049827409832497 0.05112811525330931 0
0.07862262386211744 0.03097921909841515 0
0.06544959458098429 0.0166871058719397 0
0.06532152562916108 0.109047460085622 0
0.06532166428657522 -0.04904753278320403 0
0.06676991938898841 0.02479770042950461 0
0.07988953315624403 0.01286760940041333 0
0.08337644774999918 0.01250364785273921 0
0.08839232231118707 0.06479202555702951 0
0.06216431409250715 0.04243452876330858 0
0.06165934593443279 0.04244807712100759 0
0.06128203459476021 0.0369000360992951 0
0.06146186431963105 0.0364331488226261 0
0.0619127943845318 0.03768633541518451 0
0.06141601260348371 0.03775683020007092 0
0.08492371085547153 -0.03951341325928101 0
0.08261759300412852 -0.04395043065594395 0
0.08492371085547123 0.09951341325928116 0
0.08261635390756497 0.1039501174603342 0
-0.009987029480849237 -0.04369746856058115 0
-0.04148300999777274 0.0704107863245217 0
-0.046478162166613 0.07063091085775328 0
-0.01151209698472158 0.06909003912535473 0
-0.009205154338081473 0.06465404818463062 0
-0.01420030650692365 0.06487417271781688 0
-0.01189336386027949 0.06043818177718829 0
-0.01767033412191914 -0.03970169511540281 0
-0.03955733422667683 0.05732293803595211 0
-0.04455248639551711 0.05754306256918372 0
-0.04224554374887175 0.05310707162858332 0
-0.03841352853763368 -0.02327850724865925 0
3.275073749624963e-06 -0.04325721965237882 0
0.008849778566184317 0.07686139834028922 0
0.01115672121282609 0.07242540739960336 0
-0.02996758047483608 -0.04457793469817281 0
0.01384493073502073 0.07664127380696724 0
0.01613862952483961 0.07221372769324853 0
0.01883787559438924 0.07642255674486674 0
0.02113120649929679 0.07199524520968492 0
0.0238322306792537 0.07620294046510169 0
0.02611550010371706 0.07178204454297167 0
0.02882544024002799 0.07598405461853423 0
-0.03572532407783312 0.08749437648722803 0
-0.04110174144434867 -0.01906264273413095 0
-0.04609689417727561 -0.01928276758283604 0
-0.04378995217914088 -0.01484677700491632 0
-0.0119215999788808 0.004066304004047113 0
-0.01456455814608952 -1.375971383081251e-05 0
-0.009658414253759753 -0.0003737311674774507 0
-0.01268805836397079 -0.005079626855720772 0
-0.007387292444191056 -0.004883488707981821 0
-0.009948346695835733 -0.008996801539822078 0
-0.004981887973100667 -0.009228505077423347 0
-0.007646186290207864 -0.01343472231448407 0
-0.002651831161537194 -0.01365516848672592 0
0.06535839023066194 0.03455415257859924 0
0.06589495975046311 0.03350700758174808 0
0.06172734067110397 0.03814930622497272 0
0.06123413567891654 0.0382223059159568 0
0.06190229866256582 0.04201392878940612 0
0.07076271385496477 -0.001846977548153859 0
-0.04724069591771203 0.05332719616181494 0
-0.04493375327106666 0.04889120522121453 0
0.06140522846818133 0.04201944865351821 0
0.0616508914975371 0.04158637314909013 0
0.03111205513010431 0.07164352949888116 0
0.03382050245044842 0.07577773811460352 0
0.03613096649031851 0.07142429757583064 0
0.03881959949144771 0.07556006368795228 0
0.06404071007338441 0.01999258486828753 0
0.06154231871980594 0.03861117696865116 0
-0.01137939062383291 0.0127047920521195 0
-0.01239421710281386 -0.01336802318189502 0
0.09910873798068838 0.02582223527982951 0
0.104089221731626 0.02573082815280807 0
0.06136931562082717 0.04374046255665132 0
0.06159215025635009 0.04422381297318974 0
-0.002306055910352385 -0.04763901797395628 0
0.00268619038444106 -0.04735296540710096 0
-0.04821610520024999 0.08381638979165348 0
0.05658026896651505 -0.01810463521966181 0
0.05657383619229999 0.07812414153715562 0
0.09749876818118239 0.0471170252265839 0
0.106712680312033 0.03870336300335534 0
0.06209651835208553 0.01404934642494811 0
0.06206575607145921 0.03214702384735729 0
0.06447176410064809 0.05090261281747097 0
0.06532967396057959 0.05262297800327151 0
0.04113265605039163 0.07124830062804756 0
0.04356285129093525 0.07550943810869246 0
0.04628479856581966 0.07109487373317731 0
-0.04749837010636232 0.01532340367987744 0
-0.0452905366303116 0.01976291961015656 0
-0.05088743541308954 0.01977462443575897 0
-0.04800322966881186 0.02397651853412033 0
-0.04300399691392072 0.02419702098125282 0
-0.04569560692449139 0.0284125724603709 0
0.0005477256686591547 -0.008700134798257302 0
0.002432265079428061 -0.01375059749105961 0
-0.0004589278326197696 -0.01797438777536908 0
-0.02728716032182073 -0.04861815911960427 0
-0.03770275858052688 0.01571957389938376 0
-0.04802256538101224 -0.03237061331776638 0
-0.01729212837166719 0.1082854143743983 0
-0.03228315250156071 0.1088194452827226 0
0.09529178823358224 -0.04761086776926129 0
0.09529170430943643 0.1076109174993071 0
0.06114161193808735 0.043290765561117 0
0.0641566336282043 0.01495716095014132 0
-0.0122992659917489 0.1080133290536439 0
0.1078105691890535 0.004601207606897723 0
-0.05244186329346637 -0.05622538230540601 0
-0.05576613977472082 0.1124788131535956 0
0.07207670368342922 0.01651371876906833 0
0.06155408533496465 -0.01845890376777145 0
0.06155408533496461 0.07845890376777151 0
-0.04767735531941555 -0.04097734622337396 0
0.09020435217797657 0.008430663715085402 0
0.06142310718032354 0.01572467104291828 0
0.06131320505956488 0.01628682531168406 0
0.06366774848806894 0.0005088881060908261 0
0.07723754757385566 0.09551936522359497 0
0.07723751295109177 -0.03551937513989345 0
0.0599451088039239 0.1006157310245329 0
0.0576381607043332 0.1050517174900066 0
0.05994514396907189 -0.04061575011010622 0
0.0576381901753171 -0.04505173362527899 0
-0.0399386011022264 0.0486710806879829 0
-0.04262681062442131 0.0444552142806141 0
-0.04752372177652735 0.04469276158933284 0
-0.04464086935517721 0.04030211137265533 0
-0.03976514651889293 0.04025399767066812 0
-0.009987911792961338 0.1036774467830183 0
-0.007303535827524757 0.1078063317239335 0
-0.01381903963136803 0.07352603006593042 0
-0.02188366819796117 0.06087843084362618 0
-0.01957672555131574 0.05644243990302572 0
0.006542835919539327 0.0812973892808989 0
0.02152742380890199 0.08063756954704336 0
-0.04378995264441796 0.07484677726512202 0
0.08362810576858626 0.001987824048154663 0
0.08115043445609424 -0.001299364631483235 0
0.06153723698811384 0.01511535674210962 0
0.004520552672135726 -0.01810397728287353 0
0.007335398211986782 -0.0140385828700441 0
0.06774222719795797 0.05233178975896281 0
0.06642671293669199 0.05447564742011973 0
0.0640071974689759 0.04448597347969119 0
0.06361302912851854 0.045160813090336 0
0.06279385645233301 0.04513089903562452 0
0.06321276868242692 0.04596553242480149 0
0.06220687565833887 0.04585413091434594 0
0.06265851018770202 0.04680288799781033 0
0.08196270139164079 0.0157605560984577 0
0.08572089519427364 0.01584483046840201 0
0.06213271970782707 0.04427671024904963 0
0.06105546918742667 0.03868432000293907 0
0.06136217800159167 0.03904590223590492 0
0.009501103741901662 -0.01824953249761361 0
0.01231278035826774 -0.01425758932448589 0
0.009829615973728369 -0.01018660503830205 0
0.0147981480974532 -0.009667151025297468 0
0.0172917417418751 -0.01445241940165606 0
0.01996956474925208 -0.01040679750884129 0
0.02231357286033631 -0.01475491518392939 0
0.02500518666221463 -0.01064660552232248 0
0.02731991647813378 -0.01499204883870948 0
0.03000625176511877 -0.01088548538360555 0
0.03231791937747756 -0.01521813411354101 0
0.0350004872887491 -0.01114206445792021 0
0.03731591324504029 -0.01538815775645883 0
0.03999682675274351 -0.011340252710821 0
0.04231173691285998 -0.01559627609458295 0
0.04474159139076149 -0.01158043535357156 0
0.01954921618278678 -0.01869075199301755 0
-0.02385935494516261 0.008903438006297403 0
0.101804827152599 0.0215065745995099 0
0.1066047972355551 0.02140677464678845 0
-0.04095010112954042 0.02847345043652699 0
0.04683864759319094 -0.01619826041015534 0
0.0618264698099273 0.04475330705284158 0
0.06124932250465939 0.04468011260409371 0
0.1088848545781249 0.03449862977498196 0
0.06167914101825885 0.01663221601436802 0
0.06120087824299426 0.01678705048767078 0
0.06157829132120111 0.01714496345249724 0
0.06084307368581408 0.01650455022408357 0
0.06521630288843056 0.06087665314998653 0
0.104518580492154 0.04285665142118755 0
-0.04815989356253932 0.09277385564278037 0
0.06426289744977773 0.0123924907294664 0
0.0633402808010527 0.01152857971772394 0
0.06117110125802158 0.04157825456588359 0
0.06140315286325403 0.04115299027396768 0
0.06090050706321772 0.04115775779805737 0
0.06115102713030423 0.04072447261456399 0
0.06163959098060075 0.04072570739206203 0
0.0613971609957281 0.04029139890957421 0
0.06117567037603923 0.04245266691119599 0
0.1094095207774728 0.04273107215738144 0
-0.006869190032383288 0.06014671100056861 0
-0.009875847488322091 0.05594043176833652 0
-0.04964111938514504 0.0576224633863153 0
0.03856866972887906 0.06740716955609938 0
-0.04339598110625964 0.03274776191465772 0
-0.04837641419201329 0.03241689109836211 0
0.07030771204733101 0.1086132723987879 0
0.07030920376014965 -0.0486139678352959 0
0.05180192483346768 0.06983613040221556 0
0.05210606765655089 -0.00901353755800283 0
-0.05071078058435399 -0.02815475008692643 0
-0.04882828612035532 0.06612778187202963 0
-0.05159210792885201 0.07027575462716383 0
0.06145244071423898 0.04530726910448796 0
-0.0193429189718939 0.0006086970869023656 0
-0.0485546286185619 -0.01504386371538316 0
-0.04618125403624156 -0.01088936755244104 0
0.06453785922631215 0.03170422758888251 0
0.06381141844525798 0.03058028541804605 0
0.06379764284467715 0.02894044972283951 0
0.06410042034025093 0.01687002433179599 0
0.06419267484329065 0.01616575059161369 0
-0.03227919272360213 -0.04890923424464244 0
0.03792286102741371 -0.007365385008254437 0
0.07708301789010062 8.444338916554356e-05 0
0.06989756883502898 0.004263934604995096 0
0.06813775913314178 0.002347211082977346 0
0.06188054903872046 0.04029311585018679 0
0.06154994341503466 0.03986733639468525 0
0.06113024877652949 0.03986708309038885 0
0.07248341662158089 0.01417365346357907 0
0.07495674149542905 0.01368452353721912 0
-0.05204193711178415 0.05337099747966081 0
0.07289488346739606 0.05225576186441824 0
0.07660039547275031 0.02825136530549924 0
0.06433874913767237 0.04384258379283738 0
0.06624833165076953 0.03755047638052867 0
0.06558529228706494 0.03674837153225416 0
0.06528023846933254 0.03762258282202711 0
-0.03727481881091434 0.1091186723054384 0
0.08040759106426244 0.03407826758856207 0
0.0771788326284861 0.03405942991983985 0
0.07849733009932161 0.03668771492654495 0
0.07576489669714823 0.03644009059605341 0
0.1088690107972674 0.02555455355494342 0
0.0348282088350252 -0.01964080086555975 0
0.06650258199650935 0.02105895432998963 0
0.06608785414847486 0.02197073286677173 0
0.0655674944855118 0.02123569542281206 0
0.06661571197420794 0.02282324469880618 0
0.06583271844125274 0.02045193306392779 0
0.06521685304905989 0.0219377595525687 0
0.06478288279262019 0.02129850167253059 0
0.06508035564299774 0.02068712336332736 0
0.0643538226837751 0.02075997496998712 0
0.06519331655800223 0.04058524791583343 0
0.06478016469405662 0.03994451307317716 0
0.06498820936859742 0.0392822763514933 0
0.06448749638458773 0.04052817670982639 0
0.06413989543844026 0.04002820550003804 0
0.06577928749119366 0.03841544606603901 0
0.0639098230035119 0.04055860255119698 0
0.06419691538926579 0.04103201059427788 0
0.07649244984006695 0.0450009978549319 0
0.07516697651618791 0.04236172561445027 0
0.07367200538411189 0.04580843332144213 0
0.0641085830943669 0.04592075567382835 0
0.06659133717426358 0.03451335785344024 0
0.0510947623469568 0.07813615536466539 0
0.07121620086046998 0.01855646439418841 0
0.0653192242253631 0.005581838946713751 0
0.06454036498831656 0.007942640939401769 0
0.06934434127685588 0.05793534756616826 0
0.06487426159548207 0.04160065587223078 0
0.0670622359225836 0.03342844022634454 0
0.06667752286574055 0.03240135027668743 0
0.0608535032653679 0.04373206556708791 0
0.06106690370312441 0.01727311321684 0
0.06139468392851441 0.01764260082951629 0
0.06091770866358032 0.01775132062159203 0
0.06127897267336808 0.01811510013894352 0
0.06173436780494453 0.01800186114003129 0
0.06161571851965798 0.01847035988174852 0
0.06114705658904897 0.0185956814776657 0
0.06148397055771927 0.0189494968446331 0
0.06196630780534314 0.01882504260835574 0
0.06184599812691796 0.01931004932517883 0
0.06135111238074414 0.0194288667035535 0
0.06171381641684773 0.01979173582051832 0
0.06122680214525589 0.01990424384112104 0
0.06156660042406381 0.02026814364467863 0
0.06205403157106738 0.02015005021848264 0
0.06190578673624998 0.02062492810278256 0
0.06142626296989157 0.02074965051627302 0
0.06177481532098755 0.02110727682421775 0
0.06129105775789137 0.02123125018212462 0
0.0616404654826831 0.02158889195578064 0
0.06117779631340836 0.02171881349230834 0
0.06150920986845781 0.02207137876308683 0
0.06104705640319632 0.0222014455789051 0
0.06137555688062424 0.02255318897908571 0
0.06185579954068171 0.02242819554055774 0
0.06172103534557832 0.02290969196165068 0
0.06124817822140772 0.02302225414819922 0
0.06158898054732013 0.02338953093094774 0
0.06113107001126091 0.02347920653537579 0
0.06145013657191441 0.02387230050612108 0
0.06196098636891281 0.02374918809075674 0
0.06180804431830697 0.02428165889988482 0
0.06238309514188356 0.02413656587579348 0
0.06220873063998937 0.02473955221452659 0
0.06161446290287585 0.02487513674595838 0
0.06203220112363739 0.02540792732774387 0
0.06134012028789205 0.02553260162061381 0
0.06181030470582113 0.02614502183956029 0
0.06262516621400235 0.0259570395283292 0
0.06238524720252565 0.02686496816593719 0
0.06091038823239156 0.02395329304416974 0
0.06212503957511994 0.02146512250350795 0
0.06218856392858284 0.02278113342786112 0
0.06087579606564851 0.02634067636761732 0
0.06075827667262074 0.03826005456999388 0
0.09253373604115436 0.04719877921566977 0
0.08979406887603671 0.05146889564839947 0
0.003648006055828139 0.06842874817594671 0
0.06513598685241234 0.01759532582462237 0
0.07286872469176518 0.02444199412330008 0
0.07440491425615825 0.02662253430228909 0
0.06232464970207109 0.01918361652097684 0
0.06245686162963492 0.01871957671597667 0
0.06394669001634626 0.04181641644281137 0
0.0753361124369329 0.03134209344032054 0
0.02345396819715079 0.0675491673925111 0
0.07621212098535393 0.04016516108274274 0
0.07370187965934817 0.04049990661755262 0
0.07277279068505324 0.04235017792096005 0
0.07160493171039978 0.04079509662559408 0
0.07225833131308182 0.03916208214721355 0
0.07077689057496539 0.04243715130962031 0
0.06987362837916382 0.04101269993905975 0
0.06927436530297826 0.04230880568529474 0
-0.042280130927802 -0.04933323656025509 0
-0.04736374381659884 -0.04949258817865801 0
-0.05026705072353553 0.01067363068834066 0
0.04427941461188424 -0.02051062922111382 0
-0.05031989115923124 0.04035092174637273 0
0.07184991309634851 0.04430506086606143 0
0.07205607271700951 0.02634493769133557 0
0.01361142256292493 0.06865437573943868 0
0.06972200994688862 0.04392307851854445 0
0.07010349595799792 0.04602723831214323 0
0.06747350341062361 0.04273513524743114 0
0.06281868281712374 0.01900749311132765 0
0.09492337042732085 0.04272427022705767 0
0.0609036377005258 0.03650244530859793 0
0.06114744061883461 0.03604421813441733 0
0.06080898487922611 0.03704172280659511 0
0.06164933355434704 0.03595382135526344 0
0.06140618278022617 0.03548257854830689 0
0.06438834660363071 0.03947763852296941 0
0.06446933099635879 0.038848924327478 0
0.09347811990844168 0.1119469823360837 0
0.08794992741817542 0.1124454400668078 0
0.0934782176864202 -0.05194692135531744 0
0.08795028120266135 -0.05244538738878754 0
-0.03835992396510415 0.0326746176791556 0
0.06421812193945195 0.02130616823892077 0
0.07279370241676111 0.02827171478145366 0
0.06103499081468636 0.0126786547403261 0
0.06288154001509005 0.02456882165131959 0
0.07029125160429064 0.01708067298209719 0
0.0657857525293486 0.03573054314979829 0
0.06485032582200234 0.03613710140564504 0
0.06398490580394056 0.05419815322780985 0
0.06485013227425376 0.0563199829339573 0
0.06110411403287026 0.03138537071390423 0
0.07076391449695069 0.02444250168605293 0
0.06301345316318405 0.02397389778132902 0
0.06237276551092708 0.02230387300611782 0
0.06066910655206835 0.04327023264629286 0
0.06097299288526169 0.01541228271945042 0
0.06184360722591681 0.03324480565937021 0
0.06265429890366442 0.03412168531347428 0
0.06156454844547495 0.03428064179232997 0
0.06096442395500969 0.03258640506915058 0
0.07131073875631888 0.03625468894946381 0
0.1115126364677299 0.02128122152419961 0
0.1092160081920601 0.01702251587284641 0
0.1125617066421616 0.01251570304195117 0
-0.05284849841815134 -0.03241567752541152 0
0.06083388395911699 0.02144365781728237 0
0.0637746685050041 0.04929663285769259 0
0.06274903673455182 0.05046947931587704 0
0.06321156716594561 0.04799693962787356 0
0.08795576144878858 0.04743300240630094 0
0.08653499200715446 0.05598473130639599 0
0.06045022405502527 0.02425205294128227 0
-0.0103296135713852 -0.01764865888779129 0
0.06208938034774886 0.01206282936375084 0
0.06228252006968523 0.01077561012672454 0
0.06357236165405244 0.009785350329030541 0
0.06268192659309732 0.04241159394930543 0
0.06469827782310793 0.03703809051268712 0
0.06443113268260481 0.03785060408910045 0
0.08405480786241239 0.0190853350999642 0
0.08788879110345078 0.01965762293634946 0
0.08977660665869576 0.02335634701713945 0
0.05902728563352001 -0.02274070433423358 0
0.05902654189039646 0.08274303942754289 0
-0.05135246016324564 -0.01962973338926681 0
0.01849132817914727 0.06839390304031352 0
0.06221744146455179 0.0348017689038561 0
0.06461156725506934 0.02019147331012274 0
0.1106742880718725 0.0006351590689509003 0
0.1083654082794318 -0.00380295092639486 0
0.113090614607011 -0.003280602643256702 0
0.1107183611424474 -0.007814759272145911 0
0.06644850297952559 0.009356372597897993 0
0.06554443960317935 0.01560889962599727 0
0.06216944819456446 0.01656366804795532 0
0.06638575802293313 -0.002251210603988914 0
0.06256518545397344 0.02354922448263377 0
0.06061954091926466 0.03443076492017659 0
0.06113011557510866 0.03495239714505941 0
0.06102669006978109 0.02857389423331396 0
0.06230981774622675 0.02890965249604511 0
0.09256034396667701 0.05595839145969098 0
0.06481273179662383 0.04451815544228229 0
0.06072231100325794 0.04634564915603992 0
0.06159258086103134 0.04664665353518392 0
0.06182885272569185 0.04763796554193429 0
0.06225911158365551 0.0488743236277268 0
0.06073258574245763 0.01366560639233919 0
0.06101933024906777 0.04843443047848409 0
0.06157757222177451 0.006695774859102707 0
0.06222032155687989 0.05569976371632228 0
0.0629349231913143 0.0185765089161155 0
0.02260647371081607 -0.006207185040839305 0
0.06046201201789875 0.04479731129856734 0
0.06068208451286852 0.04074115948479648 0
0.02881445227264666 0.06684421193879564 0
0.1074159799885853 0.01261726020394676 0
0.07798901655086066 -0.004805983442613879 0
0.08339078971895483 -0.005904385386418024 0
0.07975723217008336 -0.009162153420902919 0
0.08354945066163992 -0.01091805653201257 0
-0.0154132780313113 -0.0176469504090234 0
0.06564436617291033 0.04671227071927304 0
-0.03822912386734577 0.02444029882729933 0
-0.01769312634301179 -0.01286843940778875 0
-0.01716127663425648 -0.007780947416253414 0
0.0646144204403534 0.0111687916381016 0
0.06225308837760975 0.01968452785127181 0
-0.004865661627658183 -0.0006551843082758212 0
0.06220134677037664 0.01755449660631314 0
0.07854177125914966 0.01602635905683982 0
0.06044092604998649 0.03578986700134042 0
0.00884928437073676 0.06777488085567321 0
0.06488619688205652 0.03828456212626761 0
0.06502606319544972 0.01327647388861262 0
0.06447196886544806 0.02192612377531229 0
0.06863354078069206 0.112656976646278 0
0.06282858357730578 0.1133124491123313 0
0.06863403730228421 -0.05265711622913602 0
0.06282867431716757 -0.05331247943810208 0
0.06777163573088302 0.02304712304768911 0
0.068042842367768 0.02432163174588358 0
0.06186681244721091 0.02772367384032624 0
0.06059201422270871 0.02548695821827301 0
0.07024373368487061 0.05247713623371172 0
0.07121156896984479 0.05006462326167078 0
0.07069226120782557 0.04800915649831299 0
0.0604969327884302 0.03873000368659943 0
0.06240994816991961 0.03762124913464424 0
-0.002430495284357348 -0.004480907914139503 0
0.07873387293719332 0.07380298597110344 0
0.08376642891701466 0.07356177347977828 0
0.08095879188448368 0.06940346081348095 0
0.1065390142301724 0.03004388314120269 0
0.07685730771763578 0.0868687718534223 0
0.07685622318982516 -0.02686745846537584 0
0.07992614850290587 -0.03973521412906408 0
0.07762230388908412 -0.04417298889941072 0
0.0803054318538141 -0.04821449463606962 0
0.07530378408161693 -0.04832942920289895 0
0.07777628708802031 -0.05262840865964628 0
0.07992571069964302 0.099735224284093 0
0.07762008567046047 0.1041712170480119 0
0.08030213182506343 0.1082137821366341 0
0.07530112328062487 0.1083283767682125 0
0.07777433876836258 0.1126279908039133 0
0.08223316480034439 -0.03529882835169626 0
0.08223297986767435 0.09529896224976904 0
0.06255336704471373 0.02175943263404204 0
0.07954488274267811 0.0910831448807571 0
0.07954463157434222 -0.03108300469382694 0
0.06415847199947032 -0.02291190661083612 0
0.06415890460853736 0.08291261534360779 0
0.08185203754967565 -0.02665693049161081 0
0.08185188291492579 0.08664723188321082 0
0.07262522340023524 -0.04436283292318864 0
0.05494884436761122 -0.04083257227042575 0
0.05264282883940535 -0.04527129849317887 0
0.05530341086443381 -0.04920256360979464 0
0.05031582399294388 -0.04965211780226914 0
0.04764445240973357 -0.04548259093221114 0
0.04531583638099864 -0.04996819631045013 0
0.04264795696933557 -0.0457172360610065 0
0.04018611551954336 -0.05033640985280707 0
0.03763015283132734 -0.0459644627591701 0
0.04838674403978588 -0.05514564571794243 0
0.03535060986004029 -0.05036821000686516 0
0.03265783309827902 -0.04615771720543715 0
0.03023489884059894 -0.05069013032046739 0
0.02764639321849804 -0.04639032991838696 0
0.0253603055969423 -0.05080846076577993 0
0.02266861964827482 -0.04659557156115672 0
0.02497498104169754 -0.04216007525047286 0
0.02031868898747693 -0.05105539795951826 0
0.01766861986396071 -0.04681768495354638 0
0.01532060800223482 -0.05125330350552437 0
0.01267096512246672 -0.04700705951812463 0
0.03756509516977752 -0.05506764372584567 0
0.02750000000000001 -0.05533955529526031 0
0.01498790231376987 -0.04259595497748345 0
0.009991637831471299 -0.0428125288464369 0
0.03496402343554753 -0.04172291864072675 0
0.04495829830490716 -0.04127587661298343 0
0.05494883427233054 0.1008325668369927 0
0.05264282224502752 0.1052712948983942 0
0.0553034048535358 0.1092025603214591 0
0.0503158218920641 0.109652116655082 0
0.04764445096052367 0.1054825901418819 0
0.04531583616537055 0.1099681961927673 0
0.04264795669186228 0.1057172359096704 0
0.04018611543735951 0.1103364098079697 0
0.03763015277138419 0.1059644627264735 0
0.04838674370885607 0.1151456455372466 0
0.03535060986003944 0.1103682100068634 0
0.03265783308828807 0.1061577171999862 0
0.03023489883940897 0.1106901303198165 0
0.02764639321663427 0.1063903299173685 0
0.02536030559694132 0.1108084607657772 0
0.02266861958680921 0.1065955701732472 0
0.02497498090271521 0.1021600721046425 0
0.0203186889848094 0.1110553978993012 0
0.01766861979211701 0.1068176833244523 0
0.01537000133384324 0.111248711524691 0
0.01267919733242724 0.1070062939164676 0
0.03756509516278897 0.1150676437220318 0
0.0275 0.1153395552952573 0
0.01498691316215695 0.1025932534847155 0
0.009992845098507216 0.1028119533837781 0
0.007684877519099364 0.1072203291251858 0
0.004998012364644876 0.1030308261547122 0
0.002688272975176039 0.1074019162762831 0
0.005177661244285685 0.1115153359518101 0
2.671002617943286e-06 0.1032443166561439 0
0.03496401078880791 0.1017226096029392 0
0.04495827486036915 0.1012753509323455 0
-0.002311632437605696 0.1075129120906883 0
0.00768038616177804 -0.0471543798053403 0
0.05724984865458059 -0.03638261493624585 0
0.05724985807093477 0.09638262228449382 0
0.08528905262038181 0.107974258085371 0
0.09414834693264089 0.08176786416224023 0
0.09914346913730249 0.0815468294334664 0
0.1014496373237281 0.07711042761638905 0
0.1041385884893712 0.0813258222926482 0
0.1064447517709235 0.07688942471034986 0
0.1088579921797983 0.08096149611808647 0
0.1067355512667941 0.08549339763926414 0
0.1115696346771253 0.07606513890648847 0
0.1085177793412905 0.07222004769486944 0
0.09414704297943208 -0.02178702589674624 0
0.09914111177532284 -0.02155056379797668 0
0.1014470998938853 -0.01711159035539631 0
0.1041377726907363 -0.02132663847661756 0
0.1064441928947679 -0.01688975454293115 0
0.1088577630673332 -0.02096168712084479 0
0.1067353771149905 -0.02549356550384522 0
0.1115695221095978 -0.01606521329795132 0
0.103754845112442 -0.01267410052744406 0
0.09683677746765207 -0.02598880894857944 0
0.09683730769517854 0.0859832395912595 0
0.07455005941691308 0.0913040938624332 0
0.07454956791289924 -0.03130386675726196 0
0.09876065068475709 0.0728954308863879 0
0.09874206038835227 -0.01288929583572483 0
0.0726225081858944 0.1043614084372588 0
0.06225204408237049 -0.03617973434114195 0
0.06225204408237019 0.0961797343411418 0
0.08722961225004297 -0.03507737882484735 0
0.08722947799919455 0.09507723729301243 0
0.0907075917922319 -0.0004280516907640176 0
0.1022152140588954 0.09441401075838957 0
0.1049041644638815 0.09862940409995406 0
0.1071157128908946 0.09425336135996694 0
0.1025980014268071 0.1030658001757817 0
0.1075931148310993 0.1028447978690941 0
0.1052837554525232 0.1072089506527803 0
0.1102668382968582 0.1071103720908829 0
0.1125408607971655 0.1026831233182916 0
0.1123961884983981 0.1116025525234322 0
0.1002854996757548 0.1073591282010956 0
0.1035868836023559 0.1114465485239214 0
0.1044902767377049 0.08997970311551266 0
0.1091036573922687 0.08987286865252135 0
0.102215219305155 -0.03441412515133077 0
0.1049041658091299 -0.03862943346547656 0
0.1071157139895273 -0.03425338531985118 0
0.1025980021053876 -0.04306581547180155 0
0.1075931151683097 -0.04284480531283077 0
0.1052837556216418 -0.04720895444280784 0
0.1102668383811871 -0.04711037396327861 0
0.1125408608673988 -0.04268312487104629 0
0.1123961885021198 -0.05160255260478067 0
0.1044902512649838 -0.02997980847703116 0
0.1091036243046396 -0.02987291818354896 0
0.04726246984242817 -0.03682778389124022 0
0.04726244426805457 0.0968271717045239 0
0.1002855138043225 -0.04735912309378057 0
0.103586885985229 -0.05144654830440343 0
0.06027853165749578 0.1089146035777547 0
0.06027859821229407 -0.04891463599541276 0
0.1060044589254428 -0.008204106872963416 0
0.1084514713731783 -0.01218089345844528 0
0.09760219805937696 0.1032712929972238 0
0.1033466438783918 0.06404551495049148 0
0.108342587975894 0.06381911961709615 0
0.1103084284169725 0.0591928878314668 0
0.1130220898437669 0.06323237310957257 0
0.1119256192827423 0.05434320991625174 0
0.1106642810866934 0.06777058575492471 0
0.1060619634671872 0.06823763427601109 0
0.04419399383247467 0.08396115320963356 0
0.04650405327032564 0.07953639301492518 0
0.01230041140317323 0.09838061260183653 0
0.01998238161607334 0.1023773872614267 0
0.09760220447517517 -0.04327129981350952 0
0.03995803606446822 -0.04150399643886189 0
0.03995800683626181 0.1015033317647587 0
0.1033592950396472 -0.004018259164489061 0
0.0619900589744789 0.02194655810403071 0
0.04995198798351728 -0.04104839914776424 0
0.04995197746796207 0.1010482083034888 0
0.03727522692850979 0.0972813103567548 0
0.02996838433609212 0.1019419602108995 0
0.02728432852004536 0.09772207718572036 0
0.03727497671672848 -0.0372857899483244 0
0.02996839910410513 -0.04194232127401029 0
0.02728484668181296 -0.03772284634089251 0
0.09304235767124322 0.004199386617184376 0
0.06206954293321499 0.02326704373451042 0
0.1098345500381775 -0.03844239175083358 0
-0.007301061452058256 -0.04786247010413412 0
-0.01229663999500695 -0.04807291920047532 0
-0.004994238426401475 0.1034239729788949 0
0.002310047864109634 0.09881803476380893 0
-0.0501882049948722 -0.03670825433480666 0
-0.03841353360002804 0.08327851007985927 0
-0.03341838143118785 0.08305838554662774 0
-0.03753920487910049 0.04427421880249156 0
-0.02242611021570626 0.1083516689987663 0
-0.02743964240570074 0.1086541248033895 0
-0.02996406947027345 0.1124551109063813 0
-0.007680627403387631 0.0992492455233091 0
-0.01267522949480039 -0.039481596889205 0
-0.03494344893338656 0.01154904384524577 0
-0.03020548396170471 0.01213158032000189 0
-0.04863134307067522 0.07489532636717053 0
-0.0351976800486692 0.03998185519664298 0
0.03420661641027121 0.08441194886384 0
-0.03879480047557776 0.07462665273189042 0
-0.03492804000397266 0.04845747766393614 0
-0.03724782342512922 0.05288803401354918 0
-0.01612598227801668 0.07796202100645422 0
-0.0505120583002287 0.02823753581408554 0
-0.05300362761894109 0.0323554344061187 0
-0.05568591744668494 0.1074964688589326 0
-0.05137192585117682 0.1049994114764888 0
-0.05170093822492887 0.1000718854556987 0
-0.0516060843672666 0.1099755766483822 0
-0.04686511463843716 0.1079831764545428 0
-0.01267547615104534 0.09947622647855184 0
-0.04825975896430748 -0.02383739709200887 0
-0.0146298110949231 0.05621202219176066 0
-0.01227463073583007 0.05178632442919363 0
-0.0172778225234116 0.05200473343275305 0
-0.01496418019448183 0.0475701721002128 0
-0.0094932701017231 0.04710692185706054 0
-0.01257705126954546 0.04309385082236697 0
-0.0176381320459903 0.04334777458437783 0
-0.01532881312089718 0.03891069512569972 0
-0.01044706254327503 0.03867277041263471 0
-0.01303716448692915 0.03448260973325522 0
-0.007531592131168878 0.03447220533055634 0
-0.0107256783824754 0.03014972071769911 0
-0.01570846079766059 0.03029331389598308 0
-0.01335265531794256 0.02591929177738504 0
-0.008614473284904535 0.0256651031540121 0
-0.01101871652556426 0.02156334206062794 0
-0.01364651284864903 0.01727353346683924 0
-0.008526441756191536 0.01702411000748603 0
-0.007464509019781997 0.04265374607814015 0
-0.01839797658610466 0.02606644876785537 0
0.01447177326779673 -0.01832664891785183 0
-0.04742191885888973 -0.05626528726139685 0
-0.01881419180021523 0.07374615459899918 0
-0.0364683466801505 -0.01019896453994095 0
0.01998189881496443 -0.04237799284168831 0
0.1160524117865867 -0.02753899533582483 0
0.1160003458836381 -0.03246376614527025 0
-0.0007592588900474026 0.08595350490038142 0
-0.03265562965608966 -0.04036197891033924 0
-0.02302681670409633 0.03492317254922976 0
-0.03648785782893242 0.07019066179129024 0
0.02969503334041445 -0.01957728751993683 0
-0.05521401542665003 0.08781080852943142 0
-0.04499017107970564 0.09704804049349705 0
-0.0345617540320195 0.05710299465575344 0
-0.02240660807348832 -0.04848147223220173 0
-0.02493442206621239 -0.05232143358176999 0
-0.01743635411081619 -0.04814367850605927 0
-0.01498218165137293 -0.04391759305024311 0
-0.01536338500376223 -0.03526691933101904 0
-0.0495148380851002 0.04924119267123526 0
0.1160558933594572 0.03246561211075123 0
-0.02840569223952542 -0.02282741111317378 0
-0.03108919479784415 -0.01860822786766439 0
-0.01995799242686523 0.04779058255505646 0
-0.05569579311617023 0.02241426764642683 0
-0.05520596221073036 0.007696256921330455 0
-0.05104653382166335 0.006033980530695832 0
-0.05446446321513575 0.002483315475604136 0
-0.05046834297017433 -0.001470122560907904 0
-0.05184023337164995 -0.005723173603817949 0
-0.04742655037602664 -0.004184656846514357 0
-0.05565972100300373 0.04247962123196781 0
0.009231045441729032 0.08551325568814419 0
-0.001343561503342777 0.06865370936141844 0
-0.05572685773551254 -0.04255958663923197 0
-0.05093386560148182 -0.0451408925427301 0
-0.007337984307107651 0.1158218753741022 0
-0.0421868018689454 0.1161409719869395 0
-0.02226627500996749 0.05222628757404488 0
-0.004237488720849295 0.06462806489995226 0
-0.0303489050334434 0.09592610930196803 0
-0.05551054911132995 -0.02784744275068158 0
0.1160524117865737 0.0875389953358249 0
0.1160003458836201 0.09246376614522368 0
0.02422281973844286 -0.024996274696871 0
-0.05504415819473923 0.05759762907249365 0
-0.01734330329356619 0.115950970503879 0
-0.05570808825823823 0.08238972813665428 0
-0.03095127356680485 0.02177385866689901 0
0.01230052183947382 -0.03838097944348384 0
0.004997842946551933 -0.04302741478233779 0
-0.0111308301090454 0.07774189647630705 0
-0.01234092394518072 -0.0558986055823614 0
-0.002336753224146365 -0.05577354469830942 0
0.007650395460579811 -0.05568231481504901 0
-0.05566987298107784 0.01750000000000001 0
0.009238949604197026 -0.02569262107657999 0
-0.0007505271035580414 -0.02615165014811532 0
-0.04142500455640835 -0.001638589706529827 0
0.1153955053706448 0.007857116836738866 0
0.002310120389481821 -0.0388196184515399 0
-0.00549203197391096 -0.01782721737049342 0
-0.05602048556007105 0.0676500290101702 0
0.01922960222728983 -0.0252602856256182 0
-0.02158775307702528 0.004704428169494672 0
-0.02655971483674072 0.004497225082715935 0
-0.03736406490568507 -0.05607512013787172 0
-0.05579072526056228 0.09763020229439286 0
0.02421635006261699 0.08485294883788161 0
-0.009485829585156987 0.008212775454364496 0
0.1148002483587769 0.04259217066603445 0
-0.01343777275567046 0.08217788741738583 0
-0.03727758366093854 -0.04906957917606483 0
-0.01036842597401259 0.09504267662544659 0
-0.02304681021794762 0.09126999382837574 0
0.02451247361084221 -0.01872793461072071 0
-0.02441622878818085 -0.005681176537470006 0
0.005353185150220121 -0.009920071048179709 0
-0.03976565807326887 0.1049631604000605 0
-0.04193627506080085 0.1086370376713093 0
-0.03303711455563829 0.09171024289459738 0
0.02652194601987482 0.08041782787483827 0
-0.02035730813272149 -0.03548535283915685 0
-0.01650724915356871 0.06931016365842464 0
-0.01919545867576591 0.06509429725100205 0
0.004235893277072716 0.08573338035144092 0
-0.02419061084460642 0.06531442178422875 0
-0.03072516184656446 -0.02727126320257406 0
-0.01805165804911751 -0.03104986929490508 0
0.0115379880689511 0.08107726468274475 0
-0.01689655564786151 0.06065659078073663 0
-0.03496423495948953 -0.04476601872964157 0
-0.01036823175019329 -0.03504699748280202 0
0.01653262758011519 0.08085746702819331 0
-0.04031986797777679 0.01998077665998321 0
-0.04676290498611255 0.06188512291985454 0
0.01922109356239891 0.0850731620969475 0
0.03151664810298516 0.08020014978650884 0
0.04146594802434338 0.07978905587216166 0
-0.02264404899335516 0.043573579976008 0
-0.03572437404963549 -0.0274938140030997 0
0.001547683752499335 0.08151751386290314 0
-0.04531680112812674 -0.03656255967887143 0
-0.03341075707076432 -0.02305362376240555 0
-0.05026725312102003 0.08808638233113078 0
-0.02033925930241464 0.0391387252070873 0
-0.02535375286459979 0.09570598476881614 0
0.03650758967214033 0.07998494552985393 0
-0.01802793902865826 0.03470521775083444 0
-0.03610032331666189 -0.01883854015547563 0
-0.03073017190899236 0.08727425195401027 0
-0.02804196238679513 0.09149011836143568 0
-0.03878921519864624 -0.01462654955784812 0
-0.04130448067608683 -0.01052084284214452 0
-0.02842322926234685 0.08283826101341428 0
-0.03111143878454235 0.07862239460603025 0
-0.03610659095338273 0.07884251913925958 0
-0.04110174312222292 0.07906264367249073 0
-0.0460760610381917 0.07927832493767602 0
0.06226002017576088 0.02098368690298542 0
0.06090754757923347 0.02266002354262821 0
0.06051328715291539 0.02224628943421388 0
0.06092516235428178 0.02088108591985395 0
0.1098345495629539 0.09844238136380398 0
0.06110759595279344 0.0203835815393481 0
0.06381368394746163 0.03876716063342518 0
0.06401128023565864 0.03830729607524629 0
0.06252381190771375 0.03848329838741157 0
0.1037169528500686 0.0726356929306272 0
0.06216178893961673 0.03940388743433464 0
0.1018119095087797 0.08575460172613517 0
0.1018112615017445 -0.02575638823997811 0
0.06340645776187381 0.03969593106140298 0
0.06099856852301064 0.01907166658213884 0
0.06069436150060797 0.01870250058737891 0
0.06046802739406333 0.01919127060745061 0
0.02228964670004518 -0.03794230677840557 0
0.02228962494021806 0.09794166555140074 0
0.06214758759988235 0.01832086960264962 0
0.06188782943983904 0.04115561670698177 0
0.08605926777504308 0.06914944882488151 0
0.08301696306150269 0.06505854381494834 0
0.08475641011531378 0.06091408629143902 0
0.0608738917820574 0.04200560510984098 0
0.06041321239361516 0.02374481412778253 0
0.08529084599779563 -0.0479743713080391 0
-0.0513308569259852 0.07960510137878953 0
-0.05593787594399872 -0.01742560330765198 0
0.0007198163219053616 0.06384000481998808 0
0.06112745871867278 0.03738585283533381 0
0.06040200771179543 0.03975429678672861 0
0.06041210910475835 0.02024947616842503 0
0.06188655606877322 0.03543809094751355 0
0.06222285166540819 0.03808362703499611 0
0.06041278000017723 0.04224779854481671 0
0.06040610086380847 0.0167538573160851 0
0.06105737124462438 0.04417892733850658 0
-0.007366925505678315 0.05156274650100859 0
0.06093134087353078 0.03782938408177203 0
0.06655891996375435 0.07856523697620077 0
0.06653997768281034 -0.01855390641630198 0
0.06385880926429371 0.02048558472236301 0
0.06195369049024013 0.03635733744392401 0
0.06227455301664879 0.03088306531907139 0
0.06480109360480901 0.01700075749101277 0
0.002610084636250454 0.1157897058696535 0
0.06378022273782341 0.04702422187260974 0
0.0175727626618424 0.1156607354222114 0
0.01758668593008034 -0.05563205586612034 0
0.06045722122333573 0.01778744191045484 0
0.07342478501514239 0.03603525565560235 0
0.0637327481318104 0.04137825505286434 0
0.06435037279422506 0.0195827220489791 0
0.06090444304972345 0.01597951462960775 0
-0.00323927570439847 0.05771926999338182 0
0.05336047065792917 -0.02250997832827586 0
0.05395036060009878 0.08252146303612828 0
0.06203131169603086 0.03854401028454493 0
0.06325791042023217 0.05217466796365298 0
0.04054327390030354 -0.003625325337480046 0
0.06140820920496798 0.04287520974452663 0
0.05367076976130429 0.1132284736345084 0
0.05367077116842613 -0.05322847440387689 0
0.02749453184346819 -0.006849185889355198 0
0.06213769766662885 0.04157059007434755 0
0.03406197168438815 -0.02444435983249099 0
0.06043471874269447 0.04119995833536264 0
0.08771963625069087 0.0123937140984856 0
0.07451969405613991 0.03414513545356203 0
0.06087169022956251 0.01954399438421003 0
-0.006889539653976803 0.004067651297164531 0
0.06376242549260124 0.03789657592450497 0
0.06399737853871773 0.03731748851899067 0
-0.03545482635115976 0.02011793736923544 0
0.06554084321656428 0.02275647577673956 0
0.05145833475545059 -0.01704072536423664 0
0.06143706011326976 0.05146892895060855 0
0.01022820675927884 0.1114018930140912 0
0.0103254826885157 -0.05131962385004354 0
-0.008367621880853666 -0.02210993682707567 0
0.1115067343494178 0.03000000000000004 0
0.06266162254312187 0.02269783609667939 0
0.06118660705132137 0.01007065858758366 0
0.06337533342615191 0.0266519836694784 0
0.06295828978165885 0.02783257397234539 0
0.07787299085912489 0.01924953951337961 0
-0.04716027796744784 0.1019270213508716 0
0.06092660293838681 0.04030775830659676 0
0.06184914636362098 0.03899238807392764 0
0.07596817237893448 0.06970432654389229 0
0.07041901976645649 0.03961306680617875 0
0.06240593409842651 0.04198138435262101 0
0.002104144670146673 -0.003418134592898772 0
0.07050758196680426 0.01537351395656466 0
-0.002970576684030557 0.03330656531435455 0
-0.002935019774459292 0.02673143295319407 0
0.06887361304280865 0.03979789082205186 0
0.06255598354000164 0.02006484695898769 0
0.03640060730443596 0.06358883723076077 0
0.06959383237322005 0.01940949678957613 0
-0.002981095969286189 0.01003848275494749 0
-0.006664172869933593 0.01215532534787588 0
-0.003261991450708664 0.04996772041417617 0
0.03394429300953355 0.06733075960442104 0
0.06575994732014828 0.01967003185242433 0
0.1158238178501532 -0.007676913581890616 0
0.1158238178501597 0.06767691358188667 0
-0.05594370805813867 0.07249999999999997 0
0.04857638289575576 -0.002968277077964172 0
0.0474941703007464 -0.007514160401273732 0
0.04846962988876594 0.06268448106828263 0
0.00526360308462662 -0.05144399243058891 0
0.007576058079797943 0.1157965766491155 0
0.06091885117861734 0.04286662267703291 0
-0.05519788778505043 -0.05258642582527233 0
-0.05198735213732809 0.1153630297042566 0
0.01768196374636758 -0.006645381988792051 0
0.09701533217887368 0.02122284675861632 0
0.009759403958675958 0.06290498514153293 0
0.009686139202670245 -0.00309747196511961 0
0.06040107886336524 0.03725959755706877 0
0.06409340186460538 0.07423556228911453 0
0.06406999828990378 -0.01421501366918258 0
0.06089093736808658 0.03913050480505788 0
0.06865761959148725 0.02673182242531357 0
0.09350715781446066 0.02544744939392885 0
0.02943985593649126 -0.003339297274437169 0
0.02909103223328462 0.06266769613136947 0
0.06245149613512458 0.03626457547263899 0
-0.003291309743191667 0.03664127613266369 0
-0.006388714891943606 0.03852657673900631 0
-0.002778887288788771 0.02324831931821761 0
-0.006403458176923095 0.02152711049382981 0
-0.002799798881759727 0.01681079684531876 0
-0.002872947099312399 0.04324321494198016 0
0.1117273597110213 -0.02521291124367986 0
0.1117274042367159 0.08521286957037719 0
0.06042884461042217 0.02278487344370967 0
0.04077617033780835 0.06361026028621226 0
-0.05138865126089516 -0.01060686766316589 0
0.1159925859842715 0.05249999999999999 0
0.07000373114604666 0.03727436928643193 0
0.06390375344581005 0.02215840334025579 0
0.06388110478780443 0.03961921155592742 0
0.05530452424156297 -0.002711944514990888 0
0.05530452424156299 0.06271194451499094 0
0.03961418314588529 -0.01916283331969098 0
0.06038570512289922 0.04366661701853557 0
0.0163615969428319 -0.002695778319262845 0
0.01622621770596373 0.06228428734121691 0
0.1102276042044874 0.008530481063415772 0
0.07085312762829976 0.02933966679808513 0
0.1160370048692853 0.02250000000000002 0
0.02259157211077517 0.06268820853076931 0
0.02262091598009252 -0.00248144212777587 0
0.1160417101649504 0.07771870061617277 0
0.1160416967643024 -0.01771870947204386 0
0.06218001129844033 0.01309199010428049 0
0.06362766193730415 0.01727479278543868 0
0.06235741331653212 0.04112733242721003 0
0.0001911713895750428 0.111599742484601 0
0.09696709762417585 0.03852948311546262 0
0.0003122490704546843 -0.05154563062505742 0
-0.00327109426613751 -0.02209183565608011 0
-0.03293645357304245 0.01623281539061675 0
0.06411532231249352 0.02588152632309943 0
0.07915405118104463 -0.01353411363426156 0
0.07111386696865556 0.001427017906035211 0
0.09974506736978668 0.017098217073697 0
0.06215590708373495 0.01488035569535104 0
0.07924493106636168 0.03936356532298747 0
-0.05204137313253181 0.09542230739634677 0
0.1078552252001927 0.1107222727507863 0
0.1078552255772492 -0.05072227353998816 0
0.06043313949082946 0.01625384339601729 0
0.08724167507314884 0.003915963085519534 0
0.06503816031463032 0.02811290446520833 0
0.07142868015515397 0.01221159382984434 0
-0.05577367665356169 -0.007778109058044973 0
0.06238000483679308 0.02052734814161115 0
0.06042089656486588 0.03674861770125565 0
0.06684343075945255 0.02377680739260697 0
0.06768042920615856 0.02566648322316539 0
0.06909902538263103 0.02518133288888075 0
0.09972563945986959 0.04284989985937682 0
0.06447858072570703 0.01799108771782686 0
0.06368889060529705 0.04014766958516411 0
0.06127382544233825 0.01415183294177206 0
0.06873479266427462 0.05447723525085536 0
0.07268164516112656 0.04837425393381122 0
-0.05185408966867214 -0.04955317715180288 0
0.1125 0.1161688647907833 0
0.1125 -0.05616886479085828 0
-0.004704660382663435 -0.05167577174516327 0
-0.004692463598100063 0.1116549807478439 0
0.05017527247172593 0.07375412655469168 0
0.06894650998000383 0.01737578327037007 0
0.1114070120886439 0.0385880983270332 0
0.06707317358422428 0.04200341216014131 0
0.06131525983067565 0.02435451683869954 0
0.1023422062395531 0.04701138270767047 0
0.06242166491452179 0.04382259909334045 0
0.09000728754493639 0.01613070150377434 0
0.07442943390490936 0.0382569639352396 0
0.1018177682592246 0.1157151222464473 0
0.1018177686563445 -0.05571512220987149 0
0.09018777865997712 0.06040740584805219 0
0.06793231793363916 0.04041836634331211 0
0.06768402062009682 0.01788363489062792 0
0.04865395071869129 0.06616015966374518 0
-0.02733085209847631 -0.05613187019433295 0
0.04430564579116348 -0.02499900073874145 0
0.0797444180450025 0.06144677630895243 0
0.1044988020193464 0.01716855840878274 0
0.032726806007677 -0.006491645801573232 0
0.04346731547414396 0.06741158643717839 0
0.06577531744046329 0.002972074335587091 0
0.06166819368708585 0.039407084278914 0
0.06037159071339908 0.02124946711215006 0
-0.009733676640720897 0.1117996269696083 0
-0.009705730743709465 -0.05179588532453477 0
0.001694826759625713 -0.0220902560672251 0
0.1070140676234489 0.04679252330993122 0
-0.02590134149098697 0.01293224985686134 0
0.0634766256054817 0.04056231305285786 0
0.06210020572505487 0.04072288585867524 0
-0.03233825991125648 0.1161968222514901 0
0.01157852180235844 -0.006325291226346581 0
0.06582136690889692 0.02418972180453361 0
0.03642126945615827 -0.003226463257355924 0
0.06347009850823157 0.02438160870595585 0
-0.05128838388784859 0.06183814738206242 0
0.06358768502782558 0.03701411315064885 0
0.111683639666472 -0.03407368249016401 0
0.1116836423461888 0.09407367535758451 0
0.09854739657114503 0.1116828241398646 0
0.0985474296729227 -0.05168280479416368 0
0.1094035572826546 0.05066138657143043 0
0.06446222601734793 0.01415714896856469 0
-0.05209736423232497 0.04574283201281031 0
-0.05199224772807301 0.01516204269934143 0
-0.01770559029781647 -0.003422174007173141 0
0.1051566961741226 0.008652631315055791 0
0.07310934179533936 0.03262146343071645 0
0.1074734818961315 0.05520416405663403 0
0.06663460981340522 0.04276497596303323 0
0.0821756149847831 0.0540610378353617 0
0.06474041905700834 0.02301513640100916 0
0.08542506973312838 0.008781127763253762 0
0.06049096745552019 0.01514060245723684 0
0.06580475132839551 0.03100564127319921 0
0.06887748436981886 0.04523938943256633 0
0.04260036301354965 -0.007548652710856741 0
-0.05074049516944643 0.03578325528604651 0
0.08069282337289027 0.01868849744026113 0
0.09209872197013357 0.03855835394919189 0
-0.04418189751791733 -0.005967000190372277 0
0.06432262014109491 0.04513127278526438 0
-0.01473791717699414 0.1119324797477827 0
-0.01491733812155244 -0.05205950432913403 0
0.06529680530140147 0.03251253444019163 0
0.06616982367460333 0.01294220463489966 0
0.06278297510882355 0.02524580791521129 0
0.0714961186652508 0.006100629752634174 0
0.07680697121254434 0.004596900391618784 0
0.06156132837657857 0.02689959103709204 0
0.06391340561112557 0.04332994739147001 0
0.06385820777917375 0.0156630042176422 0
0.06464186655590815 0.015590614479581 0
0.0607943552106159 0.02005473363080896 0
-0.05632547249326514 0.05241867841290741 0
-0.04669704979624366 0.006849738697078382 0
0.09179215042678651 -0.05616581374286603 0
0.09179207516637894 0.1161658326859946 0
0.062090753854546 0.0359233591292077 0
0.06918690792911128 0.01476928130716074 0
0.06083532646200502 0.01823439122033206 0
-0.01984222588165171 -0.05222039570233752 0
0.07184338338235138 0.0465581342612757 0
0.06791701799259897 0.05052082429615301 0
0.064726501724998 0.03531467145226486 0
0.06403130006035368 0.03918686627597125 0
-0.01993624930583707 0.1122012704059033 0
0.006734837098783392 -0.02205348850453478 0
0.06567346209539018 0.03908909697041939 0
0.06803121348496477 0.01696462190117149 0
0.06863993908107133 0.04120321727753668 0
-0.006113319957662733 0.02931955858484047 0
0.04940572454797502 -0.01234343821888962 0
-0.0248570617243362 0.1123584507544691 0
0.08749026274153152 -0.05687032288907426 0
0.08748989789644589 0.1168702730826219 0
0.06374836776729025 0.04094853303359935 0
0.07541865738731712 -0.009387165157707742 0
-0.03484776608666597 0.03061257541332376 0
0.06704584740399754 0.03547703931152378 0
0.06490752706968519 0.01492381942866016 0
-0.05198574155437266 -0.0405096348106047 0
0.06266160799284182 0.02089368318645205 0
0.06231023065246569 0.04029327428301657 0
-0.02241825103020124 -0.05611796311639354 0
-0.04641716671552637 0.03628025775308152 0
0.06146358633000162 0.01352748612073319 0
0.06081660873563226 0.02309710790955242 0
-0.006097298953453636 0.04811144361139044 0
0.007686471510706672 -0.006743567463439033 0
0.06470486322424962 0.04102048062443486 0
0.05378332995428853 -0.005931281015486133 0
0.05360141182545405 0.06601161175683334 0
0.06650547307875194 0.0006656465214490911 0
0.06270313284708368 0.04436471020002159 0
-0.03038450444935678 0.002368404413763056 0
0.1164032184312137 0.1126249990720943 0
0.1164032184315637 -0.05262499907902667 0
0.1119332987965312 0.004660337046917335 0
0.08575104484925336 -0.001068877494551087 0
0.07431952638879216 0.002398982665688353 0
0.06121219799657215 0.03946506079799689 0
0.06526588083310833 0.01222342318803935 0
0.08280634564410022 -0.05140061506125206 0
0.08280458750593167 0.1114003127506066 0
0.06034097313770391 0.03825979554160831 0
0.08816233838537685 0.02697409615171362 0
0.1167147068548206 -0.04249999999999993 0
0.1167147068548886 0.1024999999999999 0
0.06225503356114003 0.009404864690257062 0
0.06277999679593732 0.008085217023956783 0
0.09212225634264185 0.02017840691298957 0
-0.0297673026434214 -0.05231907743975801 0
0.1167285740314455 0.01250000000000001 0
-0.0274292219325516 0.1161849118247742 0
0.06246985052891675 0.0230997948125275 0
0.06078471503919227 0.01698411943290084 0
0.01179465557355685 -0.02197965769630273 0
-0.0479289937579285 0.1119658976131334 0
0.06329341190677398 0.01877417385559936 0
0.06084130595464358 0.02446665738477235 0
0.06103737298337385 0.0249378990157006 0
0.06194786755946106 0.01723780490761809 0
-0.003060703642554535 0.00275100580394087 0
0.07615489343116895 0.01519669403840581 0
0.07723583557984595 0.0130530272707795 0
0.06079681924303161 0.03955911279806111 0
-0.005230294880986072 0.01812546843291582 0
0.0627997345562061 0.03497692696962108 0
0.06339303333109311 0.006169269805889475 0
0.06075471769611272 0.04247802442774912 0
-0.05209341368549499 0.02440613662577504 0
0.1114795012479815 0.04671813018452409 0
0.06193128434180203 0.002272596597682454 0
0.06130710155432739 0.04598021575239938 0
0.06109380373213431 0.01481309777588824 0
0.07763816302867849 0.1168664639617606 0
0.0776389862675933 -0.05686666229848486 0
0.07100957308996828 0.03834973630264855 0
0.06260338719932479 0.01835516498046664 0
0.06769964264445635 0.06069899084537683 0
-0.03477207947387612 0.1124397576905948 0
-0.005314605871142811 0.01544255350497177 0
0.06983213021648077 0.01821201957060171 0
-0.03475049758881169 -0.05240408245860272 0
0.06201525871291217 0.03986580852957177 0
-0.04364036698247623 0.1048894129537167 0
0.07054977743417451 0.02306526465571046 0
0.06089593490213793 0.03565512452345208 0
0.06808437618395199 0.04212274415325862 0
-0.04134741626281528 0.03628698116366261 0
0.07447566752399895 0.02907932715897275 0
0.08382945411251544 -0.01478098565912924 0
0.05079783292239129 -0.005664900949626867 0
0.06423212682820359 0.03588184901267939 0
0.06334551414138606 0.0257630079585393 0
-0.02333705148236076 0.00116296815360965 0
0.06532085946860283 0.02015296108753679 0
-0.05274041359243373 0.07483206368756991 0
0.07353451971837577 -0.0002681558882955022 0
0.07388157529352747 0.04389244168591996 0
0.06433384573590763 0.04148840280773295 0
0.02103058964546461 0.06547212618704973 0
-0.05227411434103092 -0.02452387673080601 0
-0.05224109410086908 0.08447644995621104 0
0.06717595314598365 0.05636192053296106 0
0.06618116034842486 0.05848172977696343 0
0.06076385034772737 0.04152738540200184 0
-0.05695583373307857 -0.03249999999999999 0
0.07294661488076154 -0.05163868228920748 0
0.07294514087087306 0.1116381705923549 0
0.07359538770742292 0.01202024314052931 0
-0.03962806276066946 0.1124497828780829 0
-0.03979365449051822 -0.05252674902969726 0
0.0168119733013538 -0.02197061191078953 0
0.06601566636170471 0.02342147898111688 0
-0.04869119556135146 0.002587562155237463 0
-0.05633974596215562 -0.05633974596215566 0
-0.05633974596215566 0.1163397459621556 0
0.06484812902151518 0.02243558163562086 0
-0.0526814639312907 -0.01500107163788936 0
0.06080167107911291 0.02187300867836985 0
0.0870222709808887 -0.008610990504956385 0
0.06317666889611842 0.02348460133112389 0
0.1163728782063887 0.1163728782063888 0
0.1163728782063911 -0.05637287820639104 0
0.06497058971495462 0.009874932583075438 0
0.05688029944399157 0.06530127772518043 0
0.05694095359394703 -0.005300134659179671 0
0.06212138221335378 0.04520170462318104 0
0.0607658917143652 0.03994249715605783 0
0.06073753835427491 0.03749373565497112 0
-0.02782037359619537 0.008772861191358696 0
0.06180913535815157 0.01759024453248217 0
0.1169778462237391 -0.002681611792506502 0
0.11699599211924 0.06261647035274433 0
0.0642209578470038 0.02035794840723044 0
0.06248078723985248 0.02129852620965006 0
-0.020520222578705 -0.00579016805226824 0
0.04846343423252947 -0.01997435593547327 0
0.0671038659275224 -0.05668072083590622 0
0.06710370402801816 0.1166806704688698 0
0.06478834825473706 0.01632052539865674 0
0.1128179533771651 0.02512962127699315 0
0.014785813916147 -0.005484095331885239 0
-0.04481391092769614 -0.05267283539349782 0
0.07249244017384113 0.03751761844529691 0
0.06627308779036059 0.03887819263536013 0
0.0702229922740224 0.02648008008193931 0
0.06073394737332489 0.0235085299622406 0
0.06211681793300206 0.01793157799652607 0
0.066565476503882 0.06359585427136272 0
0.06089547053454691 0.04501784067920154 0
-0.05702481092300279 0.0324785854960373 0
0.06071959987668897 0.02048924931252044 0
0.06398795830403287 0.02782640186817684 0
0.06365422146595055 0.003670570128023947 0
0.07357170031576984 0.05010574919857821 0
0.06397397463350096 0.02094548595220538 0
0.06451871794090228 0.01745238806266831 0
0.06249999999999997 -0.05720095570255875 0
0.06249999999999997 0.1172009557025587 0
0.06312880404789871 0.0192387542885301 0
0.02182122242585461 -0.02197138820905152 0
0.08114198628610744 0.03675506652230193 0
-0.0485446267022528 -0.007505577225501121 0
0.06029241104692306 0.01875497630068094 0
-0.0520237617801375 0.09165873773842592 0
0.06376623385410241 0.02129037986630171 0
0.1128911072479255 0.03499999999999996 0
0.1127507749243899 -0.02016747046959544 0
0.1127507749243899 0.08016747046959558 0
0.06028542068495302 0.04074346172161852 0
-0.03741874234358233 0.03670680354625327 0
0.0616761814846355 0.03495544630354946 0
0.06027398538827944 0.04322416157614292 0
0.06258991120410577 0.01662759941995915 0
0.07572695971210999 0.04682333643856761 0
0.06919153018088237 0.0476491284546942 0
-0.05270551317669066 0.06539655104234131 0
0.07681383830732376 0.02596867270175773 0
0.06515929736671933 0.03878406116833946 0
0.06858111421168944 6.833747166377219e-05 0
0.06457633801677229 0.04666382556582806 0
0.06078649434628246 0.03613224174261504 0
0.06196641660482607 0.01689734424918659 0
0.06080281695285053 0.04452301573948482 0
0.0629057175692249 0.01819588140993743 0
0.08231344029255536 0.02131200153434018 0
0.01210620997638067 0.06554328137602146 0
-0.005852393919574421 0.008278442586562799 0
0.05794619964641249 -0.05204184021593371 0
0.05794619964639025 0.1120418402159409 0
-0.005455794707406564 0.02472166891012775 0
0.06278425871871603 0.02991880105136086 0
0.06231551220610496 0.04474546623214368 0
0.07713691409555737 0.03821395038405723 0
0.06164701365080328 0.01459424762322047 0
0.07497038471447125 -0.002891136728470061 0
-0.005631256854784113 0.04530862918044161 0
0.07111464822893646 0.0276796815461353 0
0.08638005187492237 0.04458637924102653 0
0.01628896705264686 0.06513045331464563 0
0.06715797392511075 0.04358181699753112 0
0.004340209912102794 -0.00639530244141653 0
0.06454417216027133 0.04327713514770977 0
0.1122174480418622 0.07143742625011239 0
0.1122174480543722 -0.01143742623723587 0
-0.01373586718522526 -0.009661924039703836 0
-0.006119418253390498 0.0558157328358727 0
0.06444948519916968 0.03832284665452308 0
-0.00294306158762081 0.06123691487894507 0
0.06403677115669895 0.02174058644381378 0
-0.05000000000000003 -0.05308786541758599 0
0.07178050074384071 0.02333556489049924 0
0.1130962191204646 0.09000000000000011 0
0.1130962191205424 -0.02999999999999993 0
0.1129191661540919 0.05036620029996541 0
0.05271734305481019 0.1171374188387782 0
0.05271734323216252 -0.05713741893572344 0
0.02641679279723304 -0.02213005946900696 0
0.06950757282595513 0.05079308320562641 0
-0.02203385288924171 -0.002359294712723042 0
-0.03720719217584824 0.0280443316056515 0
0.07561481003768622 0.01178317680835006 0
0.06831499837047379 0.04316311616148906 0
0.06799576284147817 0.03261311944862289 0
0.08475143662852569 0.04750708314886874 0
-0.0442412946152933 0.1121835124504593 0
0.06074163096217643 0.01744236930984381 0
-0.0488105307934307 0.0974486220678389 0
0.04735034533773749 0.07594987351249116 0
-0.05326669669491092 0.04980445585570795 0
0.07218205503624829 0.003747852482299589 0
-0.04551144036793636 -0.001086609542122707 0
$EndNodes
$Elements
7 9344 1 9344
1 8 1 36
1 7 115 
2 115 116 
3 116 117 
4 117 118 
5 118 119 
6 119 120 
7 120 121 
8 121 122 
9 122 123 
10 123 124 
11 124 125 
12 125 126 
13 126 127 
14 127 128 
15 128 129 
16 129 130 
17 130 131 
18 131 132 
19 132 133 
20 133 134 
21 134 135 
22 135 136 
23 136 137 
24 137 138 
25 138 139 
26 139 140 
27 140 141 
28 141 142 
29 142 143 
30 143 144 
31 144 145 
32 145 146 
33 146 147 
34 147 148 
35 148 149 
36 149 8 
1 9 1 36
37 9 150 
38 150 151 
39 151 152 
40 152 153 
41 153 154 
42 154 155 
43 155 156 
44 156 157 
45 157 158 
46 158 159 
47 159 160 
48 160 161 
49 161 162 
50 162 163 
51 163 164 
52 164 165 
53 165 166 
54 166 167 
55 167 168 
56 168 169 
57 169 170 
58 170 171 
59 171 172 
60 172 173 
61 173 174 
62 174 175 
63 175 176 
64 176 177 
65 177 178 
66 178 179 
67 179 180 
68 180 181 
69 181 182 
70 182 183 
71 183 184 
72 184 7 
1 10 1 36
73 8 185 
74 185 186 
75 186 187 
76 187 188 
77 188 189 
78 189 190 
79 190 191 
80 191 192 
81 192 193 
82 193 194 
83 194 195 
84 195 196 
85 196 197 
86 197 198 
87 198 199 
88 199 200 
89 200 201 
90 201 202 
91 202 203 
92 203 204 
93 204 205 
94 205 206 
95 206 207 
96 207 208 
97 208 209 
98 209 210 
99 210 211 
100 211 212 
101 212 213 
102 213 214 
103 214 215 
104 215 216 
105 216 217 
106 217 218 
107 218 219 
108 219 10 
1 11 1 36
109 10 220 
110 220 221 
111 221 222 
112 222 223 
113 223 224 
114 224 225 
115 225 226 
116 226 227 
117 227 228 
118 228 229 
119 229 230 
120 230 231 
121 231 232 
122 232 233 
123 233 234 
124 234 235 
125 235 236 
126 236 237 
127 237 238 
128 238 239 
129 239 240 
130 240 241 
131 241 242 
132 242 243 
133 243 244 
134 244 245 
135 245 246 
136 246 247 
137 247 248 
138 248 249 
139 249 250 
140 250 251 
141 251 252 
142 252 253 
143 253 254 
144 254 9 
2 1 2 3344
145 1036 1425 1424 
146 634 1529 1167 
147 951 1483 1474 
148 1175 1248 399 
149 1167 1699 634 
150 768 1220 771 
151 1146 1414 1245 
152 1079 1263 1193 
153 399 1566 1175 
154 1542 1697 1368 
155 1301 1513 876 
156 1225 1227 1224 
157 1373 1498 1372 
158 1159 1232 427 
159 1132 1237 1115 
160 1424 1640 1036 
161 1166 1541 1250 
162 1618 1632 1462 
163 898 1252 1055 
164 1253 1836 1111 
165 1007 1099 954 
166 1506 1614 621 
167 1164 1165 482 
168 546 1714 843 
169 1041 1829 1336 
170 1554 1731 877 
171 439 1448 1447 
172 706 1941 887 
173 1047 1207 1206 
174 1331 1846 258 
175 873 1318 876 
176 616 1745 1292 
177 1222 1225 1224 
178 1299 1518 1058 
179 1168 1169 500 
180 845 1195 844 
181 546 843 548 
182 1195 1620 844 
183 844 1861 675 
184 1040 1389 1217 
185 887 1181 706 
186 757 1865 883 
187 1183 1414 1146 
188 778 1470 1320 
189 743 1548 632 
190 3 1731 1554 
191 1518 1573 1058 
192 887 1941 1228 
193 815 1771 1377 
194 757 883 755 
195 1155 1629 376 
196 1013 1186 1046 
197 1007 1100 1099 
198 378 1849 1398 
199 1075 1760 1100 
200 1199 1203 367 
201 427 1233 1159 
202 841 895 469 
203 872 1318 873 
204 1179 1357 1180 
205 1277 1701 961 
206 57 1392 56 
207 540 1600 593 
208 616 1292 549 
209 259 1331 258 
210 452 1168 500 
211 1401 1632 1603 
212 1174 1396 379 
213 945 1316 947 
214 574 891 889 
215 1260 1721 1373 
216 1326 1632 1618 
217 659 1544 836 
218 500 1297 450 
219 1372 1498 418 
220 1186 1190 1046 
221 1217 1389 1172 
222 1639 1742 1638 
223 987 1172 1007 
224 1220 1221 771 
225 1089 1559 392 
226 632 1548 662 
227 675 1861 677 
228 1603 1632 1326 
229 1250 1541 571 
230 439 1605 1448 
231 463 1176 461 
232 1280 1488 744 
233 46 1376 45 
234 1454 1612 1464 
235 1231 1249 1042 
236 1187 1190 1186 
237 815 1377 796 
238 1109 1253 1111 
239 453 1164 482 
240 689 1513 1301 
241 1226 1654 1552 
242 1170 1236 1235 
243 896 897 419 
244 446 1317 508 
245 1399 1872 751 
246 1175 1319 1248 
247 1166 1250 1164 
248 463 1635 1176 
249 1320 1470 814 
250 765 1220 768 
251 411 1777 1504 
252 905 1231 1042 
253 1464 1612 373 
254 1572 1608 1085 
255 1278 1517 398 
256 449 1252 445 
257 1714 1837 843 
258 1115 1237 1113 
259 403 443 442 
260 391 1443 1177 
261 540 1672 1600 
262 392 1671 1089 
263 927 1101 940 
264 1360 1891 885 
265 963 1775 1537 
266 1700 1701 1277 
267 912 1094 1087 
268 1296 1432 388 
269 478 1543 1510 
270 1087 1762 912 
271 1536 1634 1071 
272 1185 1935 1184 
273 1255 1479 441 
274 1499 1565 1093 
275 1132 1741 1237 
276 1575 1911 1083 
277 436 1732 1675 
278 611 843 842 
279 951 1760 1483 
280 1155 1588 415 
281 412 1659 1171 
282 942 1343 986 
283 1334 1767 1465 
284 1107 1183 1146 
285 947 1316 951 
286 1254 1732 436 
287 1334 1465 1332 
288 355 1566 399 
289 1346 1780 1409 
290 1309 1748 1463 
291 371 1209 1194 
292 1172 1389 1007 
293 535 1211 510 
294 426 1407 1406 
295 1263 1832 1193 
296 1555 1717 807 
297 653 1185 1184 
298 549 1292 491 
299 1057 1569 1355 
300 896 898 897 
301 1047 1206 1020 
302 457 1166 455 
303 380 1613 1421 
304 1047 1208 1207 
305 1398 1636 378 
306 896 1252 898 
307 1292 1293 486 
308 1406 1443 426 
309 1659 1667 1065 
310 822 1942 1676 
311 1062 1659 1065 
312 433 1869 1505 
313 1543 1773 744 
314 1474 1483 1074 
315 548 843 611 
316 1006 1800 1304 
317 1153 1629 1155 
318 1101 1343 940 
319 401 1648 1647 
320 1203 1393 367 
321 707 1300 1247 
322 1309 1463 1424 
323 1368 1697 1383 
324 75 1383 74 
325 733 1792 1705 
326 1373 1721 1498 
327 495 1717 1555 
328 403 444 443 
329 765 768 767 
330 768 770 769 
331 1126 1127 1125 
332 1124 1125 1122 
333 763 765 764 
334 1121 1122 1120 
335 550 552 551 
336 450 1297 447 
337 1173 1368 422 
338 1119 1120 1118 
339 898 899 897 
340 761 763 762 
341 449 1585 1252 
342 1116 1118 1115 
343 824 1692 1387 
344 1212 1213 865 
345 942 943 941 
346 444 445 443 
347 954 1099 943 
348 898 1054 899 
349 1181 1397 706 
350 453 482 452 
351 1392 1613 380 
352 709 844 675 
353 451 452 450 
354 904 1231 905 
355 876 1318 1301 
356 940 941 933 
357 448 450 447 
358 446 447 445 
359 1187 1730 1190 
360 1054 1096 1095 
361 1592 1670 821 
362 495 550 549 
363 755 883 787 
364 1100 1760 1316 
365 410 1839 1405 
366 759 761 760 
367 1054 1095 899 
368 1616 1728 819 
369 444 446 445 
370 1196 1305 996 
371 1096 1097 1095 
372 422 1396 1173 
373 1114 1115 1113 
374 850 851 848 
375 446 448 447 
376 448 451 450 
377 744 1773 1280 
378 922 1160 1101 
379 363 1278 398 
380 399 1193 354 
381 451 453 452 
382 1106 1107 1105 
383 393 1329 1328 
384 885 1615 1360 
385 1007 1389 1100 
386 1292 1745 1293 
387 1391 1392 57 
388 1100 1593 1075 
389 851 1212 865 
390 512 1211 516 
391 1232 1234 440 
392 1374 1694 1276 
393 63 1279 62 
394 461 483 460 
395 574 837 538 
396 689 691 690 
397 483 510 509 
398 1124 1264 1126 
399 1205 1642 1238 
400 836 1787 659 
401 536 1375 526 
402 1116 1119 1118 
403 1114 1116 1115 
404 56 1392 380 
405 1170 1235 789 
406 1119 1121 1120 
407 457 1826 1166 
408 1194 1376 371 
409 761 762 760 
410 1228 1590 888 
411 1150 1325 1144 
412 763 764 762 
413 90 1281 89 
414 1121 1124 1122 
415 330 1282 329 
416 752 753 751 
417 93 1284 92 
418 723 1764 1505 
419 444 1317 446 
420 1308 1423 1002 
421 510 512 511 
422 765 767 764 
423 1537 1775 1491 
424 1322 1869 433 
425 1590 1627 888 
426 1124 1126 1125 
427 1052 1794 1525 
428 550 551 549 
429 754 755 753 
430 1569 1856 1355 
431 1107 1109 1108 
432 768 769 767 
433 552 553 551 
434 455 1164 453 
435 813 1391 1312 
436 1552 1654 1369 
437 455 1166 1164 
438 1164 1250 1165 
439 677 703 679 
440 473 476 471 
441 1388 1829 1041 
442 940 1343 942 
443 1490 1536 1071 
444 1299 1800 1006 
445 445 1252 443 
446 918 961 920 
447 709 845 844 
448 386 1694 1374 
449 1252 1585 1055 
450 936 1010 953 
451 1111 1114 1113 
452 996 1397 1196 
453 671 673 672 
454 901 904 903 
455 759 760 757 
456 1675 1734 436 
457 1070 1537 1491 
458 814 816 815 
459 1519 1548 743 
460 1099 1316 945 
461 904 1639 1231 
462 772 773 770 
463 1193 1838 1079 
464 847 848 845 
465 1312 1391 421 
466 495 549 491 
467 927 933 928 
468 756 757 755 
469 538 1616 819 
470 1373 1623 1260 
471 1271 1694 1680 
472 1276 1850 1374 
473 673 709 675 
474 1278 1702 1517 
475 500 1727 1297 
476 940 942 941 
477 905 1042 907 
478 1109 1111 1110 
479 401 1647 1395 
480 884 1753 402 
481 1266 1268 1264 
482 1177 1443 1406 
483 943 945 944 
484 1321 1322 433 
485 1173 1396 1174 
486 673 675 674 
487 1865 1904 1806 
488 459 460 457 
489 679 1380 681 
490 613 842 744 
491 537 538 506 
492 683 689 685 
493 826 1676 1179 
494 589 1683 1653 
495 1269 1270 1268 
496 771 772 770 
497 927 940 933 
498 1238 1741 1205 
499 1266 1276 1269 
500 786 814 796 
501 1023 1186 1016 
502 904 905 903 
503 942 954 943 
504 476 1750 1430 
505 851 853 852 
506 1064 1775 1711 
507 441 1479 1362 
508 922 1101 924 
509 1741 1883 1204 
510 371 1376 46 
511 45 1376 425 
512 506 819 504 
513 596 1410 531 
514 1107 1146 1109 
515 1309 1423 1308 
516 1224 1721 1221 
517 837 1614 1506 
518 1198 1818 832 
519 1116 1938 1119 
520 755 787 753 
521 744 1488 615 
522 1716 1907 1043 
523 1093 1852 1499 
524 1382 1697 1542 
525 492 495 491 
526 1528 1932 1620 
527 1324 1866 886 
528 510 1211 512 
529 1275 1680 108 
530 621 1689 1506 
531 1211 1670 1592 
532 1016 1186 1013 
533 1218 1671 392 
534 758 759 757 
535 932 1091 936 
536 611 842 613 
537 681 1784 1513 
538 393 1328 257 
539 1163 1703 1363 
540 1052 1525 1524 
541 1103 1105 1104 
542 403 442 359 
543 650 1837 1714 
544 1179 1676 1357 
545 1091 1092 1010 
546 850 1212 851 
547 653 1184 655 
548 847 850 848 
549 769 1796 1320 
550 1106 1183 1107 
551 1176 1635 831 
552 655 1184 835 
553 669 834 818 
554 512 514 513 
555 1111 1113 1112 
556 999 1911 1575 
557 675 677 676 
558 552 554 553 
559 571 1740 1250 
560 1305 1426 996 
561 961 1907 1277 
562 850 1398 1215 
563 1023 1187 1186 
564 574 1492 891 
565 1250 1251 1165 
566 471 841 469 
567 669 671 670 
568 1103 1106 1105 
569 829 1715 406 
570 1090 1691 1559 
571 1097 1742 1639 
572 463 1815 1635 
573 483 535 510 
574 924 927 926 
575 1095 1926 899 
576 769 1320 786 
577 1266 1269 1268 
578 415 1739 1155 
579 1205 1741 1204 
580 1232 1695 427 
581 653 1884 1185 
582 1570 1718 702 
583 406 1734 829 
584 392 1559 347 
585 1432 1640 388 
586 1068 1163 1162 
587 924 1101 927 
588 1046 1217 1172 
589 916 1384 918 
590 392 1219 1218 
591 483 509 460 
592 417 1850 1274 
593 1146 1253 1109 
594 488 1292 486 
595 772 774 773 
596 535 1670 1211 
597 77 1396 76 
598 459 461 460 
599 537 574 538 
600 689 690 685 
601 1179 1885 826 
602 1150 1326 1325 
603 751 1872 749 
604 360 879 403 
605 750 751 749 
606 669 818 671 
607 1319 1678 1248 
608 442 896 419 
609 691 692 690 
610 470 471 469 
611 430 1618 1462 
612 909 912 911 
613 814 815 796 
614 490 491 488 
615 1010 1608 1572 
616 1147 1325 1203 
617 733 1705 649 
618 87 1332 86 
619 443 896 442 
620 691 693 692 
621 1466 1713 1262 
622 681 1513 683 
623 1004 1172 987 
624 379 1867 1174 
625 1138 1237 1153 
626 1045 1524 1086 
627 74 1383 377 
628 677 679 678 
629 1029 1481 957 
630 1279 1345 62 
631 510 511 509 
632 659 1669 1544 
633 697 1590 1228 
634 851 852 848 
635 1237 1238 1153 
636 1570 1730 1189 
637 1217 1415 1040 
638 108 1847 1275 
639 943 1099 945 
640 1566 1599 1080 
641 1189 1730 1187 
642 772 1256 775 
643 987 1007 954 
644 1336 1830 1041 
645 1676 1942 375 
646 1256 1257 775 
647 1363 1703 416 
648 591 1908 1698 
649 726 1429 827 
650 1144 1325 1147 
651 1038 1918 1648 
652 1568 1915 409 
653 1107 1108 1105 
654 752 754 753 
655 916 918 917 
656 750 752 751 
657 1082 1302 1051 
658 776 1220 765 
659 922 1853 1160 
660 707 1920 1300 
661 552 1294 556 
662 1525 1624 970 
663 1342 1777 411 
664 829 1734 1675 
665 1196 1397 1181 
666 1013 1046 1004 
667 930 1852 1093 
668 899 901 900 
669 1023 1206 1188 
670 943 944 941 
671 538 819 506 
672 1328 1330 438 
673 1325 1618 1203 
674 1167 1529 1168 
675 770 1796 769 
676 1510 1543 842 
677 1505 1764 1702 
678 1528 1620 1527 
679 1276 1694 1269 
680 1282 1353 329 
681 467 469 465 
682 1284 1354 92 
683 21 1443 20 
684 472 473 471 
685 759 1235 780 
686 1235 1236 780 
687 454 455 453 
688 832 1819 1198 
689 1559 1691 346 
690 1421 1502 380 
691 356 1599 1566 
692 1308 1426 1305 
693 443 1252 896 
694 851 865 853 
695 512 513 511 
696 422 1383 75 
697 1206 1207 1188 
698 1463 1748 4 
699 847 1398 850 
700 1221 1721 1607 
701 1221 1256 771 
702 1457 1467 429 
703 1411 1459 651 
704 1281 1655 89 
705 1389 1593 1100 
706 701 1397 704 
707 1165 1167 482 
708 913 916 915 
709 1264 1924 1126 
710 899 1926 901 
711 1430 1687 476 
712 655 835 736 
713 976 1509 977 
714 889 1681 574 
715 1239 1938 1116 
716 1046 1172 1004 
717 1279 1366 712 
718 828 1818 1416 
719 671 672 670 
720 367 1327 1199 
721 671 1644 673 
722 1303 1429 726 
723 399 1838 1193 
724 754 756 755 
725 1064 1711 988 
726 1580 1908 591 
727 679 681 680 
728 512 516 514 
729 433 1278 364 
730 353 1193 432 
731 824 1715 829 
732 717 1429 1303 
733 1409 1780 712 
734 1122 1540 1123 
735 371 1310 1209 
736 48 1310 47 
737 1185 1600 1521 
738 1127 1129 1128 
739 1002 1426 1308 
740 1109 1110 1108 
741 853 854 852 
742 1309 1424 1423 
743 257 1328 256 
744 1269 1271 1270 
745 1653 1683 840 
746 1117 1239 1116 
747 1213 1725 1476 
748 1043 1907 1384 
749 1018 1023 1016 
750 1226 1582 1225 
751 768 771 770 
752 927 928 926 
753 1317 1508 508 
754 918 920 919 
755 753 1178 751 
756 689 1301 691 
757 1171 1535 412 
758 673 674 672 
759 364 1278 363 
760 354 1193 353 
761 1241 1338 1239 
762 1394 1407 426 
763 1416 1735 828 
764 687 1749 1637 
765 365 1321 433 
766 1311 1502 1421 
767 1127 1128 1125 
768 971 1499 944 
769 1152 1479 1255 
770 936 953 937 
771 1521 1935 1185 
772 1142 1400 1137 
773 402 1848 884 
774 418 1498 1227 
775 491 1292 488 
776 1113 1237 1138 
777 1126 1825 1127 
778 1068 1162 1103 
779 780 1546 761 
780 945 946 944 
781 959 1299 1006 
782 1238 1642 1629 
783 340 1535 435 
784 1573 1660 1058 
785 1374 1850 417 
786 474 475 473 
787 613 744 615 
788 421 1314 1312 
789 834 1763 818 
790 1213 1476 1216 
791 944 1499 941 
792 763 776 765 
793 1458 1656 1562 
794 1228 1941 697 
795 1237 1741 1238 
796 644 1884 653 
797 1257 1258 775 
798 1213 1214 865 
799 1208 1651 1207 
800 853 1381 855 
801 514 515 513 
802 1540 1834 1123 
803 912 1530 913 
804 1290 1568 409 
805 1122 1123 1120 
806 461 1176 483 
807 814 1470 816 
808 932 936 935 
809 262 1900 894 
810 901 903 902 
811 1180 1688 1179 
812 1327 1845 413 
813 1211 1592 516 
814 1527 1620 1195 
815 1341 1839 410 
816 441 1404 1255 
817 1547 1597 423 
818 376 1588 1155 
819 756 758 757 
820 939 1518 1299 
821 456 457 455 
822 794 1170 789 
823 936 1091 1010 
824 1138 1153 1151 
825 440 1695 1232 
826 1051 1302 1050 
827 1162 1915 1568 
828 1394 1771 1407 
829 769 786 781 
830 550 1294 552 
831 490 492 491 
832 1055 1247 1054 
833 1133 1264 1124 
834 508 1866 1324 
835 912 913 911 
836 945 947 946 
837 361 1936 880 
838 1620 1932 703 
839 1303 1428 717 
840 681 683 682 
841 1096 1743 1097 
842 336 1404 441 
843 551 1549 616 
844 505 506 504 
845 601 1411 600 
846 503 1935 1521 
847 593 1600 642 
848 1111 1112 1110 
849 1648 1693 1038 
850 1262 1713 1261 
851 675 676 674 
852 1118 1132 1115 
853 759 780 761 
854 1387 1715 824 
855 1329 1330 1328 
856 846 847 845 
857 736 1808 1191 
858 1333 1334 1332 
859 853 855 854 
860 1190 1217 1046 
861 651 1459 1194 
862 1447 1534 439 
863 47 1310 371 
864 1189 1718 1570 
865 1424 1425 1423 
866 1552 1582 1226 
867 920 922 921 
868 771 1256 772 
869 379 1396 77 
870 76 1396 422 
871 460 1826 457 
872 1247 1300 1096 
873 1332 1465 86 
874 1165 1580 1167 
875 499 504 497 
876 1402 1597 1547 
877 855 1381 866 
878 786 1320 814 
879 712 1780 1279 
880 1198 1554 877 
881 895 1815 469 
882 554 555 553 
883 1168 1529 1169 
884 1285 1286 1284 
885 631 1411 601 
886 780 1822 1546 
887 526 1375 528 
888 1216 1863 377 
889 1758 1791 504 
890 1240 1241 1239 
891 514 517 515 
892 476 841 471 
893 524 1379 536 
894 1380 1784 681 
895 1022 1047 1020 
896 1491 1646 1070 
897 447 1297 449 
898 410 1404 337 
899 691 696 693 
900 1227 1498 1224 
901 1100 1316 1099 
902 1097 1743 1742 
903 1356 1369 1283 
904 920 1853 922 
905 848 1195 845 
906 452 500 450 
907 865 1381 853 
908 1637 1749 1249 
909 363 398 362 
910 355 399 354 
911 909 1934 912 
912 843 1510 842 
913 358 419 357 
914 360 403 359 
915 1069 1501 958 
916 1274 1365 417 
917 693 694 692 
918 905 907 906 
919 774 777 773 
920 447 449 445 
921 266 1340 434 
922 536 1604 1375 
923 508 1324 448 
924 1147 1203 1199 
925 528 1375 596 
926 1271 1272 1270 
927 365 433 364 
928 353 432 352 
929 1054 1247 1096 
930 552 556 554 
931 256 1328 438 
932 898 1055 1054 
933 1265 1266 1264 
934 758 1235 759 
935 813 1392 1391 
936 1227 1351 418 
937 932 1877 1091 
938 1492 1737 893 
939 482 1168 452 
940 514 1385 517 
941 1221 1896 1224 
942 1105 1556 1104 
943 1388 1567 1335 
944 822 1676 826 
945 706 1397 701 
946 704 1397 996 
947 393 1544 1329 
948 752 1387 754 
949 467 470 469 
950 1045 1671 1524 
951 899 900 897 
952 458 459 457 
953 1524 1525 1086 
954 1127 1130 1129 
955 677 678 676 
956 465 1815 463 
957 360 1925 879 
958 507 537 506 
959 516 1385 514 
960 403 879 444 
961 1113 1138 1112 
962 1023 1188 1187 
963 683 685 684 
964 1535 1668 435 
965 986 987 954 
966 1036 1640 1432 
967 426 1443 21 
968 20 1443 391 
969 1128 1540 1125 
970 1233 1401 1400 
971 377 1821 1216 
972 1680 1694 386 
973 786 796 788 
974 446 508 448 
975 787 1179 1178 
976 1192 1831 425 
977 772 775 774 
978 662 838 631 
979 1246 1883 1118 
980 451 454 453 
981 1143 1540 1128 
982 1188 1189 1187 
983 338 1341 410 
984 1271 1680 1275 
985 879 1317 444 
986 67 1347 1230 
987 1032 1481 1029 
988 530 1379 522 
989 1137 1400 1140 
990 407 1366 1279 
991 1817 1881 437 
992 1159 1400 1142 
993 1233 1400 1159 
994 522 1379 524 
995 1262 1520 1466 
996 922 924 923 
997 1629 1642 1282 
998 816 1407 815 
999 423 1502 1311 
1000 366 1321 365 
1001 451 1324 454 
1002 1370 1825 1126 
1003 1170 1553 1236 
1004 1071 1626 1490 
1005 916 917 915 
1006 524 536 526 
1007 953 1573 1518 
1008 270 436 269 
1009 336 441 335 
1010 261 402 260 
1011 345 401 344 
1012 517 1385 542 
1013 348 392 347 
1014 258 393 257 
1015 763 1546 776 
1016 264 1342 411 
1017 1294 1482 556 
1018 1129 1134 1128 
1019 1059 1071 1048 
1020 69 1367 378 
1021 381 1497 60 
1022 1410 1661 1315 
1023 58 1391 57 
1024 1058 1800 1299 
1025 1280 1412 627 
1026 504 1791 497 
1027 470 472 471 
1028 715 1430 717 
1029 397 1891 1360 
1030 912 1762 1530 
1031 556 557 554 
1032 1134 1150 1144 
1033 373 1612 1291 
1034 486 1928 481 
1035 904 1793 1639 
1036 1103 1104 1102 
1037 338 410 337 
1038 268 406 267 
1039 608 1409 712 
1040 1227 1582 1351 
1041 1207 1628 1188 
1042 1598 1919 1571 
1043 407 1279 63 
1044 1018 1206 1023 
1045 531 1410 533 
1046 342 412 341 
1047 264 411 263 
1048 600 1411 651 
1049 425 1903 1192 
1050 1267 1276 1266 
1051 1114 1117 1116 
1052 693 697 694 
1053 1686 1753 1191 
1054 916 1789 1384 
1055 277 1351 370 
1056 103 1365 369 
1057 256 438 255 
1058 350 437 349 
1059 842 1543 744 
1060 275 1356 1283 
1061 415 1588 332 
1062 98 1361 1290 
1063 34 1359 1289 
1064 272 1358 1254 
1065 832 1818 828 
1066 1247 1478 707 
1067 734 1430 715 
1068 1215 1725 1212 
1069 831 1778 1176 
1070 475 1752 473 
1071 1311 1547 423 
1072 1134 1456 1150 
1073 1258 1489 775 
1074 359 442 358 
1075 1561 1873 882 
1076 776 1222 1220 
1077 462 463 461 
1078 667 834 669 
1079 1376 1903 425 
1080 679 680 678 
1081 918 1384 961 
1082 337 1404 336 
1083 838 1459 1411 
1084 374 1332 87 
1085 279 1372 418 
1086 105 1374 417 
1087 835 1598 1571 
1088 259 1539 1331 
1089 907 909 908 
1090 776 1546 1223 
1091 384 1281 90 
1092 495 1555 550 
1093 340 435 339 
1094 266 434 265 
1095 376 1282 330 
1096 396 1284 93 
1097 977 1509 1009 
1098 764 766 762 
1099 959 1006 972 
1100 1675 1732 794 
1101 1177 1916 391 
1102 760 1865 757 
1103 1344 1666 636 
1104 1121 1133 1124 
1105 918 919 917 
1106 1618 1906 1203 
1107 1086 1481 1032 
1108 485 486 481 
1109 48 1503 1310 
1110 487 488 486 
1111 1403 1404 410 
1112 1003 1004 987 
1113 1178 1399 751 
1114 970 1776 1525 
1115 1459 1903 1376 
1116 1289 1532 1531 
1117 1257 1259 1258 
1118 980 1461 1005 
1119 1234 1601 440 
1120 928 1852 930 
1121 1120 1246 1118 
1122 1562 1656 1272 
1123 448 1324 451 
1124 1368 1383 422 
1125 1470 1495 1378 
1126 1160 1888 1101 
1127 1543 1890 1773 
1128 528 596 531 
1129 551 616 549 
1130 339 1341 338 
1131 1214 1382 1381 
1132 1349 1904 1865 
1133 1298 1585 449 
1134 1395 1652 401 
1135 265 1342 264 
1136 947 948 946 
1137 1490 1626 686 
1138 468 1682 1412 
1139 1129 1456 1134 
1140 1767 1929 428 
1141 358 442 419 
1142 1093 1877 930 
1143 1378 1406 816 
1144 1241 1765 1477 
1145 924 926 925 
1146 991 1426 994 
1147 1219 1881 1817 
1148 669 670 668 
1149 539 1737 1492 
1150 819 1758 504 
1151 555 575 553 
1152 936 937 935 
1153 769 781 767 
1154 1010 1572 953 
1155 410 1405 1403 
1156 472 474 473 
1157 1381 1382 866 
1158 1457 1722 1467 
1159 1330 1774 438 
1160 1259 1261 1258 
1161 913 1530 916 
1162 636 1666 638 
1163 1830 1856 1569 
1164 778 1495 1470 
1165 100 1471 400 
1166 774 779 777 
1167 1045 1086 1032 
1168 662 1192 838 
1169 816 1470 1378 
1170 421 1391 58 
1171 1213 1216 1214 
1172 1214 1381 865 
1173 901 902 900 
1174 838 1411 631 
1175 554 1413 555 
1176 939 1299 959 
1177 1130 1131 1129 
1178 709 846 845 
1179 855 856 854 
1180 517 518 515 
1181 433 1505 1278 
1182 777 778 773 
1183 369 1765 1339 
1184 1291 1751 373 
1185 1249 1914 1042 
1186 947 949 948 
1187 667 1619 834 
1188 1301 1318 696 
1189 941 1499 933 
1190 703 1878 679 
1191 1395 1646 1066 
1192 1020 1206 1018 
1193 454 456 455 
1194 61 381 60 
1195 69 378 68 
1196 1153 1155 1151 
1197 555 576 575 
1198 67 1230 66 
1199 764 1643 766 
1200 66 383 65 
1201 64 407 63 
1202 388 1868 1296 
1203 1289 1930 1532 
1204 997 1388 1041 
1205 1430 1750 1429 
1206 841 1864 895 
1207 1184 1598 835 
1208 775 1489 774 
1209 1250 1740 1251 
1210 435 1341 339 
1211 789 1235 758 
1212 467 1390 470 
1213 1271 1275 1272 
1214 1118 1883 1132 
1215 352 1323 351 
1216 683 1513 689 
1217 995 1415 992 
1218 473 1752 476 
1219 1638 1742 1583 
1220 681 682 680 
1221 566 567 562 
1222 326 367 325 
1223 24 368 23 
1224 88 374 87 
1225 42 372 41 
1226 279 418 278 
1227 105 417 104 
1228 26 414 25 
1229 328 413 327 
1230 748 750 749 
1231 91 384 90 
1232 277 370 276 
1233 103 369 102 
1234 39 385 38 
1235 1028 1558 1501 
1236 275 1283 274 
1237 331 376 330 
1238 29 375 28 
1239 100 400 99 
1240 36 397 35 
1241 274 404 273 
1242 94 396 93 
1243 609 1591 534 
1244 996 1426 991 
1245 994 1426 1002 
1246 31 1180 30 
1247 333 415 332 
1248 34 1289 33 
1249 98 1290 97 
1250 272 1254 271 
1251 96 416 95 
1252 32 405 31 
1253 622 631 601 
1254 33 408 2 
1255 97 409 5 
1256 661 733 649 
1257 1270 1895 1268 
1258 1503 1625 1602 
1259 413 1736 1327 
1260 679 1878 1380 
1261 596 1661 1410 
1262 1774 1835 1322 
1263 1066 1491 1064 
1264 556 558 557 
1265 65 1295 64 
1266 357 1599 356 
1267 1009 1509 1077 
1268 1296 1751 1291 
1269 980 1005 982 
1270 697 698 694 
1271 1012 1013 1004 
1272 405 1872 1399 
1273 464 465 463 
1274 1194 1459 1376 
1275 1295 1763 834 
1276 499 505 504 
1277 1304 1563 1006 
1278 909 911 910 
1279 1009 1077 1025 
1280 533 1410 1409 
1281 718 1280 627 
1282 489 490 488 
1283 722 1737 592 
1284 372 1548 1519 
1285 1387 1692 754 
1286 920 921 919 
1287 427 1611 1233 
1288 517 519 518 
1289 905 906 903 
1290 101 1471 100 
1291 557 1413 554 
1292 1330 1835 1774 
1293 1131 1456 1129 
1294 1503 1602 1310 
1295 953 1518 937 
1296 644 653 647 
1297 1092 1608 1010 
1298 255 1712 11 
1299 1068 1103 1102 
1300 992 1415 993 
1301 1040 1415 995 
1302 855 857 856 
1303 1351 1582 370 
1304 984 1567 1388 
1305 405 1688 1180 
1306 1136 1825 1370 
1307 883 1865 1806 
1308 794 1790 1170 
1309 263 1900 262 
1310 1768 1811 1315 
1311 1230 1873 1561 
1312 71 420 70 
1313 59 421 58 
1314 717 1430 1429 
1315 1117 1240 1239 
1316 1259 1262 1261 
1317 779 782 777 
1318 1130 1135 1131 
1319 1070 1646 1081 
1320 1601 1609 113 
1321 1022 1048 1047 
1322 949 950 948 
1323 947 951 949 
1324 1140 1456 1131 
1325 62 1345 61 
1326 576 618 575 
1327 1715 1782 406 
1328 268 1734 406 
1329 818 1766 671 
1330 1333 1335 1334 
1331 1400 1401 1140 
1332 51 1408 3 
1333 968 979 975 
1334 566 568 567 
1335 1149 1931 1405 
1336 653 655 654 
1337 640 722 592 
1338 434 1342 265 
1339 558 559 557 
1340 1355 1589 1057 
1341 1406 1407 816 
1342 803 1630 802 
1343 697 699 698 
1344 928 930 929 
1345 1062 1064 988 
1346 691 1301 696 
1347 519 520 518 
1348 517 542 519 
1349 632 662 631 
1350 567 1449 562 
1351 855 866 857 
1352 857 858 856 
1353 258 1846 393 
1354 608 712 663 
1355 779 783 782 
1356 942 986 954 
1357 1130 1136 1135 
1358 1135 1137 1131 
1359 949 955 950 
1360 432 1323 352 
1361 576 619 618 
1362 979 980 975 
1363 568 569 567 
1364 107 386 106 
1365 281 387 280 
1366 43 1371 42 
1367 558 560 559 
1368 25 1350 24 
1369 699 700 698 
1370 976 1892 1509 
1371 968 1442 979 
1372 520 521 518 
1373 542 543 519 
1374 857 859 858 
1375 329 1353 328 
1376 27 1352 26 
1377 494 1717 492 
1378 779 785 783 
1379 783 790 782 
1380 902 1319 1175 
1381 92 1354 91 
1382 1135 1141 1137 
1383 1137 1140 1131 
1384 955 956 950 
1385 576 620 619 
1386 568 570 569 
1387 787 1178 753 
1388 30 1357 29 
1389 558 561 560 
1390 560 563 559 
1391 699 701 700 
1392 700 708 698 
1393 520 522 521 
1394 542 544 543 
1395 859 860 858 
1396 783 791 790 
1397 790 792 782 
1398 1141 1142 1137 
1399 955 965 956 
1400 620 629 619 
1401 334 1362 333 
1402 570 600 569 
1403 561 562 560 
1404 563 564 559 
1405 699 706 701 
1406 701 702 700 
1407 520 530 522 
1408 544 577 543 
1409 859 861 860 
1410 860 862 858 
1411 790 839 792 
1412 1141 1156 1142 
1413 955 969 965 
1414 965 966 956 
1415 629 630 619 
1416 570 601 600 
1417 600 602 569 
1418 563 572 564 
1419 701 704 702 
1420 2 1364 32 
1421 5 1363 96 
1422 544 578 577 
1423 577 719 543 
1424 860 872 862 
1425 859 863 861 
1426 839 1177 792 
1427 1156 1157 1142 
1428 1141 1158 1156 
1429 969 989 965 
1430 966 967 956 
1431 629 725 630 
1432 600 651 602 
1433 572 573 564 
1434 563 804 572 
1435 704 705 702 
1436 577 720 719 
1437 544 579 578 
1438 863 864 861 
1439 872 873 862 
1440 1177 1378 792 
1441 1157 1159 1142 
1442 966 968 967 
1443 969 990 989 
1444 629 840 725 
1445 725 726 630 
1446 651 652 602 
1447 572 633 573 
1448 573 603 564 
1449 704 991 705 
1450 720 721 719 
1451 579 580 578 
1452 864 867 861 
1453 863 869 864 
1454 1177 1406 1378 
1455 1157 1232 1159 
1456 969 1074 990 
1457 990 1034 989 
1458 725 1303 726 
1459 651 1194 652 
1460 633 828 573 
1461 991 992 705 
1462 704 996 991 
1463 580 606 578 
1464 579 581 580 
1465 720 727 721 
1466 864 868 867 
1467 863 871 869 
1468 1157 1234 1232 
1469 990 1036 1034 
1470 1034 1035 989 
1471 1194 1209 652 
1472 633 832 828 
1473 991 994 992 
1474 992 993 705 
1475 720 741 727 
1476 581 582 580 
1477 727 728 721 
1478 868 887 867 
1479 871 1173 869 
1480 1034 1039 1035 
1481 633 833 832 
1482 994 995 992 
1483 741 1402 727 
1484 581 583 582 
1485 728 729 721 
1486 1173 1174 869 
1487 887 888 867 
1488 871 1368 1173 
1489 868 1181 887 
1490 1039 1061 1035 
1491 994 1001 995 
1492 581 604 583 
1493 728 730 729 
1494 583 584 582 
1495 868 1182 1181 
1496 887 1228 888 
1497 1039 1291 1061 
1498 1061 1072 1035 
1499 1001 1011 995 
1500 994 1002 1001 
1501 604 605 583 
1502 730 731 729 
1503 584 585 582 
1504 728 1311 730 
1505 1182 1196 1181 
1506 1039 1296 1291 
1507 1061 1073 1072 
1508 1001 1026 1011 
1509 1011 1040 995 
1510 730 732 731 
1511 584 586 585 
1512 604 623 605 
1513 1182 1197 1196 
1514 1026 1075 1011 
1515 584 587 586 
1516 586 588 585 
1517 732 739 731 
1518 604 820 623 
1519 623 624 605 
1520 1197 1305 1196 
1521 820 821 623 
1522 732 740 739 
1523 586 589 588 
1524 624 714 605 
1525 1197 1306 1305 
1526 589 607 588 
1527 740 811 739 
1528 624 715 714 
1529 1306 1308 1305 
1530 1197 1307 1306 
1531 607 656 588 
1532 589 713 607 
1533 715 717 714 
1534 1306 1309 1308 
1535 607 657 656 
1536 657 877 656 
1537 877 878 656 
1538 657 1198 877 
1539 713 1418 1417 
1540 588 1419 585 
1541 713 1417 1416 
1542 713 1416 607 
1543 607 1416 657 
1544 656 1419 588 
1545 878 1419 656 
1546 623 1420 624 
1547 821 1420 623 
1548 1423 1425 1422 
1549 583 1427 584 
1550 579 1431 581 
1551 1002 1423 1422 
1552 1311 1421 730 
1553 730 1421 732 
1554 1002 1422 1001 
1555 1001 1422 1026 
1556 605 1427 583 
1557 584 1427 587 
1558 714 1427 605 
1559 1427 1428 587 
1560 714 1428 1427 
1561 717 1428 714 
1562 1419 1434 1433 
1563 581 1431 604 
1564 1036 1432 1034 
1565 604 1431 820 
1566 1034 1432 1039 
1567 580 1433 606 
1568 1419 1433 585 
1569 1039 1432 1296 
1570 582 1433 580 
1571 1433 1434 606 
1572 585 1433 582 
1573 878 1434 1419 
1574 869 1435 864 
1575 864 1435 868 
1576 868 1435 1182 
1577 1174 1435 869 
1578 1197 1436 1307 
1579 1435 1436 1182 
1580 1174 1436 1435 
1581 1182 1436 1197 
1582 804 1437 572 
1583 572 1437 633 
1584 1447 1448 1445 
1585 633 1437 833 
1586 578 1438 577 
1587 577 1438 720 
1588 1446 1447 1445 
1589 965 1439 966 
1590 720 1438 741 
1591 1072 1439 1035 
1592 989 1439 965 
1593 606 1438 578 
1594 1438 1440 741 
1595 888 1441 867 
1596 606 1440 1438 
1597 1035 1439 989 
1598 861 1441 860 
1599 860 1441 872 
1600 1454 1455 1453 
1601 1434 1440 606 
1602 897 1870 419 
1603 791 1446 1445 
1604 867 1441 861 
1605 1072 1442 1439 
1606 1439 1442 966 
1607 966 1442 968 
1608 1073 1454 1453 
1609 791 1445 1444 
1610 560 1449 563 
1611 562 1449 560 
1612 1580 1699 1167 
1613 1150 1603 1326 
1614 78 379 77 
1615 56 380 55 
1616 52 382 51 
1617 54 423 53 
1618 74 377 73 
1619 76 422 75 
1620 785 1450 783 
1621 791 1444 790 
1622 790 1444 839 
1623 783 1450 791 
1624 563 1449 804 
1625 1442 1452 979 
1626 785 1451 1450 
1627 1072 1452 1442 
1628 382 1408 51 
1629 392 1881 1219 
1630 791 1450 1446 
1631 1073 1453 1452 
1632 1073 1452 1072 
1633 619 1545 618 
1634 267 1340 266 
1635 1136 1458 1135 
1636 429 1799 1457 
1637 956 1473 950 
1638 1135 1458 1141 
1639 630 1545 619 
1640 885 1161 722 
1641 866 1460 857 
1642 863 1460 871 
1643 857 1460 859 
1644 1526 1645 475 
1645 71 1476 420 
1646 1369 1654 1236 
1647 968 975 974 
1648 1476 1725 420 
1649 777 1495 778 
1650 967 1473 956 
1651 1451 1457 1450 
1652 1141 1458 1158 
1653 1041 1830 1569 
1654 1450 1457 1446 
1655 1320 1796 778 
1656 979 1461 980 
1657 740 813 812 
1658 1268 1895 1370 
1659 530 1515 1379 
1660 519 1472 520 
1661 859 1460 863 
1662 543 1472 519 
1663 1453 1461 1452 
1664 1452 1461 979 
1665 1065 1066 1064 
1666 342 1667 412 
1667 1125 1540 1122 
1668 858 1512 856 
1669 951 1474 949 
1670 719 1472 543 
1671 11 1712 366 
1672 625 1412 1348 
1673 969 1474 1074 
1674 1285 1288 1286 
1675 1385 1516 542 
1676 949 1474 955 
1677 961 1853 920 
1678 834 1657 1295 
1679 837 1616 538 
1680 520 1472 530 
1681 729 1484 721 
1682 1481 1674 957 
1683 950 964 948 
1684 437 1881 349 
1685 1405 1556 1149 
1686 323 1462 322 
1687 283 1466 282 
1688 285 1467 284 
1689 18 424 17 
1690 20 391 19 
1691 284 395 283 
1692 318 440 317 
1693 320 427 319 
1694 322 390 321 
1695 45 425 44 
1696 47 371 46 
1697 50 389 49 
1698 80 388 79 
1699 83 373 82 
1700 84 1464 83 
1701 85 428 84 
1702 86 1465 85 
1703 286 429 285 
1704 288 439 287 
1705 22 426 21 
1706 324 430 323 
1707 79 1463 4 
1708 110 394 109 
1709 112 431 111 
1710 111 1468 110 
1711 19 1469 18 
1712 1103 1162 1106 
1713 1281 1856 1830 
1714 719 1484 1472 
1715 602 1480 569 
1716 698 1475 694 
1717 862 1512 858 
1718 1472 1484 530 
1719 362 1936 361 
1720 1229 1519 890 
1721 260 1539 259 
1722 1723 1752 475 
1723 1236 1553 1369 
1724 950 1473 964 
1725 886 1664 1324 
1726 565 566 562 
1727 731 1551 1515 
1728 883 1885 787 
1729 968 974 967 
1730 569 1480 567 
1731 1345 1346 381 
1732 1648 1918 1647 
1733 774 1489 779 
1734 456 458 457 
1735 402 1539 260 
1736 567 1480 1449 
1737 955 1474 969 
1738 708 1475 698 
1739 1556 1839 1104 
1740 1340 1761 434 
1741 72 1476 71 
1742 894 1848 262 
1743 505 507 506 
1744 1026 1483 1075 
1745 603 1494 564 
1746 1378 1495 792 
1747 1449 1480 804 
1748 721 1484 719 
1749 1407 1771 815 
1750 1161 1538 722 
1751 1362 1755 441 
1752 559 1494 557 
1753 557 1494 1413 
1754 325 1393 324 
1755 23 1394 22 
1756 430 1462 323 
1757 284 1467 395 
1758 322 1462 390 
1759 395 1466 283 
1760 428 1464 84 
1761 83 1464 373 
1762 85 1465 428 
1763 429 1467 285 
1764 388 1463 79 
1765 391 1469 19 
1766 431 1468 111 
1767 110 1468 394 
1768 18 1469 424 
1769 1499 1852 933 
1770 683 684 682 
1771 782 1495 777 
1772 602 1493 1480 
1773 740 812 811 
1774 761 1546 763 
1775 726 825 630 
1776 1133 1265 1264 
1777 1027 1888 1701 
1778 1258 1577 1489 
1779 850 1215 1212 
1780 731 1515 729 
1781 1015 1016 1013 
1782 825 1545 630 
1783 380 1502 55 
1784 54 1502 423 
1785 42 1371 372 
1786 436 1734 269 
1787 779 1489 785 
1788 555 1496 576 
1789 786 788 781 
1790 1042 1769 907 
1791 49 1503 48 
1792 1296 1868 1751 
1793 1619 1657 834 
1794 548 611 598 
1795 1244 1339 1242 
1796 1480 1493 804 
1797 1463 1640 1424 
1798 1297 1298 449 
1799 466 467 465 
1800 1350 1377 368 
1801 1083 1911 1085 
1802 1425 1511 1422 
1803 66 1230 383 
1804 324 1393 430 
1805 22 1394 426 
1806 997 1041 1014 
1807 652 1493 602 
1808 368 1394 23 
1809 367 1393 325 
1810 1712 1774 1321 
1811 1413 1496 555 
1812 1354 1355 384 
1813 579 1516 1431 
1814 542 1516 544 
1815 1346 1811 1768 
1816 808 1352 810 
1817 493 494 492 
1818 378 1636 1347 
1819 483 1176 535 
1820 1184 1935 1851 
1821 261 1848 402 
1822 693 1590 697 
1823 922 923 921 
1824 804 1493 1437 
1825 564 1494 559 
1826 792 1495 782 
1827 1268 1924 1264 
1828 846 849 847 
1829 913 915 914 
1830 406 1782 1340 
1831 576 1496 620 
1832 1026 1511 1483 
1833 1483 1511 1074 
1834 401 1652 344 
1835 652 1507 1493 
1836 907 1769 909 
1837 685 1490 686 
1838 1123 1834 1663 
1839 533 1409 608 
1840 611 613 612 
1841 459 1348 462 
1842 690 1490 685 
1843 971 1565 1499 
1844 1246 1772 1204 
1845 459 462 461 
1846 1136 1656 1458 
1847 1399 1688 405 
1848 281 1520 387 
1849 341 1535 340 
1850 436 1756 1254 
1851 382 1650 1408 
1852 1525 1794 1624 
1853 871 1542 1368 
1854 1240 1242 1241 
1855 574 1681 837 
1856 1493 1507 1437 
1857 1465 1767 428 
1858 655 736 711 
1859 55 1502 54 
1860 808 1927 1352 
1861 694 695 692 
1862 1055 1478 1247 
1863 1370 1895 1136 
1864 784 789 758 
1865 274 1283 404 
1866 1209 1507 652 
1867 1382 1542 866 
1868 108 1680 107 
1869 624 716 715 
1870 624 1420 716 
1871 1356 1552 1369 
1872 1050 1302 1263 
1873 405 1180 31 
1874 97 1290 409 
1875 33 1289 408 
1876 1191 1753 736 
1877 1453 1550 1461 
1878 1523 1586 635 
1879 1466 1520 282 
1880 556 1482 558 
1881 1398 1849 1215 
1882 667 669 668 
1883 61 1345 381 
1884 469 1815 465 
1885 806 1555 807 
1886 421 1497 1314 
1887 728 1547 1311 
1888 1402 1547 727 
1889 1134 1144 1143 
1890 402 1753 1686 
1891 1778 1933 1670 
1892 389 1503 49 
1893 1303 1574 1428 
1894 880 1925 361 
1895 930 932 931 
1896 762 1349 760 
1897 803 1708 1508 
1898 1236 1654 780 
1899 1215 1880 1725 
1900 1286 1843 1284 
1901 414 1350 25 
1902 1437 1507 833 
1903 558 1482 561 
1904 1401 1795 1632 
1905 1455 1929 1767 
1906 539 1492 537 
1907 856 870 854 
1908 356 1566 355 
1909 1180 1357 30 
1910 1515 1551 1379 
1911 1265 1267 1266 
1912 70 1367 69 
1913 60 1497 59 
1914 892 1229 890 
1915 1422 1511 1026 
1916 873 874 862 
1917 1053 1473 967 
1918 1098 1395 1066 
1919 438 1774 1712 
1920 286 1534 429 
1921 439 1534 287 
1922 561 565 562 
1923 522 524 523 
1924 68 1347 67 
1925 1484 1515 530 
1926 351 1724 14 
1927 813 1613 1392 
1928 797 1387 752 
1929 849 1398 847 
1930 599 1666 1344 
1931 1560 1592 820 
1932 1242 1765 1241 
1933 866 1542 1460 
1934 666 1584 724 
1935 1377 1771 368 
1936 1091 1901 1092 
1937 1111 1836 1114 
1938 694 1475 695 
1939 750 797 752 
1940 874 1512 862 
1941 1379 1551 536 
1942 705 1570 702 
1943 1516 1560 1431 
1944 671 1766 1644 
1945 566 1500 568 
1946 729 1515 1484 
1947 840 1574 725 
1948 974 1053 967 
1949 1390 1837 1633 
1950 595 1514 806 
1951 280 1372 279 
1952 106 1374 105 
1953 544 1516 579 
1954 1017 1018 1016 
1955 1461 1550 1005 
1956 907 908 906 
1957 1395 1647 1646 
1958 374 1333 1332 
1959 278 1351 277 
1960 104 1365 103 
1961 716 1420 830 
1962 1650 1690 1408 
1963 276 1356 275 
1964 332 1588 331 
1965 273 1358 272 
1966 35 1359 34 
1967 99 1361 98 
1968 1412 1682 1348 
1969 24 1350 368 
1970 382 1597 1402 
1971 346 1691 345 
1972 595 806 658 
1973 328 1353 413 
1974 26 1352 414 
1975 406 1340 267 
1976 91 1354 384 
1977 458 1348 459 
1978 1645 1723 475 
1979 1071 1807 1048 
1980 29 1357 375 
1981 1344 1917 599 
1982 507 539 537 
1983 685 686 684 
1984 333 1362 415 
1985 32 1364 405 
1986 96 1363 416 
1987 856 1512 870 
1988 282 1520 281 
1989 50 1554 389 
1990 813 1312 812 
1991 1162 1568 1106 
1992 41 1594 40 
1993 396 1285 1284 
1994 1428 1574 587 
1995 1075 1593 1011 
1996 14 1724 350 
1997 1184 1851 1598 
1998 1633 1837 650 
1999 740 1613 813 
2000 1594 1827 40 
2001 986 1003 987 
2002 1343 1757 986 
2003 423 1597 53 
2004 52 1597 382 
2005 852 1195 848 
2006 1234 1609 1601 
2007 1549 1744 616 
2008 1553 1790 404 
2009 891 1492 893 
2010 348 1881 392 
2011 1238 1629 1153 
2012 835 1808 736 
2013 750 1337 797 
2014 1362 1479 415 
2015 726 827 825 
2016 1281 1830 1655 
2017 1634 1807 1071 
2018 1431 1560 820 
2019 485 487 486 
2020 1489 1577 785 
2021 1119 1801 1121 
2022 613 615 614 
2023 553 1549 551 
2024 496 497 494 
2025 1291 1612 1061 
2026 1073 1612 1454 
2027 1421 1613 732 
2028 1417 1557 603 
2029 413 1845 327 
2030 39 1827 385 
2031 924 925 923 
2032 113 1609 112 
2033 1402 1650 382 
2034 1223 1225 1222 
2035 1245 1788 1146 
2036 287 1534 286 
2037 1251 1580 1165 
2038 748 749 747 
2039 1347 1873 1230 
2040 696 1590 693 
2041 416 1658 95 
2042 690 1536 1490 
2043 1261 1577 1258 
2044 872 1910 1318 
2045 412 1667 1659 
2046 36 1813 397 
2047 1315 1811 1410 
2048 665 1591 609 
2049 419 1599 357 
2050 1364 1872 405 
2051 381 1768 1497 
2052 739 1551 731 
2053 1052 1524 1218 
2054 1455 1550 1453 
2055 787 1885 1179 
2056 516 1560 1385 
2057 1538 1631 385 
2058 932 935 934 
2059 1405 1839 1556 
2060 375 1709 28 
2061 516 1592 1560 
2062 781 1643 767 
2063 1335 1759 1334 
2064 618 1545 800 
2065 1385 1560 1516 
2066 1138 1151 1139 
2067 1584 1842 724 
2068 627 1412 625 
2069 1451 1722 1457 
2070 521 1487 518 
2071 1460 1542 871 
2072 518 1487 515 
2073 903 1319 902 
2074 13 1755 334 
2075 522 523 521 
2076 271 1756 12 
2077 741 1650 1402 
2078 672 707 670 
2079 1509 1892 1579 
2080 513 571 511 
2081 589 1653 713 
2082 930 1877 932 
2083 537 1492 574 
2084 709 1644 846 
2085 1339 1879 369 
2086 390 1611 321 
2087 320 1611 427 
2088 793 794 789 
2089 1317 1902 1508 
2090 347 1559 346 
2091 1019 1020 1018 
2092 1630 1733 880 
2093 1310 1602 1209 
2094 603 1735 1417 
2095 1648 1691 1090 
2096 1231 1637 1249 
2097 727 1547 728 
2098 802 1630 1517 
2099 778 1796 773 
2100 387 1922 1373 
2101 1000 1052 1051 
2102 1288 1563 1286 
2103 1214 1821 1382 
2104 1225 1582 1227 
2105 1329 1781 1330 
2106 1727 1842 1297 
2107 739 1604 1551 
2108 928 929 926 
2109 1097 1793 1095 
2110 1257 1260 1259 
2111 1248 1838 399 
2112 1346 1768 381 
2113 818 1763 1561 
2114 1144 1147 1145 
2115 946 971 944 
2116 937 1518 939 
2117 1028 1501 1030 
2118 586 1683 589 
2119 948 1485 946 
2120 1134 1143 1128 
2121 748 1337 750 
2122 1259 1623 1262 
2123 1418 1557 1417 
2124 964 1485 948 
2125 984 1388 997 
2126 878 1690 1434 
2127 462 464 463 
2128 909 910 908 
2129 3 1554 50 
2130 570 621 601 
2131 1193 1832 432 
2132 1207 1651 1628 
2133 1615 1913 1360 
2134 487 489 488 
2135 1003 1012 1004 
2136 1412 1773 468 
2137 1110 1149 1108 
2138 873 876 875 
2139 1102 1840 1668 
2140 622 632 631 
2141 1677 1781 1669 
2142 498 499 497 
2143 1579 1596 1509 
2144 1551 1604 536 
2145 1052 1218 1076 
2146 716 830 735 
2147 878 1731 1690 
2148 1458 1562 1158 
2149 1300 1743 1096 
2150 661 747 733 
2151 702 1718 700 
2152 1081 1918 1706 
2153 1289 1531 408 
2154 1326 1618 1325 
2155 901 1926 904 
2156 1037 1537 1070 
2157 388 1640 1463 
2158 1637 1638 687 
2159 1456 1603 1150 
2160 993 1570 705 
2161 718 1488 1280 
2162 318 1695 440 
2163 427 1695 319 
2164 1405 1931 1403 
2165 725 1574 1303 
2166 573 1735 603 
2167 1021 1022 1020 
2168 499 1521 505 
2169 722 1810 1737 
2170 653 654 647 
2171 785 1577 1451 
2172 1283 1553 404 
2173 596 1912 1581 
2174 637 1523 635 
2175 1600 1672 1521 
2176 1224 1896 1222 
2177 1558 1720 1501 
2178 1170 1790 1553 
2179 1371 1831 1192 
2180 16 1605 15 
2181 1000 1794 1052 
2182 490 493 492 
2183 1496 1898 1557 
2184 937 939 938 
2185 1307 1748 1306 
2186 1654 1822 780 
2187 913 914 911 
2188 1106 1568 1183 
2189 716 734 715 
2190 1040 1593 1389 
2191 476 1687 841 
2192 385 1785 1538 
2193 43 1831 1371 
2194 747 1531 733 
2195 640 885 722 
2196 1508 1902 1733 
2197 1147 1199 1148 
2198 1069 1706 1501 
2199 1167 1168 482 
2200 1282 1642 1353 
2201 756 784 758 
2202 1062 1065 1064 
2203 712 1366 663 
2204 1384 1789 1043 
2205 477 479 474 
2206 1481 1776 1622 
2207 478 1390 467 
2208 1157 1685 1234 
2209 618 737 575 
2210 1696 1769 1042 
2211 524 526 525 
2212 1359 1930 1289 
2213 1525 1776 1086 
2214 1298 1842 1584 
2215 1123 1246 1120 
2216 933 1852 928 
2217 1773 1890 468 
2218 629 1783 840 
2219 342 1905 1667 
2220 38 1631 37 
2221 370 1582 1552 
2222 1322 1835 1719 
2223 1401 1603 1140 
2224 1199 1327 1200 
2225 1531 1532 733 
2226 1701 1853 961 
2227 1473 1522 964 
2228 1457 1799 1446 
2229 373 1751 82 
2230 668 1584 666 
2231 1416 1818 657 
2232 78 1812 379 
2233 1036 1770 1425 
2234 767 1643 764 
2235 1318 1627 696 
2236 1140 1603 1456 
2237 1012 1015 1013 
2238 902 1175 1080 
2239 1483 1760 1075 
2240 697 1941 699 
2241 398 1936 362 
2242 820 1592 821 
2243 1445 1833 1444 
2244 980 981 975 
2245 464 466 465 
2246 64 1295 407 
2247 383 1295 65 
2248 888 1910 1441 
2249 1163 1923 1703 
2250 1011 1593 1040 
2251 1174 1867 1436 
2252 1429 1750 827 
2253 1621 1823 1660 
2254 377 1863 73 
2255 1361 1786 1290 
2256 610 738 594 
2257 1529 1591 1169 
2258 1233 1795 1401 
2259 1732 1790 794 
2260 798 1747 1578 
2261 1324 1664 454 
2262 53 1597 52 
2263 1037 1665 1537 
2264 621 622 601 
2265 1581 1661 596 
2266 565 594 566 
2267 673 1644 709 
2268 1090 1693 1648 
2269 1555 1844 1294 
2270 1316 1760 951 
2271 747 1710 1531 
2272 1833 1875 1444 
2273 637 1571 1523 
2274 109 1847 108 
2275 1358 1732 1254 
2276 369 1857 1765 
2277 1049 1059 1048 
2278 492 1717 495 
2279 852 1527 1195 
2280 1188 1628 1189 
2281 1209 1602 1507 
2282 655 711 654 
2283 1544 1846 836 
2284 424 1809 17 
2285 575 1549 553 
2286 1367 1849 378 
2287 1263 1876 1050 
2288 811 1604 739 
2289 385 1631 38 
2290 611 612 598 
2291 975 1575 974 
2292 1482 1514 561 
2293 72 1863 1476 
2294 114 1601 113 
2295 1041 1569 1014 
2296 1476 1863 1216 
2297 389 1625 1503 
2298 696 1627 1590 
2299 939 959 952 
2300 1355 1843 1589 
2301 425 1831 44 
2302 1085 1911 1572 
2303 387 1373 1372 
2304 854 1527 852 
2305 930 931 929 
2306 1130 1825 1136 
2307 407 1657 1366 
2308 1591 1704 534 
2309 1806 1885 883 
2310 1350 1578 1377 
2311 840 1683 1574 
2312 618 800 737 
2313 1081 1706 1069 
2314 708 1651 1475 
2315 80 1868 388 
2316 1655 1830 1336 
2317 638 745 710 
2318 670 1386 668 
2319 1369 1553 1283 
2320 1355 1856 384 
2321 479 1606 474 
2322 89 1655 88 
2323 480 481 479 
2324 812 1581 811 
2325 1390 1633 470 
2326 1065 1098 1066 
2327 873 875 874 
2328 6 1828 114 
2329 317 1828 6 
2330 1506 1616 837 
2331 95 1658 94 
2332 745 1787 836 
2333 1171 1668 1535 
2334 795 1643 781 
2335 678 688 676 
2336 1602 1625 833 
2337 1088 1626 1059 
2338 1061 1612 1073 
2339 561 1514 565 
2340 1138 1139 1112 
2341 732 1613 740 
2342 1571 1808 835 
2343 1222 1896 1220 
2344 515 1533 513 
2345 1260 1623 1259 
2346 677 1861 703 
2347 877 1731 878 
2348 397 1360 1359 
2349 890 1519 743 
2350 112 1609 431 
2351 321 1611 320 
2352 1321 1774 1322 
2353 408 1364 2 
2354 409 1363 5 
2355 1056 1058 998 
2356 526 528 527 
2357 776 1223 1222 
2358 1251 1908 1580 
2359 880 1936 1630 
2360 361 1925 360 
2361 1015 1017 1016 
2362 1307 1812 1748 
2363 846 1644 881 
2364 88 1655 374 
2365 926 1558 925 
2366 692 1536 690 
2367 94 1658 396 
2368 494 1858 1717 
2369 638 1666 745 
2370 591 1699 1580 
2371 912 1934 1094 
2372 745 836 746 
2373 1272 1656 1270 
2374 634 1704 1529 
2375 1005 1567 982 
2376 1192 1903 838 
2377 833 1625 832 
2378 466 478 467 
2379 16 1809 1605 
2380 946 1485 971 
2381 1524 1671 1218 
2382 524 525 523 
2383 590 625 458 
2384 1707 1900 1893 
2385 501 1344 636 
2386 1053 1522 1473 
2387 1365 1857 369 
2388 1079 1248 1044 
2389 523 541 521 
2390 1068 1923 1163 
2391 1578 1927 798 
2392 1060 1088 1059 
2393 959 972 960 
2394 1531 1710 408 
2395 1505 1869 723 
2396 1507 1602 833 
2397 870 1527 854 
2398 1163 1915 1162 
2399 788 798 795 
2400 597 599 547 
2401 1708 1866 1508 
2402 974 1083 1053 
2403 484 485 481 
2404 613 614 612 
2405 493 496 494 
2406 1031 1032 1029 
2407 412 1535 341 
2408 1202 1641 1205 
2409 806 807 658 
2410 513 1533 571 
2411 1554 1819 389 
2412 1479 1739 415 
2413 1877 1901 1091 
2414 1373 1922 1623 
2415 980 982 981 
2416 915 962 914 
2417 1641 1642 1205 
2418 511 1541 509 
2419 528 531 529 
2420 736 884 711 
2421 664 665 609 
2422 489 1586 490 
2423 1409 1811 1346 
2424 1220 1896 1221 
2425 881 882 849 
2426 402 1686 1539 
2427 1212 1725 1213 
2428 1414 1882 1245 
2429 1312 1313 812 
2430 593 642 641 
2431 1178 1688 1399 
2432 550 1555 1294 
2433 270 1756 436 
2434 441 1755 335 
2435 932 934 931 
2436 680 1583 678 
2437 1371 1548 372 
2438 1624 1794 962 
2439 983 999 981 
2440 1812 1867 379 
2441 481 1816 479 
2442 1243 1244 1242 
2443 784 793 789 
2444 1244 1471 1339 
2445 1144 1145 1143 
2446 594 1500 566 
2447 1353 1642 1641 
2448 1074 1770 990 
2449 919 970 917 
2450 1033 1045 1032 
2451 648 649 645 
2452 822 823 809 
2453 1146 1788 1253 
2454 1273 1274 1267 
2455 1059 1626 1071 
2456 625 1348 458 
2457 1323 1724 351 
2458 1208 1894 1651 
2459 1063 1762 1679 
2460 972 976 973 
2461 1497 1768 1314 
2462 1017 1019 1018 
2463 568 1689 570 
2464 1440 1650 741 
2465 628 803 802 
2466 1108 1556 1105 
2467 1229 1827 1594 
2468 1462 1632 390 
2469 1101 1888 1343 
2470 1067 1171 1024 
2471 925 1558 1028 
2472 666 724 665 
2473 937 938 935 
2474 626 627 625 
2475 1375 1912 596 
2476 1572 1573 953 
2477 964 1486 1485 
2478 713 1653 1418 
2479 977 1009 1008 
2480 1 1841 288 
2481 15 1841 1 
2482 531 533 532 
2483 707 1478 1386 
2484 1444 1875 839 
2485 642 644 643 
2486 766 1349 762 
2487 1230 1561 383 
2488 798 808 799 
2489 1047 1807 1208 
2490 603 1898 1494 
2491 1643 1814 766 
2492 1082 1820 1302 
2493 472 477 474 
2494 672 1920 707 
2495 1572 1621 1573 
2496 345 1691 401 
2497 474 1606 475 
2498 541 1487 521 
2499 540 592 539 
2500 28 1709 27 
2501 1529 1704 1591 
2502 1383 1697 377 
2503 1706 1918 1038 
2504 1487 1533 515 
2505 738 1500 594 
2506 1576 1904 766 
2507 400 1414 1361 
2508 800 1526 801 
2509 902 1080 900 
2510 1384 1907 961 
2511 660 661 649 
2512 101 1879 1471 
2513 1285 1579 1288 
2514 695 1536 692 
2515 1063 1789 1530 
2516 1501 1720 958 
2517 496 498 497 
2518 615 723 614 
2519 1498 1721 1224 
2520 977 988 973 
2521 1280 1773 1412 
2522 27 1709 1352 
2523 424 1833 1809 
2524 1628 1651 708 
2525 1033 1090 1089 
2526 1339 1765 1242 
2527 1605 1809 1448 
2528 1052 1076 1051 
2529 535 1778 1670 
2530 1009 1025 1024 
2531 648 1504 660 
2532 628 718 627 
2533 1622 1674 1481 
2534 925 1028 957 
2535 533 608 534 
2536 972 1738 976 
2537 1223 1226 1225 
2538 1005 1759 1567 
2539 1646 1647 1081 
2540 1058 1660 998 
2541 808 810 809 
2542 914 1662 911 
2543 874 1564 1512 
2544 1719 1869 1322 
2545 644 647 645 
2546 107 1680 386 
2547 1660 1823 985 
2548 532 634 529 
2549 1241 1897 1338 
2550 1627 1910 888 
2551 1156 1685 1157 
2552 643 646 641 
2553 1176 1778 535 
2554 1019 1021 1020 
2555 590 886 626 
2556 1022 1049 1048 
2557 484 546 545 
2558 1151 1152 1139 
2559 664 667 666 
2560 1440 1690 1650 
2561 716 735 734 
2562 593 640 592 
2563 1557 1871 1496 
2564 1008 1062 988 
2565 805 1488 718 
2566 1166 1826 1541 
2567 478 1890 1543 
2568 1331 1539 746 
2569 1759 1874 1334 
2570 894 1900 1707 
2571 906 1319 903 
2572 1025 1068 1067 
2573 608 663 609 
2574 374 1336 1333 
2575 802 805 718 
2576 1511 1770 1074 
2577 1234 1685 1609 
2578 982 984 983 
2579 414 1578 1350 
2580 1083 1084 1053 
2581 1147 1148 1145 
2582 1417 1735 1416 
2583 1875 1916 839 
2584 565 595 594 
2585 335 1755 13 
2586 12 1756 270 
2587 59 1497 421 
2588 420 1367 70 
2589 1617 1758 819 
2590 1500 1689 568 
2591 1530 1762 1063 
2592 383 1763 1295 
2593 1563 1738 1006 
2594 396 1287 1285 
2595 1028 1030 1029 
2596 1068 1102 1067 
2597 830 831 735 
2598 910 1078 1044 
2599 1203 1906 1393 
2600 501 635 489 
2601 498 503 499 
2602 387 1372 280 
2603 386 1374 106 
2604 1218 1219 1076 
2605 546 548 547 
2606 1512 1564 870 
2607 839 1916 1177 
2608 1049 1087 1060 
2609 456 590 458 
2610 875 1210 874 
2611 1048 1807 1047 
2612 960 963 952 
2613 684 687 682 
2614 1574 1683 587 
2615 1505 1702 1278 
2616 984 997 985 
2617 840 1783 1653 
2618 788 795 781 
2619 1312 1314 1313 
2620 870 1528 1527 
2621 1471 1879 1339 
2622 527 591 525 
2623 734 1687 1430 
2624 1256 1607 1257 
2625 1335 1829 1388 
2626 1269 1694 1271 
2627 1679 1762 1087 
2628 1544 1669 1329 
2629 1851 1935 503 
2630 1827 1862 385 
2631 1523 1726 1586 
2632 343 1905 342 
2633 432 1832 1302 
2634 703 1861 1620 
2635 1030 1038 1031 
2636 1110 1684 1149 
2637 587 1683 586 
2638 846 881 849 
2639 742 743 632 
2640 1297 1842 1298 
2641 548 598 597 
2642 477 650 480 
2643 738 1506 1500 
2644 1313 1661 1581 
2645 1240 1243 1242 
2646 935 1665 934 
2647 1198 1819 1554 
2648 997 1014 998 
2649 1078 1263 1079 
2650 1199 1200 1148 
2651 939 952 938 
2652 636 637 635 
2653 800 1645 1526 
2654 400 1882 1414 
2655 749 1710 747 
2656 1621 1660 1573 
2657 1265 1273 1267 
2658 1200 1201 1148 
2659 911 1662 910 
2660 570 1689 621 
2661 1204 1883 1246 
2662 806 1844 1555 
2663 921 1622 919 
2664 773 1796 770 
2665 882 1636 849 
2666 477 480 479 
2667 754 1692 756 
2668 1434 1690 1440 
2669 390 1795 1611 
2670 1014 1057 1056 
2671 370 1552 1356 
2672 478 1510 1390 
2673 326 1845 367 
2674 635 1586 489 
2675 507 540 539 
2676 638 639 637 
2677 503 1521 499 
2678 889 890 743 
2679 1352 1927 414 
2680 526 527 525 
2681 1169 1727 500 
2682 1690 1731 1408 
2683 1637 1639 1638 
2684 1413 1898 1496 
2685 475 1606 1526 
2686 1175 1566 1080 
2687 831 895 735 
2688 369 1879 102 
2689 435 1840 1341 
2690 925 957 923 
2691 710 1191 639 
2692 319 1695 318 
2693 891 892 890 
2694 1509 1596 1077 
2695 1152 1154 1139 
2696 982 1567 984 
2697 1279 1780 1345 
2698 707 1386 670 
2699 622 742 632 
2700 745 746 710 
2701 571 1541 511 
2702 1019 1043 1021 
2703 1202 1204 1201 
2704 1049 1060 1059 
2705 411 1900 263 
2706 959 960 952 
2707 344 1652 343 
2708 929 1558 926 
2709 788 1747 798 
2710 1508 1866 508 
2711 823 1576 809 
2712 1149 1556 1108 
2713 800 801 737 
2714 595 658 610 
2715 496 502 498 
2716 497 1791 494 
2717 910 1044 908 
2718 639 1571 637 
2719 501 1673 1344 
2720 480 484 481 
2721 487 501 489 
2722 490 1586 493 
2723 1076 1082 1051 
2724 1003 1027 1012 
2725 825 1645 1545 
2726 1302 1820 432 
2727 661 748 747 
2728 1557 1898 603 
2729 1353 1641 413 
2730 915 1624 962 
2731 884 1848 894 
2732 964 1522 1486 
2733 784 824 793 
2734 1248 1678 1044 
2735 528 529 527 
2736 738 1616 1506 
2737 934 958 931 
2738 962 978 914 
2739 884 894 711 
2740 374 1655 1336 
2741 1382 1821 1697 
2742 614 617 612 
2743 1084 1522 1053 
2744 464 468 466 
2745 1015 1277 1017 
2746 836 1331 746 
2747 807 817 658 
2748 1156 1746 1685 
2749 766 1904 1349 
2750 1293 1928 486 
2751 376 1629 1282 
2752 597 659 599 
2753 1112 1684 1110 
2754 972 973 960 
2755 1031 1033 1032 
2756 1021 1679 1022 
2757 590 626 625 
2758 396 1658 1287 
2759 484 545 485 
2760 1255 1403 1154 
2761 962 1000 978 
2762 378 1347 68 
2763 664 666 665 
2764 798 799 795 
2765 993 1730 1570 
2766 934 1037 958 
2767 531 532 529 
2768 1562 1804 1803 
2769 642 643 641 
2770 824 829 793 
2771 1471 1882 400 
2772 599 1917 547 
2773 737 1549 575 
2774 1190 1921 1217 
2775 1000 1051 1050 
2776 700 1718 708 
2777 648 660 649 
2778 822 826 823 
2779 1243 1245 1244 
2780 1014 1569 1057 
2781 1033 1089 1045 
2782 1037 1070 1069 
2783 976 977 973 
2784 982 983 981 
2785 1085 1608 1084 
2786 1273 1477 1274 
2787 1009 1024 1008 
2788 626 628 627 
2789 1530 1789 916 
2790 1043 1789 1063 
2791 809 1576 799 
2792 875 1380 1210 
2793 1288 1738 1563 
2794 1519 1594 372 
2795 533 534 532 
2796 676 1729 674 
2797 644 645 643 
2798 1506 1689 1500 
2799 981 1575 975 
2800 808 809 799 
2801 667 668 666 
2802 803 1733 1630 
2803 1158 1746 1156 
2804 418 1351 278 
2805 417 1365 104 
2806 540 593 592 
2807 370 1356 276 
2808 331 1588 376 
2809 1526 1587 801 
2810 400 1361 99 
2811 397 1359 35 
2812 404 1358 273 
2813 1037 1069 958 
2814 621 1614 622 
2815 977 1008 988 
2816 1025 1923 1068 
2817 476 1752 1750 
2818 1070 1081 1069 
2819 401 1691 1648 
2820 1090 1559 1089 
2821 367 1845 1327 
2822 1043 1063 1021 
2823 595 610 594 
2824 1000 1050 978 
2825 1284 1843 1354 
2826 1025 1067 1024 
2827 1152 1255 1154 
2828 628 802 718 
2829 608 609 534 
2830 37 1813 36 
2831 810 822 809 
2832 1028 1029 957 
2833 647 648 645 
2834 658 1617 610 
2835 395 1713 1466 
2836 660 1595 661 
2837 1314 1315 1313 
2838 1083 1085 1084 
2839 1813 1891 397 
2840 546 547 545 
2841 1255 1404 1403 
2842 831 1635 895 
2843 593 641 640 
2844 802 1517 805 
2845 663 664 609 
2846 984 985 983 
2847 1078 1079 1044 
2848 1030 1031 1029 
2849 501 636 635 
2850 1200 1202 1201 
2851 1087 1094 1060 
2852 548 597 547 
2853 1304 1589 1563 
2854 565 1514 595 
2855 742 889 743 
2856 997 998 985 
2857 1488 1764 615 
2858 1202 1205 1204 
2859 1668 1840 435 
2860 636 638 637 
2861 1357 1676 375 
2862 1014 1056 998 
2863 891 893 892 
2864 638 710 639 
2865 889 891 890 
2866 1057 1304 1056 
2867 1274 1850 1267 
2868 395 1722 1713 
2869 1152 1739 1479 
2870 327 1845 326 
2871 999 1575 981 
2872 40 1827 39 
2873 1229 1594 1519 
2874 1104 1840 1102 
2875 708 1718 1628 
2876 1628 1718 1189 
2877 1408 1731 3 
2878 102 1879 101 
2879 1098 1652 1395 
2880 502 1726 1523 
2881 1148 1663 1145 
2882 269 1734 268 
2883 990 1770 1036 
2884 646 1913 1615 
2885 1467 1722 395 
2886 649 1705 645 
2887 1685 1746 431 
2888 1086 1776 1481 
2889 1315 1661 1313 
2890 434 1886 1342 
2891 1179 1688 1178 
2892 438 1712 255 
2893 628 1708 803 
2894 1669 1781 1329 
2895 849 1636 1398 
2896 678 1583 688 
2897 917 1624 915 
2898 1803 1804 394 
2899 1769 1934 909 
2900 1093 1901 1877 
2901 419 1870 1599 
2902 828 1735 573 
2903 1065 1667 1098 
2904 827 1723 825 
2905 1295 1657 407 
2906 1377 1747 796 
2907 793 1675 794 
2908 1508 1733 803 
2909 1744 1745 616 
2910 798 1927 808 
2911 998 1660 985 
2912 974 1575 1083 
2913 1522 1802 1486 
2914 1066 1646 1491 
2915 1313 1581 812 
2916 1257 1607 1260 
2917 1323 1889 1724 
2918 648 1610 1504 
2919 1171 1937 1024 
2920 1030 1706 1038 
2921 1517 1630 398 
2922 1275 1804 1272 
2923 1352 1709 810 
2924 1393 1906 430 
2925 938 1665 935 
2926 1338 1938 1239 
2927 1210 1564 874 
2928 470 1633 472 
2929 1386 1584 668 
2930 1366 1657 1619 
2931 372 1594 41 
2932 978 1662 914 
2933 1703 1923 1077 
2934 1561 1805 818 
2935 646 1615 641 
2936 1541 1826 509 
2937 1887 1901 1565 
2938 1217 1921 1415 
2939 1578 1747 1377 
2940 1348 1682 462 
2941 654 1610 647 
2942 432 1820 1323 
2943 1701 1888 1160 
2944 664 1619 667 
2945 836 1846 1331 
2946 1589 1843 1286 
2947 1526 1606 1587 
2948 1158 1803 1746 
2949 1287 1579 1285 
2950 1598 1851 502 
2951 1006 1738 972 
2952 870 1564 1528 
2953 1631 1813 37 
2954 1306 1748 1309 
2955 1151 1739 1152 
2956 1033 1693 1090 
2957 988 1711 973 
2958 82 1751 81 
2959 1370 1924 1268 
2960 1057 1589 1304 
2961 910 1662 1078 
2962 738 1728 1616 
2963 431 1746 1468 
2964 640 1615 885 
2965 1765 1857 1477 
2966 1290 1786 1568 
2967 1084 1802 1522 
2968 1366 1619 663 
2969 434 1761 1337 
2970 350 1724 437 
2971 1568 1786 1183 
2972 748 1595 1337 
2973 1606 1816 1587 
2974 821 1933 1420 
2975 1139 1684 1112 
2976 971 1779 1565 
2977 1425 1770 1511 
2978 1521 1672 505 
2979 1534 1799 429 
2980 1221 1607 1256 
2981 1161 1631 1538 
2982 1231 1639 1637 
2983 366 1712 1321 
2984 1513 1784 876 
2985 484 1714 546 
2986 590 1664 886 
2987 1132 1883 1741 
2988 375 1942 1709 
2989 389 1819 1625 
2990 454 1664 456 
2991 1702 1764 805 
2992 1155 1739 1151 
2993 612 1677 598 
2994 634 1899 529 
2995 502 1919 1598 
2996 610 1728 738 
2997 1539 1686 746 
2998 1638 1797 687 
2999 1022 1679 1049 
3000 919 1622 970 
3001 1127 1825 1130 
3002 1779 1887 1565 
3003 1464 1929 1454 
3004 1626 1649 686 
3005 1550 1759 1005 
3006 1089 1671 1045 
3007 1049 1679 1087 
3008 1201 1663 1148 
3009 1746 1803 1468 
3010 695 1634 1536 
3011 661 1595 748 
3012 479 1816 1606 
3013 349 1881 348 
3014 1088 1649 1626 
3015 505 1672 507 
3016 934 1665 1037 
3017 639 1808 1571 
3018 620 1783 629 
3019 1226 1822 1654 
3020 817 1617 658 
3021 1287 1596 1579 
3022 756 1692 784 
3023 1517 1702 805 
3024 485 1673 487 
3025 1609 1685 431 
3026 1611 1795 1233 
3027 811 1912 1604 
3028 1126 1924 1370 
3029 923 1674 921 
3030 688 1729 676 
3031 1337 1761 797 
3032 416 1824 1658 
3033 1567 1759 1335 
3034 1632 1795 390 
3035 908 1678 906 
3036 1274 1857 1365 
3037 408 1710 1364 
3038 796 1747 788 
3039 1446 1799 1447 
3040 509 1826 460 
3041 970 1624 917 
3042 1748 1812 4 
3043 1204 1772 1201 
3044 1136 1895 1656 
3045 592 1737 539 
3046 622 1614 742 
3047 843 1837 1510 
3048 1063 1679 1021 
3049 766 1814 1576 
3050 4 1812 78 
3051 1722 1859 1713 
3052 262 1848 261 
3053 1545 1645 800 
3054 368 1771 1394 
3055 1216 1821 1214 
3056 1751 1868 81 
3057 462 1682 464 
3058 477 1633 650 
3059 1337 1886 434 
3060 1572 1911 1621 
3061 1202 1736 1641 
3062 647 1610 648 
3063 1055 1585 1478 
3064 963 1854 952 
3065 17 1809 16 
3066 1161 1813 1631 
3067 615 1764 723 
3068 545 1673 485 
3069 830 1933 1778 
3070 657 1818 1198 
3071 1468 1803 394 
3072 1783 1871 1418 
3073 472 1633 477 
3074 428 1929 1464 
3075 1576 1814 799 
3076 1607 1721 1260 
3077 1599 1870 1080 
3078 641 1615 640 
3079 663 1619 664 
3080 1060 1696 1088 
3081 837 1681 1614 
3082 1327 1736 1200 
3083 424 1875 1833 
3084 1621 1911 999 
3085 591 1698 525 
3086 1583 1797 1638 
3087 680 1797 1583 
3088 1067 1668 1171 
3089 620 1871 1783 
3090 1447 1799 1534 
3091 1563 1589 1286 
3092 288 1841 439 
3093 825 1723 1645 
3094 1448 1833 1445 
3095 1336 1829 1333 
3096 1154 1684 1139 
3097 1491 1775 1064 
3098 1363 1915 1163 
3099 659 1855 1669 
3100 1625 1819 832 
3101 829 1675 793 
3102 440 1828 317 
3103 44 1831 43 
3104 1272 1804 1562 
3105 1102 1668 1067 
3106 1200 1736 1202 
3107 1537 1854 963 
3108 1078 1876 1263 
3109 999 1823 1621 
3110 1757 1888 1027 
3111 409 1915 1363 
3112 1123 1772 1246 
3113 1504 1893 411 
3114 807 1858 817 
3115 617 1677 612 
3116 1729 1743 1300 
3117 1514 1844 806 
3118 73 1863 72 
3119 1501 1706 1030 
3120 1617 1728 610 
3121 1591 1940 1169 
3122 1651 1894 1475 
3123 1533 1740 571 
3124 1436 1867 1307 
3125 394 1847 109 
3126 456 1664 590 
3127 1019 1716 1043 
3128 1062 1937 1659 
3129 1262 1922 1520 
3130 532 1704 634 
3131 643 1705 646 
3132 895 1864 735 
3133 695 1894 1634 
3134 1192 1939 1371 
3135 921 1674 1622 
3136 784 1692 824 
3137 81 1868 80 
3138 1860 1897 1273 
3139 1318 1910 1627 
3140 1012 1700 1015 
3141 886 1708 626 
3142 1562 1803 1158 
3143 906 1678 1319 
3144 385 1862 1785 
3145 1038 1693 1031 
3146 1520 1922 387 
3147 1604 1912 1375 
3148 496 1726 502 
3149 879 1902 1317 
3150 507 1672 540 
3151 487 1673 501 
3152 1441 1910 872 
3153 1415 1921 993 
3154 724 1940 665 
3155 1261 1859 1577 
3156 710 1686 1191 
3157 1454 1929 1455 
3158 711 1707 654 
3159 699 1941 706 
3160 1244 1882 1471 
3161 1532 1792 733 
3162 957 1674 923 
3163 1455 1874 1550 
3164 1410 1811 1409 
3165 523 1698 541 
3166 1358 1790 1732 
3167 1538 1810 722 
3168 894 1707 711 
3169 1249 1749 1649 
3170 682 1797 680 
3171 1641 1736 413 
3172 464 1682 468 
3173 1044 1678 908 
3174 838 1903 1459 
3175 986 1757 1003 
3176 1027 1701 1700 
3177 1717 1858 807 
3178 642 1884 644 
3179 958 1720 931 
3180 1684 1931 1149 
3181 1469 1875 424 
3182 742 1681 889 
3183 1015 1700 1277 
3184 960 1711 963 
3185 1729 1920 674 
3186 1267 1850 1276 
3187 1614 1681 742 
3188 1670 1933 821 
3189 1469 1916 1875 
3190 1117 1798 1240 
3191 1806 1904 823 
3192 525 1698 523 
3193 736 1753 884 
3194 1596 1703 1077 
3195 1307 1867 1812 
3196 684 1749 687 
3197 1587 1745 801 
3198 1345 1780 1346 
3199 687 1797 682 
3200 391 1916 1469 
3201 1094 1696 1060 
3202 1623 1922 1262 
3203 931 1720 929 
3204 650 1714 480 
3205 686 1749 684 
3206 882 1805 1561 
3207 746 1686 710 
3208 1496 1871 620 
3209 1738 1892 976 
3210 1571 1919 1523 
3211 827 1752 1723 
3212 662 1939 1192 
3213 1254 1756 271 
3214 1121 1801 1133 
3215 1240 1798 1243 
3216 1003 1757 1027 
3217 1663 1834 1145 
3218 1031 1693 1033 
3219 1080 1870 900 
3220 1017 1716 1019 
3221 645 1705 643 
3222 1027 1700 1012 
3223 1583 1742 688 
3224 534 1704 532 
3225 1548 1939 662 
3226 1630 1936 398 
3227 1494 1898 1413 
3228 626 1708 628 
3229 1304 1800 1056 
3230 1143 1834 1540 
3231 493 1726 496 
3232 723 1719 614 
3233 875 1784 1380 
3234 1809 1833 1448 
3235 334 1755 1362 
3236 819 1728 1617 
3237 481 1928 1816 
3238 1504 1777 660 
3239 1243 1798 1788 
3240 384 1856 1281 
3241 1191 1808 639 
3242 1314 1768 1315 
3243 973 1711 960 
3244 893 1785 892 
3245 1669 1855 1677 
3246 830 1778 831 
3247 1699 1899 634 
3248 1659 1937 1171 
3249 591 1899 1699 
3250 1750 1752 827 
3251 1644 1766 881 
3252 1724 1889 437 
3253 480 1714 484 
3254 665 1940 1591 
3255 1265 1860 1273 
3256 1277 1716 1017 
3257 614 1719 617 
3258 962 1794 1000 
3259 1601 1828 440 
3260 660 1777 1595 
3261 1561 1763 383 
3262 1663 1772 1123 
3263 1088 1914 1649 
3264 1546 1822 1223 
3265 674 1920 672 
3266 929 1720 1558 
3267 805 1764 1488 
3268 1677 1855 598 
3269 545 1917 1673 
3270 1665 1854 1537 
3271 1523 1919 502 
3272 876 1784 875 
3273 1586 1726 493 
3274 654 1707 1610 
3275 1608 1802 1084 
3276 1785 1862 892 
3277 1219 1817 1076 
3278 1114 1836 1117 
3279 1008 1937 1062 
3280 985 1823 983 
3281 900 1870 897 
3282 1302 1832 1263 
3283 1371 1939 1548 
3284 892 1862 1229 
3285 466 1890 478 
3286 1056 1800 1058 
3287 1697 1821 377 
3288 1653 1783 1418 
3289 1077 1923 1025 
3290 1183 1786 1414 
3291 1730 1921 1190 
3292 993 1921 1730 
3293 1042 1914 1696 
3294 597 1855 659 
3295 1154 1931 1684 
3296 817 1758 1617 
3297 1761 1782 797 
3298 801 1745 1744 
3299 502 1851 498 
3300 527 1899 591 
3301 1119 1938 1801 
3302 1635 1815 895 
3303 1673 1917 1344 
3304 826 1806 823 
3305 688 1743 1729 
3306 1340 1782 1761 
3307 801 1744 737 
3308 1477 1897 1241 
3309 1210 1932 1564 
3310 737 1744 1549 
3311 1639 1793 1097 
3312 1634 1894 1208 
3313 885 1891 1161 
3314 1076 1817 1082 
3315 1595 1886 1337 
3316 1740 1754 1251 
3317 1487 1754 1533 
3318 1354 1843 1355 
3319 1475 1894 695 
3320 1333 1829 1335 
3321 1418 1871 1557 
3322 439 1841 1605 
3323 1564 1932 1528 
3324 1577 1859 1451 
3325 1243 1788 1245 
3326 797 1782 1387 
3327 1742 1743 688 
3328 1133 1860 1265 
3329 1584 1909 1298 
3330 886 1866 1708 
3331 1414 1786 1361 
3332 541 1754 1487 
3333 114 1828 1601 
3334 1349 1865 760 
3335 1647 1918 1081 
3336 1649 1749 686 
3337 1092 1802 1608 
3338 938 1854 1665 
3339 881 1805 882 
3340 1649 1914 1249 
3341 1754 1908 1251 
3342 1622 1776 970 
3343 1510 1837 1390 
3344 1486 1779 1485 
3345 978 1876 1662 
3346 1605 1841 15 
3347 817 1791 1758 
3348 1094 1769 1696 
3349 1386 1909 1584 
3350 1294 1844 1482 
3351 404 1790 1358 
3352 1208 1807 1634 
3353 1288 1892 1738 
3354 599 1787 1666 
3355 983 1823 999 
3356 393 1846 1544 
3357 659 1787 599 
3358 734 1864 1687 
3359 1079 1838 1248 
3360 498 1851 503 
3361 1485 1779 971 
3362 1849 1880 1215 
3363 1477 1857 1274 
3364 1367 1880 1849 
3365 1662 1876 1078 
3366 1092 1901 1887 
3367 1293 1745 1587 
3368 1781 1835 1330 
3369 1451 1859 1722 
3370 598 1855 597 
3371 952 1854 938 
3372 1050 1876 978 
3373 1338 1897 1860 
3374 1117 1836 1798 
3375 1403 1931 1154 
3376 1579 1892 1288 
3377 1696 1914 1088 
3378 1098 1905 1652 
3379 1482 1844 1514 
3380 1420 1933 830 
3381 1793 1926 1095 
3382 1711 1775 963 
3383 799 1814 795 
3384 1666 1787 745 
3385 1223 1822 1226 
3386 1587 1816 1293 
3387 1801 1860 1133 
3388 795 1814 1643 
3389 1713 1859 1261 
3390 1145 1834 1143 
3391 735 1864 734 
3392 1705 1792 646 
3393 1913 1930 1360 
3394 1581 1912 811 
3395 1387 1782 1715 
3396 1245 1882 1244 
3397 1596 1824 1703 
3398 1767 1874 1455 
3399 1478 1909 1386 
3400 1550 1874 1759 
3401 1273 1897 1477 
3402 1300 1920 1729 
3403 468 1890 466 
3404 617 1835 1781 
3405 1788 1798 1253 
3406 1533 1754 1740 
3407 617 1781 1677 
3408 1082 1889 1820 
3409 1737 1810 893 
3410 529 1899 527 
3411 1360 1930 1359 
3412 1380 1878 1210 
3413 1703 1824 416 
3414 1287 1824 1596 
3415 547 1917 545 
3416 1893 1900 411 
3417 1341 1840 1839 
3418 1024 1937 1008 
3419 1656 1895 1270 
3420 420 1880 1367 
3421 1817 1889 1082 
3422 1652 1905 343 
3423 1201 1772 1663 
3424 1185 1884 1600 
3425 1585 1909 1478 
3426 879 1925 1902 
3427 1094 1934 1769 
3428 1161 1891 1813 
3429 541 1908 1754 
3430 1600 1884 642 
3431 430 1906 1618 
3432 1719 1835 617 
3433 1766 1805 881 
3434 1658 1824 1287 
3435 1839 1840 1104 
3436 1565 1901 1093 
3437 1160 1853 1701 
3438 893 1810 1785 
3439 1804 1847 394 
3440 1275 1847 1804 
3441 810 1942 822 
3442 882 1873 1636 
3443 1298 1909 1585 
3444 817 1858 1791 
3445 1667 1905 1098 
3446 1169 1940 1727 
3447 1636 1873 1347 
3448 1092 1887 1802 
3449 1725 1880 420 
3450 749 1872 1710 
3451 1791 1858 494 
3452 1532 1930 1913 
3453 823 1904 1576 
3454 1710 1872 1364 
3455 1334 1874 1767 
3456 1687 1864 841 
3457 724 1842 1727 
3458 414 1927 1578 
3459 1620 1861 844 
3460 904 1926 1793 
3461 1902 1925 880 
3462 1610 1893 1504 
3463 723 1869 1719 
3464 1798 1836 1253 
3465 1698 1908 541 
3466 1777 1886 1595 
3467 1338 1860 1801 
3468 1229 1862 1827 
3469 826 1885 1806 
3470 1820 1889 1323 
3471 1785 1810 1538 
3472 1727 1940 724 
3473 1342 1886 1777 
3474 1343 1888 1757 
3475 1277 1907 1716 
3476 1707 1893 1610 
3477 1792 1913 646 
3478 1802 1887 1486 
3479 1801 1938 1338 
3480 437 1889 1817 
3481 1878 1932 1210 
3482 818 1805 1766 
3483 1709 1942 810 
3484 1486 1887 1779 
3485 1816 1928 1293 
3486 1532 1913 1792 
3487 1733 1902 880 
3488 703 1932 1878 
2 2 2 1466
3489 2272 2493 2188 
3490 2426 2476 2296 
3491 2232 2432 2359 
3492 2209 2464 2376 
3493 2213 2543 2300 
3494 2326 2524 2402 
3495 2311 2463 2310 
3496 2028 2294 2030 
3497 2296 2476 2280 
3498 2232 2359 2299 
3499 2014 2414 2218 
3500 2309 2489 1974 
3501 2030 2294 2033 
3502 2088 2279 2152 
3503 2409 2411 2216 
3504 2294 2601 2033 
3505 2249 2458 2342 
3506 2026 2282 2040 
3507 2170 2492 2225 
3508 1958 2500 2431 
3509 2274 2465 2447 
3510 2447 2491 2274 
3511 2327 2439 2229 
3512 1971 2370 2190 
3513 2048 2230 2050 
3514 2431 2500 2268 
3515 2402 2524 2368 
3516 2230 2587 2050 
3517 1974 2310 2309 
3518 2163 2463 2311 
3519 2368 2382 2060 
3520 2229 2524 2327 
3521 2223 2479 2103 
3522 2338 2565 2010 
3523 2069 2272 2225 
3524 2213 2300 2238 
3525 2249 2342 2341 
3526 2190 2210 1971 
3527 2084 2283 2282 
3528 2494 2587 2230 
3529 2384 2385 1982 
3530 2022 2320 2021 
3531 2036 2328 2031 
3532 2218 2471 2014 
3533 1998 2567 2224 
3534 2422 2458 2249 
3535 2376 2464 1945 
3536 1979 2353 2346 
3537 2314 2315 2217 
3538 2060 2402 2368 
3539 2112 2344 2115 
3540 2268 2453 2392 
3541 2225 2492 2379 
3542 2236 2472 2135 
3543 2084 2312 2283 
3544 2015 2314 2217 
3545 2332 2484 2333 
3546 2024 2282 2026 
3547 2128 2301 2127 
3548 2519 2529 2412 
3549 2451 2470 1964 
3550 2355 2602 2419 
3551 2385 2470 2451 
3552 2479 2490 2091 
3553 2125 2246 2163 
3554 2040 2294 2028 
3555 2135 2472 2455 
3556 2455 2472 2242 
3557 2282 2283 2040 
3558 1962 2411 2409 
3559 2128 2579 2301 
3560 2478 2531 2295 
3561 2100 2101 2098 
3562 2020 2022 2021 
3563 92 2258 91 
3564 2104 2105 2101 
3565 2124 2128 2127 
3566 2369 2568 2087 
3567 2108 2109 2107 
3568 2030 2032 2031 
3569 2028 2030 2029 
3570 2097 2098 2096 
3571 2288 2289 2287 
3572 1997 2567 1998 
3573 2026 2028 2027 
3574 2050 2052 2051 
3575 2118 2120 2119 
3576 2048 2050 2049 
3577 2273 2493 2272 
3578 2130 2132 2131 
3579 2145 2336 2308 
3580 2014 2020 2019 
3581 2028 2029 2027 
3582 2030 2031 2029 
3583 2052 2055 2053 
3584 2293 2529 2519 
3585 2032 2034 2031 
3586 2120 2121 2119 
3587 2026 2027 2025 
3588 2069 2225 2052 
3589 2024 2026 2025 
3590 2228 2229 2227 
3591 2118 2119 2103 
3592 2288 2290 2289 
3593 2283 2284 2040 
3594 2076 2279 2088 
3595 2335 2398 1973 
3596 2055 2057 2056 
3597 2279 2518 2152 
3598 2230 2508 2494 
3599 2385 2451 1982 
3600 2103 2480 2223 
3601 2210 2211 1971 
3602 2020 2021 2019 
3603 2225 2272 2170 
3604 2102 2118 2103 
3605 2112 2113 2111 
3606 2031 2328 2029 
3607 2286 2288 2287 
3608 95 2298 94 
3609 31 2299 30 
3610 2456 2476 1970 
3611 2159 2371 2144 
3612 2225 2379 2055 
3613 2132 2133 2131 
3614 2004 2338 2010 
3615 2246 2463 2163 
3616 2493 2542 2188 
3617 2036 2418 2332 
3618 2402 2514 2326 
3619 2110 2262 2249 
3620 2286 2287 2284 
3621 2308 2423 2145 
3622 2121 2124 2123 
3623 2088 2089 2087 
3624 2024 2025 2022 
3625 2197 2198 2195 
3626 2124 2127 2123 
3627 2229 2439 2340 
3628 2152 2300 2281 
3629 2198 2228 2227 
3630 1988 2505 2469 
3631 2320 2522 2021 
3632 1981 2427 2395 
3633 2105 2107 2106 
3634 2236 2570 2139 
3635 2090 2091 2089 
3636 2130 2131 2128 
3637 2203 2204 2201 
3638 2021 2317 2019 
3639 2109 2344 2112 
3640 2203 2205 2204 
3641 2091 2490 2149 
3642 2355 2419 1976 
3643 2109 2111 2110 
3644 2014 2019 2013 
3645 2097 2100 2098 
3646 2204 2472 2236 
3647 2001 2048 2007 
3648 2216 2553 2409 
3649 2061 2379 2065 
3650 2469 2505 2377 
3651 2454 2520 16 
3652 2267 2453 2268 
3653 2300 2543 2099 
3654 2302 2305 2304 
3655 2100 2104 2101 
3656 2259 2317 2021 
3657 2109 2112 2111 
3658 2224 2230 2048 
3659 2095 2097 2096 
3660 2057 2059 2058 
3661 2105 2108 2107 
3662 2095 2096 2094 
3663 2092 2093 2091 
3664 2091 2149 2089 
3665 2311 2575 2163 
3666 2050 2051 2049 
3667 2102 2103 2093 
3668 1998 2224 2001 
3669 2217 2296 2017 
3670 2048 2049 2007 
3671 2129 2130 2128 
3672 2201 2236 2139 
3673 2305 2307 2306 
3674 2484 2561 2333 
3675 1948 2475 2370 
3676 2052 2053 2051 
3677 2193 2195 2194 
3678 2195 2226 2194 
3679 2098 2243 2140 
3680 2284 2294 2040 
3681 2152 2281 2090 
3682 2305 2306 2304 
3683 2333 2467 2331 
3684 2290 2291 2289 
3685 2427 2582 2395 
3686 2023 2024 2022 
3687 2433 2443 2432 
3688 2032 2035 2034 
3689 2009 2014 2013 
3690 2198 2227 2226 
3691 2243 2245 2244 
3692 2036 2592 2328 
3693 2055 2056 2053 
3694 2052 2225 2055 
3695 2197 2339 2198 
3696 2328 2329 2253 
3697 2094 2102 2093 
3698 2050 2587 2069 
3699 2120 2438 2121 
3700 2205 2206 2204 
3701 2069 2273 2272 
3702 2057 2379 2061 
3703 2117 2316 2264 
3704 2517 2562 2297 
3705 2147 2151 2120 
3706 2112 2114 2113 
3707 2050 2069 2052 
3708 1961 2512 2337 
3709 2033 2531 2478 
3710 2132 2134 2133 
3711 2103 2479 2093 
3712 2364 2473 2352 
3713 2009 2414 2014 
3714 2285 2286 2284 
3715 2057 2058 2056 
3716 2346 2515 1948 
3717 2076 2087 2086 
3718 2245 2270 2269 
3719 2150 2537 2525 
3720 2398 2450 1946 
3721 2228 2382 2368 
3722 2250 2253 2251 
3723 2262 2422 2249 
3724 2353 2477 2167 
3725 2105 2106 2101 
3726 2353 2515 2346 
3727 2057 2061 2059 
3728 2337 2513 1961 
3729 1967 2535 2299 
3730 2088 2090 2089 
3731 2299 2359 30 
3732 2121 2123 2122 
3733 2228 2368 2229 
3734 2196 2197 2195 
3735 2084 2282 2042 
3736 2109 2110 2107 
3737 2076 2088 2087 
3738 2019 2317 2043 
3739 2329 2331 2330 
3740 2298 2528 94 
3741 2089 2231 2087 
3742 1979 2364 2352 
3743 2374 2391 2207 
3744 2250 2328 2253 
3745 2148 2455 2242 
3746 2144 2371 2145 
3747 2254 2440 2256 
3748 2137 2423 2133 
3749 2277 2371 2159 
3750 2059 2063 2058 
3751 2104 2435 2105 
3752 2090 2092 2091 
3753 2087 2568 2086 
3754 2127 2301 2247 
3755 2021 2522 2259 
3756 2165 2167 2151 
3757 1973 2440 2335 
3758 2098 2140 2096 
3759 2399 2520 2454 
3760 2292 2584 2387 
3761 2113 2117 2111 
3762 2139 2570 2130 
3763 2001 2224 2048 
3764 2202 2203 2201 
3765 2365 2390 1963 
3766 2164 2443 2433 
3767 2370 2475 2190 
3768 2251 2334 2254 
3769 2283 2312 2285 
3770 2373 2584 1957 
3771 2376 2550 2209 
3772 2260 2606 2261 
3773 2301 2302 2247 
3774 2127 2247 2246 
3775 2387 2584 2373 
3776 2113 2316 2117 
3777 2124 2129 2128 
3778 2200 2201 2139 
3779 2440 2608 2256 
3780 2092 2094 2093 
3781 2193 2194 2192 
3782 2308 2436 2423 
3783 2332 2592 2036 
3784 2528 2536 2261 
3785 2350 2580 2313 
3786 2270 2557 2269 
3787 2305 2308 2307 
3788 1953 2258 92 
3789 2369 2535 1967 
3790 2204 2236 2201 
3791 2108 2344 2109 
3792 2258 2357 91 
3793 2392 2431 2268 
3794 2477 2495 2167 
3795 2443 2516 2432 
3796 2039 2478 2295 
3797 2020 2023 2022 
3798 2001 2007 2002 
3799 2167 2495 2151 
3800 1986 2589 2337 
3801 1967 2568 2369 
3802 2135 2570 2236 
3803 2059 2425 2063 
3804 2280 2476 2456 
3805 2077 2084 2042 
3806 2042 2282 2024 
3807 2261 2606 1953 
3808 2075 2279 2076 
3809 2335 2450 2398 
3810 1957 2584 2530 
3811 2198 2226 2195 
3812 2114 2116 2113 
3813 1998 2001 2000 
3814 5 2476 2426 
3815 2027 2250 2041 
3816 2033 2478 2032 
3817 2340 2439 1980 
3818 2117 2264 2263 
3819 2207 2564 2374 
3820 2061 2062 2059 
3821 2145 2423 2137 
3822 2302 2436 2305 
3823 2290 2292 2291 
3824 2328 2592 2329 
3825 2030 2033 2032 
3826 2333 2590 2332 
3827 2302 2304 2303 
3828 2183 2507 2012 
3829 2295 2519 2039 
3830 2352 2353 1979 
3831 2287 2294 2284 
3832 2118 2147 2120 
3833 2242 2604 2148 
3834 2026 2040 2028 
3835 2037 2418 2034 
3836 2149 2232 2231 
3837 2101 2607 2098 
3838 2035 2037 2034 
3839 2332 2590 2329 
3840 2337 2512 1986 
3841 2243 2244 2140 
3842 2143 2150 2104 
3843 2237 2452 1954 
3844 2283 2285 2284 
3845 2372 2458 2266 
3846 2055 2379 2057 
3847 2129 2139 2130 
3848 2205 2207 2206 
3849 2167 2515 2353 
3850 2187 2537 2150 
3851 2404 2437 2234 
3852 2250 2251 2041 
3853 2291 2295 2289 
3854 2046 2418 2037 
3855 2362 2530 2486 
3856 2029 2250 2027 
3857 2027 2041 2025 
3858 2025 2320 2022 
3859 1947 2444 2383 
3860 2092 2095 2094 
3861 2034 2036 2031 
3862 2124 2438 2129 
3863 2011 2314 2015 
3864 2229 2340 2227 
3865 2098 2607 2243 
3866 2226 2445 2194 
3867 2224 2508 2230 
3868 2273 2587 2494 
3869 2029 2328 2250 
3870 2308 2336 2307 
3871 2245 2269 2244 
3872 2121 2122 2119 
3873 2107 2248 2106 
3874 2183 2319 2318 
3875 1947 2383 62 
3876 67 2347 1949 
3877 300 2346 1948 
3878 2134 2137 2133 
3879 2185 2575 2271 
3880 2125 2163 2157 
3881 2198 2339 2228 
3882 2277 2598 2371 
3883 2075 2280 2279 
3884 2342 2460 2270 
3885 2342 2588 2341 
3886 2088 2152 2090 
3887 2371 2598 2513 
3888 2123 2246 2125 
3889 2163 2575 2185 
3890 2023 2042 2024 
3891 2297 2562 2318 
3892 2231 2369 2087 
3893 2111 2262 2110 
3894 2017 2296 2075 
3895 298 2364 1979 
3896 69 2362 1978 
3897 2193 2196 2195 
3898 2145 2371 2336 
3899 1948 2515 2475 
3900 2054 2382 2339 
3901 2362 2486 1978 
3902 2264 2265 2263 
3903 2133 2423 2136 
3904 2264 2267 2265 
3905 2129 2438 2199 
3906 2096 2321 2094 
3907 2132 2135 2134 
3908 2329 2330 2253 
3909 1973 2398 89 
3910 40 2354 1975 
3911 104 2355 1976 
3912 2133 2136 2131 
3913 38 2356 1997 
3914 1996 2399 2343 
3915 2211 2349 1971 
3916 2115 2141 2114 
3917 2298 2536 2528 
3918 2358 2573 2552 
3919 2019 2043 2013 
3920 2318 2556 2183 
3921 2299 2535 2232 
3922 2383 2444 2340 
3923 2095 2281 2099 
3924 2274 2491 1989 
3925 2039 2519 2412 
3926 1962 2466 2411 
3927 2183 2556 2507 
3928 2153 2381 2173 
3929 1968 2298 95 
3930 1967 2299 31 
3931 2147 2165 2151 
3932 2158 2187 2150 
3933 2329 2590 2331 
3934 2004 2010 2006 
3935 2315 2468 2217 
3936 2127 2246 2123 
3937 2034 2418 2036 
3938 2209 2381 2155 
3939 2141 2380 2114 
3940 2243 2501 2245 
3941 2281 2300 2099 
3942 2394 2604 2208 
3943 2439 2503 2363 
3944 2153 2154 2141 
3945 1957 2530 2362 
3946 2076 2086 2018 
3947 2423 2436 2136 
3948 2441 2482 2461 
3949 2149 2433 2232 
3950 2200 2202 2201 
3951 2352 2473 2203 
3952 2372 2500 1958 
3953 1989 2553 2274 
3954 2142 2153 2141 
3955 2432 2516 1951 
3956 2154 2380 2141 
3957 2292 2293 2291 
3958 2309 2597 1944 
3959 2245 2588 2270 
3960 2329 2592 2332 
3961 1956 2473 2364 
3962 2365 2544 2390 
3963 2347 2481 1949 
3964 35 2420 2297 
3965 2397 2521 2428 
3966 2015 2217 2017 
3967 2207 2208 2206 
3968 2049 2415 2083 
3969 2116 2316 2113 
3970 2114 2380 2116 
3971 298 1979 299 
3972 61 1980 60 
3973 306 1977 307 
3974 69 1978 68 
3975 2175 2380 2154 
3976 2123 2125 2122 
3977 304 1950 305 
3978 300 1948 301 
3979 63 1947 62 
3980 67 1949 66 
3981 2217 2554 2296 
3982 2061 2064 2062 
3983 2095 2099 2097 
3984 2009 2013 2011 
3985 2120 2551 2438 
3986 2035 2038 2037 
3987 2234 2594 2404 
3988 2397 2428 2278 
3989 2014 2471 2020 
3990 2084 2576 2313 
3991 2360 2568 1967 
3992 24 1944 23 
3993 88 1946 87 
3994 42 1943 41 
3995 106 1945 105 
3996 40 1975 39 
3997 104 1976 103 
3998 26 1974 25 
3999 90 1973 89 
4000 38 1997 37 
4001 28 2271 27 
4002 2289 2531 2287 
4003 101 1954 100 
4004 37 1952 36 
4005 93 1953 92 
4006 29 1951 28 
4007 35 2297 34 
4008 2336 2337 2307 
4009 34 1969 33 
4010 98 1970 97 
4011 96 1968 95 
4012 32 1967 31 
4013 2134 2138 2137 
4014 2253 2334 2251 
4015 2339 2382 2228 
4016 2112 2115 2114 
4017 65 1972 64 
4018 302 1971 303 
4019 2202 2352 2203 
4020 2267 2268 2265 
4021 1974 2311 2310 
4022 2372 2459 2458 
4023 2269 2557 2546 
4024 1944 2424 23 
4025 106 2376 1945 
4026 2155 2381 2153 
4027 2149 2231 2089 
4028 2406 2466 1962 
4029 2208 2541 2394 
4030 2001 2002 2000 
4031 2425 2449 2063 
4032 2153 2173 2154 
4033 2100 2143 2104 
4034 2227 2444 2226 
4035 2261 2448 2260 
4036 71 1957 70 
4037 308 1958 309 
4038 296 1956 297 
4039 59 1955 58 
4040 2161 2209 2155 
4041 2321 2434 2219 
4042 1982 2548 2384 
4043 1954 2552 2241 
4044 1994 2465 2389 
4045 2208 2242 2206 
4046 2344 2595 2410 
4047 2264 2499 2267 
4048 305 2348 306 
4049 2064 2066 2062 
4050 2061 2065 2064 
4051 64 2351 63 
4052 303 2349 304 
4053 2433 2490 2164 
4054 2038 2045 2037 
4055 2035 2039 2038 
4056 2467 2545 2331 
4057 2234 2577 2235 
4058 2049 2083 2007 
4059 1954 2574 2237 
4060 2138 2144 2137 
4061 2110 2249 2248 
4062 2341 2588 2245 
4063 2075 2296 2280 
4064 2102 2474 2118 
4065 2378 2482 2441 
4066 307 2361 308 
4067 60 2363 59 
4068 2173 2174 2154 
4069 296 2374 1956 
4070 71 2373 1957 
4071 2062 2425 2059 
4072 2302 2303 2247 
4073 2065 2070 2064 
4074 2066 2067 2062 
4075 2038 2047 2045 
4076 2045 2046 2037 
4077 2409 2553 1989 
4078 2486 2506 1978 
4079 2144 2145 2137 
4080 2138 2146 2144 
4081 2174 2175 2154 
4082 91 2357 90 
4083 2066 2068 2067 
4084 2065 2071 2070 
4085 2047 2079 2045 
4086 2138 2148 2146 
4087 2146 2159 2144 
4088 30 2359 29 
4089 2174 2176 2175 
4090 2418 2484 2332 
4091 2068 2082 2067 
4092 2071 2168 2070 
4093 2066 2073 2068 
4094 2047 2080 2079 
4095 2488 2496 2405 
4096 2146 2160 2159 
4097 2176 2177 2175 
4098 2073 2074 2068 
4099 2082 2085 2067 
4100 2168 2189 2070 
4101 2080 2214 2079 
4102 2047 2081 2080 
4103 2160 2275 2159 
4104 2 2360 32 
4105 2176 2178 2177 
4106 2168 2377 2189 
4107 2073 2233 2074 
4108 2082 2220 2085 
4109 2080 2215 2214 
4110 2214 2216 2079 
4111 2275 2277 2159 
4112 2160 2276 2275 
4113 2178 2179 2177 
4114 2082 2222 2220 
4115 2233 2234 2074 
4116 2220 2221 2085 
4117 2215 2274 2214 
4118 2160 2278 2276 
4119 2178 2184 2179 
4120 2179 2180 2177 
4121 2234 2235 2074 
4122 2220 2322 2221 
4123 2278 2343 2276 
4124 2179 2181 2180 
4125 2178 2378 2184 
4126 2322 2323 2221 
4127 2181 2182 2180 
4128 2322 2366 2323 
4129 2323 2324 2221 
4130 2181 2365 2182 
4131 2081 2385 2384 
4132 2081 2384 2080 
4133 2080 2384 2215 
4134 2068 2386 2082 
4135 2074 2386 2068 
4136 2235 2386 2074 
4137 2082 2386 2222 
4138 2148 2397 2146 
4139 2146 2397 2160 
4140 77 2389 76 
4141 73 2387 72 
4142 313 1981 314 
4143 55 2388 54 
4144 56 1965 55 
4145 293 1966 294 
4146 78 1994 77 
4147 315 1995 316 
4148 52 1993 51 
4149 54 1984 53 
4150 72 2373 71 
4151 74 1964 73 
4152 289 1996 290 
4153 291 1983 292 
4154 295 2374 296 
4155 311 1963 312 
4156 76 1982 75 
4157 53 2396 52 
4158 292 2393 293 
4159 312 2390 313 
4160 314 2395 315 
4161 294 2391 295 
4162 310 2392 311 
4163 2160 2397 2278 
4164 2393 2394 1966 
4165 76 2389 1982 
4166 72 2387 2373 
4167 311 2392 1963 
4168 1965 2388 55 
4169 1984 2396 53 
4170 1963 2390 312 
4171 315 2395 1995 
4172 1994 2389 77 
4173 1966 2391 294 
4174 54 2388 1984 
4175 1981 2395 314 
4176 1983 2393 292 
4177 313 2390 1981 
4178 1964 2387 73 
4179 52 2396 1993 
4180 293 2393 1966 
4181 295 2391 2374 
4182 2331 2590 2333 
4183 2045 2400 2046 
4184 2079 2400 2045 
4185 1987 2488 2405 
4186 2151 2551 2120 
4187 2400 2401 2046 
4188 2260 2448 2317 
4189 2343 2399 2276 
4190 2216 2400 2079 
4191 2414 2571 2218 
4192 2117 2263 2262 
4193 2313 2511 2350 
4194 2099 2485 2097 
4195 2334 2440 2254 
4196 2327 2503 2439 
4197 2039 2412 2038 
4198 2071 2169 2168 
4199 2038 2412 2047 
4200 2013 2314 2011 
4201 18 1992 17 
4202 20 1961 19 
4203 48 1991 47 
4204 108 1985 107 
4205 109 2403 108 
4206 44 1988 43 
4207 46 1960 45 
4208 82 1989 81 
4209 84 1962 83 
4210 86 1990 85 
4211 22 1986 21 
4212 110 1959 109 
4213 112 1987 111 
4214 111 2405 110 
4215 19 2408 18 
4216 49 2404 48 
4217 47 2407 46 
4218 83 2409 82 
4219 85 2406 84 
4220 1988 2469 2367 
4221 2132 2570 2135 
4222 2064 2413 2066 
4223 2077 2576 2084 
4224 65 2350 1972 
4225 302 2370 1971 
4226 2070 2413 2064 
4227 2400 2411 2401 
4228 2093 2479 2091 
4229 2270 2588 2342 
4230 2216 2411 2400 
4231 2047 2412 2081 
4232 2189 2413 2070 
4233 2002 2338 2004 
4234 2437 2577 2234 
4235 2066 2413 2073 
4236 2092 2281 2095 
4237 2164 2490 2223 
4238 2152 2569 2300 
4239 87 2375 86 
4240 1962 2409 83 
4241 1959 2403 109 
4242 18 2408 1992 
4243 84 2406 1962 
4244 1961 2408 19 
4245 1991 2407 47 
4246 48 2404 1991 
4247 108 2403 1985 
4248 1987 2405 111 
4249 46 2407 1960 
4250 110 2405 1959 
4251 1990 2406 85 
4252 82 2409 1989 
4253 2222 2534 2388 
4254 2218 2571 2345 
4255 2115 2142 2141 
4256 2388 2534 1984 
4257 2205 2564 2207 
4258 2189 2417 2413 
4259 2361 2372 1958 
4260 1997 1998 1952 
4261 2067 2425 2062 
4262 2413 2417 2073 
4263 1958 2431 309 
4264 2121 2438 2124 
4265 2297 2318 1969 
4266 2343 2526 1996 
4267 2179 2427 2181 
4268 2053 2054 2051 
4269 2119 2480 2103 
4270 86 2375 1990 
4271 2452 2462 99 
4272 2086 2430 2018 
4273 2496 2504 1959 
4274 1946 2375 87 
4275 2405 2496 1959 
4276 2304 2597 2309 
4277 2078 2193 2192 
4278 2180 2429 2177 
4279 1983 2428 2393 
4280 2359 2432 1951 
4281 2075 2076 2018 
4282 2196 2416 2197 
4283 308 2361 1958 
4284 59 2363 1955 
4285 1950 2348 305 
4286 2078 2345 2193 
4287 1977 2361 307 
4288 1980 2363 60 
4289 2188 2367 2169 
4290 2218 2345 2078 
4291 2073 2417 2233 
4292 2428 2521 2394 
4293 310 2431 2392 
4294 2163 2185 2157 
4295 2367 2469 2169 
4296 2291 2519 2295 
4297 2248 2501 2106 
4298 37 1997 1952 
4299 1951 2271 28 
4300 2344 2509 2115 
4301 34 2297 1969 
4302 107 2376 106 
4303 23 2424 22 
4304 2304 2309 2303 
4305 2142 2155 2153 
4306 306 2348 1977 
4307 2380 2429 2116 
4308 36 2420 35 
4309 63 2351 1947 
4310 304 2349 1950 
4311 2337 2589 2307 
4312 33 2421 2 
4313 2085 2425 2067 
4314 2175 2429 2380 
4315 2135 2455 2134 
4316 2054 2539 2382 
4317 2322 2572 1965 
4318 2016 2183 2012 
4319 2316 2499 2264 
4320 2301 2605 2302 
4321 2504 2510 2403 
4322 2131 2579 2128 
4323 297 2364 298 
4324 70 2362 69 
4325 1959 2504 2403 
4326 68 2347 67 
4327 62 2383 61 
4328 299 2346 300 
4329 2184 2427 2179 
4330 301 2370 302 
4331 66 2350 65 
4332 2447 2465 1994 
4333 2280 2456 2279 
4334 2339 2538 2054 
4335 2094 2599 2102 
4336 2177 2429 2175 
4337 2393 2428 2394 
4338 2324 2449 2221 
4339 89 2398 88 
4340 105 2355 104 
4341 41 2354 40 
4342 2303 2463 2247 
4343 103 2358 102 
4344 39 2356 38 
4345 100 2452 99 
4346 5 2426 96 
4347 90 2357 1973 
4348 2407 2532 1960 
4349 29 2359 1951 
4350 2143 2158 2150 
4351 32 2360 1967 
4352 2312 2481 2285 
4353 2206 2472 2204 
4354 2150 2600 2104 
4355 2371 2513 2336 
4356 1982 2451 75 
4357 74 2451 1964 
4358 1963 2453 2365 
4359 2366 2540 57 
4360 97 2476 5 
4361 309 2431 310 
4362 2271 2446 27 
4363 2465 2548 2389 
4364 2058 2060 2056 
4365 2367 2487 1988 
4366 2256 2357 2258 
4367 42 2487 1943 
4368 2108 2595 2344 
4369 17 2454 16 
4370 2010 2414 2006 
4371 2317 2448 2043 
4372 2324 2514 2449 
4373 2361 2459 2372 
4374 2382 2539 2060 
4375 2063 2402 2058 
4376 2199 2200 2139 
4377 2336 2513 2337 
4378 2403 2510 1985 
4379 2323 2325 2324 
4380 2168 2469 2377 
4381 2035 2478 2039 
4382 98 2462 1970 
4383 2138 2455 2148 
4384 1974 2489 25 
4385 2090 2281 2092 
4386 2305 2436 2308 
4387 2085 2449 2425 
4388 2182 2457 2180 
4389 101 2552 1954 
4390 2341 2501 2248 
4391 2378 2488 1987 
4392 2 2421 2360 
4393 2333 2527 2467 
4394 2105 2435 2108 
4395 27 2446 26 
4396 1987 2482 2378 
4397 2117 2262 2111 
4398 2358 2552 102 
4399 2271 2516 2185 
4400 2378 2441 2184 
4401 2043 2448 2315 
4402 2315 2536 2468 
4403 1985 2376 107 
4404 22 2424 1986 
4405 2251 2254 2252 
4406 1944 2489 2309 
4407 2007 2338 2002 
4408 2110 2248 2107 
4409 2178 2488 2378 
4410 2016 2430 2183 
4411 2347 2506 2481 
4412 16 2520 15 
4413 2182 2499 2457 
4414 2331 2450 2330 
4415 2044 2077 2042 
4416 2377 2505 1960 
4417 112 2482 1987 
4418 2239 2452 2237 
4419 49 2483 2404 
4420 2265 2266 2263 
4421 2330 2335 2334 
4422 2521 2604 2394 
4423 2330 2450 2335 
4424 2367 2542 2487 
4425 2181 2544 2365 
4426 1998 2000 1999 
4427 2407 2563 2532 
4428 2321 2599 2094 
4429 2197 2538 2339 
4430 57 2566 2366 
4431 2368 2524 2229 
4432 2041 2320 2025 
4433 1989 2491 81 
4434 2140 2321 2096 
4435 2286 2506 2486 
4436 1980 2383 2340 
4437 2395 2582 1995 
4438 1988 2487 43 
4439 80 2447 79 
4440 2180 2457 2429 
4441 2046 2484 2418 
4442 2053 2539 2054 
4443 2221 2449 2085 
4444 2511 2576 2533 
4445 1960 2505 45 
4446 44 2505 1988 
4447 2166 2190 2165 
4448 291 2526 1983 
4449 1996 2526 290 
4450 2032 2478 2035 
4451 2392 2453 1963 
4452 2183 2430 2319 
4453 1991 2563 2407 
4454 2416 2591 2197 
4455 2081 2529 2385 
4456 2416 2565 2083 
4457 26 2446 1974 
4458 2043 2315 2314 
4459 1986 2512 21 
4460 20 2512 1961 
4461 2486 2530 2288 
4462 2502 2503 2325 
4463 2100 2485 2143 
4464 1960 2532 2377 
4465 2071 2170 2169 
4466 2307 2589 2306 
4467 2235 2534 2386 
4468 1965 2540 2322 
4469 2254 2256 2255 
4470 2051 2415 2049 
4471 57 2540 56 
4472 2394 2541 1966 
4473 2424 2589 1986 
4474 2510 2550 1985 
4475 2287 2601 2294 
4476 75 2451 74 
4477 2078 2192 2077 
4478 2354 2494 1975 
4479 2487 2542 1943 
4480 2286 2486 2288 
4481 2239 2462 2452 
4482 2274 2553 2214 
4483 2190 2475 2165 
4484 2468 2536 2298 
4485 2449 2514 2063 
4486 2302 2605 2436 
4487 2399 2547 2276 
4488 99 2462 98 
4489 2203 2473 2205 
4490 2494 2508 1975 
4491 2310 2463 2303 
4492 2356 2567 1997 
4493 2458 2459 2342 
4494 2058 2402 2060 
4495 1991 2594 2563 
4496 2125 2157 2126 
4497 2363 2503 1955 
4498 2104 2600 2435 
4499 2220 2572 2322 
4500 2460 2557 2270 
4501 2379 2492 2065 
4502 2134 2455 2138 
4503 2377 2532 2189 
4504 2245 2501 2341 
4505 2116 2457 2316 
4506 2006 2414 2009 
4507 2499 2549 2267 
4508 1977 2459 2361 
4509 2429 2457 2116 
4510 2404 2483 2437 
4511 2244 2434 2140 
4512 2231 2535 2369 
4513 2002 2004 2003 
4514 1971 2349 303 
4515 1972 2351 64 
4516 1995 2582 2441 
4517 1992 2454 17 
4518 1980 2439 2363 
4519 2256 2258 2257 
4520 2420 2517 2297 
4521 2247 2463 2246 
4522 2130 2570 2132 
4523 4 2558 78 
4524 2249 2341 2248 
4525 79 2558 4 
4526 2165 2475 2167 
4527 2323 2502 2325 
4528 114 2461 113 
4529 2129 2199 2139 
4530 2017 2075 2018 
4531 316 2559 6 
4532 6 2559 114 
4533 51 2560 3 
4534 2215 2465 2274 
4535 25 2489 24 
4536 3 2560 50 
4537 2437 2483 1993 
4538 2457 2499 2316 
4539 2097 2485 2100 
4540 2325 2326 2324 
4541 2396 2577 1993 
4542 1978 2506 2347 
4543 2411 2466 2401 
4544 24 2489 1944 
4545 2251 2252 2041 
4546 2232 2433 2432 
4547 2430 2497 2319 
4548 2169 2469 2168 
4549 2210 2596 2211 
4550 2084 2313 2312 
4551 2441 2461 1995 
4552 80 2491 2447 
4553 2004 2006 2005 
4554 2023 2044 2042 
4555 2266 2500 2372 
4556 2006 2009 2008 
4557 2340 2444 2227 
4558 2162 2191 2186 
4559 1974 2446 2311 
4560 2435 2600 2191 
4561 2459 2460 2342 
4562 2193 2345 2196 
4563 2018 2430 2016 
4564 2242 2472 2206 
4565 2375 2467 1990 
4566 2330 2334 2253 
4567 2268 2500 2265 
4568 2156 2410 2162 
4569 58 2566 57 
4570 2265 2500 2266 
4571 2461 2482 113 
4572 2043 2314 2013 
4573 2147 2166 2165 
4574 2475 2515 2167 
4575 2366 2502 2323 
4576 2401 2484 2046 
4577 2288 2530 2290 
4578 2184 2582 2427 
4579 1985 2550 2376 
4580 2170 2188 2169 
4581 43 2487 42 
4582 2350 2511 1972 
4583 2285 2506 2286 
4584 1998 1999 1952 
4585 2142 2156 2155 
4586 2263 2422 2262 
4587 2318 2319 1969 
4588 2156 2161 2155 
4589 2172 2212 2158 
4590 2546 2581 2269 
4591 2011 2012 2008 
4592 2306 2589 2424 
4593 2009 2011 2008 
4594 2011 2015 2012 
4595 2162 2410 2191 
4596 2015 2017 2016 
4597 2125 2126 2122 
4598 2404 2594 1991 
4599 113 2482 112 
4600 2381 2510 2173 
4601 2197 2591 2538 
4602 2444 2445 2226 
4603 50 2483 49 
4604 1993 2577 2437 
4605 2385 2529 2470 
4606 93 2528 1953 
4607 2083 2565 2338 
4608 1952 2420 36 
4609 2454 2547 2399 
4610 1969 2421 33 
4611 2202 2353 2352 
4612 2161 2464 2209 
4613 2002 2003 2000 
4614 2391 2541 2207 
4615 2143 2485 2172 
4616 2348 2460 1977 
4617 2241 2574 1954 
4618 2176 2488 2178 
4619 2213 2237 2212 
4620 2467 2527 1990 
4621 2389 2548 1982 
4622 2086 2497 2430 
4623 2348 2557 2460 
4624 2140 2434 2321 
4625 2254 2255 2252 
4626 2054 2538 2415 
4627 2319 2497 2421 
4628 1956 2364 297 
4629 1957 2362 70 
4630 2421 2497 2360 
4631 2083 2338 2007 
4632 2530 2584 2290 
4633 2044 2078 2077 
4634 2176 2496 2488 
4635 94 2528 93 
4636 2162 2171 2161 
4637 1953 2528 2261 
4638 2335 2440 2334 
4639 2005 2072 2003 
4640 2238 2239 2237 
4641 2419 2602 2171 
4642 1972 2603 2351 
4643 2388 2572 2222 
4644 81 2491 80 
4645 2164 2223 2126 
4646 1955 2503 2502 
4647 2174 2496 2176 
4648 2185 2443 2157 
4649 2186 2419 2171 
4650 1965 2572 2388 
4651 2015 2016 2012 
4652 2054 2415 2051 
4653 1983 2609 2428 
4654 2000 2442 1999 
4655 2166 2210 2190 
4656 2309 2310 2303 
4657 2257 2259 2255 
4658 2351 2445 1947 
4659 2065 2492 2071 
4660 2256 2257 2255 
4661 2518 2569 2152 
4662 2166 2219 2210 
4663 2266 2422 2263 
4664 2174 2504 2496 
4665 2415 2591 2083 
4666 2552 2573 2241 
4667 2156 2509 2410 
4668 2481 2506 2285 
4669 2143 2172 2158 
4670 2325 2327 2326 
4671 2207 2541 2208 
4672 2240 2518 2456 
4673 2173 2504 2174 
4674 2387 2555 2292 
4675 2044 2218 2078 
4676 2434 2596 2219 
4677 2456 2578 2240 
4678 2157 2164 2126 
4679 2215 2548 2465 
4680 2252 2320 2041 
4681 2260 2317 2259 
4682 2533 2576 2192 
4683 2004 2005 2003 
4684 2199 2495 2200 
4685 45 2505 44 
4686 2173 2510 2504 
4687 2266 2458 2422 
4688 2017 2018 2016 
4689 2191 2600 2525 
4690 1944 2597 2424 
4691 2224 2567 2508 
4692 1968 2468 2298 
4693 2322 2540 2366 
4694 2171 2464 2161 
4695 2006 2008 2005 
4696 2292 2555 2293 
4697 2526 2609 1983 
4698 1979 2346 299 
4699 1978 2347 68 
4700 61 2383 1980 
4701 1949 2350 66 
4702 1948 2370 301 
4703 2293 2519 2291 
4704 2194 2533 2192 
4705 102 2552 101 
4706 21 2512 20 
4707 2170 2272 2188 
4708 2428 2609 2278 
4709 2300 2569 2238 
4710 1943 2354 41 
4711 1945 2355 105 
4712 88 2398 1946 
4713 1975 2356 39 
4714 1976 2358 103 
4715 2060 2539 2056 
4716 2172 2213 2212 
4717 2241 2585 2574 
4718 1954 2452 100 
4719 2071 2492 2170 
4720 96 2426 1968 
4721 2156 2162 2161 
4722 1949 2580 2350 
4723 2438 2551 2199 
4724 2213 2238 2237 
4725 2099 2543 2485 
4726 2257 2260 2259 
4727 2162 2186 2171 
4728 2238 2240 2239 
4729 2148 2521 2397 
4730 2020 2471 2023 
4731 2223 2490 2479 
4732 1996 2520 2399 
4733 1964 2555 2387 
4734 2219 2599 2321 
4735 2419 2498 1976 
4736 1999 2420 1952 
4737 2003 2442 2000 
4738 2319 2421 1969 
4739 2401 2561 2484 
4740 2410 2509 2344 
4741 2240 2578 2239 
4742 2424 2597 2306 
4743 290 2526 291 
4744 2277 2583 2408 
4745 2239 2578 2462 
4746 2118 2474 2147 
4747 2063 2514 2402 
4748 1947 2445 2444 
4749 2390 2544 1981 
4750 1943 2493 2354 
4751 1970 2476 97 
4752 1990 2527 2406 
4753 2115 2509 2142 
4754 1970 2578 2456 
4755 2056 2539 2053 
4756 2211 2546 2349 
4757 2244 2581 2434 
4758 289 2586 1996 
4759 2200 2477 2202 
4760 2412 2529 2081 
4761 2157 2443 2164 
4762 2408 2598 2277 
4763 1946 2545 2375 
4764 2374 2564 1956 
4765 2211 2581 2546 
4766 2122 2480 2119 
4767 1951 2516 2271 
4768 2448 2536 2315 
4769 2271 2575 2446 
4770 2200 2495 2477 
4771 2149 2490 2433 
4772 1953 2606 2258 
4773 2546 2557 1950 
4774 2102 2599 2474 
4775 2365 2549 2182 
4776 2295 2531 2289 
4777 2574 2585 2212 
4778 1992 2583 2547 
4779 2468 2554 2217 
4780 1977 2460 2459 
4781 1955 2566 58 
4782 2386 2534 2222 
4783 2531 2601 2287 
4784 2072 2442 2003 
4785 2243 2607 2501 
4786 2331 2545 2450 
4787 2470 2529 2293 
4788 2481 2580 1949 
4789 2493 2494 2354 
4790 1 2586 289 
4791 2326 2514 2324 
4792 1981 2544 2427 
4793 15 2586 1 
4794 2023 2471 2044 
4795 2189 2532 2417 
4796 56 2540 1965 
4797 2192 2576 2077 
4798 1966 2541 2391 
4799 2232 2535 2231 
4800 2235 2593 2534 
4801 2381 2550 2510 
4802 2012 2507 2008 
4803 2209 2550 2381 
4804 2290 2584 2292 
4805 2345 2523 2196 
4806 2427 2544 2181 
4807 2199 2551 2495 
4808 2306 2597 2304 
4809 2223 2480 2126 
4810 2273 2494 2493 
4811 2333 2561 2527 
4812 2276 2547 2275 
4813 2384 2548 2215 
4814 2147 2474 2166 
4815 2191 2525 2186 
4816 2142 2509 2156 
4817 2214 2553 2216 
4818 2166 2474 2219 
4819 1993 2560 51 
4820 2212 2585 2158 
4821 1995 2559 316 
4822 78 2558 1994 
4823 2325 2503 2327 
4824 2010 2571 2414 
4825 2259 2522 2255 
4826 2202 2477 2353 
4827 2044 2471 2218 
4828 2196 2523 2416 
4829 2349 2546 1950 
4830 2501 2607 2106 
4831 2462 2578 1970 
4832 2547 2583 2275 
4833 2293 2555 2470 
4834 1950 2557 2348 
4835 2126 2480 2122 
4836 2408 2583 1992 
4837 2237 2574 2212 
4838 2083 2591 2416 
4839 2327 2524 2326 
4840 1992 2547 2454 
4841 2483 2560 1993 
4842 2470 2555 1964 
4843 2464 2602 1945 
4844 2222 2572 2220 
4845 2532 2563 2417 
4846 2563 2594 2233 
4847 1975 2508 2356 
4848 2208 2604 2242 
4849 2357 2608 1973 
4850 2275 2583 2277 
4851 2406 2527 2466 
4852 1943 2542 2493 
4853 2417 2563 2233 
4854 2233 2594 2234 
4855 1984 2593 2396 
4856 2278 2609 2343 
4857 2445 2603 2194 
4858 2158 2585 2187 
4859 2219 2596 2210 
4860 2005 2507 2072 
4861 1961 2598 2408 
4862 2188 2542 2367 
4863 2453 2549 2365 
4864 2148 2604 2521 
4865 2456 2518 2279 
4866 2106 2607 2101 
4867 2185 2516 2443 
4868 1976 2498 2358 
4869 2256 2608 2357 
4870 2461 2559 1995 
4871 2261 2536 2448 
4872 1945 2602 2355 
4873 2186 2537 2419 
4874 2533 2603 1972 
4875 2450 2545 1946 
4876 2008 2507 2005 
4877 2435 2595 2108 
4878 2419 2537 2498 
4879 2182 2549 2499 
4880 2343 2609 2526 
4881 2442 2517 1999 
4882 2252 2522 2320 
4883 2255 2522 2252 
4884 2257 2606 2260 
4885 1994 2558 2447 
4886 1999 2517 2420 
4887 2312 2580 2481 
4888 2474 2599 2219 
4889 2447 2558 79 
4890 2267 2549 2453 
4891 2313 2580 2312 
4892 2473 2564 2205 
4893 2240 2569 2518 
4894 2375 2545 2467 
4895 2507 2556 2072 
4896 1996 2586 2520 
4897 2069 2587 2273 
4898 1956 2564 2473 
4899 2191 2595 2435 
4900 1973 2608 2440 
4901 2136 2579 2131 
4902 2525 2537 2186 
4903 2581 2596 2434 
4904 2441 2582 2184 
4905 2313 2576 2511 
4906 2269 2581 2244 
4907 114 2559 2461 
4908 2466 2561 2401 
4909 2426 2554 1968 
4910 2296 2554 2426 
4911 2172 2543 2213 
4912 2366 2566 2502 
4913 50 2560 2483 
4914 2527 2561 2466 
4915 2502 2566 1955 
4916 1968 2554 2468 
4917 2485 2543 2172 
4918 2238 2569 2240 
4919 2498 2573 2358 
4920 2556 2562 2072 
4921 2436 2605 2136 
4922 2446 2575 2311 
4923 2498 2537 2187 
4924 2258 2606 2257 
4925 2318 2562 2556 
4926 2523 2565 2416 
4927 2513 2598 1961 
4928 2511 2533 1972 
4929 2187 2573 2498 
4930 2497 2568 2360 
4931 2187 2585 2573 
4932 2410 2595 2191 
4933 2171 2602 2464 
4934 2495 2551 2151 
4935 2086 2568 2497 
4936 2508 2567 2356 
4937 2520 2586 15 
4938 2534 2593 1984 
4939 2345 2571 2523 
4940 2442 2562 2517 
4941 2072 2562 2442 
4942 2211 2596 2581 
4943 2351 2603 2445 
4944 2010 2565 2523 
4945 2538 2591 2415 
4946 2194 2603 2533 
4947 2577 2593 2235 
4948 2396 2593 2577 
4949 2523 2571 2010 
4950 2136 2605 2579 
4951 2033 2601 2531 
4952 2525 2600 2150 
4953 2573 2585 2241 
4954 2579 2605 2301 
2 3 2 4390
4955 3686 4617 3195 
4956 4257 4292 4032 
4957 2631 4297 4040 
4958 3582 3586 2973 
4959 3591 3592 3060 
4960 4185 4375 3206 
4961 2969 4346 3802 
4962 3609 4469 3056 
4963 3776 4290 2634 
4964 3748 4215 3136 
4965 4184 4375 4185 
4966 3586 4267 2973 
4967 3056 4469 3591 
4968 3206 4409 3731 
4969 3178 3753 3026 
4970 3134 3730 3659 
4971 299 3656 300 
4972 3566 4256 3223 
4973 3723 3724 2623 
4974 234 3873 233 
4975 136 3846 135 
4976 3078 3783 3132 
4977 4338 4411 3236 
4978 3712 4346 2969 
4979 3731 4185 3206 
4980 3027 4340 3001 
4981 3784 4236 2890 
4982 2668 4068 3679 
4983 2890 4236 4091 
4984 3605 3706 3449 
4985 4259 4449 4370 
4986 2626 3756 3456 
4987 2838 4228 4053 
4988 3044 4458 3603 
4989 4068 4069 3679 
4990 3829 3979 3654 
4991 3738 4235 3155 
4992 3722 3723 2623 
4993 3610 4665 3044 
4994 4165 4381 2615 
4995 3714 3979 3829 
4996 3603 3610 3044 
4997 3659 3731 3134 
4998 3572 3573 3067 
4999 3257 3771 3710 
5000 4053 4228 3581 
5001 3333 4078 3678 
5002 3611 4413 3039 
5003 4032 4450 4257 
5004 3710 4545 3257 
5005 3694 4527 3759 
5006 2963 3605 3449 
5007 3001 4340 3223 
5008 3598 4540 4214 
5009 3608 4351 3182 
5010 4488 4489 3736 
5011 3726 4381 4165 
5012 4379 4595 3456 
5013 2819 3785 2821 
5014 3556 4598 3135 
5015 3759 4527 2837 
5016 135 3846 2655 
5017 2656 3873 234 
5018 3680 4309 2856 
5019 2856 4374 3680 
5020 4338 4478 3930 
5021 3729 3766 3488 
5022 3658 3730 2995 
5023 3710 3771 3709 
5024 4040 4293 2631 
5025 3405 4215 3748 
5026 4292 4293 4032 
5027 3708 3738 3155 
5028 4236 4327 4091 
5029 2919 3776 3668 
5030 2970 3582 2973 
5031 4091 4327 3278 
5032 2656 3871 3869 
5033 3842 3844 2655 
5034 3212 3762 3281 
5035 3554 4413 3553 
5036 3026 3753 3088 
5037 3106 3783 3078 
5038 4214 4455 3598 
5039 3719 3758 2613 
5040 3054 3591 3060 
5041 3717 3719 2613 
5042 2932 3608 3182 
5043 3476 4478 4338 
5044 2973 4267 2975 
5045 2727 4218 2729 
5046 2748 4219 2746 
5047 3958 4399 4368 
5048 4367 4398 3941 
5049 4368 4399 2688 
5050 2709 4398 4367 
5051 3761 4247 3555 
5052 3612 4199 2671 
5053 3135 4321 3556 
5054 4257 4450 2672 
5055 314 3808 315 
5056 3869 3873 2656 
5057 2655 3846 3842 
5058 2650 3756 2626 
5059 3195 4414 3686 
5060 3731 4369 4185 
5061 3736 4489 3607 
5062 3326 4471 4372 
5063 3572 3574 3573 
5064 3048 3572 3067 
5065 2634 4266 3776 
5066 3782 3785 2819 
5067 3039 4413 3037 
5068 3668 4316 2919 
5069 4214 4540 3666 
5070 3608 4544 4351 
5071 3749 3751 2667 
5072 2637 3967 3966 
5073 13 3257 2628 
5074 3675 4449 4259 
5075 4168 4169 3696 
5076 2801 3767 3728 
5077 2942 4333 2944 
5078 2894 4164 292 
5079 3591 3594 3592 
5080 3453 4411 4338 
5081 3762 4369 3731 
5082 2978 3661 3338 
5083 2896 3972 3604 
5084 2635 3793 3660 
5085 3452 4078 3333 
5086 4264 4521 4039 
5087 3283 4451 4238 
5088 3615 4439 4212 
5089 4113 4511 3535 
5090 3456 4595 4512 
5091 3607 4565 3736 
5092 2629 4279 3773 
5093 3730 4640 2995 
5094 292 4164 293 
5095 3538 4394 4088 
5096 3667 4530 3570 
5097 3807 4617 3686 
5098 3128 4507 3718 
5099 2671 4310 3612 
5100 3257 3523 2628 
5101 4169 4234 3739 
5102 2995 3689 3658 
5103 3664 3688 3007 
5104 3594 3595 3592 
5105 3939 4354 3270 
5106 2905 4355 3952 
5107 3136 4215 2981 
5108 3603 3707 3391 
5109 3338 4581 3754 
5110 3681 4074 2866 
5111 4067 4098 3429 
5112 2934 3569 2936 
5113 3728 3767 3727 
5114 299 3804 3656 
5115 3270 4335 3939 
5116 3952 4336 2905 
5117 4427 4479 3560 
5118 3326 4372 4273 
5119 3581 4228 2856 
5120 3535 4360 4113 
5121 3554 3555 3292 
5122 4212 4439 2620 
5123 3719 3759 3758 
5124 3337 3667 3570 
5125 2708 3990 3951 
5126 3938 4166 2689 
5127 3407 4264 4039 
5128 4018 4497 4278 
5129 3292 4413 3554 
5130 3128 3718 3131 
5131 3604 4219 2896 
5132 3743 4218 2727 
5133 2746 4219 3744 
5134 2968 2970 2967 
5135 2972 3582 2970 
5136 3674 3675 3672 
5137 2966 2967 2965 
5138 2856 4309 3581 
5139 3583 3584 3582 
5140 2981 2983 2982 
5141 3675 4259 4253 
5142 3751 4573 2667 
5143 2637 4574 3967 
5144 3257 4545 3523 
5145 3587 3588 3584 
5146 3338 3754 2991 
5147 2959 2960 2958 
5148 2979 2981 2980 
5149 3671 3672 3670 
5150 3523 4590 2628 
5151 2964 2965 2962 
5152 4226 4377 4289 
5153 3661 4207 3338 
5154 4221 4239 3728 
5155 4541 4641 2630 
5156 3599 3600 2945 
5157 3803 4247 3761 
5158 3148 3762 3212 
5159 2816 3782 2819 
5160 3247 4256 3706 
5161 3433 4255 3810 
5162 3062 3763 3571 
5163 300 3656 2614 
5164 4289 4377 2633 
5165 3426 4372 3544 
5166 2821 3785 2831 
5167 3004 4485 4288 
5168 173 4070 172 
5169 4424 4481 3178 
5170 3007 3788 3664 
5171 2981 2982 2980 
5172 3044 4665 3041 
5173 3341 4344 3802 
5174 288 4178 2852 
5175 3754 4581 4431 
5176 3050 3596 3572 
5177 3690 4343 2670 
5178 276 3704 277 
5179 3068 3069 3066 
5180 3544 4358 3426 
5181 4333 4603 2944 
5182 2635 4281 3793 
5183 3100 4425 3705 
5184 4320 4465 3704 
5185 3714 3829 3016 
5186 3718 3719 3717 
5187 3594 3597 3595 
5188 2964 2966 2965 
5189 2979 2980 2977 
5190 3000 4424 3178 
5191 3739 4235 3738 
5192 3791 4248 3201 
5193 3622 3788 3624 
5194 3671 3674 3672 
5195 2966 2968 2967 
5196 3045 3046 3044 
5197 3132 4622 3602 
5198 3780 4329 3781 
5199 3158 3876 3874 
5200 3847 3849 3159 
5201 3588 3590 3589 
5202 3674 3676 3675 
5203 2644 4453 3700 
5204 3698 4454 2645 
5205 3337 3570 2953 
5206 3054 3060 3052 
5207 2975 2979 2977 
5208 2932 3182 2934 
5209 3182 3569 2934 
5210 2645 4483 3698 
5211 3700 4482 2644 
5212 2968 2972 2970 
5213 3773 4226 2918 
5214 2656 3885 3871 
5215 3844 3858 2655 
5216 3571 4644 3062 
5217 3070 3071 3069 
5218 2611 4201 3657 
5219 2930 3608 2932 
5220 3056 3591 3054 
5221 3449 4256 3566 
5222 287 4178 288 
5223 3682 4441 3686 
5224 2959 3662 2960 
5225 3433 4643 4255 
5226 2960 2964 2962 
5227 3047 3048 3046 
5228 3601 4539 3599 
5229 2983 2984 2982 
5230 3600 3671 3670 
5231 3476 4338 3236 
5232 2972 3583 3582 
5233 3050 3572 3048 
5234 304 3720 305 
5235 3538 4088 3568 
5236 4288 4490 4280 
5237 2953 2956 2954 
5238 3133 3737 3075 
5239 3549 4568 3487 
5240 3584 3589 3586 
5241 3261 3727 3293 
5242 2956 2959 2958 
5243 4238 4451 3515 
5244 3583 3587 3584 
5245 3569 4596 2936 
5246 2956 2958 2957 
5247 3578 3579 3577 
5248 4329 4531 3781 
5249 4172 4524 4380 
5250 3048 3067 3046 
5251 2948 4352 3601 
5252 4442 4660 3481 
5253 3177 4530 3667 
5254 3600 3670 3669 
5255 2936 2948 2938 
5256 2829 4591 3549 
5257 2970 2973 2971 
5258 2960 2962 2961 
5259 3058 3609 3056 
5260 3576 3577 3337 
5261 2938 3599 2940 
5262 3049 3050 3048 
5263 3703 4530 3177 
5264 3155 4533 3708 
5265 3061 3066 3058 
5266 3667 4406 3177 
5267 2621 4239 4221 
5268 2947 3576 2951 
5269 2919 4290 3776 
5270 3281 3762 3659 
5271 4278 4497 3185 
5272 3316 4249 4055 
5273 3043 3044 3041 
5274 314 4484 3808 
5275 4082 4191 4076 
5276 3579 4231 3577 
5277 3131 3718 3321 
5278 4288 4485 3742 
5279 2940 3599 2945 
5280 4235 4395 3155 
5281 3574 3739 3738 
5282 3721 4517 4304 
5283 3341 4345 3032 
5284 2969 4526 3712 
5285 3727 3729 3293 
5286 3724 4313 4102 
5287 3577 3667 3337 
5288 2951 3337 2953 
5289 3487 4513 3549 
5290 3723 4376 3777 
5291 3564 4480 4380 
5292 3321 3718 3717 
5293 3223 4340 3566 
5294 3488 3766 3765 
5295 3277 4427 3560 
5296 3777 4376 3256 
5297 3601 4441 3682 
5298 3032 4345 3034 
5299 315 3808 2853 
5300 4070 4555 4069 
5301 236 3885 235 
5302 134 3858 133 
5303 2725 3743 2727 
5304 2746 3744 2744 
5305 4078 4353 3678 
5306 3588 3702 3590 
5307 4071 4555 4070 
5308 4380 4524 3564 
5309 3874 3885 3158 
5310 3159 3858 3847 
5311 3278 4327 4005 
5312 3657 4484 2611 
5313 3250 3807 3806 
5314 3051 3052 3050 
5315 2951 2953 2952 
5316 2973 2975 2974 
5317 3707 4443 3391 
5318 3071 3072 3069 
5319 3345 3737 3133 
5320 3565 4480 3564 
5321 3186 3755 3325 
5322 2725 3832 3743 
5323 3744 3833 2744 
5324 3596 3794 3574 
5325 4207 4598 3556 
5326 3325 3455 3454 
5327 4072 4341 4302 
5328 4389 4493 249 
5329 3742 4490 4288 
5330 3574 3738 3573 
5331 4329 4456 2684 
5332 2960 4653 2964 
5333 4005 4386 3278 
5334 3603 4458 3707 
5335 3592 3593 3060 
5336 3937 3938 2906 
5337 3269 3951 3950 
5338 4213 4231 3579 
5339 2729 4218 2895 
5340 2896 4219 2748 
5341 4102 4492 3724 
5342 3573 3738 3708 
5343 2930 2932 2931 
5344 3251 4375 4184 
5345 3066 3609 3058 
5346 121 4463 4373 
5347 3088 3753 3259 
5348 3134 4666 3730 
5349 3186 3325 3274 
5350 3873 4657 233 
5351 136 4658 3846 
5352 2940 2945 2942 
5353 3787 4565 3178 
5354 2868 4511 4113 
5355 4088 4394 2669 
5356 3061 3068 3066 
5357 2928 4516 3821 
5358 3826 4515 2929 
5359 4313 4405 3446 
5360 3821 4548 2928 
5361 3789 3810 11 
5362 2962 3605 2963 
5363 3716 4216 2616 
5364 3572 3596 3574 
5365 3802 4345 3341 
5366 2929 4549 3826 
5367 3588 3589 3584 
5368 3068 3070 3069 
5369 3522 4337 4216 
5370 2953 4619 2956 
5371 3053 3054 3052 
5372 3050 4586 3596 
5373 3043 3045 3044 
5374 3599 4539 3600 
5375 4302 4341 2871 
5376 2975 2977 2976 
5377 3704 3768 277 
5378 2815 3782 2816 
5379 3158 3886 3876 
5380 3849 3859 3159 
5381 3043 3721 3045 
5382 4410 4558 4237 
5383 3197 3783 3106 
5384 4249 4669 4055 
5385 3259 3607 3606 
5386 3577 4231 3667 
5387 3584 3586 3582 
5388 3732 4187 3653 
5389 3773 4317 2629 
5390 3325 3519 3455 
5391 2938 4616 3599 
5392 3075 3737 3071 
5393 4216 4337 2616 
5394 3660 4191 2635 
5395 2983 2986 2984 
5396 3045 3047 3046 
5397 2630 4641 4312 
5398 3718 3747 3719 
5399 4416 4464 3681 
5400 3672 4253 3673 
5401 3587 3796 3588 
5402 3718 4507 3747 
5403 2658 4070 173 
5404 172 4070 4068 
5405 4352 4441 3601 
5406 3570 4619 2953 
5407 2679 3756 2650 
5408 2932 2934 2933 
5409 3592 3695 3593 
5410 3602 4420 3132 
5411 3456 4472 4379 
5412 3429 4510 4067 
5413 3261 3293 3197 
5414 3069 3666 3066 
5415 3662 4653 2960 
5416 3706 4359 3247 
5417 2866 4416 3681 
5418 2670 4623 3690 
5419 3070 3075 3071 
5420 2905 4336 3958 
5421 3941 4335 3270 
5422 3486 4209 3488 
5423 2694 3995 3725 
5424 2965 4262 3605 
5425 3664 3788 3622 
5426 3624 3788 3627 
5427 4234 4235 3739 
5428 3556 4581 4207 
5429 4430 4431 3557 
5430 3227 4195 3747 
5431 3602 4209 3486 
5432 3697 4436 3698 
5433 3700 4435 3699 
5434 3681 4464 3466 
5435 3046 4458 3044 
5436 4039 4295 4037 
5437 2956 2957 2954 
5438 3958 4368 2905 
5439 3270 4367 3941 
5440 3600 3669 2945 
5441 2970 2971 2967 
5442 3296 3734 3527 
5443 2960 2961 2958 
5444 3683 3712 3662 
5445 4436 4454 3698 
5446 3700 4453 4435 
5447 4297 4638 4040 
5448 3576 3578 3577 
5449 3182 3805 3569 
5450 2921 4318 3908 
5451 3917 4319 2920 
5452 2613 3720 3717 
5453 3055 3056 3054 
5454 4306 4349 4175 
5455 2628 4590 2651 
5456 3734 4320 3704 
5457 2947 4603 3576 
5458 2681 3396 2679 
5459 2665 2930 2676 
5460 4413 4423 3553 
5461 3047 3049 3048 
5462 3065 3763 3062 
5463 2953 2954 2952 
5464 2963 3449 3280 
5465 350 4191 14 
5466 4001 4493 4389 
5467 3488 4209 3729 
5468 3132 3763 3065 
5469 4018 4278 3448 
5470 4169 4649 3696 
5471 3595 3695 3592 
5472 305 3720 2613 
5473 3374 3746 3668 
5474 3073 4254 3079 
5475 3021 4393 3713 
5476 3178 4565 3753 
5477 3672 3673 3670 
5478 3421 4206 3322 
5479 3692 4343 3690 
5480 3777 4405 4313 
5481 4272 4451 3545 
5482 3546 4084 3725 
5483 3488 3765 3487 
5484 3251 4184 3813 
5485 3713 4562 3021 
5486 3071 3073 3072 
5487 2965 3605 2962 
5488 3573 3708 3707 
5489 2654 3881 3878 
5490 3851 3854 2653 
5491 3708 4443 3707 
5492 3025 4459 4401 
5493 3783 4622 3132 
5494 3421 3720 3711 
5495 2934 2936 2935 
5496 3695 3696 3593 
5497 3322 4206 3554 
5498 2979 3136 2981 
5499 3024 4562 3757 
5500 3294 4474 4108 
5501 3259 3753 3607 
5502 4082 4650 4191 
5503 2801 3769 3767 
5504 3321 3717 3421 
5505 3601 4616 2948 
5506 3696 4444 4168 
5507 3666 4540 3066 
5508 235 3885 2656 
5509 3158 3885 236 
5510 133 3858 3159 
5511 2655 3858 134 
5512 3098 3133 3075 
5513 3951 4486 2708 
5514 2689 4487 3938 
5515 4391 4554 4344 
5516 4186 4197 2899 
5517 3723 3777 3724 
5518 3454 4216 3716 
5519 3743 3832 3450 
5520 3451 3833 3744 
5521 3780 4456 4329 
5522 2991 3754 2993 
5523 4377 4392 2633 
5524 311 4343 4283 
5525 3878 3886 2654 
5526 2653 3859 3851 
5527 3090 4340 3027 
5528 3060 4447 3052 
5529 3549 4513 2829 
5530 3680 4374 2895 
5531 3325 3454 3274 
5532 4373 4463 4058 
5533 4464 4529 3466 
5534 3025 4401 3795 
5535 3396 3756 2679 
5536 3663 3683 3662 
5537 3016 4244 3714 
5538 4166 4397 2689 
5539 2708 4396 3990 
5540 3557 4581 3556 
5541 3049 3051 3050 
5542 2961 4248 2958 
5543 3057 3058 3056 
5544 3599 4616 3601 
5545 2973 2974 2971 
5546 4281 4628 3793 
5547 3590 4597 4204 
5548 3847 3858 3844 
5549 3871 3885 3874 
5550 4191 4650 14 
5551 2962 2963 2961 
5552 3791 4417 4248 
5553 3654 4576 3829 
5554 3764 3765 2612 
5555 2993 3754 3025 
5556 3186 4615 3755 
5557 4068 4070 4069 
5558 3466 4529 3467 
5559 2610 4276 3715 
5560 3589 4536 3586 
5561 2951 3576 3337 
5562 2654 4210 3881 
5563 3854 4211 2653 
5564 2947 2951 2950 
5565 3733 3782 2815 
5566 3293 3783 3197 
5567 3950 3952 3269 
5568 2906 3939 3937 
5569 3201 4248 2961 
5570 3729 3767 3766 
5571 3679 4403 2668 
5572 4178 4232 2852 
5573 3851 3859 3849 
5574 3876 3886 3878 
5575 3611 4423 4413 
5576 3422 3727 3261 
5577 3746 4641 4541 
5578 2677 4599 3800 
5579 3798 4600 2678 
5580 2977 3661 2978 
5581 2984 2998 2985 
5582 2920 4646 3917 
5583 3908 4645 2921 
5584 3530 4229 3775 
5585 2678 4631 3798 
5586 3800 4630 2677 
5587 3545 4532 4272 
5588 2948 4616 2938 
5589 238 3886 237 
5590 132 3859 131 
5591 3407 4039 4038 
5592 3519 3520 3455 
5593 2971 4262 2967 
5594 3302 4410 4237 
5595 2978 3338 2991 
5596 3668 4541 4316 
5597 3701 4457 2885 
5598 3481 4660 3805 
5599 4108 4474 2893 
5600 4164 4300 293 
5601 4187 4588 3653 
5602 3490 3741 3740 
5603 4108 4571 3294 
5604 3066 4540 3609 
5605 4445 4452 3999 
5606 3573 3707 3067 
5607 2936 2938 2937 
5608 2930 2931 2676 
5609 3596 4620 3794 
5610 2649 4189 4090 
5611 3745 4190 2638 
5612 3966 3968 2637 
5613 3098 3163 3133 
5614 3711 3720 304 
5615 3881 4210 3883 
5616 3856 4211 3854 
5617 3717 3720 3421 
5618 3570 4530 3663 
5619 3172 4262 2971 
5620 2617 3735 3734 
5621 2893 4535 4108 
5622 3221 4038 3151 
5623 3051 3053 3052 
5624 3590 3748 3589 
5625 4253 4259 3081 
5626 3100 4534 4425 
5627 3810 4255 11 
5628 3444 4431 4430 
5629 4013 4014 2652 
5630 2975 2976 2974 
5631 2895 4578 3680 
5632 3765 4513 3487 
5633 2623 4315 3722 
5634 3059 3061 3058 
5635 3760 3761 2724 
5636 3163 3220 3133 
5637 3276 4331 4280 
5638 3697 4398 2709 
5639 2688 4399 3699 
5640 3721 4585 4517 
5641 3253 4230 3453 
5642 4037 4295 4036 
5643 4059 4440 4422 
5644 3734 3735 3527 
5645 3684 3746 3372 
5646 2930 4590 4519 
5647 3222 4594 4246 
5648 2951 2952 2950 
5649 2918 4317 3773 
5650 3121 3162 3154 
5651 2815 4242 3733 
5652 4039 4506 4295 
5653 4246 4594 4247 
5654 3721 4304 3045 
5655 328 3764 2612 
5656 3938 4487 2906 
5657 3269 4486 3951 
5658 2980 3661 2977 
5659 330 3769 2801 
5660 3162 3809 3349 
5661 4113 4360 2624 
5662 2709 4436 3697 
5663 3699 4435 2688 
5664 2802 4245 274 
5665 2932 2933 2931 
5666 4230 4411 3453 
5667 4204 4575 3590 
5668 334 3771 3257 
5669 3705 4393 3100 
5670 3773 4279 3499 
5671 3042 3043 3041 
5672 3374 3668 3376 
5673 3712 4587 4346 
5674 2897 4275 4240 
5675 4030 4040 4027 
5676 4027 4040 4026 
5677 3052 4586 3050 
5678 4218 4578 2895 
5679 3737 4254 3073 
5680 2621 4221 3709 
5681 4262 4522 3605 
5682 2894 4560 4164 
5683 3594 3598 3597 
5684 3559 4392 4377 
5685 3574 3794 3739 
5686 4238 4578 4218 
5687 2945 4333 2942 
5688 3121 3809 3162 
5689 326 3774 2829 
5690 4450 4632 4258 
5691 3668 3776 3376 
5692 3767 3769 3766 
5693 2617 3704 276 
5694 4372 4378 2687 
5695 2980 4348 3661 
5696 3811 4252 3813 
5697 2983 2987 2986 
5698 2984 2985 2982 
5699 3681 4402 4074 
5700 4098 4403 3429 
5701 4105 4618 3548 
5702 3040 3041 3039 
5703 3345 4254 3737 
5704 2981 4215 2983 
5705 2949 4418 2946 
5706 2998 3005 2999 
5707 4273 4372 2687 
5708 3707 4458 3067 
5709 3731 4409 3134 
5710 3451 4202 3833 
5711 3832 4203 3450 
5712 237 3886 3158 
5713 2654 3886 238 
5714 3159 3859 132 
5715 131 3859 2653 
5716 3501 4226 3773 
5717 3385 4404 3786 
5718 4084 4547 3725 
5719 2993 3025 2996 
5720 4240 4275 3892 
5721 3325 3755 3519 
5722 3372 3746 3374 
5723 4030 4293 4040 
5724 3785 3786 2831 
5725 3086 4518 4181 
5726 4400 4407 3336 
5727 3656 3804 3649 
5728 3740 3741 2955 
5729 3039 4665 3611 
5730 3670 4366 3669 
5731 3813 4252 3251 
5732 3709 3771 2621 
5733 2639 4452 4445 
5734 3739 4649 4169 
5735 3671 3682 3674 
5736 3449 3566 3280 
5737 3053 3055 3054 
5738 3407 4038 3221 
5739 3151 4038 3200 
5740 3659 3762 3731 
5741 3447 4652 4277 
5742 2938 2940 2939 
5743 3341 4391 4344 
5744 4277 4652 4353 
5745 3805 4351 3481 
5746 2966 2969 2968 
5747 3455 4216 3454 
5748 3676 4449 3675 
5749 2977 2978 2976 
5750 3682 3685 3674 
5751 3809 4196 3349 
5752 3883 4210 2897 
5753 2898 4211 3856 
5754 4038 4039 4037 
5755 4031 4032 4030 
5756 3685 4414 3173 
5757 4253 4517 3673 
5758 4283 4343 3692 
5759 3756 4472 3456 
5760 3578 4603 4333 
5761 4366 4585 4213 
5762 3555 4339 3292 
5763 2975 4267 2979 
5764 3369 3684 3372 
5765 3369 3793 3684 
5766 3674 3685 3676 
5767 3118 3809 3121 
5768 4101 4673 4419 
5769 3489 3791 3342 
5770 3073 3074 3072 
5771 3071 3737 3073 
5772 4347 4363 3418 
5773 3200 4037 4035 
5774 2987 2988 2986 
5775 3645 3757 3713 
5776 4422 4440 2648 
5777 3082 3790 3137 
5778 3124 4291 3227 
5779 4040 4638 4026 
5780 3548 4270 4105 
5781 3663 4530 3703 
5782 4607 4651 3014 
5783 3200 4038 4037 
5784 3597 4349 3595 
5785 3411 3443 3239 
5786 3772 4498 3688 
5787 4035 4041 3200 
5788 3277 3560 3477 
5789 4122 4667 4019 
5790 2885 4612 3701 
5791 3174 4478 3779 
5792 3005 3082 3006 
5793 4035 4036 4033 
5794 307 2837 308 
5795 297 2666 298 
5796 3005 3086 3082 
5797 332 4239 2621 
5798 305 2613 306 
5799 300 2614 301 
5800 303 3711 304 
5801 3079 4254 4227 
5802 3121 3154 3122 
5803 3177 4314 3703 
5804 2635 4191 350 
5805 3797 4580 3798 
5806 3800 4579 3799 
5807 4112 4264 3407 
5808 2959 3663 3662 
5809 4280 4331 3512 
5810 2897 4240 3883 
5811 3856 4241 2898 
5812 2936 4596 2948 
5813 2934 2935 2933 
5814 3733 4242 4104 
5815 2665 4590 2930 
5816 3520 3522 3455 
5817 3519 3521 3520 
5818 4419 4673 4073 
5819 3788 4260 3627 
5820 326 2829 327 
5821 278 2830 279 
5822 4019 4667 4497 
5823 328 2612 329 
5824 275 2617 276 
5825 330 2801 331 
5826 3501 3773 3499 
5827 273 2802 274 
5828 4076 4191 3660 
5829 2969 3801 2968 
5830 332 2621 333 
5831 271 2622 272 
5832 334 3257 13 
5833 2658 4071 4070 
5834 2619 4250 3775 
5835 2972 3585 3583 
5836 4580 4600 3798 
5837 3800 4599 4579 
5838 3643 3989 3757 
5839 3595 4349 4306 
5840 3136 4536 3748 
5841 2955 4627 3740 
5842 3201 4503 3791 
5843 3220 3345 3133 
5844 3163 3239 3220 
5845 3349 4196 3393 
5846 302 2724 303 
5847 3087 3721 3043 
5848 3675 4253 3672 
5849 3715 4614 2610 
5850 4034 4041 4035 
5851 3162 3246 3154 
5852 3118 3121 3120 
5853 3082 3137 3083 
5854 2898 4241 4097 
5855 3376 3776 3401 
5856 3172 4371 4359 
5857 3000 3178 3026 
5858 2995 4418 3689 
5859 3808 4484 3657 
5860 3779 4561 3174 
5861 2984 4498 2998 
5862 2998 4498 3772 
5863 2894 4381 3726 
5864 2969 3802 3801 
5865 4175 4349 3107 
5866 3786 4647 3385 
5867 3041 4665 3039 
5868 3682 4539 3601 
5869 3659 3730 3658 
5870 4014 4416 2866 
5871 4031 4033 4032 
5872 4412 4514 3716 
5873 3725 4547 2694 
5874 296 3732 297 
5875 3433 3810 3388 
5876 3422 3728 3727 
5877 3073 3079 3074 
5878 2987 2989 2988 
5879 4069 4434 3679 
5880 3411 3612 3443 
5881 3548 4618 3547 
5882 306 3758 307 
5883 4035 4037 4036 
5884 3796 4558 3183 
5885 3086 3790 3082 
5886 2908 4041 4034 
5887 2998 2999 2985 
5888 3055 3057 3056 
5889 3521 3613 3520 
5890 3776 4266 3401 
5891 2899 4546 4186 
5892 2658 4072 4071 
5893 2866 4592 4014 
5894 3016 3829 3013 
5895 4386 4571 3511 
5896 3220 3346 3345 
5897 4026 4638 4467 
5898 3076 3098 3075 
5899 3162 3279 3246 
5900 3242 4332 3420 
5901 4034 4151 2908 
5902 3509 4451 4272 
5903 3085 4615 3186 
5904 3072 3666 3069 
5905 3682 3686 3685 
5906 4241 4274 4097 
5907 296 4187 3732 
5908 3250 4617 3807 
5909 3079 3080 3074 
5910 2989 3002 2988 
5911 3612 3715 3443 
5912 3085 3186 3176 
5913 4229 4611 3775 
5914 3820 3836 3543 
5915 3521 3614 3613 
5916 280 2616 281 
5917 324 2671 325 
5918 4072 4073 4071 
5919 3346 3395 3345 
5920 3287 3836 3216 
5921 3279 3347 3246 
5922 3162 3349 3279 
5923 2775 4183 2777 
5924 3702 4597 3590 
5925 3354 3824 3823 
5926 3524 4363 4347 
5927 277 3768 278 
5928 3542 3925 3825 
5929 3812 4183 2775 
5930 3354 3823 3822 
5931 3015 3016 3013 
5932 3580 3814 3410 
5933 3827 3928 3272 
5934 2705 3812 2775 
5935 3271 3929 3828 
5936 3217 3818 3817 
5937 3354 3822 3353 
5938 3351 3817 3352 
5939 3217 3836 3818 
5940 3543 3836 3287 
5941 3216 3836 3217 
5942 3272 3831 3827 
5943 3828 3830 3271 
5944 3080 3101 3074 
5945 2940 2942 2941 
5946 2989 3003 3002 
5947 3002 3007 2988 
5948 3323 3900 3266 
5949 3818 3836 3820 
5950 3663 4619 3570 
5951 3822 3828 3353 
5952 3811 3812 2699 
5953 3825 3925 3823 
5954 3351 3827 3817 
5955 3813 4184 4183 
5956 2699 3812 2705 
5957 2777 4183 3344 
5958 3830 3835 3271 
5959 3612 4310 3715 
5960 3614 3615 3613 
5961 3351 3928 3827 
5962 3828 3929 3353 
5963 3272 3834 3831 
5964 3410 3814 3235 
5965 3346 3399 3395 
5966 2693 3811 2699 
5967 3347 3348 3246 
5968 3349 3350 3279 
5969 3698 3900 3323 
5970 3266 3900 3354 
5971 3824 3825 3823 
5972 3817 3818 3352 
5973 2706 3834 2719 
5974 3815 3835 3830 
5975 272 3770 273 
5976 3815 3921 2710 
5977 3354 3900 3824 
5978 3080 3102 3101 
5979 3003 3008 3002 
5980 3811 3813 3812 
5981 3831 3834 3816 
5982 2719 3834 3272 
5983 2702 3834 2706 
5984 3830 3921 3815 
5985 3614 3616 3615 
5986 3816 3834 2702 
5987 2696 3815 2710 
5988 3303 3814 3518 
5989 3399 3400 3395 
5990 3346 3534 3399 
5991 2700 3816 2702 
5992 3349 3393 3350 
5993 3347 3690 3348 
5994 3824 3826 3825 
5995 3818 3819 3352 
5996 2716 3835 2704 
5997 3457 3828 3822 
5998 3080 3103 3102 
5999 3003 3009 3008 
6000 3013 3829 3012 
6001 3457 3830 3828 
6002 3271 3835 2716 
6003 3614 3617 3616 
6004 2704 3835 2698 
6005 3399 3528 3400 
6006 3393 3394 3350 
6007 3347 3692 3690 
6008 3818 3820 3819 
6009 3816 3922 3831 
6010 3103 3104 3102 
6011 3003 3010 3009 
6012 3617 3618 3616 
6013 3528 3529 3400 
6014 2712 3922 3816 
6015 3457 3921 3830 
6016 3393 3406 3394 
6017 3820 3821 3819 
6018 2781 3994 2783 
6019 3888 3890 3156 
6020 3861 4092 3157 
6021 3860 4092 3861 
6022 2763 3973 2767 
6023 3153 4092 3860 
6024 3882 3974 3879 
6025 3860 4046 3153 
6026 2742 4179 2740 
6027 3104 3107 3102 
6028 3469 3993 3896 
6029 3010 3011 3009 
6030 3896 3993 3893 
6031 3893 3993 3199 
6032 3199 3994 3893 
6033 3897 4093 3414 
6034 2738 3987 2851 
6035 2850 3984 2757 
6036 3848 3986 3850 
6037 3877 3983 3875 
6038 3618 3619 3616 
6039 2783 3994 3199 
6040 3156 3994 2781 
6041 3890 3994 3156 
6042 3156 3973 3888 
6043 3157 4093 3861 
6044 3861 4093 3897 
6045 3862 3985 2851 
6046 2850 3982 3894 
6047 3152 3973 2763 
6048 2767 3973 3156 
6049 3887 3973 3152 
6050 2740 4179 3987 
6051 3887 3974 3882 
6052 3879 3974 3880 
6053 3974 4180 3880 
6054 3528 3530 3529 
6055 2713 3832 2725 
6056 3152 3974 3887 
6057 3406 3492 3394 
6058 3880 4180 3984 
6059 2740 3987 2738 
6060 2757 3984 2759 
6061 3843 3976 3845 
6062 3872 3977 3870 
6063 3863 3955 3150 
6064 3149 3956 3895 
6065 2851 3986 3862 
6066 3894 3983 2850 
6067 3953 3954 3916 
6068 3907 3943 3942 
6069 3850 3986 3853 
6070 3862 3986 3848 
6071 3875 3983 3894 
6072 3880 3983 3877 
6073 3458 3922 2855 
6074 3153 4179 2742 
6075 2851 3987 3986 
6076 3983 3984 2850 
6077 2711 3833 2697 
6078 3150 3976 3863 
6079 3895 3977 3149 
6080 3863 3980 3955 
6081 3956 3981 3895 
6082 4046 4179 3153 
6083 3104 3108 3107 
6084 3011 3012 3009 
6085 3838 3980 3841 
6086 3868 3981 3865 
6087 3863 3976 3843 
6088 3845 3976 3862 
6089 3870 3977 3895 
6090 3894 3977 3872 
6091 2925 3899 3864 
6092 3837 3898 2926 
6093 3831 3922 3458 
6094 4093 4103 3367 
6095 2753 3982 2755 
6096 2736 3985 2734 
6097 3976 3985 3862 
6098 3894 3982 3977 
6099 3911 4174 3913 
6100 3904 4173 3902 
6101 2805 3920 2848 
6102 2849 3919 2807 
6103 3916 4174 3953 
6104 3942 4173 3907 
6105 3618 3620 3619 
6106 2728 3898 2726 
6107 2745 3899 2747 
6108 2926 3980 3837 
6109 3864 3981 2925 
6110 2747 3899 2925 
6111 2926 3898 2728 
6112 3530 3531 3529 
6113 2855 3922 2722 
6114 3406 3493 3492 
6115 3492 3657 3394 
6116 3841 3980 3863 
6117 3895 3981 3868 
6118 3837 3980 3838 
6119 3865 3981 3864 
6120 3898 3926 2726 
6121 2745 3927 3899 
6122 3414 4093 3367 
6123 3157 4103 4093 
6124 2755 3982 2850 
6125 2851 3985 2736 
6126 3149 3982 2753 
6127 2734 3985 3150 
6128 2925 3981 3956 
6129 3955 3980 2926 
6130 2848 3920 3165 
6131 3166 3919 2849 
6132 2807 3919 3910 
6133 3901 3920 2805 
6134 3919 4174 3911 
6135 3902 4173 3920 
6136 2922 3901 2715 
6137 2718 3910 2923 
6138 2710 3921 2720 
6139 3913 4174 3916 
6140 3907 4173 3904 
6141 2922 3902 3901 
6142 3910 3911 2923 
6143 3104 3109 3108 
6144 3011 3013 3012 
6145 3920 4173 3165 
6146 3166 4174 3919 
6147 3165 4173 3942 
6148 3953 4174 3166 
6149 3618 3621 3620 
6150 3893 3994 3890 
6151 3888 3973 3887 
6152 2721 3927 2745 
6153 2726 3926 2723 
6154 3530 3775 3531 
6155 3531 3532 3529 
6156 2715 3901 2714 
6157 2717 3910 2718 
6158 3492 3808 3657 
6159 3909 3970 3969 
6160 3903 4171 3905 
6161 3218 3926 3461 
6162 3459 3927 3215 
6163 2840 3923 2776 
6164 2922 3903 3902 
6165 3911 3912 2923 
6166 3224 3924 3918 
6167 3750 3978 3961 
6168 3109 3110 3108 
6169 3910 3919 3911 
6170 3902 3920 3901 
6171 3918 3924 3912 
6172 3912 3924 2923 
6173 3918 3961 3224 
6174 3461 3926 3898 
6175 3899 3927 3459 
6176 3621 3622 3620 
6177 3917 3962 3914 
6178 3225 3923 2840 
6179 2776 3923 2922 
6180 3923 4171 3903 
6181 3531 3533 3532 
6182 3750 3961 3752 
6183 3961 3978 3224 
6184 3215 3927 2834 
6185 2833 3926 3218 
6186 3909 4171 3970 
6187 3914 3962 3918 
6188 3905 4171 3909 
6189 3903 3904 3902 
6190 3911 3913 3912 
6191 3961 3962 3752 
6192 3110 3111 3108 
6193 2922 3923 3903 
6194 3621 3664 3622 
6195 3622 3623 3620 
6196 3533 3563 3532 
6197 2854 3921 3457 
6198 3285 3925 3542 
6199 3192 3929 2902 
6200 2901 3928 3189 
6201 2842 3924 3224 
6202 3903 3905 3904 
6203 3913 3914 3912 
6204 3110 3112 3111 
6205 3213 3925 3285 
6206 3189 3928 3351 
6207 3353 3929 3192 
6208 3225 4171 3923 
6209 3621 3665 3664 
6210 3622 3624 3623 
6211 2902 3929 2806 
6212 2808 3928 2901 
6213 2779 3924 2842 
6214 3533 3564 3563 
6215 3970 4171 3225 
6216 3914 3918 3912 
6217 3905 3906 3904 
6218 3913 3915 3914 
6219 3110 3129 3112 
6220 3112 3113 3111 
6221 3624 3625 3623 
6222 3665 3688 3664 
6223 3533 3565 3564 
6224 3214 3925 3213 
6225 3915 3917 3914 
6226 3906 3907 3904 
6227 3905 3908 3906 
6228 3913 3916 3915 
6229 3112 3114 3113 
6230 3113 3205 3111 
6231 3665 3772 3688 
6232 3624 3626 3625 
6233 3442 3963 3940 
6234 3460 3959 3866 
6235 3944 3953 3166 
6236 3839 3960 3462 
6237 3150 3955 2732 
6238 2751 3956 3149 
6239 3940 3963 3934 
6240 3905 3909 3908 
6241 3942 3943 3933 
6242 3114 3115 3113 
6243 3931 3932 3193 
6244 3286 3959 3460 
6245 3934 3963 3193 
6246 3931 3942 3933 
6247 3624 3627 3626 
6248 3957 3975 3441 
6249 3969 3970 3965 
6250 3462 3960 3288 
6251 3140 3931 3193 
6252 2732 3955 2730 
6253 2749 3956 2751 
6254 3972 4141 3425 
6255 2843 3930 3174 
6256 3141 3944 3166 
6257 3965 3970 3964 
6258 3971 4141 3972 
6259 3330 3964 3211 
6260 3441 3975 3263 
6261 3265 3963 3442 
6262 2857 3971 2752 
6263 3209 3978 3331 
6264 3330 3965 3964 
6265 3114 3116 3115 
6266 3931 3933 3932 
6267 3932 3934 3193 
6268 2857 4141 3971 
6269 3331 3978 3750 
6270 3627 3628 3626 
6271 3918 3962 3961 
6272 3263 3975 3188 
6273 3211 3964 3147 
6274 2752 3971 2750 
6275 3191 3963 3265 
6276 3145 3978 3209 
6277 3340 3960 3800 
6278 3947 3975 3957 
6279 3231 3988 3210 
6280 3339 3959 3286 
6281 3330 3966 3965 
6282 3114 3117 3116 
6283 3932 3935 3934 
6284 3453 3988 3231 
6285 3628 3629 3626 
6286 3210 3988 3146 
6287 3190 3975 3947 
6288 3986 3987 3853 
6289 3880 3984 3983 
6290 3117 3118 3116 
6291 3966 3967 3965 
6292 3935 3936 3934 
6293 3628 3630 3629 
6294 3654 3979 3632 
6295 3977 3982 3149 
6296 3150 3985 3976 
6297 3951 3990 3948 
6298 3936 3940 3934 
6299 3935 3937 3936 
6300 3967 3969 3965 
6301 3117 3809 3118 
6302 4003 4060 3355 
6303 3948 3990 3945 
6304 3632 3979 3634 
6305 3438 4145 3207 
6306 3362 4060 4003 
6307 3997 4159 4158 
6308 3634 3635 3633 
6309 2881 4007 2882 
6310 2882 4007 2885 
6311 2881 4010 3998 
6312 3380 4021 3329 
6313 3630 3631 3629 
6314 3309 4000 3440 
6315 3355 4060 3992 
6316 3249 4004 3437 
6317 4003 4061 3362 
6318 3998 4007 2881 
6319 3998 4010 3463 
6320 3630 3654 3632 
6321 3318 3996 3378 
6322 3638 3989 3640 
6323 2832 4126 4044 
6324 3745 4021 3380 
6325 3999 4000 3306 
6326 3996 3997 3378 
6327 3361 4133 4022 
6328 3306 4000 3309 
6329 4146 4152 3366 
6330 3472 4024 4022 
6331 3992 4060 4059 
6332 3936 3941 3940 
6333 3305 3999 3306 
6334 4128 4144 3473 
6335 4153 4154 4123 
6336 4000 4001 3440 
6337 2927 4143 3208 
6338 4009 4052 2836 
6339 2832 4129 4127 
6340 3311 4121 3312 
6341 3314 4055 3317 
6342 2839 4008 2756 
6343 3316 4055 3314 
6344 3329 4021 3328 
6345 3398 4062 3465 
6346 4022 4133 3472 
6347 4012 4044 3470 
6348 3470 4094 4012 
6349 2832 4127 4126 
6350 3637 3655 3638 
6351 3472 4081 4024 
6352 3855 4046 3860 
6353 3468 4020 4002 
6354 3993 4002 3199 
6355 3397 4062 3398 
6356 3468 4002 3993 
6357 3144 4004 3249 
6358 4003 4135 4061 
6359 4010 4011 3463 
6360 3852 4046 3855 
6361 2784 4049 2782 
6362 4142 4148 4028 
6363 2787 4049 2784 
6364 4115 4134 3332 
6365 3995 4145 3438 
6366 3494 4042 3495 
6367 4158 4159 2836 
6368 3273 4094 3470 
6369 3282 3991 3413 
6370 189 4048 2708 
6371 2883 4148 4142 
6372 2907 4094 3273 
6373 3363 4056 2913 
6374 3357 4006 3548 
6375 2786 4116 2789 
6376 4011 4056 3363 
6377 4083 4154 4149 
6378 4132 4136 2804 
6379 3957 3958 3949 
6380 2649 4090 157 
6381 4061 4135 2813 
6382 4066 4081 2879 
6383 3375 4124 3474 
6384 3180 4020 3308 
6385 3677 4115 3332 
6386 3495 4042 3498 
6387 3308 4020 3468 
6388 3575 4121 3311 
6389 2903 4043 117 
6390 2872 4015 152 
6391 154 4110 153 
6392 2872 4110 4017 
6393 3312 3314 3313 
6394 3935 3938 3937 
6395 2765 4092 3153 
6396 3315 4123 3313 
6397 3317 3319 3318 
6398 2827 4052 2844 
6399 3200 4041 2892 
6400 3194 4050 3370 
6401 2877 4011 4010 
6402 2877 4056 4011 
6403 3207 4145 3202 
6404 4044 4126 3470 
6405 4075 4128 3473 
6406 3170 4103 2773 
6407 3463 4011 3365 
6408 4127 4129 3471 
6409 2813 4131 4061 
6410 2857 4150 4141 
6411 2872 4016 4015 
6412 2879 4081 2876 
6413 2878 4010 2881 
6414 4015 4018 3448 
6415 2766 4099 2770 
6416 3230 3232 3231 
6417 3867 3869 3868 
6418 2814 4131 2813 
6419 2876 4081 2875 
6420 2791 4117 2792 
6421 3226 4076 3297 
6422 3848 3850 3849 
6423 4024 4081 4066 
6424 2914 4101 3167 
6425 3558 4134 4115 
6426 4061 4131 4125 
6427 2835 4065 2823 
6428 3328 3438 3207 
6429 3465 3466 3464 
6430 3500 4118 3502 
6431 3881 3883 3882 
6432 2872 4017 4016 
6433 3275 4082 4076 
6434 4025 4066 4028 
6435 117 4043 116 
6436 152 4015 151 
6437 3312 4121 3316 
6438 3365 4011 3363 
6439 2756 4008 2754 
6440 2770 4099 2869 
6441 3328 4021 3546 
6442 3331 3749 3446 
6443 3431 4137 3784 
6444 3850 3853 3852 
6445 3852 3855 3854 
6446 116 4043 3447 
6447 151 4015 3448 
6448 153 4110 2872 
6449 178 4084 2638 
6450 213 4085 2642 
6451 251 4080 2695 
6452 2862 2863 2861 
6453 2861 4050 3194 
6454 3143 4101 2914 
6455 2927 3207 3202 
6456 3312 3313 3310 
6457 3317 3318 3315 
6458 3319 3320 3318 
6459 3508 3680 3515 
6460 3843 3845 3844 
6461 3889 3892 3891 
6462 3947 3957 3949 
6463 2770 2771 2769 
6464 2772 4100 2774 
6465 2789 4116 2911 
6466 2836 4052 2827 
6467 3504 4053 3581 
6468 3853 4046 3852 
6469 3860 3861 3857 
6470 3889 3891 3890 
6471 2766 2769 2765 
6472 2772 2773 2771 
6473 2912 4117 2791 
6474 2809 4135 3171 
6475 2825 4045 2835 
6476 4125 4131 2858 
6477 3212 3281 3234 
6478 3660 3793 3299 
6479 3356 3475 3357 
6480 3369 3372 3371 
6481 3538 3568 3397 
6482 3845 3847 3844 
6483 3869 3871 3870 
6484 3879 3880 3877 
6485 2765 3153 2742 
6486 2759 2760 2758 
6487 2766 2770 2769 
6488 2774 4100 2811 
6489 2785 4116 2786 
6490 3199 4002 2785 
6491 2864 2865 2787 
6492 2865 4049 2787 
6493 2789 2790 2788 
6494 2791 2792 2790 
6495 2793 4114 2790 
6496 2792 2794 2793 
6497 2795 4012 2793 
6498 2794 2797 2795 
6499 2797 2799 2798 
6500 2832 4044 2798 
6501 2799 2827 2800 
6502 2839 4140 4008 
6503 2844 2913 2845 
6504 2862 2927 2863 
6505 2924 3228 2913 
6506 3282 3413 3367 
6507 3297 4076 3660 
6508 3313 4123 4083 
6509 3427 3679 3334 
6510 3358 3360 3359 
6511 3360 4133 3361 
6512 3361 4022 3537 
6513 3464 3998 3463 
6514 3850 3852 3851 
6515 3869 3870 3868 
6516 2758 4111 2839 
6517 2767 2768 2764 
6518 2781 2782 2768 
6519 2783 2784 2782 
6520 2785 2786 2784 
6521 2786 2787 2784 
6522 2786 2788 2787 
6523 2821 2823 2820 
6524 3273 3275 3226 
6525 3358 3359 3275 
6526 3368 3473 3298 
6527 2737 2838 2739 
6528 2769 4092 2765 
6529 2823 4065 2820 
6530 2913 4056 2845 
6531 2892 4041 2889 
6532 2911 4020 3180 
6533 3228 3363 2913 
6534 2924 3356 3237 
6535 3297 3298 3164 
6536 3308 3445 3439 
6537 3369 3371 3368 
6538 3372 3373 3371 
6539 3403 3404 3402 
6540 3424 3425 3404 
6541 3436 4058 4057 
6542 3502 4118 4053 
6543 3874 3875 3872 
6544 4066 4142 4028 
6545 157 4090 156 
6546 3151 3200 2892 
6547 2907 3273 3226 
6548 3299 3368 3298 
6549 3312 3316 3314 
6550 3431 3514 3432 
6551 168 2652 167 
6552 171 2668 170 
6553 176 2871 175 
6554 178 2638 177 
6555 206 2868 205 
6556 211 2921 210 
6557 213 2642 212 
6558 218 2906 217 
6559 229 2929 228 
6560 241 2897 240 
6561 246 2870 245 
6562 248 2639 247 
6563 253 3185 252 
6564 2739 2741 2740 
6565 2761 3152 2763 
6566 2772 2774 2773 
6567 2862 4143 2927 
6568 2875 3472 3471 
6569 2885 2886 2884 
6570 3232 3276 3253 
6571 3355 3991 3282 
6572 3308 3439 3305 
6573 3439 3999 3305 
6574 3308 3468 3445 
6575 3313 4083 3310 
6576 3320 3996 3318 
6577 3319 3415 3320 
6578 3324 3699 3441 
6579 3379 3380 3329 
6580 3356 4052 4009 
6581 4061 4125 3362 
6582 3372 3374 3373 
6583 3389 3390 3388 
6584 3401 3403 3402 
6585 3403 3424 3404 
6586 3431 3432 3430 
6587 3514 3540 3432 
6588 3540 3541 3432 
6589 3468 3469 3445 
6590 3855 3860 3857 
6591 3861 3897 3857 
6592 3867 3873 3869 
6593 3881 3882 3879 
6594 3883 3884 3882 
6595 3884 3888 3887 
6596 3884 3889 3888 
6597 3889 3890 3888 
6598 3891 3893 3890 
6599 2737 2739 2738 
6600 4075 4132 2804 
6601 2820 4065 4064 
6602 2874 2876 2875 
6603 3144 3248 3143 
6604 3275 4076 3226 
6605 3238 3333 3332 
6606 3473 4144 3298 
6607 3310 4083 3307 
6608 3324 3700 3699 
6609 3366 4152 3379 
6610 3390 3433 3388 
6611 3575 4122 4121 
6612 3876 3877 3875 
6613 2809 3170 2773 
6614 2790 4114 2788 
6615 2794 2795 2793 
6616 2797 2798 2795 
6617 2827 2828 2800 
6618 2809 3171 3170 
6619 2915 3144 3143 
6620 3367 4103 3170 
6621 3180 3308 3305 
6622 3360 3361 3359 
6623 3397 3398 3365 
6624 3878 3879 3877 
6625 116 3447 115 
6626 118 2903 117 
6627 120 2674 119 
6628 129 2898 128 
6629 146 2688 145 
6630 151 3448 150 
6631 153 2872 152 
6632 155 2675 154 
6633 164 2659 163 
6634 179 4084 178 
6635 181 2694 180 
6636 2770 2772 2771 
6637 2773 4103 2771 
6638 2869 4100 2772 
6639 2788 2864 2787 
6640 2789 2791 2790 
6641 2795 4044 4012 
6642 2816 2817 2814 
6643 2818 2822 2817 
6644 2859 2860 2858 
6645 2861 3194 2860 
6646 3194 3204 2860 
6647 2878 2880 2879 
6648 2886 2887 2884 
6649 2888 2891 2889 
6650 2891 2892 2889 
6651 2889 4041 2908 
6652 2891 4091 3278 
6653 3142 3151 2892 
6654 3294 4004 3144 
6655 3180 3305 3181 
6656 3202 3238 3203 
6657 3208 3328 3207 
6658 3208 4143 3366 
6659 3230 3256 3232 
6660 3249 3335 3334 
6661 3359 4082 3275 
6662 3297 3299 3298 
6663 3309 3310 3307 
6664 3311 3312 3310 
6665 3366 3379 3329 
6666 3333 3677 3332 
6667 3375 3474 3373 
6668 3385 3386 3384 
6669 3387 3388 3386 
6670 3466 3467 3464 
6671 3474 4124 4111 
6672 3498 3510 3500 
6673 3500 3502 3501 
6674 3504 3505 3503 
6675 3541 4014 4013 
6676 4025 4027 4026 
6677 4049 4144 4128 
6678 2669 4105 160 
6679 2811 2812 2810 
6680 2821 2824 2823 
6681 3194 3370 3245 
6682 3317 4055 3525 
6683 3568 4062 3397 
6684 3408 3782 3733 
6685 3498 3500 3499 
6686 3502 3503 3501 
6687 181 4077 2694 
6688 200 2623 199 
6689 227 2645 226 
6690 235 2656 234 
6691 2735 2737 2736 
6692 2838 4087 2739 
6693 2741 2743 2742 
6694 2755 2850 2757 
6695 2803 4099 2766 
6696 2826 2846 2825 
6697 2844 2845 2828 
6698 2844 4052 2924 
6699 2859 2861 2860 
6700 2927 3202 2863 
6701 2886 2890 2888 
6702 2891 3278 3142 
6703 3299 3793 3369 
6704 3335 3427 3334 
6705 3370 3558 3436 
6706 3408 3733 3389 
6707 3390 3434 3433 
6708 3452 4145 3995 
6709 3479 3494 3480 
6710 3495 3497 3496 
6711 3508 3509 3507 
6712 4022 4023 3537 
6713 3850 3851 3849 
6714 3884 3887 3882 
6715 4024 4025 4023 
6716 133 3159 132 
6717 141 2928 140 
6718 143 2644 142 
6719 148 2905 147 
6720 160 4105 159 
6721 174 2658 173 
6722 183 3184 182 
6723 2643 4047 191 
6724 244 2657 243 
6725 2847 2915 2914 
6726 2889 2908 2887 
6727 2888 4091 2891 
6728 2927 3208 3207 
6729 3144 3249 3248 
6730 3219 3511 3258 
6731 3328 3546 3438 
6732 3379 3381 3380 
6733 3381 3552 3551 
6734 3387 3389 3388 
6735 3495 3498 3497 
6736 4029 4031 4030 
6737 2741 2742 2740 
6738 2743 2765 2742 
6739 2759 2761 2760 
6740 2771 3157 2769 
6741 2774 2809 2773 
6742 2774 2811 2810 
6743 2783 2785 2784 
6744 2783 3199 2785 
6745 2786 2789 2788 
6746 2798 4044 2795 
6747 2800 2832 2798 
6748 2815 2816 2814 
6749 2816 2819 2818 
6750 2822 2858 2817 
6751 2819 2820 2818 
6752 2818 4064 2822 
6753 2821 2831 2824 
6754 2914 3167 2846 
6755 2864 2907 2865 
6756 2907 3164 2865 
6757 2874 2875 2873 
6758 2877 2878 2876 
6759 2907 3226 3164 
6760 2915 3294 3144 
6761 3171 3282 3170 
6762 3309 3440 3311 
6763 3331 3750 3749 
6764 3364 3397 3365 
6765 3364 3538 3397 
6766 3398 3463 3365 
6767 3541 4013 3432 
6768 3435 3479 3434 
6769 3467 3998 3464 
6770 3465 3681 3466 
6771 3498 4042 3510 
6772 3506 3507 3505 
6773 3506 3508 3507 
6774 3508 3515 3509 
6775 3511 4108 4107 
6776 3841 3842 3840 
6777 3843 3844 3842 
6778 3845 3862 3848 
6779 3848 3849 3847 
6780 3855 3857 3856 
6781 3870 3895 3868 
6782 3871 3874 3872 
6783 4025 4026 4023 
6784 4029 4030 4027 
6785 125 2904 124 
6786 246 4089 2870 
6787 2739 2740 2738 
6788 2743 2766 2765 
6789 2812 2813 2810 
6790 2816 2818 2817 
6791 2825 2835 2823 
6792 2863 4050 2861 
6793 2891 3142 2892 
6794 2911 3180 2912 
6795 3282 3367 3170 
6796 3194 3245 3204 
6797 3249 3437 3335 
6798 3258 3301 3300 
6799 3301 3550 3383 
6800 3383 3384 3382 
6801 3383 3385 3384 
6802 3390 3435 3434 
6803 3398 3465 3464 
6804 3408 3785 3782 
6805 3428 3429 3427 
6806 3725 3995 3438 
6807 3467 4007 3998 
6808 3498 3499 3497 
6809 3502 3504 3503 
6810 4016 4019 4018 
6811 4028 4029 4027 
6812 2898 4097 128 
6813 2675 4110 154 
6814 187 3269 186 
6815 189 2708 188 
6816 190 4048 189 
6817 214 4085 213 
6818 216 2689 215 
6819 222 3270 221 
6820 224 2709 223 
6821 2870 4079 245 
6822 251 2695 250 
6823 252 4080 251 
6824 2743 4106 2803 
6825 2820 4064 2818 
6826 2819 2821 2820 
6827 2822 2859 2858 
6828 2824 2825 2823 
6829 3202 3203 2863 
6830 2882 2884 2883 
6831 2888 2889 2887 
6832 2890 4091 2888 
6833 3219 3221 3151 
6834 3370 3436 3245 
6835 3314 3315 3313 
6836 3536 4082 3359 
6837 3398 3464 3463 
6838 3495 3496 3480 
6839 4020 4116 4002 
6840 4022 4024 4023 
6841 4024 4066 4025 
6842 4025 4028 4027 
6843 123 2648 122 
6844 192 2643 191 
6845 194 2920 193 
6846 2737 2738 2736 
6847 2739 4087 2741 
6848 2763 2767 2764 
6849 2770 2869 2772 
6850 2812 2814 2813 
6851 2824 2826 2825 
6852 2826 2847 2846 
6853 2875 3471 2873 
6854 2874 2877 2876 
6855 2875 4081 3472 
6856 2877 4010 2878 
6857 2915 3143 2914 
6858 3219 3258 3221 
6859 3385 3387 3386 
6860 3387 3408 3389 
6861 3432 4013 3430 
6862 3431 3784 3514 
6863 3479 3480 3434 
6864 3500 3501 3499 
6865 3504 3506 3505 
6866 3875 3894 3872 
6867 3876 3878 3877 
6868 3947 3949 3948 
6869 127 2664 126 
6870 131 2653 130 
6871 135 2655 134 
6872 138 2677 137 
6873 161 2669 160 
6874 166 2866 165 
6875 197 2667 196 
6876 202 2867 201 
6877 204 2624 203 
6878 208 2637 207 
6879 232 2678 231 
6880 237 3158 236 
6881 239 2654 238 
6882 2758 2839 2756 
6883 2764 2804 2762 
6884 2792 2793 2790 
6885 2878 2881 2880 
6886 2882 2883 2880 
6887 2886 2888 2887 
6888 3142 3219 3151 
6889 3248 3295 3143 
6890 3258 3300 3221 
6891 3300 3407 3221 
6892 3232 3253 3231 
6893 3253 3453 3231 
6894 3238 3452 3333 
6895 3436 4057 3245 
6896 3306 3309 3307 
6897 3309 3311 3310 
6898 3318 3378 3315 
6899 3317 3525 3319 
6900 3413 3414 3367 
6901 3658 3689 3418 
6902 3428 3430 3429 
6903 3472 4133 3471 
6904 3494 3495 3480 
6905 3510 4118 3500 
6906 3507 3559 3505 
6907 3845 3848 3847 
6908 203 4063 202 
6909 2761 2763 2762 
6910 2767 2781 2768 
6911 2767 3156 2781 
6912 2845 2874 2873 
6913 2878 2879 2876 
6914 2911 4116 4020 
6915 3245 3252 3204 
6916 3356 3357 3237 
6917 3297 3660 3299 
6918 3301 3382 3300 
6919 3301 3383 3382 
6920 3475 4006 3357 
6921 3357 3548 3547 
6922 3374 3376 3375 
6923 3376 3401 3377 
6924 3424 3426 3425 
6925 3842 3846 3840 
6926 3841 3863 3843 
6927 3855 3856 3854 
6928 125 4096 2904 
6929 171 4068 2668 
6930 197 4102 2667 
6931 202 4063 2867 
6932 204 4113 2624 
6933 2743 2803 2766 
6934 2755 2757 2756 
6935 2757 2759 2758 
6936 2911 2912 2791 
6937 2792 2796 2794 
6938 2799 2836 2827 
6939 2845 2873 2828 
6940 2844 2924 2913 
6941 2847 2914 2846 
6942 2882 2885 2884 
6943 2924 3237 3228 
6944 3226 3297 3164 
6945 3301 4107 3550 
6946 3361 3536 3359 
6947 3361 3537 3536 
6948 3364 3365 3363 
6949 3502 4053 3504 
6950 2624 4063 203 
6951 2738 2851 2736 
6952 2774 2810 2809 
6953 4049 4128 2782 
6954 2812 2815 2814 
6955 2826 2893 2847 
6956 3167 4045 2846 
6957 2859 2862 2861 
6958 2881 2882 2880 
6959 2908 4051 2887 
6960 3171 3355 3282 
6961 3238 3332 3203 
6962 3249 3334 3248 
6963 3258 4107 3301 
6964 3294 4005 4004 
6965 3335 3428 3427 
6966 3750 3752 3751 
6967 3852 3854 3851 
6968 123 4095 2648 
6969 182 4077 181 
6970 2741 4106 2743 
6971 2781 2783 2782 
6972 3171 4135 4003 
6973 3273 3470 3358 
6974 4152 4155 3379 
6975 2904 4095 124 
6976 2792 4117 2796 
6977 2846 4045 2825 
6978 3184 4078 4077 
6979 3208 3366 3329 
6980 3331 3446 3229 
6981 3281 3418 3234 
6982 3355 3992 3991 
6983 3377 4124 3375 
6984 198 4102 197 
6985 2884 4051 2883 
6986 3305 3306 3181 
6987 3252 3362 3204 
6988 3640 3641 3639 
6989 3874 3876 3875 
6990 3878 3881 3879 
6991 164 4074 2659 
6992 214 4086 4085 
6993 244 4079 2657 
6994 4136 4139 2804 
6995 2874 4056 2877 
6996 3281 3658 3418 
6997 3299 3369 3368 
6998 3381 3551 3380 
6999 3733 4104 3389 
7000 3428 3431 3430 
7001 3468 3993 3469 
7002 3504 3581 3506 
7003 3838 3841 3840 
7004 3841 3843 3842 
7005 4016 4018 4015 
7006 3184 4077 182 
7007 191 4047 190 
7008 4047 4048 190 
7009 3185 4080 252 
7010 2760 4139 4111 
7011 4008 4150 2857 
7012 2887 4051 2884 
7013 3332 4134 3203 
7014 3228 3364 3363 
7015 3511 4107 3258 
7016 3867 3868 3865 
7017 2860 4125 2858 
7018 3362 4125 3204 
7019 3514 3701 3540 
7020 245 4079 244 
7021 2755 2756 2754 
7022 2757 2758 2756 
7023 2761 2762 2760 
7024 4002 4116 2785 
7025 4012 4114 2793 
7026 2799 2800 2798 
7027 2827 2844 2828 
7028 2864 4094 2907 
7029 3295 4101 3143 
7030 3171 4003 3355 
7031 3208 3329 3328 
7032 4057 4059 3252 
7033 4083 4149 3307 
7034 3440 3575 3311 
7035 3379 4155 3381 
7036 3403 3539 3424 
7037 3946 3954 3953 
7038 158 2649 157 
7039 2788 4114 2864 
7040 3230 3231 3210 
7041 3273 3358 3275 
7042 3300 4112 3407 
7043 3401 3402 3377 
7044 124 4095 123 
7045 2668 4098 170 
7046 2763 2764 2762 
7047 2768 4128 4075 
7048 2845 4056 2874 
7049 2924 4052 3356 
7050 3357 3547 3237 
7051 3371 4136 4132 
7052 3374 3375 3373 
7053 3376 3377 3375 
7054 3551 3745 3380 
7055 3390 4104 3435 
7056 3473 4132 4075 
7057 3871 3872 3870 
7058 2868 4113 205 
7059 2639 4089 247 
7060 2800 4129 2832 
7061 3324 3441 3263 
7062 3434 4120 3433 
7063 3496 4120 3480 
7064 3632 3634 3633 
7065 2782 4128 2768 
7066 3157 4092 2769 
7067 2771 4103 3157 
7068 2826 4119 2893 
7069 3697 3698 3323 
7070 3356 4009 3475 
7071 3389 4104 3390 
7072 3546 3725 3438 
7073 127 4097 2664 
7074 161 4088 2669 
7075 168 4067 2652 
7076 169 4098 4067 
7077 2789 2911 2791 
7078 4051 4148 2883 
7079 3306 3307 3181 
7080 3314 3317 3315 
7081 3480 4120 3434 
7082 3891 3896 3893 
7083 4094 4114 4012 
7084 2754 4008 2857 
7085 3474 4139 4136 
7086 4087 4106 2741 
7087 2828 4129 2800 
7088 3471 4129 2873 
7089 3382 4112 3300 
7090 3378 4123 3315 
7091 3425 4141 3404 
7092 2768 4075 2764 
7093 3204 4125 2860 
7094 3203 4050 2863 
7095 3180 3181 2912 
7096 3442 3697 3323 
7097 4111 4139 3474 
7098 118 4109 2903 
7099 155 4054 2675 
7100 156 4090 4054 
7101 162 4088 161 
7102 2866 4074 165 
7103 169 4067 168 
7104 170 4098 169 
7105 172 4068 171 
7106 2754 2857 2752 
7107 3373 4136 3371 
7108 3630 3632 3631 
7109 2810 4135 2809 
7110 3212 3234 3233 
7111 4149 4154 4117 
7112 2760 4111 2758 
7113 2817 4131 2814 
7114 2831 4119 2824 
7115 4111 4124 2839 
7116 2864 4114 4094 
7117 3547 4138 3237 
7118 3245 4057 3252 
7119 3281 3659 3658 
7120 3838 3840 3839 
7121 3949 3950 3948 
7122 2664 4096 126 
7123 3266 3354 3353 
7124 3333 3678 3677 
7125 3996 4159 3997 
7126 128 4097 127 
7127 165 4074 164 
7128 2735 2736 2734 
7129 2762 4139 2760 
7130 126 4096 125 
7131 205 4113 204 
7132 3203 4134 4050 
7133 3234 3336 3233 
7134 3471 4133 4127 
7135 247 4089 246 
7136 2824 4119 2826 
7137 4050 4134 3370 
7138 3750 3751 3749 
7139 3371 4132 3368 
7140 4065 4146 4064 
7141 4065 4152 4146 
7142 2733 2856 2735 
7143 2796 4154 4153 
7144 4064 4130 2822 
7145 2859 4130 2862 
7146 3238 4145 3452 
7147 3947 3948 3945 
7148 3233 3330 3211 
7149 3946 3953 3944 
7150 2813 4135 2810 
7151 3634 3637 3636 
7152 4126 4127 3360 
7153 3866 3867 3865 
7154 3229 3230 3210 
7155 156 4054 155 
7156 2858 4131 2817 
7157 3351 3352 3264 
7158 3265 3442 3323 
7159 3945 3990 3946 
7160 2753 2755 2754 
7161 2822 4130 2859 
7162 4140 4150 4008 
7163 2674 4109 119 
7164 2689 4086 215 
7165 3209 3331 3229 
7166 3358 4126 3360 
7167 3377 4140 4124 
7168 2796 4157 2794 
7169 2873 4129 2828 
7170 2804 4139 2762 
7171 2764 4075 2804 
7172 3164 4144 2865 
7173 2879 4142 4066 
7174 3470 4126 3358 
7175 4127 4133 3360 
7176 3474 4136 3373 
7177 3402 4150 4140 
7178 3637 3714 3655 
7179 3637 3979 3714 
7180 4059 4060 3252 
7181 3402 4140 3377 
7182 4124 4140 2839 
7183 3252 4060 3362 
7184 3370 4134 3558 
7185 4155 4156 3381 
7186 2883 4142 2880 
7187 3950 3951 3948 
7188 3378 4153 4123 
7189 4141 4150 3404 
7190 4064 4146 4130 
7191 215 4086 214 
7192 3638 3640 3639 
7193 3202 4145 3238 
7194 3298 4144 3164 
7195 3437 4137 3335 
7196 119 4109 118 
7197 2880 4142 2879 
7198 3634 3636 3635 
7199 4130 4143 2862 
7200 3228 4138 3364 
7201 3364 4138 3538 
7202 3475 4161 4006 
7203 3368 4132 3473 
7204 3404 4150 3402 
7205 4029 4151 4031 
7206 4028 4148 4029 
7207 3237 4138 3228 
7208 3335 4137 3428 
7209 3632 3633 3631 
7210 2865 4144 4049 
7211 3381 4156 3552 
7212 3428 4137 3431 
7213 3638 3639 3636 
7214 4130 4146 4143 
7215 2912 4149 4117 
7216 2908 4151 4051 
7217 3997 4153 3378 
7218 4123 4154 4083 
7219 3319 4147 3415 
7220 3525 4147 3319 
7221 2799 4158 2836 
7222 4143 4146 3366 
7223 3798 3959 3339 
7224 3190 3947 3945 
7225 2835 4152 4065 
7226 3945 3946 3944 
7227 4153 4157 2796 
7228 4051 4151 4148 
7229 3307 4149 3181 
7230 2733 2735 2734 
7231 3460 3866 3865 
7232 3264 3324 3263 
7233 3265 3323 3266 
7234 3209 3229 3210 
7235 3633 3726 3631 
7236 3181 4149 2912 
7237 2734 3150 2732 
7238 2751 3149 2753 
7239 4117 4154 2796 
7240 3838 3839 3462 
7241 3189 3351 3264 
7242 2753 2754 2752 
7243 4148 4151 4029 
7244 4009 4160 3475 
7245 4045 4156 4155 
7246 3266 3353 3192 
7247 3637 3638 3636 
7248 3212 3233 3211 
7249 2835 4155 4152 
7250 2794 4157 2797 
7251 4045 4155 2835 
7252 3167 4156 4045 
7253 3655 3989 3638 
7254 3997 4157 4153 
7255 3997 4158 4157 
7256 2836 4159 4009 
7257 2797 4158 2799 
7258 4157 4158 2797 
7259 4160 4161 3475 
7260 3320 4160 3996 
7261 3634 3979 3637 
7262 3415 4161 3320 
7263 3996 4160 4159 
7264 4159 4160 4009 
7265 3320 4161 4160 
7266 3797 3798 3339 
7267 3189 3264 3263 
7268 3971 3972 2896 
7269 3460 3865 3864 
7270 3837 3838 3462 
7271 3146 3988 3930 
7272 3265 3266 3192 
7273 3190 3945 3944 
7274 3461 3898 3837 
7275 3209 3210 3146 
7276 3864 3899 3459 
7277 2733 2734 2732 
7278 3628 4162 3630 
7279 2751 2753 2752 
7280 3340 3800 3799 
7281 3148 3212 3211 
7282 3964 3970 3225 
7283 4163 4164 3635 
7284 3626 4167 3625 
7285 3630 4162 3654 
7286 3636 4163 3635 
7287 3639 4163 3636 
7288 3631 4165 3629 
7289 3188 3975 3190 
7290 3542 3797 3339 
7291 2750 3971 2896 
7292 3189 3263 3188 
7293 3147 3964 3225 
7294 2731 2733 2732 
7295 3148 3211 3147 
7296 3146 3930 2843 
7297 3190 3944 3141 
7298 3224 3978 3145 
7299 3191 3265 3192 
7300 3193 3963 3191 
7301 3145 3209 3146 
7302 3460 3864 3459 
7303 2751 2752 2750 
7304 3165 3942 3931 
7305 3340 3799 3543 
7306 3461 3837 3462 
7307 3726 4165 3631 
7308 3286 3460 3459 
7309 3285 3542 3339 
7310 3827 3831 3458 
7311 3188 3190 3141 
7312 3461 3462 3288 
7313 2729 2895 2731 
7314 3288 3960 3340 
7315 2749 2751 2750 
7316 3145 3146 2843 
7317 2730 3955 2926 
7318 2842 3224 3145 
7319 3191 3192 2902 
7320 3147 3225 2840 
7321 3140 3193 3191 
7322 3823 3925 3214 
7323 2925 3956 2749 
7324 2750 2896 2748 
7325 3165 3931 3140 
7326 2901 3189 3188 
7327 3340 3543 3287 
7328 2731 2732 2730 
7329 2841 3148 3147 
7330 3933 4166 3932 
7331 3932 4166 3935 
7332 3935 4166 3938 
7333 2777 3344 2841 
7334 3822 3823 3214 
7335 2749 2750 2748 
7336 2843 3174 2780 
7337 3140 3191 2902 
7338 2747 2925 2749 
7339 2730 2926 2728 
7340 3817 3827 3458 
7341 3141 3166 2849 
7342 2729 2731 2730 
7343 3218 3461 3288 
7344 3285 3339 3286 
7345 3286 3459 3215 
7346 2842 3145 2843 
7347 2901 3188 3141 
7348 3288 3340 3287 
7349 2848 3165 3140 
7350 2841 3147 2840 
7351 3629 4167 3626 
7352 4165 4167 3629 
7353 2848 3140 2902 
7354 2777 2841 2840 
7355 3457 3822 3214 
7356 2729 2730 2728 
7357 3217 3817 3458 
7358 3285 3286 3215 
7359 2747 2749 2748 
7360 3218 3288 3287 
7361 2901 3141 2849 
7362 2842 2843 2780 
7363 2848 2902 2806 
7364 3213 3285 3215 
7365 2808 2901 2849 
7366 2777 2840 2776 
7367 2854 3457 3214 
7368 2727 2729 2728 
7369 2923 3924 2779 
7370 2779 2842 2780 
7371 3218 3287 3216 
7372 3272 3928 2808 
7373 2806 3929 3271 
7374 2747 2748 2746 
7375 3217 3458 2855 
7376 3129 4170 3112 
7377 3112 4170 3114 
7378 3114 4170 3117 
7379 2718 2923 2779 
7380 2779 2780 2778 
7381 3216 3217 2855 
7382 2719 3272 2808 
7383 3213 3215 2834 
7384 2727 2728 2726 
7385 2808 2849 2807 
7386 2833 3218 3216 
7387 2854 3214 3213 
7388 2745 2747 2746 
7389 2775 2777 2776 
7390 2806 3271 2716 
7391 2776 2922 2715 
7392 2805 2848 2806 
7393 2775 2776 2715 
7394 2745 2746 2744 
7395 2854 3213 2834 
7396 2805 2806 2716 
7397 2725 2727 2726 
7398 2718 2779 2778 
7399 2833 3216 2855 
7400 2720 3921 2854 
7401 2807 3910 2717 
7402 2719 2808 2807 
7403 2714 3901 2805 
7404 3108 4175 3107 
7405 2714 2805 2716 
7406 2719 2807 2717 
7407 2833 2855 2722 
7408 2723 3926 2833 
7409 2705 2775 2715 
7410 2725 2726 2723 
7411 2720 2854 2834 
7412 2744 3833 2711 
7413 2834 3927 2721 
7414 2721 2745 2744 
7415 2718 2778 2707 
7416 3109 4172 3110 
7417 3110 4172 3129 
7418 3617 4181 3618 
7419 4176 4178 4177 
7420 2714 2716 2704 
7421 2706 2719 2717 
7422 2705 2715 2714 
7423 2717 2718 2707 
7424 2723 2833 2722 
7425 2721 2744 2711 
7426 2720 2834 2721 
7427 2713 2725 2723 
7428 3513 3723 3722 
7429 3111 4175 3108 
7430 3984 4180 2759 
7431 3205 4175 3111 
7432 4176 4177 3619 
7433 3620 4176 3619 
7434 3987 4179 3853 
7435 3853 4179 4046 
7436 2722 3922 2712 
7437 2705 2714 2704 
7438 2713 2723 2722 
7439 2706 2717 2707 
7440 2720 2721 2711 
7441 3623 4176 3620 
7442 3513 3722 3580 
7443 2759 4180 2761 
7444 3152 4180 3974 
7445 2761 4180 3152 
7446 2699 2705 2704 
7447 2713 2722 2712 
7448 2706 2707 2703 
7449 2701 3832 2713 
7450 2710 2720 2711 
7451 3513 3580 3410 
7452 3419 3535 3524 
7453 3618 4181 3621 
7454 3621 4181 3665 
7455 3529 4182 3400 
7456 3532 4182 3529 
7457 2702 2706 2703 
7458 2701 2713 2712 
7459 2699 2704 2698 
7460 2710 2711 2697 
7461 2712 3816 2700 
7462 2698 3835 3815 
7463 3512 3513 3410 
7464 3303 3518 3419 
7465 3419 3524 3304 
7466 4184 4185 3344 
7467 2696 2710 2697 
7468 2698 3815 2696 
7469 2693 2699 2698 
7470 2702 2703 2691 
7471 2701 2712 2700 
7472 3409 3512 3410 
7473 3303 3419 3304 
7474 4231 4406 3667 
7475 3813 4183 3812 
7476 4183 4184 3344 
7477 2696 2697 2692 
7478 2693 2698 2696 
7479 2700 2702 2691 
7480 2690 2701 2700 
7481 3303 3304 3179 
7482 3235 3814 3303 
7483 3409 3410 3235 
7484 3819 4188 3352 
7485 3686 4441 3807 
7486 3352 4188 3264 
7487 3324 4188 3700 
7488 3534 4186 3399 
7489 3399 4186 3528 
7490 4161 4189 4006 
7491 2690 2700 2691 
7492 2693 2696 2692 
7493 2685 3811 2693 
7494 176 4190 2871 
7495 2638 4190 177 
7496 3235 3303 3179 
7497 3169 3409 3235 
7498 316 4193 6 
7499 3264 4188 3324 
7500 295 4187 296 
7501 294 2618 295 
7502 315 2853 316 
7503 289 2615 290 
7504 291 2894 292 
7505 309 2670 310 
7506 312 2611 313 
7507 3415 4189 4161 
7508 177 4190 176 
7509 2618 4187 295 
7510 3451 3744 3417 
7511 3416 3743 3450 
7512 2662 2679 2650 
7513 2651 2665 2663 
7514 3096 3342 3094 
7515 1 4194 289 
7516 2685 2693 2692 
7517 2690 2691 2684 
7518 3169 3235 3179 
7519 3186 3274 3187 
7520 3279 4192 3347 
7521 3350 4192 3279 
7522 3595 4306 3695 
7523 3585 4237 3583 
7524 2989 4204 3003 
7525 3411 4199 3612 
7526 4170 4196 3117 
7527 4372 4471 3544 
7528 2967 4262 2965 
7529 3347 4192 3692 
7530 4242 4326 4104 
7531 3024 4244 3017 
7532 3724 4492 2623 
7533 3113 4168 3205 
7534 3115 4168 3113 
7535 4498 4601 3688 
7536 3005 3006 2999 
7537 3706 4256 3449 
7538 3003 4204 3010 
7539 289 4194 2615 
7540 3417 3604 3284 
7541 3416 3450 3254 
7542 3255 3451 3417 
7543 3117 4196 3809 
7544 4031 4151 4034 
7545 2853 4193 316 
7546 2682 2690 2684 
7547 2685 2692 2683 
7548 3169 3179 3168 
7549 3657 4201 3394 
7550 2682 4203 2690 
7551 2692 4202 2683 
7552 3780 3781 3779 
7553 297 3732 2666 
7554 3833 4202 2697 
7555 2701 4203 3832 
7556 4034 4035 4033 
7557 3078 3132 3065 
7558 3350 4201 4192 
7559 6 2619 317 
7560 288 2852 1 
7561 283 2900 284 
7562 285 2620 286 
7563 319 2899 320 
7564 321 2610 322 
7565 282 4198 283 
7566 320 4197 321 
7567 308 3792 309 
7568 3011 3014 3013 
7569 243 4208 242 
7570 3388 3810 3386 
7571 6 4193 2619 
7572 309 3792 2670 
7573 2958 4248 2957 
7574 2897 4210 240 
7575 239 4210 2654 
7576 129 4211 2898 
7577 2653 4211 130 
7578 3587 4558 3796 
7579 302 3760 2724 
7580 3588 3796 3702 
7581 2852 4194 1 
7582 3148 4369 3762 
7583 3688 4601 3007 
7584 3394 4201 3350 
7585 4261 4266 2634 
7586 3417 4219 3604 
7587 2987 3405 2989 
7588 2629 4311 4279 
7589 2837 3792 308 
7590 3583 4237 3587 
7591 2690 4203 2701 
7592 2697 4202 2692 
7593 3343 3489 3342 
7594 3138 3545 3283 
7595 3284 3544 3139 
7596 3129 4220 4170 
7597 3240 3411 3239 
7598 3019 3024 3017 
7599 2626 3456 12 
7600 3088 3259 3097 
7601 3283 3416 3254 
7602 3255 3417 3284 
7603 3405 4204 2989 
7604 283 4198 2900 
7605 321 4197 2610 
7606 2899 4197 320 
7607 3930 4478 3174 
7608 3014 3015 3013 
7609 2681 4456 3778 
7610 2680 2681 2679 
7611 2665 2676 2673 
7612 4097 4274 2664 
7613 2657 4208 243 
7614 3866 4224 3867 
7615 3840 4225 3839 
7616 4182 4227 3400 
7617 2856 4228 2735 
7618 2737 4228 2838 
7619 4189 4543 4090 
7620 240 4210 239 
7621 130 4211 129 
7622 2638 4542 3745 
7623 3760 3803 3761 
7624 3643 3757 3645 
7625 3805 3806 3569 
7626 3686 4414 3685 
7627 3007 4260 3788 
7628 3074 4214 3072 
7629 2682 2684 2680 
7630 2673 2685 2683 
7631 3082 3083 3006 
7632 3072 4214 3666 
7633 3004 3169 3168 
7634 4200 4265 2640 
7635 2685 4252 3811 
7636 3239 4223 3220 
7637 4181 4589 3086 
7638 2936 2937 2935 
7639 3625 4232 3623 
7640 4176 4232 4178 
7641 284 4212 285 
7642 4032 4293 4030 
7643 285 4212 2620 
7644 2900 4212 284 
7645 3253 4365 4230 
7646 3220 4223 3346 
7647 3393 4220 3406 
7648 3778 3780 3779 
7649 3711 4206 3421 
7650 3283 4238 3416 
7651 2837 4527 3792 
7652 3727 3767 3729 
7653 4137 4236 3784 
7654 3761 4633 2724 
7655 3247 4438 4256 
7656 4196 4220 3393 
7657 3545 4451 3283 
7658 4031 4034 4033 
7659 3259 3606 3260 
7660 3101 4214 3074 
7661 3889 4240 3892 
7662 3883 4240 3884 
7663 3857 4241 3856 
7664 2812 4242 2815 
7665 3124 3227 3126 
7666 3443 4223 3239 
7667 4016 4249 4019 
7668 2613 3758 306 
7669 3034 4345 4287 
7670 3533 4250 3565 
7671 3775 4250 3531 
7672 4023 4200 3537 
7673 3579 4366 4213 
7674 3714 4244 3655 
7675 3746 4541 3668 
7676 2972 3801 3585 
7677 3346 4223 3534 
7678 4246 4328 3222 
7679 2661 4284 3255 
7680 3254 4285 2660 
7681 3968 4407 4400 
7682 3645 3713 3705 
7683 2663 4284 2661 
7684 2660 4285 2662 
7685 3580 4243 3814 
7686 3968 4303 2637 
7687 3726 4560 2894 
7688 3416 4218 3743 
7689 3744 4219 3417 
7690 319 4229 2899 
7691 3683 4587 3712 
7692 3196 3197 3106 
7693 4274 4325 2664 
7694 4170 4220 4196 
7695 4172 4251 3129 
7696 3173 4664 3685 
7697 2985 4348 2982 
7698 3395 4254 3345 
7699 4073 4673 4071 
7700 2968 3801 2972 
7701 4208 4275 242 
7702 3015 3017 3016 
7703 3867 4224 3873 
7704 3846 4225 3840 
7705 3758 3759 2837 
7706 3002 4260 3007 
7707 3400 4227 3395 
7708 2735 4228 2737 
7709 3757 4562 3713 
7710 3057 3059 3058 
7711 2724 4633 4206 
7712 3129 4251 4220 
7713 2694 4460 3995 
7714 2616 4412 3716 
7715 3454 3716 3478 
7716 3276 4365 3253 
7717 3242 3420 3290 
7718 3138 3283 3254 
7719 3255 3284 3139 
7720 3808 4286 2853 
7721 3539 4266 4261 
7722 3690 3691 3348 
7723 331 4239 332 
7724 4014 4592 2652 
7725 318 4229 319 
7726 307 3758 2837 
7727 3778 4456 3780 
7728 3522 4216 3455 
7729 158 4270 2649 
7730 4105 4270 159 
7731 3663 3703 3683 
7732 3304 4347 4324 
7733 3004 4288 3169 
7734 3198 3261 3197 
7735 4104 4326 3435 
7736 3892 4275 4208 
7737 241 4275 2897 
7738 254 4278 253 
7739 184 4277 183 
7740 3623 4232 4176 
7741 2942 2944 2943 
7742 3492 4286 3808 
7743 311 4283 312 
7744 2672 4450 4258 
7745 3640 3642 3641 
7746 2622 3770 272 
7747 3826 4483 2645 
7748 3029 3100 3023 
7749 3794 4620 3696 
7750 2644 4482 3821 
7751 4088 4433 3568 
7752 298 3804 299 
7753 3954 4298 3916 
7754 3907 4299 3943 
7755 3017 4244 3016 
7756 301 3760 302 
7757 293 4300 294 
7758 3591 4469 3594 
7759 3296 4320 3734 
7760 4226 4289 2918 
7761 3642 3653 3641 
7762 206 4303 2868 
7763 2637 4303 207 
7764 3729 4209 3293 
7765 4147 4606 4054 
7766 195 4268 194 
7767 210 4269 209 
7768 4387 4455 3101 
7769 4054 4606 2675 
7770 3497 4583 4390 
7771 3814 4243 3518 
7772 3605 4522 3706 
7773 3437 4236 4137 
7774 3222 4328 3031 
7775 2664 4325 4096 
7776 3382 4233 4112 
7777 3508 4309 3680 
7778 3581 4309 3506 
7779 2645 4515 3826 
7780 3653 4588 3641 
7781 3747 4507 3227 
7782 325 3774 326 
7783 3131 3321 3244 
7784 4005 4571 4386 
7785 4204 4597 3010 
7786 3821 4516 2644 
7787 2830 4514 4412 
7788 4366 4635 3669 
7789 3246 4205 3154 
7790 3386 3810 3789 
7791 327 3764 328 
7792 2944 4603 2947 
7793 329 3769 330 
7794 3490 3740 3489 
7795 4355 4476 3952 
7796 3939 4475 4354 
7797 274 4245 275 
7798 3884 4240 3889 
7799 3897 4241 3857 
7800 2811 4242 2812 
7801 333 3771 334 
7802 200 4315 2623 
7803 2867 4315 201 
7804 3040 3042 3041 
7805 4182 4322 4227 
7806 4063 4243 2867 
7807 3695 4444 3696 
7808 4220 4251 3406 
7809 278 3768 2830 
7810 2920 4319 193 
7811 211 4318 2921 
7812 2642 4318 212 
7813 192 4319 2643 
7814 4198 4337 3522 
7815 2683 4284 2663 
7816 2662 4285 2682 
7817 3792 4623 2670 
7818 3304 4324 3179 
7819 3640 3989 3643 
7820 324 4310 2671 
7821 3348 4205 3246 
7822 273 3770 2802 
7823 3892 4323 3891 
7824 4071 4673 4555 
7825 4005 4327 4004 
7826 3080 4322 3103 
7827 4017 4249 4016 
7828 2617 3734 3704 
7829 2691 4329 2684 
7830 3163 3240 3239 
7831 3531 4250 3533 
7832 3049 4259 3051 
7833 3406 4251 3493 
7834 2657 4323 4208 
7835 3033 3222 3031 
7836 3232 4331 3276 
7837 2682 4285 4203 
7838 4202 4284 2683 
7839 2675 4334 4110 
7840 2658 4341 4072 
7841 3321 3421 3322 
7842 3004 3168 2949 
7843 3936 4335 3941 
7844 3958 4336 3949 
7845 3988 4338 3930 
7846 174 4341 2658 
7847 2871 4341 175 
7848 2963 3280 3201 
7849 3256 4405 3777 
7850 3628 4342 4162 
7851 3484 3485 3268 
7852 2616 4337 281 
7853 310 4343 311 
7854 2946 4418 2995 
7855 3757 4494 3024 
7856 4208 4323 3892 
7857 4085 4299 2642 
7858 2643 4298 4047 
7859 4325 4356 4096 
7860 2657 4357 4323 
7861 3802 4346 4345 
7862 4026 4200 4023 
7863 3403 4266 3539 
7864 2938 2939 2937 
7865 4224 4657 3873 
7866 3846 4658 4225 
7867 3416 4238 4218 
7868 4223 4276 3534 
7869 4199 4625 2671 
7870 3292 4339 3035 
7871 4203 4285 3450 
7872 3451 4284 4202 
7873 4260 4342 3627 
7874 3270 4354 221 
7875 148 4355 2905 
7876 3037 3292 3035 
7877 3284 4358 3544 
7878 2689 4397 4086 
7879 4048 4396 2708 
7880 3184 4353 4078 
7881 3386 3789 3384 
7882 3897 4274 4241 
7883 3008 4260 3002 
7884 4326 4384 3435 
7885 3121 3122 3120 
7886 287 4605 4178 
7887 2830 4412 279 
7888 3497 4390 3496 
7889 4227 4322 3079 
7890 3966 4407 3968 
7891 3486 3487 3485 
7892 3518 4360 3419 
7893 3118 3119 3116 
7894 3560 3778 3477 
7895 3443 4276 4223 
7896 3418 4363 3234 
7897 2921 4269 210 
7898 194 4268 2920 
7899 2662 2682 2680 
7900 2673 2683 2663 
7901 3059 3062 3061 
7902 282 4337 4198 
7903 222 4367 3270 
7904 2709 4367 223 
7905 2905 4368 147 
7906 146 4368 2688 
7907 3037 4413 3292 
7908 2841 4369 3148 
7909 3422 4221 3728 
7910 3485 4473 3268 
7911 4185 4369 3344 
7912 2662 2680 2679 
7913 2665 2673 2663 
7914 3781 4531 2778 
7915 3262 3422 3261 
7916 3276 4490 4365 
7917 359 4258 360 
7918 121 4373 120 
7919 3205 4306 4175 
7920 3490 4365 3741 
7921 2895 4374 2731 
7922 2733 4374 2856 
7923 2673 4252 2685 
7924 12 4512 271 
7925 3807 4352 3806 
7926 3748 4536 3589 
7927 3702 4651 4607 
7928 3728 4239 2801 
7929 2964 4526 2966 
7930 3640 3643 3642 
7931 2944 2947 2946 
7932 2778 4561 3781 
7933 3752 4268 3751 
7934 3967 4269 3969 
7935 291 4381 2894 
7936 2615 4381 290 
7937 3119 4235 4234 
7938 3342 4504 3094 
7939 3116 4234 3115 
7940 3219 4386 3511 
7941 3278 4386 3142 
7942 4096 4356 2904 
7943 4079 4357 2657 
7944 3038 3039 3037 
7945 2954 2955 2952 
7946 4227 4254 3395 
7947 3437 4327 4236 
7948 3042 3087 3043 
7949 4471 4566 3139 
7950 3138 4567 4470 
7951 3062 4644 3061 
7952 3777 4313 3724 
7953 3563 4388 3532 
7954 250 4389 249 
7955 3070 3076 3075 
7956 2811 4326 4242 
7957 159 4270 158 
7958 3547 4394 4138 
7959 3943 4397 3933 
7960 3946 4396 3954 
7961 4163 4300 4164 
7962 3941 4398 3940 
7963 3442 4398 3697 
7964 3699 4399 3441 
7965 3957 4399 3958 
7966 3414 4274 3897 
7967 3789 4233 3384 
7968 242 4275 241 
7969 3715 4276 3443 
7970 3383 4404 3385 
7971 3446 4405 3229 
7972 3230 4405 3256 
7973 2617 4245 3735 
7974 3330 4407 3966 
7975 3336 4407 3233 
7976 183 4277 3184 
7977 253 4278 3185 
7978 3168 4418 2949 
7979 3778 3779 3477 
7980 3775 4611 2619 
7981 4247 4594 3555 
7982 3554 4633 3555 
7983 3409 4280 3512 
7984 3507 4415 3559 
7985 3512 4376 3513 
7986 3696 4620 3593 
7987 4033 4450 4032 
7988 3802 4344 3801 
7989 3493 4286 3492 
7990 3952 4476 3269 
7991 2906 4475 3939 
7992 312 4283 2611 
7993 4101 4419 3167 
7994 4156 4419 3552 
7995 3255 4284 3451 
7996 3450 4285 3254 
7997 3409 4288 4280 
7998 14 4217 351 
7999 3544 4471 3139 
8000 3138 4470 3545 
8001 3753 4565 3607 
8002 3539 4378 3424 
8003 3169 4288 3409 
8004 2676 4252 2673 
8005 2983 4215 2987 
8006 2659 4433 163 
8007 162 4433 4088 
8008 3118 3120 3119 
8009 3679 4434 3334 
8010 3248 4434 3295 
8011 4120 4643 3433 
8012 2802 4488 4245 
8013 3555 4633 3761 
8014 2688 4435 145 
8015 224 4436 2709 
8016 4356 4383 2904 
8017 4079 4382 4357 
8018 3755 4615 3137 
8019 3916 4298 3915 
8020 3906 4299 3907 
8021 2982 4348 2980 
8022 2620 4439 4177 
8023 294 4300 2618 
8024 3135 4348 2985 
8025 3950 4336 3952 
8026 3939 4335 3937 
8027 4177 4439 3619 
8028 3616 4439 3615 
8029 2987 4215 3405 
8030 3503 4226 3501 
8031 4057 4440 4059 
8032 3552 4302 3551 
8033 4434 4555 3295 
8034 3559 4377 3505 
8035 3038 3040 3039 
8036 207 4303 206 
8037 3696 4649 3794 
8038 3759 4613 3694 
8039 3524 4347 3304 
8040 3652 4247 3803 
8041 195 4573 4268 
8042 4269 4574 209 
8043 4355 4564 4476 
8044 4475 4563 4354 
8045 3806 4660 3250 
8046 3579 4635 4366 
8047 3183 4305 3796 
8048 3414 4325 4274 
8049 2681 4637 3396 
8050 4310 4614 3715 
8051 4324 4347 3689 
8052 3102 4387 3101 
8053 3748 4575 3405 
8054 2928 4548 3799 
8055 3999 4452 4000 
8056 2645 4454 226 
8057 143 4453 2644 
8058 3797 4549 2929 
8059 3435 4384 3479 
8060 3384 4233 3382 
8061 3506 4309 3508 
8062 2885 4457 2886 
8063 3516 3517 3412 
8064 2940 2941 2939 
8065 3012 4461 3009 
8066 3104 4462 3109 
8067 3047 3081 3049 
8068 3580 4582 4243 
8069 3641 4466 3639 
8070 2929 4580 3797 
8071 3799 4579 2928 
8072 3519 4624 3521 
8073 3115 4169 4168 
8074 339 4301 340 
8075 265 4222 266 
8076 4225 4630 3839 
8077 3866 4631 4224 
8078 3396 4637 4538 
8079 3482 3709 3423 
8080 3578 4635 3579 
8081 2893 4474 2847 
8082 2915 4474 3294 
8083 3036 4287 3161 
8084 2947 2950 2949 
8085 218 4475 2906 
8086 3269 4476 186 
8087 323 4310 324 
8088 201 4315 200 
8089 3698 4483 3900 
8090 351 2640 352 
8091 365 2641 366 
8092 3563 4462 4388 
8093 2870 4382 4079 
8094 2904 4383 4095 
8095 3821 4482 3819 
8096 187 4486 3269 
8097 2708 4486 188 
8098 2906 4487 217 
8099 216 4487 2689 
8100 3824 4483 3826 
8101 4188 4482 3700 
8102 2611 4484 313 
8103 3436 4491 4058 
8104 2623 4492 199 
8105 198 4492 4102 
8106 193 4319 192 
8107 212 4318 211 
8108 2931 3251 2676 
8109 4348 4598 3661 
8110 4527 4623 3792 
8111 2950 3004 2949 
8112 3186 3187 3176 
8113 3430 4510 3429 
8114 3109 4524 4172 
8115 3079 4322 3080 
8116 2978 2991 2990 
8117 3154 4291 3122 
8118 3891 4323 3896 
8119 3691 3693 3348 
8120 3413 4325 3414 
8121 3452 4460 4078 
8122 3499 4279 3497 
8123 3785 4647 3786 
8124 2929 4515 228 
8125 227 4515 2645 
8126 4100 4326 2811 
8127 141 4516 2928 
8128 2644 4516 142 
8129 4181 4518 3665 
8130 4001 4520 3440 
8131 4004 4327 3437 
8132 3597 4455 4387 
8133 3179 4324 3168 
8134 2661 3255 3139 
8135 3138 3254 2660 
8136 3036 3161 3038 
8137 3768 4350 2830 
8138 3454 3478 3274 
8139 3412 4199 3411 
8140 2778 4531 2707 
8141 3820 4548 3821 
8142 3096 3343 3342 
8143 2703 4329 2691 
8144 4108 4535 4107 
8145 4077 4460 2694 
8146 3826 4549 3825 
8147 3034 4287 3036 
8148 3745 4542 4021 
8149 3415 4543 4189 
8150 3799 4548 3543 
8151 3005 4626 3086 
8152 4244 4494 3655 
8153 3764 4513 3765 
8154 3542 4549 3797 
8155 3671 4539 3682 
8156 179 4547 4084 
8157 2694 4547 180 
8158 4186 4546 3528 
8159 2677 4630 4225 
8160 4224 4631 2678 
8161 3465 4402 3681 
8162 3429 4403 3427 
8163 3656 4428 2614 
8164 3267 3571 3483 
8165 7 4556 184 
8166 9 4557 254 
8167 115 4556 7 
8168 150 4557 9 
8169 3087 4213 3721 
8170 4164 4560 3635 
8171 3633 4560 3726 
8172 4371 4448 4359 
8173 3522 4495 4198 
8174 2780 4561 2778 
8175 3426 4670 3425 
8176 3456 4512 12 
8177 3489 4417 3791 
8178 2870 4421 4382 
8179 4383 4422 4095 
8180 3251 4252 2676 
8181 2667 4573 196 
8182 208 4574 2637 
8183 3514 4662 3701 
8184 3240 3412 3411 
8185 2928 4579 140 
8186 229 4580 2929 
8187 2724 3711 303 
8188 232 4657 2678 
8189 2677 4658 137 
8190 3081 4517 4253 
8191 3256 4331 3232 
8192 4192 4570 3692 
8193 3408 4647 3785 
8194 3385 4647 3387 
8195 3917 4646 3962 
8196 3909 4645 3908 
8197 2652 4592 167 
8198 166 4592 2866 
8199 2979 4267 3136 
8200 3960 4630 3800 
8201 3798 4631 3959 
8202 4243 4582 2867 
8203 138 4599 2677 
8204 2678 4600 231 
8205 4268 4573 3751 
8206 3967 4574 4269 
8207 4110 4334 4017 
8208 4167 4432 3625 
8209 3801 4344 3585 
8210 3030 3341 3032 
8211 3937 4335 3936 
8212 3949 4336 3950 
8213 280 4412 2616 
8214 4384 4446 3479 
8215 3453 4338 3988 
8216 3685 4664 3676 
8217 3029 4328 3100 
8218 3259 3260 3097 
8219 175 4341 174 
8220 3517 4199 3412 
8221 3503 4377 4226 
8222 4186 4509 4197 
8223 3627 4342 3628 
8224 4323 4357 3896 
8225 2974 3172 2971 
8226 3413 4356 4325 
8227 281 4337 282 
8228 358 2672 359 
8229 4447 4586 3052 
8230 4322 4388 3103 
8231 4342 4461 4162 
8232 3011 4607 3014 
8233 3444 4430 3241 
8234 2963 3201 2961 
8235 3526 3795 3291 
8236 3709 4221 3423 
8237 266 2686 267 
8238 338 2687 339 
8239 3243 3391 3130 
8240 364 4263 365 
8241 352 4265 353 
8242 2670 4343 310 
8243 357 4257 358 
8244 363 2910 364 
8245 353 2909 354 
8246 10 4563 219 
8247 220 4563 10 
8248 8 4564 149 
8249 185 4564 8 
8250 3559 4415 4222 
8251 3007 4601 2988 
8252 3022 3302 3028 
8253 255 2636 256 
8254 349 2635 350 
8255 3076 3099 3098 
8256 3520 4495 3522 
8257 3804 4500 3649 
8258 4177 4605 2620 
8259 3693 4205 3348 
8260 2942 2943 2941 
8261 3765 3766 2612 
8262 3689 4347 3418 
8263 2678 4657 4224 
8264 4225 4658 2677 
8265 2620 4605 286 
8266 2619 4611 317 
8267 2610 4614 322 
8268 4089 4421 2870 
8269 4095 4422 2648 
8270 2622 4508 3770 
8271 4163 4466 4300 
8272 3098 4364 3163 
8273 3401 4266 3403 
8274 11 4255 255 
8275 341 2634 342 
8276 263 2633 264 
8277 2991 2993 2992 
8278 3014 4305 3015 
8279 3521 4572 3614 
8280 4055 4669 3525 
8281 3740 4417 3489 
8282 3196 3198 3197 
8283 3611 4665 3610 
8284 3673 4366 3670 
8285 4419 4604 3552 
8286 3289 3444 3241 
8287 4019 4525 4122 
8288 279 4412 280 
8289 4198 4495 2900 
8290 3392 3603 3391 
8291 4222 4415 2686 
8292 3119 4234 3116 
8293 3607 4508 3606 
8294 340 4261 341 
8295 4100 4384 4326 
8296 221 4354 220 
8297 149 4355 148 
8298 3535 4385 3524 
8299 3343 3490 3489 
8300 356 4292 357 
8301 360 4294 361 
8302 354 4297 355 
8303 362 4296 363 
8304 3420 4320 3290 
8305 366 4502 11 
8306 3646 3647 3644 
8307 3023 4393 3021 
8308 3099 4473 4364 
8309 3896 4357 3469 
8310 3991 4356 3413 
8311 3604 4358 3284 
8312 3018 3183 3020 
8313 361 2632 362 
8314 355 2631 356 
8315 4479 4672 4330 
8316 3829 4576 3012 
8317 3678 4652 4584 
8318 3125 3155 3123 
8319 2614 3803 3760 
8320 3684 4641 3746 
8321 3163 4364 3240 
8322 3747 4613 3719 
8323 3598 4455 3597 
8324 3033 4339 3222 
8325 4300 4466 2618 
8326 2684 4456 2680 
8327 2667 4477 3749 
8328 4340 4550 3566 
8329 3015 3018 3017 
8330 3008 4342 4260 
8331 4331 4376 3512 
8332 4089 4445 4421 
8333 3100 4393 3023 
8334 3419 4360 3535 
8335 3083 3084 3006 
8336 4205 4291 3154 
8337 2959 4619 3663 
8338 3234 4363 3336 
8339 3648 3649 3647 
8340 2999 3135 2985 
8341 268 3327 269 
8342 336 3326 337 
8343 3077 3173 3105 
8344 3972 4670 3604 
8345 267 4271 268 
8346 337 4273 338 
8347 3321 3322 3244 
8348 4301 4378 3539 
8349 3779 4478 3477 
8350 3137 4615 3083 
8351 4243 4608 3518 
8352 3132 4420 3763 
8353 2993 2996 2994 
8354 347 2917 348 
8355 257 2916 258 
8356 223 4367 222 
8357 147 4368 146 
8358 348 4281 349 
8359 256 4282 257 
8360 3479 4446 3494 
8361 3344 4369 2841 
8362 318 4611 4229 
8363 122 4463 121 
8364 3991 4383 4356 
8365 4357 4382 3469 
8366 4172 4380 4251 
8367 4299 4610 2642 
8368 2643 4609 4298 
8369 3095 3277 3236 
8370 3089 3090 3027 
8371 3205 4444 4306 
8372 342 4290 343 
8373 262 4289 263 
8374 3669 4333 2945 
8375 4063 4608 4243 
8376 4189 4537 4006 
8377 261 2918 262 
8378 343 2919 344 
8379 2649 4537 4189 
8380 3427 4403 3679 
8381 4062 4402 3465 
8382 3513 4376 3723 
8383 3182 4351 3805 
8384 3198 3262 3261 
8385 3741 3742 2955 
8386 3396 4621 3756 
8387 270 2625 12 
8388 13 2627 335 
8389 3107 4387 3102 
8390 2724 4206 3711 
8391 3484 3486 3485 
8392 3794 4649 3739 
8393 2686 4415 4272 
8394 3781 4561 3779 
8395 2944 2946 2943 
8396 3692 4570 4283 
8397 3175 3556 3084 
8398 120 4373 2674 
8399 3803 4428 3652 
8400 3274 4332 3187 
8401 2639 4445 4089 
8402 3277 3477 3476 
8403 3774 4591 2829 
8404 2731 4374 2733 
8405 3099 4364 3098 
8406 2661 3139 2647 
8407 2646 3138 2660 
8408 3083 3085 3084 
8409 4584 4652 4043 
8410 3736 3787 3527 
8411 3650 3656 3649 
8412 3625 4432 4232 
8413 3694 4613 4195 
8414 3030 4391 3341 
8415 335 4308 336 
8416 269 4307 270 
8417 3566 3567 3280 
8418 3420 4465 4320 
8419 4462 4524 3109 
8420 258 4311 259 
8421 346 4312 347 
8422 3091 3092 3090 
8423 2996 3000 2997 
8424 4359 4522 3172 
8425 344 4316 345 
8426 260 4317 261 
8427 4122 4525 4121 
8428 4062 4671 4402 
8429 2651 4590 2665 
8430 3053 3063 3055 
8431 3791 4504 3342 
8432 3081 4259 3049 
8433 345 2630 346 
8434 259 2629 260 
8435 2954 4627 2955 
8436 2921 4645 4269 
8437 4268 4646 2920 
8438 2978 2990 2976 
8439 2652 4510 4013 
8440 3687 4664 4642 
8441 2950 4485 3004 
8442 290 4381 291 
8443 3469 4382 3445 
8444 3992 4383 3991 
8445 3534 4509 4186 
8446 2869 4384 4100 
8447 3155 4395 3123 
8448 3024 4494 4244 
8449 3172 4522 4262 
8450 2801 4239 331 
8451 3643 3644 3642 
8452 2651 2663 2661 
8453 2660 2662 2650 
8454 3115 4234 4169 
8455 3006 4321 2999 
8456 3954 4655 4298 
8457 4299 4654 3943 
8458 3795 4401 3291 
8459 3001 3223 2997 
8460 2930 4519 3608 
8461 3091 3160 3093 
8462 3689 4418 4324 
8463 3142 4386 3219 
8464 3045 4304 3047 
8465 3391 4443 3130 
8466 4358 4670 3426 
8467 4067 4510 2652 
8468 3122 4291 3124 
8469 4269 4645 3969 
8470 3752 4646 4268 
8471 2666 4500 3804 
8472 3486 3488 3487 
8473 4230 4365 3490 
8474 3293 4622 3783 
8475 4237 4558 3587 
8476 2935 3206 2933 
8477 2641 4629 4233 
8478 4017 4669 4249 
8479 4446 4496 3494 
8480 3000 3026 3001 
8481 3093 3094 3092 
8482 3532 4388 4182 
8483 3766 3769 2612 
8484 264 4392 265 
8485 4302 4604 4072 
8486 3018 3019 3017 
8487 3262 3423 3422 
8488 3735 3736 3527 
8489 2695 4389 250 
8490 4364 4473 3491 
8491 3064 3065 3062 
8492 3423 4221 3422 
8493 3022 4410 3302 
8494 4495 4668 2900 
8495 2947 2949 2946 
8496 249 4493 248 
8497 3673 4585 4366 
8498 2996 4424 3000 
8499 3648 3651 3650 
8500 4382 4421 3445 
8501 3992 4422 4383 
8502 4138 4394 3538 
8503 3267 4429 3571 
8504 3990 4396 3946 
8505 3933 4397 4166 
8506 3940 4398 3442 
8507 3441 4399 3957 
8508 4178 4605 4177 
8509 4402 4671 2659 
8510 3691 3694 3693 
8511 4167 4593 4432 
8512 3067 4458 3046 
8513 4298 4609 3915 
8514 3906 4610 4299 
8515 3643 3645 3644 
8516 3606 4379 3260 
8517 3122 3124 3123 
8518 3085 3176 3175 
8519 3026 3088 3027 
8520 3101 4455 4214 
8521 3122 3123 3120 
8522 4277 4353 3184 
8523 3095 3096 3094 
8524 4058 4491 4373 
8525 4074 4402 2659 
8526 2668 4403 4098 
8527 4232 4432 2852 
8528 4350 4465 3420 
8529 3550 4404 3383 
8530 3229 4405 3230 
8531 4295 4632 4036 
8532 3516 3549 3517 
8533 2628 2651 2647 
8534 2646 2650 2626 
8535 3392 3611 3610 
8536 3233 4407 3330 
8537 2614 4428 3803 
8538 2994 3247 2992 
8539 3012 4576 4461 
8540 3525 4669 4334 
8541 3077 3078 3065 
8542 2671 3774 325 
8543 2703 4531 4329 
8544 4304 4517 3081 
8545 3651 4246 3652 
8546 4182 4388 4322 
8547 3482 3710 3709 
8548 3509 4415 3507 
8549 3088 3097 3089 
8550 3541 4416 4014 
8551 2986 4498 2984 
8552 4291 4437 3227 
8553 4069 4555 4434 
8554 2869 4446 4384 
8555 3590 4575 3748 
8556 3167 4419 4156 
8557 4233 4629 4112 
8558 3240 3491 3412 
8559 3105 3106 3078 
8560 3445 4421 3439 
8561 4059 4422 3992 
8562 4119 4661 2893 
8563 3551 4559 3745 
8564 3187 3242 3241 
8565 3745 4559 4190 
8566 4389 4520 4001 
8567 4259 4370 3051 
8568 3008 4461 4342 
8569 3571 3763 3483 
8570 3124 3126 3125 
8571 3424 4378 3426 
8572 4245 4488 3735 
8573 2615 4593 4165 
8574 3020 3021 3019 
8575 3645 3705 3646 
8576 3195 3196 3106 
8577 4251 4380 3493 
8578 3040 3177 3042 
8579 3701 4662 4457 
8580 3566 4550 3567 
8581 2991 2992 2990 
8582 4036 4632 4450 
8583 3137 4624 3755 
8584 3642 4362 3653 
8585 3521 4624 4501 
8586 3068 4429 3070 
8587 323 4614 4310 
8588 3126 3128 3127 
8589 3242 3290 3289 
8590 2648 4463 122 
8591 3022 3023 3021 
8592 4313 4477 4102 
8593 3494 4496 4042 
8594 3260 3562 3561 
8595 3772 4626 2998 
8596 4168 4444 3205 
8597 3243 3392 3391 
8598 4388 4462 3103 
8599 2939 3134 2937 
8600 4362 4500 4499 
8601 13 2628 2627 
8602 2625 2626 12 
8603 3128 3131 3130 
8604 3713 4393 3705 
8605 3290 3296 3291 
8606 3059 3064 3062 
8607 3028 3029 3023 
8608 4102 4477 2667 
8609 163 4433 162 
8610 3793 4628 3684 
8611 3600 4539 3671 
8612 3487 4568 3485 
8613 11 4502 3789 
8614 4421 4445 3439 
8615 3647 4362 3644 
8616 3334 4434 3248 
8617 3426 4378 4372 
8618 3262 3481 3423 
8619 3267 3268 3099 
8620 2829 4513 3764 
8621 3131 3244 3243 
8622 3030 3031 3029 
8623 3296 3527 3526 
8624 145 4435 144 
8625 225 4436 224 
8626 3018 4305 3183 
8627 4280 4490 3276 
8628 2993 2994 2992 
8629 3055 4361 3057 
8630 3478 4332 3274 
8631 3646 3648 3647 
8632 4272 4415 3509 
8633 2852 4432 4194 
8634 3032 3033 3031 
8635 4332 4636 3420 
8636 3392 3610 3603 
8637 2687 4378 4301 
8638 3047 4304 3081 
8639 248 4493 2639 
8640 3754 4459 3025 
8641 2946 2995 2943 
8642 3483 3484 3268 
8643 3034 3035 3033 
8644 3694 4195 3693 
8645 3070 4429 3076 
8646 3187 3241 3176 
8647 3619 4439 3616 
8648 3795 4424 3025 
8649 3484 3602 3486 
8650 3343 4230 3490 
8651 3076 3267 3099 
8652 3087 4231 4213 
8653 3322 3554 3553 
8654 3036 3037 3035 
8655 3322 3553 3244 
8656 3260 3561 3097 
8657 4058 4440 4057 
8658 3196 3250 3198 
8659 4279 4583 3497 
8660 4380 4480 3493 
8661 3277 3476 3236 
8662 3648 3650 3649 
8663 2666 3804 298 
8664 3541 4464 4416 
8665 2996 2997 2994 
8666 3770 4489 2802 
8667 3187 4332 3242 
8668 3089 3091 3090 
8669 4344 4554 3585 
8670 2614 3760 301 
8671 3505 4377 3503 
8672 3481 4351 3482 
8673 4298 4655 4047 
8674 4085 4654 4299 
8675 4642 4664 3173 
8676 3175 3557 3556 
8677 3077 4642 3173 
8678 4345 4346 4287 
8679 3439 4445 3999 
8680 4099 4446 2869 
8681 3491 3516 3412 
8682 3095 4427 3277 
8683 3653 4499 3732 
8684 4491 4523 2674 
8685 3091 3093 3092 
8686 4435 4453 144 
8687 225 4454 4436 
8688 3000 3001 2997 
8689 3085 3175 3084 
8690 4200 4467 4265 
8691 4349 4387 3107 
8692 4496 4553 4042 
8693 3086 4626 4518 
8694 2829 3764 327 
8695 2612 3769 329 
8696 275 4245 2617 
8697 3661 4598 4207 
8698 3481 3482 3423 
8699 3524 4385 4363 
8700 2621 3771 333 
8701 3704 4465 3768 
8702 3093 3095 3094 
8703 3026 3027 3001 
8704 3018 3020 3019 
8705 3064 3077 3065 
8706 4036 4450 4033 
8707 3651 3652 3650 
8708 3645 3646 3644 
8709 3124 3125 3123 
8710 2646 4567 3138 
8711 3139 4566 2647 
8712 3088 3089 3027 
8713 3095 3236 3096 
8714 2651 2661 2647 
8715 2646 2660 2650 
8716 3036 3038 3037 
8717 3267 3483 3268 
8718 3034 3036 3035 
8719 3077 3105 3078 
8720 4246 4247 3652 
8721 3032 3034 3033 
8722 3562 4330 3561 
8723 3242 3289 3241 
8724 3527 3787 3526 
8725 3030 3032 3031 
8726 3105 3195 3106 
8727 3989 4494 3757 
8728 2931 4375 3251 
8729 3296 3526 3291 
8730 3028 3030 3029 
8731 3020 3022 3021 
8732 3126 3127 3125 
8733 3131 3243 3130 
8734 3290 3291 3289 
8735 3593 4447 3060 
8736 3022 3028 3023 
8737 3128 3130 3127 
8738 4054 4543 4147 
8739 3546 4542 4084 
8740 2917 4641 4628 
8741 4078 4460 4077 
8742 4090 4543 4054 
8743 4084 4542 2638 
8744 4503 4504 3791 
8745 4425 4534 3651 
8746 4053 4659 2838 
8747 3719 4613 3759 
8748 4258 4294 360 
8749 3795 4481 4424 
8750 2955 4485 2952 
8751 2674 4523 4109 
8752 3031 4328 3029 
8753 3290 4320 3296 
8754 3515 4451 3509 
8755 3749 4477 3446 
8756 2610 4509 4276 
8757 4000 4452 4001 
8758 144 4453 143 
8759 226 4454 225 
8760 4365 4490 3741 
8761 3256 4376 4331 
8762 3796 4651 3702 
8763 2886 4457 2890 
8764 351 4217 2640 
8765 3655 4494 3989 
8766 3732 4499 2666 
8767 4073 4604 4419 
8768 2853 4505 4193 
8769 2956 4619 2959 
8770 3556 4321 3084 
8771 3161 4314 3038 
8772 3995 4460 3452 
8773 4246 4534 4328 
8774 4193 4569 2619 
8775 3009 4461 3008 
8776 3103 4462 3104 
8777 4306 4444 3695 
8778 3597 4387 4349 
8779 4523 4552 4109 
8780 3280 4503 3201 
8781 4099 4496 4446 
8782 3015 4305 3018 
8783 4504 4663 3094 
8784 2695 4551 4520 
8785 3540 4464 3541 
8786 2640 4265 352 
8787 365 4263 2641 
8788 3647 4500 4362 
8789 3639 4466 4163 
8790 4229 4546 2899 
8791 3755 4624 3519 
8792 3790 4501 3137 
8793 3240 4364 3491 
8794 3051 4370 3053 
8795 3035 4339 3033 
8796 4042 4553 3510 
8797 3943 4654 4397 
8798 4396 4655 3954 
8799 2976 4371 2974 
8800 3712 4653 3662 
8801 4209 4622 3293 
8802 2974 4371 3172 
8803 4346 4587 4287 
8804 3585 4554 4237 
8805 3185 4667 4080 
8806 2847 4474 2915 
8807 4256 4438 3223 
8808 3091 4426 3160 
8809 3649 4500 3647 
8810 3223 4438 2997 
8811 4080 4551 2695 
8812 4109 4552 2903 
8813 4121 4525 3316 
8814 219 4475 218 
8815 186 4476 185 
8816 3537 4648 3536 
8817 4007 4612 2885 
8818 3025 4424 2996 
8819 2933 4375 2931 
8820 3467 4612 4007 
8821 3294 4571 4005 
8822 2999 4321 3135 
8823 2672 4258 359 
8824 4528 4664 3687 
8825 2910 4263 364 
8826 353 4265 2909 
8827 3786 4577 2831 
8828 4443 4533 3127 
8829 3641 4588 4466 
8830 4363 4385 3336 
8831 4330 4538 4479 
8832 357 4292 4257 
8833 3084 4321 3006 
8834 2909 4297 354 
8835 363 4296 2910 
8836 3900 4483 3824 
8837 3819 4482 4188 
8838 3120 4395 3119 
8839 313 4484 314 
8840 4501 4572 3521 
8841 188 4486 187 
8842 217 4487 216 
8843 2998 4626 3005 
8844 4312 4641 2917 
8845 2628 2647 2627 
8846 2625 2646 2626 
8847 4552 4584 2903 
8848 3558 4491 3436 
8849 199 4492 198 
8850 4432 4593 4194 
8851 3092 4550 3090 
8852 4352 4596 3806 
8853 3613 4495 3520 
8854 3119 4395 4235 
8855 3302 4391 3028 
8856 4553 4602 3510 
8857 2631 4292 356 
8858 361 4294 2632 
8859 2632 4296 362 
8860 355 4297 2631 
8861 3565 4505 4480 
8862 3540 4529 4464 
8863 3530 4546 4229 
8864 2803 4496 4099 
8865 4019 4497 4018 
8866 4165 4593 4167 
8867 3038 4314 3040 
8868 3126 4507 3128 
8869 4282 4468 4390 
8870 4324 4418 3168 
8871 2910 4264 4263 
8872 2890 4662 3784 
8873 3648 4425 3651 
8874 3021 4562 3019 
8875 2622 4595 4508 
8876 2640 4648 4200 
8877 3742 4485 2955 
8878 3807 4441 4352 
8879 2619 4569 4250 
8880 2903 4584 4043 
8881 3680 4578 3515 
8882 3289 4401 3444 
8883 3805 4660 3806 
8884 4006 4537 3548 
8885 2686 4272 4271 
8886 3558 4523 4491 
8887 3550 4661 4404 
8888 4013 4510 3430 
8889 3260 4379 3562 
8890 3485 4634 4473 
8891 2900 4668 4212 
8892 3096 4411 3343 
8893 4350 4514 2830 
8894 4237 4554 3302 
8895 358 4257 2672 
8896 2680 4456 2681 
8897 3178 4481 3787 
8898 3778 4637 2681 
8899 228 4515 227 
8900 4512 4595 2622 
8901 142 4516 141 
8902 3665 4518 3772 
8903 3440 4520 3575 
8904 3183 4410 3020 
8905 255 4255 2636 
8906 3392 4423 3611 
8907 3076 4429 3267 
8908 3676 4528 4449 
8909 2636 4468 4282 
8910 2803 4553 4496 
8911 254 4557 4278 
8912 184 4556 4277 
8913 3789 4502 4233 
8914 3565 4569 4505 
8915 2642 4610 4318 
8916 4319 4609 2643 
8917 4115 4523 3558 
8918 3063 4361 3055 
8919 4197 4509 2610 
8920 3510 4602 4118 
8921 2937 4409 2935 
8922 4249 4525 4019 
8923 2686 4271 267 
8924 338 4273 2687 
8925 2631 4293 4292 
8926 4294 4295 2632 
8927 3057 4408 3059 
8928 3564 4524 3563 
8929 4385 4400 3336 
8930 4248 4417 2957 
8931 341 4261 2634 
8932 3518 4608 4360 
8933 4212 4668 3615 
8934 4206 4633 3554 
8935 2687 4301 339 
8936 266 4222 2686 
8937 3701 4529 3540 
8938 3496 4468 4120 
8939 3090 4550 4340 
8940 2636 4282 256 
8941 349 4281 2635 
8942 3247 4448 2992 
8943 2707 4531 2703 
8944 3173 4414 3105 
8945 4233 4502 2641 
8946 3703 4639 3683 
8947 3316 4525 4249 
8948 3806 4596 3569 
8949 4520 4551 3575 
8950 3094 4663 3092 
8951 2634 4290 342 
8952 263 4289 2633 
8953 4200 4648 3537 
8954 4115 4552 4523 
8955 4270 4537 2649 
8956 3644 4362 3642 
8957 4107 4535 3550 
8958 3042 4406 3087 
8959 4267 4536 3136 
8960 4286 4505 2853 
8961 4021 4542 3546 
8962 4147 4543 3415 
8963 2952 4485 2950 
8964 4282 4390 2916 
8965 4602 4659 4118 
8966 3543 4548 3820 
8967 3123 4395 3120 
8968 4489 4508 3607 
8969 268 4271 3327 
8970 3326 4273 337 
8971 3825 4549 3542 
8972 3528 4546 3530 
8973 4469 4540 3598 
8974 180 4547 179 
8975 2867 4582 4315 
8976 3613 4668 4495 
8977 3651 4534 4246 
8978 2917 4281 348 
8979 257 4282 2916 
8980 3053 4370 3063 
8981 3575 4551 4122 
8982 3677 4552 4115 
8983 4106 4553 2803 
8984 3327 4307 269 
8985 336 4308 3326 
8986 2918 4289 262 
8987 343 4290 2919 
8988 2990 4371 2976 
8989 2916 4311 258 
8990 347 4312 2917 
8991 261 4317 2918 
8992 2919 4316 344 
8993 3594 4469 3598 
8994 3525 4606 4147 
8995 340 4301 4261 
8996 4404 4661 4577 
8997 3614 4572 3617 
8998 2633 4392 264 
8999 3447 4556 115 
9000 3448 4557 150 
9001 4190 4559 2871 
9002 259 4311 2629 
9003 2630 4312 346 
9004 2669 4618 4105 
9005 3635 4560 3633 
9006 2659 4671 4433 
9007 2629 4317 260 
9008 345 4316 2630 
9009 3227 4437 4195 
9010 3515 4578 4238 
9011 3677 4584 4552 
9012 3174 4561 2780 
9013 3040 4314 3177 
9014 4373 4491 2674 
9015 2611 4570 4201 
9016 4431 4581 3557 
9017 3617 4589 4181 
9018 4250 4569 3565 
9019 3206 4375 2933 
9020 4287 4587 3161 
9021 3236 4411 3096 
9022 3511 4571 4108 
9023 4026 4467 4200 
9024 4118 4659 4053 
9025 196 4573 195 
9026 209 4574 208 
9027 4201 4570 4192 
9028 4162 4576 3654 
9029 2627 4308 335 
9030 270 4307 2625 
9031 4106 4602 4553 
9032 2831 4577 4119 
9033 140 4579 139 
9034 230 4580 229 
9035 3722 4582 3580 
9036 2988 4601 2986 
9037 3549 4591 3517 
9038 3547 4618 4394 
9039 3484 4420 3602 
9040 3493 4480 4286 
9041 3678 4584 3677 
9042 4276 4509 3534 
9043 3650 4428 3656 
9044 3553 4423 3244 
9045 265 4392 4222 
9046 2935 4409 3206 
9047 3526 4481 3795 
9048 3561 4426 3097 
9049 3563 4524 4462 
9050 3086 4589 3790 
9051 3241 4430 3176 
9052 4579 4599 139 
9053 230 4600 4580 
9054 2618 4588 4187 
9055 3160 4427 3093 
9056 3068 4644 4429 
9057 2986 4601 4498 
9058 2995 4640 2943 
9059 3708 4533 4443 
9060 2675 4606 4334 
9061 167 4592 166 
9062 3010 4607 3011 
9063 4194 4593 2615 
9064 4195 4437 3693 
9065 3446 4477 4313 
9066 4305 4651 3796 
9067 139 4599 138 
9068 231 4600 230 
9069 4072 4604 4073 
9070 4087 4602 4106 
9071 3405 4575 4204 
9072 3028 4391 3030 
9073 4572 4589 3617 
9074 3560 4637 3778 
9075 2624 4608 4063 
9076 3908 4610 3906 
9077 3915 4609 3917 
9078 3343 4411 4230 
9079 3262 4442 3481 
9080 3548 4537 4270 
9081 3676 4664 4528 
9082 3061 4644 3068 
9083 286 4605 287 
9084 3768 4465 4350 
9085 4311 4583 4279 
9086 3176 4430 3175 
9087 3291 4401 3289 
9088 4087 4659 4602 
9089 317 4611 318 
9090 3968 4656 4303 
9091 3097 4426 3089 
9092 4440 4463 2648 
9093 3790 4589 4572 
9094 2871 4559 4302 
9095 4302 4559 3551 
9096 4370 4449 3063 
9097 4303 4656 2868 
9098 322 4614 323 
9099 3839 4630 3960 
9100 3959 4631 3866 
9101 3552 4604 4302 
9102 2893 4661 4535 
9103 3536 4650 4082 
9104 4328 4534 3100 
9105 3969 4645 3909 
9106 3962 4646 3752 
9107 3387 4647 3408 
9108 3020 4410 3022 
9109 4043 4652 3447 
9110 4361 4408 3057 
9111 4086 4654 4085 
9112 4047 4655 4048 
9113 233 4657 232 
9114 137 4658 136 
9115 3177 4406 3042 
9116 2838 4659 4087 
9117 3705 4425 3646 
9118 3784 4662 3514 
9119 3615 4668 3613 
9120 3425 4670 3972 
9121 3568 4671 4062 
9122 3295 4673 4101 
9123 3244 4423 3243 
9124 3134 4409 2937 
9125 3787 4481 3526 
9126 3059 4408 3064 
9127 3483 4420 3484 
9128 3130 4443 3127 
9129 3693 4437 4205 
9130 3087 4406 4231 
9131 3105 4414 3195 
9132 3268 4473 3099 
9133 2994 4438 3247 
9134 3227 4507 3126 
9135 3604 4670 4358 
9136 3196 4617 3250 
9137 4359 4448 3247 
9138 2695 4520 4389 
9139 4417 4627 2957 
9140 4277 4556 3447 
9141 4278 4557 3448 
9142 4461 4576 4162 
9143 3477 4478 3476 
9144 3716 4514 3478 
9145 3567 4503 3280 
9146 3576 4603 3578 
9147 3561 4672 4426 
9148 3763 4420 3483 
9149 4205 4437 4291 
9150 3602 4622 4209 
9151 3243 4423 3392 
9152 4195 4613 3747 
9153 3735 4488 3736 
9154 3691 4623 4527 
9155 271 4512 2622 
9156 2639 4493 4452 
9157 4213 4585 3721 
9158 2966 4526 2969 
9159 3690 4623 3691 
9160 3198 4442 3262 
9161 3160 4479 4427 
9162 4517 4585 3673 
9163 3652 4428 3650 
9164 4429 4644 3571 
9165 3093 4427 3095 
9166 3646 4425 3648 
9167 3089 4426 3091 
9168 3083 4615 3085 
9169 3175 4430 3557 
9170 2957 4627 2954 
9171 3019 4562 3024 
9172 3741 4490 3742 
9173 3482 4544 3710 
9174 4318 4610 3908 
9175 3917 4609 4319 
9176 4283 4570 2611 
9177 3127 4533 3125 
9178 3687 4408 4361 
9179 2997 4438 2994 
9180 3250 4442 3198 
9181 4426 4672 3160 
9182 3736 4565 3787 
9183 4265 4467 2909 
9184 4379 4472 3562 
9185 3327 4470 4307 
9186 4308 4471 3326 
9187 3691 4527 3694 
9188 4048 4655 4396 
9189 4397 4654 4086 
9190 3491 4634 3516 
9191 4222 4392 3559 
9192 4314 4639 3703 
9193 4339 4594 3222 
9194 4353 4652 3678 
9195 4058 4463 4440 
9196 3555 4594 4339 
9197 3740 4627 4417 
9198 2992 4448 2990 
9199 4315 4582 3722 
9200 3562 4621 4330 
9201 4400 4656 3968 
9202 3125 4533 3155 
9203 3444 4459 4431 
9204 3536 4648 4217 
9205 3535 4511 4385 
9206 3770 4508 4489 
9207 4351 4544 3482 
9208 4404 4577 3786 
9209 2939 4666 3134 
9210 4334 4606 3525 
9211 4360 4608 2624 
9212 2641 4502 366 
9213 4385 4511 4400 
9214 4261 4301 3539 
9215 2964 4653 4526 
9216 3669 4635 4333 
9217 3586 4536 4267 
9218 4080 4667 4551 
9219 4499 4500 2666 
9220 2802 4489 4488 
9221 2868 4656 4511 
9222 3516 4568 3549 
9223 4497 4667 3185 
9224 3567 4504 4503 
9225 4508 4595 3606 
9226 4473 4634 3491 
9227 2990 4448 4371 
9228 4207 4581 3338 
9229 4112 4629 4264 
9230 2910 4521 4264 
9231 4272 4532 4271 
9232 4354 4563 220 
9233 149 4564 4355 
9234 4401 4459 3444 
9235 4452 4493 4001 
9236 4591 4625 3517 
9237 3420 4636 4350 
9238 4449 4528 3063 
9239 4362 4499 3653 
9240 3014 4651 4305 
9241 3606 4595 4379 
9242 4431 4459 3754 
9243 3609 4540 4469 
9244 4295 4506 2632 
9245 3160 4672 4479 
9246 4529 4612 3467 
9247 3302 4554 4391 
9248 3706 4522 4359 
9249 4480 4505 4286 
9250 2632 4506 4296 
9251 4390 4583 2916 
9252 4394 4618 2669 
9253 3523 4545 4519 
9254 3135 4598 4348 
9255 3774 4625 4591 
9256 4466 4588 2618 
9257 4408 4642 3064 
9258 3183 4558 4410 
9259 3687 4642 4408 
9260 4334 4669 4017 
9261 3161 4639 4314 
9262 4628 4641 3684 
9263 4316 4541 2630 
9264 4551 4667 4122 
9265 4505 4569 4193 
9266 4264 4629 4263 
9267 3195 4617 3196 
9268 4296 4521 2910 
9269 4330 4621 3396 
9270 4555 4673 3295 
9271 4390 4468 3496 
9272 2647 4566 2627 
9273 2625 4567 2646 
9274 4544 4545 3710 
9275 3064 4642 3077 
9276 3517 4625 4199 
9277 4330 4672 3561 
9278 4568 4634 3485 
9279 2941 4666 2939 
9280 4294 4632 4295 
9281 3396 4538 4330 
9282 4361 4528 3687 
9283 3478 4636 4332 
9284 2671 4625 3774 
9285 4514 4636 3478 
9286 3063 4528 4361 
9287 4467 4638 2909 
9288 3593 4620 4447 
9289 219 4563 4475 
9290 4476 4564 185 
9291 4271 4532 3327 
9292 4433 4671 3568 
9293 4308 4566 4471 
9294 4470 4567 4307 
9295 4519 4545 3608 
9296 4333 4635 3578 
9297 2943 4640 2941 
9298 3327 4532 4470 
9299 4457 4662 2890 
9300 4447 4620 3596 
9301 4511 4656 4400 
9302 4350 4636 4514 
9303 2948 4596 4352 
9304 3790 4572 4501 
9305 3596 4586 4447 
9306 4587 4639 3161 
9307 4307 4567 2625 
9308 2627 4566 4308 
9309 2916 4583 4311 
9310 14 4650 4217 
9311 4519 4590 3523 
9312 4263 4629 2641 
9313 4258 4632 4294 
9314 4479 4538 3560 
9315 4501 4624 3137 
9316 4472 4621 3562 
9317 4506 4521 4296 
9318 2909 4638 4297 
9319 4217 4648 2640 
9320 3516 4634 4568 
9321 4470 4532 3545 
9322 4217 4650 3536 
9323 3683 4639 4587 
9324 4597 4607 3010 
9325 4255 4643 2636 
9326 3701 4612 4529 
9327 2917 4628 4281 
9328 4518 4626 3772 
9329 2636 4643 4468 
9330 4526 4653 3712 
9331 3702 4607 4597 
9332 3250 4660 4442 
9333 4538 4637 3560 
9334 3567 4663 4504 
9335 4039 4521 4506 
9336 3608 4545 4544 
9337 4577 4661 4119 
9338 3756 4621 4472 
9339 4640 4666 2941 
9340 4535 4661 3550 
9341 4468 4643 4120 
9342 4550 4663 3567 
9343 3092 4663 4550 
9344 3730 4666 4640 
$EndElements
