$MeshFormat
4.1 0 8
$EndMeshFormat
$PhysicalNames
15
1 15 "OuterBoundary"
2 1 "RotorYoke"
2 2 "AirGap"
2 3 "StatorYoke"
2 4 "AirBox"
2 5 "Magnet_N1"
2 6 "Magnet_S1"
2 7 "Magnet_N2"
2 8 "Magnet_S2"
2 9 "Slot_1"
2 10 "Slot_2"
2 11 "Slot_3"
2 12 "Slot_4"
2 13 "Slot_5"
2 14 "Slot_6"
$EndPhysicalNames
$Entities
20 24 14 0
1 -0.1 -0.1 0 0 
2 0.1 -0.1 0 0 
3 -0.1 0.1 0 0 
4 0.1 0.1 0 0 
5 0.065 0 0 0 
6 -0.02100000000000002 -0.04330127018922193 0 0 
7 0.02900000000000001 -0.04330127018922193 0 0 
8 -0.046 6.123233995736766e-18 0 0 
9 -0.02099999999999999 0.04330127018922194 0 0 
10 0.034 0 0 0 
11 0.05400000000000001 0 0 0 
12 0.02900000000000001 0.04330127018922193 0 0 
13 0.032 0 0 0 
14 1.959434878635765e-18 0.032 0 0 
15 -0.032 3.91886975727153e-18 0 0 
16 -5.878304635907295e-18 -0.032 0 0 
17 0.012 0 0 0 
18 7.347880794884119e-19 0.012 0 0 
19 -2.204364238465236e-18 -0.012 0 0 
20 -0.012 1.469576158976824e-18 0 0 
15 0.0119999 -1e-07 -1e-07 0.0320001 1e-07 1e-07 0 2 17 -13 
16 -9.999999999926521e-08 0.0119999 -1e-07 1.000000000019594e-07 0.0320001 1e-07 0 2 18 -14 
17 -0.0320001 -9.999999999853042e-08 -1e-07 -0.0119999 1.000000000039189e-07 1e-07 0 2 20 -15 
18 -1.000000000058783e-07 -0.0320001 -1e-07 9.999999999779565e-08 -0.0119999 1e-07 0 2 19 -16 
19 -0.1000001 -0.1000001 -1e-07 0.1000001 -0.0999999 1e-07 1 15 2 1 -2 
20 -0.1000001 -0.1000001 -1e-07 -0.0999999 0.1000001 1e-07 1 15 2 3 -1 
21 0.0999999 -0.1000001 -1e-07 0.1000001 0.1000001 1e-07 1 15 2 2 -4 
22 -0.1000001 0.0999999 -1e-07 0.1000001 0.1000001 1e-07 1 15 2 4 -3 
23 -0.06500010000000001 -0.06500010000000001 -1e-07 0.06500010000000001 0.06500010000000001 1e-07 0 2 5 -5 
24 -0.02900010000000002 -0.04730137018922193 -1e-07 -0.02099990000000002 -0.03930117018922193 1e-07 0 2 6 -6 
25 0.02099990000000001 -0.04730137018922194 -1e-07 0.02900010000000001 -0.03930117018922193 1e-07 0 2 7 -7 
26 -0.05400010000000001 -0.004000099999999994 -1e-07 -0.0459999 0.004000100000000006 1e-07 0 2 8 -8 
27 -0.02900009999999999 0.03930117018922194 -1e-07 -0.02099989999999999 0.04730137018922194 1e-07 0 2 9 -9 
28 -0.03400010000000001 -0.03400010000000001 -1e-07 0.03400010000000001 0.03400010000000001 1e-07 0 2 10 -10 
29 0.0459999 -0.0040001 -1e-07 0.05400010000000001 0.0040001 1e-07 0 2 11 -11 
30 0.02099990000000001 0.03930117018922193 -1e-07 0.02900010000000001 0.04730137018922194 1e-07 0 2 12 -12 
31 -9.999999999940612e-08 -9.999999999940612e-08 -1e-07 0.0320001 0.0320001 1e-07 0 2 13 -14 
32 -0.0320001 -9.999999999593667e-08 -1e-07 1.000000000028756e-07 0.0320001 1e-07 0 2 14 -15 
33 -0.0320001 -0.0320001 -1e-07 9.999999999246723e-08 1.000000000028756e-07 1e-07 0 2 15 -16 
34 -1.00000000006345e-07 -0.0320001 -1e-07 0.0320001 9.999999999246723e-08 1e-07 0 2 16 -13 
35 -9.999999999940612e-08 -1.000000000002735e-07 -1e-07 0.0120001 0.0120001 1e-07 0 2 17 -18 
36 -1.000000000020082e-07 -0.0120001 -1e-07 0.0120001 9.999999999680403e-08 1e-07 0 2 19 -17 
37 -0.0120001 -9.999999999853876e-08 -1e-07 1.000000000011408e-07 0.0120001 1e-07 0 2 18 -20 
38 -0.0120001 -0.0120001 -1e-07 9.99999999976714e-08 1.000000000011408e-07 1e-07 0 2 20 -19 
1 -0.0120001 -0.0120001 -1e-07 0.0120001 0.0120001 1e-07 1 1 4 36 35 37 38 
6 0.0459999 -0.0040001 -1e-07 0.05400010000000001 0.0040001 1e-07 1 9 1 29 
7 0.02099990000000001 0.03930117018922193 -1e-07 0.02900010000000001 0.04730137018922194 1e-07 1 10 1 30 
8 -0.02900009999999999 0.03930117018922194 -1e-07 -0.02099989999999999 0.04730137018922194 1e-07 1 11 1 27 
9 -0.05400010000000001 -0.004000099999999994 -1e-07 -0.0459999 0.004000100000000006 1e-07 1 12 1 26 
10 -0.02900010000000002 -0.04730137018922193 -1e-07 -0.02099990000000002 -0.03930117018922193 1e-07 1 13 1 24 
11 0.02099990000000001 -0.04730137018922194 -1e-07 0.02900010000000001 -0.03930117018922193 1e-07 1 14 1 25 
12 -0.1000001 -0.1000001 -1e-07 0.1000001 0.1000001 1e-07 1 4 5 19 21 22 20 -23 
13 -0.06500010000000001 -0.06500010000000001 -1e-07 0.06500010000000001 0.06500010000000001 1e-07 1 3 8 23 -24 -25 -26 -27 -28 -29 -30 
14 -0.03400010000000001 -0.03400010000000001 -1e-07 0.03400010000000001 0.03400010000000001 1e-07 1 2 5 28 -31 -34 -33 -32 
15 -9.999999999940612e-08 -9.999999999940612e-08 -1e-07 0.0320001 0.0320001 1e-07 1 5 4 15 31 -16 -35 
16 -1.00000000006345e-07 -0.0320001 -1e-07 0.0320001 9.999999999940612e-08 1e-07 1 8 4 34 -15 -36 18 
17 -0.0320001 -9.999999999940612e-08 -1e-07 1.000000000028756e-07 0.0320001 1e-07 1 6 4 16 32 -17 -37 
18 -0.0320001 -0.0320001 -1e-07 9.999999999940612e-08 1.000000000028756e-07 1e-07 1 7 4 33 -18 -38 17 
$EndEntities
$Nodes
58 9825 1 9825
0 1 0 1
1
-0.1 -0.1 0
0 2 0 1
2
0.1 -0.1 0
0 3 0 1
3
-0.1 0.1 0
0 4 0 1
4
0.1 0.1 0
0 5 0 1
5
0.065 0 0
0 6 0 1
6
-0.02100000000000002 -0.04330127018922193 0
0 7 0 1
7
0.02900000000000001 -0.04330127018922193 0
0 8 0 1
8
-0.046 6.123233995736766e-18 0
0 9 0 1
9
-0.02099999999999999 0.04330127018922194 0
0 10 0 1
10
0.034 0 0
0 11 0 1
11
0.05400000000000001 0 0
0 12 0 1
12
0.02900000000000001 0.04330127018922193 0
0 13 0 1
13
0.032 0 0
0 14 0 1
14
1.959434878635765e-18 0.032 0
0 15 0 1
15
-0.032 3.91886975727153e-18 0
0 16 0 1
16
-5.878304635907295e-18 -0.032 0
0 17 0 1
17
0.012 0 0
0 18 0 1
18
7.347880794884119e-19 0.012 0
0 19 0 1
19
-2.204364238465236e-18 -0.012 0
0 20 0 1
20
-0.012 1.469576158976824e-18 0
1 15 0 9
21
22
23
24
25
26
27
28
29
0.01571649579754282 0 0
0.01943299159508565 0 0
0.02299291800507038 0 0
0.02568490956088234 0 0
0.02764473338508228 0 0
0.02907152410773553 0 0
0.03011025673497961 0 0
0.03086647475606363 0 0
0.03144252563036858 0 0
1 16 0 9
30
31
32
33
34
35
36
37
38
9.623578136136823e-19 0.01571649579754282 0
1.189927547738953e-18 0.01943299159508565 0
1.40791017189835e-18 0.02299291800507038 0
1.57274711400619e-18 0.02568490956088234 0
1.692751712666149e-18 0.02764473338508228 0
1.780117447243672e-18 0.02907152410773553 0
1.843721476599891e-18 0.03011025673497961 0
1.890026475548795e-18 0.03086647475606363 0
1.925299418516975e-18 0.03144252563036858 0
1 17 0 9
39
40
41
42
43
44
45
46
47
-0.01571649579754282 1.924715627227365e-18 0
-0.01943299159508565 2.379855095477906e-18 0
-0.02299291800507038 2.815820343796699e-18 0
-0.02568490956088234 3.14549422801238e-18 0
-0.02764473338508228 3.385503425332299e-18 0
-0.02907152410773553 3.560234894487344e-18 0
-0.03011025673497961 3.687442953199781e-18 0
-0.03086647475606363 3.780052951097591e-18 0
-0.03144252563036858 3.850598837033949e-18 0
1 18 0 9
48
49
50
51
52
53
54
55
56
-2.887073440841047e-18 -0.01571649579754282 0
-3.569782643216859e-18 -0.01943299159508565 0
-4.223730515695049e-18 -0.02299291800507038 0
-4.71824134201857e-18 -0.02568490956088234 0
-5.078255137998448e-18 -0.02764473338508228 0
-5.340352341731015e-18 -0.02907152410773553 0
-5.531164429799672e-18 -0.03011025673497961 0
-5.670079426646386e-18 -0.03086647475606363 0
-5.775898255550924e-18 -0.03144252563036858 0
1 19 0 49
57
58
59
60
61
62
63
64
65
66
67
68
69
70
71
72
73
74
75
76
77
78
79
80
81
82
83
84
85
86
87
88
89
90
91
92
93
94
95
96
97
98
99
100
101
102
103
104
105
-0.096 -0.1 0
-0.09199999999999998 -0.1 0
-0.08799999999999998 -0.1 0
-0.08399999999999996 -0.1 0
-0.07999999999999996 -0.1 0
-0.07599999999999996 -0.1 0
-0.07199999999999994 -0.1 0
-0.06799999999999992 -0.1 0
-0.06399999999999992 -0.1 0
-0.05999999999999991 -0.1 0
-0.05599999999999989 -0.1 0
-0.05199999999999988 -0.1 0
-0.04799999999999987 -0.1 0
-0.04399999999999984 -0.1 0
-0.03999999999999983 -0.1 0
-0.03599999999999982 -0.1 0
-0.03199999999999982 -0.1 0
-0.02799999999999984 -0.1 0
-0.02399999999999984 -0.1 0
-0.01999999999999985 -0.1 0
-0.01599999999999986 -0.1 0
-0.01199999999999986 -0.1 0
-0.007999999999999868 -0.1 0
-0.003999999999999865 -0.1 0
1.249000902703301e-16 -0.1 0
0.004000000000000115 -0.1 0
0.008000000000000118 -0.1 0
0.01200000000000011 -0.1 0
0.0160000000000001 -0.1 0
0.0200000000000001 -0.1 0
0.02400000000000008 -0.1 0
0.02800000000000011 -0.1 0
0.03200000000000008 -0.1 0
0.03600000000000009 -0.1 0
0.04000000000000009 -0.1 0
0.04400000000000007 -0.1 0
0.04800000000000007 -0.1 0
0.05200000000000007 -0.1 0
0.05600000000000005 -0.1 0
0.06000000000000003 -0.1 0
0.06400000000000006 -0.1 0
0.06800000000000003 -0.1 0
0.07200000000000004 -0.1 0
0.07600000000000004 -0.1 0
0.08000000000000002 -0.1 0
0.08400000000000002 -0.1 0
0.08800000000000002 -0.1 0
0.092 -0.1 0
0.096 -0.1 0
1 20 0 49
106
107
108
109
110
111
112
113
114
115
116
117
118
119
120
121
122
123
124
125
126
127
128
129
130
131
132
133
134
135
136
137
138
139
140
141
142
143
144
145
146
147
148
149
150
151
152
153
154
-0.1 0.096 0
-0.1 0.09199999999999998 0
-0.1 0.08799999999999998 0
-0.1 0.08399999999999996 0
-0.1 0.07999999999999996 0
-0.1 0.07599999999999996 0
-0.1 0.07199999999999994 0
-0.1 0.06799999999999992 0
-0.1 0.06399999999999992 0
-0.1 0.05999999999999991 0
-0.1 0.05599999999999989 0
-0.1 0.05199999999999988 0
-0.1 0.04799999999999987 0
-0.1 0.04399999999999984 0
-0.1 0.03999999999999983 0
-0.1 0.03599999999999982 0
-0.1 0.03199999999999982 0
-0.1 0.02799999999999984 0
-0.1 0.02399999999999984 0
-0.1 0.01999999999999985 0
-0.1 0.01599999999999986 0
-0.1 0.01199999999999986 0
-0.1 0.007999999999999868 0
-0.1 0.003999999999999865 0
-0.1 -1.249000902703301e-16 0
-0.1 -0.004000000000000115 0
-0.1 -0.008000000000000118 0
-0.1 -0.01200000000000011 0
-0.1 -0.0160000000000001 0
-0.1 -0.0200000000000001 0
-0.1 -0.02400000000000008 0
-0.1 -0.02800000000000011 0
-0.1 -0.03200000000000008 0
-0.1 -0.03600000000000009 0
-0.1 -0.04000000000000009 0
-0.1 -0.04400000000000007 0
-0.1 -0.04800000000000007 0
-0.1 -0.05200000000000007 0
-0.1 -0.05600000000000005 0
-0.1 -0.06000000000000003 0
-0.1 -0.06400000000000006 0
-0.1 -0.06800000000000003 0
-0.1 -0.07200000000000004 0
-0.1 -0.07600000000000004 0
-0.1 -0.08000000000000002 0
-0.1 -0.08400000000000002 0
-0.1 -0.08800000000000002 0
-0.1 -0.092 0
-0.1 -0.096 0
1 21 0 49
155
156
157
158
159
160
161
162
163
164
165
166
167
168
169
170
171
172
173
174
175
176
177
178
179
180
181
182
183
184
185
186
187
188
189
190
191
192
193
194
195
196
197
198
199
200
201
202
203
0.1 -0.096 0
0.1 -0.09199999999999998 0
0.1 -0.08799999999999998 0
0.1 -0.08399999999999996 0
0.1 -0.07999999999999996 0
0.1 -0.07599999999999996 0
0.1 -0.07199999999999994 0
0.1 -0.06799999999999992 0
0.1 -0.06399999999999992 0
0.1 -0.05999999999999991 0
0.1 -0.05599999999999989 0
0.1 -0.05199999999999988 0
0.1 -0.04799999999999987 0
0.1 -0.04399999999999984 0
0.1 -0.03999999999999983 0
0.1 -0.03599999999999982 0
0.1 -0.03199999999999982 0
0.1 -0.02799999999999984 0
0.1 -0.02399999999999984 0
0.1 -0.01999999999999985 0
0.1 -0.01599999999999986 0
0.1 -0.01199999999999986 0
0.1 -0.007999999999999868 0
0.1 -0.003999999999999865 0
0.1 1.249000902703301e-16 0
0.1 0.004000000000000115 0
0.1 0.008000000000000118 0
0.1 0.01200000000000011 0
0.1 0.0160000000000001 0
0.1 0.0200000000000001 0
0.1 0.02400000000000008 0
0.1 0.02800000000000011 0
0.1 0.03200000000000008 0
0.1 0.03600000000000009 0
0.1 0.04000000000000009 0
0.1 0.04400000000000007 0
0.1 0.04800000000000007 0
0.1 0.05200000000000007 0
0.1 0.05600000000000005 0
0.1 0.06000000000000003 0
0.1 0.06400000000000006 0
0.1 0.06800000000000003 0
0.1 0.07200000000000004 0
0.1 0.07600000000000004 0
0.1 0.08000000000000002 0
0.1 0.08400000000000002 0
0.1 0.08800000000000002 0
0.1 0.092 0
0.1 0.096 0
1 22 0 49
204
205
206
207
208
209
210
211
212
213
214
215
216
217
218
219
220
221
222
223
224
225
226
227
228
229
230
231
232
233
234
235
236
237
238
239
240
241
242
243
244
245
246
247
248
249
250
251
252
0.096 0.1 0
0.09199999999999998 0.1 0
0.08799999999999998 0.1 0
0.08399999999999996 0.1 0
0.07999999999999996 0.1 0
0.07599999999999996 0.1 0
0.07199999999999994 0.1 0
0.06799999999999992 0.1 0
0.06399999999999992 0.1 0
0.05999999999999991 0.1 0
0.05599999999999989 0.1 0
0.05199999999999988 0.1 0
0.04799999999999987 0.1 0
0.04399999999999984 0.1 0
0.03999999999999983 0.1 0
0.03599999999999982 0.1 0
0.03199999999999982 0.1 0
0.02799999999999984 0.1 0
0.02399999999999984 0.1 0
0.01999999999999985 0.1 0
0.01599999999999986 0.1 0
0.01199999999999986 0.1 0
0.007999999999999868 0.1 0
0.003999999999999865 0.1 0
-1.249000902703301e-16 0.1 0
-0.004000000000000115 0.1 0
-0.008000000000000118 0.1 0
-0.01200000000000011 0.1 0
-0.0160000000000001 0.1 0
-0.0200000000000001 0.1 0
-0.02400000000000008 0.1 0
-0.02800000000000011 0.1 0
-0.03200000000000008 0.1 0
-0.03600000000000009 0.1 0
-0.04000000000000009 0.1 0
-0.04400000000000007 0.1 0
-0.04800000000000007 0.1 0
-0.05200000000000007 0.1 0
-0.05600000000000005 0.1 0
-0.06000000000000003 0.1 0
-0.06400000000000006 0.1 0
-0.06800000000000003 0.1 0
-0.07200000000000004 0.1 0
-0.07600000000000004 0.1 0
-0.08000000000000002 0.1 0
-0.08400000000000002 0.1 0
-0.08800000000000002 0.1 0
-0.092 0.1 0
-0.096 0.1 0
1 23 0 102
253
254
255
256
257
258
259
260
261
262
263
264
265
266
267
268
269
270
271
272
273
274
275
276
277
278
279
280
281
282
283
284
285
286
287
288
289
290
291
292
293
294
295
296
297
298
299
300
301
302
303
304
305
306
307
308
309
310
311
312
313
314
315
316
317
318
319
320
321
322
323
324
325
326
327
328
329
330
331
332
333
334
335
336
337
338
339
340
341
342
343
344
345
346
347
348
349
350
351
352
353
354
0.0648790978653931 0.003962658220531328 0
0.06451684122545402 0.007910575092214045 0
0.06391457769867642 0.01182906410498548 0
0.0630745477449367 0.01570354822235092 0
0.06199987633083613 0.01951961410891683 0
0.06069456130461982 0.02326306574894518 0
0.05916345852391865 0.02691997725646435 0
0.05741226379163998 0.03047674468047965 0
0.05544749166720674 0.03392013661256451 0
0.05327645123196846 0.03723734340856886 0
0.05090721889893864 0.0404160248413367 0
0.04834860836800781 0.04344435600716168 0
0.04561013783840112 0.04631107131520551 0
0.04270199460035206 0.04900550639623576 0
0.0396349971377136 0.05151763777477995 0
0.03642055488248784 0.05383812015711258 0
0.03307062577098944 0.05595832119636158 0
0.02959767175953724 0.05787035360540569 0
0.02601461246515819 0.0595671044981006 0
0.0223347771037635 0.06104226184968248 0
0.0185718549045899 0.06229033797791485 0
0.01473984418536785 0.06330668995762674 0
0.01085300027766015 0.06408753689269941 0
0.006925782496092178 0.06462997398124823 0
0.002972800348751864 0.06493198332167639 0
-0.0009912408111399363 0.06499244141940146 0
-0.004951594490109404 0.06481112336632902 0
-0.008893527912353885 0.06438870367752547 0
-0.0128023768266356 0.06372675378197781 0
-0.01666360005825942 0.06282773617677448 0
-0.02046283360319772 0.06169499526645449 0
-0.02418594406312885 0.06033274492160292 0
-0.02781908122260725 0.05874605280297546 0
-0.03134872957277433 0.05694082150946774 0
-0.03476175858993952 0.05492376662005954 0
-0.03804547158199042 0.05270239171142008 0
-0.04118765292092168 0.05028496044410985 0
-0.04417661348577334 0.04768046582122064 0
-0.04700123414692853 0.0448985967338134 0
-0.04965100713000613 0.041949701917607 0
-0.05211607510547143 0.03884475145500177 0
-0.05438726785854948 0.03559529596565241 0
-0.05645613640302644 0.03221342363740423 0
-0.05831498441203311 0.0287117152574404 0
-0.05995689684888646 0.02510319741092734 0
-0.06137576569148023 0.02140129402126232 0
-0.0625663126545284 0.01761977641219662 0
-0.063524108825133 0.01377271207760694 0
-0.06424559113863117 0.009874412349493884 0
-0.06472807563342955 0.005939379158887185 0
-0.06496976743551784 0.001982251087709798 0
-0.06496976743551787 -0.00198225108770857 0
-0.06472807563342967 -0.005939379158885991 0
-0.06424559113863135 -0.009874412349492672 0
-0.06352410882513325 -0.01377271207760577 0
-0.06256631265452872 -0.01761977641219546 0
-0.06137576569148064 -0.02140129402126116 0
-0.05995689684888692 -0.02510319741092623 0
-0.05831498441203364 -0.02871171525743933 0
-0.05645613640302703 -0.03221342363740319 0
-0.05438726785855014 -0.03559529596565141 0
-0.05211607510547214 -0.03884475145500081 0
-0.04965100713000693 -0.04194970191760607 0
-0.04700123414692935 -0.04489859673381254 0
-0.04417661348577418 -0.04768046582121986 0
-0.04118765292092258 -0.05028496044410911 0
-0.03804547158199136 -0.0527023917114194 0
-0.03476175858994044 -0.05492376662005895 0
-0.03134872957277531 -0.05694082150946721 0
-0.02781908122260817 -0.05874605280297502 0
-0.02418594406312978 -0.06033274492160254 0
-0.02046283360319865 -0.06169499526645419 0
-0.01666360005826032 -0.06282773617677424 0
-0.01280237682663652 -0.06372675378197763 0
-0.008893527912354746 -0.06438870367752535 0
-0.00495159449011021 -0.06481112336632895 0
-0.0009912408111407457 -0.06499244141940146 0
0.00297280034875107 -0.06493198332167643 0
0.00692578249609143 -0.06462997398124831 0
0.01085300027765946 -0.06408753689269953 0
0.01473984418536724 -0.06330668995762688 0
0.0185718549045893 -0.06229033797791502 0
0.02233477710376292 -0.0610422618496827 0
0.02601461246515769 -0.05956710449810081 0
0.02959767175953679 -0.05787035360540592 0
0.03307062577098906 -0.0559583211963618 0
0.03642055488248747 -0.05383812015711283 0
0.03963499713771325 -0.05151763777478022 0
0.04270199460035175 -0.04900550639623602 0
0.04561013783840088 -0.04631107131520575 0
0.0483486083680076 -0.04344435600716191 0
0.0509072188989384 -0.04041602484133699 0
0.05327645123196828 -0.03723734340856912 0
0.0554474916672066 -0.03392013661256474 0
0.05741226379163988 -0.03047674468047984 0
0.05916345852391856 -0.02691997725646455 0
0.06069456130461974 -0.02326306574894538 0
0.06199987633083609 -0.01951961410891699 0
0.06307454774493668 -0.01570354822235103 0
0.06391457769867641 -0.01182906410498553 0
0.06451684122545401 -0.007910575092214166 0
0.0648790978653931 -0.003962658220531397 0
1 24 0 41
355
356
357
358
359
360
361
362
363
364
365
366
367
368
369
370
371
372
373
374
375
376
377
378
379
380
381
382
383
384
385
386
387
388
389
390
391
392
393
394
395
-0.02104467669509951 -0.04270510112451723 0
-0.02117770877685546 -0.04212224949157831 0
-0.02139612452839034 -0.04156573523275169 0
-0.02169504490273604 -0.04104798995696744 0
-0.02206779251268072 -0.04058057923813825 0
-0.02250604079256509 -0.04017394425934981 0
-0.02300000000000002 -0.03983716857408418 0
-0.02353863590253444 -0.03957777519464511 0
-0.02410991626417476 -0.03940155854049463 0
-0.02470107962565432 -0.0393124550004972 0
-0.02529892037434572 -0.0393124550004972 0
-0.02589008373582528 -0.03940155854049463 0
-0.0264613640974656 -0.03957777519464511 0
-0.02700000000000002 -0.03983716857408418 0
-0.02749395920743496 -0.04017394425934981 0
-0.02793220748731933 -0.04058057923813825 0
-0.028304955097264 -0.04104798995696744 0
-0.0286038754716097 -0.04156573523275169 0
-0.02882229122314458 -0.0421222494915783 0
-0.02895532330490053 -0.04270510112451722 0
-0.02900000000000002 -0.04330127018922191 0
-0.02895532330490054 -0.04389743925392661 0
-0.02882229122314459 -0.04448029088686552 0
-0.02860387547160971 -0.04503680514569214 0
-0.02830495509726402 -0.04555455042147639 0
-0.02793220748731935 -0.04602196114030558 0
-0.02749395920743498 -0.04642859611909403 0
-0.02700000000000005 -0.04676537180435966 0
-0.02646136409746563 -0.04702476518379873 0
-0.02589008373582532 -0.04720098183794921 0
-0.02529892037434575 -0.04729008537794664 0
-0.02470107962565436 -0.04729008537794665 0
-0.0241099162641748 -0.04720098183794923 0
-0.02353863590253447 -0.04702476518379875 0
-0.02300000000000005 -0.0467653718043597 0
-0.02250604079256511 -0.04642859611909406 0
-0.02206779251268073 -0.04602196114030561 0
-0.02169504490273605 -0.04555455042147643 0
-0.02139612452839035 -0.04503680514569217 0
-0.02117770877685546 -0.04448029088686555 0
-0.02104467669509951 -0.04389743925392663 0
1 25 0 41
396
397
398
399
400
401
402
403
404
405
406
407
408
409
410
411
412
413
414
415
416
417
418
419
420
421
422
423
424
425
426
427
428
429
430
431
432
433
434
435
436
0.02895532330490052 -0.04270510112451723 0
0.02882229122314457 -0.04212224949157831 0
0.02860387547160969 -0.0415657352327517 0
0.02830495509726399 -0.04104798995696744 0
0.02793220748731931 -0.04058057923813826 0
0.02749395920743494 -0.04017394425934982 0
0.02700000000000001 -0.03983716857408418 0
0.02646136409746559 -0.03957777519464512 0
0.02589008373582527 -0.03940155854049464 0
0.02529892037434571 -0.03931245500049721 0
0.02470107962565431 -0.03931245500049721 0
0.02410991626417475 -0.03940155854049464 0
0.02353863590253443 -0.03957777519464512 0
0.02300000000000001 -0.03983716857408418 0
0.02250604079256507 -0.04017394425934982 0
0.0220677925126807 -0.04058057923813826 0
0.02169504490273603 -0.04104798995696744 0
0.02139612452839033 -0.0415657352327517 0
0.02117770877685545 -0.04212224949157831 0
0.0210446766950995 -0.04270510112451723 0
0.02100000000000001 -0.04330127018922192 0
0.02104467669509949 -0.04389743925392661 0
0.02117770877685544 -0.04448029088686553 0
0.02139612452839032 -0.04503680514569215 0
0.02169504490273601 -0.0455545504214764 0
0.02206779251268069 -0.04602196114030559 0
0.02250604079256505 -0.04642859611909404 0
0.02299999999999998 -0.04676537180435967 0
0.0235386359025344 -0.04702476518379874 0
0.02410991626417472 -0.04720098183794922 0
0.02470107962565428 -0.04729008537794665 0
0.02529892037434567 -0.04729008537794666 0
0.02589008373582523 -0.04720098183794923 0
0.02646136409746556 -0.04702476518379876 0
0.02699999999999998 -0.0467653718043597 0
0.02749395920743493 -0.04642859611909406 0
0.0279322074873193 -0.04602196114030563 0
0.02830495509726398 -0.04555455042147644 0
0.02860387547160968 -0.04503680514569217 0
0.02882229122314457 -0.04448029088686556 0
0.02895532330490052 -0.04389743925392663 0
1 26 0 41
437
438
439
440
441
442
443
444
445
446
447
448
449
450
451
452
453
454
455
456
457
458
459
460
461
462
463
464
465
466
467
468
469
470
471
472
473
474
475
476
477
-0.04604467669509949 0.0005961690647047036 0
-0.04617770877685544 0.001179020697643623 0
-0.04639612452839033 0.001735534956470238 0
-0.04669504490273602 0.002253280232254493 0
-0.04706779251268069 0.002720690951083682 0
-0.04750604079256507 0.003127325929872124 0
-0.048 0.00346410161513776 0
-0.04853863590253442 0.003723494994576822 0
-0.04910991626417474 0.0038997116487273 0
-0.0497010796256543 0.003988815188724727 0
-0.0502989203743457 0.003988815188724727 0
-0.05089008373582526 0.003899711648727301 0
-0.05146136409746559 0.003723494994576823 0
-0.052 0.00346410161513776 0
-0.05249395920743494 0.003127325929872124 0
-0.0529322074873193 0.002720690951083684 0
-0.05330495509726398 0.002253280232254497 0
-0.05360387547160968 0.001735534956470242 0
-0.05382229122314457 0.001179020697643631 0
-0.05395532330490051 0.0005961690647047137 0
-0.05400000000000001 1.904757441306747e-17 0
-0.05395532330490052 -0.000596169064704676 0
-0.05382229122314457 -0.001179020697643594 0
-0.05360387547160969 -0.001735534956470208 0
-0.053304955097264 -0.002253280232254461 0
-0.05293220748731933 -0.002720690951083651 0
-0.05249395920743496 -0.003127325929872095 0
-0.05200000000000003 -0.003464101615137733 0
-0.05146136409746561 -0.003723494994576799 0
-0.0508900837358253 -0.00389971164872728 0
-0.05029892037434573 -0.003988815188724712 0
-0.04970107962565434 -0.003988815188724718 0
-0.04910991626417478 -0.003899711648727296 0
-0.04853863590253445 -0.003723494994576822 0
-0.04800000000000003 -0.003464101615137763 0
-0.04750604079256509 -0.003127325929872127 0
-0.04706779251268071 -0.002720690951083686 0
-0.04669504490273603 -0.002253280232254496 0
-0.04639612452839033 -0.001735534956470237 0
-0.04617770877685545 -0.00117902069764362 0
-0.04604467669509949 -0.0005961690647046951 0
1 27 0 41
478
479
480
481
482
483
484
485
486
487
488
489
490
491
492
493
494
495
496
497
498
499
500
501
502
503
504
505
506
507
508
509
510
511
512
513
514
515
516
517
518
-0.02104467669509948 0.04389743925392664 0
-0.02117770877685543 0.04448029088686556 0
-0.02139612452839031 0.04503680514569217 0
-0.02169504490273601 0.04555455042147643 0
-0.02206779251268069 0.04602196114030561 0
-0.02250604079256506 0.04642859611909406 0
-0.02299999999999999 0.04676537180435969 0
-0.02353863590253441 0.04702476518379876 0
-0.02410991626417473 0.04720098183794923 0
-0.02470107962565429 0.04729008537794666 0
-0.02529892037434569 0.04729008537794666 0
-0.02589008373582525 0.04720098183794923 0
-0.02646136409746557 0.04702476518379876 0
-0.02699999999999999 0.04676537180435969 0
-0.02749395920743493 0.04642859611909406 0
-0.0279322074873193 0.04602196114030561 0
-0.02830495509726397 0.04555455042147643 0
-0.02860387547160967 0.04503680514569217 0
-0.02882229122314455 0.04448029088686557 0
-0.02895532330490051 0.04389743925392665 0
-0.02899999999999999 0.04330127018922195 0
-0.02895532330490051 0.04270510112451726 0
-0.02882229122314456 0.04212224949157834 0
-0.02860387547160968 0.04156573523275173 0
-0.02830495509726398 0.04104798995696747 0
-0.02793220748731932 0.04058057923813829 0
-0.02749395920743495 0.04017394425934984 0
-0.02700000000000002 0.0398371685740842 0
-0.0264613640974656 0.03957777519464514 0
-0.02589008373582528 0.03940155854049465 0
-0.02529892037434572 0.03931245500049722 0
-0.02470107962565433 0.03931245500049722 0
-0.02410991626417477 0.03940155854049464 0
-0.02353863590253444 0.03957777519464512 0
-0.02300000000000001 0.03983716857408417 0
-0.02250604079256507 0.04017394425934981 0
-0.0220677925126807 0.04058057923813825 0
-0.02169504490273602 0.04104798995696744 0
-0.02139612452839032 0.0415657352327517 0
-0.02117770877685543 0.04212224949157831 0
-0.02104467669509948 0.04270510112451724 0
1 28 0 355
519
520
521
522
523
524
525
526
527
528
529
530
531
532
533
534
535
536
537
538
539
540
541
542
543
544
545
546
547
548
549
550
551
552
553
554
555
556
557
558
559
560
561
562
563
564
565
566
567
568
569
570
571
572
573
574
575
576
577
578
579
580
581
582
583
584
585
586
587
588
589
590
591
592
593
594
595
596
597
598
599
600
601
602
603
604
605
606
607
608
609
610
611
612
613
614
615
616
617
618
619
620
621
622
623
624
625
626
627
628
629
630
631
632
633
634
635
636
637
638
639
640
641
642
643
644
645
646
647
648
649
650
651
652
653
654
655
656
657
658
659
660
661
662
663
664
665
666
667
668
669
670
671
672
673
674
675
676
677
678
679
680
681
682
683
684
685
686
687
688
689
690
691
692
693
694
695
696
697
698
699
700
701
702
703
704
705
706
707
708
709
710
711
712
713
714
715
716
717
718
719
720
721
722
723
724
725
726
727
728
729
730
731
732
733
734
735
736
737
738
739
740
741
742
743
744
745
746
747
748
749
750
751
752
753
754
755
756
757
758
759
760
761
762
763
764
765
766
767
768
769
770
771
772
773
774
775
776
777
778
779
780
781
782
783
784
785
786
787
788
789
790
791
792
793
794
795
796
797
798
799
800
801
802
803
804
805
806
807
808
809
810
811
812
813
814
815
816
817
818
819
820
821
822
823
824
825
826
827
828
829
830
831
832
833
834
835
836
837
838
839
840
841
842
843
844
845
846
847
848
849
850
851
852
853
854
855
856
857
858
859
860
861
862
863
864
865
866
867
868
869
870
871
872
873
0.03398958620691911 0.0008414448778227913 0
0.03396842199003956 0.00146502815897753 0
0.03393737283713154 0.002062698454337604 0
0.03389580856409197 0.002659729645364333 0
0.03384374204915177 0.003255936748537454 0
0.03378118942454551 0.003851135035671222 0
0.03370817007151304 0.0044451400911504 0
0.03362470661429438 0.0050377678690694 0
0.03353082491311988 0.005628834750256873 0
0.03342655405619772 0.006218157599168082 0
0.03331192635070124 0.006805553820627423 0
0.0331869773127589 0.007390841416403541 0
0.03305174565645005 0.007973839041599448 0
0.03290627328180973 0.008554366060840247 0
0.03275060526184646 0.009132242604241017 0
0.03258478982857688 0.009707289623137492 0
0.03240887835808152 0.01027932894556233 0
0.03222292535458655 0.0108481833314497 0
0.03202698843357624 0.01141367652755122 0
0.03182112830394142 0.01197563332204598 0
0.03160540874916951 0.01253387959882812 0
0.0313798966075819 0.01308824239145463 0
0.03114466175162486 0.01363854993673725 0
0.03089977706622032 0.01418463172796125 0
0.03064531842618326 0.01472631856771518 0
0.03038136467271279 0.01526344262031472 0
0.030107997588964 0.01579583746380476 0
0.02982530187470844 0.01632333814152342 0
0.02953336512009077 0.016845781213212 0
0.02923227777848991 0.01736300480565519 0
0.02892032367891342 0.01787777610070336 0
0.02860116658825574 0.01838404933062474 0
0.02827314774203374 0.01888462646591488 0
0.02793636877326391 0.01937935240827735 0
0.02759093402918997 0.01986807387234321 0
0.02723695053895201 0.0203506394331648 0
0.02687452798042468 0.02082689957313308 0
0.02650377864623476 0.02129670672830404 0
0.02612481740896846 0.02175991533411972 0
0.0257377616855795 0.02221638187050979 0
0.02534273140100868 0.02266596490635968 0
0.02493984895102654 0.02310852514333142 0
0.02452923916431031 0.02354392545902372 0
0.02411102926376718 0.02397203094945781 0
0.02368534882711566 0.02439270897087593 0
0.02325232974673735 0.02480582918083961 0
0.02281210618881157 0.02521126357861472 0
0.02236481455174542 0.02560888654483119 0
0.02191059342391227 0.02599857488040474 0
0.02144958354071165 0.02638020784470873 0
0.02098192774096396 0.02675366719298436 0
0.02050777092265344 0.02711883721297744 0
0.02002725999803314 0.02747560476079065 0
0.01954054384810576 0.02782385929593982 0
0.0190477732764945 0.02816349291560374 0
0.01854621656468489 0.02849627784704184 0
0.01804176441749256 0.02881830558349501 0
0.01753172222886875 0.0291314042862645 0
0.01701624802975213 0.02943547694517547 0
0.01649550153412985 0.02973042934667308 0
0.01596964408955184 0.03001617010301351 0
0.01543883862713918 0.03029261068057944 0
0.01490324961110158 0.03055966542731122 0
0.01436304298778002 0.03081725159924524 0
0.01381838613423009 0.03106528938615119 0
0.01326944780636209 0.03130370193626039 0
0.01271639808665379 0.0315324153800775 0
0.01215940833145237 0.0317513588532681 0
0.01159865111788146 0.0319604645186153 0
0.01103430019037005 0.03215966758703827 0
0.01046653040681974 0.03234890633766647 0
0.009895517684426846 0.0325281221369632 0
0.009321438945176537 0.0326972594568925 0
0.008744472061025368 0.03285626589212394 0
0.008164795798789759 0.03300509217626979 0
0.007582589764756982 0.03314369219714972 0
0.006998034349036117 0.0332720230110781 0
0.006411310669666288 0.03339004485616968 0
0.005822600516499085 0.03349772116465932 0
0.005232086294873109 0.03359501857423212 0
0.004639950969097649 0.03368190693836039 0
0.004046378005763177 0.0337583593356442 0
0.003451551316896319 0.03382435207815268 0
0.00285565520297668 0.03387986471876345 0
0.002258874295833435 0.03392488005749796 0
0.001661393501439133 0.03395938414685072 0
0.001063397942618686 0.03398336629611073 0
0.0004650729016910742 0.03399681907467392 0
-0.0001333962369383526 0.03399973831434546 0
-0.0007318240442171402 0.03399212311063117 0
-0.001330025103898905 0.03397397582301781 0
-0.00193125009509132 0.0339451067618031 0
-0.002528437779177192 0.03390585498696103 0
-0.003124842054744068 0.03385609785744517 0
-0.003720278132514499 0.03379585078995252 0
-0.00431456152319647 0.03372513245137153 0
-0.004907508094645281 0.03364396475299829 0
-0.005498934128914928 0.03355237284374765 0
-0.006088656379181074 0.03345038510236105 0
-0.006676492126518 0.03333803312861368 0
-0.007262259236512132 0.03321535173352368 0
-0.007845776215694296 0.03308237892856628 0
-0.008426862267773472 0.03293915591389639 0
-0.009005337349654616 0.03278572706558321 0
-0.009581022227222912 0.03262213992186075 0
-0.01015373853087757 0.03244844516839863 0
-0.01072330881079759 0.03226469662259775 0
-0.0112895565919227 0.03207095121691551 0
-0.01185230642863223 0.03186726898122591 0
-0.01241138395910486 0.03165371302421999 0
-0.01296661595934289 0.03143034951385228 0
-0.01351783039684362 0.03119724765683939 0
-0.01406485648390181 0.03095447967721708 0
-0.01460752473052638 0.03070212079396243 0
-0.0151456669969549 0.0304402491976881 0
-0.01567911654575 0.03016894602641578 0
-0.01621073336002573 0.0298866546125549 0
-0.01673427378035502 0.02959669037315021 0
-0.01725262927078538 0.02929755592613213 0
-0.01776563922459337 0.02898934395500508 0
-0.01827314469131109 0.02867214995584408 0
-0.01877498842597509 0.02834607220770634 0
-0.01927101493784713 0.02801121174218054 0
-0.01976107053859118 0.02766767231208335 0
-0.02024500338989205 0.02731556035931278 0
-0.02072266355050087 0.02695498498186825 0
-0.02119390302269267 0.02658605790004788 0
-0.02165857579812191 0.02620889342183314 0
-0.02211653790306145 0.02582360840747176 0
-0.02256764744301135 0.02543032223326994 0
-0.02301176464666318 0.02502915675460488 0
-0.02344875190920672 0.0246202362681692 0
-0.02387847383496527 0.02420368747345906 0
-0.02430079727934644 0.02377963943351767 0
-0.0247155913900956 0.02334822353494656 0
-0.02512272764783897 0.02290957344719686 0
-0.02552207990590396 0.02246382508115333 0
-0.02591352442940432 0.02201111654702382 0
-0.02629693993357797 0.02155158811154743 0
-0.02667220762136581 0.02108538215453436 0
-0.02703921122021964 0.02061264312475109 0
-0.02739783701812797 0.02013351749516455 0
-0.02774797389884838 0.01964815371755904 0
-0.02808951337633567 0.01915670217654018 0
-0.0284223496283551 0.01865931514293981 0
-0.02874637952927016 0.01815614672663662 0
-0.02906150268199502 0.01764735282880683 0
-0.02936762144910139 0.01713309109361998 0
-0.02966464098307038 0.01661352085939466 0
-0.02995246925568 0.01608880310922924 0
-0.03023101708651909 0.01555910042112304 0
-0.03050019817061884 0.01502457691760334 0
-0.03075992910519351 0.01448539821487383 0
-0.03101012941548174 0.01394173137150026 0
-0.0312507215796809 0.0133937448366492 0
-0.03148163105296625 0.01284160839789592 0
-0.03170278629058796 0.01228549312861752 0
-0.03191411877003831 0.01172557133498784 0
-0.03211556301228274 0.01116201650259025 0
-0.03230705660204775 0.01059500324266504 0
-0.03248854020715963 0.0100247072380081 0
-0.03265995759692785 0.009451305188537434 0
-0.03282125565956751 0.008874974756544812 0
-0.03297238441865545 0.008295894511648954 0
-0.0331132970486149 0.007714243875467749 0
-0.03324394988922387 0.007130203066026407 0
-0.03336430245914277 0.006543953041918925 0
-0.03347431746845712 0.005955675446240087 0
-0.0335739608302314 0.005365552550305328 0
-0.03366320167107054 0.004773767197175992 0
-0.0337420123406857 0.0041805027450074 0
-0.03381036842046135 0.003585943010237365 0
-0.03386824873102118 0.002990272210632747 0
-0.03391563533879026 0.002393674908211552 0
-0.03395251356155156 0.001796335952058466 0
-0.03397887197299508 0.001198440421051334 0
-0.03399470240625817 0.000600173566516662 0
-0.034 1.076195014181047e-15 0
-0.0339947024062582 -0.0006001735665146005 0
-0.03397887197299515 -0.001198440421049274 0
-0.03395251356155167 -0.001796335952056392 0
-0.0339156353387904 -0.002393674908209495 0
-0.03386824873102136 -0.002990272210630693 0
-0.03381036842046156 -0.003585943010235315 0
-0.03374201234068595 -0.004180502745005339 0
-0.03366320167107083 -0.004773767197173952 0
-0.03357396083023172 -0.005365552550303307 0
-0.03347431746845747 -0.005955675446238057 0
-0.03336430245914317 -0.006543953041916901 0
-0.03324394988922431 -0.007130203066024377 0
-0.03311329704861537 -0.007714243875465742 0
-0.03297238441865595 -0.008295894511646969 0
-0.03282125565956805 -0.008874974756542822 0
-0.03265995759692843 -0.009451305188535455 0
-0.03248854020716025 -0.01002470723800611 0
-0.03230705660204839 -0.01059500324266309 0
-0.03211556301228341 -0.01116201650258832 0
-0.03191411877003902 -0.0117255713349859 0
-0.03170278629058871 -0.01228549312861559 0
-0.03148163105296704 -0.012841608397894 0
-0.0312507215796817 -0.01339374483664732 0
-0.03101012941548258 -0.01394173137149838 0
-0.03075992910519438 -0.01448539821487196 0
-0.03050019817061975 -0.01502457691760149 0
-0.03023101708652003 -0.0155591004211212 0
-0.02995246925568097 -0.01608880310922743 0
-0.02966464098307138 -0.01661352085939286 0
-0.02936762144910243 -0.0171330910936182 0
-0.02906150268199609 -0.01764735282880506 0
-0.02874637952927126 -0.01815614672663488 0
-0.02842234962835622 -0.01865931514293811 0
-0.02808951337633684 -0.01915670217653848 0
-0.02774797389884957 -0.01964815371755736 0
-0.02739783701812919 -0.02013351749516289 0
-0.02703921122022089 -0.02061264312474945 0
-0.02667220762136708 -0.02108538215453275 0
-0.02629693993357927 -0.02155158811154584 0
-0.02591352442940565 -0.02201111654702225 0
-0.02552207990590533 -0.02246382508115178 0
-0.02512272764784036 -0.02290957344719534 0
-0.02471559139009702 -0.02334822353494506 0
-0.02430079727934788 -0.0237796394335162 0
-0.02387847383496674 -0.02420368747345761 0
-0.02344875190920823 -0.02462023626816777 0
-0.02301176464666469 -0.02502915675460348 0
-0.02256764744301289 -0.02543032223326857 0
-0.02211653790306301 -0.02582360840747043 0
-0.02165857579812351 -0.02620889342183181 0
-0.0211939030226943 -0.02658605790004659 0
-0.02072266355050251 -0.02695498498186698 0
-0.02024500338989372 -0.02731556035931154 0
-0.01976107053859286 -0.02766767231208216 0
-0.01927101493784886 -0.02801121174217935 0
-0.01877498842597683 -0.02834607220770519 0
-0.01827314469131284 -0.02867214995584296 0
-0.01776563922459515 -0.02898934395500399 0
-0.01725262927078717 -0.02929755592613107 0
-0.01673427378035683 -0.02959669037314919 0
-0.01621073336002756 -0.02988665461255391 0
-0.01567911654575181 -0.03016894602641484 0
-0.01514566699695673 -0.03044024919768719 0
-0.01460752473052819 -0.03070212079396157 0
-0.01406485648390364 -0.03095447967721625 0
-0.01351783039684548 -0.03119724765683858 0
-0.01296661595934476 -0.03143034951385151 0
-0.01241138395910675 -0.03165371302421926 0
-0.01185230642863412 -0.03186726898122521 0
-0.01128955659192461 -0.03207095121691485 0
-0.01072330881079952 -0.03226469662259712 0
-0.01015373853087951 -0.03244844516839802 0
-0.009581022227224869 -0.03262213992186017 0
-0.009005337349656575 -0.03278572706558268 0
-0.008426862267775439 -0.03293915591389589 0
-0.007845776215696258 -0.03308237892856581 0
-0.00726225923651411 -0.03321535173352325 0
-0.006676492126519985 -0.03333803312861328 0
-0.00608865637918308 -0.03345038510236068 0
-0.005498934128916911 -0.03355237284374733 0
-0.004907508094647292 -0.033643964752998 0
-0.004314561523198456 -0.03372513245137127 0
-0.003720278132516497 -0.03379585078995231 0
-0.003124842054746091 -0.03385609785744498 0
-0.002528437779179187 -0.03390585498696087 0
-0.001931250095093341 -0.03394510676180298 0
-0.001330025103901071 -0.03397397582301773 0
-0.0007318240442193376 -0.03399212311063113 0
-0.0001333962369405503 -0.03399973831434545 0
0.0004650729016889069 -0.03399681907467395 0
0.001063397942616497 -0.0339833662961108 0
0.001661393501436976 -0.03395938414685083 0
0.002258874295831249 -0.03392488005749811 0
0.002855655202974506 -0.03387986471876363 0
0.003451551316894178 -0.0338243520781529 0
0.004046378005761017 -0.03375835933564447 0
0.004639950969095524 -0.03368190693836069 0
0.005232086294870968 -0.03359501857423245 0
0.005822600516496948 -0.03349772116465969 0
0.006411310669664159 -0.03339004485617009 0
0.00699803434903401 -0.03327202301107855 0
0.007582589764754906 -0.03314369219715019 0
0.008164795798787676 -0.0330050921762703 0
0.008744472061023294 -0.03285626589212449 0
0.009321438945174466 -0.03269725945689309 0
0.009895517684424801 -0.03252812213696383 0
0.01046653040681773 -0.03234890633766712 0
0.01103430019036804 -0.03215966758703896 0
0.01159865111787946 -0.03196046451861603 0
0.01215940833145038 -0.03175135885326887 0
0.01271639808665182 -0.0315324153800783 0
0.01326944780636016 -0.03130370193626121 0
0.01381838613422816 -0.03106528938615205 0
0.01436304298777811 -0.03081725159924613 0
0.01490324961109969 -0.03055966542731215 0
0.01543883862713731 -0.03029261068058039 0
0.01596964408955001 -0.03001617010301448 0
0.01649550153412801 -0.0297304293466741 0
0.01701624802975032 -0.02943547694517652 0
0.01753172222886696 -0.02913140428626557 0
0.01804176441749079 -0.02881830558349611 0
0.01854621656468317 -0.02849627784704296 0
0.01904777327649286 -0.02816349291560485 0
0.01954054384810413 -0.02782385929594095 0
0.02002725999803157 -0.02747560476079179 0
0.02050777092265187 -0.02711883721297863 0
0.02098192774096243 -0.02675366719298555 0
0.02144958354071012 -0.02638020784470997 0
0.02191059342391077 -0.02599857488040601 0
0.02236481455174397 -0.02560888654483246 0
0.02281210618881012 -0.02521126357861603 0
0.02325232974673595 -0.02480582918084091 0
0.02368534882711426 -0.02439270897087728 0
0.02411102926376581 -0.02397203094945918 0
0.02452923916430897 -0.02354392545902512 0
0.02493984895102523 -0.02310852514333284 0
0.02534273140100742 -0.02266596490636109 0
0.02573776168557824 -0.02221638187051124 0
0.02612481740896724 -0.02175991533412119 0
0.02650377864623356 -0.02129670672830553 0
0.02687452798042352 -0.02082689957313459 0
0.02723695053895089 -0.02035063943316629 0
0.02759093402918886 -0.01986807387234475 0
0.02793636877326283 -0.01937935240827891 0
0.02827314774203269 -0.01888462646591645 0
0.02860116658825472 -0.01838404933062632 0
0.02892032367891243 -0.01787777610070495 0
0.02923227777849006 -0.01736300480565494 0
0.02953336512009091 -0.01684578121321175 0
0.0298253018747086 -0.01632333814152313 0
0.03010799758896414 -0.0157958374638045 0
0.03038136467271292 -0.01526344262031444 0
0.0306453184261834 -0.0147263185677149 0
0.03089977706622045 -0.01418463172796097 0
0.031144661751625 -0.01363854993673693 0
0.03137989660758202 -0.01308824239145434 0
0.03160540874916963 -0.01253387959882781 0
0.03182112830394154 -0.01197563332204568 0
0.03202698843357635 -0.0114136765275509 0
0.03222292535458667 -0.01084818333144936 0
0.03240887835808162 -0.010279328945562 0
0.03258478982857697 -0.009707289623137164 0
0.03275060526184656 -0.009132242604240682 0
0.03290627328180982 -0.008554366060839907 0
0.03305174565645014 -0.007973839041599073 0
0.03318697731275898 -0.00739084141640319 0
0.03331192635070131 -0.006805553820627068 0
0.03342655405619779 -0.006218157599167718 0
0.03353082491311994 -0.005628834750256505 0
0.03362470661429444 -0.005037767869069029 0
0.03370817007151309 -0.004445140091150023 0
0.03378118942454555 -0.00385113503567084 0
0.0338437420491518 -0.003255936748537066 0
0.03389580856409199 -0.00265972964536394 0
0.03393737283713156 -0.002062698454337206 0
0.03396842199003958 -0.001465028158977128 0
0.03398958620691913 -0.0008414448778220481 0
1 29 0 41
874
875
876
877
878
879
880
881
882
883
884
885
886
887
888
889
890
891
892
893
894
895
896
897
898
899
900
901
902
903
904
905
906
907
908
909
910
911
912
913
914
0.05395532330490051 0.0005961690647046976 0
0.05382229122314457 0.001179020697643617 0
0.05360387547160968 0.001735534956470232 0
0.05330495509726398 0.002253280232254487 0
0.05293220748731931 0.002720690951083676 0
0.05249395920743494 0.003127325929872118 0
0.052 0.003464101615137753 0
0.05146136409746559 0.003723494994576816 0
0.05089008373582526 0.003899711648727294 0
0.0502989203743457 0.00398881518872472 0
0.04970107962565431 0.00398881518872472 0
0.04910991626417475 0.003899711648727295 0
0.04853863590253442 0.003723494994576817 0
0.048 0.003464101615137754 0
0.04750604079256507 0.003127325929872118 0
0.0470677925126807 0.002720690951083678 0
0.04669504490273602 0.002253280232254491 0
0.04639612452839033 0.001735534956470236 0
0.04617770877685544 0.001179020697643625 0
0.04604467669509949 0.0005961690647047076 0
0.046 1.29243404173307e-17 0
0.04604467669509948 -0.0005961690647046821 0
0.04617770877685543 -0.0011790206976436 0
0.04639612452839031 -0.001735534956470214 0
0.04669504490273601 -0.002253280232254467 0
0.04706779251268068 -0.002720690951083657 0
0.04750604079256505 -0.003127325929872101 0
0.04799999999999997 -0.003464101615137739 0
0.04853863590253439 -0.003723494994576805 0
0.04910991626417471 -0.003899711648727286 0
0.04970107962565427 -0.003988815188724718 0
0.05029892037434566 -0.003988815188724724 0
0.05089008373582522 -0.003899711648727302 0
0.05146136409746555 -0.003723494994576828 0
0.05199999999999998 -0.003464101615137769 0
0.05249395920743492 -0.003127325929872133 0
0.0529322074873193 -0.002720690951083692 0
0.05330495509726398 -0.002253280232254502 0
0.05360387547160968 -0.001735534956470243 0
0.05382229122314456 -0.001179020697643626 0
0.05395532330490051 -0.0005961690647047011 0
1 30 0 41
915
916
917
918
919
920
921
922
923
924
925
926
927
928
929
930
931
932
933
934
935
936
937
938
939
940
941
942
943
944
945
946
947
948
949
950
951
952
953
954
955
0.02895532330490052 0.04389743925392663 0
0.02882229122314457 0.04448029088686555 0
0.02860387547160969 0.04503680514569217 0
0.02830495509726399 0.04555455042147642 0
0.02793220748731931 0.04602196114030561 0
0.02749395920743494 0.04642859611909405 0
0.02700000000000001 0.04676537180435968 0
0.02646136409746559 0.04702476518379875 0
0.02589008373582527 0.04720098183794923 0
0.02529892037434571 0.04729008537794666 0
0.02470107962565431 0.04729008537794666 0
0.02410991626417475 0.04720098183794923 0
0.02353863590253443 0.04702476518379875 0
0.02300000000000001 0.04676537180435969 0
0.02250604079256507 0.04642859611909405 0
0.0220677925126807 0.04602196114030561 0
0.02169504490273603 0.04555455042147642 0
0.02139612452839033 0.04503680514569217 0
0.02117770877685545 0.04448029088686556 0
0.0210446766950995 0.04389743925392664 0
0.02100000000000001 0.04330127018922195 0
0.02104467669509949 0.04270510112451725 0
0.02117770877685544 0.04212224949157833 0
0.02139612452839032 0.04156573523275172 0
0.02169504490273601 0.04104798995696746 0
0.02206779251268069 0.04058057923813828 0
0.02250604079256505 0.04017394425934983 0
0.02299999999999998 0.0398371685740842 0
0.0235386359025344 0.03957777519464513 0
0.02410991626417472 0.03940155854049465 0
0.02470107962565428 0.03931245500049722 0
0.02529892037434567 0.03931245500049721 0
0.02589008373582523 0.03940155854049463 0
0.02646136409746556 0.0395777751946451 0
0.02699999999999998 0.03983716857408416 0
0.02749395920743493 0.0401739442593498 0
0.0279322074873193 0.04058057923813824 0
0.02830495509726398 0.04104798995696743 0
0.02860387547160968 0.04156573523275169 0
0.02882229122314457 0.04212224949157831 0
0.02895532330490052 0.04270510112451723 0
1 31 0 83
956
957
958
959
960
961
962
963
964
965
966
967
968
969
970
971
972
973
974
975
976
977
978
979
980
981
982
983
984
985
986
987
988
989
990
991
992
993
994
995
996
997
998
999
1000
1001
1002
1003
1004
1005
1006
1007
1008
1009
1010
1011
1012
1013
1014
1015
1016
1017
1018
1019
1020
1021
1022
1023
1024
1025
1026
1027
1028
1029
1030
1031
1032
1033
1034
1035
1036
1037
1038
0.03199440514920789 0.0005983637257888723 0
0.03197762255322876 0.001196518216842419 0
0.03194965808057013 0.001794254311590136 0
0.03191052150979776 0.002391362994765574 0
0.03186022652611628 0.00298763547049442 0
0.03179879071658376 0.003582863235305849 0
0.03172623556396193 0.004176838151041648 0
0.03164258643920411 0.004769352517637579 0
0.03154787259258355 0.005360199145751561 0
0.03144212714346523 0.005949171429213263 0
0.03132538706872475 0.006536063417269766 0
0.03119769318981836 0.007120669886602057 0
0.03105909015850851 0.007702786413087134 0
0.03090962644125019 0.008282209443280661 0
0.03074935430224319 0.008858736365595176 0
0.03057832978515651 0.00943216558114893 0
0.03039661269353107 0.01000229657426062 0
0.03020426656986776 0.01056892998256534 0
0.03000135867340798 0.01113186766672727 0
0.02978795995661454 0.01169091277972464 0
0.02956414504036118 0.01224586983568287 0
0.02932999218783924 0.01279654477823171 0
0.02908558327719075 0.0133427450483625 0
0.02883100377287741 0.01388427965176186 0
0.02856634269579557 0.01442095922559824 0
0.02829169259214751 0.01495259610473798 0
0.02800714950108012 0.01547900438736767 0
0.02771281292110204 0.016 0
0.02740878577529125 0.01651540076184021 0
0.02709517437530509 0.01702502644849077 0
0.02677208838420543 0.01752869885497188 0
0.02643964077811184 0.01802624185803591 0
0.02609794780669632 0.01851748147775378 0
0.02574712895253339 0.01900224593835205 0
0.02538730688931953 0.01948036572827906 0
0.02501860743897696 0.01995167365947947 0
0.02464115952765642 0.02041600492585627 0
0.0242550951406545 0.02087319716089987 0
0.02386054927626131 0.02132309049446412 0
0.02345765989855446 0.02176552760866941 0
0.02304656788915607 0.02220035379291332 0
0.02262741699796954 0.02262741699796951 0
0.02220035379291335 0.02304656788915603 0
0.02176552760866944 0.02345765989855442 0
0.02132309049446415 0.02386054927626128 0
0.0208731971608999 0.02425509514065447 0
0.0204160049258563 0.02464115952765639 0
0.01995167365947951 0.02501860743897693 0
0.0194803657282791 0.0253873068893195 0
0.01900224593835209 0.02574712895253336 0
0.01851748147775382 0.0260979478066963 0
0.01802624185803595 0.02643964077811181 0
0.01752869885497193 0.0267720883842054 0
0.01702502644849082 0.02709517437530506 0
0.01651540076184026 0.02740878577529122 0
0.01600000000000005 0.02771281292110201 0
0.01547900438736773 0.02800714950108009 0
0.01495259610473804 0.02829169259214748 0
0.01442095922559831 0.02856634269579554 0
0.01388427965176193 0.02883100377287738 0
0.01334274504836256 0.02908558327719072 0
0.01279654477823177 0.02932999218783921 0
0.01224586983568294 0.02956414504036115 0
0.01169091277972471 0.02978795995661451 0
0.01113186766672734 0.03000135867340795 0
0.01056892998256542 0.03020426656986774 0
0.01000229657426068 0.03039661269353105 0
0.009432165581148993 0.03057832978515649 0
0.008858736365595237 0.03074935430224317 0
0.008282209443280718 0.03090962644125017 0
0.007702786413087188 0.0310590901585085 0
0.007120669886602104 0.03119769318981835 0
0.006536063417269812 0.03132538706872474 0
0.005949171429213306 0.03144212714346522 0
0.005360199145751602 0.03154787259258354 0
0.004769352517637617 0.03164258643920411 0
0.004176838151041683 0.03172623556396193 0
0.003582863235305875 0.03179879071658376 0
0.002987635470494442 0.03186022652611628 0
0.002391362994765594 0.03191052150979776 0
0.001794254311590153 0.03194965808057013 0
0.001196518216842433 0.03197762255322875 0
0.0005983637257888769 0.03199440514920789 0
1 32 0 83
1039
1040
1041
1042
1043
1044
1045
1046
1047
1048
1049
1050
1051
1052
1053
1054
1055
1056
1057
1058
1059
1060
1061
1062
1063
1064
1065
1066
1067
1068
1069
1070
1071
1072
1073
1074
1075
1076
1077
1078
1079
1080
1081
1082
1083
1084
1085
1086
1087
1088
1089
1090
1091
1092
1093
1094
1095
1096
1097
1098
1099
1100
1101
1102
1103
1104
1105
1106
1107
1108
1109
1110
1111
1112
1113
1114
1115
1116
1117
1118
1119
1120
1121
-0.0005983637257888729 0.03199440514920789 0
-0.001196518216842415 0.03197762255322876 0
-0.001794254311590135 0.03194965808057013 0
-0.00239136299476557 0.03191052150979776 0
-0.002987635470494418 0.03186022652611628 0
-0.00358286323530585 0.03179879071658376 0
-0.004176838151041644 0.03172623556396194 0
-0.004769352517637578 0.03164258643920411 0
-0.005360199145751562 0.03154787259258355 0
-0.005949171429213259 0.03144212714346523 0
-0.006536063417269766 0.03132538706872475 0
-0.007120669886602052 0.03119769318981836 0
-0.007702786413087129 0.03105909015850851 0
-0.008282209443280661 0.03090962644125019 0
-0.008858736365595171 0.03074935430224319 0
-0.009432165581148927 0.03057832978515651 0
-0.01000229657426061 0.03039661269353108 0
-0.01056892998256534 0.03020426656986777 0
-0.01113186766672726 0.03000135867340798 0
-0.01169091277972463 0.02978795995661454 0
-0.01224586983568286 0.02956414504036118 0
-0.0127965447782317 0.02932999218783924 0
-0.01334274504836249 0.02908558327719075 0
-0.01388427965176185 0.02883100377287742 0
-0.01442095922559824 0.02856634269579557 0
-0.01495259610473797 0.02829169259214752 0
-0.01547900438736767 0.02800714950108012 0
-0.01599999999999999 0.02771281292110204 0
-0.0165154007618402 0.02740878577529125 0
-0.01702502644849077 0.0270951743753051 0
-0.01752869885497188 0.02677208838420544 0
-0.01802624185803591 0.02643964077811183 0
-0.01851748147775378 0.02609794780669632 0
-0.01900224593835205 0.02574712895253339 0
-0.01948036572827905 0.02538730688931953 0
-0.01995167365947947 0.02501860743897696 0
-0.02041600492585627 0.02464115952765642 0
-0.02087319716089987 0.0242550951406545 0
-0.02132309049446411 0.02386054927626131 0
-0.02176552760866941 0.02345765989855446 0
-0.02220035379291331 0.02304656788915607 0
-0.0226274169979695 0.02262741699796954 0
-0.02304656788915603 0.02220035379291335 0
-0.02345765989855442 0.02176552760866944 0
-0.02386054927626128 0.02132309049446415 0
-0.02425509514065447 0.02087319716089991 0
-0.02464115952765639 0.02041600492585631 0
-0.02501860743897694 0.0199516736594795 0
-0.02538730688931951 0.01948036572827909 0
-0.02574712895253336 0.01900224593835209 0
-0.0260979478066963 0.01851748147775382 0
-0.02643964077811181 0.01802624185803595 0
-0.0267720883842054 0.01752869885497193 0
-0.02709517437530506 0.01702502644849082 0
-0.02740878577529122 0.01651540076184025 0
-0.02771281292110201 0.01600000000000005 0
-0.02800714950108009 0.01547900438736773 0
-0.02829169259214748 0.01495259610473804 0
-0.02856634269579554 0.01442095922559831 0
-0.02883100377287738 0.01388427965176193 0
-0.02908558327719072 0.01334274504836256 0
-0.02932999218783921 0.01279654477823178 0
-0.02956414504036115 0.01224586983568294 0
-0.02978795995661451 0.01169091277972471 0
-0.03000135867340795 0.01113186766672735 0
-0.03020426656986774 0.01056892998256542 0
-0.03039661269353105 0.01000229657426069 0
-0.03057832978515649 0.009432165581148988 0
-0.03074935430224317 0.008858736365595239 0
-0.03090962644125017 0.008282209443280713 0
-0.0310590901585085 0.00770278641308719 0
-0.03119769318981835 0.007120669886602106 0
-0.03132538706872474 0.006536063417269807 0
-0.03144212714346521 0.005949171429213308 0
-0.03154787259258354 0.005360199145751597 0
-0.03164258643920411 0.004769352517637619 0
-0.03172623556396193 0.004176838151041678 0
-0.03179879071658376 0.003582863235305869 0
-0.03186022652611628 0.002987635470494444 0
-0.03191052150979776 0.002391362994765604 0
-0.03194965808057013 0.001794254311590155 0
-0.03197762255322875 0.001196518216842443 0
-0.03199440514920789 0.0005983637257888859 0
1 33 0 83
1122
1123
1124
1125
1126
1127
1128
1129
1130
1131
1132
1133
1134
1135
1136
1137
1138
1139
1140
1141
1142
1143
1144
1145
1146
1147
1148
1149
1150
1151
1152
1153
1154
1155
1156
1157
1158
1159
1160
1161
1162
1163
1164
1165
1166
1167
1168
1169
1170
1171
1172
1173
1174
1175
1176
1177
1178
1179
1180
1181
1182
1183
1184
1185
1186
1187
1188
1189
1190
1191
1192
1193
1194
1195
1196
1197
1198
1199
1200
1201
1202
1203
1204
-0.03199440514920789 -0.0005983637257888639 0
-0.03197762255322875 -0.001196518216842421 0
-0.03194965808057013 -0.001794254311590133 0
-0.03191052150979776 -0.002391362994765567 0
-0.03186022652611628 -0.002987635470494422 0
-0.03179879071658376 -0.003582863235305848 0
-0.03172623556396193 -0.004176838151041657 0
-0.03164258643920411 -0.004769352517637583 0
-0.03154787259258355 -0.005360199145751561 0
-0.03144212714346522 -0.005949171429213272 0
-0.03132538706872475 -0.006536063417269772 0
-0.03119769318981836 -0.007120669886602057 0
-0.03105909015850851 -0.007702786413087141 0
-0.03090962644125019 -0.008282209443280666 0
-0.03074935430224319 -0.008858736365595176 0
-0.0305783297851565 -0.009432165581148941 0
-0.03039661269353107 -0.01000229657426062 0
-0.03020426656986776 -0.01056892998256534 0
-0.03000135867340797 -0.01113186766672728 0
-0.02978795995661454 -0.01169091277972464 0
-0.02956414504036117 -0.01224586983568288 0
-0.02932999218783924 -0.01279654477823172 0
-0.02908558327719075 -0.0133427450483625 0
-0.02883100377287741 -0.01388427965176187 0
-0.02856634269579557 -0.01442095922559825 0
-0.0282916925921475 -0.014952596104738 0
-0.02800714950108011 -0.01547900438736768 0
-0.02771281292110203 -0.01600000000000002 0
-0.02740878577529124 -0.01651540076184023 0
-0.02709517437530508 -0.01702502644849079 0
-0.02677208838420542 -0.0175286988549719 0
-0.02643964077811183 -0.01802624185803592 0
-0.02609794780669631 -0.0185174814777538 0
-0.02574712895253338 -0.01900224593835207 0
-0.02538730688931952 -0.01948036572827907 0
-0.02501860743897695 -0.01995167365947948 0
-0.0246411595276564 -0.02041600492585629 0
-0.02425509514065449 -0.02087319716089989 0
-0.02386054927626129 -0.02132309049446413 0
-0.02345765989855444 -0.02176552760866942 0
-0.02304656788915604 -0.02220035379291334 0
-0.02262741699796952 -0.02262741699796953 0
-0.02220035379291333 -0.02304656788915605 0
-0.02176552760866942 -0.02345765989855444 0
-0.02132309049446413 -0.0238605492762613 0
-0.02087319716089987 -0.0242550951406545 0
-0.02041600492585628 -0.02464115952765641 0
-0.01995167365947948 -0.02501860743897695 0
-0.01948036572827907 -0.02538730688931952 0
-0.01900224593835204 -0.02574712895253339 0
-0.01851748147775378 -0.02609794780669633 0
-0.0180262418580359 -0.02643964077811184 0
-0.01752869885497189 -0.02677208838420543 0
-0.01702502644849075 -0.02709517437530511 0
-0.0165154007618402 -0.02740878577529126 0
-0.01599999999999999 -0.02771281292110204 0
-0.01547900438736767 -0.02800714950108012 0
-0.01495259610473795 -0.02829169259214753 0
-0.01442095922559822 -0.02856634269579558 0
-0.01388427965176184 -0.02883100377287742 0
-0.01334274504836248 -0.02908558327719075 0
-0.0127965447782317 -0.02932999218783924 0
-0.01224586983568284 -0.02956414504036119 0
-0.01169091277972461 -0.02978795995661455 0
-0.01113186766672725 -0.03000135867340798 0
-0.01056892998256533 -0.03020426656986777 0
-0.01000229657426061 -0.03039661269353108 0
-0.009432165581148922 -0.03057832978515651 0
-0.008858736365595173 -0.03074935430224319 0
-0.008282209443280633 -0.0309096264412502 0
-0.007702786413087109 -0.03105909015850852 0
-0.007120669886602039 -0.03119769318981836 0
-0.006536063417269753 -0.03132538706872476 0
-0.005949171429213253 -0.03144212714346523 0
-0.005360199145751556 -0.03154787259258355 0
-0.004769352517637579 -0.03164258643920411 0
-0.004176838151041652 -0.03172623556396193 0
-0.003582863235305829 -0.03179879071658376 0
-0.002987635470494404 -0.03186022652611628 0
-0.002391362994765563 -0.03191052150979776 0
-0.001794254311590129 -0.03194965808057013 0
-0.001196518216842416 -0.03197762255322876 0
-0.0005983637257888736 -0.03199440514920789 0
1 34 0 83
1205
1206
1207
1208
1209
1210
1211
1212
1213
1214
1215
1216
1217
1218
1219
1220
1221
1222
1223
1224
1225
1226
1227
1228
1229
1230
1231
1232
1233
1234
1235
1236
1237
1238
1239
1240
1241
1242
1243
1244
1245
1246
1247
1248
1249
1250
1251
1252
1253
1254
1255
1256
1257
1258
1259
1260
1261
1262
1263
1264
1265
1266
1267
1268
1269
1270
1271
1272
1273
1274
1275
1276
1277
1278
1279
1280
1281
1282
1283
1284
1285
1286
1287
0.0005983637257888619 -0.03199440514920789 0
0.001196518216842404 -0.03197762255322876 0
0.001794254311590146 -0.03194965808057013 0
0.00239136299476558 -0.03191052150979776 0
0.002987635470494421 -0.03186022652611628 0
0.003582863235305845 -0.03179879071658376 0
0.004176838151041641 -0.03172623556396194 0
0.004769352517637567 -0.03164258643920412 0
0.005360199145751574 -0.03154787259258355 0
0.00594917142921327 -0.03144212714346522 0
0.00653606341726977 -0.03132538706872475 0
0.007120669886602055 -0.03119769318981836 0
0.007702786413087125 -0.03105909015850852 0
0.00828220944328065 -0.03090962644125019 0
0.008858736365595189 -0.03074935430224318 0
0.009432165581148939 -0.0305783297851565 0
0.01000229657426062 -0.03039661269353107 0
0.01056892998256534 -0.03020426656986776 0
0.01113186766672726 -0.03000135867340798 0
0.01169091277972463 -0.02978795995661454 0
0.01224586983568288 -0.02956414504036117 0
0.01279654477823172 -0.02932999218783924 0
0.0133427450483625 -0.02908558327719075 0
0.01388427965176186 -0.02883100377287742 0
0.01442095922559824 -0.02856634269579557 0
0.01495259610473797 -0.02829169259214752 0
0.01547900438736766 -0.02800714950108013 0
0.016 -0.02771281292110203 0
0.01651540076184021 -0.02740878577529125 0
0.01702502644849076 -0.0270951743753051 0
0.01752869885497188 -0.02677208838420544 0
0.01802624185803589 -0.02643964077811185 0
0.01851748147775377 -0.02609794780669634 0
0.01900224593835205 -0.02574712895253338 0
0.01948036572827906 -0.02538730688931953 0
0.01995167365947947 -0.02501860743897696 0
0.02041600492585627 -0.02464115952765642 0
0.02087319716089986 -0.02425509514065451 0
0.02132309049446413 -0.0238605492762613 0
0.02176552760866942 -0.02345765989855444 0
0.02220035379291333 -0.02304656788915605 0
0.02262741699796952 -0.02262741699796953 0
0.02304656788915604 -0.02220035379291334 0
0.02345765989855445 -0.02176552760866941 0
0.02386054927626131 -0.02132309049446412 0
0.0242550951406545 -0.02087319716089987 0
0.02464115952765641 -0.02041600492585628 0
0.02501860743897695 -0.01995167365947948 0
0.02538730688931954 -0.01948036572827905 0
0.02574712895253339 -0.01900224593835204 0
0.02609794780669633 -0.01851748147775378 0
0.02643964077811184 -0.0180262418580359 0
0.02677208838420545 -0.01752869885497186 0
0.02709517437530511 -0.01702502644849075 0
0.02740878577529125 -0.0165154007618402 0
0.02771281292110204 -0.01599999999999999 0
0.02800714950108012 -0.01547900438736767 0
0.02829169259214753 -0.01495259610473796 0
0.02856634269579558 -0.01442095922559822 0
0.02883100377287742 -0.01388427965176184 0
0.02908558327719075 -0.01334274504836248 0
0.02932999218783924 -0.0127965447782317 0
0.02956414504036119 -0.01224586983568284 0
0.02978795995661455 -0.01169091277972461 0
0.03000135867340798 -0.01113186766672725 0
0.03020426656986777 -0.01056892998256533 0
0.03039661269353108 -0.01000229657426061 0
0.03057832978515651 -0.009432165581148923 0
0.03074935430224319 -0.008858736365595175 0
0.03090962644125019 -0.008282209443280663 0
0.03105909015850852 -0.007702786413087111 0
0.03119769318981836 -0.007120669886602041 0
0.03132538706872476 -0.006536063417269755 0
0.03144212714346523 -0.005949171429213256 0
0.03154787259258355 -0.005360199145751559 0
0.03164258643920411 -0.004769352517637581 0
0.03172623556396193 -0.004176838151041654 0
0.03179879071658376 -0.003582863235305859 0
0.03186022652611628 -0.002987635470494406 0
0.03191052150979776 -0.002391362994765565 0
0.03194965808057013 -0.001794254311590131 0
0.03197762255322876 -0.001196518216842418 0
0.03199440514920789 -0.0005983637257888757 0
1 35 0 4
1288
1289
1290
1291
0.01141267819554184 0.003708203932499371 0
0.009708203932499366 0.007053423027509681 0
0.007053423027509674 0.009708203932499371 0
0.003708203932499362 0.01141267819554185 0
1 36 0 4
1292
1293
1294
1295
0.003708203932499367 -0.01141267819554184 0
0.007053423027509675 -0.009708203932499371 0
0.009708203932499368 -0.007053423027509681 0
0.01141267819554184 -0.003708203932499371 0
1 37 0 4
1296
1297
1298
1299
-0.003708203932499371 0.01141267819554184 0
-0.007053423027509682 0.009708203932499366 0
-0.009708203932499371 0.007053423027509674 0
-0.01141267819554185 0.00370820393249936 0
1 38 0 4
1300
1301
1302
1303
-0.01141267819554184 -0.003708203932499367 0
-0.009708203932499371 -0.007053423027509676 0
-0.007053423027509679 -0.009708203932499368 0
-0.003708203932499371 -0.01141267819554184 0
2 1 0 29
1304
1305
1306
1307
1308
1309
1310
1311
1312
1313
1314
1315
1316
1317
1318
1319
1320
1321
1322
1323
1324
1325
1326
1327
1328
1329
1330
1331
1332
-0.008191680874373049 -0.001028608110021644 0
0.00849494028981311 0.001345466363392404 0
-0.001345466363392405 0.008494940289813114 0
0.001776587936009691 -0.008182363725118196 0
0.007563959889934814 -0.003941974299822633 0
-0.006081705774801612 0.006081705774801605 0
-0.003904695468112983 -0.007663396346516889 0
0.005634894842161122 0.005905504911231482 0
-0.008494940289813116 0.004328388269595355 0
-0.005803276306592062 0.002189461301016873 0
-0.002959103281892331 0.005055578178622528 0
-0.001578496505558455 0.001143965806936727 0
0.001328167780913054 0.004292863427280611 0
0.002223946116784133 6.498895077252786e-05 0
-0.0006462353309507316 -0.002444355559706181 0
0.003084588007130646 -0.004019863338121021 0
-0.004339851727122006 -0.001571005129904558 0
0.002555515764624624 0.007925986345214108 0
-0.006729570537607277 -0.00483463867662586 0
0.005285608314161793 0.002457854845236436 0
0.005709816510373881 -0.001095603461065207 0
0.005430961040435675 -0.006603866684293775 0
-0.003142794264962962 -0.004571611544203367 0
-0.0007206683456646366 -0.006049717394231465 0
-0.009248000481395194 0.001740052471327557 0
0.009144974655587132 -0.001483319605171109 0
0.008297146833191854 0.004208848650400724 0
-0.004257811274183732 0.008248998135843524 0
-0.00131139596205346 -0.009061631132281677 0
2 6 0 104
1333
1334
1335
1336
1337
1338
1339
1340
1341
1342
1343
1344
1345
1346
1347
1348
1349
1350
1351
1352
1353
1354
1355
1356
1357
1358
1359
1360
1361
1362
1363
1364
1365
1366
1367
1368
1369
1370
1371
1372
1373
1374
1375
1376
1377
1378
1379
1380
1381
1382
1383
1384
1385
1386
1387
1388
1389
1390
1391
1392
1393
1394
1395
1396
1397
1398
1399
1400
1401
1402
1403
1404
1405
1406
1407
1408
1409
1410
1411
1412
1413
1414
1415
1416
1417
1418
1419
1420
1421
1422
1423
1424
1425
1426
1427
1428
1429
1430
1431
1432
1433
1434
1435
1436
0.04649996176088782 0.0003418759978846614 0
0.05354235699478942 -0.0002274389947776339 0
0.04999999999999998 -0.003471069912940473 0
0.05000119098822747 0.003506650943672712 0
0.05223470379777209 0.002541355113436331 0
0.04766972460470505 0.00254157089457428 0
0.04766030074073916 -0.002556041180925586 0
0.05227312438946219 -0.002521326416625585 0
0.05323112786166501 0.001268124237641044 0
0.04676317373048405 -0.001327650886714345 0
0.05323112786166501 -0.001268124237641053 0
0.04897688418241877 -0.003316860015788375 0
0.04897688418241879 0.003316860015788379 0
0.05104813739085837 0.003336487692545161 0
0.05149404390831883 -0.003084008709970454 0
0.04697694437216907 0.001845966525707937 0
0.04842490341803554 -0.003149565667304287 0
0.04882732963213881 -0.002745211564639402 0
0.04939550731098709 -0.00288989685650866 0
0.04922808542588052 -0.002230446923389885 0
0.04991509071503573 -0.002459707482987461 0
0.04978348133192285 -0.00162945239466623 0
0.04877488780777839 -0.001468133797749844 0
0.04948648081757416 -0.0004979688801514659 0
0.05073020951302254 -0.0009420723345330873 0
0.05056085830536547 0.0005301528841413878 0
0.04826242258988103 -0.0004284849963161351 0
0.05174202336539339 5.63059082430816e-05 0
0.0512895146581849 0.001529048012164454 0
0.05001654484922775 0.001767890191482499 0
0.05198284529110629 -0.001071547692443161 0
0.05130512067111614 -0.001847912574357467 0
0.04789139711575847 -0.001182562467350915 0
0.04730615046676974 -0.0003828149089519215 0
0.04771415445491418 0.000410454784032201 0
0.04899340981055886 0.0007369444450100662 0
0.04887370928830097 0.001964496757972611 0
0.05223776230522207 0.001082669677101116 0
0.05075390152645479 0.00237558562041724 0
0.0494902408537042 0.002464358191679857 0
0.05254224207861471 -0.0003122721557257421 0
0.04824895019480981 -0.002589555091575946 0
0.04807844323321458 0.00129062548758017 0
0.05161778912800465 0.00223562975796811 0
0.05205920368189854 -0.001899568341012303 0
0.04735961141656601 0.001054502085656321 0
0.05256006543241661 -0.001467790363153388 0
0.0486123315250254 -0.002195672355283002 0
0.04797241716328937 -0.001922159320972377 0
0.04726254235161008 -0.002115497313394926 0
0.05167979961359825 -0.002489116146460463 0
0.05101877906388947 -0.002627727748880316 0
0.05095413079299532 -0.003297959684363637 0
0.05039972530164515 -0.002927544289026954 0
0.04798733744354372 0.002004479787243042 0
0.04833704876367331 0.002599291503219518 0
0.04746064979320114 0.002023364470527369 0
0.05054945783856835 0.003442887682558956 0
0.05031425425635794 0.0029561028717619 0
0.05154995302016855 0.003154561319794322 0
0.05312237287467041 0.001770262561439236 0
0.05197920365306855 0.002995354433999982 0
0.05214194597199952 0.001830512656916737 0
0.04681035527734577 0.00127131932126974 0
0.04699573634034852 0.0006772962992800443 0
0.0530550044313054 -0.001750407972818721 0
0.05266244719336168 -0.002080786720943666 0
0.05280583737853124 -0.0009057469650475312 0
0.0527387154474535 0.002082808244930745 0
0.04950072975966073 -0.003450679626393133 0
0.04945929750506637 0.003457775375467858 0
0.0534444843781922 0.0007322038059698644 0
0.05288720241795109 0.000838966408128178 0
0.05309319288367188 0.000153350795459829 0
0.05252775963948711 0.0003302217987647583 0
0.05343127325462174 -0.0007867183703702719 0
0.05198818542376283 -0.002937175763613282 0
0.04658801276703244 -0.0002085660426420686 0
0.046694432803525 -0.0007857875506600929 0
0.04710797481446233 0.0001736379642959322 0
0.04846435846892778 0.00311798664599913 0
0.05052540109943865 -0.002072402804075252 0
0.05117281439272018 0.002780394197904866 0
0.04688163164433402 -0.001785395349727951 0
0.04728282457733338 -0.0009853422868921528 0
0.0479713380650594 0.002975500564259206 0
0.0505017158104022 -0.00352257547149366 0
0.0527265211464936 0.001478890631026176 0
0.04989271846226648 -0.002993615913848291 0
0.04893093058347393 0.002684580166749425 0
0.0530829805180458 -0.00041576513809227 0
0.0536070715123108 0.0002508569342713515 0
0.04796803902922991 -0.002977317896963133 0
0.04730456362595415 -0.001510134119654898 0
0.04715515785566055 0.002268685905681874 0
0.04650568777010741 0.0008131362761565561 0
0.0497546621557408 0.002988726851598011 0
0.04773364695315908 -0.0007399364952375944 0
0.05076771308099193 0.002978291613037625 0
0.05009350230540521 0.002451729716651087 0
0.04742579213311258 0.001561059690376627 0
0.04929329653456287 0.002974654493432996 0
0.05166510150444657 0.002715974504443738 0
0.05145753965854145 0.0007995441204125101 0
2 7 0 109
1437
1438
1439
1440
1441
1442
1443
1444
1445
1446
1447
1448
1449
1450
1451
1452
1453
1454
1455
1456
1457
1458
1459
1460
1461
1462
1463
1464
1465
1466
1467
1468
1469
1470
1471
1472
1473
1474
1475
1476
1477
1478
1479
1480
1481
1482
1483
1484
1485
1486
1487
1488
1489
1490
1491
1492
1493
1494
1495
1496
1497
1498
1499
1500
1501
1502
1503
1504
1505
1506
1507
1508
1509
1510
1511
1512
1513
1514
1515
1516
1517
1518
1519
1520
1521
1522
1523
1524
1525
1526
1527
1528
1529
1530
1531
1532
1533
1534
1535
1536
1537
1538
1539
1540
1541
1542
1543
1544
1545
0.022639072874321 0.04075679589228875 0
0.027360927125679 0.04584574448615513 0
0.02734845755076213 0.04080781151875874 0
0.02229659076848783 0.04548395717280834 0
0.02439758476202688 0.04675587774031897 0
0.02491127850136367 0.03977736016595919 0
0.02142408776202406 0.04302380084081964 0
0.02845737748236348 0.04301443598835079 0
0.0282484302480471 0.04453800724178286 0
0.02602809276896151 0.04663487610240422 0
0.02161595705673981 0.04407365590807712 0
0.02606621336777569 0.03987303427460956 0
0.02304499535197111 0.04617541703698271 0
0.02349395920743492 0.04017394425934982 0
0.0279930125651426 0.04157423128117749 0
0.02178955937174307 0.04201016024248902 0
0.0240124104514696 0.03992113607376332 0
0.02398863822683108 0.04048528281652879 0
0.02347683967869479 0.04077119126369871 0
0.02404414427319403 0.04113459835407571 0
0.02338246670914588 0.04144412370637972 0
0.02404797891562861 0.04189947648012354 0
0.02486719743568211 0.04141143303697114 0
0.02499704013109634 0.04260072034652397 0
0.02371409072072833 0.04320559495375198 0
0.02523459630019428 0.04405178904047326 0
0.02636551794223349 0.04312809907611769 0
0.0264696859725282 0.04428482863203565 0
0.02504778924872225 0.04522465636408253 0
0.02726922932336422 0.04382546316043799 0
0.02731292859435189 0.04264241984740863 0
0.02660465284337728 0.04209218658684288 0
0.02632611885541725 0.04560926175451335 0
0.02398829583834292 0.04464435629738939 0
0.02291739267468513 0.04408064589895867 0
0.02271656083776723 0.04286436253755928 0
0.02430145121777266 0.04571022705418466 0
0.02724458048679103 0.04467181302329126 0
0.02309034238258608 0.04488913727375657 0
0.02240260103844099 0.04463754594360703 0
0.02508969815749202 0.04595051592334134 0
0.02225559507573093 0.04358161642074094 0
0.02448983226440338 0.04017308294402038 0
0.0273260379549752 0.04191095702841062 0
0.02686063397042234 0.04131928041682312 0
0.02597169363900859 0.04126465045385814 0
0.02542442965296296 0.04068113232279003 0
0.02639571817859 0.04068080472936871 0
0.02790516927322934 0.04223027781375505 0
0.02459988567750064 0.04072737202396066 0
0.02746252141649375 0.04133747489001515 0
0.02779602449956644 0.0432474332173887 0
0.02201566846934633 0.0450645279272844 0
0.02805208214142011 0.04501626848021521 0
0.02699999999999999 0.04036780896237997 0
0.02160592032311306 0.04256562692927653 0
0.02212191117700815 0.04249764379075286 0
0.02243109158531002 0.04206355380353365 0
0.02314807623678628 0.04215927548633322 0
0.02271997749046814 0.04140445446981476 0
0.02204798931777775 0.04151266713820829 0
0.0284403896312212 0.04356933942946214 0
0.02797741478267105 0.04388312250897061 0
0.02549872000063635 0.0399863992774523 0
0.02552915661014628 0.04681199490804048 0
0.02559711482260813 0.04625892349069058 0
0.02777579848711772 0.04551489561559834 0
0.02724438800195224 0.04527406849569928 0
0.02259802594273409 0.04593929482235435 0
0.02297493105498102 0.04553903383251249 0
0.02358440949714783 0.04590486595343249 0
0.02352309069720484 0.04646336524951789 0
0.02359873551502607 0.04531669216758902 0
0.02156964912425708 0.04348543144971473 0
0.02495561147283265 0.04681230864540195 0
0.026546379184244 0.04646807643830402 0
0.02700000000000001 0.04623473141606388 0
0.02842679851726144 0.04248117311116867 0
0.02654045194346178 0.04010248876823207 0
0.02301883937899449 0.04043227248023958 0
0.02848876983799688 0.04407363986420156 0
0.02176846524918509 0.04457543288389933 0
0.02218560462117302 0.04414811945000077 0
0.02686997790482931 0.04567988320824633 0
0.02405486830788627 0.04628069677482889 0
0.02203070348176277 0.04302324422057566 0
0.02773847147268026 0.04446176887131524 0
0.02393199683807561 0.04673967373935459 0
0.02834657137865424 0.04198783770992649 0
0.02798526361234163 0.04273874143161714 0
0.02467310029325632 0.04633421751227938 0
0.02614872956951361 0.0461323893532196 0
0.02304233823053799 0.04103530307552921 0
0.02592897668438964 0.04047682435541394 0
0.02782594381852866 0.04104969511094323 0
0.02667866785110296 0.04507577492657221 0
0.02568211222345499 0.04569421222021842 0
0.02445857821343082 0.03970917134179409 0
0.0249848292193734 0.04026906934683651 0
0.02690120242494361 0.04079392640683264 0
0.02258177919951212 0.0450998684961805 0
0.02224030759343163 0.04103867213468625 0
0.02576122039827956 0.04209941790006277 0
0.02589509635445627 0.04498981251753087 0
0.0272254404422642 0.04321093987966983 0
0.02658724810052186 0.04602911121589934 0
0.02761106411799227 0.04498776289722387 0
0.02518906529134147 0.04645133119299352 0
0.02283829800271055 0.04344792347648437 0
2 8 0 107
1546
1547
1548
1549
1550
1551
1552
1553
1554
1555
1556
1557
1558
1559
1560
1561
1562
1563
1564
1565
1566
1567
1568
1569
1570
1571
1572
1573
1574
1575
1576
1577
1578
1579
1580
1581
1582
1583
1584
1585
1586
1587
1588
1589
1590
1591
1592
1593
1594
1595
1596
1597
1598
1599
1600
1601
1602
1603
1604
1605
1606
1607
1608
1609
1610
1611
1612
1613
1614
1615
1616
1617
1618
1619
1620
1621
1622
1623
1624
1625
1626
1627
1628
1629
1630
1631
1632
1633
1634
1635
1636
1637
1638
1639
1640
1641
1642
1643
1644
1645
1646
1647
1648
1649
1650
1651
1652
-0.02733554875758363 0.04077691247702538 0
-0.02253889097397578 0.04582418995364628 0
-0.02734580813992032 0.04586223570828937 0
-0.02267311603307115 0.04083719012606175 0
-0.02846136409746558 0.04304187680978289 0
-0.0250873642520358 0.03992307247208059 0
-0.02503628783651186 0.04674791589547616 0
-0.02157134030063333 0.04307850565592418 0
-0.02176291410101684 0.04456755420267838 0
-0.02822627528515622 0.0446369763011419 0
-0.02656858445420132 0.04652604369473272 0
-0.02345094079950612 0.04653999918358308 0
-0.02603580677436991 0.03994456087180815 0
-0.02403157689465436 0.04006612650901776 0
-0.02199396527708172 0.0415657352327517 0
-0.0280432799266285 0.04151021995885547 0
-0.0219760787734163 0.04510714781329166 0
-0.02234256663380489 0.04467715736462776 0
-0.02214619233790236 0.04410451459330465 0
-0.02282351249922361 0.04423658994815232 0
-0.0225575733393422 0.04353741454609162 0
-0.02335006713661899 0.04368085021672099 0
-0.02361844925215366 0.0445963404289995 0
-0.02452365528672416 0.04381241960171566 0
-0.02401581535730172 0.04278485042583975 0
-0.0255410448329587 0.0428112696711196 0
-0.02576806828265569 0.04426247871637298 0
-0.02670458138616189 0.04354766274206027 0
-0.02628613093671298 0.04189386754892895 0
-0.02547919058439305 0.04144608101521454 0
-0.02393919371746683 0.04126364017517087 0
-0.02703444968199389 0.04454597338067517 0
-0.02631785938105359 0.04532564342258273 0
-0.02535285977073696 0.04527398714781011 0
-0.02749877009455487 0.04248956825434803 0
-0.02621081646591519 0.04109957497141169 0
-0.02754916947029228 0.04381426282042031 0
-0.02524426451824417 0.04063235236831855 0
-0.02577246848587599 0.04598228686864388 0
-0.02249891385258449 0.04524800965872484 0
-0.02502452970587864 0.04601952841757655 0
-0.02433162942751867 0.04545539003576453 0
-0.02353607440069165 0.04551110058102297 0
-0.02427986891998469 0.0461889608669264 0
-0.02685466749268504 0.0412866199242742 0
-0.02670105066513923 0.04068517370500847 0
-0.02295752262040253 0.0449155559428452 0
-0.02744777559910952 0.04134923428697643 0
-0.02158857099099475 0.04403748673078305 0
-0.02193022285849158 0.04354820924448574 0
-0.02220726807959547 0.0429411625620705 0
-0.02168707787715612 0.04251723449911558 0
-0.02232068010419111 0.04219522441848869 0
-0.02293850623098721 0.0428641003906184 0
-0.02330575696793982 0.04198932519231804 0
-0.02318884716700599 0.04128367493145902 0
-0.02358792615362971 0.04065446647707005 0
-0.02421396032014552 0.0406748283433429 0
-0.02705822830268503 0.04525910766298269 0
-0.0276260361531441 0.04490270313867372 0
-0.02344342531466268 0.04011018664067538 0
-0.02311360543734823 0.04607087295521756 0
-0.02220143185542501 0.04111672743118733 0
-0.02260347318195808 0.04151345471156054 0
-0.02447084338985375 0.03979054547040339 0
-0.02772761312487158 0.04544845258158686 0
-0.02840676690095781 0.04412366591284953 0
-0.02854045194346179 0.04356659038336985 0
-0.02798709645113001 0.04338167822982407 0
-0.02393546101784613 0.04662465219679151 0
-0.02699999999999999 0.04623473141606389 0
-0.02602869252078905 0.04663749450234962 0
-0.02548192788604273 0.04646439768172902 0
-0.02558567838383046 0.03977531855448057 0
-0.02446735281020461 0.04678566766725713 0
-0.02829514112049976 0.04201830034759001 0
-0.02846136409746558 0.04251123642148708 0
-0.02656757335222322 0.04014484141699059 0
-0.02301145909390252 0.04037831280614981 0
-0.02794996304398653 0.04281667615624212 0
-0.02809775102640911 0.04511589751771422 0
-0.02142745693816038 0.04356953735448834 0
-0.02681139225223463 0.0457186303932236 0
-0.02468600874112228 0.04029389306270205 0
-0.02780554168558404 0.04432383231766055 0
-0.02171511131273494 0.04199323577493719 0
-0.02702965109961973 0.04032431878684618 0
-0.0277638140542068 0.04200859115769349 0
-0.02712707360556947 0.04193224256044543 0
-0.02617756747674485 0.04050005136955139 0
-0.02639323263621294 0.04602527039434224 0
-0.02781275337358099 0.04105298718359261 0
-0.02376870156374052 0.04602404356580819 0
-0.02741465274800852 0.04311916496287619 0
-0.02565039867678484 0.04025257698597957 0
-0.02215986842234856 0.04556619954332355 0
-0.02292900145700054 0.04551394581829137 0
-0.02470200981814495 0.04643551821180906 0
-0.02476234140165563 0.04108591674636558 0
-0.02451161603667706 0.0418440526257381 0
-0.02311533711190234 0.04078841108518516 0
-0.02471893240395783 0.04468012318613256 0
-0.02676204226732774 0.04263229595662975 0
-0.0255474865333246 0.04691049608264964 0
-0.02800765134500785 0.04237473201195067 0
-0.02805780529028519 0.04384200593282486 0
-0.02577171065548387 0.04074010627963816 0
2 9 0 104
1653
1654
1655
1656
1657
1658
1659
1660
1661
1662
1663
1664
1665
1666
1667
1668
1669
1670
1671
1672
1673
1674
1675
1676
1677
1678
1679
1680
1681
1682
1683
1684
1685
1686
1687
1688
1689
1690
1691
1692
1693
1694
1695
1696
1697
1698
1699
1700
1701
1702
1703
1704
1705
1706
1707
1708
1709
1710
1711
1712
1713
1714
1715
1716
1717
1718
1719
1720
1721
1722
1723
1724
1725
1726
1727
1728
1729
1730
1731
1732
1733
1734
1735
1736
1737
1738
1739
1740
1741
1742
1743
1744
1745
1746
1747
1748
1749
1750
1751
1752
1753
1754
1755
1756
-0.05350003823911218 0.0003418759978846668 0
-0.04645764300521058 -0.0002274389947776285 0
-0.05000000000000003 -0.003471069912940467 0
-0.04999880901177253 0.003506650943672718 0
-0.04775977934974343 0.002556137112911289 0
-0.05233027539529495 0.002541570894574286 0
-0.05233969925926085 -0.002556041180925579 0
-0.04772687561053782 -0.00252132641662558 0
-0.04676704239994849 0.001280265698181759 0
-0.05323682626951595 -0.001327650886714339 0
-0.046768872138335 -0.001268124237641046 0
-0.05102311581758124 -0.003316860015788369 0
-0.05102311581758121 0.003316860015788385 0
-0.04850595609168118 -0.003084008709970449 0
-0.04895186260914163 0.003336487692545167 0
-0.05302305562783093 0.001845966525707943 0
-0.05157509658196446 -0.00314956566730428 0
-0.0511726703678612 -0.002745211564639396 0
-0.05060449268901292 -0.002889896856508653 0
-0.05077191457411949 -0.002230446923389879 0
-0.05008490928496426 -0.002459707482987456 0
-0.05021651866807716 -0.001629452394666225 0
-0.05122511219222162 -0.001468133797749837 0
-0.05051351918242585 -0.0004979688801514604 0
-0.04926979048697746 -0.0009420723345330835 0
-0.04943914169463453 0.0005301528841413911 0
-0.05173757741011897 -0.0004284849963161268 0
-0.04825797663460662 5.630590824308435e-05 0
-0.04870496848933063 0.001543830011639411 0
-0.04998289220664118 0.001769398558775866 0
-0.04801715470889371 -0.00107154769244316 0
-0.04869487932888386 -0.001847912574357463 0
-0.05210860288424154 -0.001182562467350907 0
-0.05269384953323027 -0.0003828149089519138 0
-0.05228584554508582 0.0004104547840322113 0
-0.05100650976885098 0.0007371599260519829 0
-0.05112619880245314 0.001964743022020516 0
-0.04776223769477794 0.001082669677101117 0
-0.04924522993117156 0.00237791281566986 0
-0.0505096500040663 0.002464650630236743 0
-0.04745775792138529 -0.0003122721557257381 0
-0.0517510498051902 -0.002589555091575939 0
-0.05192152804514608 0.001290702445095147 0
-0.04838221087199535 0.00223562975796811 0
-0.04794079631810147 -0.0018995683410123 0
-0.05264038283910612 0.001054517477159323 0
-0.0474399345675834 -0.001467790363153387 0
-0.05138766847497461 -0.002195672355282995 0
-0.05202758283671063 -0.00192215932097237 0
-0.05273745764838993 -0.002115497313394919 0
-0.04832020038640176 -0.002489116146460458 0
-0.04898122093611053 -0.00262772774888031 0
-0.04904586920700468 -0.003297959684363632 0
-0.04960027469835486 -0.002927544289026949 0
-0.05201264245130875 0.002004533657503528 0
-0.05166293790127986 0.002599327233494334 0
-0.05253934733463492 0.002023372166278872 0
-0.04845004697983146 0.003154561319794328 0
-0.05054070249493364 0.003457775375467865 0
-0.0469252811385366 0.001775189762348322 0
-0.04727115939927237 0.002133888869099588 0
-0.0478839670498349 0.001846232046373649 0
-0.04801969297643456 0.002998310833894978 0
-0.05318964390203597 0.001271321520055888 0
-0.05300426256549379 0.0006772992309949064 0
-0.04694499556869461 -0.001750407972818716 0
-0.04733755280663832 -0.002080786720943662 0
-0.04719416262146877 -0.0009057469650475273 0
-0.05049927024033928 -0.003450679626393127 0
-0.04655521066541006 0.0007342273827266554 0
-0.0471293799490374 0.0008477566354119993 0
-0.04690913246069824 0.0001548956246084918 0
-0.0474741697188148 0.0003312763963599151 0
-0.04656872674537826 -0.0007867183703702662 0
-0.04801181457623718 -0.002937175763613277 0
-0.05341198723296757 -0.0002085660426420633 0
-0.05330556719647499 -0.0007857875506600857 0
-0.04945054216143165 0.003442887682558962 0
-0.04968560098657979 0.002956490737637343 0
-0.05289202512857403 0.000173638116925821 0
-0.05153563930856441 0.003117992601044938 0
-0.04947459890056136 -0.002072402804075247 0
-0.04882718560727983 0.002780394197904874 0
-0.04732801657342178 0.001503163229448827 0
-0.05311836835566598 -0.001785395349727944 0
-0.05271717542266663 -0.0009853422868921448 0
-0.0520286619349406 0.00297550056425921 0
-0.04949828418959781 -0.003522575471493656 0
-0.05010728153773353 -0.002993615913848285 0
-0.05106905099739086 0.002684629519464179 0
-0.04691748455082823 -0.0004154561722625337 0
-0.04639333256528367 0.0002515706154524458 0
-0.0520319609707701 -0.002977317896963126 0
-0.05269543637404586 -0.001510134119654891 0
-0.05284484214433946 0.002268685905681877 0
-0.0534943118469374 0.0008131373022567617 0
-0.05024530761815304 0.002988807840220915 0
-0.05226635304684092 -0.0007399364952375842 0
-0.04923208425912089 0.002978834625263242 0
-0.04990632263215575 0.002452198783549172 0
-0.05257420291247442 0.001561072965360995 0
-0.0507066873646748 0.002974697634238571 0
-0.04833422296259615 0.002717784545195777 0
-0.04854108112833743 0.0008032396202812508 0
2 10 0 109
1757
1758
1759
1760
1761
1762
1763
1764
1765
1766
1767
1768
1769
1770
1771
1772
1773
1774
1775
1776
1777
1778
1779
1780
1781
1782
1783
1784
1785
1786
1787
1788
1789
1790
1791
1792
1793
1794
1795
1796
1797
1798
1799
1800
1801
1802
1803
1804
1805
1806
1807
1808
1809
1810
1811
1812
1813
1814
1815
1816
1817
1818
1819
1820
1821
1822
1823
1824
1825
1826
1827
1828
1829
1830
1831
1832
1833
1834
1835
1836
1837
1838
1839
1840
1841
1842
1843
1844
1845
1846
1847
1848
1849
1850
1851
1852
1853
1854
1855
1856
1857
1858
1859
1860
1861
1862
1863
1864
1865
-0.02732980983194509 -0.04592355061059744 0
-0.02265140565903027 -0.04075433325492643 0
-0.02729473947127446 -0.04080064261729936 0
-0.02262919580034998 -0.04585099621001824 0
-0.02846574352051642 -0.04303795438952664 0
-0.02500000000000005 -0.0467723401021624 0
-0.02500000000000002 -0.03983020027628146 0
-0.02148986404299462 -0.04354411873943233 0
-0.02176370344365661 -0.04193542954771161 0
-0.02822857349358616 -0.04456910584918974 0
-0.02803131293360153 -0.04151883667507643 0
-0.02650952993208336 -0.04016713490129364 0
-0.02343776671784007 -0.040075696264171 0
-0.02397688418241884 -0.04661813020501031 0
-0.02602815898128609 -0.04662177232360207 0
-0.0219517558048793 -0.04513368967942945 0
-0.02342480184749019 -0.04645074931958078 0
-0.02382608940631557 -0.04605307582894617 0
-0.02450707396095219 -0.04626956837430181 0
-0.02424574445928664 -0.04555197115214069 0
-0.02494715407062305 -0.04575474378921342 0
-0.02481959847966489 -0.04496961457604602 0
-0.02373335536121138 -0.04473001601980094 0
-0.02452544579704584 -0.04380628341872581 0
-0.02589642210938504 -0.04427105917995849 0
-0.02534150074087657 -0.04259251803188881 0
-0.0239722053487825 -0.04258929819511452 0
-0.0246116506345898 -0.04159815158435387 0
-0.02625946284340291 -0.04187591217672347 0
-0.02667626559870848 -0.04293301307321679 0
-0.02706657704111781 -0.04413845960004971 0
-0.02637984284681923 -0.0451711797014996 0
-0.0236303006556327 -0.04138527282883287 0
-0.02559581183312544 -0.04070446745416284 0
-0.02286446879582791 -0.04213547015599625 0
-0.02300079024354018 -0.04309145708952737 0
-0.02707974270677059 -0.04202937543183648 0
-0.02428315305420238 -0.04077260888547887 0
-0.02752623350595221 -0.04337639582673345 0
-0.0271719645311059 -0.04495325987363407 0
-0.0222768442589906 -0.04273534826753313 0
-0.02324958441182868 -0.04591636891123946 0
-0.02238214281548314 -0.04350588844382131 0
-0.02294240071826689 -0.04400349720636812 0
-0.02222918493096793 -0.04421503068882843 0
-0.02278744055932857 -0.04472154711530028 0
-0.02678848280820372 -0.04129244292786653 0
-0.02362224690646489 -0.04551077084258694 0
-0.02302659263089041 -0.04535737899892385 0
-0.02286682162016769 -0.04136821947662755 0
-0.02233379579872737 -0.04170172908426512 0
-0.02781491655117765 -0.04406586230253608 0
-0.02813474800156058 -0.04355909358906827 0
-0.02247433683613798 -0.04522662771491087 0
-0.02697228244843756 -0.04034669263026341 0
-0.02660280011373518 -0.04068945585264847 0
-0.02745596994637127 -0.04146250757669506 0
-0.02842739378091342 -0.04402391375325667 0
-0.02140438494649698 -0.04303489835065285 0
-0.02830109071324798 -0.04205600901811076 0
-0.02773888443613463 -0.04204225336127523 0
-0.02808130090189236 -0.0425586457373397 0
-0.0274968244778985 -0.0426469739543335 0
-0.02445899080664005 -0.04683022117947408 0
-0.02807471886146343 -0.04507645995157022 0
-0.02766714033835899 -0.04465141540652413 0
-0.02392370573812824 -0.03995269113945581 0
-0.02169542774522251 -0.0425507366287954 0
-0.02601970591067335 -0.03992946143956529 0
-0.0254931121461003 -0.04675284947735994 0
-0.02556364899053856 -0.04617599917202241 0
-0.02615066332690483 -0.04603402119325901 0
-0.0256262216373226 -0.04539610293533316 0
-0.02655138666839817 -0.0464275044504648 0
-0.02671958338815686 -0.04585542296413202 0
-0.02176887256403809 -0.044610703565617 0
-0.02308038201299464 -0.0404057749532224 0
-0.02319038848583966 -0.04090640284225915 0
-0.0255291566101463 -0.03979054547040338 0
-0.02155712069648697 -0.04409242081606663 0
-0.02447084338985375 -0.03979054547040338 0
-0.02469659079924306 -0.04032853516600794 0
-0.02772037005096849 -0.04552448930507685 0
-0.02224981469086201 -0.04115918562102389 0
-0.02524674542667281 -0.04028505966688836 0
-0.02369058262804449 -0.04052598767941386 0
-0.02701894781918703 -0.04628008918972959 0
-0.02188769667287448 -0.04148201388854395 0
-0.022186848008485 -0.04221174273686031 0
-0.02780383698716612 -0.0410821112128353 0
-0.02608525655611313 -0.04043704826389342 0
-0.02706745485359776 -0.04545391178526637 0
-0.02860851011111101 -0.0435716906379538 0
-0.02497976030816995 -0.04085783208772668 0
-0.02295580079345814 -0.0462974352812712 0
-0.02854159510003819 -0.04249292421870608 0
-0.02794097008156401 -0.04303581269940031 0
-0.02506870362245788 -0.04625860182076583 0
-0.02193804074649407 -0.04377790104799183 0
-0.02613883962778207 -0.04107685751770535 0
-0.0218885357114449 -0.04316899144605721 0
-0.02214302360533333 -0.04557757795225603 0
-0.02363483949376935 -0.04364411038590735 0
-0.02549773914015913 -0.04145899097479656 0
-0.02568903563980176 -0.04021446344209741 0
-0.02421297512189438 -0.04027407366815197 0
-0.02754032972709891 -0.04513190726441433 0
-0.02224231813907037 -0.0447815197528172 0
-0.02671735851689017 -0.04468029828386893 0
2 11 0 111
1866
1867
1868
1869
1870
1871
1872
1873
1874
1875
1876
1877
1878
1879
1880
1881
1882
1883
1884
1885
1886
1887
1888
1889
1890
1891
1892
1893
1894
1895
1896
1897
1898
1899
1900
1901
1902
1903
1904
1905
1906
1907
1908
1909
1910
1911
1912
1913
1914
1915
1916
1917
1918
1919
1920
1921
1922
1923
1924
1925
1926
1927
1928
1929
1930
1931
1932
1933
1934
1935
1936
1937
1938
1939
1940
1941
1942
1943
1944
1945
1946
1947
1948
1949
1950
1951
1952
1953
1954
1955
1956
1957
1958
1959
1960
1961
1962
1963
1964
1965
1966
1967
1968
1969
1970
1971
1972
1973
1974
1975
1976
0.02253316125346135 -0.04582523545496142 0
0.027360927125679 -0.04075679589228873 0
0.02734845755076212 -0.04579472885968513 0
0.02229659076848783 -0.04111858320563552 0
0.02439758476202688 -0.03984666263812489 0
0.02491127850136367 -0.04682518021248468 0
0.02142433760223346 -0.04357909260055786 0
0.02845737748236348 -0.04358810439009307 0
0.02602809276896151 -0.03996766427603964 0
0.0282484302480471 -0.042064533136661 0
0.02161595705673981 -0.04252888447036675 0
0.02606621336777569 -0.04672950610383431 0
0.02304499535197111 -0.04042712334146115 0
0.02349395920743492 -0.04642859611909404 0
0.0279930125651426 -0.04502830909726638 0
0.021768872138335 -0.04456939442686296 0
0.0240124104514696 -0.04668140430468054 0
0.02398863822683108 -0.04611725756191508 0
0.02346430109211789 -0.04581225571743735 0
0.02404205450876455 -0.04546475979148351 0
0.02345470762759802 -0.04509581379335975 0
0.02408364371292123 -0.04460267285274639 0
0.02486719743568211 -0.04519110734147273 0
0.02500298426397845 -0.0439850881909909 0
0.02374702555432441 -0.04336934967134888 0
0.0252401504382626 -0.04254441882450318 0
0.02636695522610229 -0.04347155825802662 0
0.02647085120951772 -0.04231617582011372 0
0.0250487149384003 -0.0413768285954501 0
0.02726960111205826 -0.04277644593649245 0
0.02731313392061886 -0.04395970866756387 0
0.02660492661173324 -0.04450980464030583 0
0.02632611885541725 -0.04099327862393053 0
0.02399392650424898 -0.04195318641166566 0
0.02292290203175686 -0.0425172382762378 0
0.02271656083776723 -0.04373817784088458 0
0.02430145121777267 -0.04089231332425921 0
0.02724471118625392 -0.04193054306877438 0
0.02309219905308238 -0.04171179412591459 0
0.02240382870970234 -0.04196395023783348 0
0.02508985243910503 -0.04065184855195066 0
0.02225628472451855 -0.04302062896907239 0
0.02448983226440338 -0.04642945743442348 0
0.0273260379549752 -0.04469158335003325 0
0.02686063397042234 -0.04528325996162075 0
0.02597173274877372 -0.0453378114744007 0
0.02542442965296296 -0.04592140805565384 0
0.02639571817859 -0.04592173564907515 0
0.02790520349427384 -0.04437219392077692 0
0.02459963689602094 -0.04587478951723503 0
0.02746252141649376 -0.04526506548842872 0
0.02779602449956644 -0.04335510716105517 0
0.02201587308122322 -0.04153783841832558 0
0.02805208214142011 -0.04158627189822865 0
0.02699999999999999 -0.04623473141606389 0
0.0284403896312212 -0.04303320094898172 0
0.0279774309126123 -0.04271939048151367 0
0.02549872000063635 -0.04661614110099157 0
0.02197694598455478 -0.04510732750618722 0
0.02233866327241141 -0.04469272606812326 0
0.02248330265616966 -0.0452465387171701 0
0.02219919036812167 -0.04415909176786878 0
0.02552915661014628 -0.03979054547040339 0
0.02559711482260813 -0.04034361688775328 0
0.02259802594273409 -0.04066324555608952 0
0.02297519629362334 -0.04106327669182099 0
0.02358445370358822 -0.04069763611599297 0
0.02352309069720484 -0.04013917512892598 0
0.02359930379355997 -0.04128534713131474 0
0.02157001390593108 -0.04311741282689101 0
0.02495561147283265 -0.03979023173304191 0
0.02848877306398514 -0.04252889503665039 0
0.026546379184244 -0.04013446394013984 0
0.02700000000000001 -0.04036780896237999 0
0.02842680259119531 -0.04412135909538092 0
0.02654045194346178 -0.04650005161021179 0
0.02299578203055426 -0.04615191518244852 0
0.02161560215627337 -0.04404246809061528 0
0.0217686357590825 -0.04202696246718297 0
0.02777579848711772 -0.04108764476284553 0
0.02724438800195224 -0.04132847188274458 0
0.02218637984433814 -0.04245379435535709 0
0.02686997790482931 -0.04092265717019754 0
0.02329574081219547 -0.04431558245637509 0
0.02405487357055774 -0.04032183904301755 0
0.02196366493247423 -0.04360947868264832 0
0.02773853321293004 -0.04214067115524157 0
0.0228884039119247 -0.04483337425149519 0
0.02393199758988582 -0.03986286598757535 0
0.02834657137865424 -0.04461470266851738 0
0.02798528847165237 -0.04386374908159433 0
0.0246731268839704 -0.04026829278887294 0
0.02614872956951361 -0.04047015102522427 0
0.0259289783811551 -0.04612571261949212 0
0.02782594381852866 -0.04555284526750063 0
0.02667866785110296 -0.04152676545187165 0
0.02568229221867017 -0.0409081229378816 0
0.02445857821343081 -0.04689336903664977 0
0.02498477946307746 -0.04633339526415772 0
0.02215986059448103 -0.04556620578583958 0
0.02296710671107663 -0.04545267691906777 0
0.02690120242494361 -0.04580861397161123 0
0.02258214187219344 -0.04150235993708782 0
0.02268771184048409 -0.04434779047694938 0
0.02576275925725396 -0.04449907398103936 0
0.02589576175071062 -0.04161195157868366 0
0.0272254404422642 -0.04339160049877405 0
0.02658724810052186 -0.04057342916254452 0
0.0276111026059348 -0.04161472055356694 0
0.02518909113024534 -0.04015117975967272 0
0.02283829800271055 -0.0431546169019595 0
2 12 0 1839
1977
1978
1979
1980
1981
1982
1983
1984
1985
1986
1987
1988
1989
1990
1991
1992
1993
1994
1995
1996
1997
1998
1999
2000
2001
2002
2003
2004
2005
2006
2007
2008
2009
2010
2011
2012
2013
2014
2015
2016
2017
2018
2019
2020
2021
2022
2023
2024
2025
2026
2027
2028
2029
2030
2031
2032
2033
2034
2035
2036
2037
2038
2039
2040
2041
2042
2043
2044
2045
2046
2047
2048
2049
2050
2051
2052
2053
2054
2055
2056
2057
2058
2059
2060
2061
2062
2063
2064
2065
2066
2067
2068
2069
2070
2071
2072
2073
2074
2075
2076
2077
2078
2079
2080
2081
2082
2083
2084
2085
2086
2087
2088
2089
2090
2091
2092
2093
2094
2095
2096
2097
2098
2099
2100
2101
2102
2103
2104
2105
2106
2107
2108
2109
2110
2111
2112
2113
2114
2115
2116
2117
2118
2119
2120
2121
2122
2123
2124
2125
2126
2127
2128
2129
2130
2131
2132
2133
2134
2135
2136
2137
2138
2139
2140
2141
2142
2143
2144
2145
2146
2147
2148
2149
2150
2151
2152
2153
2154
2155
2156
2157
2158
2159
2160
2161
2162
2163
2164
2165
2166
2167
2168
2169
2170
2171
2172
2173
2174
2175
2176
2177
2178
2179
2180
2181
2182
2183
2184
2185
2186
2187
2188
2189
2190
2191
2192
2193
2194
2195
2196
2197
2198
2199
2200
2201
2202
2203
2204
2205
2206
2207
2208
2209
2210
2211
2212
2213
2214
2215
2216
2217
2218
2219
2220
2221
2222
2223
2224
2225
2226
2227
2228
2229
2230
2231
2232
2233
2234
2235
2236
2237
2238
2239
2240
2241
2242
2243
2244
2245
2246
2247
2248
2249
2250
2251
2252
2253
2254
2255
2256
2257
2258
2259
2260
2261
2262
2263
2264
2265
2266
2267
2268
2269
2270
2271
2272
2273
2274
2275
2276
2277
2278
2279
2280
2281
2282
2283
2284
2285
2286
2287
2288
2289
2290
2291
2292
2293
2294
2295
2296
2297
2298
2299
2300
2301
2302
2303
2304
2305
2306
2307
2308
2309
2310
2311
2312
2313
2314
2315
2316
2317
2318
2319
2320
2321
2322
2323
2324
2325
2326
2327
2328
2329
2330
2331
2332
2333
2334
2335
2336
2337
2338
2339
2340
2341
2342
2343
2344
2345
2346
2347
2348
2349
2350
2351
2352
2353
2354
2355
2356
2357
2358
2359
2360
2361
2362
2363
2364
2365
2366
2367
2368
2369
2370
2371
2372
2373
2374
2375
2376
2377
2378
2379
2380
2381
2382
2383
2384
2385
2386
2387
2388
2389
2390
2391
2392
2393
2394
2395
2396
2397
2398
2399
2400
2401
2402
2403
2404
2405
2406
2407
2408
2409
2410
2411
2412
2413
2414
2415
2416
2417
2418
2419
2420
2421
2422
2423
2424
2425
2426
2427
2428
2429
2430
2431
2432
2433
2434
2435
2436
2437
2438
2439
2440
2441
2442
2443
2444
2445
2446
2447
2448
2449
2450
2451
2452
2453
2454
2455
2456
2457
2458
2459
2460
2461
2462
2463
2464
2465
2466
2467
2468
2469
2470
2471
2472
2473
2474
2475
2476
2477
2478
2479
2480
2481
2482
2483
2484
2485
2486
2487
2488
2489
2490
2491
2492
2493
2494
2495
2496
2497
2498
2499
2500
2501
2502
2503
2504
2505
2506
2507
2508
2509
2510
2511
2512
2513
2514
2515
2516
2517
2518
2519
2520
2521
2522
2523
2524
2525
2526
2527
2528
2529
2530
2531
2532
2533
2534
2535
2536
2537
2538
2539
2540
2541
2542
2543
2544
2545
2546
2547
2548
2549
2550
2551
2552
2553
2554
2555
2556
2557
2558
2559
2560
2561
2562
2563
2564
2565
2566
2567
2568
2569
2570
2571
2572
2573
2574
2575
2576
2577
2578
2579
2580
2581
2582
2583
2584
2585
2586
2587
2588
2589
2590
2591
2592
2593
2594
2595
2596
2597
2598
2599
2600
2601
2602
2603
2604
2605
2606
2607
2608
2609
2610
2611
2612
2613
2614
2615
2616
2617
2618
2619
2620
2621
2622
2623
2624
2625
2626
2627
2628
2629
2630
2631
2632
2633
2634
2635
2636
2637
2638
2639
2640
2641
2642
2643
2644
2645
2646
2647
2648
2649
2650
2651
2652
2653
2654
2655
2656
2657
2658
2659
2660
2661
2662
2663
2664
2665
2666
2667
2668
2669
2670
2671
2672
2673
2674
2675
2676
2677
2678
2679
2680
2681
2682
2683
2684
2685
2686
2687
2688
2689
2690
2691
2692
2693
2694
2695
2696
2697
2698
2699
2700
2701
2702
2703
2704
2705
2706
2707
2708
2709
2710
2711
2712
2713
2714
2715
2716
2717
2718
2719
2720
2721
2722
2723
2724
2725
2726
2727
2728
2729
2730
2731
2732
2733
2734
2735
2736
2737
2738
2739
2740
2741
2742
2743
2744
2745
2746
2747
2748
2749
2750
2751
2752
2753
2754
2755
2756
2757
2758
2759
2760
2761
2762
2763
2764
2765
2766
2767
2768
2769
2770
2771
2772
2773
2774
2775
2776
2777
2778
2779
2780
2781
2782
2783
2784
2785
2786
2787
2788
2789
2790
2791
2792
2793
2794
2795
2796
2797
2798
2799
2800
2801
2802
2803
2804
2805
2806
2807
2808
2809
2810
2811
2812
2813
2814
2815
2816
2817
2818
2819
2820
2821
2822
2823
2824
2825
2826
2827
2828
2829
2830
2831
2832
2833
2834
2835
2836
2837
2838
2839
2840
2841
2842
2843
2844
2845
2846
2847
2848
2849
2850
2851
2852
2853
2854
2855
2856
2857
2858
2859
2860
2861
2862
2863
2864
2865
2866
2867
2868
2869
2870
2871
2872
2873
2874
2875
2876
2877
2878
2879
2880
2881
2882
2883
2884
2885
2886
2887
2888
2889
2890
2891
2892
2893
2894
2895
2896
2897
2898
2899
2900
2901
2902
2903
2904
2905
2906
2907
2908
2909
2910
2911
2912
2913
2914
2915
2916
2917
2918
2919
2920
2921
2922
2923
2924
2925
2926
2927
2928
2929
2930
2931
2932
2933
2934
2935
2936
2937
2938
2939
2940
2941
2942
2943
2944
2945
2946
2947
2948
2949
2950
2951
2952
2953
2954
2955
2956
2957
2958
2959
2960
2961
2962
2963
2964
2965
2966
2967
2968
2969
2970
2971
2972
2973
2974
2975
2976
2977
2978
2979
2980
2981
2982
2983
2984
2985
2986
2987
2988
2989
2990
2991
2992
2993
2994
2995
2996
2997
2998
2999
3000
3001
3002
3003
3004
3005
3006
3007
3008
3009
3010
3011
3012
3013
3014
3015
3016
3017
3018
3019
3020
3021
3022
3023
3024
3025
3026
3027
3028
3029
3030
3031
3032
3033
3034
3035
3036
3037
3038
3039
3040
3041
3042
3043
3044
3045
3046
3047
3048
3049
3050
3051
3052
3053
3054
3055
3056
3057
3058
3059
3060
3061
3062
3063
3064
3065
3066
3067
3068
3069
3070
3071
3072
3073
3074
3075
3076
3077
3078
3079
3080
3081
3082
3083
3084
3085
3086
3087
3088
3089
3090
3091
3092
3093
3094
3095
3096
3097
3098
3099
3100
3101
3102
3103
3104
3105
3106
3107
3108
3109
3110
3111
3112
3113
3114
3115
3116
3117
3118
3119
3120
3121
3122
3123
3124
3125
3126
3127
3128
3129
3130
3131
3132
3133
3134
3135
3136
3137
3138
3139
3140
3141
3142
3143
3144
3145
3146
3147
3148
3149
3150
3151
3152
3153
3154
3155
3156
3157
3158
3159
3160
3161
3162
3163
3164
3165
3166
3167
3168
3169
3170
3171
3172
3173
3174
3175
3176
3177
3178
3179
3180
3181
3182
3183
3184
3185
3186
3187
3188
3189
3190
3191
3192
3193
3194
3195
3196
3197
3198
3199
3200
3201
3202
3203
3204
3205
3206
3207
3208
3209
3210
3211
3212
3213
3214
3215
3216
3217
3218
3219
3220
3221
3222
3223
3224
3225
3226
3227
3228
3229
3230
3231
3232
3233
3234
3235
3236
3237
3238
3239
3240
3241
3242
3243
3244
3245
3246
3247
3248
3249
3250
3251
3252
3253
3254
3255
3256
3257
3258
3259
3260
3261
3262
3263
3264
3265
3266
3267
3268
3269
3270
3271
3272
3273
3274
3275
3276
3277
3278
3279
3280
3281
3282
3283
3284
3285
3286
3287
3288
3289
3290
3291
3292
3293
3294
3295
3296
3297
3298
3299
3300
3301
3302
3303
3304
3305
3306
3307
3308
3309
3310
3311
3312
3313
3314
3315
3316
3317
3318
3319
3320
3321
3322
3323
3324
3325
3326
3327
3328
3329
3330
3331
3332
3333
3334
3335
3336
3337
3338
3339
3340
3341
3342
3343
3344
3345
3346
3347
3348
3349
3350
3351
3352
3353
3354
3355
3356
3357
3358
3359
3360
3361
3362
3363
3364
3365
3366
3367
3368
3369
3370
3371
3372
3373
3374
3375
3376
3377
3378
3379
3380
3381
3382
3383
3384
3385
3386
3387
3388
3389
3390
3391
3392
3393
3394
3395
3396
3397
3398
3399
3400
3401
3402
3403
3404
3405
3406
3407
3408
3409
3410
3411
3412
3413
3414
3415
3416
3417
3418
3419
3420
3421
3422
3423
3424
3425
3426
3427
3428
3429
3430
3431
3432
3433
3434
3435
3436
3437
3438
3439
3440
3441
3442
3443
3444
3445
3446
3447
3448
3449
3450
3451
3452
3453
3454
3455
3456
3457
3458
3459
3460
3461
3462
3463
3464
3465
3466
3467
3468
3469
3470
3471
3472
3473
3474
3475
3476
3477
3478
3479
3480
3481
3482
3483
3484
3485
3486
3487
3488
3489
3490
3491
3492
3493
3494
3495
3496
3497
3498
3499
3500
3501
3502
3503
3504
3505
3506
3507
3508
3509
3510
3511
3512
3513
3514
3515
3516
3517
3518
3519
3520
3521
3522
3523
3524
3525
3526
3527
3528
3529
3530
3531
3532
3533
3534
3535
3536
3537
3538
3539
3540
3541
3542
3543
3544
3545
3546
3547
3548
3549
3550
3551
3552
3553
3554
3555
3556
3557
3558
3559
3560
3561
3562
3563
3564
3565
3566
3567
3568
3569
3570
3571
3572
3573
3574
3575
3576
3577
3578
3579
3580
3581
3582
3583
3584
3585
3586
3587
3588
3589
3590
3591
3592
3593
3594
3595
3596
3597
3598
3599
3600
3601
3602
3603
3604
3605
3606
3607
3608
3609
3610
3611
3612
3613
3614
3615
3616
3617
3618
3619
3620
3621
3622
3623
3624
3625
3626
3627
3628
3629
3630
3631
3632
3633
3634
3635
3636
3637
3638
3639
3640
3641
3642
3643
3644
3645
3646
3647
3648
3649
3650
3651
3652
3653
3654
3655
3656
3657
3658
3659
3660
3661
3662
3663
3664
3665
3666
3667
3668
3669
3670
3671
3672
3673
3674
3675
3676
3677
3678
3679
3680
3681
3682
3683
3684
3685
3686
3687
3688
3689
3690
3691
3692
3693
3694
3695
3696
3697
3698
3699
3700
3701
3702
3703
3704
3705
3706
3707
3708
3709
3710
3711
3712
3713
3714
3715
3716
3717
3718
3719
3720
3721
3722
3723
3724
3725
3726
3727
3728
3729
3730
3731
3732
3733
3734
3735
3736
3737
3738
3739
3740
3741
3742
3743
3744
3745
3746
3747
3748
3749
3750
3751
3752
3753
3754
3755
3756
3757
3758
3759
3760
3761
3762
3763
3764
3765
3766
3767
3768
3769
3770
3771
3772
3773
3774
3775
3776
3777
3778
3779
3780
3781
3782
3783
3784
3785
3786
3787
3788
3789
3790
3791
3792
3793
3794
3795
3796
3797
3798
3799
3800
3801
3802
3803
3804
3805
3806
3807
3808
3809
3810
3811
3812
3813
3814
3815
-0.04811623784845063 -0.04844588106866747 0
-0.04792948703331868 0.0488006599976229 0
0.04949899910801665 -0.04712757989393844 0
0.04963400406682697 0.04705998102430849 0
-0.09662989867176031 0.07003940541963771 0
0.06949821190919055 0.09681586743779808 0
-0.06999999999999991 -0.09653589838486229 0
0.09644431926570379 -0.07012476845937676 0
0.06600131845651477 -0.09656643891067268 0
-0.09646029931657674 -0.0665704750830927 0
-0.06602346197443024 0.09645972172825223 0
0.09683400457210206 0.06600000000000003 0
0.05416771606273105 0.09712260790013982 0
-0.09655205948432324 0.05384249326661478 0
0.03953612854818022 -0.05607198066595817 0
-0.0539999999999999 -0.09653589838486219 0
-0.05603737925860289 -0.03916918474180889 0
0.09689179972626123 -0.05396176490350039 0
-0.0384002427417721 0.05652485122082933 0
0.09638337320023112 0.05025350921789841 0
0.04003737270223501 0.05546166761796992 0
-0.05614562433401954 0.03896166390399106 0
-0.03864234856110107 -0.05656855962737132 0
0.0571802050259809 -0.03749778124751741 0
0.04987869975727628 -0.09643716704219614 0
-0.09659922185951852 -0.04989032052458364 0
-0.05000000000000006 0.09673900386484353 0
0.05722988469789367 0.03751770041364756 0
-0.09700736278417528 0.04183015665288914 0
0.04220493006476653 0.09634042605350292 0
0.03777009474330251 -0.09649798814793949 0
-0.09684028262482826 -0.03798558575784451 0
-0.04182221035771805 -0.09685509456559556 0
-0.03800000000000008 0.0966178537639642 0
0.0966839140116906 -0.04199999999999986 0
0.09673178482535891 0.03783801505564172 0
0.07794288372927477 -0.09670176586197329 0
-0.09594063379481435 -0.07795411041579302 0
0.09653589838486229 0.07799999999999999 0
-0.07807363687710579 0.09685865870706024 0
-0.06387185570744824 0.02441404296274556 0
0.02920063051876123 0.06156334361564407 0
-0.02959506535417617 -0.09653956232572139 0
0.06305477712869088 -0.02609778470095149 0
0.02909253860521778 -0.06155310043922339 0
-0.06240818420517917 -0.02810641560138769 0
0.06499828940112175 0.02274478030100599 0
-0.02720952508783545 0.06260904376182787 0
-0.02749697007754916 -0.06283579574673964 0
0.02608717249111023 0.0969397303585567 0
0.02623645940524963 -0.09678523040096804 0
-0.09726034947652146 -0.02196775097159961 0
-0.02200476284856357 0.09619130171338326 0
-0.01556680381062042 -0.06658328667482201 0
0.09653589838486226 -0.02199999999999985 0
-0.09653589838486228 0.01799999999999989 0
-0.09667866915649299 0.02967605863884075 0
0.09653589838486226 0.01400000000000014 0
0.01370920144334816 0.09606142479518824 0
0.01397863849707793 -0.09615315249135511 0
-0.0677631907007501 -0.008286312103408744 0
-0.009971998669019617 0.09666031216146601 0
0.09658852299265087 0.02609114849441831 0
0.09731477243324811 -0.01011542280265052 0
-0.06827589497014182 0.004170126363793414 0
0.06806765701066096 0.00189681348511598 0
-0.003189657311951516 -0.06830435953533413 0
0.001105152350342681 0.06836986239259524 0
0.01771739399517373 -0.06602740790978347 0
0.01764098927921317 0.06616823836875657 0
0.06688855820525128 -0.01415176545754289 0
-0.01604153389034092 0.06674325566696866 0
-0.01797260768903737 -0.09632185809473434 0
-0.09608195260761614 -0.001683935352486559 0
0.001857314120009718 -0.09663717758286311 0
0.00199999999999987 0.09653589838486226 0
0.09666262955288581 0.002221816457945026 0
-0.08209073730939523 -0.09651360937420524 0
-0.09629185594913985 0.08203425624542657 0
0.09652084347553171 -0.08252713750907537 0
0.08196766149465864 0.09626954762431866 0
-0.06636763624744531 0.01654134166208524 0
0.005200347563282821 -0.06809102743008875 0
0.06811370993844718 -0.00634858506249102 0
-0.06631894969170064 -0.01640511064305979 0
0.009294016115332614 0.06774423008454529 0
0.06743794405675324 0.01039928360359779 0
0.06134890725700966 0.02990261233948501 0
-0.007223753719753365 0.06799615303453736 0
-0.06083839507547662 0.03230590072879579 0
0.05787993295204061 -0.0965597184846724 0
-0.09664505993073416 -0.05805884584443653 0
0.09670795258443421 0.05798344042928964 0
-0.05809122309900623 0.09644572416612113 0
0.09667022298590935 -0.03423839406845111 0
0.0341017010849422 0.09660296186208997 0
-0.09666436951841141 -0.03022603048131442 0
-0.0300000000000001 0.09653589838486228 0
-0.09653589838486226 -0.0140000000000001 0
-0.009999999999999863 -0.09653589838486226 0
-0.09652311496811458 0.009468332729013769 0
0.08600000000000003 -0.09653589838486226 0
-0.09653589838486226 -0.08600000000000003 0
0.09649319068206026 0.08598811942420813 0
-0.08558394853994473 0.09634406776903164 0
-0.06199999999999992 -0.09653589838486225 0
-0.09660060200290778 0.06211206995388827 0
0.09675031308913851 -0.06155293405514382 0
0.0619999999999999 0.09653589838486225 0
-0.09000000000000001 -0.09653589838486225 0
-0.09665628232122855 0.09017643420021043 0
0.09647606348409403 -0.08996915363268972 0
0.09002460522844302 0.09686138165859948 0
0.09411814956849573 -0.09671558569128563 0
-0.09663824409958055 -0.09396890972799619 0
0.09686416839508601 0.09395349063477312 0
-0.0940310023726795 0.09661643710914206 0
0.05485331597068979 -0.04082039230762423 0
0.058881456361857 -0.04115865387149679 0
0.0612216770120891 -0.03789749470966385 0
0.06287004893691715 -0.0415467084779978 0
0.06517112151130108 -0.03827967869835733 0
0.066838279935965 -0.04194749543705471 0
0.06451152814603466 -0.0451921038825564 0
0.06848264792934777 -0.04559978204831629 0
0.06614511515744738 -0.04884391908592203 0
0.07012356504463198 -0.04924769323202771 0
0.06778465406533053 -0.05249256264459116 0
0.06917563255938465 -0.03870239412488631 0
0.07176409550828765 -0.05289580925995747 0
0.0694251197568535 -0.05614071258782836 0
0.07340471608670679 -0.0565438772506572 0
0.07106575537222064 -0.05978877257851043 0
0.06708612131918386 -0.05938562789579797 0
0.06872679076356257 -0.06303366997087309 0
0.06474716048272217 -0.06263052329011254 0
0.06638784061488999 -0.06627855970781557 0
0.06240820832291621 -0.0658754140916132 0
0.07036747267612797 -0.06668170544552435 0
0.06404888984020976 -0.0695234497761249 0
0.06006925750488069 -0.06912030418287179 0
0.06170993929525991 -0.07276833972283295 0
0.05773030694876174 -0.07236519413549193 0
0.07410301429854566 -0.04965093628254805 0
0.05842857565122945 -0.06547226867640393 0
0.05937098879211654 -0.07601322964741189 0
0.0553913564432633 -0.0756100840613175 0
0.06335062114164176 -0.07641637523315059 0
0.05375067458735828 -0.07196204855604063 0
0.05141172409193129 -0.07520693847653515 0
0.04977104223561311 -0.07155890297147699 0
0.04743209174179584 -0.07480379289111945 0
0.04579140988567711 -0.07115575738595577 0
0.04345245939216137 -0.07440064730543859 0
0.04509314124814921 -0.07804868281067158 0
0.04111350889867961 -0.07764553722490344 0
0.05305240594760061 -0.07885497398193683 0
0.07504538001485697 -0.06019192224655085 0
0.07738432923245192 -0.05694703301404853 0
0.07902500787891728 -0.06059507021049463 0
0.06310647897127188 -0.05898248760442405 0
0.04813036037908965 -0.06791086746652752 0
0.06101167064582752 -0.07966126515385004 0
0.06499130299565839 -0.08006441073942695 0
0.03947282704267187 -0.07399750171968102 0
0.03713387654923053 -0.07724239163912443 0
0.04275419075467308 -0.08129357273013343 0
0.08136395762660407 -0.05735018068895817 0
0.08300463882142134 -0.06099821654233088 0
0.08066568821629909 -0.06424310651831461 0
0.04415072802952053 -0.06750772188081215 0
0.03549319469322624 -0.0735943561339002 0
0.03315424419979218 -0.07683924605333972 0
0.03479492605579362 -0.08048728155856551 0
0.03081529370635895 -0.08008413597277889 0
0.02917461185035705 -0.07643610046755334 0
0.02683566135692474 -0.07968099038699201 0
0.03245597556236052 -0.0837321714780046 0
0.06265235250189546 -0.08330930065904062 0
0.0666319848513403 -0.08371244624482184 0
0.06897093534477425 -0.08046755632538236 0
0.07061161720072297 -0.08411559183063601 0
0.07295056769407622 -0.08087070191189645 0
0.07459124955012633 -0.08451873741654876 0
0.076930200043483 -0.08127384749782564 0
0.07857088189955058 -0.08492188300238047 0
0.08090983239298108 -0.0816769930829494 0
0.07926915053550199 -0.07802895757984253 0
0.08324878288552677 -0.07843210316416691 0
0.06216406137046803 -0.04844153510759713 0
0.08255051424899354 -0.08532502858806446 0
0.08464532031274408 -0.06464625223996637 0
0.02519497950092293 -0.07603295488176644 0
0.0228560290074908 -0.07927784480120498 0
0.02449671086349249 -0.08292588030643061 0
0.02045410923173558 -0.08247734580526664 0
0.01886590177766975 -0.07886713439618841 0
0.01652520213750642 -0.082110763512422 0
0.01489577778792398 -0.07847084253522289 0
0.01255560872388804 -0.08171485409626224 0
0.04648677659893673 -0.06429147816557651 0
0.01091660002385554 -0.07806802461930785 0
0.008577725294651015 -0.08131296915039174 0
0.01021841977802405 -0.08496101375755821 0
0.006239081019851538 -0.08455807979541408 0
0.004598448095726658 -0.08091007956079564 0
0.002259556794046137 -0.08415501214626606 0
0.0005971258845560882 -0.08072186226028719 0
-0.00172367251173909 -0.0837877009307986 0
-0.003612111981244371 -0.07970713467158386 0
-0.005742171939959265 -0.08328859740624539 0
-0.007585717626131605 -0.0797128923170087 0
-0.009727277685099744 -0.08293760936919926 0
-0.011390870395993 -0.07951542513535137 0
-0.01367874233722263 -0.08257743644222396 0
-0.01533672819927961 -0.07915372139338785 0
-0.01764805097941343 -0.0821883599402094 0
-0.01930038779033437 -0.07867470560874801 0
-0.02162330058457691 -0.0817749141685756 0
-0.02327662755599331 -0.07825719829217766 0
-0.02560163704600323 -0.08136765826335018 0
-0.02724210292067036 -0.07771893770488481 0
-0.02957869391664304 -0.08094130845740571 0
-0.03121894652617906 -0.07728940558215386 0
-0.03355743222895703 -0.08052989774543501 0
-0.03519796507877205 -0.0768804847191788 0
-0.03753681327273075 -0.08012441209241924 0
-0.03917745324445573 -0.07647598657598888 0
-0.04151637970726291 -0.0797206510691935 0
-0.04315705057744759 -0.07607251299106146 0
-0.04549599523480614 -0.07931734824397652 0
-0.04713667428715937 -0.07566928653217922 0
-0.04932882699175812 -0.07884814220466212 0
-0.0510918384312259 -0.07525511739195498 0
-0.05342910925006199 -0.07869339857071916 0
-0.05508750106457684 -0.07489153487240235 0
-0.05745388710076846 -0.07794420084223487 0
-0.05907732937820896 -0.07443730777387139 0
-0.06141797919900749 -0.07767368410785258 0
-0.06305607101314337 -0.07404775341119438 0
-0.06539487305415895 -0.07729490853448458 0
-0.0670350984944469 -0.07365093469799547 0
-0.06469607193172916 -0.07040672172334639 0
-0.06867559079159366 -0.07000474344045554 0
-0.06633660870501909 -0.06676016089563135 0
-0.07031621687400093 -0.06635726108942933 0
-0.06797725708496977 -0.0631124633623574 0
-0.07195688385506174 -0.06270937410522889 0
-0.06961793088247281 -0.05946450893929459 0
-0.06937384361939836 -0.07689785956013888 0
-0.07359756188882352 -0.05906137686720123 0
-0.07125861075835144 -0.0558164933256291 0
-0.07429583341860349 -0.0659542734127771 0
-0.05275306891685565 -0.07162017027805849 0
-0.07523824277776475 -0.05541335105510199 0
-0.07289929212315593 -0.05216846275118454 0
-0.07687892439072354 -0.05176531798719429 0
-0.07453997385678431 -0.04852042847397542 0
-0.0656382981198462 -0.05986765865066575 0
-0.07851960618582254 -0.04811728309285774 0
-0.07618065568223997 -0.04487239327523407 0
-0.08016028802658283 -0.04446924774052766 0
-0.07782133753061043 -0.04122435784657175 0
-0.07384170518075323 -0.04162750343660596 0
-0.07548238703463545 -0.03797946795264474 0
-0.0794620193844931 -0.03757632236260569 0
-0.0771230688907078 -0.03433143244671044 0
-0.0792178748705113 -0.05501020804359888 0
-0.04479772332645261 -0.07242439224497883 0
-0.0689196597468593 -0.05257160860622521 0
-0.08110270124015341 -0.03392828686080523 0
-0.0787637507466389 -0.03068339694219349 0
-0.06772498856618482 -0.08046546047433559 0
-0.07170185064842841 -0.08003553205742159 0
-0.03683849577031093 -0.07323103165468293 0
-0.04783494006374728 -0.08256218518692668 0
-0.08274338309608645 -0.0302802513562686 0
-0.08040443260264291 -0.02703536143694493 0
-0.05977383711204871 -0.08135274842956512 0
-0.07642480025320718 -0.02743850702275115 0
-0.07806548210920899 -0.0237904715175249 0
-0.08204511445864283 -0.02338732593173774 0
-0.07970616396521032 -0.02014243601230375 0
-0.03589611436681687 -0.08377228717327856 0
-0.08249923851916645 -0.04771413766847962 0
-0.07150275468555482 -0.0383826135348878 0
-0.08368579631464425 -0.01973929042651593 0
-0.08134684582121207 -0.01649440050707802 0
-0.08413992037248649 -0.0440661021901555 0
-0.02395753271284561 -0.0849842422906617 0
-0.06235697109006154 -0.06716335771052086 0
-0.069862072829612 -0.04203064903952275 0
-0.07335161208977831 -0.07647721919907662 0
-0.07569025193670148 -0.07971919332263591 0
-0.07733239528250971 -0.07608562562591047 0
-0.07967153758315813 -0.0793324408807858 0
-0.08131249498866361 -0.07568713756621628 0
-0.07392569746495835 -0.08315021304686052 0
-0.08365152337488253 -0.07893280374000362 0
-0.08529226413793262 -0.07528535297561215 0
-0.08201085450101193 -0.08258096862095407 0
-0.08295332346234181 -0.07204056051297936 0
-0.02455448642453585 -0.07427929703059312 0
-0.08508233358952086 -0.03352514127568411 0
-0.06752312233589527 -0.03878575912293919 0
-0.06588244047985597 -0.0424337946285422 0
-0.08532647817064593 -0.01609125492129091 0
-0.08298752767721382 -0.01284636500185253 0
-0.07900789532777998 -0.01324951058763964 0
-0.08059072841582961 -0.00964317307763277 0
-0.08461856807189018 -0.009205279162496718 0
-0.08227801066823717 -0.005961547520703178 0
-0.004066674994838024 -0.08699272838067484 0
0.08534358908224289 -0.05775332674818401 0
0.08370290718705177 -0.0541052912623449 0
0.01807205183339061 -0.08569116381810145 0
-0.07824026173248108 -0.006406584147983217 0
-0.07993687299144883 -0.002718234145837001 0
-0.08392582690804369 -0.002308369477229782 0
-0.08158806547857902 0.000937377531916688 0
-0.08556944959986759 0.001341785813125137 0
-0.08323098924573917 0.004587029030085201 0
0.07238938085047576 -0.08758859260572234 0
-0.07934303264405546 0.004142748454888066 0
-0.08099936744320861 0.00778419746070249 0
-0.08489001455863483 0.008227439168918053 0
-0.08255412130801838 0.01147105819395775 0
-0.07885401491377149 0.01073770169774142 0
-0.08040722325829475 0.01459553834270001 0
-0.08421300011324212 0.01510528445967246 0
-0.08187708244468032 0.01834787283919247 0
-0.07738539106879105 0.01746755223635253 0
-0.07943586938843453 0.02153819493532053 0
-0.08347275556608881 0.0220038132824244 0
-0.0811293215395118 0.02525467124443436 0
-0.07729547323865496 0.02495566642170831 0
-0.07881969825854362 0.02852466887922259 0
-0.08277992113529196 0.02891464229039115 0
-0.0804426235984896 0.03216152146661818 0
-0.07588120547178888 0.03190051348610849 0
-0.07809964721520098 0.03540411297079633 0
-0.08207995054627758 0.03580764162579349 0
-0.0797404409014765 0.03905221232089029 0
-0.07590208523797717 0.03875091578172245 0
-0.07742496196885092 0.04231403451818645 0
-0.07363338237904778 0.0420464416113346 0
-0.07510163134130368 0.04557018580229686 0
-0.07122201618427618 0.04514471396198441 0
-0.07275321487529582 0.04879251635438257 0
-0.06894336385891048 0.04819355019706018 0
-0.07042273641444548 0.05200097076520178 0
-0.07437548388046822 0.05243068052814158 0
-0.07203346457856455 0.05567392522566898 0
-0.0680533207610521 0.05527050543623001 0
-0.06968625846004389 0.05892463357844011 0
-0.06556395761211127 0.05839062118327164 0
-0.06732352988352863 0.06214771236298174 0
-0.06315028650421284 0.06157129800978091 0
-0.06496816294050491 0.06537826491111584 0
-0.06102872512374578 0.06501126783152997 0
-0.06897732771998713 0.06580789906292121 0
-0.06266270789096834 0.06865327858572202 0
-0.05864269292180235 0.0682220214348162 0
-0.06032149302010027 0.07189749974499644 0
-0.05629551808071234 0.07146111050820197 0
-0.07600810464601795 0.05608122397066302 0
-0.05798079440581917 0.07514131139673214 0
-0.05400087070291049 0.0747379860996612 0
-0.06196785916677051 0.07554981787973669 0
-0.05226366156110453 0.07105072439292083 0
-0.05003224129401553 0.07434279200405831 0
-0.05167108932659405 0.0779895022609198 0
-0.04769298516334615 0.07758746104876937 0
-0.04605152143301763 0.07394984207693067 0
-0.04371342625968266 0.07718619880169829 0
-0.04207275664464272 0.07353847718625862 0
-0.03973395074472036 0.07678199722154964 0
-0.08138496013076343 0.04270302730918 0
-0.05962985605511648 0.07879542157076094 0
-0.06361088503676623 0.07919957960134863 0
-0.05688433995621023 0.06453023009435473 0
-0.06406594425460831 0.05487345248742738 0
-0.04535425066903385 0.08083281210781205 0
-0.04437565954874397 0.07028563989228914 0
-0.03809329502779731 0.07313378571726369 0
-0.03575437298979651 0.07637841798950087 0
-0.03739505958837006 0.08002641055352636 0
-0.03341543712844986 0.0796231855364955 0
-0.03177475692070049 0.07597513679272921 0
-0.02943580914065793 0.07922000411033694 0
-0.02779512801159657 0.07557196263171609 0
-0.02545617809155271 0.07881684778861689 0
-0.0270968600431191 0.08246488250008624 0
-0.02311722792633417 0.0820617349926842 0
-0.06127232521233307 0.08244475722351813 0
-0.06525225544530273 0.08284811950056059 0
-0.06759125558599087 0.07960326569633129 0
-0.06923206047529104 0.08325139128642287 0
-0.07157103974881557 0.0800065224003302 0
-0.07321174690704912 0.08365457642525778 0
-0.07555070641420196 0.08040969309799392 0
-0.07719139398952908 0.08405773278853231 0
-0.07953034693846892 0.08081284466534175 0
-0.07788966549171851 0.07716480945949075 0
-0.08186929987664446 0.07756795653462475 0
-0.08022861782328869 0.07391992088499504 0
-0.08350998146708347 0.08121599184555059 0
-0.02147654610910731 0.0784136991671894 0
-0.01913759567683988 0.08165858858068781 0
-0.03505612142313241 0.08327120064631385 0
-0.01749691383749483 0.07801055293776063 0
-0.01515796335703284 0.08125544274992547 0
-0.0167986452151962 0.08490347823727219 0
-0.01281901287106044 0.08450033260767599 0
-0.01117833101594182 0.0808522970951488 0
-0.008839380523900094 0.08409718700308905 0
-0.007198698668277378 0.08044915149473006 0
-0.004859748175140057 0.08369404141172992 0
-0.003219066319250756 0.08004600590557556 0
-0.000880115825886365 0.08329089582445284 0
0.0007550397661832397 0.07958830806944159 0
0.003098595479517481 0.08287865819669285 0
0.004733597564278772 0.0791745551016011 0
0.007077895229723257 0.08247222937356785 0
0.008718521652520158 0.0788236466621192 0
0.01105878122235312 0.08208145906657825 0
0.0126992448989546 0.07843126981384915 0
0.01503837720855407 0.08167795452287482 0
0.01650921058452619 0.07815228337850769 0
0.01898972572013843 0.08129544230250882 0
0.02030773130325271 0.07722727558231046 0
0.02293445882481265 0.08080875857588987 0
0.02458670900246431 0.07731841388449792 0
0.02695816552508284 0.08047407061462646 0
0.02860854406559994 0.07686065209641665 0
0.0309569429695223 0.08006573113764219 0
0.03259840104981834 0.07644753816171423 0
0.03493670468967189 0.07966755930673816 0
0.03657740810745944 0.07602035276065944 0
0.03891625438559374 0.07926123604422056 0
0.04055692246600915 0.0756126709262058 0
0.04289585329429538 0.0788568048042014 0
0.04453652957684027 0.07520855502326886 0
0.0468754758638392 0.0784532832231833 0
0.04851615608985869 0.07480518505208494 0
0.05085510561055496 0.07805003757395729 0
0.05249578703277028 0.0744019853914918 0
0.05483473729178207 0.07764686629846262 0
0.0564754190364159 0.07399882651161904 0
0.05881436947221676 0.07724371421537661 0
0.06045505130005175 0.07359567762726774 0
0.06279400177918441 0.07684056699694561 0
0.06443468362810828 0.07319253121961262 0
0.06677363411797835 0.07643742100207347 0
0.06841431597220658 0.07278938542866699 0
0.06607536547847818 0.06954449549786471 0
0.07005499782643014 0.06914134985510605 0
0.06771604733324493 0.06589645994516284 0
0.07075326646475158 0.07603427531391327 0
0.07169567968247335 0.06549331435146323 0
0.06935672918904767 0.0622484244322883 0
0.07333636153844128 0.06184527884494643 0
0.07099741104501056 0.05860038892557261 0
0.05413646852442242 0.07075393587857756 0
0.07497704339443675 0.05819724333948428 0
0.07263809290100473 0.0549523534200592 0
0.07567531203187569 0.06509016876440654 0
0.07661772525043715 0.05454920783421818 0
0.07427877475700495 0.05130431791477886 0
0.06701777869557696 0.05900353451137058 0
0.07825840710643842 0.05090117232897781 0
0.07591945661300631 0.04765628240954162 0
0.07989908896244022 0.04725313682375261 0
0.07756013846900794 0.04400824690431412 0
0.07193982426357247 0.0480594279953292 0
0.04617720532476266 0.07156028468833414 0
0.07895667574387043 0.05779409775365407 0
0.06513295226138457 0.08008545648447021 0
0.05717368760661155 0.08089174935132311 0
0.08153977081844195 0.04360510131852677 0
0.07920082032500961 0.04036021139908815 0
0.07522118797557575 0.0407633569848753 0
0.07686186983157742 0.0371153214796496 0
0.08084150218101127 0.0367121758938624 0
0.07850255168757911 0.03346728597442392 0
0.08248218403701295 0.03306414038863675 0
0.08014323354358076 0.02981925046919828 0
0.04921442359243284 0.08169806684625731 0
0.03821796967664569 0.07236769273796881 0
0.08223803945587278 0.05049802674319086 0
0.03727555516037754 0.08290860377680151 0
0.07616360119414693 0.03022239605498546 0
0.07780428305014861 0.02657436054975982 0
0.08178391539958244 0.02617121496397264 0
0.07944496490615029 0.02292632504453418 0
0.08342459725558411 0.02252317945874701 0
0.08108564676215194 0.01927828953930853 0
0.07710601441271814 0.0196814351250957 0
0.0787466962687198 0.01603339961987006 0
0.08272632861815363 0.01563025403408291 0
0.08038737812472149 0.01238536411464444 0
0.08436701047415535 0.01198221852885728 0
0.08202805998072318 0.008737328609418799 0
0.02931307026435484 0.08371463229140265 0
0.07288223748214358 0.03751846706543676 0
-0.08584893232371239 0.07797110219184905 0
-0.06992702477354064 0.04094587139066189 0
0.02134173980683422 0.08451289292680786 0
0.06373641498385199 0.06629960553253245 0
-0.0783462230924533 0.05283702624442569 0
-0.07998542275888024 0.05648559510473412 0
-0.0823239875462171 0.05324090944334295 0
-0.08396435808627381 0.05688906788409029 0
-0.08162535570685087 0.06013397829278239 0
0.02627904198265791 0.07357595129876532 0
0.08642825588591278 0.008108540265372458 0
0.08366874183672493 0.005089293104193158 0
0.08482113453044512 0.0363090303080752 0
0.08646181638644675 0.03266099480284957 0
0.009417890425820873 0.08572743202533985 0
0.07968910948729105 0.005492438689980308 0
0.08132979134329277 0.001844403184754676 0
0.08517245183360114 0.001379655335577265 0
0.08294764455610693 -0.001813899364369333 0
0.08692347213167617 -0.002218756124139512 0
0.08460291137858958 -0.005455375369326542 0
0.08062634398588002 -0.005050851337830885 0
0.0822699674957493 -0.008697563852060311 0
-0.08560486323827951 0.06053718182570664 0
0.07836724289147365 -0.008259829474062709 0
0.07994532633725353 -0.01193601823484695 0
0.08391452561831704 -0.01234385602989373 0
0.08157622116931269 -0.01558845539476695 0
0.08555422234808947 -0.01599233458966966 0
0.08321510766695253 -0.01923729835153331 0
0.07923544795290116 -0.01883416507281717 0
0.08087566728700377 -0.02248240859446335 0
0.07689611202455313 -0.02207922833927292 0
0.07853672964140226 -0.02572729273566801 0
0.08251635128431065 -0.02613044313664994 0
0.08017740114776281 -0.02937533289558202 0
0.08415703177225647 -0.02977847925715041 0
0.08181808105081509 -0.03302336927913482 0
0.07619805274583784 -0.02897224100665662 0
0.08579771307475742 -0.03342651501130967 0
0.0834587624890752 -0.0366714049722372 0
-0.06291341971062629 0.08609309348566346 0
-0.05893380648765179 0.08568996191082026 0
-0.0860247468080763 -0.02298418034595434 0
-0.0247579098370381 0.08570977004534797 0
-0.08599057290863825 -0.08217867750200789 0
-0.08434988257190164 -0.08582662881760846 0
-0.07408584975977486 -0.02419361710331504 0
-0.07087280063065564 0.08689946943131333 0
-0.08693298024805507 -0.0716376580025237 0
-0.08459403546364308 -0.06839282483844138 0
0.02753392999435494 -0.07278806496232793 0
-0.07244516790377303 -0.02784165260854116 0
0.08649598197819854 -0.02653358946700872 0
-0.01604498512779576 -0.08576646692172377 0
-0.00252079768189938 0.08693893132958509 0
-0.07595687611145557 -0.003121642489052917 0
0.007879813912292134 -0.08820615208823697 0
-0.0863031924093659 0.05364423249691332 0
-0.07624898544096252 0.07351677527514044 0
-0.0832658832941814 0.06378208481787689 0
-0.0870728412049251 0.06426288995888144 0
-0.07928624603630324 0.06337894141087839 0
0.07130988583744348 -0.07722266640665475 0
0.08230636975703809 -0.06789114218999284 0
0.08628600205404421 -0.06829428780562202 0
0.07947925305024986 -0.03626820410814905 0
0.08111987155204753 -0.03991626810654392 0
0.0850994541861458 -0.04031943605150175 0
0.08276050533289188 -0.04356432523328015 0
0.08674012966979944 -0.04396747442265226 0
0.08659520092331409 0.015177294789753 0
0.06750328066908523 -0.03503093793917415 0
-0.08638255857034478 -0.04726767624462126 0
-0.009581055985415352 -0.07611212200626798 0
-0.03013407862618547 0.07232707171671174 0
-0.02615444711227092 0.07192391919558366 0
0.07382465070071478 0.02697750613554697 0
-0.08811955272036742 -0.04366295661994753 0
0.07665189035642853 -0.004645376654122479 0
0.01325582937661588 -0.07482333570458122 0
0.06429303435783104 -0.08695733616430125 0
0.0603134020084083 -0.08655419057850852 0
-0.01445969472830542 0.08814836810262035 0
-0.08748961419598647 0.08161913770898084 0
-0.08515066370526633 0.08486402763040371 0
-0.009559723917875192 0.07735463837857748 0
0.04250666059547765 -0.06389310694716863 0
0.07529695613699612 -0.01137562348271283 0
0.07476706391928595 0.01643654520565723 0
0.002957867260321471 -0.07726211687226961 0
-0.07014418603791492 -0.02474410508407317 0
0.0876825393390589 -0.05450843695372871 0
0.08789290097974524 -0.01274756693841705 0
0.01381603567562148 0.07497717834307301 0
-0.08982856477906345 0.07837424785513215 0
-0.08818788291160258 0.07472621234152216 0
0.08953337333774626 -0.0163956966640986 0
-0.08790869205527554 -0.001902893657076488 0
-0.08954991271091024 0.00174553022054349 0
-0.08913029611839708 0.0852671732627954 0
-0.01701318461162247 -0.07541104563961747 0
0.02355429764492105 -0.07238491937654093 0
0.006186706989403629 0.07534016097204638 0
-0.001578384463379073 0.07639797039927593 0
0.088624952540615 -0.06504939789210715 0
-0.08850886668314012 -0.06803644217618363 0
-0.08615911695288855 -0.06479935553655933 0
-0.09090182314240282 -0.07124241296446233 0
-0.08832952785091172 -0.08542361161135736 0
0.07878086137471321 -0.04316118486845583 0
-0.06993036268949593 0.0763584904006621 0
0.07735015899385894 0.002247548770541816 0
0.07570947713785721 0.005895584275767448 0
-0.06916380419181031 -0.03513772361858317 0
-0.06526745296879116 -0.03557832438649024 0
0.05046882721840633 -0.06467075191451579 0
0.04882862901638465 -0.06101794204193503 0
0.0528081807568218 -0.06142188335561458 0
0.05120912735294049 -0.05775449281097353 0
-0.08487775545717863 0.06744307759773883 0
0.07531208818838708 -0.01847201748652198 0
0.07292588208158585 -0.02168280341794775 0
-0.08482213696006626 -0.0509518083098933 0
-0.03903575417901307 0.08367434283286657 0
-0.03669680697085288 0.08691920609602498 0
-0.04067643877274137 0.08732235612452556 0
0.07226309639167047 0.03066112877538713 0
0.04673382310410555 -0.08169671831592124 0
0.04439487261066324 -0.08494160823536517 0
0.04837450496009781 -0.08534475382115189 0
0.04602557005814631 -0.08868820435126917 0
0.04205425804914368 -0.0882029249232506 0
0.05000353833949371 -0.08910777670550266 0
-0.0822424908848049 -0.06515708871723408 0
0.0731263820632843 0.02008458071088286 0
-0.08466249119164082 0.04999620608039791 0
-0.08864200698864179 0.05039940057748599 0
-0.08700134455804548 0.04675135692037685 0
-0.08037024880901197 -0.08622976037179145 0
0.05235219589676264 -0.08576706397012741 0
0.05399255418396951 -0.08941829356921777 0
-0.01843932707794651 0.08855151368669392 0
0.0712415556261419 0.04116650257066239 0
0.06890260513270974 0.03792161265122391 0
0.06726192327670802 0.04156964815644952 0
0.08576354774901628 0.02576806937818546 0
0.08740422960501795 0.02212003387295983 0
-0.02873754219558895 0.08611291555570821 0
-0.02642613744374993 0.08938959562823787 0
-0.01983586433370312 0.07476566299537191 0
-0.01589100140603067 0.07438757945060377 0
-0.08388107372657233 -0.06151057884504706 0
-0.08785268855132101 -0.06109276796463466 0
-0.08672301544551149 -0.02987710577056952 0
-0.08906196593894117 -0.03312199569003266 0
0.04017053141707984 -0.06711014639028878 0
0.03852975551724356 -0.06346303923427385 0
0.03619125956901151 -0.0667034421325277 0
0.01185945476779906 -0.08860930380529013 0
0.08858497455577022 -0.005857427705068877 0
0.05515412306493631 -0.05817323711101025 0
0.05334734011548915 -0.05449026306719044 0
0.07832673739807877 -0.06748799660712837 0
0.08042154517571774 -0.04680921951222526 0
0.05746078196172888 -0.05492449810793629 0
0.05551776604438655 -0.05131478627216161 0
0.07151334121614589 -0.03545666406613282 0
0.06987280374615223 -0.03180841729931863 0
-0.08668884673638352 -0.08907165448156806 0
0.08021156375556318 -0.08856991850748452 0
0.08419193519092956 -0.08896576824187043 0
0.08653026977941972 -0.08572695819857931 0
0.08817171125151758 -0.0893674951898786 0
0.02589324813835306 -0.06914002945710238 0
-0.0161003765862533 0.09179640359175306 0
0.08932322120370259 -0.05815647245602851 0
0.04381845764525714 -0.09189754104185763 0
-0.08867993746386672 0.06792603044787121 0
-0.08942039581638718 -0.05031629264714829 0
-0.08680630770793873 0.08866524406384868 0
-0.08281420696709481 0.08813444775148072 0
0.08880076687987894 0.03590588472228798 0
0.09044144873588064 0.03225784921706237 0
0.08716008502387744 0.03955392022751365 0
0.08907907656701296 -0.04072258612059122 0
-0.03037822412798689 0.08976095042967625 0
0.0495268976538148 -0.05412501661727095 0
0.0649995701027843 0.0382695460903103 0
0.06277536216173277 0.04198776615316111 0
0.06553675329311609 0.0452201790634959 0
0.06156747849908217 0.04586498807961768 0
0.06395412311474116 0.04890682820589682 0
0.0600702006133207 0.04935510292352537 0
0.05780354810763261 0.04679810828293662 0
0.06234701720005065 0.05253497920709867 0
0.05845901540924421 0.05297350423452735 0
0.0607168474429217 0.05617476159594974 0
0.05673896710996654 0.056576531662341 0
0.05906468986285272 0.05981392023554422 0
0.05508314489274092 0.06021558634372607 0
0.05274387562919586 0.05697044984468667 0
0.05109960538734458 0.06061633306489383 0
0.0487610155652121 0.05737165771913025 0
0.04711970817716692 0.0610193174565339 0
0.0494586419948771 0.06426419756393364 0
0.04547893509239594 0.06466729794516431 0
0.05741957199263578 0.06345897945919127 0
0.07025022682721643 0.01653389451922508 0
0.06196348084368435 -0.09010946425261888 0
-0.0605749211555309 0.08933448775972065 0
-0.05659536412915318 0.08893075956636982 0
-0.05495433397657527 0.08528618907751946 0
-0.05272983218232585 0.08847951382803128 0
-0.09095967789859445 0.04716408111916089 0
-0.08931544944534615 0.0435176406907874 0
-0.07168704472100942 -0.02138130943265017 0
0.009276450103187461 -0.07442037253861805 0
-0.08985872889427822 -0.08172545871381012 0
-0.06456196059454578 0.08966464175289286 0
0.06640014237707724 0.0341116311126622 0
0.08939513942956716 0.001594686753868268 0
-0.089895119777504 0.06135922463172032 0
0.09049283394179389 -0.08613736100138378 0
0.08884918078248324 -0.08249178478554453 0
0.09059869029097167 -0.04405403820325686 0
0.06939712478928961 0.02764557383169582 0
0.009544771243450203 -0.09161526691548416 0
0.01142915196975136 -0.0711190576819397 0
0.04315081737895288 0.06152920237079394 0
0.0415011082062936 0.06508824258846271 0
0.03917327619861091 0.06195310435424504 0
0.03752212529559699 0.06549781408344567 0
-0.09054462360329735 -0.0886242983386395 0
0.08836063050694512 -0.04756274737193245 0
0.09279054063320982 -0.04782326120230622 0
0.06631629389836756 0.05212099801533403 0
-0.08742128408294003 -0.0367700311952524 0
-0.07858793623526891 0.07027188557584788 0
-0.07460830393049865 0.06986874002274047 0
0.03643560791179432 -0.08413531706379165 0
0.03409665741836207 -0.08738020698323025 0
0.03017776284432856 -0.0869497449511174 0
0.03176782988749664 -0.0906205441616145 0
0.02761152023807687 -0.08996723609601012 0
-0.06822139097328186 -0.04567868454804357 0
-0.06424175862376437 -0.04608183013467029 0
-0.07991159258832436 -0.06190640996882194 0
-0.07499368837071194 -0.07284314700788873 0
-0.08727489323684474 -0.05416278276350905 0
0.02987288048778697 -0.0695431750428894 0
-0.05099374500063537 0.08487492225838811 0
-0.04862349075996797 0.08866961186087589 0
0.07996741916835973 -0.0711360321574652 0
0.07598778683457433 -0.07073288656129764 0
0.08985224645618575 0.02519414030040857 0
0.0915545323569651 0.02186799859230258 0
0.07315868030508371 -0.03910843785038044 0
-0.09212153133012022 0.07489319601360606 0
-0.06191783257317157 -0.04276946837297821 0
-0.06023954439332981 -0.0464001080424874 0
-0.06259731312092914 -0.0497157210269009 0
-0.05871213543726348 -0.05015927170347523 0
-0.06097488280711109 -0.05337992045592108 0
-0.05709337432161496 -0.05382852255529368 0
-0.05934089633153221 -0.05703418583954456 0
-0.05536237987883554 -0.05743836973839807 0
-0.0576862782744714 -0.06067689493748294 0
-0.05370432322486105 -0.06107915278872231 0
-0.05136498561473279 -0.05783411491352587 0
-0.0497197665008899 -0.06148026332714718 0
-0.04738157221709791 -0.05823568792297609 0
-0.04574026018639606 -0.06188346133214558 0
-0.04807910565071153 -0.06512830756890799 0
-0.04409947680224827 -0.06553145461078437 0
-0.05604037791863106 -0.06432283396567719 0
-0.05627713798796694 -0.04752416933284191 0
-0.04177340048438732 -0.06241364598188154 0
-0.04012197381088038 -0.06595577361657788 0
-0.03768960945207814 -0.06274870260372978 0
-0.03612533657397832 -0.06635109994504299 0
-0.09143675719462546 -0.05395909766528715 0
0.05636114141874214 -0.04450179534935106 0
-0.07432999434091582 -0.006759730748762785 0
-0.07211039611117405 -0.003489003057618823 0
-0.07369408786957052 6.578724657669839e-05 0
0.06608940715558306 -0.09022824001578024 0
-0.09014156148484312 0.05411090777843476 0
0.09015068758069986 -0.06861457856127089 0
0.08790752607716078 -0.07192851418670856 0
-0.03379738690588391 -0.06314016133543546 0
-0.03249948702727061 -0.06648100974421439 0
0.04999337784237171 0.05371005932253921 0
0.04642134831096749 0.05412633701527463 0
-0.06861981908918138 -0.02833589731808266 0
0.005562297810389934 -0.09124027085307587 0
0.01546736184627524 -0.07158558426776689 0
-0.0905420075660259 -0.02940171321558144 0
-0.05437385404272955 0.0918368660758775 0
0.0357584659386121 -0.09083558756698536 0
-0.02847871711705437 0.06882394688775002 0
-0.03247058312453659 0.06910632848225759 0
-0.02448411862512141 0.06825023017701665 0
0.07262707029665924 0.01290780119822833 0
0.08185224561156804 -0.0922179540126752 0
0.03533271097032294 0.06241923268648578 0
0.03369048569689668 0.06593374628916067 0
-0.09066992159512834 0.08898944629589191 0
-0.03834137056621723 0.0904139057034566 0
-0.04238921430070353 0.09052367751587881 0
-0.04858088350926189 -0.05466694002464882 0
-0.04504186551402552 -0.05499048348827026 0
-0.01214020577055594 0.09120114440689037 0
0.03374425787917112 -0.09429098653756342 0
0.06590105659863837 -0.0314104997128523 0
0.06833710808538659 -0.02823585034671785 0
0.09254628985343269 -0.07209355232992522 0
0.08967083502982338 -0.07554607121339421 0
0.09348423894501334 -0.07648343321009876 0
0.09095989151096591 0.03928039499862802 0
0.08946906454025227 0.042820413539769 0
0.0931931619600192 0.0425517357137899 0
0.09165766174744529 0.04601586004894815 0
0.0878233044545827 0.04644580621474032 0
0.09003366379373715 0.04962946988745357 0
-0.06613422969340109 -0.02514675203612608 0
0.07111321728666349 -0.01840854869487754 0
0.06871639309776204 -0.02187634973818127 0
0.09184118294354929 -0.01329041992514749 0
0.09338820509862152 -0.01692590578525642 0
0.09100944818296641 -0.01996138668395374 0
-0.06222359390016599 0.09310778007789706 0
0.03472816540048397 -0.06323719779069456 0
0.03708820324347838 -0.05992687036996797 0
-0.01805418686441356 0.07094144374153952 0
-0.09118343309739614 -0.03642321877522404 0
0.06311851900293751 0.03535010474553923 0
0.09226124562380419 -0.06547165343663076 0
0.07799542756435775 -0.09148554848580288 0
0.02137759799402726 -0.06846808956326965 0
-0.08438541177419293 0.09209643235355187 0
-0.08048101805551398 0.09122705000262177 0
-0.09305595851217426 0.08554291826347936 0
0.07367127497713942 0.002785954095988894 0
0.07172984478842337 0.006298729861554566 0
0.06891148166786396 0.0209837315387091 0
0.007581186900126794 -0.09492774401124043 0
0.09136972057202815 -0.05504311065905006 0
0.02413616945955421 -0.06538877619333766 0
-0.02015199901626279 0.09231726254286346 0
-0.06926312949529478 -0.0001239747489662812 0
-0.01743122350627161 0.09618064285092881 0
0.093333534554987 -0.05889490159737668 0
-0.09188920559465286 -0.001499112900388614 0
-0.09013473974902675 -0.005096146659435478 0
-0.09349248677665317 0.001958875433667715 0
-0.09119410937437195 0.005268684023251792 0
0.03681188322551222 0.05828487412302179 0
-0.03043682133710381 0.06506699999451518 0
-0.03474565157322471 0.06578012018135039 0
-0.03351316714613266 0.06264854644966429 0
-0.03703940735755512 0.06272243075242914 0
-0.03871385442460705 0.06627421525716221 0
-0.04118274926378841 0.06244413047550045 0
0.0959540973578823 0.04596642575948141 0
-0.01393879877081253 0.07079948180501237 0
-0.02057060488888929 0.06766218519597939 0
-0.09486093248625996 0.005529543863161229 0
-0.01948665369909432 -0.06553976677361809 0
-0.01837051794642995 -0.06926691657265222 0
-0.02208596564698694 -0.06826526061603412 0
-0.01408046249783064 -0.07015485266529269 0
0.0468241696105552 -0.05066002022324573 0
0.06764709754035381 -0.01029559316063714 0
0.07146261366104714 -0.008874239567672927 0
0.07082629445279774 -0.0125297411975488 0
0.07215120796129329 -0.00452686623927129 0
0.06828549069594021 -0.002220708168193512 0
0.005206211857096102 0.06814379481507393 0
0.003412320255644228 0.07178362437763383 0
-0.001014368027487101 0.07234562597305931 0
-0.04482783670509613 0.05167892848576884 0
-0.04882223515384019 0.05269455331423129 0
-0.05176712887212638 0.04999246084103096 0
-0.05263393708832341 0.05387332404085754 0
-0.04973500312363133 0.05674849496499987 0
-0.05573018595591901 0.05138212262491807 0
-0.05643521511739492 0.05516217434984796 0
-0.05477702676891683 0.0473355594388839 0
-0.05873088938007177 0.04874155420090315 0
-0.05791457670061563 0.04484236397996728 0
-0.06156900661026759 0.04591650697051283 0
-0.06096445276920465 0.04225199065897193 0
-0.06269437506147089 0.05024793338439638 0
-0.06439278272786846 0.04326826482746124 0
-0.06347224983654649 0.03893832593866373 0
-0.05417004635272422 0.04279282708998847 0
-0.007233955989954343 -0.06799162140928897 0
-0.005327191095096464 -0.07151558550120969 0
-0.001354195961098768 -0.07176765953085887 0
-0.009475433255453389 -0.07137597639306237 0
-0.003510961027456884 -0.07538222965163759 0
-0.05071465441560769 -0.0454567393157345 0
-0.05215874196324317 -0.04932378742921666 0
-0.06519290380651765 0.02051683153380311 0
-0.06783413799813259 0.02356105161075666 0
-0.06649523108951033 0.02744244730872009 0
-0.07093707672330514 0.02681990477902103 0
-0.06922010179327354 0.03044645316305465 0
-0.07176779889169298 0.02239901511685287 0
-0.06530223598398448 0.03125373296946711 0
-0.06801143335930533 0.0341974334296507 0
-0.07187798316278109 0.0334357260595488 0
-0.06720160417259582 -0.01237944913583868 0
-0.07014534705546761 -0.01494434315524691 0
-0.07153821281890722 -0.01042505495809559 0
-0.07436759872942302 -0.01373427018505537 0
0.05480315458431315 0.04066216929998143 0
0.05214830018955981 0.0439039156444509 0
0.05361000213757304 0.04803517329817583 0
0.02565663444688081 0.06345530104912363 0
0.02956965941973873 0.06585984434783743 0
0.02500004201754347 0.06798462501176585 0
0.02847545021234658 0.06992748393777126 0
0.02174114994494301 0.06507045245290646 0
0.02052563133764532 0.06901373584498102 0
0.01706655643349455 0.06941744035715157 0
0.01927232188825681 0.07280139898695648 0
-0.05821522040708131 0.03541816044780691 0
0.0139145802971041 -0.06759793689159622 0
0.06193954064078688 -0.0302579869021333 0
-0.05334567779962891 -0.04226552323413653 0
-0.05814733988393686 -0.03581372241524479 0
-0.06012459103529638 -0.03228365551679065 0
0.06458467150508691 -0.02237531990519925 0
0.06298302037695071 0.02657542595260445 0
0.06553021297621714 0.02979462268137415 0
-0.06730878033457402 0.01266229498439919 0
-0.07019560877877828 0.01546537263106084 0
-0.07118749583946116 0.01156000732702604 0
-0.0739633866962809 0.01432916722624444 0
-0.07305163218047173 0.01831084620358209 0
-0.06791687525301066 0.008443440684264447 0
-0.07175541360182632 0.006454423921986957 0
0.04311224853958474 -0.0531009180908758 0
0.04368140717760984 -0.05694434477262173 0
0.06665800732640523 0.01427972262317012 0
-0.04159969302363881 0.05429804730086966 0
-0.04160353180402396 0.0582397008040122 0
-0.04541987735064189 0.05623192047790689 0
-0.04734551426422071 0.05998975299159061 0
-0.05115636051438932 0.06046582291948044 0
-0.04873777809617155 0.06356674640725818 0
-0.05265269182725995 0.06406967127735687 0
-0.05017557562130741 0.0672388609407072 0
-0.06516238273113516 -0.02087409064931344 0
0.05941628098952543 -0.03395059333292783 0
-0.02332605727698466 -0.06432714456068984 0
-0.02614663264501607 -0.06752932610679971 0
-0.003091351645488329 0.06835698008005514 0
-0.005405451968866345 0.07143750653348227 0
-0.009649206292173716 0.07101564851699868 0
0.05223370693860999 -0.04405385362151841 0
-0.01134209338214168 -0.06737019910032817 0
0.0009872457444166721 -0.06830795252410428 0
0.002998122602883855 -0.07231446316902751 0
-0.02420750971343899 0.09296525791027034 0
-0.07073127985615685 0.0367984328487357 0
0.09211884047531112 -0.08968092605558045 0
0.08951638402706215 -0.09301279045220116 0
0.00768458130501269 0.07154235961997951 0
0.01164772002767713 0.07105381382866362 0
-0.03525034567761961 -0.0592521950211144 0
-0.05507799889344972 0.06094943767800448 0
-0.05903938929787392 0.06129811566257718 0
-0.07483593494837137 0.009636367957730077 0
0.01350022703376271 -0.09225740447895876 0
0.05879880168192621 0.04101957211099831 0
-0.011424866235345 0.06744499941383672 0
-0.08885301141408677 -0.09240998922359979 0
-0.08487178927748698 -0.09275603211251715 0
-0.06404256675606473 0.0350502207226835 0
-0.02054909844529397 -0.07228547416699141 0
0.01366013278707787 0.06767119018450478 0
-0.08146197479068525 0.09464985554770391 0
-0.08839780399751213 0.0927109658723414 0
-0.09288738721864867 0.09251520466958325 0
-0.09230855126605408 -0.06747967393273947 0
-0.09459956281403539 -0.07062868503638947 0
-0.09363135305979131 -0.06350511015750331 0
-0.09320499616418221 -0.07447258099729037 0
-0.06236420149228783 0.02826601592841479 0
0.05172823329438017 -0.092738525134167 0
-0.09390423361527631 0.07822066391355328 0
0.055869878106011 -0.09304900996529844 0
-0.06906828631717309 0.0194657431263568 0
-0.02326321464763414 0.06438984632860191 0
-0.01339149876936971 -0.07370030261946819 0
0.06658360901229664 -0.01821259958018853 0
-0.05734348326734557 -0.04330454537031574 0
0.05367751422982676 -0.04773853746896276 0
0.009323108466212253 -0.06776574962154266 0
-0.09292871494510178 -0.09219855709931443 0
0.0944043680765019 -0.08636783217205568 0
-0.05443435111859117 0.06765421901930134 0
0.002293744989439635 0.0756946344331727 0
-0.04642629116816557 0.06686215033848403 0
0.06344956591509651 -0.034493288098078 0
-0.05084932149426619 0.04595302145443111 0
0.04688367125035856 0.05053311916339032 0
0.0899610958393235 -0.05128007557369743 0
0.08602842892293096 -0.05085436216803491 0
0.08205998737528021 -0.05045624917510487 0
0.07762846868055302 -0.07438092207395197 0
0.03596859530015465 0.06916419704863369 0
0.04383855441277239 0.06831831017972623 0
0.08618455687735208 0.05008433030380356 0
0.08852382975057982 0.05332763498721477 0
0.09283183265474218 0.05267702148922573 0
0.09078373542018532 0.05652096702262532 0
0.08689183545604728 0.05697516823818742 0
0.08921579597603098 0.06023182305858669 0
0.08526472526226536 0.06063359012282704 0
0.0876142090801698 0.06388073200673181 0
0.08363282117665738 0.06428350226510839 0
0.08597323463182216 0.06752870495738918 0
0.08199355351699728 0.06793184011741539 0
0.0843327914608473 0.07117679149210711 0
0.08803239365348683 0.07068067003187914 0
0.08654493544792469 0.07440310189071708 0
0.08267101112533355 0.07482173809391249 0
0.08500644520551399 0.07806611319611394 0
0.08104384479167862 0.07847175474859672 0
0.08338903057800513 0.08171755854113261 0
0.07940929339415044 0.08212068875203106 0
0.08174962413185757 0.08536578096231363 0
0.07776984584953692 0.08576890515961744 0
0.08572912802080798 0.0849626165505239 0
0.07543087103395663 0.08252401167543194 0
0.07379039084282861 0.08617207673692663 0
0.07612943608816081 0.0894169805433125 0
0.0787077329541791 0.07522728082360775 0
0.08408870078702842 0.08861068937173742 0
0.08806829069942521 0.08820753756661859 0
0.08950666290856425 0.08464368330928107 0
0.0893810689577057 0.07790810894645883 0
0.07214156461993143 0.08973894763767401 0
0.06980946426684528 0.08656170414659958 0
0.06816034337960672 0.09012631044553816 0
0.06582935139783808 0.08695996624004737 0
0.06417288073600831 0.09045211996003355 0
0.06184833391278133 0.08734940856522957 0
0.06020082606531549 0.09093005355878037 0
0.05786973365386722 0.08776273494307614 0
0.07486652820192288 0.09303185285644723 0
0.08641585721439742 0.09173917263736028 0
0.09019367208850784 0.09133573736010626 0
0.05621955851379831 0.09131705636581627 0
0.05389000078583944 0.08816488686441483 0
0.05218880679225714 0.0915648413547487 0
0.04990183178795544 0.08854197340665167 0
0.04822265724583003 0.09216899377000651 0
0.04592302379761441 0.08897427695675894 0
0.09130854852935555 0.06385646992787108 0
0.07858597619979955 0.09268825937936957 0
0.04420687350056307 0.09262424413283082 0
0.04193635866981237 0.08937966412312111 0
0.04358959140850537 0.08574298247916845 0
0.06610668897358829 0.09392778016998853 0
0.0461705002464038 0.09608625361865487 0
0.03961088363445645 0.08614858202284748 0
0.03796458422239794 0.08973991216872497 0
0.05155180406363215 0.08493436978956097 0
0.05951217231067087 0.0841320409455575 0
0.06747162567078061 0.08332762966566751 0
0.03563271503125583 0.08654498701158582 0
0.03398371859073322 0.09010532544871051 0
0.0316525843929632 0.08694067667073579 0
0.03000654978774975 0.09052869728178595 0
0.02767327958646132 0.08734595064329836 0
0.02588962172228382 0.09082025054379961 0
0.02366880824840198 0.08772951381689112 0
0.02189457625412378 0.09131613463912536 0
0.0196824672144097 0.08814485208556938 0
0.0180210791639932 0.09157765024314113 0
0.01572194872873675 0.08852761893614942 0
0.02019479149316777 0.09506166823142748 0
0.01414163285171247 0.09215858939540386 0
0.01176216487269997 0.08895665656940344 0
0.01023910090629969 0.09264092922420614 0
0.007798690672835555 0.08937731653693733 0
0.006083988063721627 0.09320691496817951 0
0.003784421725333245 0.08973073150763934 0
0.01339608775389751 0.08531572075342986 0
0.0796545948960008 0.06468694846040224 0
0.07801414738479551 0.06833503406721245 0
0.07403461098578995 0.06873820016691558 0
0.08293053504144382 0.05738847044979926 0
0.04125382139908124 0.08250323223782725 0
0.06139878377652824 0.06305558440792156 0
0.0597572924905671 0.06670308228863699 0
-0.07226934671922891 0.07311362502557035 0
-0.09307197182911528 0.0512028162339498 0
-0.09518122741164703 0.04766501366884891 0
0.09256623869095375 0.08802501109431625 0
0.08550856647057875 0.043205383058636 0
0.07637275857944373 0.07198297218820635 0
-0.09313767993681754 -0.03258536589640738 0
0.02889334456833237 -0.09366158239916574 0
0.08456102569686105 0.05373661549510204 0
-0.0876126551062231 -0.07852209508308852 0
0.02843547943970164 -0.06545815284395573 0
0.07145119222992857 0.08292448303480561 0
0.0730921104094216 0.07927870501942601 0
0.08716706385967732 -0.01962682837259049 0
0.08880299530574316 -0.02327265655448175 0
0.09322032809550232 -0.02351161202663728 0
0.09053791843617801 -0.02690402247872793 0
0.09391017795855294 -0.02730755021199243 0
0.09212669137858534 -0.03027103399510848 0
-0.06698815048932276 -0.03196812161823367 0
-0.04643840849200379 -0.06877633925799295 0
-0.03847702848644303 -0.0695884452772101 0
0.09092973789816219 -0.002609923492045188 0
0.09244891929060639 -0.00626006386748474 0
0.09507401340123335 -0.003303119253435487 0
0.08814878030740315 -0.03012388348420537 0
0.09011469574628254 -0.03398856908072186 0
-0.01048330596876523 0.08771320357590126 0
-0.008164357608393751 0.0907606433977686 0
0.07505277408973793 -0.0009870299555883688 0
-0.04301537423522984 0.08407750698968537 0
-8.124710202509055e-05 -0.08740521818621795 0
-0.002406348898792141 -0.09051125739608545 0
-0.00633217861631202 -0.09010741187126099 0
-0.00436207907538365 -0.09347859153101779 0
0.001587119951711955 -0.09078990476553442 0
0.003902230166215418 -0.08778295472070843 0
0.06794116845791803 0.04847157247608269 0
0.06865792452494429 0.0553572304940756 0
0.06468233468466578 0.05576636398676987 0
-0.06071672687191951 -0.07080616188077207 0
-0.08766542866407803 -0.01933614484072929 0
-0.08926876453004753 -0.01571502871458363 0
-0.08987870234183305 -0.02252451237410402 0
-0.09160673524383729 -0.01881015346860169 0
0.0567890321613608 -0.06182387239489108 0
-0.0739100227907033 0.07676165629812647 0
-0.06828971332400346 0.07271047867438216 0
-0.006504844916008374 0.08729849559207759 0
-0.004166089638882087 0.09054145844358044 0
-0.005854535707888566 0.09424739934661562 0
-0.001349012569288381 0.09361568496052616 0
-0.0001140410629489903 0.09005175039597579 0
0.001467754941838956 0.0865039345686562 0
0.06911255308918463 0.07968205506734412 0
-0.07081826417519503 -0.03149690676580592 0
0.05801953024862456 -0.08974053488955439 0
-0.03191668479974154 -0.08417731116279953 0
-0.03425541874029425 -0.08742019225979966 0
-0.03823501499758149 -0.08701671187027266 0
-0.03659432483113533 -0.09066466983842432 0
-0.03027578409577343 -0.08782331610913613 0
-0.04075513403084692 -0.09025601332413065 0
-0.04240148008429951 -0.08668295496113892 0
-0.04497613826085239 -0.08990719350533098 0
-0.03904284001918819 -0.09387980417511781 0
-0.03509935787701721 -0.09421823851536938 0
-0.02793773817193049 -0.08458663081740692 0
-0.02629633010837907 -0.08822801768182012 0
-0.0223127786931091 -0.08863270066726915 0
-0.02459931325758134 -0.09184995754120462 0
-0.02048191358962707 -0.09302762204650658 0
-0.02374960045506823 -0.09582330480306087 0
-0.01630213568586297 -0.09259866201528284 0
-0.0140297480779634 -0.09594818495611537 0
-0.0122815530324725 -0.09282492620053308 0
-0.01829209712794765 -0.08910322257239983 0
-0.0288445118063683 -0.09207829164250821 0
-0.07905000517801092 0.04595079972664521 0
-0.0413746359460083 0.08042987808452304 0
-0.07132120028509406 0.06256742390448575 0
-0.07366614152694116 0.0593272269252887 0
-0.0326146793034425 -0.09106769295473979 0
0.05071313188484236 -0.08210305799552133 0
0.05469271030615973 -0.08250673593027753 0
-0.04036512919115514 0.06991514223871924 0
-0.03641703753960017 0.06948996692294375 0
0.07417373684362008 0.009451257296898788 0
-0.03410735403810276 0.07273511793690114 0
-0.0832111241114179 -0.05459900400484994 0
-0.08650803809471128 0.07109579014350093 0
0.01012546842486495 0.07502807153995514 0
-0.08302369777081214 0.04634963816825773 0
0.0873433617161217 -0.03716906275313466 0
-0.06689439377045758 0.0864835143731959 0
-0.06854304847245941 0.09005349938493995 0
-0.07251502596193028 0.09053236922995059 0
-0.06957946774693222 0.09356508758180115 0
-0.07415417997175953 0.09419555187333506 0
0.05444903893233811 -0.06506999133866412 0
-0.07763189044243274 0.000514544463269782 0
-0.07527240755948705 0.003781230181127158 0
-0.07481828350319751 0.02810804196034509 0
-0.08372075008988247 0.03945584243547751 0
-0.08605915518921678 0.03621055938285023 0
0.007009606642334182 -0.07771723795911131 0
-0.05205987932019467 -0.06472563159471496 0
-0.05439766748775429 -0.06797004316602413 0
-0.0556503548068665 0.07839237907912325 0
0.07783872959307989 -0.03262012759743105 0
0.02203940990087494 -0.09657745372088 0
0.02413451098530684 -0.09299412199866805 0
0.02020928876399391 -0.09319716255046068 0
0.02380295289324213 -0.08888132673779578 0
0.09593978156217357 0.02196337583310654 0
0.09666793408405319 0.0300151914157365 0
0.09269308304067941 0.02844545424167986 0
0.05015683632326849 0.07115708716509485 0
0.05179753041739277 0.06750905198980482 0
0.04781795059424489 0.06791270492200965 0
-0.01201824891884256 -0.0861904954590111 0
-0.08061230355754823 -0.06879749065874126 0
-0.07827225187809347 -0.06555345794099396 0
0.06186168085431819 -0.09660738926767976 0
0.09685330019407606 0.06198068050083787 0
-0.0876956280640151 0.03986041783961513 0
-0.0900379238583513 0.03661390530024073 0
-0.08839779955250021 0.03296559935835912 0
-0.09222419664205368 0.03348497616664626 0
-0.09057606988875273 0.02998834808732724 0
-0.09371954993168825 0.03703313885282546 0
0.05553222229991557 0.08453287551622422 0
0.08621233864222622 0.09684198211691353 0
0.06733025348905587 -0.07681952082005795 0
0.06966920398101811 -0.07357463090040381 0
0.08317864655822735 0.03995763703428369 0
-0.06599999999999989 -0.09653589838486222 0
-0.06400000000000002 -0.09307179676972446 0
-0.06000000000000008 -0.09307179676972438 0
-0.06200000000000022 -0.08960769515458666 0
-0.05800000000000022 -0.0896076951545865 0
-0.06600000000000011 -0.0896076951545868 0
-0.0640018570778744 -0.08624741215062423 0
-0.06795954945264049 -0.086404084878365 0
-0.06993271398707593 -0.08968606561967951 0
-0.05600000000000006 -0.09307179676972432 0
-0.05400000000000024 -0.0896076951545864 0
-0.05585864504116053 -0.08622520486298615 0
-0.05236882562164037 -0.08580230575296129 0
-0.04969995004252895 -0.08900350880356588 0
-0.05400000000000054 -0.08267949192431083 0
-0.05982878211776935 -0.08569212395066772 0
-0.09653026636753322 0.06604617951087527 0
-0.09325683337415064 0.06391343494361286 0
-0.09627724015380124 -0.02584650956878923 0
-0.05799999999999995 -0.09653589838486218 0
-0.05194999167375484 -0.0929710990445541 0
-0.04783643809251623 -0.09307137486224901 0
-0.04636472175575326 -0.08600866760974551 0
-0.04996440496104509 -0.09651904511275462 0
-0.09599306739814176 0.05787913205351691 0
0.05751179856998384 0.09681209353555614 0
-0.09036749751018963 0.0714796102440545 0
-0.0927850649184094 0.06806556341286978 0
0.05343927416161456 0.06386167418576315 0
-0.07478641475178752 -0.03108774563653473 0
0.09658555499567029 -0.03804423551430922 0
0.09297000222361448 -0.04027895348347017 0
0.03815298135384083 0.09651592622061712 0
0.06958362183950509 0.04481645379202007 0
0.04525872907756982 -0.095913919569491 0
0.07393713263465482 -0.09671241653829822 0
-0.09654645229730499 -0.04598172008743065 0
-0.09307179676972452 -0.04800000000000006 0
-0.09247968403927259 -0.04375822130517643 0
0.09611975891953961 -0.01380417651679347 0
0.09653589838486239 0.03400000000000009 0
0.09653589838486248 0.07399999999999997 0
0.09312781049454938 0.07598468482440962 0
0.09323420082803414 0.07991095382466076 0
0.09349221169928891 0.07196931561723277 0
-0.0340000000000001 0.0966425909896361 0
-0.04610575978724952 0.09663080973983042 0
-0.04817154326345888 0.09309514827853427 0
0.04219763372399841 0.07196433209861346 0
-0.07399999999999995 -0.0965358983848624 0
-0.07818900458541994 -0.09649916031333078 0
-0.07622301063927216 -0.09308210115755873 0
-0.09623939708041332 0.07445046647811383 0
0.05703197538122721 -0.07925874064134705 0
0.03151356234378972 -0.07319121054811453 0
0.08059373471582061 0.05414459843415704 0
-0.08578078163848168 0.01873162533551432 0
-0.08814531826034661 0.01555068068675797 0
-0.08726375523790508 0.0222423451498439 0
-0.08508317751253797 0.02563425658051133 0
0.06568957164555103 -0.07317148530801765 0
0.03431986963095487 0.0728349367895645 0
0.03329496628800437 0.08330805722998849 0
0.02531492037599131 0.08409763647815272 0
-0.07314611562161515 -0.03473598165919446 0
-0.08624561322252045 -0.005544903397963577 0
-0.08858339127970824 -0.008786943465215375 0
-0.09275290969764044 -0.008364068416263706 0
-0.06494181465865263 -0.05297273444774814 0
-0.03107649075872788 0.08286804147652974 0
-0.04593717556854655 -0.09665319216882969 0
-0.09657438678863794 0.02592681783571809 0
-0.09654231311882494 0.02198780297261959 0
-0.09322302825426128 0.02016073387383258 0
-0.09240074787490429 0.01589928521754267 0
-0.09595637152106053 -0.01829473418891353 0
0.09666170726007617 -0.04597054353371764 0
0.09653589838486236 0.0180000000000001 0
0.09307179676972456 0.01600000000000021 0
0.09253373772633541 0.01187992694118944 0
0.09644622187763076 0.009979987823531683 0
0.09307179676972453 0.008000000000000144 0
0.09654207416166091 0.006033634046912871 0
-0.08794373835121137 0.05729232600215018 0
0.07759430357500004 -0.01518633758401225 0
-0.08441943842887918 0.03256290714028642 0
0.04170528801795384 -0.09722193906501334 0
0.04773719284093617 -0.0925681948605008 0
0.08213059616275978 -0.09616965460044365 0
-0.09653589838486237 -0.04200000000000008 0
-0.09588946707763679 -0.05401642126129519 0
-0.09634444088669836 -0.08234104341882757 0
0.09653589838486232 0.05400000000000007 0
0.09660929638826289 0.08198317887481148 0
0.03013298172080193 0.09674684942540121 0
-0.04212338641845777 0.09672365642363739 0
-0.05400395768685824 0.09665423668493114 0
0.06115324230541606 0.08048783664494726 0
0.07453610726263815 0.03387636274931353 0
0.09664422236134931 -0.04993967757166622 0
0.05608964105882609 -0.06871730332364308 0
0.04907271966973747 -0.07845236074528425 0
0.08488616588639115 -0.0820813527619251 0
-0.07897316423168839 -0.07244219442137714 0
0.08969038429791935 0.06724753314591277 0
0.08724072933036689 0.08147850162010106 0
0.07005257018876421 -0.09660668212388474 0
0.07211256753034949 -0.0936572581859038 0
-0.09645448977634229 0.01392471642220901 0
-0.0936094718756956 0.01207613741072642 0
-0.09648618233840019 -0.006080893490100735 0
-0.09666797098362613 -0.09002791113788512 0
0.09667125634742066 0.06999634709728968 0
0.09661617756778926 0.08999443685888286 0
0.005440874745844895 0.08611505036813889 0
-0.06374572251978393 -0.0808696638403498 0
-0.06644646837346542 0.05153261377734222 0
-0.06002935055596319 0.05320968264564604 0
-0.06086323861317368 0.05733923418756225 0
-0.08117144567101103 0.08446513611929449 0
-0.08180096987910186 -0.04082121227024001 0
-0.09653589838486235 -0.01000000000000011 0
-0.08640584184711932 0.01193335777414212 0
-0.08885198646379035 0.008638702443714171 0
0.08834884270689487 0.01172835371830903 0
0.08822250137687056 0.02895710213726616 0
-0.04277472280617795 -0.05833577927063098 0
0.07645839551404929 0.01272580693841747 0
0.08484552789698098 -0.02288053741278792 0
-0.06399761987270954 -0.06351565759276077 0
-0.08578060222746133 -0.04041806669523131 0
-0.08344165173394509 -0.03717317677663645 0
-0.0636959958866552 -0.03923323293542667 0
-0.08721441032555234 0.004968195116606307 0
0.06304292188368517 0.05941095579229751 0
0.06537811264365581 0.06265242743692885 0
0.06209581810986427 0.06994769646306362 0
-0.05274626991579829 -0.05362590706459767 0
-0.08085855665893009 -0.05136217321618589 0
-0.08974432657537104 -0.04012717919835291 0
0.04417821949199197 0.05735776761163029 0
0.02854720395089361 -0.08329715670483745 0
0.0780484276312893 0.009140474195205981 0
-0.08695525368426449 -0.01244749084928623 0
0.05414517739221708 0.05264440099759697 0
-0.06430693057046244 0.0723048163590978 0
-0.07265509578436413 -0.0696015027257695 0
-0.07800987090700941 -0.08294094462568471 0
-0.07631811008856521 -0.08656200006281463 0
-0.0785150347867026 -0.08971289921998324 0
-0.01356152494000416 0.07766170919602239 0
0.03877455840523317 -0.08089042714434955 0
0.07546533255671647 0.02332947063032135 0
0.05210993073527191 -0.06831497759514468 0
0.07357763079780157 0.04441171177612378 0
-0.09180815443513604 0.05769091333866676 0
-0.02077827752707903 0.08530662413346463 0
0.05319405521012365 0.08129489312814445 0
0.07899310055421752 -0.001400867559435762 0
-0.03435559604774606 0.09005198608806426 0
-0.07726767985398343 -0.01693033413423874 0
-0.07632185222663523 -0.01025480863951358 0
-0.07571054401228096 -0.02064232901921624 0
0.08960343494318135 0.01825759212832921 0
0.07145552922152371 0.02380987821792481 0
-0.07220102333155029 -0.04527553887361721 0
-0.07056034148783101 -0.04892357425556797 0
0.0930856023760398 0.004024239146391194 0
0.08982673923214238 0.005849889139616595 0
0.04041496291655052 -0.08454120044431795 0
-0.0327167969206725 0.08649738338205289 0
-0.09323686477066515 0.02393521043160724 0
0.08513990635123383 0.01883110730386341 0
0.07029534646713534 0.05171098338594327 0
0.08414286641541829 0.02940679535668481 0
0.07054328698871143 0.03427357714599834 0
-0.08950080016054213 -0.05736429801416092 0
0.08387392291343082 0.0468494954310447 0
0.07455889285959164 -0.0253252744256775 0
-0.07764630722341215 0.05973046339563325 0
-0.07530579529421322 0.06297476839997596 0
0.03987433110257695 0.06873343145614175 0
-0.02381549641770155 0.07516881078033766 0
-0.09078683780303094 -0.01212666857825741 0
-0.005550883398650455 0.07688751114974976 0
0.07731593564032141 0.06144212080599581 0
-0.07485269648549656 0.08730009697723475 0
0.08034866583693273 0.07157927613041025 0
-0.01325706124664215 0.09454036798720114 0
-0.01997979087094807 -0.08540831776013991 0
0.06833349639543543 -0.08714965867209057 0
-0.03285899634035787 -0.0736354269862826 0
-0.02884181601759785 -0.07405414297249213 0
-0.0300678692968933 -0.06975527146375433 0
-0.0842017232928127 0.07432600222703051 0
-0.09161675386167289 0.08184306620822793 0
-0.07101415485838221 -0.07324590110522078 0
-0.08535697167647746 0.04310632056061577 0
-0.09141984910507861 0.04014393573454374 0
-0.02215245304034997 0.07145204201430479 0
-0.04081775364076043 -0.07282864144455128 0
-0.07883398193897284 0.08768918759884343 0
-0.09268559095540341 -0.08474086471598218 0
0.01417831912796704 -0.08534993559152571 0
0.07706945856611414 0.07887559511884636 0
0.01721248053924353 -0.07522641333174879 0
-0.06594950106224823 0.07595440810192644 0
-0.06658037976855305 -0.04932402550319268 0
0.04181168349229424 -0.07075354014943999 0
-0.08092210737855504 0.06702914514045191 0
0.03807948730971006 -0.08775443750930312 0
-0.007964815657750396 -0.08652360729423104 0
-0.08068491911991241 0.04959409058053235 0
-0.07671857958124073 0.04919588320607071 0
0.08394385857674466 -0.0715368762082933 0
-0.03990685169050084 -0.08338039132316945 0
0.0324596086220842 -0.0663893170109336 0
-0.08674891378131205 0.0293276077415899 0
-0.08438406495207801 -0.02663221585114481 0
-0.06727927659522923 -0.0562192991723538 0
-0.08955630151550122 0.02579872672858358 0
-0.04392006142272832 -0.08294536639902508 0
-0.06663891902075685 0.0690533886835948 0
0.08624945821481718 -0.009100773135245953 0
-0.0729647589049815 0.06621804601218859 0
0.0212153471514891 -0.07562980929597948 0
-0.06166340328282367 -0.06027267502667086 0
-0.02241895942911934 0.08895465925810168 0
-0.05729301424580427 0.08204181424874479 0
0.03783200150858411 -0.07035088452575237 0
0.05867264675041363 -0.08290687965929192 0
0.03973437381828793 -0.09131532755299693 0
-0.0825543630469692 0.07068097026159417 0
0.07640029498367035 -0.08802648442700929 0
-0.07593521942930553 -0.06230718942027667 0
-0.08554623418050977 -0.0578307550388419 0
-0.06002032504598085 -0.06391971946889158 0
-0.04463821080964543 0.08766663733521771 0
0.08129254796009319 0.06103812164296447 0
0.01957466529548725 -0.07198177379075388 0
-0.04245872742646474 -0.06918417440868255 0
-0.08831597779407774 -0.02620760870616011 0
-0.07757621947518167 -0.05865893899930841 0
0.08440117558014881 -0.04721236595946828 0
-0.08925926911771927 -0.07488128062770753 0
-0.04877262476533625 -0.07201974907616258 0
-0.0567349322594172 -0.07121535259189421 0
-0.08155735315875287 -0.05825264915007801 0
-0.0633064286325325 -0.05662441226548404 0
-0.03447786891587568 -0.06984038084519789 0
-0.07651412265183788 0.0907362330932366 0
-0.07663477972835511 -0.06919920515652681 0
0.06349127964314524 0.08372372309098655 0
-0.0915262052787968 -0.07810452779448832 0
0.08012860033123506 0.0890182233822189 0
-0.07201118892784039 -0.09309510059053533 0
0.04756924419356653 0.08533214229635358 0
0.03389375120408045 -0.06996206423235296 0
-0.08263984873076856 -0.08941177205911012 0
-0.05041679243880935 -0.06837337349031017 0
0.07473154588229597 0.07563084470642435 0
0.08244801893102711 0.09225872487696292 0
-0.07694585796330342 0.06662358776034719 0
0.09005967645166048 -0.009592289779310727 0
-0.05331608500217672 0.08163675405890294 0
0.041028956700785 -0.06018100261190457 0
0.0181465450639569 -0.09656265989225289 0
0.05633376965896363 -0.08615104499272784 0
-0.05837729983718792 -0.06756689758023683 0
-0.07062472826990941 0.06946202958023291 0
0.09304593874895734 0.03582964217013849 0
-0.06799065048581937 -0.09308874248404175 0
0.0156495612902178 -0.08910657358803244 0
-0.04933719622082318 0.08123367651382546 0
0.05811619995766962 0.07035085257703236 0
-0.04699371128255593 0.08455919451096741 0
0.05577772292405037 0.06710626272983435 0
0.0723939483198658 0.07238623977454643 0
-0.09199371953991675 -0.0257427385843747 0
0.01736938464695915 0.08491769839393574 0
0.08698427082735051 -0.06140136231163108 0
0.09070785038345204 -0.06195529565859634 0
0.04523306829195342 0.0820977519811652 0
0.06802852220512356 -0.06992659535288931 0
0.07668605693123366 -0.06383996036699342 0
0.06076771663302875 -0.06222731822525105 0
0.05912398791573972 -0.05857764446969109 0
0.06146108881931064 -0.05533303568033544 0
0.07270642678752057 -0.06343681361181078 0
0.07434710585007995 -0.06708485059536734 0
0.07200815464579602 -0.07032974089020569 0
0.07972290275001417 -0.05370197745457565 0
0.07528951818680538 -0.07762581199426308 0
0.07364883636103171 -0.07397777647112946 0
0.08160756887011009 -0.07478368407171262 0
0.08560116444471805 -0.0751770829327536 0
0.08724402943407691 -0.07882779819916126 0
0.09102894009726095 -0.0793846622315322 0
0.07644191184000949 -0.04640615361183199 0
0.06544470179438895 -0.05573733197053438 0
0.07574360844418226 -0.05329895726733434 0
0.07808216164729159 -0.05005391555060335 0
0.07246230540503074 -0.04600303376267476 0
0.06380412173157146 -0.05208913400101373 0
0.05976432954915635 -0.05170055016477719 0
0.07081978737825917 -0.04235328067590678 0
0.07713997411627316 -0.03951292059570366 0
0.07480058673656156 -0.0427575018941589 0
0.0754982612606408 -0.03586384745071607 0
0.07065962317622355 -0.02510713703454466 0
0.07385958928301235 -0.03221673048649941 0
0.07224767831603403 -0.02861094176656911 0
-0.02604482532022169 0.09642107976313977 0
0.09610447735405447 -0.06578725601805545 0
-0.05816979116710429 0.0925075360081148 0
0.09317503300980079 -0.03608710767335495 0
-0.08599999999999998 -0.09657235602890878 0
-0.09621207047444053 0.03383147143315576 0
0.0856994336320214 -0.09261227580997698 0
0.009527653620639134 0.09648842788872482 0
0.06049439893358192 -0.0448235180847697 0
0.07788807466925149 0.09655652329799902 0
-0.04822082510439243 0.07062166827423169 0
0.05799653525769362 -0.04808678707460323 0
0.04012851824582168 0.09296247742490246 0
0.05389279068495136 -0.09646407010438898 0
-0.07549079804687543 0.0216217150993852 0
0.06598207154973003 0.01829421521889634 0
-0.002200179777651923 -0.09679196745730784 0
-0.07396594048633584 -0.08967998390621444 0
0.09270263179597081 -0.08290394822947404 0
-0.03494044108830518 0.05910959531435821 0
-0.06825789803220296 -0.004353102271893092 0
0.0933359005259996 0.06008191156274432 0
-0.09015002368813085 0.09636444590334972 0
0.03031307102504968 0.073289145154883 0
-0.09351133750639654 0.04371861844555876 0
-0.07298296548965051 -0.01779756761367987 0
-0.09669028166635314 -0.03400000000000009 0
-0.02817611610089965 0.09305371712099442 0
0.0449949574862194 -0.06059760491314762 0
-0.03215165604610546 0.09324956936540724 0
0.06830411273850667 0.006225284377191679 0
-0.09678355052337893 -0.06201034757308498 0
-0.06528894055100112 0.04729154790137896 0
0.01967276515843646 -0.08940343103896839 0
-0.09410645930240116 -0.0966291936636496 0
-0.09673862161615189 0.09398917939692439 0
0.09682292039817327 -0.0941348953456015 0
0.09391942384129925 0.09628583954524522 0
0.09680598861604783 -0.07813942347701715 0
0.09657673188393782 -0.07404290929497448 0
-0.06206765579472051 0.0972026451944541 0
0.05038854066726348 0.09538385775558905 0
-0.04506912542441961 0.06329324113546031 0
-0.08081671610875493 -0.09291821700434778 0
-0.01173684245329755 0.07425452855383027 0
0.09012607794331709 -0.09673291611213077 0
0.005922328336872073 0.09724624824835332 0
-0.02666479124072915 -0.07131260823268008 0
0.0328690603690465 -0.05970230134248341 0
0.07345209945036943 0.09656422469416026 0
0.04742766380761876 -0.05739227421411879 0
-0.05981589117424941 -0.03947651664209781 0
0.03610605472397339 0.09321631427954036 0
-0.09305177293307221 -0.01529917601103079 0
0.05987320667188696 -0.09323718151526705 0
0.02319324162681914 0.07149138732244235 0
-0.04533108713676481 -0.05149337843324468 0
-0.0416965138198859 -0.05417455602332394 0
-0.09673425030799573 0.08620341816814281 0
0.007326288296930117 -0.07134008924241696 0
-0.03101379380051152 -0.06063920258533066 0
-0.04268880150347995 0.06651241988960255 0
-0.07201946933410745 -0.08645142932982541 0
0.09321233357768682 0.0837766518695683 0
0.09645856504580129 -0.006791333048699685 0
0.05994447716891162 0.0339703748890787 0
-0.05371171023893999 0.0575977466879035 0
0.09634134457343024 -0.03010116865655449 0
0.09371348760546712 0.0001605501234621425 0
-0.08951268469158964 0.01897660027037614 0
0.0510019132858156 -0.050735454276249 0
-0.008146358752603111 -0.09328623723564766 0
0.0682028539842334 0.02440803497980389 0
-0.02666120878627853 -0.09496903901397132 0
-0.09691920037607601 -0.07350922940824549 0
-0.01414022694739537 -0.08935142907465755 0
-0.09352598605618184 -0.0393679532639441 0
-0.03610102650715107 0.09344243775703694 0
0.09690078729870068 -0.05779734454601784 0
0.0430002127799819 0.05313172530104326 0
0.02606934924435928 -0.08631996358829988 0
-0.04339498938827805 -0.09343711210020895 0
-0.0671031768216683 0.03778818357947616 0
0.09686934867211464 -0.01803374578339055 0
0.09336161860902804 0.06755726780961333 0
0.07349306666352617 -0.01517773075926991 0
0.03228406356330271 0.06969779001785928 0
-1.230693180418606e-05 -0.07497493525782353 0
0.06809415266832283 -0.09340547546409193 0
-0.09325550400357902 -0.05717054667420916 0
-0.09145085371625757 -0.06064313495841349 0
0.03273797709689934 0.05970574119664927 0
0.01057327012365217 -0.09702987510060385 0
-0.06618630653770673 0.09257014610515665 0
0.02186186675580776 -0.0859118205187156 0
-0.08993960503905046 -0.06436301311626913 0
0.03216271160017931 0.09343551764313865 0
0.002081071231363474 0.09262819604343661 0
0.07054886993226839 0.09312191821492463 0
0.06398054110838503 -0.09335903157101841 0
0.09676203321265081 0.04174780091979316 0
0.07476837972335375 -0.007685435257002346 0
0.07137585061152706 -3.771049116175708e-05 0
0.06882677270459318 0.03129730670942353 0
-0.01002728491871874 -0.08967031994067612 0
0.09367071869813293 -0.05232266392345828 0
0.005913666981131417 -0.07461085595628868 0
-0.09707175263427584 0.002634080657390332 0
0.09027856615759799 0.07346284836494743 0
-0.09247003759115266 0.008931397026949946 0
0.05661041107879641 0.04991903156497551 0
0.06114443580269767 0.03801917740045586 0
-0.06871957856573865 -0.01915281975567178 0
-0.06989114417501641 -0.08332333686883832 0
-0.0402649260860044 0.09352661509725435 0
-0.07159448300753725 0.002925595375017561 0
-0.09696105174501711 0.05054206463388265 0
-0.07735804879250274 0.007125731616535487 0
0.02082755869142149 -0.0646433746987977 0
-0.006084359238766423 -0.09681459530501867 0
-0.09337869323142085 0.02751413879547429 0
-0.05534460957808024 -0.05086387457482885 0
0.09332563328173094 0.02471242349238317 0
-0.0617815502347463 -0.03594362437754003 0
-0.08988062944388645 -0.04664795131413466 0
-0.05996132921520329 0.03861795256686118 0
0.01730084438178272 0.09699764299443844 0
0.09324414136264983 -0.09317001597322996 0
-0.0972870973289659 0.07814107732741871 0
0.04076613049688232 0.05886878735164758 0
-0.06770143907399877 0.04427379423750136 0
-0.03782690546376888 -0.09713604676859516 0
-0.07062618494885367 0.09694344212676798 0
0.05091261035717093 0.05035539797837332 0
-0.07444916355192005 0.03565079172221199 0
0.02798025573646376 0.09379547463963929 0
0.03047901030879223 -0.09703199946116131 0
0.09377346763863562 0.09199999999999978 0
-0.002533924712862905 0.0969766684073446 0
-0.07079993840079002 -0.006662640627955806 0
0.06592098017655572 0.09745590919852978 0
0.07027704514701918 -0.0905172419146176 0
-0.097015189654059 0.03806740797684416 0
0.09003060261389007 0.01460863351551618 0
-0.0444027835183045 0.0934771034246103 0
-0.09327111996199823 -0.08097320101178025 0
0.0938768605988866 0.03210962740892347 0
0.06689242159868347 -0.02524569730497274 0
-0.09349109380970011 -0.004514124451768955 0
-0.05111779381603916 0.09132962841115186 0
0.01685950430124095 -0.09278006400667138 0
-0.007618185633831831 0.07419867047950846 0
-0.09345173761766211 -0.05134192314750157 0
-0.06592562739748922 -0.08347438496098035 0
-0.03930400181477969 -0.05984674060536328 0
-0.0937330697908848 0.07189063689472269 0
-0.09351075539756804 0.06059095498428102 0
-0.0900526972529104 0.01238484482183566 0
-0.020938756965556 -0.07578154414762553 0
-0.0003697044381264798 -0.09364648508519581 0
-0.05702551043216645 0.05846934171317908 0
-0.0293325195208015 -0.06588122915345761 0
0.07414243802575443 -0.09087336063871407 0
-0.09353551307884114 -0.02202190706959604 0
-0.09390496847221222 -0.08800000000000015 0
0.09337212575080761 0.04890845728060145 0
0.07077171518043866 0.009454774588378474 0
0.09350140393553902 -0.06841836176105182 0
0.02600271541467885 -0.06260187916486007 0
0.02396532817577104 0.09422513619269975 0
-0.03863327445108895 0.05980814171342587 0
0.09689265610774818 -0.02539477778026897 0
-0.06365726078662012 -0.03215455627135181 0
-0.02676463339790398 0.06590049462395321 0
0.09351197278428101 0.01923759277851541 0
0.0939598905306941 -0.04400000000000021 0
-0.0338083964802272 -0.09711803488135021 0
-0.03015101142097715 0.0610026532385528 0
0.08684521301583521 0.004339409558030271 0
-0.07417080035954381 0.09759953054143267 0
0.03399867258625321 -0.09756419482933283 0
-0.006072091817954264 0.09757687598308525 0
-0.06300749183401659 -0.02412634994380292 0
-0.09341542112111881 0.05483146984284853 0
0.04620622806070904 -0.05434291916099417 0
0.06218668629713845 0.09307332472835039 0
-0.07247414828498175 0.03022117979217046 0
0.09369769234550503 -0.01013326799847008 0
-0.05096761054129354 -0.08189041681957716 0
-0.06234174488646914 -0.0835800105213038 0
0.09403906391404472 0.05625266810077702 0
0.01775385301416652 -0.06923848734570801 0
-0.0655615288527409 -0.02914234856903638 0
-0.05708081040124674 -0.08330251128380238 0
-0.09713998554044377 0.0450427577534593 0
0.09051993092263641 -0.03779963734505862 0
-0.09060367979084173 0.02199999999999998 0
-0.04583205140794873 0.09063774765623393 0
-0.06818610198209114 -0.02224811502320043 0
-0.0740224881965523 0.02498661173439193 0
-0.09403840758623117 -0.01198468753684789 0
0.003465413123697289 -0.0939509160848693 0
0.02263521191703128 0.07463314098453572 0
0.09755531130915013 -0.0860449876777291 0
0.03215672203029456 0.06306163559774769 0
-0.07708919017710192 0.01335326549215369 0
-0.09371843877088035 -0.02863733278361572 0
0.09429136421038377 -0.01982550827569406 0
-0.0494512204125623 -0.05149688282191223 0
-0.09707179676972462 -0.09707179676972462 0
0.09707179676972462 -0.09707179676972462 0
-0.09707179676972462 0.09707179676972462 0
0.09707179676972462 0.09707179676972462 0
0.09015309790020425 0.009055334734003202 0
-0.003807005772127738 0.07424218974441239 0
-0.03186920173894706 -0.09407045587096424 0
0.02284945843200975 0.09724530695653678 0
-0.0664345063483958 0.0407988171464615 0
0.03599674530839929 -0.05687505231603659 0
0.09417930296537529 -0.08002627822569226 0
0.09043204031160434 0.08157292917709606 0
-0.07824783349735406 0.09347314287743411 0
0.0758822189346164 -0.09393757122374841 0
-0.09018920969974502 0.06505428332403687 0
0.02570841323351633 0.07065619462302608 0
-0.01668095245410935 -0.0721637183328044 0
0.03770096172965407 -0.09332753548262426 0
-0.009877631800500004 0.09348197345998835 0
-0.09380755320507791 0.08863858894824335 0
0.05861040771995937 0.09362596549028873 0
0.06345599346665298 0.03243133462413231 0
0.09713380297491446 -0.0009643988719509582 0
0.06624415415628737 0.02669416304519319 0
0.05589524021438894 0.04389662120575331 0
0.004956982971712115 -0.09713808454691381 0
0.06970799891554015 -0.01545305093425075 0
-0.05207232875230315 0.09422015461349559 0
-0.09437229161536065 -0.03591351454706666 0
-0.09381393987863215 0.03089899862428886 0
-0.05774842349475609 0.04166575847738382 0
-0.09777000948342415 -0.07000000000000002 0
0.06524902418442644 -0.02839895856233519 0
0.08832485286567364 0.09407501147964792 0
0.01685682052849136 0.0750157036185876 0
0.09369138841815187 -0.03306585859351735 0
0.06949687479587131 0.01268946339468449 0
0.09124720433251188 0.09411159400871974 0
-0.00621805004883405 -0.07701839546853738 0
-0.0009297705058415083 -0.07787343598236299 0
-0.02614620077226831 -0.09770295634856488 0
-0.01315773449404672 -0.07690720106797917 0
0.09109297669263243 0.06983120887898725 0
0.01649162703745868 0.09426461351971546 0
0.09404039454867322 0.03952535119734917 0
-0.05383061659892194 -0.04542661326709252 0
0.07964840057761664 -0.09412915685704576 0
0.09371987755025307 -0.06275798625780393 0
-0.01928500335221026 0.06447533921744873 0
-0.06125892125241651 0.03572915599530186 0
-0.09454625346267992 0.04001798632473913 0
-0.07288590936931259 0.03904224110020171 0
0.03163560485445558 -0.06340086234057088 0
-0.08195416285962803 0.0978140711507209 0
0.09444194812447736 0.06399999999999974 0
-0.01386329422672797 0.0976927416598659 0
-0.04419770317433114 0.06009282028233348 0
0.04124270193374747 -0.09403686288094444 0
0.0545535811589407 0.0938523630076451 0
-0.05599999999999997 0.09446788310986343 0
-0.006806165457150168 -0.07420447893045423 0
0.09436693305662558 -0.05588809363052941 0
-0.05623188847637653 -0.08072833222194237 0
0.01489298415983205 0.07187058881794024 0
-0.02371315181960269 -0.07094500358976112 0
-0.04942051436877793 -0.08493083242879679 0
-0.02093215589059027 -0.09717441130278559 0
0.0112360060463782 -0.0941539146520024 0
-0.07474460325187154 0.006688699996965957 0
0.05936808613295252 0.04391341116649341 0
-0.0309088135262072 -0.06363753918689873 0
-0.09443497583755554 -0.06022801969696252 0
0.02198355665096376 -0.09108530236617532 0
0.08475284116960159 0.09410007353697974 0
-0.09791601442726564 0.00598083909046039 0
0.07070071480846568 0.003596799082574181 0
2 13 0 3505
3816
3817
3818
3819
3820
3821
3822
3823
3824
3825
3826
3827
3828
3829
3830
3831
3832
3833
3834
3835
3836
3837
3838
3839
3840
3841
3842
3843
3844
3845
3846
3847
3848
3849
3850
3851
3852
3853
3854
3855
3856
3857
3858
3859
3860
3861
3862
3863
3864
3865
3866
3867
3868
3869
3870
3871
3872
3873
3874
3875
3876
3877
3878
3879
3880
3881
3882
3883
3884
3885
3886
3887
3888
3889
3890
3891
3892
3893
3894
3895
3896
3897
3898
3899
3900
3901
3902
3903
3904
3905
3906
3907
3908
3909
3910
3911
3912
3913
3914
3915
3916
3917
3918
3919
3920
3921
3922
3923
3924
3925
3926
3927
3928
3929
3930
3931
3932
3933
3934
3935
3936
3937
3938
3939
3940
3941
3942
3943
3944
3945
3946
3947
3948
3949
3950
3951
3952
3953
3954
3955
3956
3957
3958
3959
3960
3961
3962
3963
3964
3965
3966
3967
3968
3969
3970
3971
3972
3973
3974
3975
3976
3977
3978
3979
3980
3981
3982
3983
3984
3985
3986
3987
3988
3989
3990
3991
3992
3993
3994
3995
3996
3997
3998
3999
4000
4001
4002
4003
4004
4005
4006
4007
4008
4009
4010
4011
4012
4013
4014
4015
4016
4017
4018
4019
4020
4021
4022
4023
4024
4025
4026
4027
4028
4029
4030
4031
4032
4033
4034
4035
4036
4037
4038
4039
4040
4041
4042
4043
4044
4045
4046
4047
4048
4049
4050
4051
4052
4053
4054
4055
4056
4057
4058
4059
4060
4061
4062
4063
4064
4065
4066
4067
4068
4069
4070
4071
4072
4073
4074
4075
4076
4077
4078
4079
4080
4081
4082
4083
4084
4085
4086
4087
4088
4089
4090
4091
4092
4093
4094
4095
4096
4097
4098
4099
4100
4101
4102
4103
4104
4105
4106
4107
4108
4109
4110
4111
4112
4113
4114
4115
4116
4117
4118
4119
4120
4121
4122
4123
4124
4125
4126
4127
4128
4129
4130
4131
4132
4133
4134
4135
4136
4137
4138
4139
4140
4141
4142
4143
4144
4145
4146
4147
4148
4149
4150
4151
4152
4153
4154
4155
4156
4157
4158
4159
4160
4161
4162
4163
4164
4165
4166
4167
4168
4169
4170
4171
4172
4173
4174
4175
4176
4177
4178
4179
4180
4181
4182
4183
4184
4185
4186
4187
4188
4189
4190
4191
4192
4193
4194
4195
4196
4197
4198
4199
4200
4201
4202
4203
4204
4205
4206
4207
4208
4209
4210
4211
4212
4213
4214
4215
4216
4217
4218
4219
4220
4221
4222
4223
4224
4225
4226
4227
4228
4229
4230
4231
4232
4233
4234
4235
4236
4237
4238
4239
4240
4241
4242
4243
4244
4245
4246
4247
4248
4249
4250
4251
4252
4253
4254
4255
4256
4257
4258
4259
4260
4261
4262
4263
4264
4265
4266
4267
4268
4269
4270
4271
4272
4273
4274
4275
4276
4277
4278
4279
4280
4281
4282
4283
4284
4285
4286
4287
4288
4289
4290
4291
4292
4293
4294
4295
4296
4297
4298
4299
4300
4301
4302
4303
4304
4305
4306
4307
4308
4309
4310
4311
4312
4313
4314
4315
4316
4317
4318
4319
4320
4321
4322
4323
4324
4325
4326
4327
4328
4329
4330
4331
4332
4333
4334
4335
4336
4337
4338
4339
4340
4341
4342
4343
4344
4345
4346
4347
4348
4349
4350
4351
4352
4353
4354
4355
4356
4357
4358
4359
4360
4361
4362
4363
4364
4365
4366
4367
4368
4369
4370
4371
4372
4373
4374
4375
4376
4377
4378
4379
4380
4381
4382
4383
4384
4385
4386
4387
4388
4389
4390
4391
4392
4393
4394
4395
4396
4397
4398
4399
4400
4401
4402
4403
4404
4405
4406
4407
4408
4409
4410
4411
4412
4413
4414
4415
4416
4417
4418
4419
4420
4421
4422
4423
4424
4425
4426
4427
4428
4429
4430
4431
4432
4433
4434
4435
4436
4437
4438
4439
4440
4441
4442
4443
4444
4445
4446
4447
4448
4449
4450
4451
4452
4453
4454
4455
4456
4457
4458
4459
4460
4461
4462
4463
4464
4465
4466
4467
4468
4469
4470
4471
4472
4473
4474
4475
4476
4477
4478
4479
4480
4481
4482
4483
4484
4485
4486
4487
4488
4489
4490
4491
4492
4493
4494
4495
4496
4497
4498
4499
4500
4501
4502
4503
4504
4505
4506
4507
4508
4509
4510
4511
4512
4513
4514
4515
4516
4517
4518
4519
4520
4521
4522
4523
4524
4525
4526
4527
4528
4529
4530
4531
4532
4533
4534
4535
4536
4537
4538
4539
4540
4541
4542
4543
4544
4545
4546
4547
4548
4549
4550
4551
4552
4553
4554
4555
4556
4557
4558
4559
4560
4561
4562
4563
4564
4565
4566
4567
4568
4569
4570
4571
4572
4573
4574
4575
4576
4577
4578
4579
4580
4581
4582
4583
4584
4585
4586
4587
4588
4589
4590
4591
4592
4593
4594
4595
4596
4597
4598
4599
4600
4601
4602
4603
4604
4605
4606
4607
4608
4609
4610
4611
4612
4613
4614
4615
4616
4617
4618
4619
4620
4621
4622
4623
4624
4625
4626
4627
4628
4629
4630
4631
4632
4633
4634
4635
4636
4637
4638
4639
4640
4641
4642
4643
4644
4645
4646
4647
4648
4649
4650
4651
4652
4653
4654
4655
4656
4657
4658
4659
4660
4661
4662
4663
4664
4665
4666
4667
4668
4669
4670
4671
4672
4673
4674
4675
4676
4677
4678
4679
4680
4681
4682
4683
4684
4685
4686
4687
4688
4689
4690
4691
4692
4693
4694
4695
4696
4697
4698
4699
4700
4701
4702
4703
4704
4705
4706
4707
4708
4709
4710
4711
4712
4713
4714
4715
4716
4717
4718
4719
4720
4721
4722
4723
4724
4725
4726
4727
4728
4729
4730
4731
4732
4733
4734
4735
4736
4737
4738
4739
4740
4741
4742
4743
4744
4745
4746
4747
4748
4749
4750
4751
4752
4753
4754
4755
4756
4757
4758
4759
4760
4761
4762
4763
4764
4765
4766
4767
4768
4769
4770
4771
4772
4773
4774
4775
4776
4777
4778
4779
4780
4781
4782
4783
4784
4785
4786
4787
4788
4789
4790
4791
4792
4793
4794
4795
4796
4797
4798
4799
4800
4801
4802
4803
4804
4805
4806
4807
4808
4809
4810
4811
4812
4813
4814
4815
4816
4817
4818
4819
4820
4821
4822
4823
4824
4825
4826
4827
4828
4829
4830
4831
4832
4833
4834
4835
4836
4837
4838
4839
4840
4841
4842
4843
4844
4845
4846
4847
4848
4849
4850
4851
4852
4853
4854
4855
4856
4857
4858
4859
4860
4861
4862
4863
4864
4865
4866
4867
4868
4869
4870
4871
4872
4873
4874
4875
4876
4877
4878
4879
4880
4881
4882
4883
4884
4885
4886
4887
4888
4889
4890
4891
4892
4893
4894
4895
4896
4897
4898
4899
4900
4901
4902
4903
4904
4905
4906
4907
4908
4909
4910
4911
4912
4913
4914
4915
4916
4917
4918
4919
4920
4921
4922
4923
4924
4925
4926
4927
4928
4929
4930
4931
4932
4933
4934
4935
4936
4937
4938
4939
4940
4941
4942
4943
4944
4945
4946
4947
4948
4949
4950
4951
4952
4953
4954
4955
4956
4957
4958
4959
4960
4961
4962
4963
4964
4965
4966
4967
4968
4969
4970
4971
4972
4973
4974
4975
4976
4977
4978
4979
4980
4981
4982
4983
4984
4985
4986
4987
4988
4989
4990
4991
4992
4993
4994
4995
4996
4997
4998
4999
5000
5001
5002
5003
5004
5005
5006
5007
5008
5009
5010
5011
5012
5013
5014
5015
5016
5017
5018
5019
5020
5021
5022
5023
5024
5025
5026
5027
5028
5029
5030
5031
5032
5033
5034
5035
5036
5037
5038
5039
5040
5041
5042
5043
5044
5045
5046
5047
5048
5049
5050
5051
5052
5053
5054
5055
5056
5057
5058
5059
5060
5061
5062
5063
5064
5065
5066
5067
5068
5069
5070
5071
5072
5073
5074
5075
5076
5077
5078
5079
5080
5081
5082
5083
5084
5085
5086
5087
5088
5089
5090
5091
5092
5093
5094
5095
5096
5097
5098
5099
5100
5101
5102
5103
5104
5105
5106
5107
5108
5109
5110
5111
5112
5113
5114
5115
5116
5117
5118
5119
5120
5121
5122
5123
5124
5125
5126
5127
5128
5129
5130
5131
5132
5133
5134
5135
5136
5137
5138
5139
5140
5141
5142
5143
5144
5145
5146
5147
5148
5149
5150
5151
5152
5153
5154
5155
5156
5157
5158
5159
5160
5161
5162
5163
5164
5165
5166
5167
5168
5169
5170
5171
5172
5173
5174
5175
5176
5177
5178
5179
5180
5181
5182
5183
5184
5185
5186
5187
5188
5189
5190
5191
5192
5193
5194
5195
5196
5197
5198
5199
5200
5201
5202
5203
5204
5205
5206
5207
5208
5209
5210
5211
5212
5213
5214
5215
5216
5217
5218
5219
5220
5221
5222
5223
5224
5225
5226
5227
5228
5229
5230
5231
5232
5233
5234
5235
5236
5237
5238
5239
5240
5241
5242
5243
5244
5245
5246
5247
5248
5249
5250
5251
5252
5253
5254
5255
5256
5257
5258
5259
5260
5261
5262
5263
5264
5265
5266
5267
5268
5269
5270
5271
5272
5273
5274
5275
5276
5277
5278
5279
5280
5281
5282
5283
5284
5285
5286
5287
5288
5289
5290
5291
5292
5293
5294
5295
5296
5297
5298
5299
5300
5301
5302
5303
5304
5305
5306
5307
5308
5309
5310
5311
5312
5313
5314
5315
5316
5317
5318
5319
5320
5321
5322
5323
5324
5325
5326
5327
5328
5329
5330
5331
5332
5333
5334
5335
5336
5337
5338
5339
5340
5341
5342
5343
5344
5345
5346
5347
5348
5349
5350
5351
5352
5353
5354
5355
5356
5357
5358
5359
5360
5361
5362
5363
5364
5365
5366
5367
5368
5369
5370
5371
5372
5373
5374
5375
5376
5377
5378
5379
5380
5381
5382
5383
5384
5385
5386
5387
5388
5389
5390
5391
5392
5393
5394
5395
5396
5397
5398
5399
5400
5401
5402
5403
5404
5405
5406
5407
5408
5409
5410
5411
5412
5413
5414
5415
5416
5417
5418
5419
5420
5421
5422
5423
5424
5425
5426
5427
5428
5429
5430
5431
5432
5433
5434
5435
5436
5437
5438
5439
5440
5441
5442
5443
5444
5445
5446
5447
5448
5449
5450
5451
5452
5453
5454
5455
5456
5457
5458
5459
5460
5461
5462
5463
5464
5465
5466
5467
5468
5469
5470
5471
5472
5473
5474
5475
5476
5477
5478
5479
5480
5481
5482
5483
5484
5485
5486
5487
5488
5489
5490
5491
5492
5493
5494
5495
5496
5497
5498
5499
5500
5501
5502
5503
5504
5505
5506
5507
5508
5509
5510
5511
5512
5513
5514
5515
5516
5517
5518
5519
5520
5521
5522
5523
5524
5525
5526
5527
5528
5529
5530
5531
5532
5533
5534
5535
5536
5537
5538
5539
5540
5541
5542
5543
5544
5545
5546
5547
5548
5549
5550
5551
5552
5553
5554
5555
5556
5557
5558
5559
5560
5561
5562
5563
5564
5565
5566
5567
5568
5569
5570
5571
5572
5573
5574
5575
5576
5577
5578
5579
5580
5581
5582
5583
5584
5585
5586
5587
5588
5589
5590
5591
5592
5593
5594
5595
5596
5597
5598
5599
5600
5601
5602
5603
5604
5605
5606
5607
5608
5609
5610
5611
5612
5613
5614
5615
5616
5617
5618
5619
5620
5621
5622
5623
5624
5625
5626
5627
5628
5629
5630
5631
5632
5633
5634
5635
5636
5637
5638
5639
5640
5641
5642
5643
5644
5645
5646
5647
5648
5649
5650
5651
5652
5653
5654
5655
5656
5657
5658
5659
5660
5661
5662
5663
5664
5665
5666
5667
5668
5669
5670
5671
5672
5673
5674
5675
5676
5677
5678
5679
5680
5681
5682
5683
5684
5685
5686
5687
5688
5689
5690
5691
5692
5693
5694
5695
5696
5697
5698
5699
5700
5701
5702
5703
5704
5705
5706
5707
5708
5709
5710
5711
5712
5713
5714
5715
5716
5717
5718
5719
5720
5721
5722
5723
5724
5725
5726
5727
5728
5729
5730
5731
5732
5733
5734
5735
5736
5737
5738
5739
5740
5741
5742
5743
5744
5745
5746
5747
5748
5749
5750
5751
5752
5753
5754
5755
5756
5757
5758
5759
5760
5761
5762
5763
5764
5765
5766
5767
5768
5769
5770
5771
5772
5773
5774
5775
5776
5777
5778
5779
5780
5781
5782
5783
5784
5785
5786
5787
5788
5789
5790
5791
5792
5793
5794
5795
5796
5797
5798
5799
5800
5801
5802
5803
5804
5805
5806
5807
5808
5809
5810
5811
5812
5813
5814
5815
5816
5817
5818
5819
5820
5821
5822
5823
5824
5825
5826
5827
5828
5829
5830
5831
5832
5833
5834
5835
5836
5837
5838
5839
5840
5841
5842
5843
5844
5845
5846
5847
5848
5849
5850
5851
5852
5853
5854
5855
5856
5857
5858
5859
5860
5861
5862
5863
5864
5865
5866
5867
5868
5869
5870
5871
5872
5873
5874
5875
5876
5877
5878
5879
5880
5881
5882
5883
5884
5885
5886
5887
5888
5889
5890
5891
5892
5893
5894
5895
5896
5897
5898
5899
5900
5901
5902
5903
5904
5905
5906
5907
5908
5909
5910
5911
5912
5913
5914
5915
5916
5917
5918
5919
5920
5921
5922
5923
5924
5925
5926
5927
5928
5929
5930
5931
5932
5933
5934
5935
5936
5937
5938
5939
5940
5941
5942
5943
5944
5945
5946
5947
5948
5949
5950
5951
5952
5953
5954
5955
5956
5957
5958
5959
5960
5961
5962
5963
5964
5965
5966
5967
5968
5969
5970
5971
5972
5973
5974
5975
5976
5977
5978
5979
5980
5981
5982
5983
5984
5985
5986
5987
5988
5989
5990
5991
5992
5993
5994
5995
5996
5997
5998
5999
6000
6001
6002
6003
6004
6005
6006
6007
6008
6009
6010
6011
6012
6013
6014
6015
6016
6017
6018
6019
6020
6021
6022
6023
6024
6025
6026
6027
6028
6029
6030
6031
6032
6033
6034
6035
6036
6037
6038
6039
6040
6041
6042
6043
6044
6045
6046
6047
6048
6049
6050
6051
6052
6053
6054
6055
6056
6057
6058
6059
6060
6061
6062
6063
6064
6065
6066
6067
6068
6069
6070
6071
6072
6073
6074
6075
6076
6077
6078
6079
6080
6081
6082
6083
6084
6085
6086
6087
6088
6089
6090
6091
6092
6093
6094
6095
6096
6097
6098
6099
6100
6101
6102
6103
6104
6105
6106
6107
6108
6109
6110
6111
6112
6113
6114
6115
6116
6117
6118
6119
6120
6121
6122
6123
6124
6125
6126
6127
6128
6129
6130
6131
6132
6133
6134
6135
6136
6137
6138
6139
6140
6141
6142
6143
6144
6145
6146
6147
6148
6149
6150
6151
6152
6153
6154
6155
6156
6157
6158
6159
6160
6161
6162
6163
6164
6165
6166
6167
6168
6169
6170
6171
6172
6173
6174
6175
6176
6177
6178
6179
6180
6181
6182
6183
6184
6185
6186
6187
6188
6189
6190
6191
6192
6193
6194
6195
6196
6197
6198
6199
6200
6201
6202
6203
6204
6205
6206
6207
6208
6209
6210
6211
6212
6213
6214
6215
6216
6217
6218
6219
6220
6221
6222
6223
6224
6225
6226
6227
6228
6229
6230
6231
6232
6233
6234
6235
6236
6237
6238
6239
6240
6241
6242
6243
6244
6245
6246
6247
6248
6249
6250
6251
6252
6253
6254
6255
6256
6257
6258
6259
6260
6261
6262
6263
6264
6265
6266
6267
6268
6269
6270
6271
6272
6273
6274
6275
6276
6277
6278
6279
6280
6281
6282
6283
6284
6285
6286
6287
6288
6289
6290
6291
6292
6293
6294
6295
6296
6297
6298
6299
6300
6301
6302
6303
6304
6305
6306
6307
6308
6309
6310
6311
6312
6313
6314
6315
6316
6317
6318
6319
6320
6321
6322
6323
6324
6325
6326
6327
6328
6329
6330
6331
6332
6333
6334
6335
6336
6337
6338
6339
6340
6341
6342
6343
6344
6345
6346
6347
6348
6349
6350
6351
6352
6353
6354
6355
6356
6357
6358
6359
6360
6361
6362
6363
6364
6365
6366
6367
6368
6369
6370
6371
6372
6373
6374
6375
6376
6377
6378
6379
6380
6381
6382
6383
6384
6385
6386
6387
6388
6389
6390
6391
6392
6393
6394
6395
6396
6397
6398
6399
6400
6401
6402
6403
6404
6405
6406
6407
6408
6409
6410
6411
6412
6413
6414
6415
6416
6417
6418
6419
6420
6421
6422
6423
6424
6425
6426
6427
6428
6429
6430
6431
6432
6433
6434
6435
6436
6437
6438
6439
6440
6441
6442
6443
6444
6445
6446
6447
6448
6449
6450
6451
6452
6453
6454
6455
6456
6457
6458
6459
6460
6461
6462
6463
6464
6465
6466
6467
6468
6469
6470
6471
6472
6473
6474
6475
6476
6477
6478
6479
6480
6481
6482
6483
6484
6485
6486
6487
6488
6489
6490
6491
6492
6493
6494
6495
6496
6497
6498
6499
6500
6501
6502
6503
6504
6505
6506
6507
6508
6509
6510
6511
6512
6513
6514
6515
6516
6517
6518
6519
6520
6521
6522
6523
6524
6525
6526
6527
6528
6529
6530
6531
6532
6533
6534
6535
6536
6537
6538
6539
6540
6541
6542
6543
6544
6545
6546
6547
6548
6549
6550
6551
6552
6553
6554
6555
6556
6557
6558
6559
6560
6561
6562
6563
6564
6565
6566
6567
6568
6569
6570
6571
6572
6573
6574
6575
6576
6577
6578
6579
6580
6581
6582
6583
6584
6585
6586
6587
6588
6589
6590
6591
6592
6593
6594
6595
6596
6597
6598
6599
6600
6601
6602
6603
6604
6605
6606
6607
6608
6609
6610
6611
6612
6613
6614
6615
6616
6617
6618
6619
6620
6621
6622
6623
6624
6625
6626
6627
6628
6629
6630
6631
6632
6633
6634
6635
6636
6637
6638
6639
6640
6641
6642
6643
6644
6645
6646
6647
6648
6649
6650
6651
6652
6653
6654
6655
6656
6657
6658
6659
6660
6661
6662
6663
6664
6665
6666
6667
6668
6669
6670
6671
6672
6673
6674
6675
6676
6677
6678
6679
6680
6681
6682
6683
6684
6685
6686
6687
6688
6689
6690
6691
6692
6693
6694
6695
6696
6697
6698
6699
6700
6701
6702
6703
6704
6705
6706
6707
6708
6709
6710
6711
6712
6713
6714
6715
6716
6717
6718
6719
6720
6721
6722
6723
6724
6725
6726
6727
6728
6729
6730
6731
6732
6733
6734
6735
6736
6737
6738
6739
6740
6741
6742
6743
6744
6745
6746
6747
6748
6749
6750
6751
6752
6753
6754
6755
6756
6757
6758
6759
6760
6761
6762
6763
6764
6765
6766
6767
6768
6769
6770
6771
6772
6773
6774
6775
6776
6777
6778
6779
6780
6781
6782
6783
6784
6785
6786
6787
6788
6789
6790
6791
6792
6793
6794
6795
6796
6797
6798
6799
6800
6801
6802
6803
6804
6805
6806
6807
6808
6809
6810
6811
6812
6813
6814
6815
6816
6817
6818
6819
6820
6821
6822
6823
6824
6825
6826
6827
6828
6829
6830
6831
6832
6833
6834
6835
6836
6837
6838
6839
6840
6841
6842
6843
6844
6845
6846
6847
6848
6849
6850
6851
6852
6853
6854
6855
6856
6857
6858
6859
6860
6861
6862
6863
6864
6865
6866
6867
6868
6869
6870
6871
6872
6873
6874
6875
6876
6877
6878
6879
6880
6881
6882
6883
6884
6885
6886
6887
6888
6889
6890
6891
6892
6893
6894
6895
6896
6897
6898
6899
6900
6901
6902
6903
6904
6905
6906
6907
6908
6909
6910
6911
6912
6913
6914
6915
6916
6917
6918
6919
6920
6921
6922
6923
6924
6925
6926
6927
6928
6929
6930
6931
6932
6933
6934
6935
6936
6937
6938
6939
6940
6941
6942
6943
6944
6945
6946
6947
6948
6949
6950
6951
6952
6953
6954
6955
6956
6957
6958
6959
6960
6961
6962
6963
6964
6965
6966
6967
6968
6969
6970
6971
6972
6973
6974
6975
6976
6977
6978
6979
6980
6981
6982
6983
6984
6985
6986
6987
6988
6989
6990
6991
6992
6993
6994
6995
6996
6997
6998
6999
7000
7001
7002
7003
7004
7005
7006
7007
7008
7009
7010
7011
7012
7013
7014
7015
7016
7017
7018
7019
7020
7021
7022
7023
7024
7025
7026
7027
7028
7029
7030
7031
7032
7033
7034
7035
7036
7037
7038
7039
7040
7041
7042
7043
7044
7045
7046
7047
7048
7049
7050
7051
7052
7053
7054
7055
7056
7057
7058
7059
7060
7061
7062
7063
7064
7065
7066
7067
7068
7069
7070
7071
7072
7073
7074
7075
7076
7077
7078
7079
7080
7081
7082
7083
7084
7085
7086
7087
7088
7089
7090
7091
7092
7093
7094
7095
7096
7097
7098
7099
7100
7101
7102
7103
7104
7105
7106
7107
7108
7109
7110
7111
7112
7113
7114
7115
7116
7117
7118
7119
7120
7121
7122
7123
7124
7125
7126
7127
7128
7129
7130
7131
7132
7133
7134
7135
7136
7137
7138
7139
7140
7141
7142
7143
7144
7145
7146
7147
7148
7149
7150
7151
7152
7153
7154
7155
7156
7157
7158
7159
7160
7161
7162
7163
7164
7165
7166
7167
7168
7169
7170
7171
7172
7173
7174
7175
7176
7177
7178
7179
7180
7181
7182
7183
7184
7185
7186
7187
7188
7189
7190
7191
7192
7193
7194
7195
7196
7197
7198
7199
7200
7201
7202
7203
7204
7205
7206
7207
7208
7209
7210
7211
7212
7213
7214
7215
7216
7217
7218
7219
7220
7221
7222
7223
7224
7225
7226
7227
7228
7229
7230
7231
7232
7233
7234
7235
7236
7237
7238
7239
7240
7241
7242
7243
7244
7245
7246
7247
7248
7249
7250
7251
7252
7253
7254
7255
7256
7257
7258
7259
7260
7261
7262
7263
7264
7265
7266
7267
7268
7269
7270
7271
7272
7273
7274
7275
7276
7277
7278
7279
7280
7281
7282
7283
7284
7285
7286
7287
7288
7289
7290
7291
7292
7293
7294
7295
7296
7297
7298
7299
7300
7301
7302
7303
7304
7305
7306
7307
7308
7309
7310
7311
7312
7313
7314
7315
7316
7317
7318
7319
7320
-0.004696059718134919 0.03421705363735627 0
-0.004679290514091884 -0.03419373967034191 0
-0.02726819587672359 -0.02116373934795379 0
-0.02726543239248658 0.02116894206571023 0
0.03197274493970315 0.01300636023861807 0
0.0319651254529536 -0.01300320359211098 0
0.02710994083258729 0.0213730843788355 0
0.02708694546187732 -0.0213784480149896 0
-0.03207633672582112 0.01275642248376456 0
-0.0320738186224054 -0.01275507681721515 0
0.005012687535568237 -0.03415759780931868 0
0.005002271968594702 0.03416462095429809 0
-0.02061405930720885 0.04427744812878413 0
-0.02062489911549713 -0.04432478846015162 0
-0.02803836524067034 -0.03999102309955391 0
-0.02807037706834648 0.0400122154594207 0
0.04864871322919566 0.00428224833530814 0
0.04868303210284149 -0.004290478714209177 0
0.02061393154669657 0.04427893985761907 0
0.02061411319688531 -0.04427732920198718 0
-0.04864859061515593 -0.004282116653128642 0
-0.04864210612199999 0.004272024696866146 0
0.02807395075850935 -0.04002412370492792 0
0.02803823530220481 0.03999101030598427 0
-0.001644234102796224 0.03447482289097267 0
-0.001666461221603984 -0.03451193875106763 0
0.03069591814745375 -0.0157565075838586 0
-0.02898162008772005 0.01865876287372167 0
-0.02901665012457994 -0.01869672114458053 0
0.03071545347810888 0.01574055779003574 0
0.00199462861910346 0.03446407337844636 0
0.001988745642789012 -0.03445936515572731 0
-0.0308069521962222 -0.01552898039136288 0
-0.03080140913764042 0.01551438983887747 0
0.02920163727851042 -0.01839077239391504 0
0.02920131057375711 0.01840464260157919 0
-0.00766433711149388 0.03364627649886093 0
-0.007681537617340606 -0.03360369637176885 0
-0.02529047250443348 -0.02348513235293125 0
-0.02529725107119168 0.02348384619431669 0
0.03299223467851273 0.01014565308661597 0
0.03295614215361797 -0.01015726570998625 0
0.02511290193977804 0.02368098079199674 0
0.02511161179187238 -0.02368182380751777 0
-0.03307082964346739 0.009886458027462464 0
-0.03307392503762957 -0.009881851884908236 0
0.007992931089683899 -0.0335785672975524 0
0.007993723920820433 0.03357859740241873 0
-0.02061405930720888 -0.04232509224965973 0
-0.0206064284152151 0.0422984661457288 0
-0.02633931924748555 0.03900573118504962 0
-0.0263011576183888 -0.0390005625436578 0
0.04692150690492018 -0.003288690069126486 0
0.04694462454706007 0.003291579709502885 0
0.02641208113520582 0.03897195433194704 0
0.02632306257790305 -0.03901200665950025 0
-0.04695674305419601 0.003387556063930489 0
-0.04694279854024525 -0.003285696623266749 0
0.02065528900325192 -0.04227114681255618 0
0.02062409340678934 0.04227907687614231 0
-0.01059696667917558 0.0328477009244033 0
-0.01059696667917752 -0.03284770092440267 0
-0.02313577373997263 -0.02561285682955916 0
-0.02313757971660775 0.02561538909583677 0
0.03375632575819211 0.007206406659551971 0
0.03376695870782299 -0.007201136906998461 0
0.02290491835339863 0.02580078471388878 0
0.02293030628306324 -0.02580110835788056 0
-0.03381072449732552 0.006941068809128184 0
-0.03381956167302804 -0.006949293171050872 0
0.0109143008640173 -0.0327459900184088 0
0.01091916255928018 0.03274573649645736 0
-0.01289187142799066 0.03203333642985222 0
-0.01287261409923317 -0.03203254630224459 0
-0.02128042872405769 -0.02717701931383534 0
-0.02127775601111613 0.02717973898690474 0
0.03416276687351311 0.004808579487935413 0
0.03416815306514067 -0.004803719146787865 0
0.02106374535085849 0.02734805175482518 0
0.02106041399845776 -0.02734953487119679 0
-0.03421638909261838 0.00454538701306768 0
-0.0342237519257429 -0.004538351065645123 0
0.01318374234026857 -0.03191041065795273 0
0.01319819960849404 0.03190032167649805 0
-0.02146947766958775 0.04053585966398785 0
-0.02147195330493186 -0.04051870775628089 0
-0.02432833201570966 -0.03884504428166801 0
-0.02433788358199586 0.03884488299629749 0
0.04579553683255327 0.001574830201913449 0
0.04580856549487663 -0.001618869708939507 0
0.02430629539229347 0.03886191535797093 0
0.02435444438412431 -0.03885471520224375 0
-0.04580855363587022 0.001618911602629411 0
-0.04580855363587016 -0.001618911602629335 0
0.01539873936425226 -0.03090260799059176 0
0.01540232031399132 0.0308899717478218 0
0.02150225824357666 0.04048082696060035 0
0.02147662915120114 -0.04049147569814084 0
-0.01509733298424356 0.03103471954342604 0
-0.01510338331864564 -0.03103722986940161 0
-0.01931351369959515 -0.02860760943763464 0
-0.01931299935177953 0.02860821353517521 0
-0.01724960241737946 0.02989691981477374 0
-0.01725377907789314 -0.02989235962447739 0
0.03441499164030743 0.002395825115745513 0
0.03442842422227606 -0.002411667897330071 0
0.01754854597511703 -0.02973381282950845 0
0.01753716660532217 0.02973132815721957 0
-0.03445880986521447 0.002129811385951054 0
-0.03446157057826749 -0.002125125035676109 0
0.05069094385780784 0.004451403987363866 0
0.05074159264470544 -0.004467552567366173 0
0.02147662915120113 -0.04611106468030301 0
0.02148311280940654 0.04611414915698735 0
0.02918782128652526 0.04169516470810553 0
0.02919503883308924 -0.04165483877274912 0
-0.02919040272717429 -0.04164648623101407 0
-0.02919446823915251 0.04166199602380664 0
-0.02147195330493185 0.04608383262216299 0
-0.02150230045407964 -0.04612172409448773 0
-0.05064555561587559 0.004446554986978223 0
-0.05069088102935322 -0.004451379456192517 0
0.0346282482138873 0.0003781236110498147 0
0.01909522482676233 -0.02874341138702282 0
0.01908932305320081 0.02876243736895337 0
0.0001683296162644051 -0.03451243270567413 0
0.0001500497738836063 0.03449484314056763 0
0.02818689660448159 -0.01992286840402964 0
0.02819036876919759 0.01991992151992449 0
-0.02996950905706854 -0.0171271243565795 0
-0.03451881595700819 -0.0002972438827207978 0
-0.03004177847136161 0.01726466034402628 0
0.05359878634039031 -0.03045059646623942 0
0.0534478128410515 0.03049689807411537 0
-0.05606021297813721 0.02533488873360799 0
-0.05659147525183732 -0.02496723279025527 0
-0.006570405601124856 0.06094852185250256 0
-0.006858276742117976 -0.06101763539877877 0
0.004379179957596962 0.06144093508694096 0
0.004716689263979439 -0.0616414785458682 0
-0.05057514102640827 0.0351575511549657 0
-0.05036369526580597 -0.03517275790058652 0
-0.02300043283970159 -0.03928774544370298 0
0.0224130148936937 -0.04699705124705252 0
0.02246136409746556 0.03957777519464514 0
0.0294655571768296 0.04301574251833262 0
0.0455329615569456 0.0003732760626990611 0
-0.02248878917037767 0.04702739703508422 0
-0.02372790240564411 0.04767375499904784 0
-0.04552118084734619 -0.000359969621205578 0
0.02950290481095043 -0.04301886884691861 0
0.02948174140357103 -0.04430684647851418 0
0.02937614246921661 0.04430009615082224 0
0.02888731361731155 0.04554561175260127 0
0.02803823530220476 0.04661153007245967 0
0.02696329651966393 0.04735631217294714 0
0.05189103412371877 0.004093664525587902 0
-0.02499354596425147 0.04780468466538109 0
0.0519275388031373 -0.004058729900909419 0
-0.0224956056097982 -0.0471045404189125 0
-0.02367166798429042 -0.04760761681673767 0
-0.02505572307223882 -0.04781204163054122 0
-0.02632833201570966 -0.04760761681673765 0
-0.02758698510630638 -0.04699705124705249 0
0.05306523956907523 -0.00330354258402263 0
0.0539032983579987 -0.002246117879164427 0
-0.02632833201570961 0.04760761681673768 0
-0.02753863590253443 0.04702476518379874 0
-0.05200735344961364 -0.00403989068560047 0
-0.05315727336588557 -0.003402341501917616 0
-0.05391103723507331 -0.002235207382886196 0
-0.05439357158478489 -0.001002804043493142 0
-0.05449339321998131 0.0003345786691701168 0
-0.05418127079251277 0.001675847844669403 0
-0.05351292738036798 0.002848997059815219 0
-0.0525386359025344 0.00372349499457684 0
-0.02306329922438024 0.03923415463978191 0
0.02246846887039172 -0.03957673884441068 0
-0.02949057577375164 -0.04294494448571762 0
-0.02939357158478489 -0.0443040742327151 0
-0.02954592583147001 0.04303403614105716 0
-0.02937820228103955 0.04427238940862125 0
-0.02888981469757891 0.04556263258466815 0
0.02570208471078881 0.04775201125038501 0
0.02431913474703801 0.04775481168913935 0
0.0543751008845029 -0.001023518270929679 0
0.05447881915265376 0.0003599696212055769 0
0.05422708287828249 0.001596970236368138 0
0.05353117827293723 0.002797882227864301 0
0.0289027958459554 -0.04555455042147639 0
0.02806532928835256 -0.0466049095722267 0
0.02695532330490045 -0.04736154086906443 0
-0.0285231220965396 -0.04611086513246948 0
0.02237461616080195 0.04702204171965093 0
0.02573534012020954 -0.04780400195182486 0
0.0243665383903662 -0.04774298391286853 0
0.04728361908721063 0.03941699828264665 0
0.04671961796074883 -0.03948062029295999 0
0.05863429513572965 -0.0202468135013603 0
0.05780473045356189 0.02029389662426218 0
0.01567108389349756 -0.05978077762405598 0
0.01539255197551119 0.05965092788393374 0
-0.04319491771879915 -0.04386928481659923 0
-0.04348728011886511 0.04394894876271072 0
-0.05967547647602206 0.01535666879947941 0
-0.05935147383553899 -0.01460153543511041 0
-0.01708064529361622 0.05847345182878886 0
-0.01758223442648644 -0.05897113295678764 0
0.06005571682028427 -0.01315362260685924 0
0.06038098404417649 0.01267773571021298 0
0.02981548770807114 -0.01736723564451183 0
0.02984115587487291 0.01736161669223112 0
-0.01619881982963579 -0.03048918756987228 0
-0.01618244462582576 0.03050056520499148 0
0.03454970400174896 -0.001202764264603084 0
-0.003489468011367594 -0.03432083177697962 0
0.0220008101400882 -0.02657675673708034 0
0.02382762630556874 -0.02498378298299826 0
0.009754955530586392 -0.03310985756889179 0
0.006808667421319053 -0.03384038839459272 0
0.02594076496961366 -0.02277684566003566 0
0.00319772797234302 -0.03436947104369377 0
-0.00943358142507679 0.03320257530149379 0
-0.005849289611784866 -0.0339080092852684 0
-0.03340000407551403 0.008716970240826297 0
0.009170931570605903 0.03329060135423256 0
0.03399543511394924 -0.00600284574334811 0
0.03260724880721492 -0.01130117989640339 0
-0.03338168574806316 -0.008730732921878755 0
0.03149514011266668 0.01412366719090736 0
0.03430056665103336 0.003604945411154668 0
-0.02030473690259575 0.02791498711751299 0
-0.03138071201752575 0.01447459648317703 0
-0.02222361941675353 -0.026415359224811 0
-0.01400158667795107 0.03154960215495343 0
0.00681327042715631 0.03384001173009669 0
-0.009436390273013281 -0.0332024281299306 0
-0.01829133902998036 0.02928261170070353 0
0.03239755218265294 0.01188695085848431 0
0.03333723847033874 -0.009031850174562945 0
-0.03135628226313337 -0.01441435532661718 0
-0.02445888767112635 -0.02435559768130718 0
-0.003453127335526945 0.03435365528660796 0
0.03432799461510941 -0.00361208461480495 0
0.02426250689880328 0.02455102003220114 0
0.02591873265109177 0.02277375562153479 0
-0.02797851097217077 0.02019337717633886 0
-0.02445578850227569 0.02435810419352644 0
0.03149309574387837 -0.01412275041504001 0
-0.03270232797218418 -0.01104106316459025 0
0.00320167861693655 0.03436816957112889 0
-0.02221904753426767 0.02641527722786826 0
-0.02799324281997253 -0.02019406303986583 0
-0.02647833138446163 -0.02208356731289998 0
-0.01399719937370833 -0.03155991121543886 0
-0.01174732550068622 -0.03245646575363598 0
-0.02650860410764216 0.02211724441015989 0
0.03332889503866431 0.00897811679238562 0
-0.01174732550068425 0.0324564657536367 0
0.01647896183680988 0.03032673697580349 0
0.03399915429006954 0.006022203134412096 0
-0.005872994993018014 0.03402399804209116 0
-0.02030797486031877 -0.02791071447864922 0
0.02201274438007347 0.02658703521365659 0
-0.01829719480163376 -0.02927394322260521 0
-0.03270235769454309 0.01104434818602603 0
0.02008843277404858 0.0280697267748003 0
0.02008549919749014 -0.02807124057863566 0
-0.03435517462049145 0.003338233429758814 0
-0.0340352005685786 0.005746907680887703 0
-0.03404366314198463 -0.005746531738150552 0
0.01205455211763387 -0.03233903567400351 0
0.01430552158556212 -0.03141295716421863 0
0.01205607271471534 0.03233029598034644 0
0.0143053515841876 0.0314121409011827 0
0.01646123142463306 -0.03029976804019253 0
-0.03435517462049165 -0.003338233429756691 0
-0.03451339105408636 0.0009146416671583468 0
0.03878363947228387 0.04751504536185205 0
0.03896479804777588 -0.04808568550982721 0
0.02284000904795595 -0.05720169021955002 0
0.02278783745164602 0.05729687730393858 0
-0.03719660574329297 -0.04902865600541077 0
-0.03770309594728597 0.04922476058541251 0
-0.06117383570223714 -0.006596469495036897 0
-0.06109394520652273 0.007337527380495827 0
-0.02439194336187703 0.05623540240163163 0
-0.02510273221819827 -0.05596054583286214 0
0.0611503344578898 0.006092786689877798 0
0.06137664760474566 -0.006026180835014864 0
0.0326225480026538 0.05190451937879639 0
0.03291308623198341 -0.05172294206061566 0
-0.06138886582664559 0.0004171778432491974 0
-0.03158837114024768 0.0534092488177696 0
-0.03115832942861893 -0.05246446825319482 0
0.02369516961104179 0.03900337438970831 0
0.02388437473099192 0.03841339651840235 0
0.02452619779079789 0.03826901079488632 0
0.02400143250128704 0.03775898894828348 0
0.0246998370020135 0.0375992660950947 0
0.02403875373275553 0.03689752871591033 0
0.02532542590838163 0.03685911648511299 0
0.02425427043382758 0.03574188423905421 0
0.02564861123901167 0.03533600813855468 0
0.02291086759658894 0.03626618179331094 0
0.02308735816122826 0.03456656275122526 0
0.0213127873644517 0.03515614578965146 0
0.02328261335591186 0.03855516431384821 0
0.02167573962176211 0.03315856558974328 0
0.01935414908925799 0.03362241238065315 0
0.01964006814918459 0.03615807469575213 0
0.01761097370101882 0.03475704405703691 0
0.01745085462210607 0.03710454750637018 0
0.01491570134130096 0.03634586169709002 0
0.01505693155493512 0.03867449965963624 0
0.01306404885977698 0.0369302198981534 0
0.01252298608597557 0.03984677748349766 0
0.01001509042854426 0.03876342461219136 0
0.01006483965895197 0.04190739649936016 0
0.007164065675019858 0.04057620039689688 0
0.007190997840095364 0.04398720107802741 0
0.01041337798867107 0.04566598233589186 0
0.003951343153949934 0.04211023790499137 0
0.003980571054786249 0.04602543635461543 0
0.0005949794060499125 0.04404762304984073 0
0.0005833218297386206 0.04799789854777714 0
-0.002805672220815702 0.04594927882971592 0
-0.002310511763740915 0.0423660859632713 0
-0.005960963362330468 0.04334021518274603 0
-0.006305674774974202 0.04786997927735333 0
-0.0102898388574027 0.04561021554905954 0
-0.009828776162678989 0.04191683444216804 0
-0.01303843441210378 0.04278272296779757 0
-0.01341453539453703 0.04755810607981178 0
-0.01308067155049982 0.03938832482445394 0
0.004038109338144531 0.04999679560870855 0
0.02398020929566331 0.0326029509237722 0
0.02666987009617549 0.03637023154061354 0
0.02722408079223346 0.03490526189110924 0
0.02820824455620066 0.0361118337575935 0
0.02907243472030934 0.03430624404444028 0
0.03036665312978181 0.03645496860975731 0
0.03178401128573705 0.03373293078309583 0
0.02946772349464664 0.03167174557900213 0
0.03292430305487525 0.03065737517408655 0
0.03295918942215959 0.03599165732417453 0
0.0006068051561187286 0.05199967513791168 0
0.03043192963872777 0.0279476987028165 0
0.03366723378022501 0.02721428613105923 0
0.03654462980850121 0.02991506940183304 0
0.03695762808631489 0.02574592208923224 0
0.04029344316391513 0.02878116804349188 0
0.04128228682927547 0.02490239519457211 0
0.03848539148984176 0.02217629041601794 0
0.04234764599087215 0.02107325942541844 0
0.03960764768434494 0.01858018517306525 0
0.0432986645994887 0.01719315311264596 0
0.03969572793370343 0.0145997912552659 0
0.04426256082688153 0.0133165088831877 0
0.04099678088030804 0.01057072719683034 0
0.04620952880448875 0.01990788450664899 0
0.0394049912865557 0.03270930321793809 0
0.01524301825306782 0.04136086706739606 0
0.03202867896068708 0.03803240963998612 0
0.03443367462750534 0.03791414013333969 0
0.03387420881910647 0.04036081047183201 0
0.03641538678526064 0.04040618087695527 0
0.04323800521961282 0.03161442267121446 0
0.04451418890868476 0.009796455032570962 0
0.04746371218931542 0.01182514042418643 0
0.04218757432908716 0.007761742072815285 0
0.03880458595964596 0.007834043249908414 0
0.04068335781468402 0.005332628807269083 0
0.03593883154517297 0.01953198011659305 0
0.03128296396148355 0.0245366211433443 0
-0.01584407915423847 0.04133042381802124 0
-0.01569137838666996 0.03760821425439415 0
0.04868975244193311 0.009337163055476419 0
0.05048604124946821 0.01097797099222704 0
0.05134259264029357 0.008888722346998898 0
0.04619617309216732 0.006805784573987949 0
0.05330830069224797 0.0102676471060085 0
0.05438921236880754 0.007981297511199408 0
0.05306623697358747 0.01350344359650339 0
-0.01813438545049365 0.03926977671286871 0
-0.01798861878690594 0.03700880447982288 0
-0.01956532562973459 0.03751328514410934 0
-0.01945129599660958 0.03548817203884508 0
-0.02154976963150857 0.03618241989356742 0
-0.02119132229385845 0.03433671030199324 0
-0.02318534504496675 0.03520322599678124 0
-0.02267161966801924 0.03274787820999064 0
-0.02503077007683585 0.03345039607331413 0
-0.02488169215071512 0.03114777426024612 0
-0.02734741145250724 0.03244528376475077 0
-0.027543312175023 0.02997351644619427 0
-0.0301144610209193 0.0312595667932413 0
-0.0296853034168278 0.02750565388026861 0
-0.03303354424589298 0.02933784104328261 0
-0.03286147312216596 0.02574845118325764 0
-0.03629817806891467 0.02757496449028824 0
-0.03600580682884354 0.02336777737231045 0
-0.03308898549390123 0.03321467296839534 0
-0.03964379157683158 0.02550351731487812 0
-0.03951746853170982 0.02154344629265585 0
-0.03958771314171803 0.02923387738613068 0
-0.0430631226299004 0.0234226673210665 0
-0.04290401065180267 0.01945707079202254 0
-0.03932769421977282 0.01794933642815875 0
-0.04224526766174308 0.01526427307324872 0
-0.04620079031363968 0.0172858564277032 0
-0.0462076307684477 0.01350776248921299 0
-0.04326942531598097 0.01142770578486274 0
-0.04960199064834252 0.01519687864281202 0
-0.04958448496108923 0.01172914706392615 0
-0.02765071723771732 0.03491378141129582 0
-0.01740685507450408 0.03482618072878552 0
-0.03248558597212154 0.0223493291392604 0
-0.04983503790698181 0.01916747634984486 0
0.004071144868941333 0.03870653462528994 0
0.006877747436322715 0.03706738187694496 0
-0.009443479453279627 0.03764314690544795 0
-0.01211337740178305 0.03654878638023759 0
0.0427960433226752 0.004036787566179985 0
0.04097513230938334 0.00297067583172893 0
0.03836222062796977 0.003339606537878013 0
0.03924408462195016 0.001052736570192036 0
0.04159024149634139 0.0003186261229095977 0
0.04008253202077938 -0.001155464907872838 0
0.04198161335401019 -0.002381971353300561 0
0.03975718422029836 -0.003619472348984381 0
0.04204262855448064 -0.004394683585703912 0
0.0398936396303798 -0.006185630739157445 0
0.04284373566623218 -0.006558760373003923 0
0.04014702700003793 -0.008975465655379121 0
0.04368495898843958 -0.009887272897053247 0
0.04063767486836534 -0.01243194339845424 0
0.0443920587939451 -0.0133808753515207 0
0.04175487475053394 -0.01613109132893735 0
0.04592491382835466 -0.01704942827688776 0
0.04257981535686238 -0.01992437791806183 0
0.03874955766830082 -0.01809886671395057 0
0.03918800101562975 -0.02222378803667257 0
0.04681862328591744 -0.01073071271589207 0
0.04325563058115918 -0.02380279038277761 0
0.04023744171318187 -0.02644570967388238 0
0.03650453083530258 -0.02524686626794187 0
0.03728804817554508 -0.02915498129365435 0
0.03368831402318648 -0.02800975550975788 0
0.03393160745709608 -0.03208125465449704 0
0.03061073889122984 -0.03024142173013 0
0.03801753284940247 -0.03312207902144791 0
0.03515469059254917 -0.03594645373724854 0
0.04407216654984482 -0.02776881996711123 0
0.03268118509418921 -0.02436613346177339 0
0.04707775343874639 -0.02512710816170248 0
0.03883733607962487 -0.03695521926885 0
0.03584180109156054 -0.03965664375738776 0
0.03244914365549866 -0.03830727727303958 0
0.03329337936892043 -0.04120796260215109 0
0.03786304113219375 -0.01090847845619398 0
0.02812950022126234 0.02546708453755845 0
0.04186556828123947 -0.03436524458462427 0
0.02520404087887761 0.03813249929330364 0
0.03956742498587172 -0.04071910746494562 0
0.02965706037350118 0.0379899898638598 0
-0.02715925507238031 0.02648999062529648 0
-0.02517326112540968 0.02810825136196859 0
-0.02311539160373509 0.02951676504382703 0
-0.02117524183767393 0.03123386613364487 0
-0.01813195832058017 0.04175451096573597 0
0.04469375281761924 -0.005381471643291395 0
0.04435401097648883 -0.003321587421847409 0
0.0378125284832161 -0.00507571162766264 0
0.04952267564837054 0.006634553861577278 0
-0.02933508660659613 0.02515858165932928 0
-0.05255077597814214 0.01289140858942806 0
-0.05273900688727649 0.009819071459457911 0
-0.04984571568614797 0.007737148950792355 0
-0.01636884257711991 0.04425364128519195 0
-0.01643514621008049 0.04773070410254865 0
0.02201424598641974 0.03077428339851269 0
0.02423107818074375 0.03019543240484907 0
0.004057049126926716 0.05392834663477952 0
0.007514905240291792 0.05196295367608737 0
0.000606618713519356 0.05594417080954651 0
-0.002854019661704549 0.05399315165715386 0
0.009983736563411671 0.03628538552120746 0
0.01235817439978663 0.03509730914456948 0
0.02296683818319636 0.0286654158743044 0
0.0190799483713956 0.03886048618049231 0
0.03577545605352091 0.04299098928344554 0
0.03272929525373439 0.0430228011409057 0
0.03390905203156502 0.04480931311050435 0
0.03201203809715828 0.04495383303087892 0
0.03235910957012605 0.04633603027450359 0
0.03093796251174649 0.04679453473506046 0
0.03127398853571931 0.0408713549236631 0
-0.02719381815247603 0.02418633027756448 0
0.02802112509086824 0.03805966006420708 0
0.05225146822432318 0.006307791575471797 0
0.03754913989910325 -0.0008416064241972554 0
0.04352490767604637 -0.0005022871724470048 0
0.01522818795777979 0.03337497981166759 0
0.007385018739849347 0.05569885539828987 0
0.01101427096506594 0.05391187786072282 0
-0.02359187331922701 0.0371995683520298 0
-0.02149552471432737 0.03828198836226244 0
-0.01968821604149007 0.0395407722281739 0
0.05582351820820335 0.009626586362146115 0
-0.05522829451060982 0.01076870089640333 0
-0.05584247143434054 0.00768468967746399 0
-0.05303577434957786 0.006650234676753223 0
0.04226894588761016 0.0355016323878895 0
0.03875078462294159 0.04336142634829573 0
0.03095594066285643 0.04337554788274396 0
0.03663138880575596 -0.04297950486560138 0
0.0342185373026438 -0.04444990707927574 0
0.04622967171933551 0.03506637086376593 0
0.04708247428278059 0.03057247975866063 0
0.03194965051650393 0.04804271162307143 0
0.03020811439017182 0.04788258127793179 0
0.03400571184029971 0.04777686530124645 0
0.05609138223565765 0.00687701753441099 0
0.05467022487247973 0.00579252097021844 0
0.05669816068868085 0.004532869145551451 0
0.0553037871711414 0.003821995471836319 0
-0.02558840438100884 0.03616833167178268 0
0.04767391625573768 -0.02909950740260668 0
0.03042919171506189 0.04522606159388665 0
0.02102021293431392 0.03760598612075604 0
0.02977000493423976 0.04666237628438952 0
0.02897310602020864 0.048037718112576 0
0.02954655258712405 0.04911602816249414 0
0.02821033212661804 0.04892968026745458 0
0.02871790041635393 0.05021859820244371 0
0.02742654505044956 0.05005937262538416 0
0.02785805197619955 0.05152523554770515 0
0.02620292098427133 0.05100890238191245 0
0.02670102759401915 0.05299504663485811 0
0.02552569453135162 0.04968423226068564 0
0.02452538882337392 0.05067439533607264 0
0.02405114912673072 0.04967239347080096 0
0.0232009841682126 0.05003664622297495 0
0.02272948803321089 0.0491262563619193 0
0.02189397280552748 0.05004071799335192 0
0.0215674364873994 0.04869932386688442 0
0.02052132064558923 0.04980921085154122 0
0.02018338440676285 0.04846307064343536 0
0.0187620714006234 0.04974266542319664 0
0.0187233545253104 0.04757053017685568 0
0.01707226139247075 0.04903640469250779 0
0.01944578862718199 0.05153030992656479 0
0.01642223809776029 0.04710592009961138 0
0.01790894614165599 0.04597848222675102 0
0.02269906534694307 0.05163632464537827 0
0.01680419017443456 0.051478284112167 0
0.01480590803171692 0.04932437039389893 0
0.01984071781855954 0.04666266101892821 0
0.02895276207801291 0.05334079703736162 0
0.02672547454148019 0.04857501356534662 0
0.02118154715025184 0.04747832541636453 0
0.01875347841546366 0.05418718331778581 0
0.01654900989777386 0.04489985398276779 0
0.01758516386121134 0.0437569142597359 0
0.01896113125628917 0.04444959152867141 0
0.03238968080250281 -0.03497515414990974 0
0.02810841427783318 -0.03394089462087675 0
0.02975696704815108 -0.03699583349164474 0
0.03459578548119392 0.0222882860103844 0
0.0323336231408209 0.021078945461284 0
-0.00736689939951894 0.04024091242221008 0
-0.003411723778286499 0.0383148437040941 0
-0.006669624443039672 0.03702439220773358 0
0.0250284696007551 0.04866864841368375 0
-0.0147340819781057 0.03545864780322737 0
0.05116912716674869 -0.02697313203048262 0
0.0500893330732512 -0.02254449863430448 0
0.05376012521087921 -0.02367571153990213 0
0.05289049248014503 -0.02003797035986172 0
-0.01954497695152553 0.03282431251674941 0
-0.01733458751369551 0.03226818520008998 0
0.02110825937359674 0.04563504992592701 0
0.02069510943218182 0.04512542585566452 0
0.0204971260623105 0.04565369538981235 0
0.02016934200379128 0.04513035112512579 0
0.02949885737584751 -0.04361187818077748 0
0.0300456546268873 -0.04332267155413808 0
0.03002413960717534 -0.04272290815153982 0
0.03054577125871906 -0.04297254080793066 0
0.0306628507111337 -0.04382420066722965 0
0.03052822088736414 -0.04226642410597337 0
0.03129061844907942 -0.04288750233695606 0
0.0316107010326827 -0.04387002622801905 0
0.03127063127627088 -0.04482333950865382 0
-0.05002002727751304 0.004491493893466034 0
-0.05037466488782887 0.004999555478696979 0
-0.04973652299274487 0.00502794850071631 0
-0.05102972843542024 0.004947862660681858 0
-0.05067016658106509 0.005592579308334512 0
-0.05144708370800105 0.005620602988170423 0
-0.05177730682719423 0.00498163070086065 0
-0.05109976668392936 0.006298956820920018 0
-0.05005549646166698 0.006256282242403022 0
-0.02110301118989992 0.04095922800470579 0
-0.02080162602313632 0.04148636068251242 0
-0.02050651025618547 0.04093898023630908 0
-0.02014804726013738 0.04146525248304127 0
-0.01985577588127589 0.04090947043441701 0
0.05310127225378655 0.003263598214586678 0
0.05373967655005923 0.003365659302385368 0
0.05329217089589803 0.003870719449198264 0
0.05412690612458924 0.002881761440157758 0
0.05386772289022055 0.003981143104377116 0
0.05354977175154603 0.004564281737170751 0
0.05282181898766134 0.004439128905378556 0
-0.02112006617591142 -0.04103822702276287 0
-0.02082734828292834 -0.04047357640830047 0
-0.02122429652461591 -0.03993396358099362 0
-0.02062958523981704 -0.0398806321696689 0
-0.02090556440742671 -0.03923769858323356 0
-0.02004342351751371 -0.03929653758572692 0
-0.02053014636252031 -0.03828705535943483 0
-0.01929503920080991 -0.03827832138815519 0
-0.01998269411117439 -0.03700164403388903 0
-0.0187939251279947 -0.03974318118525442 0
-0.01767438509316013 -0.03820294243909616 0
-0.01692659638840308 -0.03985206163925367 0
-0.01565271465547179 -0.03820099233237857 0
-0.01463319981056225 -0.04039496788208943 0
-0.02049472276076619 -0.04096506727872061 0
-0.01580259054929788 -0.042607901359225 0
-0.01313917217228857 -0.04280215727377898 0
-0.0152893320849741 -0.04482561113480647 0
-0.01212680794953898 -0.04588152171097259 0
-0.009727770826996336 -0.0431592322549731 0
-0.008549818398237926 -0.04671430123480959 0
-0.006047197706993144 -0.04307236975748392 0
-0.004751846136566238 -0.04727938099701074 0
-0.002164614892589582 -0.04364996157276153 0
-0.000842688889961737 -0.0479363080415165 0
0.001946960399285447 -0.0443962882997765 0
0.003124036555588595 -0.0486326103451174 0
0.005809077177282428 -0.04553168645966361 0
0.007055005617383084 -0.04940098739645028 0
0.009621064677183874 -0.04634554556736183 0
0.008449541830257356 -0.0420025013439685 0
0.01216486366977448 -0.04331817038071045 0
0.01347756270320788 -0.04690412254437525 0
-0.01467928340593875 -0.04783051561263117 0
-0.01679574145003308 -0.03598261653932867 0
-0.01298635871008252 -0.03788591817808538 0
-0.0214350921130995 -0.03728470495768529 0
-0.02089089081477895 -0.03562974675561943 0
-0.02271965588663595 -0.03604798088171979 0
-0.02193895538951329 -0.0339318872319033 0
-0.02406712345549178 -0.03425960078641938 0
-0.0227940362329719 -0.0319311070841853 0
-0.02555887091993195 -0.03181669679342654 0
0.0005164988783133512 -0.05177845064947996 0
0.0005125837704416832 -0.04127042361635797 0
0.01123364955569178 -0.03989781087676863 0
0.01440044435426256 -0.04042557688415103 0
-0.007332899807805809 -0.05042708679943258 0
-0.02622483375922965 -0.03449512401392697 0
-0.02812263576798601 -0.03264659804604511 0
-0.02983137966801786 -0.0349982269650415 0
-0.03108737380565005 -0.03244028553467585 0
-0.03220468321487523 -0.03550235768554622 0
-0.03437768803228056 -0.03283208108859297 0
-0.03289125726216244 -0.02940061713383476 0
-0.03664925053249272 -0.02982695921287505 0
-0.03441723384123899 -0.02605890676504664 0
-0.03885397823680242 -0.02657796385730822 0
-0.03675037461204899 -0.02282794427627092 0
-0.04112020577011478 -0.02329779298018475 0
-0.03950179392077988 -0.01988630979399633 0
-0.04343842595926493 -0.02004250333106148 0
-0.0412865437137703 -0.01640962661676728 0
-0.04562996389974089 -0.01672097157504437 0
-0.04404400278169041 -0.01260050196108835 0
-0.04773902961179331 -0.0135438571666223 0
-0.02722513765014561 -0.03006239592242357 0
-0.03978643770674917 -0.01227918393521495 0
-0.04147656578876243 -0.009243703818212635 0
-0.03806910211899472 -0.03394157901204912 0
-0.04525559495856141 -0.02378395213467002 0
-0.04964016223300835 -0.01704694728457587 0
0.01325088098348308 -0.03727404686486483 0
0.01590925558475169 -0.03799245913916507 0
-0.007897332458707891 -0.04009383874361607 0
0.007136983730315398 -0.0394923375303914 0
-0.03557896427859323 -0.01936739656385224 0
-0.03056070285107422 -0.02631432716862448 0
0.01520184103123464 -0.03578778823072214 0
0.01765271204052838 -0.03590651213950167 0
-0.03901483014143028 -0.009683581133076873 0
-0.04062056005799949 -0.00648898791282752 0
-0.03744693499859267 -0.01241256484511462 0
-0.01710241203526157 -0.0474605132346891 0
-0.01678238104791118 -0.04971815126421021 0
-0.01887726756743081 -0.0494995012632066 0
-0.01866673170157969 -0.0518048881855433 0
-0.02094172735749592 -0.05163522813092052 0
-0.01592778289402454 -0.05314472817559193 0
-0.04341379775560779 -0.007255158472801719 0
-0.04155934230763761 -0.004341694255861595 0
-0.03961142347334307 -0.003891408434989958 0
-0.04144233049911303 -0.002181061845772179 0
-0.03905722191591521 -0.002089683871130058 0
-0.03986187901667305 -0.0001848798045682994 0
-0.02083428810470615 -0.03232218739018663 0
0.009304130588958286 -0.03676037458902758 0
-0.03084951884901161 -0.03734200570958527 0
-0.03292812588673223 -0.03793924504430379 0
-0.03174784925266214 -0.03984757961502718 0
-0.03340012229779225 -0.04028446504974736 0
-0.03206797032049546 -0.04129981847173904 0
-0.0340025141783867 -0.04209416329314716 0
-0.03285904745250446 -0.0436403942877646 0
-0.03576060578833882 -0.04024044627417026 0
-0.02808160504411649 -0.0371030799757192 0
-0.03806799753263278 0.0004541653203436393 0
-0.03873507330425393 0.002161849881044261 0
-0.04149805490985005 0.001940137435746195 0
-0.0404782987372931 0.003933719262630462 0
-0.04287030974588039 0.003769602495040209 0
-0.03846600920259723 0.004240148969761613 0
-0.0512897004013204 -0.01336461636885948 0
-0.05066272803603514 -0.01059948173479244 0
-0.05356164067170707 -0.01011405025867148 0
-0.05237603263049513 -0.007796934000498404 0
0.0172372779576008 -0.03394617034639196 0
0.01901458033702482 -0.03424919732999544 0
0.02016493176361878 -0.03641670087657287 0
0.02115361876782957 -0.034261128853047 0
0.02085460817312385 -0.03246357675650387 0
0.02280464941204283 -0.03254871632466443 0
0.02374426081166545 -0.03508230254409857 0
0.02253277055537854 -0.03077866170681784 0
0.02449244075187885 -0.03085969207019327 0
0.02379363918124856 -0.02901156325397185 0
-0.02236598309828914 -0.03033987421503431 0
-0.02156943927124199 -0.03930576402780313 0
-0.01764435978919432 -0.04494218562491542 0
0.01737489085490315 -0.04067678640164338 0
-0.03712122263227802 -0.003884463258661956 0
0.01273267640906478 -0.03488750914810252 0
-0.03578497786729341 -0.009644940629250719 0
-0.03943383949479519 0.005978662790487895 0
-0.03734863182602886 0.006639144366741889 0
-0.0446697774998669 -0.004269246708436157 0
-0.03679885620723476 -0.04279560315201381 0
-0.05332031171443963 -0.0170607122741058 0
-0.05141586003003889 -0.02063313276578313 0
-0.03650387704806911 -0.001426535965846616 0
-0.04321652451650192 -0.002248434393065938 0
-0.02133284214066629 -0.04896331716891512 0
-0.04385464573154649 0.001634969679248153 0
-0.01973551961754583 -0.04699284457454915 0
-0.03772086482296433 -0.01466733008366027 0
-0.03535339394669958 -0.01476280426616917 0
-0.03480248671089921 -0.01214069705747708 0
0.01495597579770964 -0.03340438404159234 0
-0.02318713985751077 -0.03740200848335867 0
-0.03618974419293166 0.004815027078786278 0
-0.02060826080084693 -0.05371872466854917 0
-0.02975652140672621 -0.03925943134392321 0
-0.02021419403912409 -0.03016635489231907 0
0.02026321725359285 -0.03032530784799595 0
-0.03874902727184999 -0.04026771251621031 0
0.02206581786018973 -0.02873755238482881 0
-0.04673458010515938 -0.01063315656144044 0
-0.04867906391443154 -0.007445007666058969 0
-0.03107559613687479 -0.04284018589594316 0
-0.03205529273736285 -0.04465181599056461 0
-0.03322695923413631 -0.04501521685979606 0
-0.03188012570153981 -0.0458613946457674 0
-0.03075363279477836 -0.04156254857119494 0
-0.03073590956296964 -0.04568171262307708 0
-0.03075474948773317 -0.04682996248029624 0
-0.03217045603972333 -0.04758564718072564 0
-0.03060324746654746 -0.04814574282372994 0
-0.0293812785209854 -0.04772299462346891 0
-0.02933477101170077 -0.04895140861278044 0
-0.02834627841547048 -0.04816100161560459 0
-0.02815167580741558 -0.0494447611044926 0
-0.02721318798912585 -0.04880960604717906 0
-0.02700407333793649 -0.04985322990509107 0
-0.02589014980106348 -0.04942769930534664 0
-0.02590495538170167 -0.05059298115053699 0
-0.02503190169540167 -0.04980495642860645 0
-0.02464521952894422 -0.05106574482244328 0
-0.02710340939111498 -0.05148309542484854 0
-0.02336093142487249 -0.05060798066238534 0
-0.02303356031123547 -0.05209183392730272 0
0.02570026036925883 -0.02939283230481038 0
0.02531394483163359 -0.02776265353118679 0
0.02356065566780851 -0.02720107774292416 0
-0.03863558508922522 0.008242727126728668 0
-0.03703725186850964 0.008884258020597694 0
-0.03796870346374197 0.01038937632100096 0
-0.0364383977687871 0.01103313129599402 0
-0.03707108488525732 0.01261368869129264 0
-0.03541041645679417 0.01300870696421485 0
-0.03542013221236824 0.007312645639064063 0
-0.03432724758903284 0.01149548920876296 0
-0.03501526876426105 0.009368426522035997 0
0.02725891952123648 -0.02806673140099871 0
0.0270374229535392 -0.02639442940730238 0
0.02841224694698107 -0.02614928396418603 0
0.0281553593103479 -0.02459029228235243 0
0.02510232517319921 -0.02595538597325568 0
-0.03217290975354044 -0.04937724844855862 0
0.02648692171881453 -0.02453005034699218 0
0.02749505832569993 -0.02334521992459943 0
0.02892097071710244 -0.02357213522767682 0
0.02805230167325 -0.02238112561512499 0
0.02934154485900385 -0.02230646567217152 0
0.02889091471829579 -0.02122195819377452 0
0.02998747858346729 -0.02120497865247527 0
0.02969150211507161 -0.02008779424318911 0
0.03081276731826417 -0.02027283488896119 0
0.0301662191577344 -0.01922716476351004 0
0.03133221126096911 -0.01927028116646317 0
0.0322017962546032 -0.02042657648123118 0
0.03271021804675647 -0.01891776410030993 0
0.03210916964014533 -0.01751273474228243 0
0.03357238925685309 -0.01750320604494825 0
0.03266922662275737 -0.01623046029207142 0
0.03440345086475866 -0.01609386175968847 0
0.03325095126709367 -0.01486035479953879 0
0.03501152556932381 -0.01469026880597888 0
0.03390406239049229 -0.01373659790819074 0
0.03417849493633206 -0.02035327544294877 0
0.03531915579246055 -0.01321216643019666 0
0.03464760669261914 -0.01206456559776185 0
0.03674825988022236 -0.0143510153239302 0
-0.02367734004550645 -0.04884336650634225 0
-0.03355508928696851 -0.02313695997020918 0
-0.03019310766199968 -0.02267662182639918 0
0.004872926585985436 -0.04152787309372185 0
0.003978352406915095 -0.03868099945163479 0
0.005827682232557403 -0.03679616148854264 0
0.0331843311417693 -0.01238523998588665 0
-0.0297587247821244 -0.04637078216151877 0
-0.0295812688859482 -0.04524328422126099 0
0.01624868758207662 -0.04400338731098276 0
0.01684764219932721 -0.04746573276479859 0
-0.02853875273868359 -0.05500659892126865 0
-0.03058590489391605 -0.04400494491329623 0
-0.003623510934769397 -0.04107748095813599 0
-0.001758086831492517 -0.03819289647206416 0
-0.005540346459509716 -0.03770700611446844 0
-0.02502216804176556 -0.03623475916361315 0
-0.02223900594649014 -0.03826034870542053 0
0.03230905151990184 -0.01522218525801563 0
0.04741913704413857 -0.003688605568701551 0
0.04680322752598569 -0.003884346812946911 0
0.0473211691801161 -0.00431728224769451 0
0.04634789534274198 -0.003463974276990105 0
0.04652370850220071 -0.004570573806944207 0
0.04703025812633894 -0.005122758435351801 0
0.04779672956602495 -0.004825905754750373 0
0.04775571522980188 -0.00564687850662116 0
0.04696859949815727 -0.006049893138526108 0
0.04772967125582048 -0.006732360620706583 0
0.04881272243791144 -0.006127486289955466 0
0.0487437375740629 -0.007509610448947376 0
0.0501490011261957 -0.006841990867016023 0
0.05002140669270388 -0.008098431064996732 0
0.05161102141721183 -0.007684134055432158 0
0.05119668117955886 -0.00941800063200742 0
0.05318556782496864 -0.008564904750694931 0
0.05328306900473395 -0.01104752306229521 0
0.05291288412110718 -0.006792240582039842 0
0.05474653139865308 -0.007303087769834668 0
0.055051506312111 -0.005722882067851901 0
0.05138498696335216 -0.005891897706930967 0
0.05339873625939323 -0.00492126644727902 0
0.05658544642446729 -0.006046247511950138 0
0.05680551668370279 -0.004259708759824552 0
0.05482001966091136 -0.003776216248916721 0
0.05680345267238891 -0.008671377361525921 0
0.04990438971879056 -0.00566066303583793 0
0.04638114787596696 -0.007032322723092743 0
0.050052000674311 -0.01201128409170057 0
0.0532385594974139 -0.01423638768821104 0
-0.02357369332656612 -0.0389672441523764 0
-0.02392615898437986 -0.03846358845560247 0
-0.02446501647534382 -0.03825717267191623 0
0.02196367592329005 -0.03995869981039858 0
0.02136137795844428 -0.03982351796153651 0
0.02087623011578209 -0.04035671115785046 0
0.02071230588240148 -0.03977720012163685 0
0.02111724360284263 -0.03906292044264085 0
0.0201831077466887 -0.04017427687055994 0
0.01985874547769995 -0.03941610954024408 0
0.02034907415616851 -0.04087443364168551 0
0.01964520271469168 -0.0408921209689796 0
0.01988760618494356 -0.0415359667706177 0
-0.04562549786032367 0.001018931635289125 0
-0.04520916459607711 0.001477777011345007 0
-0.04540783133246618 0.002083810455152455 0
-0.04501813018076178 0.0009276288613613996 0
-0.02563802112504675 0.03878040488340706 0
-0.02617930375951508 0.03840138373241909 0
-0.02681666158502018 0.03860893072052715 0
-0.02664176741249564 0.03798484137899431 0
-0.02734050393563413 0.03812535323019155 0
-0.02561716169037966 0.03822727481718369 0
-0.02743837198474004 0.03886032504004791 0
-0.02795152318773087 0.03840459314368792 0
-0.02785385425119594 0.03741094910461329 0
-0.02880396766608433 0.03789715463264388 0
-0.02898166894055118 0.03896330648704437 0
-0.02977306106732511 0.03846110230443252 0
-0.03001277941922271 0.03940293177718486 0
-0.03110493490197464 0.03887455501875323 0
-0.03102462619398137 0.04014790312802496 0
-0.03229039141367058 0.03959556605326835 0
-0.03256937272895732 0.04111253555565459 0
-0.03415123279308072 0.04001630605227278 0
-0.03408948517916859 0.04221978645184982 0
-0.0328522188850595 0.04322091020811634 0
-0.03665852986585626 0.0409752792129876 0
-0.0362275869200438 0.03775003529108605 0
-0.03122196638121869 0.0419330104510989 0
-0.03012955086198337 0.0370600393760046 0
-0.03258873486748022 0.03771736977603377 0
-0.03409756737629156 0.04438471473196873 0
-0.03241576755005647 0.04552049388510163 0
-0.03966250719428327 0.03906735649000616 0
-0.03112887584448784 0.04433083667822348 0
-0.03947402866552907 0.03557882137945081 0
-0.04290350797244326 0.03684924772347425 0
-0.03017771603096183 0.04080674679786206 0
-0.02910248533354338 0.04018015974062503 0
0.02193032824928182 0.04002230602499745 0
0.02132478986508509 0.03989117352974739 0
0.0209250767898466 0.0403737540532733 0
0.02176040104106996 0.03942373988615128 0
0.02219735396193655 0.03898085069064225 0
0.021030554829701 0.03927563107348685 0
-0.02081163208591726 -0.04492363416309077 0
-0.02020916459607714 -0.04477904720056696 0
-0.02002033432942134 -0.0442022313740042 0
-0.02036469134463876 -0.04536632286379182 0
-0.01968865177539658 -0.04519319362371896 0
0.02507694452222925 -0.03874947270323923 0
0.02464153461768219 -0.03828762910563745 0
0.02402041085850972 -0.03833624265663065 0
0.02516104915537498 -0.03815341886532751 0
0.02481181856932503 -0.03765229093351891 0
0.02548214313091091 -0.03761985038970703 0
0.02506665841554237 -0.03689455161630707 0
0.024231995431923 -0.03720773518547552 0
0.02605692023167206 -0.03685303497864995 0
0.02684425814975609 -0.03757297784515371 0
0.02723994316923892 -0.03662748695328949 0
0.02777936459815174 -0.03752635099341499 0
0.02572623118321674 0.03887718506624359 0
0.02613956718785174 0.03840954543551856 0
0.02670794038854393 0.03851622462260344 0
-0.02754667335814743 -0.03960136641706266 0
-0.02817938856774528 -0.0393582986371849 0
-0.02766647985562775 -0.03898356321526387 0
-0.02821533275411977 -0.03873200198830357 0
-0.02861610545768375 -0.03974086436230494 0
-0.02704427102107403 -0.04736238325985852 0
-0.0205224526626785 0.04365680212643902 0
-0.02004242303455641 0.04404850468684904 0
-0.02014226803632031 0.04469822231503111 0
-0.01996544082115513 0.04341372620600298 0
-0.01945866530578189 0.04440347993360096 0
-0.01953140720827981 0.04513264019269204 0
-0.02025471516935258 0.04536905748409584 0
-0.01965119902424101 0.04596640176920267 0
-0.0187081104360942 0.04562681595104068 0
-0.01889998600104992 0.04672438094259338 0
-0.02008681834096086 0.04699649346751029 0
-0.01923805952721614 0.04789564572009685 0
-0.02040118000459478 0.04820953179581123 0
-0.01947649938401867 0.04934205554757722 0
-0.02129146762265982 0.04948000877182614 0
-0.01980538815184169 0.05108712898966995 0
-0.02172970260353554 0.05155839140950597 0
-0.0227846564856207 0.05019916801533647 0
-0.02011399793038621 0.05334927579341095 0
-0.01767296683382117 0.05251382261379032 0
-0.02363873017855088 0.05163124562057127 0
-0.02498175991987026 0.05079457470507274 0
-0.02543941035987253 0.05217858539307721 0
-0.02615713903863715 0.05057564677881744 0
-0.02589577031765294 0.04923732958223846 0
-0.02194530774764924 0.04856912872613063 0
-0.02416809132585635 0.04888122307413229 0
-0.0273381313223741 0.05238554467695071 0
-0.0211332423769205 0.04735742341576481 0
-0.0286234371148929 0.05081654650101724 0
-0.02787205438852686 0.04923130938515283 0
-0.02933668175847244 0.04935087895487317 0
-0.02882151356015188 0.04804201219082883 0
-0.03008513903694417 0.0480474585322019 0
-0.02963199251903643 0.04689180481271036 0
-0.03107379197777779 0.04953005446231289 0
-0.03150703205204065 0.04793711365384071 0
-0.03421060359314645 0.04618469254713377 0
-0.03294472248587287 0.04932762280046055 0
-0.02859411287190388 0.04705780748406404 0
-0.02691679208435822 0.04739040564313775 0
-0.0274751730145499 0.04768754843889722 0
-0.02678669148704133 0.04798573870196885 0
0.02752535044591981 0.03959174646579795 0
0.02811425252778545 0.03937534193837029 0
0.0286363156056934 0.03979224349605169 0
0.02871091657953818 0.03909437460966935 0
0.02930398509339956 0.03950884970322655 0
0.02923886951332668 0.04021983140237056 0
0.02993208474001784 0.03999402503473191 0
0.02979927910112444 0.04069690036240716 0
-0.02562579174368649 0.04777345369727808 0
-0.04808908631175855 -0.004074642062615661 0
-0.04822898030546034 -0.004696215898316132 0
-0.04886195293732928 -0.004834882113864259 0
-0.04759891896460577 -0.004474675027937661 0
-0.04777209144777819 -0.005190515346280169 0
-0.04701513532672805 -0.004909658927679198 0
-0.04722331974692646 -0.005845529225808152 0
-0.04626339854966972 -0.005547238783147909 0
-0.04638699429511573 -0.006674830879812349 0
-0.04702001117693003 -0.004207306247463088 0
0.02692666056350284 -0.03924538747127818 0
-0.02304467669509954 0.04736154086906442 0
-0.02316833557480753 0.04796827503132626 0
-0.02250567357164211 0.04764709376391905 0
-0.02951471457929691 -0.04358160359933746 0
-0.03000875421335626 -0.04325062756065838 0
-0.02999197020178779 -0.04261927371000881 0
-0.04652313377206374 0.002838798984515969 0
-0.04632337868860016 0.003430215241747863 0
-0.04661504280677796 0.003883233070815094 0
-0.04616527384554901 0.004017367226224504 0
-0.04651157843753972 0.004494843934945555 0
-0.04574879640847957 0.004621907317091031 0
-0.04666460136912957 0.005577351071196039 0
-0.0452067963705485 0.00563302536041789 0
-0.04617324376301946 0.007086301328625937 0
-0.04568306444493143 0.00365610780117578 0
-0.04749532681108333 0.005287848938777642 0
-0.0444638391107646 0.007119543379389271 0
-0.04543724616036494 0.008935153307493112 0
0.02084105517696922 -0.04170767231864182 0
0.04808893132200993 0.004074704013651452 0
0.04823280054302615 0.004714991974147929 0
0.04762741417543357 0.004519315905892838 0
0.04887740846814863 0.004835510736324019 0
0.04831150256290474 0.005363056304051671 0
-0.05008586148875441 -0.00451134459533158 0
-0.05045356665354543 -0.005014820089275441 0
-0.0510528923895265 -0.004926949348401453 0
-0.05076451746734367 -0.005464713758194315 0
-0.05003787540591998 -0.005631015980414385 0
-0.05146653309850965 -0.005543476001973497 0
-0.05066516012653129 -0.006212224571505178 0
0.02307801669018915 0.04743491598756019 0
0.02247989320924893 0.04766185264783533 0
0.02299452433710285 0.04797274970683511 0
0.04924358429604296 -0.004483248672882752 0
0.04981647684066139 -0.004543830313208972 0
0.04880407916065525 -0.004891208090342198 0
-0.04804891411192781 0.004040077810963511 0
0.02048120392331781 0.0437140370398511 0
0.02032998042125255 0.04307673936013499 0
0.01992239575526882 0.04346694003727476 0
0.01975082736044673 0.04279001390791713 0
0.01916922503767754 0.04316453592415871 0
0.01901664220683038 0.04250822062107756 0
-0.04563395126430079 -0.0009965137491925414 0
-0.04504242303455642 -0.0007472344976271089 0
-0.04492751614664112 -0.0001503858066742592 0
-0.04441947560653377 -0.0005637330097685733 0
-0.04427659310111031 0.000138564062173693 0
-0.04355705392203195 -0.0003874272001167284 0
-0.04520916459607709 -0.001477777011344912 0
-0.04536469134463848 -0.002065052674569776 0
0.02052254819408935 -0.04365688006425818 0
0.02004242303455643 -0.04404850468684898 0
0.02014285308783054 -0.04469809467004361 0
0.0199664116202033 -0.04341422220728894 0
0.01947276046244058 -0.04438766449687601 0
0.01954930719841686 -0.04512754017521079 0
0.02021072220539865 -0.04542531620806677 0
0.01962098317333777 -0.04592073158134467 0
0.01863705210668923 -0.04482010266360559 0
0.0187766216124592 -0.04376851686395136 0
0.02033475208780799 -0.04606209546993788 0
0.01987992857081425 -0.04672944672297775 0
0.02066006946156164 -0.0471886895289039 0
0.01984822922601073 -0.04781149657075434 0
0.02093017426593595 -0.04817529928821172 0
0.01992987377224117 -0.04905981569034498 0
0.02119686223593022 -0.0495120499024535 0
0.01995715663393895 -0.05066552362207722 0
0.02183499128747821 -0.05119533542437454 0
0.02306232063988484 -0.05029408120950835 0
0.02348817490517382 -0.05168616678091547 0
0.02470064407726303 -0.05048458375747438 0
0.02511194320511583 -0.05218462073387483 0
0.02690906115751319 -0.05088291073060339 0
0.0201367729384785 -0.05306622320477179 0
0.01787430449409423 -0.05168127207224903 0
0.02749399197099684 -0.05311410123966154 0
0.02205387035388568 -0.04850838144688323 0
0.0262280459427777 -0.04967704835786377 0
0.02720718522659471 -0.04943969471755363 0
0.02453918063945523 -0.04924075974275607 0
0.01798441244162805 -0.05459262430702883 0
0.01478955815415712 -0.05331768589902623 0
0.02695462502904915 -0.04860341984200037 0
0.02809931915198501 -0.04869357192039751 0
0.02857571590193683 -0.04989485883775986 0
0.02944796142071938 -0.04875605014767974 0
0.02882238961737894 -0.04787817204322959 0
0.02991078284078727 -0.0475906189015747 0
0.03071609061074311 -0.04847852222942409 0
0.03142732035864798 -0.04736953024763345 0
0.02949460861287218 -0.04673572090015204 0
0.03224873739961343 -0.04886443098075628 0
-0.02890258805490813 -0.04107422266395295 0
-0.02951707449609578 -0.04112596176063944 0
-0.02921551181096767 -0.04058399131106798 0
-0.02990396438204737 -0.04059103984607602 0
-0.02568917554148631 -0.03886285518829617 0
-0.02611562526900797 -0.0384133965184023 0
-0.0255292662513501 -0.03825444880201218 0
-0.02586210839238143 -0.03784594014201115 0
-0.02670958867632631 -0.03853826819357629 0
0.02752136513240121 0.04700433395483189 0
0.02752975624861923 0.04763438386625635 0
0.02807782200738203 0.04723335702048937 0
0.02859864507543388 0.04687224974741779 0
-0.02250510842372465 0.03950032301743331 0
-0.02192255773369309 0.03975837832297278 0
-0.02255121174774978 0.0388976854650042 0
-0.02309464117539601 0.03863709893993217 0
-0.02269035108347302 0.03831119108870584 0
0.0456255332347515 -0.001018952586782271 0
0.04520916459607711 -0.001477777011345025 0
0.04539844461781803 -0.002087168536604881 0
0.04466057282045955 -0.00190248402997131 0
0.04503907505741475 -0.0008618269113467846 0
0.02079315650122533 0.04170111440941816 0
0.02018888333485614 0.04187364245992751 0
0.020297679022377 0.04130027092723043 0
0.01956825549245671 0.04147386222161206 0
0.01983194429816082 0.04077745327107464 0
0.01881671406455195 0.0409299755120368 0
0.01705974627899953 0.03958611161906374 0
0.02945027146342854 0.04237262672090059 0
0.02980640881554273 0.04183584541723665 0
0.03005373148280898 0.04231456222343336 0
0.03039331130345393 0.04199976426970439 0
0.02116133374251477 -0.0455681573905846 0
0.05438875802452645 0.0009718000655347574 0
0.05495757696544358 0.0007472344976271292 0
0.05506089360883434 0.0001488606567849237 0
0.05558692752302136 0.000594183292720574 0
0.05484965658606908 0.001366557772015834 0
0.05475144764230993 0.001990448397138924 0
0.05537051911286593 0.001791242636489679 0
-0.02892231513786546 0.04111153975648636 0
0.02849915141082611 -0.04048521563391094 0
0.0286752101349149 -0.03989117352974737 0
0.02910578914099377 -0.04031943741671722 0
0.0292926957571978 -0.03964829115466235 0
0.02980254833434965 -0.04019088786683954 0
0.02826623937580256 -0.03944471845676405 0
0.0300567284924407 -0.03935989316672076 0
0.02929874296284278 -0.03884446958776414 0
0.03074469324072646 -0.04010501282342761 0
-0.04651346889754941 -0.002844346617365397 0
-0.04636103433267239 -0.003468306031276982 0
-0.04592445281820919 -0.00303951527917718 0
-0.0219347604309248 -0.04660481277324455 0
-0.02133911922150868 -0.04673395848308737 0
-0.02090065906448506 -0.04627996785949333 0
-0.02187408745974905 -0.04722104053369907 0
-0.02223128790045426 -0.04764104364890202 0
-0.02133055315208895 -0.04729739082400763 0
-0.02939357158478487 0.04229846614572879 0
-0.02980180970883023 0.04184325624299262 0
-0.02995757696544356 0.04255403569159479 0
-0.03014271011252532 0.04307338190508996 0
-0.02495433030119336 0.03881049256804259 0
-0.02462308966103098 0.03829556080213603 0
-0.02405199639609485 0.03836886635526492 0
-0.02426796668972183 0.03774494006429077 0
-0.0243898342028105 0.04774351383837162 0
0.02892030792077204 0.04114174617074692 0
0.04651351467151356 0.002845268064364089 0
0.04636204995823991 0.003481301872958684 0
0.04589377739572782 0.002993869788173335 0
0.04584392236910922 0.003668975130621848 0
0.04626889985023842 0.004188022006429096 0
0.04550130788750445 0.004345521675827287 0
0.04526733128934476 0.003324683290039671 0
0.04535468123847235 0.002505272469514024 0
0.04460363316605161 0.002835114921241365 0
0.04477943795450438 0.001962942608445036 0
0.0438946972983852 0.00217053367603147 0
0.04426580772166945 0.001189375485488869 0
0.02641616070755105 0.04762170676791218 0
0.02190577720599611 -0.04657622752679504 0
0.02182090655176578 -0.04718114972759129 0
0.0294496881863611 -0.04236748304845749 0
0.02981167791201644 -0.04183631407560096 0
0.03047940958750605 -0.04146346307330853 0
0.02967143621017071 -0.04126366732047754 0
-0.02096470550217601 0.04558670575231198 0
-0.02089377387098542 0.04619166255754729 0
0.0500797736234757 0.00454591240006839 0
0.05045737617337085 0.005018052000318955 0
0.05108251012113861 0.004931321800697083 0
0.05082987740170217 0.005593524766056002 0
0.04985466939051135 0.005108795510239882 0
0.04901321909744261 0.005622209112808846 0
0.04844027664381541 0.006266253057089628 0
0.02302973076046085 -0.0392635324478252 0
0.02247545244562299 -0.03896638017336997 0
0.02300639903040139 -0.03863520116009276 0
0.02237746507734692 -0.03830534245281196 0
0.02299595609923244 -0.03794516397133958 0
0.02227330463931749 -0.03748995549635727 0
0.05132807926345689 -0.004290428515540618 0
0.05183166442519267 -0.004667004842104252 0
0.0511703194649662 -0.004872606420989347 0
0.02917447927151372 0.04493963257238331 0
0.04561535432102494 0.0009765339869193138 0
0.05416874597287907 -0.001639546207355932 0
0.05477601577952189 -0.001525858028944305 0
0.05499315733452521 -0.0009049357501463556 0
0.05537679214061005 -0.00130667643374386 0
0.05565477998308686 -0.0007391631711349128 0
0.05612647151324787 -0.001365717804595891 0
0.05663171592814055 -0.0004270443551985032 0
0.05729482925021671 -0.001388494403203532 0
0.05804912616978279 0.0001109290994712144 0
0.0591453793429229 -0.001336514158119302 0
0.05529540507151665 -0.001955161621595614 0
0.05999224384686887 0.0005947372112876134 0
0.05857096091547201 0.001933077779537232 0
0.05619537418127347 -0.002262522595949346 0
0.05769260378308386 -0.002820227718190886 0
-0.02052245266267854 -0.04294573825200483 0
-0.02004242303455644 -0.04255403569159483 0
-0.01813956987588129 -0.04130095562205033 0
-0.0199275161466413 -0.0431508843825478 0
-0.01945591071590033 -0.04275060422380244 0
-0.01929286419363801 -0.04340856879162343 0
-0.02005212172502167 -0.04184917464888972 0
-0.0185188903828824 -0.04281942132365227 0
-0.02250806048378425 -0.03958430663822608 0
0.0474246058604362 0.003790235686232991 0
-0.02809419318063966 -0.04657620377110055 0
0.0249614237523999 -0.04781983939677539 0
0.02532284704381007 -0.04830003378028518 0
0.02589245227380903 -0.04837166980373531 0
0.02919503883308924 -0.04494770160569475 0
0.02949752973114795 -0.04552112832249142 0
0.02980118275031348 -0.04490348011559749 0
0.03013285386152344 -0.04546020779074925 0
0.03047148374217022 -0.04638679108955912 0
-0.05388043010267913 0.002289720826477992 0
-0.054504475266088 0.002249222401356189 0
-0.05414689076502685 0.002881004541120428 0
-0.05475279182489308 0.002859388628292178 0
-0.05529520783525764 0.002329723929238178 0
-0.05450920027326982 0.003517424137849154 0
-0.05536862760565102 0.003289087283377301 0
-0.05610598641279016 0.002668003872818701 0
-0.05614572943323241 0.001636078841756042 0
-0.05647443069525244 0.003876208471886464 0
-0.05500907106707133 0.004347332018290486 0
-0.0572614592907501 0.00215100478725628 0
-0.05711095524948741 0.0008189310036618294 0
-0.05389933963018143 0.004379499451808645 0
-0.05827377046484894 0.003537597727578268 0
-0.05608624771250493 0.0002817881598560753 0
-0.0569210451547571 -0.0005698936454464773 0
-0.05591998995982209 -0.0009677446121369032 0
-0.0564074945071729 -0.001769296054828506 0
-0.055621739839927 -0.002326726558501245 0
-0.05657391752130408 -0.003010347452648343 0
-0.05532517303229035 -0.003499026978427367 0
-0.05649531368745762 -0.004360559448260623 0
-0.05517738856588407 -0.004854716734448108 0
-0.05640616956046031 -0.006037319095212101 0
-0.05798472044713569 -0.002107195492695402 0
-0.05452057364276156 0.005258203067611807 0
-0.05795107355456719 0.006081359049549232 0
-0.05517742364174814 0.001211380842361869 0
-0.05437763170155564 -0.004026966659266011 0
-0.05391318071394067 -0.005090801654541404 0
-0.05353476049301316 -0.002798530869655471 0
-0.05416264501191527 -0.002801394947067184 0
-0.0544746616429403 -0.002262617676816395 0
-0.02926320851417356 0.04492487741334655 0
-0.02951964073063067 0.04556736622421308 0
-0.02985517422933315 0.04511298616741227 0
-0.03016023172932266 0.04552960568134481 0
-0.02571173712799676 -0.04775018959802872 0
-0.02544115705928457 -0.04829726480888055 0
-0.02480673668938262 -0.04834588485900174 0
0.02190735140044239 0.04654801977360472 0
0.05257088050199447 -0.003830700143339972 0
0.05232050635134847 -0.004420739980021119 0
0.05246612782676557 -0.005028927574181942 0
0.02850126112297538 -0.04617450441020358 0
-0.05198343052182839 0.004014110886879547 0
-0.05257753387770182 0.004291807870020364 0
-0.02193476043092477 0.04660481277324457 0
0.02637541515867605 -0.04757140334347953 0
0.02294168663599867 -0.04734694545065589 0
0.02344520572644786 -0.04774512604488657 0
0.022299738135853 -0.04764333989972939 0
0.02284859157415611 -0.04801533218564352 0
0.02342898732791597 -0.04835113603395709 0
0.02946136239434931 0.04364405383139576 0
0.0299266646679444 0.04404638718843917 0
0.03012959242233085 0.04331815487947231 0
-0.05258649986444022 -0.003729874431740132 0
-0.05253078628953013 -0.004346660959926299 0
-0.05298187947053951 -0.00401762963273094 0
-0.02606315134952682 0.04816172262707397 0
0.02501005573307638 0.04792215158029683 0
0.02756521301769616 -0.04700305189806184 0
0.02750955248618618 -0.04759085846067641 0
-0.05305080606830699 0.003323509351971638 0
0.05356012865651932 -0.002778043301539137 0
0.053677034643841 -0.003371882757205203 0
0.05420353840765741 -0.002772076494680102 0
-0.05450670350411251 -0.0002905493185280892 0
-0.02440134953206797 -0.04780829814535256 0
-0.05448604900759868 0.001046136740503131 0
-0.03782202854052288 -0.00677014435118386 0
-0.0234092977154328 -0.03823325287844521 0
0.0004698515779156407 0.04006425794422228 0
-0.02533425827556518 0.04825605151554161 0
0.03800509937012256 0.01183977128580056 0
0.03697533226575732 0.01520888970934081 0
0.03489606851667371 0.01306191162407772 0
0.01888128902404538 -0.04132619642409984 0
0.01933215517494342 -0.04224902436565001 0
0.01830385754504958 -0.04207830559227289 0
0.02957861301217068 0.04550282693658732 0
0.03004248229264932 -0.02517906132508807 0
0.02658750810230646 0.03797459342995793 0
-0.02611877342955479 -0.04818381510533865 0
-0.02685468329790824 -0.04797657666134569 0
-0.02815035569744228 -0.04722218841374726 0
-0.02766635219245023 -0.04762278594509162 0
0.01094192949030526 0.05791556649181615 0
0.02699277130801019 0.04796896389406122 0
-0.02199232458619298 0.03918198905895817 0
-0.02135317427815369 0.03945732392055718 0
0.01726566788949458 0.03301370441716325 0
0.01918149001761523 0.03199588657154811 0
0.01758610716634969 0.03146250438876242 0
0.01595913131560503 0.03234489936732884 0
0.02681677835250815 -0.03863852653103989 0
0.02740523637792133 -0.03883333385767675 0
0.02572723529999909 -0.03887942342837879 0
-0.04928432780905598 0.004511514989083846 0
-0.04916852684195356 0.005138903585548541 0
-0.02946435226433492 0.04369077930211504 0
-0.02995757696544358 0.04404850468684893 0
-0.0231084411897214 -0.04736712598794662 0
-0.02315330858175982 -0.04806447178538748 0
0.0204496853722351 -0.04292488971175731 0
0.02373194388551274 0.0476031237836801 0
0.02388437473099188 0.04818914386004152 0
0.02890279584595538 -0.04104798995696744 0
0.04604872770763627 -0.002190399194052889 0
0.04559806217360623 -0.002675581238766321 0
-0.04816833557480746 0.004667004842104298 0
0.02367166798429042 -0.03899492356170618 0
0.02304467669509947 0.0392409995093795 0
0.02857401027592821 0.04619908707789652 0
0.05303321558116393 0.005320458558944105 0
0.05223502668132982 0.005028190746602588 0
-0.04752430277737739 0.003735159633143833 0
0.02699724174691399 0.03928970787346259 0
0.0275264417967071 0.03902170364266268 0
0.02753863590253441 -0.03957777519464512 0
0.04544224083057687 -0.0003060056013041064 0
0.04485523886558922 -0.0002685911646293409 0
-0.04607873832858034 -0.002272094129687131 0
-0.04606083701732042 0.002316428434935011 0
0.02109720415404462 0.04104798995696749 0
-0.02500000000000003 -0.03879470972471295 0
-0.0210972041540447 -0.04555455042147651 0
0.02003309744326122 0.04412832655300265 0
0.02089118298138993 0.04619455068757675 0
-0.02695532330490059 -0.0392409995093795 0
-0.02852337084879883 -0.04049147569814075 0
-0.02075726081972111 -0.04162865215006637 0
-0.04550604079256507 0.0003367756852656545 0
-0.02050604079256505 0.04296449450395629 0
-0.01985478333758786 0.04277791842541565 0
-0.01928386437192138 0.04321937104689111 0
-0.02050604079256508 -0.04363804587448754 0
0.05449395920743494 -0.0003367756852656505 0
0.05856036792772278 0.009201234637202889 0
0.02668875838345 -0.03538760031715761 0
-0.02086205185186007 0.04042438551799195 0
0.0213091365703626 0.04668796411743732 0
0.02063683144699447 0.04680042057999947 0
-0.02466799064332576 0.04828678577521596 0
0.03817241536881293 0.03682959241827626 0
-0.02933741341230585 -0.05063106288655432 0
-0.04472782838117466 -0.001943772594780551 0
-0.0449214663326718 -0.002603812209651649 0
-0.02516804113246318 0.04882810055756868 0
0.03284319306589987 -0.01381581077050291 0
-0.02517277023471818 0.03780279710564865 0
-0.03611045293854526 0.01958567623793935 0
-0.03306615787658673 0.01895961496768931 0
-0.03636079959192431 0.01696037808422186 0
-0.06200165885947426 0.003952054100474132 0
0.02154511902281746 -0.03812643086500957 0
-0.02920170295880381 0.04608143461777043 0
-0.02662422312685899 0.04870026543423133 0
-0.04479336778772742 0.0041710894779189 0
-0.04431891686352148 0.003122209148095062 0
-0.04950604733408202 -0.004653962379246041 0
-0.002877641653158999 0.05811308904984282 0
-0.006427086866665294 0.05629631900766385 0
-0.01006788103414454 0.05834897671969314 0
-0.00999926211789167 0.05432219493202319 0
-0.01340612776776948 0.056501349295058 0
-0.02882129679028187 -0.04564850403671639 0
-0.02378513381967015 -0.02993941057424171 0
-0.02548106531426218 -0.02772136577061544 0
-0.02327304525390979 -0.02846005733374902 0
-0.02162465324927427 -0.02860004471784099 0
0.04948846738442562 0.004647421267527992 0
0.03152300060945566 -0.01656742440203698 0
0.03094643107794575 -0.01753660807952552 0
0.03072079453614987 -0.0168047966861293 0
0.0531694268096892 -0.003862474821439044 0
0.05384486247944751 -0.004062917490899254 0
-0.02870302852689136 -0.04668088848086117 0
0.02708578411942511 -0.02245879883800195 0
-0.05811163082883707 -0.005245845028537051 0
-0.05982326162824174 -0.003750953728119788 0
-0.04942863781432361 -0.00526825499951545 0
-0.0488336720000868 -0.005596216284081615 0
-0.03064252797513169 0.04265976656456555 0
-0.05875172881458932 0.001603669504338196 0
0.05693610022875084 0.00104939023094008 0
0.05707544718596338 0.002814097687442266 0
0.03374568568408315 -0.01167634506164422 0
0.03472596811426117 -0.01116268085773557 0
0.03588076972619076 -0.01188021504596412 0
-0.02532064135018285 -0.03753294692747727 0
0.03841174518361286 -0.007757055775935388 0
0.03618336833428479 -0.006696480159564164 0
0.03601595106787518 -0.009139171634300064 0
-0.02756687230674805 0.03952951297114322 0
0.03324387320843799 -0.04664625634091443 0
0.03501992980980022 -0.04874737749648678 0
0.03614085619467532 -0.04611453739879252 0
0.0197993467308398 0.04568880899458234 0
-0.05543847533165057 -0.02056714811867401 0
0.01861046979807749 -0.04644616973462685 0
0.02925866822234089 -0.01941619891312901 0
0.04985358159528583 -0.01572686593587021 0
-0.05201691961989891 -0.004619286257212109 0
-0.05255737023068893 -0.004968798014480907 0
-0.01984463065960952 -0.04596257355273257 0
-0.0187745726332042 -0.04558105607890657 0
0.04132131448014491 0.03973923915525644 0
0.05356253546303879 0.006381964644050796 0
0.04985958122697774 0.03282042993659891 0
-0.0513970409042761 -0.004336406308070717 0
0.04610282273134486 0.005015856985680582 0
0.04523892285368352 0.005578929571325227 0
0.04763175370703827 0.005788234687217741 0
-0.05429940936074572 -0.001686216719789499 0
-0.05482636140202218 -0.001369775798865866 0
-0.05508788219303193 -0.000766855844091995 0
-0.02369534860947055 0.03893465850533706 0
-0.02942725208726541 -0.0422305892624648 0
-0.02991422441479089 -0.04172561063485421 0
0.05397676243357588 0.002203870215552287 0
0.05127560719517164 0.004327380977707708 0
0.04639612452839047 -0.002771960491281943 0
0.01513039281886864 0.0553773658141394 0
-0.05237398400818458 0.005687753121984726 0
0.01854847291410926 -0.03166836764029989 0
0.01675007272584975 -0.03191565279241033 0
-0.04349450825450606 0.0006061774193898048 0
-0.01364145370446586 0.05256793836082888 0
-0.01043029991577243 0.049964792107237 0
-0.03713196050272387 0.00236240134104133 0
-0.03604708852002099 0.0009785501265082543 0
-0.02770598758398765 -0.03813782147733438 0
-0.05314786460599962 0.003943172364394939 0
-0.05311448619989431 0.004586668680450462 0
-0.03672874794266377 0.04584495270203659 0
0.01860890857565368 -0.04846596295582643 0
-0.02854592581691393 0.04605981052387931 0
-0.04761135081970589 0.004347667996926962 0
0.02251549326233424 0.04832656388432389 0
0.02620530779540982 -0.03849124561095534 0
0.03459718022483929 -0.0004448792040791727 0
0.03520674720591727 -0.0008961488292029542 0
0.03513620896725633 -0.001618133016045514 0
0.03606763889217911 -0.001321790865753641 0
0.03569094422083139 -0.002305641578903484 0
0.03121373917052558 0.04944607970320058 0
0.03673932263688558 -0.00201042243187418 0
0.03660394471091052 -0.003036424752216498 0
0.03550047063168043 -0.003433004903912371 0
0.04299283216596689 0.001371256608562206 0
-0.026700607484884 -0.03630168478873625 0
-0.02370940971177276 0.04823625864076694 0
-0.02327448354983879 0.04863394058352867 0
0.03259775275254038 -0.04297389657645445 0
-0.04567336810413198 -0.003840627261364906 0
-0.04121931382580059 0.007697845089651112 0
-0.04220184078119312 -3.238430972050328e-06 0
0.04236528275738372 0.04364666684460294 0
0.02054806820242327 -0.03808479296670561 0
0.01907099927138948 -0.03796773421806795 0
-0.05548358742383756 -0.01376054118239176 0
-0.05736562608306758 -0.0106180013704189 0
-0.0405683073350209 -0.0303528661442331 0
-0.04216372568193889 -0.034009554086814 0
-0.04459377825180608 -0.03078445349486807 0
0.03377256748368268 -0.01059645524956605 0
0.03465029612275295 -0.01014993465200634 0
-0.04618449819306303 -0.03450814632806167 0
-0.04403173894142208 -0.03759499837142539 0
-0.04861184492410903 -0.03133667455063779 0
-0.04699592564540042 -0.02757596600793475 0
-0.05085651743346462 -0.02798091650585064 0
-0.04552649714336541 0.002614482159343476 0
0.03804894933878235 -0.002413575018895505 0
0.06194736096906073 -0.001151064567011332 0
0.03575538369447927 -0.01767493615614711 0
0.02647133547297605 -0.0236708372541798 0
0.05255608460974104 0.003817758385859077 0
0.04600345621230348 0.002265824533308256 0
-0.02861658892056167 0.04049594645574515 0
-0.04240761848675364 0.03321213686761977 0
-0.04658408608342046 0.03486063103006898 0
-0.04531089611242285 0.03070907919140143 0
-0.04644757987772727 0.03882417636172577 0
-0.04741725700812079 -0.003771201992216036 0
0.0480165720134568 -0.004142115299136244 0
0.05154656491499857 0.005489997817022852 0
0.03004679837492435 -0.04433419559172248 0
0.03646048001936854 -0.004168238274959468 0
0.035309357448931 -0.004562258152722979 0
0.03629919280904838 -0.005508972408615017 0
0.03515703539481675 -0.005559728835660598 0
0.03004752416648433 0.03906462658425931 0
0.02100593847062771 -0.04106107624357541 0
0.0552096093704865 0.002433519744595259 0
-0.05371117145385877 0.00348226781782667 0
0.03383308145895259 -0.009656278871802895 0
0.03457923928479185 -0.009154362785125929 0
0.01143174331076522 -0.05047775022763304 0
0.008390573942822615 -0.05320527007395375 0
0.0006997660108101602 0.05963514341478669 0
-0.02392830699506505 -0.03780463086339537 0
0.04498426285893953 0.0007400769896669683 0
-0.04914538614697414 -0.02401804344572483 0
0.02505763454715735 0.03873350811354375 0
-0.02175307117181311 -0.04782496592291514 0
-0.02235998152265108 -0.04834471006273378 0
-0.02267278038020309 -0.04947759879357275 0
-0.02192307127916952 -0.0399067331565428 0
-0.02070107228026653 -0.04707142985194741 0
-0.02019487210533024 -0.04816317720614356 0
0.0286227367938972 0.04050149396500642 0
0.02076358094753123 -0.04502633849653617 0
-0.05140756187485963 0.004362672875852114 0
-0.02075826355338391 0.04490808828546346 0
-0.05503469271367304 7.754041459936281e-05 0
-0.02819970309976482 0.03941333457885453 0
-0.006480033916213622 0.0520773359329595 0
0.04703033087435479 0.004254657672937504 0
0.04691812083248626 0.01606176752568517 0
0.05007671953891105 0.01879143263372104 0
0.04921981363473198 0.02261312653893462 0
0.05318757348081742 0.02135258996211028 0
0.05228091465286702 0.02597117428095519 0
0.05611437450599176 0.02403173531686316 0
0.0541944031210059 0.01704290373258143 0
0.04842266568459726 0.02651807884687214 0
0.01520248470915693 -0.04982768747828024 0
0.03463305396761086 0.001144856473218661 0
0.03534956552377739 0.0006716691217972632 0
0.03530459231114236 0.001662638780214639 0
0.03620228139928681 0.001035879718176186 0
0.03621274002709859 0.002151564079618458 0
0.03544735125346569 0.002546990507246018 0
0.03615254152220337 0.003132441050133218 0
0.03525029339799014 0.003476245275994575 0
0.03601418155592628 0.004127073385420722 0
0.03837193841636733 0.005594883829673507 0
0.03672777623133701 0.007781807825691273 0
0.03602200149213119 0.005945164326138037 0
0.0351868362090466 0.004400394138909728 0
-0.04968995426417901 -0.006504997540650162 0
-0.05038860531639527 -0.007420027713979092 0
0.0427119350927094 0.002564124799134139 0
0.01125594091976828 0.04960601630936731 0
-0.01922281212920262 -0.04080173313038706 0
-0.02804289115158707 0.04737798602857068 0
-0.03038651784808024 0.04208071135014527 0
0.05166493949631057 -0.005301745703111548 0
-0.0193627522061005 0.04156781571815911 0
-0.01880388882150805 0.04072906246176279 0
-0.0192182935344723 0.04243401507797225 0
-0.01836172454812455 0.0429322704653799 0
-0.01699434460962738 0.04278692991830119 0
0.02809888064435422 0.03871943269555188 0
-0.02681746164824161 0.04959123674721921 0
0.0270333798867447 0.02898553643403623 0
-0.04461284316815167 -0.001229583392385599 0
0.02951764713376604 -0.01788673557633581 0
0.03013759330489493 -0.01788196980573695 0
0.02952182257353483 0.01788808103174461 0
0.03015229980755526 0.017941970603994 0
0.03051976031003267 0.01734649019781882 0
0.03083229983873586 0.01796321377553228 0
0.03133599811452718 0.01727422740992153 0
0.03028994373084552 0.01867836318559657 0
0.03177362863560677 0.01822033772016913 0
0.03237030317130317 0.01727892709713193 0
0.03173351075602485 0.01636910528285319 0
0.03291227127593678 0.01627659132611328 0
0.03223030111772014 0.01537766155691654 0
0.03347281773105919 0.01511484881706038 0
0.03401347320927069 0.01624037309113113 0
0.03269024482393282 0.01424486707516949 0
0.03086470396172633 0.01671340095705942 0
0.03337095767171754 0.01843039399283011 0
0.03505141539506718 0.01488087276027917 0
-0.0315808980581496 0.04657237449873762 0
-0.03451139835795954 -0.0009084616751350845 0
-0.03510221587383254 -0.0006373170751614767 0
-0.03507254072813663 8.093376287744868e-06 0
-0.03506403833371089 -0.00125084045808061 0
-0.03561664883507108 -0.0002577062736780653 0
0.01752045051363038 -0.04550385259245728 0
0.003800907994737615 0.03430474752571983 0
0.003581376645655032 0.03488163565069693 0
0.002927381025640577 0.0349605199502277 0
0.0033227842345519 0.03554096257312461 0
0.002388436760851954 0.03557188568638625 0
0.004196849339880141 0.03536785308346276 0
0.003022387220038337 0.03642811667706529 0
0.001968417789587729 0.03656665036097213 0
0.001350409952185163 0.03571694996303058 0
0.0008642458807557737 0.03659473688283039 0
0.0003058712422461785 0.03561683508163746 0
-0.0002402343221082643 0.03660618633808457 0
-0.0007760236752313308 0.03565597477723056 0
-0.001389090329083534 0.03670460654848644 0
-0.001743432949794781 0.03575602742655186 0
-0.0007601801434806749 0.03812170652601739 0
0.001425332604227128 0.03790795217629152 0
-0.00255411183666925 0.03664644035093051 0
-0.003266160967139065 0.03579381305575655 0
-0.003634724870079506 0.03665905829925645 0
-0.004294593599783752 0.03564532344172727 0
-0.002511285753126568 0.03488515226289057 0
-0.005052716363091038 0.03680011326522086 0
-0.005373181631397684 0.03577468532135042 0
-0.007034232039906114 0.03554585745298226 0
0.0009829407292826773 0.03504126580612599 0
-0.02402888473833517 -0.02478119576373945 0
-0.02462039630184688 -0.0249427721521909 0
-0.02417931148261374 -0.02536083759246298 0
-0.02507671405017709 -0.02450674397879081 0
-0.0252657888945685 -0.02520278918572377 0
-0.02586560097811445 -0.02447540618144798 0
-0.02612184850249048 -0.02555605899993685 0
-0.02694990970242325 -0.02470398674551555 0
-0.02727570237229413 -0.02608143317408965 0
-0.0283896490331436 -0.0252020327215943 0
-0.02768741910960857 -0.02375789412161781 0
-0.02660568526043121 -0.0237304695372506 0
-0.02704513731389574 -0.02293720728809507 0
-0.02803388601447798 -0.02253335740282204 0
-0.02630494802725384 -0.02307005572070166 0
-0.02528086831024314 -0.02614899614443902 0
0.003801282530426883 -0.03431176618182346 0
0.003549696765497522 -0.03487748340884752 0
0.002936898593826799 -0.03492252470865757 0
0.003330625490411859 -0.03556124857017085 0
0.002377380166271415 -0.035560893073003 0
0.004160248514624498 -0.03480923908714706 0
0.003064007805015765 -0.03636696661167159 0
0.001944144524636041 -0.0365428358103029 0
0.001382280819858169 -0.03570344051155976 0
0.0007837683017342938 -0.03667121805912216 0
0.001472926835605687 -0.03766101875839803 0
0.000364037345101851 -0.03565424337090785 0
0.003972926231693604 -0.03592190541563444 0
-0.0002057691153380073 -0.03648412746213106 0
-0.0007417251997597102 -0.03562480906769677 0
-0.001329557192307088 -0.03680487146433533 0
-0.002682316854964984 -0.03713077295596632 0
-0.002657170186448564 -0.03585032439726264 0
-0.003801270014293753 -0.03632355740942692 0
-0.003498810754428858 -0.03537989660514486 0
-0.004463999348807216 -0.03543105439664416 0
-0.002775624595889858 -0.03500220855839802 0
-0.002055605870190768 -0.03510083605265197 0
-0.02268268849085394 -0.02601763764185558 0
-0.02328310156556149 -0.02620441780442253 0
0.02632525214330753 -0.022333485122598 0
0.03239430850663098 -0.01186725696715692 0
-0.02834386611243804 -0.01969967037843578 0
-0.02864136574435191 -0.02024488242271812 0
-0.02826330762297266 -0.02079836011999326 0
-0.02898336200174726 -0.02089541545634738 0
-0.02940518642576196 -0.02008008528787633 0
-0.02981555429146219 -0.020763881240305 0
-0.03042955862395904 -0.01983739917837918 0
-0.03081772929694203 -0.02126670149695487 0
-0.03175940786964505 -0.01997457681304545 0
-0.03117301426248212 -0.01884073312209953 0
-0.03243614097608875 -0.01871036705106339 0
-0.03152666787345695 -0.01766902373470093 0
-0.0328030114864203 -0.0173741705823647 0
-0.03237777861357156 -0.01614694601659503 0
-0.03346301504220976 -0.01605200240538842 0
-0.03254651932038216 -0.01510134933956617 0
-0.03109310787428118 -0.0165899972506155 0
-0.03179620083917534 -0.0153882290800573 0
-0.02979404816350836 -0.01935001165090593 0
-0.02998153341371671 -0.01821122457383351 0
-0.02842594327871968 -0.02160027437481539 0
-0.01456487160599716 -0.03129964813270012 0
-0.01454538357968297 -0.03193260898617321 0
-0.0139151503787689 -0.03222928967685103 0
-0.01452384416469077 -0.03264914708276528 0
-0.01377902974330249 -0.03305738289416544 0
-0.01535601896424795 -0.03214078519316191 0
-0.01460169338075623 -0.03359461734604837 0
-0.01364723386618621 -0.03410155640977214 0
-0.01290771304643299 -0.03328988692995451 0
-0.01249669035288565 -0.03448309345248614 0
-0.01155357009467156 -0.03388105845122925 0
-0.01128858812445904 -0.0348378141551894 0
-0.01058388701696949 -0.03420275906801525 0
-0.01036902318946089 -0.03541496965618417 0
-0.009207504414269443 -0.03460683255054238 0
-0.009216169710434187 -0.0355679637278347 0
-0.008231167011421129 -0.03496104623255276 0
-0.008096157297281522 -0.03633084617756122 0
-0.007196163380920218 -0.03552285333638421 0
-0.009565563867715716 -0.03688256083855946 0
-0.01334076233169402 -0.03564558668876948 0
-0.008654608418687914 -0.03403983764340517 0
-0.007424673729062508 -0.03460846811694757 0
-0.006482483261776151 -0.03475235679201719 0
-0.006122520665689462 -0.03568167248062153 0
-0.006684668776788009 -0.03681031763186134 0
-0.006888977083330041 -0.03407707841444418 0
-0.005670775090377772 -0.03488439518691509 0
-0.008849305023040339 0.03336372997282444 0
-0.009265525972671244 0.03380764634684193 0
-0.009888761536017074 0.0336367133054093 0
-0.009643371242402086 0.03421405391296047 0
-0.01055843046817242 0.03410932982364672 0
-0.008981864506091113 0.03449809082556416 0
-0.009766270951671438 0.0349409239508484 0
-0.008774138881636358 0.03539303844435689 0
-0.00816606250549501 0.03465045752570619 0
-0.01103249842322188 0.03527329485354896 0
-0.01155618569277189 0.03450540518788935 0
-0.03393275852713644 -0.00634281628561539 0
-0.03443699719164012 -0.006724982159140917 0
-0.03431436149420126 -0.007414468709409202 0
-0.03495799459219363 -0.007166308453508974 0
-0.03500951481482964 -0.006247848604232487 0
-0.03488828992263646 -0.007936196318042871 0
-0.03591494466824779 -0.007565556051781744 0
-0.03417110156411599 -0.008060372511354889 0
-0.03465411847624294 -0.008760696411966428 0
0.02338205201536507 -0.02539565247918648 0
0.02348486425720259 -0.02587788438342695 0
0.02310703832260339 -0.0264697193472157 0
0.02417723913857777 -0.02556019963836573 0
0.02441022605644643 -0.02503273116294076 0
0.02398784134122466 -0.02635211437011945 0
0.02275434984744003 -0.02722755362870774 0
0.03123014840240598 -0.01467034270991996 0
-0.002831167532965019 0.0343936168279039 0
0.03316942366145555 0.009560781848849214 0
0.03363501993010919 0.00999080789652379 0
0.03344380050300831 0.01066269243090619 0
0.03403638731354706 0.0105249196853247 0
0.0343520276472034 0.009693909393165815 0
0.03394999256611932 0.01124511555812586 0
0.03486780844389378 0.01087566726361051 0
0.0332375916516942 0.01129379352466423 0
0.03349372242769832 0.01189653378674096 0
0.02783185631873281 -0.0204159153478219 0
0.02847133373962528 -0.02051044160908908 0
0.02811763034696036 -0.02101378160998206 0
0.02886314446139002 -0.01998559053746661 0
0.0331587050116834 -0.009631430959554783 0
-0.02079328221368241 0.02755219267429544 0
-0.02085575219889437 0.02815495726715034 0
-0.02035905969846857 0.02856968931888497 0
-0.02100487776379691 0.02888418144282946 0
-0.02166264997133294 0.02827384810464882 0
-0.02027251059206115 0.02925754572005193 0
-0.0004390973283918549 -0.03450728788320592 0
0.03173885949371237 0.01356711552521031 0
0.03234566848583302 0.01353775997846628 0
0.03263493930776214 0.01292713716086951 0
0.03300562693792432 0.01342748204872699 0
-0.01565116588697863 -0.03077017825378517 0
-0.01618344154706197 -0.03112024290784688 0
-0.0167695445956858 -0.03083618753734427 0
-0.016753838167993 -0.03160579528920383 0
-0.01740610854713906 -0.03124985855877792 0
-0.01750032201350819 -0.03203690318080661 0
-0.01835601873381025 -0.03158542678718842 0
-0.01835946918866364 -0.03316682863337053 0
-0.01842314626063851 -0.03061463824001486 0
-0.01644993324564089 -0.03261373864219901 0
-0.01960384285149476 -0.03099233673255365 0
0.001382867188008092 -0.03448710098982528 0
0.03348429176058254 -0.008406877802106881 0
0.03363219280113294 -0.007816724560775297 0
0.03424585512425246 -0.007658465934085056 0
0.03440035015642603 -0.006980620355654199 0
0.03492929308330023 -0.007472528304580799 0
-0.02402517163867163 0.02478272484675721 0
-0.02461181242600825 0.02494684121989702 0
-0.02504298353542059 0.02450992551213511 0
-0.0241730122956253 0.02539962882589348 0
-0.02486641355685736 0.02558449008203985 0
-0.02430760807953882 0.02616772655359246 0
-0.0251004003602937 0.02632445210255947 0
-0.02579788088491931 0.02559695471299946 0
0.03407187320617626 -0.005397041957323338 0
-0.03392856101225297 0.006345045299682285 0
-0.03450800426891559 0.00613865246767943 0
-0.0346241618048691 0.005529973523387907 0
-0.03517397390139076 0.005965824098409615 0
-0.008257567406455359 0.03350196758635025 0
-0.02762926323374324 0.02068255162620708 0
-0.027892871527889 0.02123629325032004 0
-0.02750444145412607 0.02175138713657038 0
-0.02814477646398136 0.02174053940989395 0
-0.02861530956059154 0.02128546542696533 0
-0.02887012256369081 0.02202384714032747 0
-0.02947622389512138 0.02115628082569255 0
-0.02772274261937526 0.02251715848115642 0
-0.03021918682495245 0.02253316681526401 0
-0.02924070829215447 0.02022587949610728 0
-0.03015845782001284 0.02030343303327773 0
-0.02968207963690278 0.0194168798847531 0
-0.03069611256744399 0.01943374978300851 0
-0.0301789620750905 0.01856671749895148 0
-0.03127538957270728 0.01860766246404185 0
-0.03068270772041418 0.017731054071869 0
-0.03166300671199346 0.01770650763400209 0
-0.03105885523944751 0.01679982183684015 0
-0.03208855231811474 0.01681121430813201 0
-0.0286395095158264 0.02311815559501911 0
-0.02892780362822704 0.01964388040021035 0
-0.03165191123541587 0.01603264238987334 0
-0.03253893430516897 0.01583955946823921 0
-0.03324702394081081 0.01673146842338909 0
-0.03375244844205716 0.01551115497822508 0
-0.03281764994175378 0.01487839947903029 0
-0.03186352350667272 0.01519058702516422 0
-0.03371262432665498 0.0143239185492272 0
-0.03320106418627437 0.01339686004643775 0
-0.03212638610979922 0.013758476521199 0
-0.03142065008440598 0.02052583990123017 0
0.01034239772432952 0.03293649625141174 0
0.01079477135932291 0.03333372061136723 0
0.01147534939308852 0.03313057149005636 0
0.01020327358707527 0.03355364345707245 0
0.01064928411046898 0.03397417389164438 0
0.009956288018017907 0.03429168061467393 0
0.006214897401421529 0.03395911667994599 0
0.006616023690261198 0.03440773530801829 0
0.007258860578015235 0.03432445158259605 0
0.005959471088281851 0.03448718563523806 0
0.00696431238689618 0.03510313991273886 0
0.007947118468113443 0.03478098772413347 0
0.007535660368400612 0.03588518365979414 0
0.008726552521313017 0.03557242755221966 0
0.008262018004118929 0.03680708016441885 0
0.009047488270528356 0.03449094338332196 0
0.006355835264922007 0.03607060303511404 0
0.005490965099348545 0.03683093194088097 0
0.001366441242774362 0.034483447890302 0
-0.03160289310583637 -0.01387756081535184 0
-0.03204292626860865 -0.01437389936539863 0
-0.03288044444997168 -0.01410947715424827 0
0.03276941705935298 -0.01071816083820025 0
-0.01231927752323602 0.03225272708984565 0
-0.01280404802879867 0.0326535376816355 0
-0.01340422414117626 0.03242143106354659 0
-0.01338510973682253 0.03317273844275666 0
-0.01417881213010522 0.03271192136317874 0
-0.01247945059005386 0.03339254730366346 0
-0.01314892863480295 0.03395490910210205 0
0.018057894753671 0.02941656442722978 0
0.01807062668603538 0.02991180686601759 0
0.01860639012473595 0.02971057178438107 0
0.01853412232372229 0.03035097137705194 0
0.01930815729312053 0.03000599086698671 0
0.01774179773901617 0.0304799956078122 0
-0.02962382502290348 0.01764587628183734 0
-0.01673584904329886 -0.03019798233474544 0
0.01959028459544289 -0.02841826372028733 0
0.02013666141556418 -0.02867311357558928 0
0.02063924982443558 -0.02832705005386008 0
0.02073787862442909 -0.02899883759677976 0
0.01700450592305259 -0.03002270457244118 0
0.01755817788924568 -0.03043073919519074 0
0.0181605931220301 -0.0300642076354536 0
0.01826653552851552 -0.03083111953382576 0
0.01874406163474247 -0.03029799810262284 0
0.01874256538951045 -0.02966898417328465 0
0.0278402506849276 0.02041203755624484 0
0.02845155249462643 0.02050840400296814 0
0.02881553798145073 0.01998569466803138 0
0.02917445955204399 0.02060262066458981 0
0.02855189950918863 0.02127504712463625 0
0.02957305657211031 0.02141023150703905 0
0.02893824719918271 0.02218434627682428 0
0.0301552521882763 0.02050109213995066 0
0.02798748968035909 0.02207425756433193 0
0.02822106105164508 0.02298069199821528 0
0.02716305545181626 0.02265892880440065 0
0.02743487373769467 0.02363130755119638 0
0.0300946690774639 0.02239577910476502 0
0.02677014141413225 0.02334598799751281 0
0.02656338338074708 0.02412057428214285 0
-0.03289371203837912 -0.01046292538838729 0
-0.03349446941293883 -0.01034844749212503 0
-0.03368283046667285 -0.009732986979902065 0
-0.03404877245782232 -0.01025051434558168 0
-0.03389382692298774 -0.01090117246865473 0
-0.03475514942586932 -0.01073472520957495 0
-0.03343018204678996 -0.01204516956029876 0
-0.02966856264905939 -0.01765584635439797 0
-0.03017107385869238 -0.01765746735465536 0
-0.03061253116032091 -0.01730341999669792 0
-0.004080472853300326 -0.03426836374396736 0
0.02154085487590557 0.02697061841268743 0
0.02210431024483155 0.02720842398063972 0
0.02261005873199137 0.02680006856610623 0
0.02277290016465879 0.02756763694016058 0
0.02343439476190357 0.02704330349287185 0
0.02194279003342823 0.02806689260216773 0
0.02170418992687639 0.02894921690254038 0
-0.00707554619037854 0.03378615390076205 0
0.006209303548538325 -0.0339557370994889 0
0.006578816049497978 -0.03450087583875608 0
0.007246711361424446 -0.03434413925760124 0
0.007021288010384626 -0.03508813694958235 0
0.00793169145511851 -0.03478614053404096 0
0.005995110244471012 -0.03454176832405856 0
0.007554940781419533 -0.03575380850461241 0
0.005610815347828141 -0.03406211407182069 0
0.007407067343305287 -0.03372194767358759 0
0.01375025022833338 -0.03166456852835586 0
0.01371277016913739 -0.03232204456158027 0
0.01310099052632202 -0.03257051458085065 0
0.01356015878995871 -0.03299369760343359 0
0.0129761017228786 -0.03343511809642035 0
0.0138836930202371 -0.0338534336291638 0
0.01178331641339559 -0.03416890656061349 0
0.01117540549784159 -0.03508073174222835 0
0.01019770144832941 -0.03430775054345041 0
0.03172964454602034 -0.01356324357600599 0
-0.01981235622645643 -0.02826190732042439 0
-0.02037521962598671 -0.02852851410320115 0
0.008579237340275641 -0.03343497890444971 0
0.008392852290121705 -0.03402602046517922 0
0.009006313404689492 -0.03388290424724823 0
0.008852107557959494 -0.03464920324190597 0
0.008648357050102166 -0.03563528560776243 0
0.009680242838577534 -0.0352283749403663 0
0.02887454368466329 0.01891446031781518 0
0.02957684572535276 0.01888922623399984 0
0.01033555854960065 -0.03293088805796739 0
0.01077877864936606 -0.03326474207686371 0
0.01143967397810877 -0.03326795257913087 0
-0.008848753143294223 -0.03338031970718128 0
-0.008277731682884718 -0.03352170541093895 0
-0.01880925382060728 -0.02894499852788529 0
-0.0188457746159215 -0.02955985514675987 0
-0.01880809146269707 0.02894900287900561 0
-0.01890187717216943 0.02960575266199321 0
-0.01831516934118687 0.02995311754436443 0
-0.01906279721383013 0.03041113645160853 0
-0.01812007324764284 0.03074283063923432 0
-0.02268024343045728 0.02602082622741053 0
-0.02279385928898569 0.02661808199625205 0
-0.02232163643883647 0.02701385187405745 0
-0.02295329040754784 0.02728823465206168 0
-0.02358688423555833 0.02666747893303838 0
-0.02241111718037924 0.02780676603272889 0
-0.02313108652390904 0.0282983769406117 0
-0.02358630511378543 -0.02519942090930545 0
-0.03029224322764124 0.01664515505588869 0
-0.01777284139209966 0.02960015156729292 0
-0.03289168923231337 0.01046702465273383 0
-0.03347777534055987 0.01032994694833848 0
-0.0336736518199499 0.009746784071472813 0
-0.03409139208492874 0.01019177683374196 0
-0.01344409530793755 -0.03179116429115345 0
-0.03249927924883645 -0.01160917763172916 0
-0.03117881711416865 -0.0150334898032233 0
0.01592845431948241 -0.03058992904074692 0
0.01606462462822031 -0.03126056444633044 0
0.01537190987692986 -0.03157319318940983 0
0.02469690997206202 0.02412093118014227 0
0.02490709205651638 0.02472939289051744 0
0.0244004224113148 0.02524464124432074 0
0.02511320680601167 0.02542410318402703 0
0.02456989031286919 0.02605632738464481 0
0.02550549618401959 0.02646627059701006 0
0.02450716395461576 0.02717931824927158 0
0.0239067340235137 0.02569574714045571 0
0.02572290519378078 0.02475743700677766 0
-0.02688852300565066 -0.02163493127183663 0
-0.02760072193137688 -0.02172962981937813 0
-0.01672356257909759 0.03020106749773174 0
-0.01668709728884125 0.03090564368666537 0
-0.01612759042579755 0.03116568139617189 0
0.03409730694810524 0.005415045149397744 0
0.03459605163356025 0.005816709123511278 0
0.03447915302065472 0.006461950093729641 0
0.009169414861142342 -0.03328182952734787 0
0.03281647058105026 0.0107183355393028 0
0.03422180290440117 0.004206239691410375 0
-0.01777605364443766 -0.02958772959295954 0
-0.0111736211620058 -0.03265644084870117 0
-0.03369168927014228 -0.007528182533267877 0
0.02469099972696488 -0.02412224066988774 0
0.02528249148180151 -0.02426855865146364 0
-0.03324298561951373 0.009304078274482593 0
-0.01344133992266235 0.0317975943554574 0
-0.03056348986694503 0.01609754631045139 0
-0.0100172961799372 -0.03302876943354553 0
-0.009918206595088259 -0.0336349071027837 0
0.01807004798296995 -0.02942272297679877 0
-0.02689190164661055 0.02164773287970189 0
-0.03111013558470897 0.01501608577571203 0
-0.02570843160671453 0.02303948396018071 0
-0.02589802186295478 0.02362735951170017 0
-0.02630776965227089 0.02317110723801686 0
0.03449340897968406 -0.001825934355961812 0
0.03387799200197541 0.006615712570957907 0
-0.03057705640032028 -0.01606200273646452 0
-0.0004354200851616494 0.03451229869139093 0
0.03363161513251914 0.007808175431106998 0
0.03425639398511451 0.007591750417496418 0
0.03412017602684149 0.008249214420102603 0
0.03485280579879888 0.008031086579965445 0
0.03491903453723286 0.007121983604363124 0
0.01149938340322959 -0.03256901477220285 0
0.03424934314813578 -0.004210840719050028 0
-0.03250380528238156 0.01161991660899125 0
-0.03309344145982467 0.01150188584770537 0
-0.03292663161427475 0.01211640275236124 0
-0.01455198388922722 0.03129759341537029 0
-0.01505420282360862 0.03164029803043591 0
-0.03368441764674245 0.007535372149790906 0
-0.03425854164378962 0.007347370256287719 0
-0.03414708545460395 0.007964252671757169 0
-0.01563621705502932 0.03077558363160349 0
-0.02079959475675246 -0.02754712622447429 0
-0.0214712004264544 -0.02781747219465258 0
-0.02184830414644894 -0.02737785126457967 0
-0.03429031654885149 0.003942344499279576 0
-0.03485687313180164 0.003717946327470328 0
-0.03491614371081996 0.003083971943001621 0
-0.03554753582639704 0.003434799922330261 0
-0.03554732416425662 0.00278748792089667 0
0.02551295382347453 0.02322544526965395 0
0.02571125444419056 0.02389302366548107 0
0.02678484491138446 0.02520593072025916 0
0.02682419121096078 0.02668995429953995 0
0.02853293055623103 -0.01943387074165394 0
0.02747592363411703 -0.02090948458734473 0
0.03447049507245472 0.001790752661841915 0
0.01701131105454513 0.03003393284006491 0
0.03013178246951307 0.01683738432316504 0
-0.03230003495196115 0.012194440983467 0
0.03096799467215238 -0.01521763768705338 0
0.03132210336739642 -0.01575747575037853 0
0.01262152841275001 -0.03213254547427214 0
0.03348176061537568 0.008390085323207222 0
-0.01117422114454754 0.03265820888304753 0
-0.01101934746126775 0.03327413808875901 0
0.01959382454258691 0.02841909590646062 0
0.02013946319956417 0.02869298297025304 0
0.02064411855193884 0.0283248781458451 0
0.02079040015318192 0.0289478754513861 0
0.02001006557978526 0.02945143323471014 0
-0.02763771721008479 -0.02069074165660138 0
-0.03413388793459122 0.005149450000111434 0
0.03124747170646338 0.0146709625372742 0
0.01857664677678639 0.02909629646189331 0
-0.004099191447194566 0.03431440222677763 0
-0.003824778100357426 0.034828653304137 0
0.002594456839915667 0.03442911498334689 0
-0.02947353940432983 0.0181899172136904 0
0.03434421674454904 0.002999192746274859 0
-0.03441553030855792 -0.002733109182594885 0
-0.03497551660053198 -0.002468478495303466 0
0.02551262369317896 -0.02322495259935841 0
0.02571250967602011 -0.02375680427385567 0
0.03438378543083019 -0.003007418848098018 0
0.02426382543280138 -0.02453622525819494 0
-0.001046640586143162 -0.03450110678107958 0
0.0007757575376576139 -0.03450319282696374 0
0.02631483018755522 0.02231388865933252 0
-0.0123112380427914 -0.03223638107456928 0
0.03387794025332037 -0.006611126214834704 0
0.01262751381882886 0.03212425439432494 0
0.01309785238008721 0.03255166888529296 0
0.01372795658748381 0.03230486334942103 0
0.01365679811789246 0.03304435275437529 0
0.01292819918291044 0.03327618063307201 0
0.01363755647615805 0.03397111211099513 0
0.01443805902003644 0.03272241405906282 0
-0.006479057633043038 0.03390939878403322 0
-0.006269426179877545 0.03451615723642042 0
-0.005610514973002507 0.03463999404923991 0
-0.02814705250416228 0.04664348544078901 0
-0.01903258591547832 0.03127145295608425 0
-0.01866982844740969 0.04394071069860594 0
-0.04731807791985818 0.008435821105492698 0
-0.0351155850125204 -0.03571781853327223 0
0.02536274964903142 -0.05529765666544454 0
0.0281554707008831 0.04791372568971607 0
0.02749271876810323 0.0483559100684758 0
0.02579784667237225 0.03780600889097577 0
0.02153434638806707 -0.02696779508065506 0
0.02163189264315574 -0.02757212753423674 0
-0.02712327471019944 -0.02220334970695783 0
-0.03535618556140944 0.004335081656581429 0
-0.03628475031205135 0.003894160490998485 0
0.04701388554146802 0.005010374987768607 0
0.02641059754223618 0.03172210709942436 0
0.03737839854211057 0.001802682350176959 0
0.03025773543169457 -0.05408888713414337 0
-0.05298464405834696 0.01696244650469747 0
-0.05372624451255317 0.02154852124484655 0
-0.05001619288672723 0.02316337209987805 0
-0.0566499866385639 0.01844199241569267 0
0.03641419068156831 0.04504327077461799 0
-0.03414117135570709 -0.005147354344539779 0
-0.0347758044828117 -0.004965174065246067 0
-0.03484331119615287 -0.004278840442304745 0
-0.03538141248532421 -0.004752092804157744 0
-0.03555414412616827 -0.004019394486857238 0
-0.03465631165242705 -0.005638656037608778 0
-0.02695532330490049 0.03924099950937949 0
-0.02097165945886926 0.02993101778500679 0
0.01019682373554928 -0.03351856249027733 0
-0.003419198588638281 -0.05107999159047681 0
-0.002065471660027129 -0.05484227077269913 0
0.001773201622177933 -0.05547384129543625 0
-0.0007006775622613931 -0.05842327242255602 0
-0.006042210302527172 -0.05417398347747505 0
-0.009758285074747934 -0.05363398396772043 0
-0.00851195128987161 -0.05721435661922429 0
-0.01203864640119524 -0.05701147998271482 0
-0.04289796503295099 -0.02706216576986648 0
-0.02783917718397552 -0.02119654906374839 0
0.01645190759149481 -0.0421299126221398 0
-0.01448639963513191 0.03190434029222687 0
-0.01502782810853152 0.03240280677335471 0
-0.01497261137495731 0.03318282079053695 0
-0.01568599312048021 0.03189303317301352 0
0.04484212890363595 -0.03171562196776035 0
0.04835933727924242 -0.03299445210010771 0
0.04567635606198892 -0.0356336973083845 0
-0.02280136364655473 -0.02662322143482569 0
-0.02354334049327427 -0.02688060284199062 0
-0.02390104677920674 -0.02639069910475861 0
0.04428487469285489 0.02771481377586298 0
0.04529446927280341 0.02378825971471821 0
0.00779425070793077 -0.03409136304559229 0
0.05050857538562716 -0.005035623309920316 0
0.03097444936050458 0.03966778809774555 0
0.005602762064142766 0.03405867781524245 0
0.005401217258233509 0.03469061771178202 0
0.004720044323651344 0.0347606363758928 0
0.005081794562713559 0.03540443922281812 0
-0.01168966342828972 0.03305302796396362 0
-0.03423726537601724 -0.0482679830234814 0
-0.03449459880988218 -0.05104858960899824 0
-0.03562182790456764 -0.04594800911963317 0
-0.03960496310029587 -0.04593084856295764 0
0.04629437764783315 -0.0212105122157225 0
-0.03449746925219249 -0.001520840832036353 0
0.041076939567397 -0.03043624315611171 0
0.004450906929166975 -0.05251291579767755 0
0.005575218038596817 -0.05600602688256166 0
0.009402157552637271 -0.05735580825388 0
-0.04644441539683998 0.02130275192797842 0
-0.04671459492243327 0.02511367286045961 0
-0.0503072187731748 0.02694435502162517 0
-0.04742089887126477 -0.02037425842280995 0
-0.04368065287294751 0.005344854286852215 0
0.02195301921570773 0.04737517725464607 0
0.01376144266541178 0.03166558740109238 0
0.02914240960826672 0.04612551723933642 0
-0.002868240178872303 0.05000432835423378 0
-0.02377721658331794 -0.04817339093506385 0
0.03162118000782446 -0.04594074857452383 0
0.03242711259673337 -0.04478402905130689 0
-0.04471481367999386 0.001926112631972133 0
-0.04778060301254001 -0.03817204343993594 0
-0.02870299397739832 0.0397712196410762 0
0.009759496471077577 0.03312347124242654 0
0.009584481465810852 0.03374492847518377 0
-0.05480582330804119 -0.006404441544091142 0
-0.05250060118951778 -0.03185970166588426 0
0.02974844448220909 0.01836045673138284 0
0.0287364287043527 -0.04666788393410806 0
0.01588000178878216 -0.03201000937979811 0
0.01674427801157246 -0.03120086137954782 0
-0.03606028499980818 -0.01651924345530675 0
-0.0261153806473131 0.02258257028104523 0
-0.02673187418194272 0.0226926444497368 0
0.04264029672510972 -0.03822912573701569 0
0.04367582291451643 -0.04263330257360617 0
0.004409329337332782 -0.03424228267321402 0
0.0048135049163871 -0.03475500771484781 0
0.03202505884533581 0.01401731323985336 0
-0.0332884706288871 0.01091685610353497 0
-0.001372804634600404 -0.03504369115905638 0
-0.03324024090649826 -0.009302895749032073 0
0.02981992012568939 0.0447594412881223 0
0.03015827494172831 0.04599718356573722 0
0.03497001306335602 -0.002786247375568652 0
-0.005275487867397479 0.03411464016436742 0
-0.005377227696676124 -0.03419514003909914 0
-0.0247295007015346 -0.05311632784644012 0
-0.03229199742689982 -0.01218427822243301 0
-0.03268242829546285 -0.01266646065144608 0
-0.0324765939923982 -0.01331484989628564 0
-0.03319442400337567 -0.01319374555759432 0
-0.0336298282637362 0.01194889068153463 0
0.0299977975097622 0.01947645618194754 0
0.03098887030424596 0.01927608763636252 0
0.02188442310266189 -0.03934448852711949 0
-0.01043323530607566 -0.03339225050590043 0
-0.01110411392446606 -0.04986607341071934 0
0.02825003809498547 -0.0472321794605234 0
-0.03479165331782912 0.007744079975454466 0
-0.03463968558311439 0.008465809157019241 0
0.0205759491356549 -0.02771519920258748 0
0.02671882394612686 -0.02186995181726126 0
0.02748136091899629 0.02088844616737503 0
0.02801202575211906 0.02089690618950049 0
-0.01935990720077995 -0.02921825526678951 0
-0.01987406571601329 -0.02888352707068147 0
-0.02047594851059993 -0.02920873812163665 0
0.0309934252908541 0.01521464797135414 0
-0.02294172042033092 -0.0273714164112284 0
-0.03183201107314912 0.01331091050596943 0
-0.03245548295722554 0.01328007713882549 0
0.01984595465153765 -0.04281260170851893 0
0.01594446090998921 0.0306130979885999 0
0.01648503632297989 0.03097460815891476 0
0.01595234616600601 0.03136058130707065 0
0.01537113120854086 0.03161934813458507 0
0.01664302537204634 0.03176125190444434 0
0.0148557112304532 0.03117515593407894 0
0.01485346455518001 -0.03117237054021838 0
-0.03184622079233346 -0.01333505948239026 0
0.05116097012343919 0.006220908803051977 0
0.02485429794314646 -0.02470955974132437 0
0.0254321940658469 -0.02494641909741559 0
-0.04047645953556071 0.04662599065067285 0
0.03220670287497604 0.01244543115434457 0
0.03281074118619523 0.01234596168879632 0
0.03217351353604388 -0.01243285424915158 0
0.03262732637049465 -0.01292670386424544 0
0.02383399658416427 0.02498201500120779 0
0.02057877885080412 0.02771562585828981 0
0.0211771598913483 0.02793388542106975 0
-0.02935338254999043 -0.01817659223871245 0
0.02852181431443993 -0.03660055134027183 0
0.0255482072156276 -0.03355739689969867 0
-0.02736291386958536 0.04832191932094134 0
-0.03449684349067047 0.001521379534305104 0
-0.03497562258183922 0.001857798638007343 0
-0.03522723465738846 0.00116838488557303 0
-0.03441294017378439 0.00273480124039633 0
0.02974145974473726 -0.04604645128813132 0
-0.0107775185764924 -0.06047915793822121 0
0.02669937216292688 0.02183889669904632 0
0.02523021272126556 0.02423635310698304 0
-0.001039400069680069 0.03450835948920682 0
-0.02857385671916109 -0.02685408417572551 0
0.01963713762479379 -0.02903651737424888 0
0.02613714974618351 0.04820078355266693 0
-0.03355696221479727 0.008129621984396665 0
-0.03399361827601747 0.008568141467179564 0
0.03609828637762681 -0.0001381338599719423 0
-0.02474371163763473 0.03699279288683238 0
-0.02602460649292107 0.0372223106754546 0
0.03468500850371876 0.00885517193241446 0
0.03567067758502906 0.008537541272369553 0
0.03543920003785116 0.009627534259630782 0
0.03689334990136448 0.009073611829441601 0
0.0277076311577573 -0.02147122354497397 0
-0.03051128740391411 0.04357436953884895 0
-0.0314940675772799 0.043103788075704 0
0.01246344797403039 0.03274978773172678 0
0.01214504487338803 0.03335382793964724 0
-0.02390396777909455 -0.03677837390864436 0
-0.03471628502653778 0.004875310254757679 0
-0.03441584906560358 -0.006140166964949624 0
-0.03539099079841971 -0.005526487013900211 0
-0.03622264676481607 -0.00476113182755203 0
-0.03644070997957458 -0.00274198930206882 0
-0.03614331479411138 -0.006316527813238293 0
0.021454979493475 0.03867069166136468 0
0.0220817988134152 0.03822643570404636 0
0.05621218692371503 -0.01195345417676287 0
0.05610143657458135 -0.0168638221472708 0
0.04489975432113002 -0.002596142088065997 0
0.04524305449838402 -0.003271003667878001 0
0.00962973288157408 -0.03373956633900906 0
-0.02867759175910834 -0.01920744663885162 0
-0.02886343036972622 -0.01970277410701599 0
-0.01558338812512727 -0.0314073017073133 0
-0.0150306091187402 -0.03156351477775003 0
-0.01001949624665738 0.03303233901332164 0
-0.01041660047825804 0.03338004423110799 0
0.008580073056998355 0.03343943282111306 0
-0.002263836971293104 -0.03444266057962746 0
-0.03438451461275277 0.006744706677399613 0
-0.009291588867747419 -0.03379306407933439 0
-0.03159086505498149 0.01387205230431622 0
-0.03209439974986306 0.01436359517817742 0
-0.02697528346853739 0.02333559231208423 0
0.04942866102166364 -0.005037479909245264 0
-0.004500748605018893 -0.05789916495079363 0
-0.017788986933035 -0.03019666351007282 0
-0.04319241915929644 0.02736355295816462 0
0.007423168090300397 0.04798787809760879 0
-0.02358817660409099 0.02521008618955187 0
-0.02370330541591597 0.02584624776319228 0
-0.02195239900623047 0.04733546241532913 0
-0.03269849493864237 0.01269462665679753 0
-0.03386026662923636 -0.01489287484942097 0
0.0347219553430192 -0.00826952598084928 0
0.02454643334645512 -0.04831609027849728 0
-0.01942080147292226 0.0292166875096313 0
0.03059745097462837 0.04265073741510789 0
0.01920714242482083 0.02934228423495214 0
0.02036880846477013 0.03045672688033595 0
-0.03383491136060618 0.009151972300654228 0
-0.01893362738549039 -0.03532676031053354 0
-0.05823903009242921 0.009273933486021645 0
0.0545439175316931 -0.002153247415201973 0
0.0550261547593507 -0.002805301225854197 0
-0.004420392632741392 -0.03467219979704387 0
-0.001312610841175449 0.03506665763734374 0
0.04476268853190432 0.007362865257973914 0
0.05858315364824451 -0.004819831918742724 0
0.004545235562952716 -0.03538064553369371 0
0.00534290493940801 -0.03522956772572648 0
-0.02488116037972126 0.02392369351972923 0
-0.02548355635806696 0.02407742228618684 0
-0.02615478944553682 0.02424769746707935 0
0.02983085060452401 -0.03547388474435338 0
0.02367239408613348 0.02778335234908322 0
0.02468067336629292 0.02846108718880768 0
0.03517474497916386 0.03396429549324913 0
-0.02448778055475038 0.02704171482654098 0
-0.01156339964700422 -0.03616444604822209 0
0.02114641419882339 -0.02795978219232828 0
-0.02244823867371515 -0.03899881698242062 0
0.02247693889737751 0.02619975787119975 0
0.02305850394314392 0.02640319730831096 0
-0.02808579033741275 0.04811619418979942 0
0.06112323439775645 -0.009407004572435448 0
-0.04629285792939002 -0.004218482794517584 0
0.02889303236856669 -0.01889329965539223 0
-0.03445793993733805 -0.009711564389783493 0
-0.02524688569280853 -0.04893376211082744 0
0.03046405037841324 0.04446188062016937 0
-0.05389713451745146 -0.003389816651829128 0
-0.02488742184115596 -0.02392460544015192 0
-0.02539830830230133 -0.02399904585968454 0
-0.03388667324624389 -0.00914675718934339 0
0.01939767739616721 -0.04309813074369252 0
-0.04949082414634767 0.005681647882877583 0
-0.04871947791836874 0.005661459879253498 0
0.03352828539814252 0.01278076162425244 0
0.03379752665899716 0.01383620041039513 0
-0.01220795301421251 0.03276166115854899 0
-0.01833922852246716 -0.02990003472511359 0
0.008399483598871207 0.03404395876820177 0
0.01748876203801208 -0.03133833194380999 0
-0.05820282847271373 -0.007806521621927697 0
0.03519913253571526 -0.006773644283419282 0
0.03561625796410051 -0.008038490434989718 0
0.01861316865221509 -0.02906762880874245 0
-0.04888178310658071 0.006530244524561617 0
-0.0475741400744355 0.006865741126315208 0
0.05854008422917158 0.0164859195229315 0
0.02327724078778021 -0.03688066693378886 0
-0.02830855087223029 0.01966318687118902 0
-0.02286040689860444 -0.05430014919213479 0
-0.02103141681989862 -0.05695244564200129 0
0.01920622930898936 -0.05832215636678829 0
0.05540424984697857 -0.02708267526512995 0
0.01911597791063297 0.05792203081421228 0
0.008680150395420113 0.06131587012441887 0
0.04948693306866504 -0.03663060694727968 0
-0.05268892102901683 0.0322325743786516 0
-0.0539475212106252 0.02862251590944346 0
0.00845106560736446 -0.06118529840065599 0
-0.02122359860900371 0.05800534554988181 0
0.01204577784794127 -0.0605012089296651 0
-0.0589396283331925 -0.0188566993363004 0
-0.0348534660506184 -0.003066355264305881 0
-0.03631977132278137 0.03099756649303587 0
-0.05174942224635465 -0.006555368854016391 0
-0.05318990706266281 -0.006437987973226133 0
-0.05398843579923963 -0.007737898051542711 0
-0.0271816710524365 -0.02790104048149111 0
-0.02232967723197801 -0.02701890035397458 0
0.03103647449393224 -0.02249012665173908 0
-0.02374681787129498 -0.02770408057918233 0
0.03600533703119514 0.05008711960618293 0
0.02445681728443589 0.04826064864439438 0
-0.02124761623856297 0.04664583490689568 0
-0.02568555930439776 -0.02300249333577539 0
0.03400424809998905 -0.008793167508138697 0
0.03401770862579524 -0.008188952357191042 0
0.01068754500346611 0.03483957954229092 0
-0.002843071766717398 -0.06150761800717348 0
-0.004535545965060972 0.03485148032183947 0
0.02470338315528393 0.05254195002079016 0
0.02276260916212326 0.05400203964574971 0
0.02514659813829085 0.05536715891328063 0
-0.00688465001138569 0.03438932667571697 0
-0.007501800764489896 0.03424089670871614 0
-0.01725289757103482 0.03051394247230736 0
-0.017339603480857 0.03133652190547292 0
-0.0489333462936035 0.03185171320425417 0
-0.01918531146245493 -0.04177267074041061 0
0.0336725240393764 0.009406079926166768 0
0.02200051168728258 -0.03620572954732794 0
-0.01391733676435558 0.03211930876202104 0
0.02126418226631974 -0.0467030883884957 0
-0.01340834149408211 0.06024408816581537 0
-0.02175575139000932 -0.02679734691317983 0
0.0304390155006256 0.01627148623218213 0
0.03010266605121685 -0.01682344361116962 0
0.01941148057820478 0.04391648685033279 0
-0.03353889699870681 -0.008161848839518628 0
-0.02960950489596051 -0.0187590420039869 0
-0.02840578637491188 0.05553993960440814 0
-0.03496362877636899 0.00247284356482219 0
-0.03589965422222578 0.001938226842055901 0
0.02752161612684646 -0.03128248073808007 0
-0.01163330937213665 -0.03304747129147167 0
-0.01224016888956754 -0.03283191671355919 0
-0.002288718197678749 0.0618943673923657 0
0.008956491592562935 0.03380197296041062 0
0.03428541234036681 0.007004635591294561 0
-0.02022865082612892 0.04035238820370048 0
0.01424620786990093 -0.03202708086420609 0
-0.02175287342994632 0.02679989408890928 0
0.0227345628751393 0.03873682895349604 0
0.02282669525165215 0.03809516449106825 0
0.02226581234054074 0.03733645873432564 0
0.02325688016673766 0.03739175785815683 0
-0.01771798253249595 0.04630312007505247 0
-0.01771994532597783 0.04494377605501811 0
-0.03502231653751151 -0.001853876011338164 0
0.03481250231344811 -0.003968435384307802 0
0.03960165908450293 -0.04442382632085665 0
0.03260391756344364 0.01133453103427867 0
0.05626769931373078 0.01268649580965526 0
-0.02920516479403842 -0.04483166278344317 0
-0.0297708920317955 -0.04468366716794802 0
0.02168530353505216 -0.04778084146472919 0
0.003962762878876753 0.05766492742793448 0
0.02334549330710976 0.02541996045367114 0
0.0175212784430715 0.04130946685719888 0
-0.02862943528729536 -0.05234277162078749 0
0.03480530825760693 0.005096313080132831 0
0.01855792799634887 -0.03950316761679669 0
0.04443671801734835 0.004077591626001273 0
0.004391562062897768 0.03424323864939153 0
-0.002230317132061023 0.03442887064153369 0
0.03151213430205207 -0.04178611913918819 0
-0.01000012095944842 0.03628235371147546 0
-0.04045328681553395 -0.03739833974525404 0
0.02983766324388016 -0.01845458317439757 0
0.03057064350922692 -0.01846421427547056 0
0.02557339030426404 0.0482775358451181 0
0.02594863730698886 0.04883187122869696 0
0.01778785272581467 -0.04427734052754602 0
0.02189147755457875 -0.0387375586173818 0
0.03209297747852812 -0.0140538266059879 0
-0.0001443621544313047 0.03504023180673262 0
-0.01104982005920583 -0.033247116000755 0
-0.02937235954216812 -0.0292309762879423 0
0.002325331326172318 0.03488601842361858 0
0.001734698105061655 0.03502727352465163 0
-0.03532921115887452 0.005213803713293328 0
0.05002963426793392 0.03656610857120073 0
0.02920611492939721 0.01945284655722721 0
-0.023180374417505 0.026153604803146 0
-0.02086283202443451 -0.02814961876550883 0
0.02156577207927443 0.02750557443427796 0
-0.04430968071821972 0.0008863929619117106 0
-0.0001374579843568212 -0.03503498752691407 0
-0.04579165471547732 -0.04128170842329079 0
-0.01839672352560175 0.05554900095855006 0
0.0119548221513701 -0.03294097825601894 0
-0.01330872882937197 -0.03254432073584669 0
-0.05460672246983572 -0.02825716898543417 0
0.02123092524631896 0.02970998609158093 0
0.001757472849866228 -0.03503320243579613 0
0.002327467761982734 -0.03490490832414085 0
-0.01998892577096954 0.04213927142702512 0
-0.003117413158028846 0.03498040551547005 0
0.002594228244957886 -0.03441016900141354 0
0.02661593028198318 -0.02295002070188075 0
-0.0343038204838258 -0.003933219026089492 0
-0.02438850331691703 -0.02858181540242945 0
-0.05479114835329956 0.001665818771172179 0
-0.002901531743395606 -0.03437848382574742 0
0.0009555842141584079 -0.0617687717841609 0
0.03052270358478656 -0.04988602488157276 0
0.02923462994372323 -0.05159934503320092 0
0.03468044369935299 -0.006252393983069666 0
-0.03126963088319255 0.02406991412434913 0
-0.04550414183071946 -0.002641708603700266 0
0.02048568153042971 0.04075155820914381 0
0.02027650338771952 0.04025832283717316 0
0.01947184945075341 0.0399850900185417 0
0.02021146123838593 0.03944256237286634 0
0.02063955538041342 0.03851150649310535 0
-0.02182993794900265 0.02743231056801165 0
-0.0212838756688057 0.0277186095202022 0
-0.02707191280193935 0.02214523347146508 0
0.0224751839859925 -0.02619709774825839 0
0.0053550045967325 -0.03454921112915445 0
0.006216665785950457 -0.03537428892983205 0
-0.05483797753831976 -0.00273952777740603 0
0.02853320349164589 0.01942364857951114 0
0.02692207574869293 -0.04789862871561253 0
-0.03049259020125682 0.04496044255865778 0
0.03020233103139509 -0.04077491868278453 0
-0.01947256376985307 -0.02993005314184897 0
-0.03348590458903151 -0.01992729001479421 0
0.03591323328361111 -0.01040712202758043 0
0.03754371552092232 -0.01297095638462344 0
-0.03347550603157675 0.01266294541002087 0
-0.06072185559704225 -0.01075331054124009 0
-0.01059185271043295 -0.04012041630161851 0
0.04436304101920267 -0.0006898507407034479 0
-0.02998781394597417 -0.04399383360028366 0
0.0169977687814906 0.03063568347792278 0
0.03387725391944958 0.008806783699909398 0
-0.03031155245512387 -0.01663081138482962 0
0.03515960765336884 0.006294511499531933 0
0.011501590141598 0.03253153910503179 0
0.01152721084397175 0.03397172066591106 0
-0.05867424280884426 -0.0002587020433892312 0
0.03153343762469248 0.01511843626834824 0
0.03134060869789058 0.01571575284668297 0
-0.03954276111987499 0.04290043232390197 0
0.01508854107725581 -0.03235169364390292 0
0.01853394139659058 0.04377304886362238 0
0.01814175997204708 0.04272387151045021 0
0.03110439566357719 0.0419039250712558 0
0.05601028963122687 -0.003407152722576294 0
0.03876553713994797 -0.01501359361306372 0
0.02911989656060242 -0.04612536226533623 0
0.0589670384336271 -0.00719532459540618 0
0.06098086351696192 0.003002719435751661 0
0.05879655185545602 0.004101704295228727 0
0.03186627886403515 -0.01463560702254911 0
0.01478917167711783 0.03175255779432763 0
0.007409842032822815 0.0337179552270445 0
0.03302640494955413 -0.01176984541471696 0
0.03185538131053418 0.01461315642951336 0
-0.01981133275628171 0.02827296892022017 0
-0.01983534077430264 0.02878502100079272 0
-0.01976459678756256 0.02993328560048899 0
0.02380659365701319 0.02640033611376252 0
-0.0356861049022599 -0.002194048663271674 0
0.01249625567995174 -0.03282636736641592 0
-0.01724794361619406 -0.03048681429107564 0
-0.03557022421328018 0.008343184500869995 0
-0.02665287649667461 0.02510130100528321 0
-0.03452171189924345 0.0003103981641583065 0
-0.03499211512428967 0.0005483969919435741 0
-0.05580997154675782 -0.0003890331054439875 0
-0.05792578791294128 0.02177539782911187 0
-0.0320043553305676 0.03573425043167477 0
-0.03439730614309573 0.03570676760614194 0
-0.0298051467552101 0.03456975467510592 0
-0.05495365685528646 0.0006857300504065127 0
-0.05574972249342457 0.005595184911650866 0
-0.01552026728183185 0.03130186315493017 0
-0.02962374892957685 0.04125873464333492 0
0.03568049023592157 0.005000089472922955 0
0.03202442406158993 -0.04033171993532129 0
0.05568376486309378 0.02757930592177554 0
0.02846394750467163 0.02408941765618724 0
-0.02241130475546876 0.02861331789623705 0
0.007812573157151817 0.03414895543892777 0
0.01392049025445217 0.04625736153217561 0
0.01285269061091472 0.04334594883179173 0
0.01424931427171306 0.03200720715704089 0
-0.05234473872788537 -0.005793562007684237 0
0.003040389115403426 -0.03756111585503898 0
0.002216345324038176 -0.03950445682687688 0
0.05217256574443839 -0.0058780852076645 0
-0.01823751003613816 0.03195416194647248 0
-0.02242895790448281 0.05371334709269049 0
0.03658764859561545 0.01053850588536255 0
-0.01774211679386873 0.03014139240759455 0
-0.03493045346689125 -0.003625092399933111 0
0.002774313625665263 0.03766107339495849 0
0.02804802246829306 -0.04789261687264253 0
-0.01580915201415313 0.03279825481907073 0
-0.01574550286589989 0.03413935756200998 0
0.005012952708729181 -0.0361855400006349 0
0.001095799329861264 -0.03501882834386569 0
-0.03431345096622263 0.009591642362937853 0
-0.01786589623580331 0.04880704621242824 0
-0.01577384157561874 0.04992449757413587 0
-0.05577776486101109 0.01465666937652078 0
0.01477312899296575 -0.03170745908039117 0
-0.04712149043863398 0.01065971026254588 0
-0.03218051809515986 -0.01381458409614524 0
0.03031285711235025 0.04131533951158674 0
0.02060109717816786 0.03185490649919847 0
-0.02059802519068472 0.03975012572504538 0
0.02392030707112572 -0.04809435020686274 0
0.02390911254177319 -0.04877950027159957 0
0.0230680277623267 -0.04898314433544422 0
-0.02010457820946267 -0.03374490999398408 0
0.004139384129552502 0.03476897685623991 0
0.0192789426135282 0.03087310953974318 0
-0.005809353014724036 0.03843707094066802 0
0.03004573178139225 -0.03821931019295534 0
-0.03844427384175884 0.01495020428893837 0
-0.005049985301689475 0.03462073301082919 0
0.01362417212377851 0.05188967836118371 0
-0.004490808049062532 0.04029304615575956 0
-0.02887977231539982 0.04657546148952681 0
-0.02992651147930574 0.04630014081843115 0
0.0177758593163521 -0.04315127780856506 0
-0.05296574903125963 -0.0241130426167492 0
0.04587261201522076 -0.003173845088873683 0
0.045760996800891 -0.003774629127738382 0
0.05446439395998944 0.002461191180344635 0
0.05488661685219606 0.003020728682696525 0
0.03489734123267169 0.002226150639371227 0
-0.06005178672293358 -0.001665934617508136 0
0.02274301315979509 -0.05378783295063508 0
-0.02453131551634115 -0.04898352019701075 0
0.02330937530596848 0.04851313100626144 0
-0.03325670554705781 -0.01145859723230725 0
-0.03324820837870954 -0.01084244114921291 0
-2.905375285584112e-05 -0.03809021870410185 0
-0.03796879398469662 -0.005044562326502672 0
0.03472103258485845 0.00393258451784325 0
0.04513148720181213 0.001378330466626711 0
0.04436629234772919 0.0002975596697492375 0
0.04373137976123104 -0.001500335975235696 0
-0.0344033419726639 0.01239893382751266 0
-0.03541372914649454 0.01467315339549738 0
-0.03266033449420742 -0.02142105806392267 0
-0.03440613345216993 -0.02133612977780984 0
0.04935152459427453 -0.01903460927138265 0
-0.004991269900679923 -0.03482719937012285 0
0.02724561778797947 -0.03819102518936787 0
0.02792546103756673 -0.03838543321081243 0
0.02883004814751797 -0.03791648737021137 0
-0.04517639099764115 -0.003280407509849336 0
-0.04436513940024765 -0.003287534996765859 0
0.05177112652346614 -0.03363622220609319 0
-0.02908443528446664 -0.04622141484825122 0
-0.04322700419554895 0.04050756559386735 0
-0.02294928396415538 -0.04875362879143089 0
0.03840705732078494 0.009921841357224397 0
-0.02143028663968558 -0.03853211223490732 0
-0.02586797336138563 -0.02360952604753318 0
-0.005250304897163141 -0.03649012880979723 0
0.05728746297470353 -0.02393884122119416 0
0.01695442687750421 -0.03064256797688414 0
0.01965703947682526 0.04474985296601755 0
0.01891991955582719 0.04527866128891065 0
0.03072218812386836 -0.0272424239549667 0
0.01982637744519395 -0.03132149485792231 0
0.02211368409196381 -0.02714622918367134 0
0.02221840360736842 -0.02781445103242614 0
0.02301400183557467 -0.02811051231835194 0
-0.03051889616471613 0.01711017282715603 0
-0.02260229736757571 0.04828015100806879 0
-0.02260406541443771 0.04908206602348233 0
-0.0007415633651359605 0.03495670448038093 0
-0.02796599384624321 -0.03554883876370302 0
-0.02712272025049711 -0.03734983850770191 0
-0.006057806323127547 0.03524101047869079 0
0.02383855428139203 -0.04974784260182459 0
-0.03109707586035441 -0.01594485171887636 0
0.007849476389635238 0.03846144391644934 0
-0.02032562151602987 0.03872369436110044 0
0.01053898259451963 -0.03628621514819328 0
0.04935659769636997 0.005150121552628764 0
-0.02864299715082493 -0.03808573169551679 0
0.009689835420108586 0.03515047812649476 0
0.03041513198401496 -0.01629347033107273 0
-0.008646093730710434 0.03396272906765478 0
-0.003849587326029974 -0.03482089119057458 0
-0.0610906181406716 0.01132924853963068 0
-0.02124916209597227 0.03999428749937572 0
0.0599731745212736 -0.01709748411735167 0
-0.02807091033636362 0.02543678763588709 0
-0.0285538241298247 0.03638744174227229 0
-0.02707970800675713 0.03647297125397028 0
-0.02929319166738041 0.03967859353387199 0
0.01845548155564796 0.03123374214764622 0
-0.02499175740746979 -0.03809239490387127 0
-0.05985916734190495 0.004875989806161476 0
0.02945510925390153 -0.04075179528197066 0
0.02127212721612705 -0.04740581367958636 0
-0.007312026322257852 0.03491265919977245 0
-0.02212487391427025 0.03851209956622549 0
-0.04990575510961354 -0.005040077828669085 0
-0.02392550755435719 -0.03569694879845868 0
-0.02903977627276146 -0.02242007722341344 0
0.04495379286528013 -0.00411791820285295 0
0.04365964348733631 -0.004466548018671768 0
0.05023973219604297 0.005556671371467953 0
0.04479684516064804 -0.00715110660065537 0
-0.03717104181405592 -0.008501244074473373 0
0.04777181579102655 0.005092033123102583 0
0.0007301660030073909 0.03449442037560089 0
0.04414313158464525 -0.002469083280090286 0
0.04313470331333109 -0.003041570356231319 0
0.01960796375999159 0.02893364674306586 0
-0.02599354968629489 0.03787695827861613 0
-0.0346725604692496 -0.04391028373105248 0
-0.04174149202798145 0.005561853032945374 0
0.01324360331475823 -0.0569552975000292 0
0.002979286886980328 0.03945672641686846 0
0.02347165619331197 -0.03833966492787885 0
0.04570724947917762 -0.00456863125632691 0
0.02792356559678126 -0.03901694469890288 0
-0.02374035094492763 -0.02578277884634464 0
-0.02049482507329047 -0.04592162105637809 0
0.03527774018615109 -0.02233276044145515 0
-0.04809471875898474 -0.005852158368078253 0
0.03773661735451517 -0.003662684404543698 0
-0.02723590527968026 -0.0385895994763389 0
0.01976664179989417 0.03768122738141687 0
0.04742286531658602 0.006733553696340745 0
0.04681811551200279 0.00844151042632396 0
-0.01987933584727407 -0.02948138569865513 0
-0.04485635532731305 0.0004131227736586138 0
-0.01990015602577395 -0.04368632632627295 0
0.05507754420013888 -0.0003784313774533696 0
-0.02896928110405718 -0.04020848904097243 0
-0.02939402232733192 -0.03991270069096973 0
-0.02890931252944942 -0.03905523746593477 0
-0.03037159379245071 -0.03988425257397763 0
-0.03082156653167563 -0.04072556295825037 0
-0.02029982920635784 -0.04136742551280101 0
-0.03468720987224375 0.004283213950231339 0
0.004621163588067548 -0.03748530573486294 0
0.02129793728912869 -0.02861942085854757 0
0.02162964316836936 -0.02964737795932675 0
-0.0007513900744945586 -0.0349811222508971 0
-0.006329299817130983 -0.03401068793279508 0
-0.03288843127745421 -0.01207022277495534 0
-0.02929005095086741 -0.0468751179726694 0
0.02571018092052675 0.0275564333537331 0
0.01262140152568569 0.03409920310428687 0
0.01361590610276305 0.03522607918949569 0
0.05021868973765482 0.02927581217944045 0
-0.03030870820977706 0.04141348780047444 0
-0.01890945366789847 -0.04474752452126796 0
0.01212149526485292 0.06125531827009898 0
-0.03989909105388048 0.01245013796620685 0
0.02733095252625907 0.03833785186665804 0
-0.02823695465611884 0.02073551998600807 0
-0.02319918287934986 0.03794255620392215 0
0.02946260741494908 0.02352137244049731 0
0.0370066368764853 0.002830025646262528 0
0.05438888664797611 0.003625501468436816 0
0.03517600550920961 -8.587383208139823e-05 0
0.04623684600370193 -0.004052855558360765 0
0.05167995523044816 0.004792256296462558 0
0.03463283294179898 -0.00453298743378705 0
0.05594994153491469 0.001197886144479773 0
0.06060404053557512 -0.003352746236268417 0
0.03450591922952691 -0.005666338857093657 0
0.0115496958602724 -0.05419838132565855 0
0.0369322022042099 0.004907493917790041 0
0.03451657186428422 -0.04225358297617408 0
0.03153373470700872 -0.01834032047281032 0
0.01666555858550002 0.04272773578685334 0
0.02033304100801885 0.04620002733417983 0
0.003968525653561161 0.03720172138725018 0
-0.02877419842233139 -0.04733243822127026 0
-0.0181958629666503 -0.05529208115655601 0
0.02725029992826456 0.02194704064020467 0
-0.03027325227286952 -0.01886248153875397 0
-0.03459631951682383 0.05133320767857903 0
-0.03232371234328422 0.04225766658967445 0
-0.03446513255605403 -0.01731395171241698 0
0.02092110646206325 0.05299867425639061 0
-0.01429657508211364 -0.06010145687209458 0
-0.02227919896619237 -0.0279753516106111 0
-0.02953212525539304 0.01876766577702063 0
-0.02477228289383879 -0.0255172359721099 0
-0.04866274027967429 0.004825440108392066 0
-0.04812894758029859 0.005231565968861185 0
0.03634714619738716 -0.01975987286190718 0
-0.02857980266949194 0.02019801362245694 0
0.04500809182648832 0.000213835121920429 0
0.05431432199024159 -0.003357678843511095 0
-0.03046430217072203 -0.042875292137992 0
-0.001955470547217945 0.03498731230555042 0
-0.0459405385998535 0.002999886028129671 0
0.005988613107101234 0.03518093756897246 0
-0.01846839785066157 -0.0439461617485799 0
-0.01719537739858778 -0.04359133311592531 0
-0.01273849243239161 -0.03257765651945967 0
0.0004532931689056627 -0.03494473695486509 0
0.02585725983959499 -0.02440530349904657 0
-0.003123589195859746 -0.03895279025734807 0
0.02525683250992349 -0.03565406112468423 0
-0.02933747625087401 0.04071538123838742 0
0.0161001320419207 -0.03291128622368703 0
-0.03495700940627792 0.01051823081768682 0
0.03355367461800289 0.0172515365870965 0
0.03374768644076694 0.02018273924945732 0
-0.05276355233342035 0.02507060543118077 0
0.04887747465346999 -0.009241091748622504 0
-0.0529986827817476 -0.005385980212729466 0
0.03494280616752965 -0.002191178987537895 0
-0.02650593651635519 0.02371361736128902 0
0.003131552480433637 -0.05873305579374863 0
0.00391174651303604 -0.03531010440309872 0
-0.006711628175310951 0.03492100220871658 0
-0.007194946986935822 -0.03366892519495904 0
-0.02936853604477583 -0.0457386579486594 0
-0.03004577632193395 -0.04584097644972331 0
-0.03464041863480158 -0.01590817533774046 0
-0.02519087801672289 0.02507227152508877 0
-0.02592907716448719 -0.03704062023923409 0
0.05096271204699542 -0.005484810378445193 0
0.02740417219717449 0.03733299813652419 0
-0.00165620981207851 -0.03577667261026547 0
-0.01989847966903694 -0.04119670220385202 0
-0.01998718524675136 -0.04033677570884434 0
0.03594175505407525 0.006910475983712944 0
0.04601450878001553 -0.005696679657741219 0
-0.04229774193139457 -0.04063508131911302 0
0.04677489931162998 0.003799964956636382 0
0.009473219626226003 -0.03436155986239599 0
0.03050882031695136 0.04387300448629641 0
0.02774535225528346 -0.05598762062855124 0
0.03161944527551593 -0.01523074530634119 0
-0.01655249643026063 0.03190437318622501 0
0.01596564855887932 -0.03438455517509523 0
0.01953100536128415 -0.03000501776040517 0
-0.01159620592362937 0.03374841047366049 0
0.02730809901950637 -0.02190785513147554 0
-0.02706811536324735 0.03740155411196672 0
0.03487613201486615 -0.003364436680690102 0
-0.0622547364610286 -0.002857029078909158 0
-0.01485692792207131 -0.03496384743735047 0
-0.01589474691803005 -0.03404314490148572 0
-0.01754357126064951 -0.03445618985547415 0
-0.01472650101387054 -0.03653579223518252 0
0.02750671897684127 -0.04813581916226587 0
0.02193947786498843 0.04790824861401086 0
0.02427392129431316 -0.03785413823417752 0
-0.0500655350139307 0.005511602682605682 0
0.01953117882516535 -0.04374340779973156 0
0.02959130307120954 0.04128534092330305 0
0.03047816545478946 0.04053812702798041 0
0.03225165338277932 -0.01347255768177065 0
0.04460064665087703 -0.001286454933720453 0
0.02880302870416786 -0.03933442310071079 0
-0.03053025288901526 -0.04220439839488421 0
-0.0313673091328401 -0.04213591922304669 0
-0.02982824766667448 0.02394330877745486 0
0.02018800973237042 0.0424714609060041 0
0.02075367722214763 0.03984828877330941 0
0.02029083906763607 0.04466404609488231 0
0.03114607170616551 -0.04084092007108606 0
-0.01964134294291369 -0.04459904932446618 0
-0.02648021112170983 -0.03787256809784437 0
-0.04465455542428943 0.001351509852184915 0
0.02345039920131613 0.03804289442595182 0
0.03116873777897697 0.04421405995462324 0
0.05534292434446293 0.001139420868666598 0
-0.01968394173448334 -0.0422316213261744 0
-0.02596215589983981 0.05410191451403648 0
-0.04559288941943612 -0.00487459097598099 0
-0.0301820925238776 -0.041146144754203 0
0.05294525459375159 -0.0056087040373285 0
0.01464901586770957 -0.04286528572797082 0
0.02371186344417842 -0.03776060198488183 0
-0.0194840443961649 0.04380515851439001 0
-0.03062301214025643 -0.01809072505345687 0
0.03237667137850831 0.04172515535307064 0
-0.03097164635493075 0.04569873145697852 0
-0.05254001136551469 0.004904077659165973 0
-0.05333129338970502 0.005351261329419249 0
-0.05197474650020702 0.00655387586165653 0
-0.05108107138155269 0.007260629239924403 0
-0.006208027605272625 0.0360502686349878 0
-0.007963423506140989 0.03655922025900894 0
-0.02705088258244023 -0.03809761915055918 0
0.04843816026088298 0.007586581367218383 0
-0.02242531386950002 0.03062468913201404 0
0.04505233227805466 0.04210425485094021 0
0.03034459453565571 -0.01728281076541464 0
-0.00159333324923343 -0.04023758034665534 0
-0.01937209150171783 -0.04409831034770243 0
0.05442223377121032 -0.004785718002985775 0
0.06175094457672243 0.009490990415288095 0
-0.03422355516665175 -0.01372261486208865 0
0.0212302809962102 0.02850744419402928 0
-0.02413615686426726 0.03618815746133071 0
0.004671164922908116 0.03615685975479552 0
-0.02626964814459674 -0.02682278658241865 0
-0.01881759134470868 0.04480948456619154 0
-0.0487752710699749 -0.006400143252167983 0
0.03234923714718284 0.03986597269810066 0
-0.0545201123603065 -0.003291346602799144 0
-0.02460530967482027 -0.03745004640648628 0
-0.01606532401001421 -0.03177757274794498 0
0.05072086445313238 -0.006123099967527775 0
0.02842200455105345 -0.02167891092720542 0
-0.02965687072442046 -0.03831371608469572 0
-0.02934549331205384 -0.03678941554087364 0
-0.01074812408906952 -0.03800122640642897 0
0.03204233729602904 0.04385225080465188 0
0.03047069599412282 -0.0448041880173071 0
0.03085042530986255 -0.04548141390247601 0
0.03520808385678937 0.005597049101284753 0
0.04368860537943395 0.003136830517717646 0
-0.03552884127988717 -0.008491178213093665 0
-0.03282547456126612 0.01761357660869151 0
-0.03420590150129418 0.01780175126284299 0
0.02947692970272762 -0.01886893986779558 0
-0.03557217706723881 0.0004217230244858127 0
-0.03655888256077661 -7.035955193237744e-05 0
-0.03577589347466965 -0.001005147847563276 0
-0.03297460292167226 0.04737125815499924 0
-0.05846044829140959 -0.02217911433548342 0
-0.02985127760119844 0.04455676032368272 0
0.03528341636281401 0.01764632501684486 0
0.02037542297605315 -0.04184462037286699 0
0.02008767221765157 -0.04230593778544312 0
-0.03385504790202445 -0.01266046556247153 0
0.03272931473301994 -0.02212943180124814 0
0.05830354436776813 0.006234675033211958 0
0.03441557627061487 0.01196735863517157 0
0.0442348015595164 0.0380603293182254 0
0.0287853290299372 0.03833244931560743 0
-0.02514461199381057 0.03832985352565614 0
0.03093538972889414 -0.01623593495069523 0
0.02018016723863296 -0.02944855483829593 0
-0.02584160914012528 -0.04871999105654001 0
-0.02648707949928569 -0.04882848634680685 0
-0.02744480331141818 -0.04821440268016538 0
0.03319955147831465 -0.01110287428460227 0
-0.03604124088120653 -0.01146624020072016 0
-0.05498230558335739 -0.001975389493382074 0
0.05572620092031373 -6.922210105810745e-05 0
0.03359251712391479 -0.03954322244055412 0
0.03002346277796372 -0.04382717938854229 0
-0.00796200140387799 0.03826383141739492 0
0.02870875389073747 0.03733000035471447 0
-0.01042941798406744 0.06158626119259997 0
-0.0177095716284012 -0.04615468170226281 0
-0.02426547128483177 0.02904454941449609 0
0.04660107054038132 0.005822122417053475 0
-0.0459628210938152 0.04202579787394485 0
-0.03426944702007645 0.01341075303215179 0
0.03485251832428425 0.002831429618278555 0
0.05031663477999256 0.01507452474548773 0
-0.002103464975357981 0.03951550323091837 0
-0.02033534133903948 -0.04644568737902011 0
-0.02609014611047739 -0.02254052261238289 0
0.02249021327761759 -0.0267234713289867 0
-0.03039268337426019 0.04437047622557622 0
-0.05600877532329198 -0.007936076481226387 0
0.02095303161100678 -0.04606044651782797 0
-0.03553926473646966 -0.003104646321597606 0
0.04542453238874584 -0.008829710479082075 0
-0.05159838522479605 -0.004932920174602388 0
0.04837184901009948 -0.005264063090689611 0
-0.02982471248266062 0.04015528603599271 0
0.03013869874287282 -0.0235745241716924 0
0.01878041487649348 0.04183792176159819 0
0.01958217216724231 0.04215918697968941 0
-0.05547429558088891 -0.001529298060301098 0
0.02652863001625837 0.04954551419834097 0
-0.02223730151245674 0.03753878070787078 0
0.04740823563556281 -0.01377983327437426 0
0.01698871737659879 0.03126485567103605 0
-0.03057087891255939 0.04695398652269343 0
0.04316965707173801 0.0003205820803614281 0
0.0261105923341149 0.02333897764992703 0
-0.03480718387105572 0.007149540252672606 0
-0.0292232131454199 -0.0239004865574018 0
-0.03619941045840434 0.005759365951419554 0
0.02946983243218608 0.02000374204234932 0
0.02567700570870665 -0.04886647197885269 0
-0.02193191336068438 -0.03884377521119582 0
-0.0174581503148534 0.04055998754801651 0
-0.01604173297135105 0.03963134543155091 0
-0.02201335465635842 -0.05053571838946438 0
-0.04489395538546501 0.002547550843269745 0
-0.03184955924894236 0.01959934170495575 0
-0.03269401784485067 0.02051748500452662 0
-0.01799774614529137 0.04755780867265735 0
0.03674664530034208 -0.05090319594345585 0
-0.02036734091544184 0.04608830449447694 0
0.018918657739793 -0.04560359572369681 0
-0.04287434221606462 -0.001252382278359857 0
0.04732919783899726 -0.008345968122723891 0
0.01561470382783629 -0.04566529533089678 0
-0.05439977935090749 0.006548211456865805 0
0.03247249043909173 -0.01451755689131887 0
0.04987098620267581 0.008459662096122686 0
0.05084526302520835 0.007292668159695129 0
-0.0257204941228902 0.02476759541812879 0
-0.01949084405546008 -0.03236492058018797 0
-0.0349803751391863 0.006566625930125886 0
-0.004056664943304836 -0.03754711769542191 0
-0.02355843834606447 0.03838977666294425 0
-0.02996592489821484 -0.04219496800055301 0
-0.03031424903803352 0.05113276138255128 0
0.03764789622260107 -0.00653940884754156 0
-0.03131986463468293 0.01552435951004633 0
-0.02863070845400312 0.01914404078886835 0
0.05616617722702823 0.0004690386423767631 0
-0.0445921287163391 -0.009167409811315296 0
-0.04684128651324664 -0.008171923221528245 0
-0.04898645913464889 -0.009167541008791495 0
0.04902541970628722 -0.005427591190606445 0
-0.02585695113051959 0.02692863978042578 0
-0.0441908677207162 0.002392383780837381 0
0.03564590164402928 -0.006049391980158829 0
0.01434246337226713 -0.03278704458818332 0
0.02224321445590113 -0.04969859846373277 0
0.03224991800134629 0.0196083455907905 0
0.01192830101936406 0.03281920444936173 0
-0.03088507998533389 -0.03876437172858546 0
0.06255991323965691 0.001281810060111854 0
-0.0278026541366716 0.02333758244410479 0
-0.02847837106910137 0.02419679106489327 0
0.02850784763744652 -0.03882374607086093 0
0.02022955685186694 0.0474686401201371 0
-0.03321010270502144 -0.01252721282135321 0
0.03163434853822228 0.0427550696112893 0
-0.01103137559431512 0.0379081715181832 0
0.04966646993302634 0.005704369924622058 0
-0.02438545843908916 -0.02705085724013923 0
-0.02093441306122565 -0.02877598807044145 0
0.03134187078379846 -0.0372270157751643 0
0.0241676162506249 0.04883691096740015 0
-0.003303004486222378 -0.03478046239136889 0
0.05391285774270439 -0.005855649817886617 0
0.03167912901124843 0.02291651768772806 0
-0.01736970226063923 -0.0423581240265342 0
0.01508148455138998 0.03234735441291008 0
-0.05383614693248268 0.008153141235432981 0
0.01903845695443858 0.04623582874120558 0
-0.03352214032866425 -0.0466449306645742 0
-0.02954591213393871 -0.02160382860303921 0
-0.01920091619712251 0.03857645861757133 0
-0.02922773528977422 -0.01929934680553622 0
-0.04308059578812521 -0.00531009449863254 0
-0.02198834988938385 0.0479514790195272 0
-0.03827156485977538 -0.01737097279705084 0
-0.04677509709381745 -0.003771312706016597 0
0.0216720931197332 -0.02814066680047351 0
0.0368143809295436 0.01338201859494898 0
-0.05355255282382218 -0.004094384585666624 0
-0.05106598420146088 0.009089500984017038 0
-0.0440181435802664 -0.00176987313522697 0
0.04833445237061559 -0.00468275418982552 0
-0.03173230093381695 -0.01484944692882242 0
0.006779759294216006 -0.03613557567617291 0
0.007635435757537393 -0.03708087239437909 0
0.009050192898942962 -0.03886347866070675 0
-0.0337617933368299 -0.01857024245397635 0
-0.03593141275450233 -0.01319537521920499 0
-0.01631328741841711 0.03580824096564798 0
-0.01236326717917 0.03436869017357513 0
-0.01327503995769105 0.03521098204463431 0
-0.01377890985494991 0.03684299106138946 0
-0.02069849426588741 0.04665615838557 0
0.02651403805462531 0.02279466983850721 0
-0.04495339202557597 -0.005903314506868391 0
0.02845586246842814 0.02693007957158651 0
0.03691007595606191 0.003695004567582988 0
0.02049181939295243 -0.04140475386947749 0
-0.05561488397633282 0.0008018144690653793 0
0.03677008230789115 -0.01595368500528737 0
0.005629250388186693 0.03840863410883269 0
-0.03028634554438974 -0.04453346038442454 0
0.01143948221351478 0.03595872777111361 0
-0.01014489458656319 0.03944795213954355 0
0.03327581727311734 -0.01310023523112497 0
-0.02129727226258325 0.04818539571492386 0
0.0529722564945059 -0.004430130635648425 0
-0.03397045503272902 0.01080706336301329 0
0.03593109702107732 0.01194420554816198 0
-0.03052133421454269 -0.04991398620496362 0
-0.007955864555061873 -0.03414087001700982 0
-0.04835828308992787 -0.005233997602124086 0
-0.02091294964724251 0.03251961328831253 0
-0.04753932914831661 -0.006816496954473343 0
0.02773216943691915 0.02140913034414731 0
-0.02852825527834841 0.04874686646366792 0
-0.02006640111602603 0.03116066924741362 0
-0.03000016253881992 0.0178796450820749 0
-0.02193186623711716 0.02930730323409387 0
-0.05298821717356024 -0.00463875141371465 0
0.02066388100505191 -0.04566271007663443 0
0.01762604732757558 -0.03835540831971155 0
-0.03366188859484197 0.01133403704091025 0
-0.0310116476822105 -0.04480339697706737 0
-0.02575981435568727 0.02946102508664388 0
0.024586044906748 -0.02700343885917952 0
0.02411771236812854 -0.02795317126342655 0
-0.002117417695492909 0.03793307909214563 0
0.02792528304816098 0.05572979773693221 0
-0.05206244093232201 0.004520065734146446 0
-0.008047172303728915 0.03400046547745766 0
0.02993083765283332 0.05188584914328343 0
-0.02401234958003841 -0.04977395282655785 0
0.0208409527045879 0.05560926155209117 0
0.03105623018313591 0.01615550770992398 0
0.05444489962925925 0.004554072083953031 0
0.05544966080339069 0.005018941445110517 0
0.04348414045368089 0.005839184179219354 0
0.02727674010058188 0.04909309814500043 0
0.04150284513727023 0.001655483986505382 0
-0.03107910602282635 0.01599375197721773 0
0.02564067658491581 0.03836903628140739 0
-0.02294008927448526 0.03646243048231599 0
-0.03168472505628211 -0.02256831944321981 0
0.03671859896442852 -0.007822025176086213 0
-0.01210928828160418 0.03534302124813817 0
-0.02046629836461668 0.04184371613912206 0
0.03462480873333933 -0.005119683766066575 0
-0.005335934121385147 -0.03558666713069295 0
-0.02507219357904997 0.04970415268022705 0
-0.02932098915514739 0.05263042788912505 0
0.01834458177968248 0.04008524439379915 0
-0.05978562080802672 0.01882249314833438 0
-0.02208693645676128 -0.03930558988660059 0
-0.01427211511802615 -0.0508355559138696 0
0.03729443816801552 0.0005823116708751967 0
-0.04305966564869176 0.008805698586638247 0
-0.007439562530525655 -0.03404571010971724 0
0.03195347781281686 -0.01584062891606841 0
-0.0474281569436701 0.02836765645696296 0
-0.04067529739955349 0.00983558181251476 0
0.03390049875604727 -0.0126866973488532 0
-0.02115989805254543 -0.03085949399042695 0
0.01774173996509786 -0.03268425953393965 0
-0.01214076034100945 -0.0334782104888721 0
0.03562240984129461 0.007676579053220467 0
0.0346128055148188 0.004525403561844538 0
-0.03747083629425585 -0.002333069327493752 0
-0.007983314068457197 -0.03788738311423095 0
0.04539459859591374 0.001944922161025988 0
0.05226399349708158 0.004449662770806283 0
0.03079345383238574 -0.03293942530299355 0
0.02633929853404474 -0.04883641067472763 0
-0.02340010543478991 -0.04845899616007736 0
-0.03050985994406184 -0.03615123236571661 0
-0.02126697189992997 -0.02958753647596601 0
0.02921890662376723 0.04725634567612986 0
0.02937113520158708 0.02541537900866505 0
-0.006687414840392224 -0.03838563214229784 0
0.004880365993634784 0.03997699119482767 0
0.02434990970857164 -0.03628832545553446 0
0.0213301945746325 -0.03721869355888277 0
-0.02744808225371703 0.05036899187309249 0
0.02637420125942407 -0.04812603233061254 0
-0.05660614416044813 -0.0166053198345778 0
0.03071604708534956 0.03817305948335079 0
0.03453849213943001 -0.01874208424170381 0
0.01824492709659846 0.03232199602922044 0
-0.05117424036551288 -0.008921947026684231 0
0.04236497934346682 -0.04605217639337689 0
-0.0345959805245162 0.01633558122883528 0
-0.0185264106179618 -0.04807363847926004 0
0.01099809897308025 -0.03395331555874768 0
-0.04850371269915824 0.007822247070096176 0
-0.02805292968025068 -0.05068846116438903 0
-0.04320358779229823 -0.003459297628026116 0
-0.02577873126172757 0.04864586991059504 0
0.02911430574369724 0.04666218917167848 0
-0.0215712231997118 0.03892160779687553 0
-0.02101771513001955 0.03906914518836997 0
-0.02434260072569692 0.05356372981215413 0
-0.02101687635466212 -0.04775491821944114 0
0.0313498687550525 -0.02132034296825747 0
-0.05233333991270562 0.007837342720078569 0
-0.03940776386509993 0.03230760707511288 0
-0.04321789622439973 0.002482220671391435 0
0.01430768722067611 0.03353404069352767 0
0.03290870500233686 0.0117515541785929 0
0.01394300878566028 -0.03523079358830591 0
0.05045775955332422 -0.03058419770179851 0
0.01140506883024465 0.03755690705723271 0
0.01639262712568086 0.03369943091867945 0
0.02752676936542162 0.02452082542423234 0
0.03323761021434718 -0.01053568297119072 0
0.03339162126445677 -0.01011542275242014 0
-0.02786287527404073 0.03906081403695508 0
-0.02835994763363439 0.03874784057583716 0
-0.04781648663452904 0.005951241808957678 0
0.02597970825373012 0.03362293006519236 0
-0.02272197497198919 -0.04771799876858142 0
-0.02993143185485712 0.04351473483428409 0
0.02565113572908925 -0.03836271289843202 0
0.005735677044344593 -0.03844612012990226 0
0.02168775626211521 0.04699000365689416 0
0.02344546201162511 0.04799550917203914 0
0.003808675559645267 0.03613021511898278 0
0.02529897873043255 -0.04954259750852964 0
0.02564973462262046 -0.0505543522176692 0
-0.05800223681614876 0.01227704421961117 0
-0.02418122584496748 0.04819075048198598 0
0.03003619626012927 0.05028343765606243 0
0.002450810820029998 -0.04171191677505191 0
-0.04861200509767731 -0.01118156612340772 0
0.05484616156489192 -0.00950806942422272 0
-0.03677476038601853 -0.007216344106696504 0
-0.03435439535341758 0.02105262442931776 0
-0.02914597997833369 0.0474053311885882 0
-0.04711871980212798 0.004063250382427523 0
0.02704764306662816 0.03881015451513803 0
0.05470128613723315 0.006796593941031264 0
-0.03392649520667456 -0.008572081574812417 0
0.03313784465527071 -0.03693368191404661 0
0.02149162651979205 0.03651531331000138 0
0.0340906496072196 0.04218104116425985 0
-0.02077080650011112 0.03728805675129258 0
-0.05150470001869892 0.01107604990944686 0
0.01504615352034172 0.0437183534401969 0
-0.03792011572805376 -0.0009417272001045771 0
-0.03622341829677103 0.04326503308454895 0
0.0363018817566108 0.04743049308950505 0
-0.0158268260656871 0.05479686486873559 0
0.02504092532882188 -0.04880153706375426 0
0.0262264062684169 -0.02538021843843388 0
0.02722448059942538 -0.02518129054175841 0
-0.02291552018693258 -0.03862020283058575 0
-0.0224657920349503 -0.02918171899825251 0
0.05261656206898656 0.007853348557237421 0
0.006897598317758794 0.05879405749286863 0
0.0586393266393449 -0.01055601824881962 0
0.05040333334268088 0.006271507701570075 0
-0.02881736775222551 0.02072194785242948 0
0.0003518031194619207 0.03785896797348923 0
-0.03773369595844412 -0.01080414597675928 0
0.02993814216203617 0.04279115014020141 0
-0.03075202091932283 0.02137360994294497 0
0.02459003147669219 0.03437406722355974 0
-0.01853629744813358 -0.03695845694220051 0
0.0003719854434658677 0.03495611648762821 0
-0.02778898638085752 -0.04865744286186041 0
0.01894409208527763 -0.03093356960452923 0
-0.01596250257566905 0.04603437020194522 0
-0.02906308457032222 -0.04525855663041699 0
-0.04394035672638828 -0.001027433054596458 0
-0.03160567864049724 -0.02410927028848352 0
-0.007849976651087264 0.03541224657636534 0
0.03111043200257441 -0.03892503819443814 0
-0.01536524733467318 -0.03300828663313207 0
0.01223047439246159 -0.03358780533445035 0
-0.03495365684586989 0.04834894025904197 0
-0.03698643836805234 -0.03768148166123859 0
0.02918087472356999 -0.02060215264719891 0
0.02678831915703764 0.02231068492829827 0
-0.005153604632343656 0.03512887110394616 0
-0.01861551953199735 -0.0467042179370667 0
0.03104273282980241 0.04490667668386338 0
0.02046696448965238 -0.05575583852728461 0
-0.03550140492378164 -0.001558900454788354 0
0.02242945550471104 0.02965886693435749 0
-0.03132038110220259 -0.01556447309026537 0
-0.03162500116276627 -0.01603853192148391 0
-0.02646156353590974 0.03531031410819491 0
0.0560651533465907 0.002160625374815361 0
0.02860479008553498 0.04746267924926582 0
-0.01527285283337853 0.04331411832067206 0
0.02472976476635345 0.04946517434075211 0
0.01640704176339782 -0.03079551723604284 0
-0.02634880431192911 0.03424129243032631 0
-0.02423879167332323 -0.04843089212855423 0
0.01728521380971197 -0.04935853418206135 0
-0.02997798971973651 -0.0471200440980369 0
-0.03209980016689855 -0.04261561252733882 0
-0.01420572666834066 0.03397591101549229 0
-0.03403104991959491 -0.01165124126252756 0
-0.02282447815892097 -0.03795887542626977 0
-0.009823210409370939 -0.03419122955901723 0
0.03298185349503405 0.04944830877392217 0
0.02483326042563169 -0.02527056158137572 0
-0.03717348000204328 0.001302706020762125 0
-0.009839958948100989 -0.03479675091231875 0
-0.01762293710165187 0.04377146568449942 0
-0.02725252745571267 -0.04779403713661531 0
0.02603973577669677 -0.02328934983156787 0
0.02075080211716379 -0.04652602203837337 0
-0.02337873130311471 0.04934088781600249 0
-0.016642500989808 -0.04128421865221969 0
0.02340444865683584 0.02594400514601782 0
0.0187172342089943 -0.04286905107482637 0
0.03713337655962777 0.006495644855485702 0
0.02995343164822926 -0.04229828234539291 0
-0.03744410743757423 0.005309672167655864 0
0.02927427054817361 0.04074538844779635 0
-0.0239329623553345 0.02774143435478623 0
-0.02679989216277995 -0.05338789474038861 0
-0.002081313511449787 -0.03639066035695744 0
0.03748421013266583 0.01722688095126447 0
0.03085341196747324 0.02146068923090112 0
-0.04012910124591487 -0.04269970607337881 0
-0.04935683591786462 0.03794621572043966 0
0.05588933564527317 0.003078793619092132 0
0.04234672189669106 -0.0008168085342641787 0
0.02635696459528207 0.03726858969663688 0
0.03101578421537333 0.0541903809363931 0
0.03131621512043254 0.02038503201185776 0
-0.02404110150082235 0.0499750362578127 0
-0.01813508552007191 0.03344315757671906 0
-0.03023864000487459 -0.04513108297058355 0
-0.03050699141416429 0.02559769702227165 0
0.02486774236795815 -0.02862171315569638 0
-0.03273460121192849 0.01400022115214953 0
0.02592838804295358 0.02565524748664419 0
-0.02033779925481023 -0.05010030505736558 0
0.01172544604759059 -0.03639367646289837 0
-0.03824431736572853 -0.00337739037041551 0
0.0009571856760767505 0.06276132580370143 0
0.01912382037091316 -0.0293043119007408 0
-0.04281400549550425 0.006831808988785276 0
0.01474886745175494 -0.03448047640031886 0
0.05028714611301425 -0.004675934183474317 0
-0.03662995585238349 0.007661332454963065 0
0.02377242347592843 -0.0505531685874307 0
0.05244498629647487 -0.0170231258777444 0
-0.04519978876062985 0.003097182004842509 0
-0.01286701431779024 -0.0536183111061953 0
0.02349172257694952 0.04923706760587135 0
0.021096250777461 0.05120304753464536 0
-0.03630886028787994 0.002969783857732273 0
-0.03055812252352218 -0.04344134635009429 0
-0.03131283114447453 -0.04369440489385645 0
0.01069913592101669 -0.03775936904128928 0
-0.03106047790897925 0.04108273674662299 0
-0.04940060025359672 -0.005877060644066104 0
0.02655414207130292 0.04804494396029506 0
0.05254507204516058 0.03435519080941935 0
0.03363654806409316 0.02454032661234964 0
-0.03435938699004434 0.009029198361965375 0
0.05561583541393826 -0.004666320885684231 0
-0.01407518557658791 0.04506591322359454 0
0.006316468793558983 -0.05901307936293315 0
0.01952323293372988 -0.03277467082861801 0
0.03751159943862655 -0.009168219787579198 0
0.02260948940741022 0.03913411358704073 0
0.02904629897519862 -0.04719242745520817 0
-0.05627799159800589 0.0009095921135893243 0
-0.005331412438498305 -0.03942961510731242 0
-0.02097594366796788 0.05553094805718781 0
-0.03612861323924442 0.009794151244162205 0
0.02930096304857209 0.03879805801532449 0
-0.0553305593600611 0.001732934488175096 0
0.03469372554054304 0.003368879513909182 0
0.02664716891508454 -0.03815029087745892 0
-0.01683061323643086 0.03322991817881671 0
0.02283481439323538 -0.02959238963505141 0
-0.05201443244647387 -0.005190715481523066 0
-0.02156700451315968 0.04698588337780854 0
0.02124090987997644 -0.03096252433256968 0
-0.04767061021959256 0.004837027719972549 0
-0.02241138601837448 -0.03731946053723843 0
0.01460070231053067 0.03457643340716279 0
0.01599488886824187 0.0349849954826772 0
0.01430188370464051 -0.04452214631123945 0
0.01899527821985293 -0.04038130873019524 0
0.02966232562410137 0.04607197600651262 0
-0.04239632255809912 0.03028357016379852 0
-0.05759706803435472 -0.003738510305813711 0
0.01603157625836667 -0.05660699236903449 0
-0.04716050887964565 0.004764777224399263 0
-0.02661638639559547 -0.02257983685636143 0
0.03268117690089859 -0.01227638009623151 0
-0.02025889250679823 0.04257660646875869 0
-0.01322159810367821 0.04997363047474651 0
-0.02918690358315645 0.0191431496400352 0
-0.0152106093887164 -0.05658625616619176 0
0.02525678761541125 0.03759922269112177 0
0.05154420282403419 -0.006576071758643519 0
0.03528967993975777 -0.00971264777475319 0
0.03566597182010486 -0.007294746200115349 0
-0.04916551735527928 -0.004331897596738192 0
0.02080144670006583 0.04468597153082485 0
0.02061643479087454 0.04272715898468901 0
0.04914648639266139 0.004330073735998179 0
-0.02183587113841014 0.04021529653609929 0
0.02389235157787079 -0.04757019026760399 0
-0.02583659543321508 -0.05192920879693152 0
0.05573476247520776 -0.02095263175391782 0
-0.02560339701222723 -0.02933712082410464 0
-0.04523751986117705 -0.0074345273784652 0
-0.0390119850573129 -0.00798889382986807 0
-0.03625340681425249 -0.003660614312863704 0
-0.05086090389510189 0.02973903198910576 0
0.0499890498159514 -0.00499070615033736 0
0.02790394144589603 -0.03560765549261916 0
-0.005955553765447064 -0.03440387414060407 0
-0.03590422180493989 0.006620883645546034 0
-0.0440754483338601 -0.002552120826252847 0
0.02614782232532044 -0.03784168543339282 0
0.01875903567397667 -0.04738376174979679 0
0.01807635201822469 0.04468942535840986 0
-0.018936911204075 -0.03019938359725819 0
-0.03210349083175115 0.05094657902833467 0
0.005524521136256304 0.03597849369096811 0
0.04156580178467194 0.04640240739657418 0
0.0207879530358314 -0.02973416229466803 0
0.05386431855819303 0.005316004380730081 0
-0.02373994600485454 0.03791622628388878 0
-0.04890436881040401 0.009330362688194749 0
-0.01784444081816337 -0.03082668027742594 0
-0.03230797763487595 0.04422728281850483 0
-0.02742312878536417 0.02801047505318971 0
0.01463950738006433 0.03220738335583535 0
-0.03543458301313554 0.01184469680091066 0
-0.02525355925667539 0.03508668679407592 0
-0.04277077406347331 0.001383341796715485 0
0.03403519942375878 -0.03807745582445532 0
-0.03670280756997999 0.03413122857766911 0
-0.06005503826149261 0.002877297796360255 0
0.018731091457128 -0.04984622170451181 0
-0.03716530956895589 0.004332127067254645 0
-0.03744193669962498 0.003401626629070988 0
-0.01934218340417932 0.04016029400818458 0
-0.01832600437859999 0.05037990758234057 0
-0.003603025710161304 0.03531514670992374 0
-0.03182201601304143 -0.01681182201941878 0
-0.009198645473767541 -0.03877130822445092 0
-0.01636634732854824 -0.04622021015566577 0
-0.0243765531416532 -0.02604190081670906 0
0.03115655161093724 0.0457023866473217 0
0.02766093102897377 0.03326264738420875 0
0.02592084394246223 -0.02676047626839283 0
0.02716663108545277 -0.02426353806997645 0
0.003974461105260647 -0.03669089744272393 0
-0.002524645868662742 0.03550819181952499 0
2 14 0 1029
7321
7322
7323
7324
7325
7326
7327
7328
7329
7330
7331
7332
7333
7334
7335
7336
7337
7338
7339
7340
7341
7342
7343
7344
7345
7346
7347
7348
7349
7350
7351
7352
7353
7354
7355
7356
7357
7358
7359
7360
7361
7362
7363
7364
7365
7366
7367
7368
7369
7370
7371
7372
7373
7374
7375
7376
7377
7378
7379
7380
7381
7382
7383
7384
7385
7386
7387
7388
7389
7390
7391
7392
7393
7394
7395
7396
7397
7398
7399
7400
7401
7402
7403
7404
7405
7406
7407
7408
7409
7410
7411
7412
7413
7414
7415
7416
7417
7418
7419
7420
7421
7422
7423
7424
7425
7426
7427
7428
7429
7430
7431
7432
7433
7434
7435
7436
7437
7438
7439
7440
7441
7442
7443
7444
7445
7446
7447
7448
7449
7450
7451
7452
7453
7454
7455
7456
7457
7458
7459
7460
7461
7462
7463
7464
7465
7466
7467
7468
7469
7470
7471
7472
7473
7474
7475
7476
7477
7478
7479
7480
7481
7482
7483
7484
7485
7486
7487
7488
7489
7490
7491
7492
7493
7494
7495
7496
7497
7498
7499
7500
7501
7502
7503
7504
7505
7506
7507
7508
7509
7510
7511
7512
7513
7514
7515
7516
7517
7518
7519
7520
7521
7522
7523
7524
7525
7526
7527
7528
7529
7530
7531
7532
7533
7534
7535
7536
7537
7538
7539
7540
7541
7542
7543
7544
7545
7546
7547
7548
7549
7550
7551
7552
7553
7554
7555
7556
7557
7558
7559
7560
7561
7562
7563
7564
7565
7566
7567
7568
7569
7570
7571
7572
7573
7574
7575
7576
7577
7578
7579
7580
7581
7582
7583
7584
7585
7586
7587
7588
7589
7590
7591
7592
7593
7594
7595
7596
7597
7598
7599
7600
7601
7602
7603
7604
7605
7606
7607
7608
7609
7610
7611
7612
7613
7614
7615
7616
7617
7618
7619
7620
7621
7622
7623
7624
7625
7626
7627
7628
7629
7630
7631
7632
7633
7634
7635
7636
7637
7638
7639
7640
7641
7642
7643
7644
7645
7646
7647
7648
7649
7650
7651
7652
7653
7654
7655
7656
7657
7658
7659
7660
7661
7662
7663
7664
7665
7666
7667
7668
7669
7670
7671
7672
7673
7674
7675
7676
7677
7678
7679
7680
7681
7682
7683
7684
7685
7686
7687
7688
7689
7690
7691
7692
7693
7694
7695
7696
7697
7698
7699
7700
7701
7702
7703
7704
7705
7706
7707
7708
7709
7710
7711
7712
7713
7714
7715
7716
7717
7718
7719
7720
7721
7722
7723
7724
7725
7726
7727
7728
7729
7730
7731
7732
7733
7734
7735
7736
7737
7738
7739
7740
7741
7742
7743
7744
7745
7746
7747
7748
7749
7750
7751
7752
7753
7754
7755
7756
7757
7758
7759
7760
7761
7762
7763
7764
7765
7766
7767
7768
7769
7770
7771
7772
7773
7774
7775
7776
7777
7778
7779
7780
7781
7782
7783
7784
7785
7786
7787
7788
7789
7790
7791
7792
7793
7794
7795
7796
7797
7798
7799
7800
7801
7802
7803
7804
7805
7806
7807
7808
7809
7810
7811
7812
7813
7814
7815
7816
7817
7818
7819
7820
7821
7822
7823
7824
7825
7826
7827
7828
7829
7830
7831
7832
7833
7834
7835
7836
7837
7838
7839
7840
7841
7842
7843
7844
7845
7846
7847
7848
7849
7850
7851
7852
7853
7854
7855
7856
7857
7858
7859
7860
7861
7862
7863
7864
7865
7866
7867
7868
7869
7870
7871
7872
7873
7874
7875
7876
7877
7878
7879
7880
7881
7882
7883
7884
7885
7886
7887
7888
7889
7890
7891
7892
7893
7894
7895
7896
7897
7898
7899
7900
7901
7902
7903
7904
7905
7906
7907
7908
7909
7910
7911
7912
7913
7914
7915
7916
7917
7918
7919
7920
7921
7922
7923
7924
7925
7926
7927
7928
7929
7930
7931
7932
7933
7934
7935
7936
7937
7938
7939
7940
7941
7942
7943
7944
7945
7946
7947
7948
7949
7950
7951
7952
7953
7954
7955
7956
7957
7958
7959
7960
7961
7962
7963
7964
7965
7966
7967
7968
7969
7970
7971
7972
7973
7974
7975
7976
7977
7978
7979
7980
7981
7982
7983
7984
7985
7986
7987
7988
7989
7990
7991
7992
7993
7994
7995
7996
7997
7998
7999
8000
8001
8002
8003
8004
8005
8006
8007
8008
8009
8010
8011
8012
8013
8014
8015
8016
8017
8018
8019
8020
8021
8022
8023
8024
8025
8026
8027
8028
8029
8030
8031
8032
8033
8034
8035
8036
8037
8038
8039
8040
8041
8042
8043
8044
8045
8046
8047
8048
8049
8050
8051
8052
8053
8054
8055
8056
8057
8058
8059
8060
8061
8062
8063
8064
8065
8066
8067
8068
8069
8070
8071
8072
8073
8074
8075
8076
8077
8078
8079
8080
8081
8082
8083
8084
8085
8086
8087
8088
8089
8090
8091
8092
8093
8094
8095
8096
8097
8098
8099
8100
8101
8102
8103
8104
8105
8106
8107
8108
8109
8110
8111
8112
8113
8114
8115
8116
8117
8118
8119
8120
8121
8122
8123
8124
8125
8126
8127
8128
8129
8130
8131
8132
8133
8134
8135
8136
8137
8138
8139
8140
8141
8142
8143
8144
8145
8146
8147
8148
8149
8150
8151
8152
8153
8154
8155
8156
8157
8158
8159
8160
8161
8162
8163
8164
8165
8166
8167
8168
8169
8170
8171
8172
8173
8174
8175
8176
8177
8178
8179
8180
8181
8182
8183
8184
8185
8186
8187
8188
8189
8190
8191
8192
8193
8194
8195
8196
8197
8198
8199
8200
8201
8202
8203
8204
8205
8206
8207
8208
8209
8210
8211
8212
8213
8214
8215
8216
8217
8218
8219
8220
8221
8222
8223
8224
8225
8226
8227
8228
8229
8230
8231
8232
8233
8234
8235
8236
8237
8238
8239
8240
8241
8242
8243
8244
8245
8246
8247
8248
8249
8250
8251
8252
8253
8254
8255
8256
8257
8258
8259
8260
8261
8262
8263
8264
8265
8266
8267
8268
8269
8270
8271
8272
8273
8274
8275
8276
8277
8278
8279
8280
8281
8282
8283
8284
8285
8286
8287
8288
8289
8290
8291
8292
8293
8294
8295
8296
8297
8298
8299
8300
8301
8302
8303
8304
8305
8306
8307
8308
8309
8310
8311
8312
8313
8314
8315
8316
8317
8318
8319
8320
8321
8322
8323
8324
8325
8326
8327
8328
8329
8330
8331
8332
8333
8334
8335
8336
8337
8338
8339
8340
8341
8342
8343
8344
8345
8346
8347
8348
8349
0.01650790698111178 -0.02799966400108347 0
0.01652047282860163 0.0280032249651848 0
0.007535775096663647 0.03161798065026802 0
0.007531761896000458 -0.03163251937406227 0
0.02404226636788674 -0.02189322148757581 0
0.0240374906915008 0.02188887055390561 0
-0.002138454029053672 0.0324319176200427 0
-0.002141704631060946 -0.03243364428025788 0
-0.01159389799455962 0.0303727719566498 0
-0.01159619893310403 -0.03037880658472853 0
0.02942013689928748 0.01382059917456994 0
0.02942314731216902 -0.0138324952618797 0
0.03218538723815979 0.004531301917482312 0
0.03218751470494036 -0.004542229195081869 0
-0.02003532278423729 0.02561112180557288 0
-0.02002976123107965 -0.02560400344977659 0
-0.02669422028242515 0.01856777646143529 0
-0.02668765805141511 -0.01856222971977445 0
-0.03098121916286335 0.009874602695354283 0
-0.03097180377323794 -0.009862778074572197 0
-0.03250931163514759 0.000304494504354961 0
-0.03249389619029136 -0.0009116793179438987 0
-0.0313188141992452 -0.008706514685599208 0
-0.03131370371536173 0.008709872952172645 0
-0.02736982447895313 -0.01755666332763053 0
-0.02736099937861449 0.01755380016437004 0
-0.02097218947038437 -0.02483608751752586 0
-0.02097188651978401 0.02483697537638918 0
0.03233571373367111 -0.003339864199575312 0
0.0323345424299995 0.003337387152341522 0
0.02991450317791942 -0.01272164984348382 0
0.02991958119263767 0.0127212712365543 0
-0.01272398962560985 -0.02992396710357504 0
-0.01271876282080672 0.02991563494587721 0
-0.003338704323296246 -0.03233976654437491 0
-0.003335910061451633 0.03233543103875297 0
0.02483882712195183 0.02097376424858399 0
0.02483584664796594 -0.0209720152215206 0
0.006341920645552332 -0.03188700995861905 0
0.006344177451283132 0.03188226354175952 0
0.017554133926344 0.02736511896657771 0
0.01755034677659328 -0.02736149114202829 0
0.01546222179138854 -0.02860530399213366 0
0.01545796619070154 0.0285957115741256 0
0.008695434392750379 0.03131729399378528 0
0.0086930765032893 -0.03131515130298911 0
-0.0009114120496124176 0.03249864766307231 0
-0.0009124966416773453 -0.03249344933338244 0
0.02320684002816304 -0.02277688071522785 0
0.02319890663636639 0.02276907923718923 0
-0.01045003516358941 0.03078609367978782 0
-0.01044951218620367 -0.03078072277736677 0
0.02888391504750882 0.01491989011698008 0
0.02888080470460839 -0.0149074981134704 0
0.0319938888129679 0.005744246215477503 0
0.03200506482762715 -0.005746263532753451 0
-0.01905981093581421 0.02633834427708499 0
-0.01905878659612245 -0.02633295624483157 0
-0.02597213782670166 0.01954602618194813 0
-0.02597213782670162 -0.01954602618194807 0
-0.03058482446705346 0.0110249699387617 0
-0.03058410878503076 -0.0110220916700635 0
-0.03246497663839891 0.001518761293072437 0
-0.03243226641660828 -0.002125611034854922 0
-0.03161811723280732 -0.007528451824796806 0
-0.03161971223848356 0.007533455715802316 0
-0.02799882781417013 -0.01651072117776704 0
-0.02799451284846448 0.01651542099762243 0
-0.02188495060132126 -0.02403095154126676 0
-0.02188313917144787 0.02403136742533437 0
0.03244745324449996 -0.002130031418495502 0
0.03244940660107664 0.002122116399834786 0
0.03036611909110635 -0.01159629474202574 0
0.03036483519478235 0.01159099112375079 0
-0.01383283340632043 -0.02941396456478372 0
-0.01382676034963052 0.02941571733092518 0
-0.004545057140846338 -0.03218338964567014 0
-0.004542036356038358 0.03218433596828334 0
0.02560404698905443 0.02002392065245777 0
0.02559871063895994 -0.02002956398120312 0
0.0185647557346466 0.02668851276095541 0
0.01856239111322486 -0.02668648911925352 0
0.005144527315784405 -0.03209198622641013 0
0.00514945944366347 0.03209435445163742 0
0.01437310752060538 -0.02915256042673464 0
0.01437866666907576 0.02915001709636983 0
0.009875137927121344 0.03096768007951137 0
0.009867546784851225 -0.03096932691537867 0
0.0003068979920711091 0.03250169334218617 0
0.0003007897190928267 -0.03250192378504136 0
0.02232679509958978 -0.0236225475881281 0
0.0223285753318214 0.02361752861781 0
-0.009285455553561386 0.03114943413261766 0
-0.009289307087709024 -0.03114575583942567 0
0.02830279119447274 0.01598436851764526 0
0.02829787669632917 -0.01598861741829871 0
0.0317528366933106 0.00693555487471843 0
0.03175419281315424 -0.006940705758649843 0
-0.01805608428337019 0.02702554481708919 0
-0.01806238378862712 -0.02702396297174502 0
-0.02522011764320248 0.02050089771521023 0
-0.02522011764320245 -0.0205008977152102 0
-0.03014261636502286 0.0121581775836588 0
-0.03014692580230794 -0.01215332023792243 0
-0.03238635077190179 0.002731633288326826 0
-0.03233092571618112 -0.003333875344793736 0
-0.03189201393193661 -0.006342776780667575 0
-0.03187728688153123 0.006342449708297232 0
-0.02859385618850915 -0.01545263496924745 0
-0.02859104291935631 0.01545465936814818 0
-0.02276875542620337 -0.02319429297764998 0
-0.02276547044065451 0.02319539821254778 0
0.03077665571218685 -0.01044899005597658 0
0.03077578771688589 0.01044710850600787 0
-0.0149205484462988 -0.0288750115732076 0
-0.01491516270590223 0.02887787705376929 0
-0.0057466052553121 -0.03199005289563062 0
-0.005743268471891848 0.03198911558530777 0
0.02633217777209453 0.01905262564978286 0
0.02632939916988516 -0.0190563193284493 0
0.01954304297444273 0.02596837203023405 0
0.01954304297444268 -0.02596837203023407 0
0.003940840712931984 -0.03226073855269961 0
0.003945654803997972 0.03226317306359065 0
0.01327477435186244 -0.0296658886942352 0
0.01327672872254295 0.02966657722990657 0
0.01102391880735967 0.03057540458986294 0
0.01101727057953332 -0.0305793782199509 0
0.001518711686839708 0.03246500438363535 0
0.001517277315659427 -0.0324664997850679 0
0.02142718625846369 -0.02444003237011302 0
0.02143243066690266 0.02443428567388745 0
0.02767912958210893 -0.01703657969451737 0
0.02768147877119786 0.01703259909117707 0
-0.008115336389171446 0.03147252642772731 0
-0.008121253430058286 -0.03147104895979374 0
0.03147256982758229 0.008115221068337897 0
0.03147100629760261 -0.008121115614250031 0
-0.01703146539767283 0.02768222082479351 0
-0.01703535639326774 -0.02767972602107193 0
-0.02443519456875076 0.02142891616390281 0
-0.02443519456875075 -0.02142891616390279 0
-0.02966615646560977 0.01327981479430685 0
-0.0296677982996956 -0.01327369643602679 0
-0.03226062395627821 0.003940563628839925 0
-0.0321991185107128 -0.004542697864030417 0
-0.03210650382888425 0.005144126744431661 0
-0.02916142393372326 -0.01438385597556261 0
-0.02916233934280439 0.01438471572653458 0
-0.02362868441564109 -0.0223389568242232 0
-0.02362868441564112 0.02233895682422318 0
-0.01599311222488544 -0.02831157854859839 0
-0.0159922157780994 0.02831367762376994 0
0.03116044631164157 -0.009293562549839101 0
0.0311624651454219 0.009291141212195079 0
-0.006940710303002235 0.03176700669683267 0
-0.006942284592579652 -0.03176819952464122 0
0.02703749664607543 0.01806260594935061 0
0.02703749664607544 -0.01806260594935058 0
0.02050891977415492 -0.02523308116025916 0
0.02051413437072228 0.02523009938929342 0
0.002736337983081239 0.03240254835583553 0
0.002734933680826567 -0.03240115953886177 0
0.01215872640666756 -0.03015869982801064 0
0.01216222071092511 0.03015665940695708 0
-0.03301307773011027 -0.005574320315655646 0
0.0334662873258321 0.001061932372406743 0
0.03347597834251968 -0.001116630134945386 0
0.03248879417098659 0.0003197986068196043 0
-0.03349106699157062 -0.0002997570291080659 0
-0.0320900993044403 -0.009585909640600524 0
-0.03209767025067399 0.009590103716943028 0
-0.02783919538767524 -0.01861821000641858 0
-0.02783814880458359 0.01862205994604578 0
-0.0211124918868728 -0.02599825281086854 0
-0.02111150544303797 0.02600093145192447 0
0.03324293224367145 -0.004080678936399876 0
0.03324169236232588 0.004077852035413871 0
0.03056237761705164 -0.0136956684112043 0
0.03056306612024171 0.01369426386259762 0
-0.01250970832360281 -0.03106651067375233 0
-0.01250823682744598 0.03106704200343757 0
-0.002795954853626943 -0.03337356787125814 0
-0.002794391857350568 0.03337364000506022 0
0.02516524554409791 0.02209777331850421 0
0.02516524554409692 -0.02209777331850498 0
0.007168364961673059 -0.03271389081072579 0
0.007174592376044753 0.03271502474251747 0
0.01753080967776793 0.02853494892247944 0
0.01752836587089013 -0.02853952344825442 0
0.01649325797125849 -0.0291470111398641 0
0.0164998121293606 0.0291462566380996 0
0.008328649552600147 0.03244285630649075 0
0.008329774150150775 -0.03244175969644229 0
-0.001605614739814155 0.03345397547127649 0
-0.0016057077753697 -0.03345396739775738 0
0.02435366343362271 -0.02298798125085992 0
0.02435468429748405 0.0229867936059272 0
-0.011383865895709 0.03149501144979402 0
-0.01138566894250028 -0.03149531735120316 0
0.03005505530039407 0.01477987876606347 0
0.03006002498524058 -0.01477507857126213 0
0.03307722145354795 0.005257118795476416 0
0.03307645529046181 -0.005263486763711902 0
-0.02016257057955037 0.0267390575471094 0
-0.02016377042984983 -0.02673804941919962 0
-0.02714959482328293 0.01960592893353605 0
-0.02714959482328362 -0.01960592893353486 0
-0.03172213919279458 0.01073297156963569 0
-0.03172859194116578 -0.01072610794864826 0
-0.03348891870229397 0.0009037176854980425 0
-0.03347077553228246 -0.001505472984778545 0
-0.03242713474236893 -0.008430333636164501 0
-0.03243163297051931 0.008433117681307712 0
-0.02850282859854599 -0.01761376344059888 0
-0.02850119736311027 0.01761648235931918 0
-0.02204212189291899 -0.02523357204329097 0
-0.02204212189291795 0.02523357204329183 0
0.03338244141302333 -0.002882492286705517 0
0.03338335545680567 0.002880004187070273 0
0.03104872779116772 -0.01259613165559487 0
0.03104791283168757 0.01259421295564733 0
-0.01362410387147028 -0.03061104574879073 0
-0.01362144002329976 0.0306128322354146 0
-0.003993308710694564 -0.03326618303646729 0
-0.003992033196428692 0.03326788212583907 0
0.02595609220186294 0.02118801754777966 0
0.02595426058034806 -0.0211887056933114 0
0.01854375555893885 0.02788100162528047 0
0.01854235997585927 -0.02788173854909836 0
0.00599265951761045 -0.03296469736901782 0
0.005994375928829392 0.032965937156509 0
0.01544273181108572 -0.02973499541835299 0
0.0154437847800936 0.02973334988801023 0
0.009506258509831524 0.0321290875344027 0
0.009504358808640428 -0.03212863500264727 0
-0.000387251835633298 0.03350367783526891 0
-0.0003889341798144922 -0.03350268788023506 0
0.02352347229584724 -0.02385982795990036 0
0.02352400014636218 0.02385795004143633 0
-0.01024849616711684 0.03190003032441864 0
-0.01024981572925313 -0.03189859583161078 0
0.02951467240732051 0.01586074743235056 0
0.02951265153018819 -0.01586132187423939 0
0.03287686918406249 0.006456697354495215 0
0.03287748023529 -0.006458545931755377 0
-0.01919935394784798 0.02745836320044402 0
-0.01920141351516935 -0.02745875793658999 0
-0.02644045686465666 0.02057859268463777 0
-0.0264404568646575 -0.02057859268463669 0
-0.03133175899608942 0.01186998095239023 0
-0.03133367815123493 -0.01186914608952183 0
-0.0334449832524961 0.002106757242226765 0
-0.03340401754404515 -0.002707302507355941 0
-0.03272111647912847 -0.007261090214092108 0
-0.03271864832756496 0.007263940005243279 0
-0.02912504933904942 -0.01658331890816048 0
-0.0291230410749639 0.01658413048045872 0
-0.0229420339692155 -0.02443159564890059 0
-0.02294019245860525 0.02443213018266078 0
0.03148963896540065 -0.01147603047993983 0
0.03148857728680476 0.01147410092723699 0
-0.01471880844449343 -0.03011046107641068 0
-0.01471677411727118 0.03011017904418524 0
-0.005188659731091113 -0.03311081968485237 0
-0.005186873087303831 0.03311049386133154 0
0.02670784733909659 0.02024789922111941 0
0.02670595738985419 -0.02025041036627132 0
0.01954469330841576 0.02721312719767656 0
0.01954469330841464 -0.02721312719767733 0
0.004806234622637899 -0.03316772540327515 0
0.00480790637686816 0.03316916787816045 0
0.01437018551763333 -0.03027760654094688 0
0.01437185173092025 0.03027777793751132 0
0.01065706376129367 0.03177610871849787 0
0.01065409110286428 -0.03177712815712552 0
0.0008147361561120577 0.03350485478281074 0
0.0008133265468159882 -0.03350575851396274 0
0.02265799762981143 -0.02469642448713578 0
0.02265832665340168 0.02469426644188771 0
-0.009098912789296004 0.03225695234658146 0
-0.009100181810564753 -0.03225518226238917 0
0.02893422329749216 0.01691562116738533 0
0.02893192749927325 -0.01691793630583796 0
0.03263304047055374 0.007635406210555543 0
0.0326339643528831 -0.007637371047067296 0
-0.01820505219729341 0.02813979323395477 0
-0.01820814637069529 -0.02813876365093394 0
-0.02569170471614137 0.02152102227546658 0
-0.02569170471614227 -0.02152102227546555 0
-0.03089421987022507 0.01299316362116602 0
-0.0308961964288053 -0.01299057011511634 0
-0.0333509479769494 0.003306941923920717 0
-0.03328818430598803 -0.00390423430506641 0
-0.03296160274344802 0.00608054467359918 0
-0.02970131437801323 -0.01552816136667564 0
-0.02970254754236822 0.01552871839317455 0
-0.02380409421360587 -0.02359359649208658 0
-0.02380379113569259 0.02359328382949968 0
-0.01579036902093059 -0.02956279366770091 0
-0.01578952745678067 0.02956423258760392 0
0.03188540485505915 -0.01033558933064689 0
0.03188519816895392 0.01033574382437497 0
-0.006375305205026771 -0.03290686857570287 0
-0.006375423036272004 0.03290629198167372 0
0.0274204212396657 0.01927607451848468 0
0.0274202927281005 -0.0192759802494872 0
0.02051935352873814 0.02650269321634573 0
0.02051730124996965 -0.02650223063608541 0
0.00361196383431637 -0.03332002406248513 0
0.003613555712065512 0.033321412037503 0
0.01327221964790694 -0.03077785958336345 0
0.01327374087791051 0.0307749336968982 0
0.0116979389064011 0.03137028169363388 0
0.01178898426931935 -0.03137507382786175 0
0.002019594423340846 0.03345745419646051 0
0.001930252480720237 -0.03342469855595572 0
0.02180022398966222 -0.0254103636769801 0
0.02175932553163536 0.02549295714958307 0
0.02832229965521565 -0.01785451456735816 0
0.02832229965521666 0.01785451456735657 0
-0.008012284472623171 0.03250753213834597 0
-0.007937716422206831 -0.03256305720228857 0
0.0323279835049919 0.008708491872695576 0
0.03232798350499198 -0.008708491872695255 0
-0.01724221485094288 0.02869917028817659 0
-0.0172422148509446 -0.02869917028817556 0
-0.02493637436818238 0.02234085006363211 0
-0.02493637436818371 -0.02234085006363063 0
-0.03041419996278082 0.01399688496844268 0
-0.03041419996278167 -0.01399688496844085 0
-0.03318882491913786 0.004408882929115706 0
0.03248203414257504 -0.0009311602035218293 0
0.03343504209770617 0.0003939748859687405 0
0.03324407223959296 -0.0002319137254369921 0
0.01905240786792881 -0.0263266513130985 0
0.01954625119037231 -0.02657908303287845 0
0.004542622312643355 -0.03217742146234961 0
0.004363053957037533 -0.03270413052988662 0
-0.02940941092397112 0.01382909398998713 0
-0.02976196668644457 0.0143433803198497 0
-0.02943828888475614 0.01494609720124099 0
-0.03198884570963138 -0.005743328604435956 0
-0.03245909916836445 -0.006141592917976864 0
-0.03230894068439399 -0.006794786474363304 0
-0.009869307088389939 -0.03096437856096768 0
-0.009762475805645869 -0.03151700585283734 0
0.03161277960951933 -0.007530236321012804 0
0.03206419905524765 -0.007962057459623249 0
0.0259678501998688 0.01953895616550887 0
0.02651525840448625 0.01963700481393205 0
-0.03174964409282412 0.006937425657742226 0
-0.03228889544921838 0.006793807748862651 0
0.004545842102241718 0.03217914397013102 0
0.004367814966551028 0.03270615306171032 0
0.005743188313866584 -0.03198895314125202 0
-0.02633347073624088 0.0190572238167554 0
0.01382794346826505 0.0294094278290421 0
0.01381211522827213 0.02996546565398685 0
-0.03217847936266281 0.004542572481842564 0
-0.03266604216970531 0.00492361364841885 0
-0.03253615722061264 0.00560162506537338 0
-0.00752991690635917 -0.03161482723649758 0
-0.007428092987625914 -0.03216727078666226 0
-0.006759877240272756 -0.03234837863072042 0
0.02596516151873687 -0.01954345333341087 0
0.02651351302897745 -0.01964037725720237 0
0.0190528019714992 0.02632698858671548 0
0.01954631687430118 0.02657913924514766 0
-0.01545373833404724 -0.02858865971858327 0
-0.0159016255418193 -0.02893032423650752 0
-0.01651368736253814 -0.02862500019036394 0
-0.01954330253642639 -0.02596818183423226 0
0.02966773019447621 -0.01327572988110539 0
-0.02887290089642922 -0.01491584972858557 0
-0.02943498055646627 -0.01494552976562705 0
-0.02976419256896135 -0.0143518863379723 0
0.01491580509211331 -0.02887722430250944 0
0.01490159830704602 -0.02943937537445119 0
0.02858982679747593 -0.01545212761018515 0
0.0288964201249642 -0.01592541494744886 0
-0.02319349650011885 0.02276356347138534 0
-0.02372330258840046 0.02295730040696709 0
-0.02421901061424961 0.02248532231987633 0
-0.01215657123828916 0.03014317672699895 0
-0.0154519161086301 0.02859107705008664 0
-0.01590034212614847 0.02893269698927704 0
-0.01651505100312134 0.02862474198515234 0
0.02362017871092111 -0.02233817353449479 0
-0.0003015514558159742 0.0324995304387183 0
-3.634968508783844e-05 0.03299569791154672 0
-0.003941186954473912 -0.03226092271706016 0
-0.03077759941389147 0.01045160819496965 0
-0.01855780515942374 0.02668068470364341 0
-0.01861936000054311 0.02723882970602329 0
0.01271673220322581 0.02990665461630068 0
0.01270660254856523 0.03046914616628377 0
0.012083375643165 0.0307588901626117 0
-0.02319404399771035 -0.02276337926556905 0
-0.02372344435098482 -0.0229573218164286 0
-0.02421901061424958 -0.0224853223198762 0
-0.03226008149589296 -0.003938325988964749 0
-0.03274155614706564 -0.004233763774666758 0
-0.03267992726010337 -0.004916306878398552 0
-0.007527039103072706 0.0316142310452996 0
-0.007438353068435445 0.03215717482741626 0
-0.006761066710038133 0.03234766088958019 0
0.02096487448843381 -0.02483206100780704 0
0.02107075293162835 -0.02544662238764042 0
0.02052287089605849 -0.02586059109271402 0
-0.02142908054022462 -0.02443467761275536 0
0.03014184681403115 0.01215605554860722 0
0.03161277997255997 0.007526634795633634 0
0.03206808003613833 0.007964346598501744 0
-0.01216480469150228 -0.03014896772246065 0
0.03014180620967968 -0.01215883503217384 0
-0.03248674849330964 0.0009115857612541913 0
-0.0003044300280972749 -0.03249824198616017 0
0.02187777570846293 -0.02403029575230978 0
0.02200749785637092 -0.02464096707003847 0
-0.03114085362826665 -0.009286259864569607 0
0.01044890586525252 0.03077188956207646 0
0.01096627234952306 0.03119164996882411 0
-0.02768255246950637 -0.01703223605753136 0
0.03238880206544979 -0.002732948079000856 0
0.00694050704885337 0.03174739779894703 0
0.02187990912773282 0.02402702833238374 0
0.02203115019323787 0.02456166970998423 0
-0.002733078864862652 0.03237978212088115 0
-0.003938906739223094 0.03226179741395459 0
0.03238920731519002 0.002728683472832923 0
-0.0324968794015968 -0.0003022741384056322 0
-0.01754849564401972 -0.02735269214711684 0
-0.01755580916514939 -0.02801783487086869 0
0.008104189613740083 -0.03147303454651949 0
0.01703453983478127 0.02768108841924732 0
0.02521863173474609 -0.02050040126596397 0
-0.03115036542778937 0.009295330520771984 0
0.03131043196902779 -0.008704873425726102 0
0.03174313394747424 -0.009044337921994505 0
0.03158236564841885 -0.009731617286527014 0
0.0244398309289393 -0.02143318520831077 0
0.01598976258951998 0.02829292609615408 0
-0.002737652883617788 -0.03238818183306273 0
0.0273537534561256 -0.01754661400865424 0
0.02766638281682803 -0.01799852135397894 0
0.0273111944453915 -0.0186006037188664 0
-0.008704236825938995 -0.03130910869909535 0
-0.008599028957440389 -0.03185436410051791 0
0.02096938827770853 0.0248290049558509 0
0.02112716028599922 0.02536776604903486 0
0.02061412104938392 0.02582652530835951 0
0.0009119984621675822 0.03248384158525559 0
0.001175685352403274 0.03297298721511747 0
0.01044376885875133 -0.03077449374441351 0
0.01083934847169424 -0.03116519469287601 0
-0.02559690602889234 -0.02002429036324588 0
-0.02582117082532625 -0.02053967390135934 0
0.009286038657161983 -0.03114360943159003 0
0.03208925172385498 0.00512926457152742 0
-0.03146987270315823 0.008120757189370453 0
-0.02482818483534681 -0.02096563129426477 0
-0.02503214802392477 -0.0215986016108287 0
0.02798880740163435 -0.01651316289529416 0
0.02829281902132742 -0.01705941417139818 0
-0.02049761523985952 0.02522005504910812 0
-0.03238231330210238 -0.00273099341793746 0
-0.03285603074611917 -0.003026976831027585 0
-0.01437252886135118 0.0291461295756771 0
-0.01481816920889954 0.0294803881725032 0
-0.008701084998972404 0.03131084938075147 0
-0.008541479507679714 0.03191473559133418 0
-0.03036511408707848 -0.01158837269440392 0
-0.03073254706826165 -0.01201277762947967 0
-0.0185605969302783 -0.02667970005716842 0
-0.01862473680667504 -0.02723815563249298 0
-0.02829385446874738 0.01598482866660441 0
-0.02885134391333265 0.01600674737377785 0
-0.03077589479930958 -0.01043784348299133 0
0.009289437290364718 0.0311436372396682 0
0.009691379402911718 0.03154028744055425 0
-0.01437615938053618 -0.02914500321584984 0
-0.01482130477445133 -0.02947889150756074 0
0.02915484922773858 -0.01436146433770596 0
0.003336659585876903 -0.03232601844789762 0
0.003161225319082855 -0.03286056164540997 0
0.002481179077913633 -0.03295329546488141 0
-0.03036284017936541 0.01159059394214129 0
-0.03072840809764467 0.01201633890658631 0
-0.02990465885380326 0.01271887645388634 0
-0.0302774704057716 0.01322051458425553 0
0.0180576379737766 -0.02702528986296708 0
0.03131237490899028 0.008702371691522571 0
0.03174495284370318 0.009042529891432331 0
0.03158241096898125 0.009732997839678919 0
-0.0282962627452634 -0.01598244524337106 0
-0.02885294030616104 -0.01600600333675273 0
-0.02703423126205018 -0.01805725534565509 0
0.01598549862836751 -0.02830746687601968 0
0.02967106462417029 0.01327156461238662 0
0.0170264628444891 -0.02767956863473528 0
0.03250008954792712 0.0009039982688565143 0
0.03246623096613203 0.001514414006876914 0
0.03296369119799317 0.001896283833177658 0
-0.02632913512582185 -0.01905398031791544 0
-0.01327769830756332 -0.02966659877805234 0
-0.01327327091935945 0.02966754625124619 0
-0.0255969060288924 0.02002429036324595 0
-0.02582117082532596 0.02053967390135983 0
-0.02232764754656966 -0.02361299163684777 0
-0.02285276801783827 -0.02379966524089131 0
0.0009093237523719735 -0.03248529873087039 0
0.001281433249388015 -0.03303888900289175 0
0.01806419317854036 0.02702529391787548 0
-0.02142872814347893 0.02443489490324379 0
-0.03147000261946943 -0.008117709585359772 0
-0.005146270143869792 -0.03208739938893782 0
-0.00547327419902654 -0.03253777854814829 0
0.008104126864542146 0.03147206515106858 0
0.003339229775221808 0.03232752025443503 0
0.003163497434005038 0.03286201467190784 0
0.002479901157496503 0.03295385605637832 0
-0.005143460848237619 0.0320872345776074 0
-0.005471807002935858 0.03253716878442676 0
0.03209070280767537 -0.005137789972242371 0
-0.01754378061874384 0.02735450782781393 0
-0.01756903899421988 0.02797920815292078 0
-0.009867281325747049 0.03096682191293585 0
-0.009761269223007935 0.03151874122698652 0
-0.01954214920533884 0.02597330063201937 0
0.03259411376370765 -0.0002907828043968261 0
-0.02482818483534685 0.02096563129426481 0
-0.02503214802392429 0.02159860161082931 0
0.02522142424501102 0.02049872848430222 0
0.0138248962268131 -0.02940932811883009 0
0.01380925874924405 -0.02996510924015353 0
0.02276462749026465 -0.0231979476906806 0
0.0322576128176892 -0.003943087553572803 0
0.02443657308021656 0.02143021731316678 0
-0.02702083187623869 0.01805792679315842 0
0.03057145367804521 0.01101924135952995 0
0.0311244481724586 0.0109487976495626 0
0.02859295590078491 0.01545278225064265 0
0.02890110591392116 0.01592285943137292 0
0.01491731347319534 0.02887403377507023 0
-0.01102549601240578 -0.03057716231742534 0
-0.01102097022355327 0.03057617470127709 0
0.01158746864183637 -0.0303635042252594 0
0.01198358673501475 -0.03076158250630995 0
0.01263150055456673 -0.0305345797350032 0
0.0273541449876404 0.0175459505747642 0
0.0276664480720808 0.01799841078166341 0
0.02731119444539149 0.01860060371886639 0
0.02361737898829794 0.02232824590636625 0
-0.0276791354281386 0.01703550169226645 0
-0.03246447982602481 -0.001518871996511697 0
-0.001533499527062401 0.03246143274414925 0
0.006932673161834177 -0.03175691418673215 0
-0.02990749873191726 -0.01271440732284326 0
-0.03028870023408271 -0.01325886709670734 0
0.02799220269286378 0.01650941965623436 0
0.02829759958845169 0.01710144214936059 0
0.02914989619789527 0.0143663471852071 0
0.03057240148073202 -0.01102219580199804 0
0.03112530078285789 -0.01095165229371478 0
0.03225582314126831 0.003938026598447644 0
-0.001534315094961932 -0.0324608460590511 0
0.03246164783944379 -0.001524454472501615 0
0.03295988160362642 -0.001903109622220855 0
-0.03232430197568188 0.003336396511279238 0
-0.03284954758806728 0.003743402655234471 0
-0.02049772524993377 -0.0252160420389431 0
-0.02232525971130227 0.02361409235302243 0
-0.02285118011284386 0.02379988824853421 0
0.005746060259342688 0.03198953788742498 0
0.02276449292333562 0.02319431362995027 0
0.0318766617701372 -0.006343231307454528 0
0.03230786757533217 -0.006701926025458036 0
-0.03242832716374771 0.002125539018329117 0
0.03187446670215926 0.006340295769030941 0
0.0323067669863045 0.006700033268454827 0
-0.01651062594215221 -0.027993535448019 0
-0.006342738682929448 0.03187479801705985 0
0.02002718668270434 0.02559555472355888 0
-0.01651005530851926 0.02799425806029926 0
-0.006343358950134831 -0.03187527266360515 0
0.01159252800067296 0.03036228636823159 0
-0.03209056570468213 -0.005141885989050397 0
-3.9672040036216e-05 -0.0329955518872015 0
-0.03198134092397803 0.005753973123297527 0
0.009687748166272533 -0.03154118287690649 0
0.01490441792915327 0.02943762397610182 0
0.02577630992706155 0.02059917037077512 0
0.005567606827349818 0.03252445058045817 0
0.005562763616863411 -0.03252254764866711 0
-0.01372812828412581 -0.03000505608452485 0
0.02577382039709245 -0.02060191733335628 0
-0.004269778952917686 0.03271928621535636 0
-0.004272329138412522 -0.03271742105650816 0
0.03291461799658328 0.002505985321089347 0
-0.01372465125328022 0.03000701315013073 0
-0.02886391612900929 0.01492611423079062 0
0.03291346898881313 -0.002511111406816972 0
0.03070275534296662 -0.01209133949948466 0
0.03070189497492984 0.01208623168635158 0
-0.02824629385978459 -0.0170566668266038 0
0.02001110922438885 -0.02560172931611224 0
-0.02196130907874096 0.02462483657763192 0
-0.02196170215502202 -0.02462465212578044 0
-0.0282442035523678 0.01706007859945915 0
-0.03174607024505757 -0.006942864278337145 0
-0.02402844666204491 0.02188308892845699 0
0.03096591769106133 -0.009868092919416432 0
-0.0240284466620449 -0.02188308892845695 0
0.03096611705090161 0.00986760586367297 0
0.0127140819643824 -0.02990924736263482 0
0.002127768204761831 -0.03243012222534924 0
-0.02940997127575675 -0.01382927864069354 0
0.02668165757843358 -0.01855526023103168 0
0.02668212067880181 0.01855464461792063 0
0.00212802833026481 0.03243019789318895 0
-0.03294496942829878 -0.001818861939258623 0
-0.03290575279651004 0.002424328631353205 0
0.02291760624366137 -0.02373844521236149 0
0.02291775627695055 0.02373625957782585 0
-0.03349216742373169 0.0003049466638484144 0
-0.002209047617363151 -0.0334211037607501 0
0.02393119105589644 0.02342611188703485 0
-0.02678655720106828 0.02009758494417618 0
-0.02749796268937327 -0.01911699777717964 0
-0.01194733011372251 0.03128670197608519 0
-0.03347861584373359 -0.0009089504599370581 0
0.006575892305103132 0.03283867920466911 0
0.01595909744883856 -0.02944211170863222 0
0.01905343021534402 -0.02753392650316236 0
0.03080625850291603 0.01313609286151939 0
-0.02817098369201046 0.01811294614923322 0
-0.03225806073881571 -0.009001546634513524 0
0.01702167567697226 0.02884563559650113 0
0.006571415563086481 -0.03283820081896616 0
-0.01080790936975219 -0.03169649047612433 0
0.03080575755424471 -0.01313973250238124 0
0.02978647701510566 -0.01531871229545809 0
-0.03152311223614165 -0.01130620960600572 0
0.02392988388570242 -0.02342782023457413 0
-0.002208690194212699 0.03342114121096061 0
0.007754933769078282 -0.03258070269521658 0
0.01804540832086241 0.0282073141393998 0
-0.02749766959658072 0.01912022086836754 0
-0.01967070411165518 0.02710192420930564 0
-0.003399079583044708 0.03331772889886068 0
-0.01967408342663205 -0.02710057670745657 0
0.01701253577976947 -0.02885098413969373 0
0.03031232025448568 -0.01424172046908965 0
0.02977654728900546 0.01532714958049226 0
0.01596175723043294 0.02944086143975535 0
0.02556235189129357 -0.02163586905989812 0
-0.03191834517546493 -0.01015582616358044 0
0.007760070945116456 0.03258276958994256 0
0.01804470114610469 -0.02820827736700536 0
-0.02817247587493807 -0.01810879586309076 0
0.03031746618784185 0.0142383487733047 0
-0.01080728035648154 0.03169668400681583 0
-0.0009844253773283558 -0.03347472454908811 0
0.0331692746920424 -0.004670837583475901 0
-0.02678655720106883 -0.02009758494417516 0
0.0247638578016908 0.02254655777184503 0
-0.0009840274264652643 0.03347486412836084 0
0.01905502548483966 0.02753312618805505 0
-0.01306943363091704 0.03083543207235324 0
0.02476364893257827 -0.02254676704224635 0
-0.02158051055813649 0.02561033109368996 0
0.03331061259402152 -0.003475319088643318 0
-0.003402504386214865 -0.03331641014574305 0
-0.03152007332588863 0.01131016379964033 0
0.03316857728589704 0.004661668983307813 0
0.008916036661872788 0.0322862089338094 0
0.02556267070409382 0.02163568891018239 0
-0.01194966104609581 -0.03128695989790221 0
0.03330989355123678 0.003472810672950263 0
-0.03191304984513645 0.01016521620698599 0
0.008917009553622686 -0.03228487457455702 0
-0.0130726817903881 -0.03083314116102626 0
0.03297003929028268 -0.005872080473122133 0
-0.03297197824271954 0.001212677308489367 0
-0.03201902813719749 0.007979090484598489 0
-0.03201725609918518 -0.007973981530304909 0
-0.03170357217468499 0.00915182786888644 0
0.03297024845360651 0.00586912962453709 0
-0.0322611988096238 0.009007631111030102 0
-0.03299688194166305 6.020944117256142e-06 0
-0.02063924685523294 0.02637680500326861 0
-0.02158070246509269 -0.02560986423970957 0
-0.02064061378151214 -0.02637352696535543 0
-0.03152759712577604 -0.009724975777141008 0
-0.03153103988847837 0.009738218493425996 0
-0.02726078306454411 -0.0185841311479055 0
-0.02725874390453163 0.01859141329562709 0
0.03270994179715696 0.004306345533534055 0
0.03271388486924327 -0.004300885468223554 0
0.02998700880598063 0.01375608031084351 0
0.02998681985768101 -0.01375726133230621 0
-0.01205314154082311 -0.03071042613036099 0
-0.01205301798545286 0.03071058897383049 0
-0.002465570072764272 -0.03289835887752281 0
-0.002465400282967711 0.03289848046160558 0
0.02459901709938472 0.02198302568863733 0
0.02459901709938426 -0.02198302568863702 0
-0.03298398728201667 -0.0006168710257121925 0
0.007340608653780404 -0.0321621679372506 0
0.007348223542481904 0.03216186733820214 0
0.01702583240392202 0.02825589277151228 0
0.01701970610661275 -0.02826134476411226 0
0.0164942448211842 -0.02856926043240245 0
0.01650217636111054 0.0285687932779014 0
0.007924080513360977 0.03203124636462409 0
0.007931510604639031 -0.03202556583977244 0
-0.03169922258394102 -0.009132388703361121 0
-0.02104603666433083 0.0254018998870504 0
-0.02104620166222874 -0.02540177740422719 0
0.02418138716633308 -0.02243733194578227 0
0.02418161951714288 0.02243726396831039 0
0.0327800065058903 -0.003693629120359212 0
0.0327800411017479 0.003693423600980473 0
0.03023472885367336 -0.01319127735036154 0
-0.01147516958599016 0.03092658742400317 0
-0.01262340727918216 0.03047560105676093 0
-0.01148575708190782 -0.03092852322665234 0
0.02973037926814618 -0.01430428188274894 0
0.02972882845921175 0.01430411495794567 0
-0.003079710350442908 0.03284211556897157 0
0.02500237550970317 0.0215162839180191 0
0.02500237550970276 -0.02151628391801879 0
-0.02008007165014649 0.02616923187965882 0
-0.02008033324857926 -0.0261691997846553 0
-0.02690141385711264 0.01908757104252682 0
-0.02690141385711224 -0.01908757104252649 0
0.006737477025503811 0.03228957073671082 0
0.01754872034223184 -0.02792906792850422 0
-0.03133185292966439 0.01031029298123812 0
0.0159555025382868 0.02886882359995652 0
0.01754892653623626 0.02792895658854572 0
-0.03134210398615756 -0.01030004048483266 0
-0.03298185790279085 0.0006142901457890865 0
-0.00126346992294884 -0.032966235275616 0
-0.001262956140776178 0.03296719685782709 0
0.02375489627144356 0.02288267407435283 0
-0.01089378694697692 -0.03113189449633227 0
-0.01089355616215422 0.03113199489052383 0
-0.03345884638577225 0.001511073498987908 0
0.03252905318859366 0.005495803328739048 0
-0.01958523844940721 -0.02653705575430178 0
0.03023888339083702 0.01318304629365086 0
-0.02653679244081763 0.0195850441152121 0
-0.02653679244081735 -0.01958504411521184 0
-0.03113420008678886 -0.01088827445310777 0
-0.01263211270074548 -0.03047257592212195 0
-0.003088918538296736 -0.03284180435024266 0
0.03262550706580573 -0.004908179000752283 0
0.006728383301299428 -0.03229209081510957 0
0.01594756236065941 -0.0288739241936126 0
0.02374900343909058 -0.02288973196647184 0
0.03251521003047118 -0.005533845021778104 0
-0.01957830094604964 0.02654307242675194 0
-0.03112800755430097 0.01090185334116504 0
-0.03296274826154521 -0.001223020158427697 0
-0.02792242564504748 -0.01755035484134961 0
-0.02150677921042538 -0.02500856968729286 0
-0.02150665970970394 0.02500872946093279 0
0.03284087257734222 0.003091031122808482 0
0.0304678433751624 0.01262841302447076 0
-0.02792090326211866 0.01755907939024674 0
-0.01318330719847892 -0.03022917312609735 0
0.03283817363099945 -0.003092689328905259 0
-0.003684836751347785 -0.03277423576135717 0
0.02539090464303285 0.02104773211396649 0
0.02539044849719234 -0.02105301367581762 0
0.03046690167630039 -0.01263407045279407 0
-0.01317718571918332 0.03023546106461877 0
0.006139573395251625 -0.03240342789143406 0
-0.003679581385597717 0.03277597234136104 0
0.01541429033695263 -0.02915326785674637 0
0.01542355615767274 0.02915435418831868 0
0.009094363889415449 0.03172107571566539 0
0.009093796706934264 -0.0317194415393984 0
-0.0006472580988984949 0.03298993580579902 0
-0.0006489046983170872 -0.03298848181861387 0
0.01857278451337832 -0.02724127162224296 0
0.006145125786662228 0.03240353513203683 0
-0.01031695677959049 0.03132324125807364 0
-0.01032240184534693 -0.03132464413797831 0
0.02919576432418475 -0.01537937993728433 0
0.03240195675760545 -0.006124329194905352 0
0.03242521555461571 0.006101034260122437 0
0.008511559522062688 -0.03187663791661313 0
-0.01909644427253513 0.02689073625217819 0
-0.02617427023995395 0.02006574524373228 0
-0.02617427023995388 -0.02006574524373192 0
-0.0309260971612363 0.01146028691154976 0
0.02916424360253468 0.01539736605307189 0
-0.01909874465858782 -0.02688812682679387 0
-0.03092694619412756 -0.01145664151598839 0
0.01858096054726797 0.02723720665541979 0
-0.02056785451003439 -0.02579380040897102 0
-0.0205682997728075 0.02579667417943055 0
0.03262657211453505 0.00489691718834451 0
-0.02880702583234858 0.01708689357185659 0
0.03126103252285166 0.01202163921178779 0
-0.02759866961475426 0.01807013402613997 0
0.02946804992083735 -0.01484106918965498 0
0.03126161240775846 -0.01202477255835355 0
0.005388097482999862 -0.03305638254816613 0
0.01008380757304997 -0.03193958890498185 0
-0.001869102485647803 0.03293902406097695 0
-0.001869969185744807 -0.03293902594182588 0
-0.02880798840307045 -0.01708565184869742 0
0.02944936227843165 0.0148582201242772 0
0.005391046070320369 0.03305758943090104 0
-0.03291673056214801 -0.002412794375685015 0
0.02920684776047875 -0.0163921263013286 0
-0.032169136472121 -0.007399960548200427 0
-0.02855456041124983 -0.01653746789022541 0
-0.0260500690146852 0.0210504509760688 0
-0.02605006901468593 -0.02105045097606781 0
-0.02855233028170413 0.01653968328162985 0
-0.02240933704033721 -0.02423239851501038 0
-0.02240800008083258 0.02423280828059346 0
-0.01427078349031459 -0.02976264131733345 0
-0.02248910119119522 -0.02483028288680907 0
-0.02248850593346188 0.0248304710120088 0
0.02920973248972413 0.01639020208431594 0
-0.01426760530351759 0.02976339223621897 0
-0.004862585813760924 -0.03264582231415018 0
0.01008649875306104 0.03193818447632529 0
-0.004860682322669264 0.03264636702327407 0
0.02615157886656674 0.02013862791819381 0
0.01906477294312122 0.02690538270401456 0
0.01906370187914937 -0.02690559088040416 0
-0.03216657212739977 0.007401058957329636 0
-0.02760423713963861 -0.01806252299587879 0
0.008510448645756979 0.03187845774424057 0
0.03345636659768864 -0.001685021624383665 0
0.01437515669279743 -0.02971178564430821 0
0.01029688570380351 0.03132762433676875 0
-0.03343410699451941 -0.002105740444557335 0
0.0005561052845354723 0.03300191330355098 0
-0.03257005421001248 -0.007845917385979109 0
0.02249149374389401 -0.02416759766882361 0
-0.03257026050499198 0.007847890919265969 0
0.02249580480895112 0.02415189583135078 0
-0.009187732186400802 0.03171000579070611 0
-0.009198752147817187 -0.03169795712993026 0
0.02857255783049453 -0.01647240750983835 0
-0.004589825501967478 -0.0331848905493912 0
0.0261487953036462 -0.02014142084028522 0
0.03342422333406251 -0.002284027173304692 0
-0.01812765628417497 0.02759093990501051 0
-0.03052069692496952 0.01258423764443758 0
-0.01416714198529949 0.0303583361895215 0
0.01437757665607703 0.02971069681532557 0
-0.03285874686829982 0.0030457073956415 0
0.01026271849291393 -0.03136115254861367 0
0.0005980512285642906 -0.03297120206062572 0
-0.004588572862860203 0.03318552107169514 0
0.03345669519217224 0.001671854551285072 0
-0.009674331041897553 -0.03207322102783763 0
0.03274106618852718 0.007053696889679124 0
0.02857033475703084 0.01647205865054253 0
-0.03332951067755056 -0.003315973246369864 0
-0.01869957096561361 0.02779753499921991 0
-0.0180625188138557 -0.02757108625580717 0
0.02632685671626633 -0.02071767675577739 0
-0.01416903421747266 -0.03035763411637292 0
0.02308892774325308 0.02427315167403603 0
0.03219794444676802 -0.007296279033461989 0
-0.03045496073160821 -0.01260518504494525 0
0.03215884993789625 0.007317813981170346 0
0.03342525687412964 0.002279425998720714 0
-0.01869046981170351 -0.02779400790428477 0
-0.01525674888115656 0.0298174433149032 0
0.01490661988908082 0.0300019541208066 0
-0.03339071916067779 0.002711280385331081 0
0.01380169481601227 -0.03051754917337025 0
-0.02914667351009715 -0.01549807071895733 0
-0.02914481419900031 0.0155002197444381 0
-0.02328359591056595 -0.02340090404207049 0
-0.023282315294548 0.02340078777553427 0
0.03134094032317902 -0.01038718217461352 0
0.03134041057419783 0.01038648108975583 0
-0.008501711815991972 -0.03239680096586178 0
-0.00967186185398701 0.03207605246315868 0
0.0327526933789556 -0.007048419545795492 0
-0.006069600946627508 -0.03245471858414224 0
-0.00606884231960691 0.03245374686939782 0
-0.03185803499710504 -0.008547655933240901 0
0.02688702951993315 0.019161902388309 0
0.02688604841009323 -0.01916307269698582 0
0.02705894935419419 -0.01975809231257629 0
0.00378345217624671 -0.03279255202985532 0
0.01321458223073514 -0.03021554277595501 0
0.01328250528975562 0.03022087899417299 0
0.01147280674142436 0.03085170255663285 0
0.001777784076949618 0.03296861900053262 0
0.001867582065688629 -0.0328627010068292 0
-0.03110991687208049 0.01243180377518227 0
0.01382027370814477 0.03052026621132763 0
0.02632835582687454 0.02071622022655085 0
0.02786287690632113 -0.01749912875918137 0
0.02786439421491748 0.01750658343286437 0
0.02308804141451071 -0.02427680557998991 0
-0.01525879557442754 -0.02981580797038533 0
-0.02990584088891558 0.01373393773136838 0
0.03178335095486885 -0.008508175258857829 0
-0.01697356511089524 0.0281959198622685 0
-0.01697153874281042 -0.02820305336369982 0
-0.03186267364326566 0.008560594663913417 0
-0.02453023484743039 0.02194735581733951 0
-0.02453023484743074 -0.02194735581733905 0
0.02705974017855395 0.01975693237455885 0
-0.02990897246825561 -0.01374212269596817 0
-0.03244630311457832 -0.005503486941103483 0
0.02332218260660349 -0.02331386247788061 0
0.02333127849798811 0.02331215818654542 0
-0.03280104818146624 -0.003625524915148184 0
-0.03077198952416679 -0.01351635967768204 0
0.01490529342779991 -0.03000267318099197 0
-0.008616975277405394 0.03248082061114824 0
-0.02336745079097695 0.02400833562964286 0
-0.03110029995391097 -0.01243413006759544 0
-0.03076934824678802 0.01350920787640274 0
0.001418765242143936 0.03347444427298046 0
0.003786154103124621 0.03279428041872735 0
0.02004252923621435 0.02623602424272097 0
0.02002428830715772 -0.02624264450678425 0
0.01139788746875457 -0.03098195246347415 0
-0.03241977275814038 0.006220174009864123 0
-0.02940647616140258 0.01605368999341219 0
0.01806097717005398 0.02758439426955634 0
0.01806077970547297 -0.02758475084563608 0
-0.02997895477569495 -0.01499621973966827 0
0.03178519222428119 0.008506592224498023 0
-0.02336828630923342 -0.02400828086092906 0
0.001349960744195543 -0.03358241930315436 0
0.020031320644726 0.02685423764594316 0
0.02002792749609962 -0.02685525455786598 0
0.03168142466509631 0.01090116389165522 0
0.02798715837237832 -0.01843532708059455 0
0.02798716924825447 0.01843530865187425 0
0.03259742458998875 0.008167289956838511 0
-0.03293723984259881 0.00182566270422704 0
-0.03283286193778973 0.006672103757585761 0
0.02218805249714203 0.0250903164172073 0
0.0002190747033796545 -0.03349529295517407 0
-0.03323833229347299 0.005012150294266999 0
0.004208505594182508 -0.03323744971658456 0
-0.03338834024906032 0.003845134652703132 0
0.03259683317027654 -0.008167225096364956 0
0.02099098727051249 -0.02613309637148187 0
0.01235138827113558 -0.03116256042374656 0
0.03168186645244329 -0.01090205235631921 0
-0.02541916628871126 0.02198708311562103 0
-0.02541916628871235 -0.02198708311561978 0
-0.0057817559923691 0.03300174324048975 0
-0.02997888104391674 0.01499476805154502 0
-0.02940718129534553 -0.01605297971652774 0
-0.0326287035991703 0.004311807068690303 0
0.02144442823128479 -0.02587377303224368 0
0.02145410710491179 -0.02495400930251581 0
-0.03303802356148308 -0.00619308211478618 0
0.02874134479971277 0.01742247175809221 0
0.02130135811157262 0.02588281376633235 0
0.01121887710347999 -0.0315699135411654 0
0.004210293355578357 0.03323854661168428 0
0.02232852804327973 -0.02511358107152057 0
0.02873992952664376 -0.01741452919019084 0
0.01119084526509387 0.03169163449732189 0
0.0002131527641131858 0.03350045020369945 0
0.02097326879427406 0.02626918146574614 0
0.003014428064017405 -0.03338544052689785 0
0.00496788321799441 -0.03262003230312578 0
-0.01632162702839755 -0.02927951672042094 0
-0.03308208681324466 0.005518167384448774 0
-0.007366860154243728 0.03269447243502209 0
-0.005782405098311986 -0.03300215722315895 0
0.012721771631931 0.03101366322801177 0
-0.006888420252716798 0.03290036203368268 0
-0.01780899086053945 -0.02850345254416503 0
-0.01681288645860486 -0.02909958669964814 0
-0.00690631049687257 -0.03290689498877782 0
0.02158458457543761 0.02496266665925797 0
-0.01680125447083617 0.02911598928012755 0
-0.02422801414965254 -0.02316692485648808 0
-0.02422794000956891 0.02316686917781412 0
-0.01781101799167212 0.02849593311718026 0
0.01227577851992065 0.03128532186352059 0
0.03217934078594219 -0.009365218183131968 0
-0.03324039569670896 -0.005009970787833726 0
0.003014862174924638 0.03338604854156826 0
0.00497161263116576 0.03262180989549973 0
-0.01630717029462028 0.02930824959703923 0
-0.007406115320843263 -0.03271974381228186 0
-0.03323900283362993 -0.004479324105056423 0
-0.02540075909645341 -0.02102751556997434 0
-0.0254007590964534 0.02102751556997462 0
0.0309187069716454 0.01152350032636995 0
-0.0153577302819958 -0.02920858144565756 0
-0.03286259554725636 -0.006698142032655232 0
-0.03028303499379089 0.01456900169446291 0
0.03217968656295584 0.009365157722793355 0
-0.007926898508196495 0.03193324000602466 0
0.03091460294954679 -0.0115123542001982 0
-0.01535531108125292 0.02921061919469055 0
-0.008019620086613759 -0.03201122820860364 0
0.01284819087332425 -0.03106222341169054 0
-0.03028349491665042 -0.01457099323571097 0
0.02778566028972186 0.01891519315268351 0
0.02778563241223317 -0.0189151779846287 0
0.03212815589521576 -0.009883808673801009 0
-0.02464434363400464 -0.02285017884442706 0
-0.02464432880598709 0.0228501677086932 0
0.002508077824291406 -0.03351363586479935 0
0.03212819277750988 0.009884103591109411 0
0.00252577745091442 0.0335204207141337 0
0.03297008478598885 -0.001312932700518582 0
0.03294912227019316 0.001246039809515598 0
0.03305102389011766 -0.0007568946580423648 0
0.03296737097769279 0.000674853917709275 0
0.03294587864993723 0.0001731861761327603 0
0.03354862583025615 -0.0006089685935879912 0
2 15 0 368
8350
8351
8352
8353
8354
8355
8356
8357
8358
8359
8360
8361
8362
8363
8364
8365
8366
8367
8368
8369
8370
8371
8372
8373
8374
8375
8376
8377
8378
8379
8380
8381
8382
8383
8384
8385
8386
8387
8388
8389
8390
8391
8392
8393
8394
8395
8396
8397
8398
8399
8400
8401
8402
8403
8404
8405
8406
8407
8408
8409
8410
8411
8412
8413
8414
8415
8416
8417
8418
8419
8420
8421
8422
8423
8424
8425
8426
8427
8428
8429
8430
8431
8432
8433
8434
8435
8436
8437
8438
8439
8440
8441
8442
8443
8444
8445
8446
8447
8448
8449
8450
8451
8452
8453
8454
8455
8456
8457
8458
8459
8460
8461
8462
8463
8464
8465
8466
8467
8468
8469
8470
8471
8472
8473
8474
8475
8476
8477
8478
8479
8480
8481
8482
8483
8484
8485
8486
8487
8488
8489
8490
8491
8492
8493
8494
8495
8496
8497
8498
8499
8500
8501
8502
8503
8504
8505
8506
8507
8508
8509
8510
8511
8512
8513
8514
8515
8516
8517
8518
8519
8520
8521
8522
8523
8524
8525
8526
8527
8528
8529
8530
8531
8532
8533
8534
8535
8536
8537
8538
8539
8540
8541
8542
8543
8544
8545
8546
8547
8548
8549
8550
8551
8552
8553
8554
8555
8556
8557
8558
8559
8560
8561
8562
8563
8564
8565
8566
8567
8568
8569
8570
8571
8572
8573
8574
8575
8576
8577
8578
8579
8580
8581
8582
8583
8584
8585
8586
8587
8588
8589
8590
8591
8592
8593
8594
8595
8596
8597
8598
8599
8600
8601
8602
8603
8604
8605
8606
8607
8608
8609
8610
8611
8612
8613
8614
8615
8616
8617
8618
8619
8620
8621
8622
8623
8624
8625
8626
8627
8628
8629
8630
8631
8632
8633
8634
8635
8636
8637
8638
8639
8640
8641
8642
8643
8644
8645
8646
8647
8648
8649
8650
8651
8652
8653
8654
8655
8656
8657
8658
8659
8660
8661
8662
8663
8664
8665
8666
8667
8668
8669
8670
8671
8672
8673
8674
8675
8676
8677
8678
8679
8680
8681
8682
8683
8684
8685
8686
8687
8688
8689
8690
8691
8692
8693
8694
8695
8696
8697
8698
8699
8700
8701
8702
8703
8704
8705
8706
8707
8708
8709
8710
8711
8712
8713
8714
8715
8716
8717
0.01177524906918142 0.02921124660082967 0
0.01500117006807125 0.02764280431820208 0
0.0179856585874894 0.02585725803203094 0
0.02080289022019106 0.02372621542447289 0
0.02327594280692902 0.02119539661555772 0
0.02545941632904758 0.01851081815552809 0
0.02740878577529125 0.01548459923815979 0
0.02897183833148108 0.01232165022171837 0
0.008996553229754182 0.03018322914475022 0
0.03003169723762036 0.009558154669730163 0
0.006716115478153272 0.03075848294984584 0
0.03062935244803136 0.007288891141969092 0
0.03110773189784861 0.004987285886385388 0
0.01339304003204405 0.02848931080146188 0
0.00497859368795284 0.03109127292180089 0
0.003227207727796807 0.03132168913305541 0
0.01940078474761762 0.02480112164691938 0
0.02205089007565502 0.02246714485896252 0
0.01649861816586112 0.02681063128423768 0
0.02824886873948553 0.01394667239706979 0
0.03137152880569173 0.003340665375523035 0
0.02649743828055737 0.01699706197583216 0
0.02442776081086298 0.01985695981285891 0
0.02121295480007802 0.002707159890378132 0
0.002676909947725221 0.02162825493775054 0
0.01076777074804486 0.0105181094310757 0
0.001654375653597537 0.0270994160472229 0
0.0267055549059175 0.001617281321731453 0
0.0008102921065655466 0.02949352406758793 0
0.02959089042135757 0.0007772364299957411 0
0.03088984244286667 0.006144254320437928 0
0.029410512045294 0.01122658151334782 0
0.007863058552094194 0.03048256323619398 0
0.01067467543168374 0.02961529428640603 0
0.03033020341105666 0.008431673160538984 0
0.002031308931611573 0.0314149301983301 0
0.03143662282980741 0.002038708637346864 0
0.03152006288094362 0.0008830577804353587 0
0.0008834958938114758 0.03154348872755269 0
0.007897808902354156 0.01336863511068993 0
0.01163503730957333 0.01444166428476523 0
0.01456801310782042 0.01157861394796224 0
0.01572709144494058 0.01509921889752532 0
0.01869931140441862 0.01295504837708374 0
0.01353679962603686 0.01808378413090964 0
0.01895507189304038 0.01619544078735735 0
0.02160773992534393 0.01306904386191447 0
0.02278424013961063 0.0164154638958199 0
0.02127279765084283 0.01048591969212325 0
0.02390777804320067 0.01064257567531587 0
0.02480559389979705 0.01412812064515208 0
0.02368979834581443 0.00848043853051355 0
0.0259907255052215 0.008896041264568753 0
0.02606358698320967 0.006736290147707799 0
0.02775015629712973 0.007271347105954916 0
0.02662179032270367 0.01138829024388587 0
0.02822733685773571 0.009249020691199749 0
0.0273967575896625 0.005049969449558136 0
0.02890481962296773 0.005676439213724883 0
0.02584597402800285 0.00404288320719551 0
0.01345748578152432 0.006856931491896068 0
0.004887491624382467 0.01484324411710808 0
0.008636374289900503 0.01767066426677343 0
0.009325208623566351 0.02153695958132226 0
0.01380823259013679 0.02285341853630331 0
0.01109188248641248 0.02509780772468058 0
0.01642922877367053 0.01961730940797265 0
0.01691010699528326 0.02293425568640068 0
0.01998488820962459 0.006385227390484824 0
0.03048682444884073 0.0005969147795588354 0
0.03022646213625267 0.001527097105806398 0
0.02937828153924472 0.001730442210699865 0
0.02994278346184005 0.002559770016150179 0
0.02856677107548385 0.002577169867653035 0
0.0295563045861421 0.003607248671029852 0
0.000810956907022685 0.03049471225733164 0
0.001598914150243363 0.02997491715168991 0
0.001658576527341669 0.02888251790838544 0
0.003426588563761493 0.02724051833509906 0
0.00347187716356424 0.02590866614554938 0
0.005154135192978368 0.027113390388092 0
0.005024114627942004 0.02880612349361292 0
0.006609563003153457 0.02769078133045421 0
0.007113831224387298 0.02624881519971057 0
0.008408340675651127 0.02707115293726699 0
0.007969659746928757 0.02896659023244164 0
0.003532256064387816 0.02950925663635395 0
0.00646163510070711 0.02947254054998826 0
0.004820056231920382 0.02428022324106403 0
0.009058982457315538 0.02570611541654842 0
0.01039109076288501 0.02645711800305609 0
0.01249360323243361 0.02579890354264814 0
0.01169013020426807 0.02743404127792014 0
0.009865693945990506 0.02824457322903643 0
0.03039530472819824 0.003346237623376295 0
0.03022450888844664 0.004220128600370928 0
0.03089819402965112 0.00385211430886714 0
0.03066351189872979 0.00265785894651621 0
0.02952184966789543 0.004716328121542525 0
0.03021411632451292 0.005085745070817506 0
0.02988730942287603 0.006101206218166689 0
0.02856040805625007 0.004152806078579761 0
0.02741551076255011 0.003390875452548424 0
0.001585613724561901 0.03080782017960462 0
0.002330943185867876 0.03042147317982813 0
0.02919472840905541 0.01177822520514287 0
0.02882092375653822 0.01132187207910891 0
0.02904298701223078 0.01072292493518636 0
0.02831169319638894 0.01084207609829267 0
0.02815211243367853 0.01152359279646688 0
0.02863589260903718 0.01011442951527274 0
0.02774178528035142 0.01019033145341201 0
0.02935762726919117 0.01008910036951912 0
0.02247500387729034 0.02205860348785468 0
0.02190245815726637 0.02188864454974521 0
0.02144171690546863 0.02233108473289323 0
0.02138202506585961 0.02170396768847628 0
0.02071059882408522 0.02204747095386121 0
0.02192846965039042 0.02112249111873822 0
0.02096161608059339 0.02111089163497126 0
0.02006230143561995 0.02147783077415243 0
0.01970778849468734 0.02243727454117818 0
0.02166234173427634 0.02012516653938478 0
0.02004184980739818 0.02026677679178053 0
0.01902306430822232 0.02138331609488843 0
0.0210065877505259 0.01913819622403891 0
0.02230208888779669 0.01902537862063596 0
0.02288336772795627 0.01994940483032484 0
0.02348747805744792 0.0191124116065031 0
0.02100450935290453 0.02277833978682238 0
0.01836274437827254 0.02268400400295654 0
0.01932628615502642 0.02337977694701458 0
0.01841559386475143 0.02399514671128835 0
0.01956166892770498 0.01845978967177256 0
0.02366952552476143 0.01987815809779668 0
0.02008296020906854 0.02317771171014859 0
0.0199439462764312 0.02383163893309626 0
0.02311142099720484 0.01791585146725672 0
0.02424741737270377 0.01824920446563647 0
0.02428596802735415 0.01903650989547651 0
0.01700300755647565 0.0265067070975073 0
0.0164826361746664 0.02621360597646714 0
0.0159367112419313 0.02654290432325563 0
0.01601676908627091 0.02591980889656852 0
0.01530201855858176 0.02610477786548748 0
0.01668044870911833 0.02549192517077964 0
0.01582527323517526 0.02516464443780092 0
0.01484321895250975 0.02516315758255911 0
0.0144299064408896 0.02624083567904676 0
0.01661002349649985 0.02454208491817883 0
0.015422058036219 0.02372493545583687 0
0.01308475943236376 0.0243545400524735 0
0.01537417500649191 0.02696581463602736 0
0.01733567621679984 0.02496362915487826 0
0.02682000965625453 0.0165043893906145 0
0.02622399943116059 0.01646609508627914 0
0.02587438425768006 0.01700074969248602 0
0.02552134015483376 0.01630537602059796 0
0.02604558989470031 0.01565935228361345 0
0.02512847263708012 0.01697848681200165 0
0.02477408387889855 0.01621890537412037 0
0.02411229208827232 0.01698286793524732 0
0.02554831595624821 0.01752699593662366 0
0.02484626156156366 0.01764237219217535 0
0.007288291746981335 0.03062579891647652 0
0.007448142143331707 0.03005171119238872 0
0.008079861337954452 0.02976094465158363 0
0.01011339734283167 0.02981711667721806 0
0.01021889476188472 0.02923694624376078 0
0.01077984983891547 0.02903581398638982 0
0.009656033142229091 0.0294381099599362 0
0.006134806387937197 0.03088266596843874 0
0.006258467914923974 0.03023711685878201 0
0.00572539500344903 0.03044922080799016 0
0.0128531678041495 0.02874266288919279 0
0.01289928292496045 0.02814548829771283 0
0.01347683322868793 0.0278735454314953 0
0.01235733641022721 0.02841176834022623 0
0.01293601758342055 0.02760672607520282 0
0.01349681894934058 0.02721034055959045 0
0.01404949935627552 0.02764906063811352 0
0.02476547381458751 0.01938475308554197 0
0.02484901053505441 0.01878153911603091 0
0.03129118196325737 0.002675054024505667 0
0.00439259965262958 0.03117862027536481 0
0.004605433039362997 0.03062058817325104 0
0.004024709367760304 0.03071663804373529 0
0.004185951459922834 0.0300727291945456 0
0.004960050587915676 0.02992404992328929 0
0.02770177419516632 0.01496505206872795 0
0.02710292860306039 0.01496656874242609 0
0.02740058245293988 0.01444165766660304 0
0.02671170489476341 0.01444063853636544 0
0.02720503207049346 0.01373668782903923 0
0.02611412554428288 0.01378744893985139 0
0.0258708362636276 0.01468398375552716 0
0.02662430124559696 0.01272334670222642 0
0.02758382767056487 0.01293262961630763 0
0.02679386557610932 0.01550836196297964 0
0.02536590846651149 0.01298120927375561 0
0.01990653262543703 0.024446065078561 0
0.02366943741362634 0.02077863012297413 0
0.01846250160207836 0.02551164090590549 0
0.01749889581727556 0.02619145243156928 0
0.01395173562190401 0.02824154254694703 0
0.01122908214226619 0.02942063268028359 0
0.008442931645325889 0.03031495534027514 0
0.002646868051067285 0.03137995979345518 0
0.03017779029037756 0.009000486670653745 0
0.02975208706847442 0.008581593594771189 0
0.02990052846300447 0.007987484328516953 0
0.02922410194810849 0.00802780108758611 0
0.0295823219112775 0.007349517996764357 0
0.02874836502740217 0.01286645319514802 0
0.02832279366836294 0.01231409134859716 0
0.02850654564162359 0.01341664428738432 0
0.01893631240088255 0.02516195262245768 0
0.01839084898188855 0.02491871549391763 0
0.03101684725542379 0.005568123563374688 0
0.03048301492905415 0.007856026809912589 0
0.02617361207248659 0.01751698443416817 0
0.02404101209002142 0.02033746795523941 0
0.01597465254601871 0.02715295408885971 0
0.02965035746794713 0.01064735474661447 0
0.02711726681329538 0.01600271865504205 0
0.02162309123793908 0.02289705094275069 0
0.001471682935893099 0.03145698549535274 0
0.03076930958606889 0.006719778053641682 0
0.03010987542187875 0.006848139069155523 0
0.03146204501902236 0.001469246663672139 0
0.03096789575281958 0.001109326967234591 0
0.02288354524839811 0.02163448968621954 0
0.02267326440750301 0.0211004861052717 0
0.02308376454290845 0.02064661517312938 0
0.005950937631576813 0.02120888772602677 0
0.02154562359407866 0.01758899765696309 0
0.01782491162248923 0.002946741658174025 0
0.02435114570047772 0.001951872872636999 0
0.03125218551163658 0.004374451275266245 0
0.01747875189564216 0.02407627595962693 0
0.009555979068552881 0.03000723968464317 0
0.01231527150400381 0.0289843869534615 0
0.003808190082436434 0.0312554277917264 0
0.005556707592855403 0.03099723735873269 0
0.02798814772541252 0.01445901888172281 0
0.02906587630791268 0.008788244954332308 0
0.02513793532511873 0.01537920414531502 0
0.02408035517531781 0.01552664493028838 0
0.006882954675739622 0.03020010395020157 0
0.002851005273171003 0.03086572041352416 0
0.01702591474020308 0.008714247681687215 0
0.02869247931982324 0.01185188633020684 0
0.02763822859488921 0.01211249942747512 0
0.0179438001695787 0.0252735316910004 0
0.01889086385270314 0.02461667640713175 0
0.01931400125366114 0.02417840428733521 0
0.02237254826816965 0.02156094298956587 0
0.01702664690666644 0.02600806839299696 0
0.03012052435402766 0.007459470298640563 0
0.02944876592170129 0.006686508880267429 0
0.02660014627430403 0.01602818347570575 0
0.002499575845531982 0.02961525584402802 0
0.003444922360084362 0.03079059301765721 0
0.02849295923913691 0.001117021638346682 0
0.02960250435883136 0.009175844021473416 0
0.0290683977293202 0.009509232312561991 0
0.005165235982307189 0.03061647383701281 0
0.005656297738727838 0.02963479187209435 0
0.03092088653919256 0.00173801313738525 0
0.03114628009599046 0.0005005620865235199 0
0.0005464555222278961 0.03117077005760451 0
0.003054502373824813 0.03024967724684914 0
0.02837961658963446 0.008109003223835575 0
0.01133134998224706 0.02881352846095012 0
0.01076641085612679 0.0284025051091173 0
0.01184715769802111 0.02871409904837793 0
0.01784022895739191 0.02468400117839317 0
0.008659803673938078 0.02981918356968471 0
0.009126502996856595 0.02961610713890952 0
0.009221061790928835 0.02902427569976905 0
0.03039809567929236 0.005718119194138605 0
0.007578466334482572 0.02945543092261189 0
0.01556580040158993 0.02749630709305425 0
0.01471768537804257 0.02707708790520187 0
0.02120498044635292 0.02332328455202336 0
0.02987258293031219 0.01011379260011463 0
0.01449014891133219 0.02798175104281387 0
0.02586646308498471 0.01802210458098179 0
0.01228041180368243 0.02779431755785534 0
0.02770905772106421 0.01400678695828989 0
0.02650264704424383 0.01501160506834531 0
0.02726196402100936 0.008288425602710628 0
0.02352472467786787 0.005050645339819468 0
0.008626187163713999 0.02927280736978922 0
0.008724652013999083 0.02837873751423933 0
0.007051964719278615 0.02962662643833963 0
0.02404471487050885 0.01950120170526841 0
0.001956462188380664 0.02452473583531938 0
0.004382169218842586 0.0293121829852498 0
0.03054375525940837 0.002136261482899917 0
0.01825578176774121 0.01971836544214518 0
0.01743230804419653 0.02127648100692778 0
0.0224462416126069 0.02058883275336978 0
0.01443877208670588 0.003046080636878482 0
0.01746824627579624 0.02563665128866143 0
0.01409390664630328 0.02699596162934045 0
0.007097054511307614 0.02885154275698938 0
0.009856531937337359 0.02891634981832675 0
0.01336938385348239 0.02636999494997306 0
0.01373211990086858 0.02536234512775337 0
0.02790645011972342 0.01350448611286158 0
0.00297870169862214 0.01802189043988902 0
0.02042529565276921 0.02270659665895812 0
0.02383453587769889 0.01267563711213204 0
0.02820308054210927 0.01294280982128295 0
0.02526761292295909 0.01901582993629347 0
0.02495929984435925 0.01823184312379857 0
0.03041088651059654 0.006306299371108085 0
0.01714850982575177 0.01741882386387156 0
0.007611240942619515 0.02374114309868939 0
0.0007558929486934598 0.02835812874640893 0
0.009699316430665109 0.02369451115985238 0
0.003648468325196026 0.03026777882782824 0
0.01166733436350116 0.02296260988510414 0
0.01252450062356382 0.02698219347373013 0
0.01150587018484516 0.02655062835913484 0
0.01079467831954266 0.02751835761408781 0
0.01029747626805097 0.02876723767732622 0
0.0142596538605514 0.02419551883086775 0
0.02866044412612739 0.007071362577758396 0
0.0307276789366257 0.004624242416367331 0
0.01777214913188783 0.0233691075260588 0
0.03141002330608773 0.003851421360024098 0
0.02039175933890699 0.02410260983982292 0
0.02543300446170788 0.0102712622540408 0
0.001059640996703411 0.03109475534348924 0
0.02064507110327008 0.0232080158349596 0
0.02810032058833851 0.006212444235277738 0
0.02347026366498713 0.0203376563039627 0
0.0004140729919123358 0.03159389710690667 0
0.03159389710690667 0.0004140729919123351 0
0.02793698261898157 0.01257550755341572 0
0.002289147833255928 0.03097798075294844 0
0.0309711916980791 0.002249179245730781 0
0.01510120621168444 0.02128629433455429 0
0.02120815507276091 0.01533345805049879 0
0.002814807651715524 0.02843687526837712 0
0.01158106789630219 0.02815551677264783 0
0.01201252595080435 0.02073228845582784 0
0.002256328278017498 0.01424440062108923 0
0.03087828826544503 0.003143133394122248 0
0.01625410689915932 0.005675243482913482 0
0.02962838188296981 0.005477578392106257 0
0.02669161110693606 0.01036940424579503 0
0.02953817649607907 0.009651892201309227 0
0.005958179701323343 0.02849524888395474 0
0.01495594634600146 0.02659712902144087 0
0.004117473255672648 0.02827428683917336 0
0.02718268455425081 0.009398644651537233 0
0.007688349583737275 0.02789245683009068 0
0.02533595135524068 0.01798682679782149 0
0.02752620348915797 0.01107103237755459 0
0.01449746807754811 0.02747782749500384 0
0.03069289401874067 0.005196703226216704 0
0.02545098576518169 0.0115914929694161 0
0.02036660123207663 0.0235882979281664 0
0.009540573029230653 0.02722934245237251 0
0.02305343668175486 0.01452472808263428 0
2 16 0 366
8718
8719
8720
8721
8722
8723
8724
8725
8726
8727
8728
8729
8730
8731
8732
8733
8734
8735
8736
8737
8738
8739
8740
8741
8742
8743
8744
8745
8746
8747
8748
8749
8750
8751
8752
8753
8754
8755
8756
8757
8758
8759
8760
8761
8762
8763
8764
8765
8766
8767
8768
8769
8770
8771
8772
8773
8774
8775
8776
8777
8778
8779
8780
8781
8782
8783
8784
8785
8786
8787
8788
8789
8790
8791
8792
8793
8794
8795
8796
8797
8798
8799
8800
8801
8802
8803
8804
8805
8806
8807
8808
8809
8810
8811
8812
8813
8814
8815
8816
8817
8818
8819
8820
8821
8822
8823
8824
8825
8826
8827
8828
8829
8830
8831
8832
8833
8834
8835
8836
8837
8838
8839
8840
8841
8842
8843
8844
8845
8846
8847
8848
8849
8850
8851
8852
8853
8854
8855
8856
8857
8858
8859
8860
8861
8862
8863
8864
8865
8866
8867
8868
8869
8870
8871
8872
8873
8874
8875
8876
8877
8878
8879
8880
8881
8882
8883
8884
8885
8886
8887
8888
8889
8890
8891
8892
8893
8894
8895
8896
8897
8898
8899
8900
8901
8902
8903
8904
8905
8906
8907
8908
8909
8910
8911
8912
8913
8914
8915
8916
8917
8918
8919
8920
8921
8922
8923
8924
8925
8926
8927
8928
8929
8930
8931
8932
8933
8934
8935
8936
8937
8938
8939
8940
8941
8942
8943
8944
8945
8946
8947
8948
8949
8950
8951
8952
8953
8954
8955
8956
8957
8958
8959
8960
8961
8962
8963
8964
8965
8966
8967
8968
8969
8970
8971
8972
8973
8974
8975
8976
8977
8978
8979
8980
8981
8982
8983
8984
8985
8986
8987
8988
8989
8990
8991
8992
8993
8994
8995
8996
8997
8998
8999
9000
9001
9002
9003
9004
9005
9006
9007
9008
9009
9010
9011
9012
9013
9014
9015
9016
9017
9018
9019
9020
9021
9022
9023
9024
9025
9026
9027
9028
9029
9030
9031
9032
9033
9034
9035
9036
9037
9038
9039
9040
9041
9042
9043
9044
9045
9046
9047
9048
9049
9050
9051
9052
9053
9054
9055
9056
9057
9058
9059
9060
9061
9062
9063
9064
9065
9066
9067
9068
9069
9070
9071
9072
9073
9074
9075
9076
9077
9078
9079
9080
9081
9082
9083
0.01178705776192082 -0.02922307107466959 0
0.01496878762275781 -0.02770565109478092 0
0.01797594687435441 -0.02584336830238301 0
0.0208012574416199 -0.02366775152491275 0
0.02327594280692902 -0.02119539661555773 0
0.02550281598787285 -0.01847250897296277 0
0.02741268428566485 -0.01548682525882602 0
0.02898672607826963 -0.01231581749069659 0
0.009007284716050699 -0.03019619895058783 0
0.03001206172495506 -0.009565730514248503 0
0.006723430380431718 -0.03078067729693441 0
0.03062426397426461 -0.007291694403688727 0
0.03108354132620675 -0.004982751234431029 0
0.01936218913934135 -0.02474808594017389 0
0.02822099094901662 -0.01390647490595463 0
0.01649861816586107 -0.02681063128423771 0
0.02212389834138655 -0.02243505147766848 0
0.01339304003204399 -0.0284893108014619 0
0.004987285886385391 -0.03110773189784862 0
0.003340665375523028 -0.03137152880569175 0
0.03132168913305541 -0.003227207727796784 0
0.0265057918913688 -0.01700241801703611 0
0.02443918881117776 -0.01986640040914103 0
0.02143365885568366 -0.002605347224868347 0
0.002707159890378128 -0.02121295480007802 0
0.01051810943107569 -0.01076777074804487 0
0.0270994160472229 -0.001654375653597531 0
0.001617281321731442 -0.0267055549059175 0
0.0007772364299957357 -0.02959089042135757 0
0.02949352406758793 -0.0008102921065655433 0
0.007863058552094133 -0.030482563236194 0
0.01067467543168368 -0.02961529428640607 0
0.02941051204529401 -0.01122658151334779 0
0.0308813388816477 -0.006144761192450712 0
0.0303445160042296 -0.008428532029791914 0
0.002038708637346857 -0.03143662282980741 0
0.03141493019833011 -0.002031308931611548 0
0.03154348872755269 -0.000883495893811467 0
0.0008830577804353497 -0.03152006288094361 0
0.01336863511068992 -0.007897808902354166 0
0.01444166428476521 -0.01163503730957335 0
0.01157861394796222 -0.01456801310782043 0
0.01510875841894056 -0.01576226299085842 0
0.01300711829044035 -0.01870090851186164 0
0.01824591055439341 -0.01321003186406002 0
0.01634553825375171 -0.0191681158903549 0
0.01331742689483724 -0.02142347617807676 0
0.01691786697227819 -0.02251418457806145 0
0.01053723689015297 -0.02119211213089041 0
0.01070548525624919 -0.0238106412806205 0
0.01409943462754842 -0.02465091576361769 0
0.008445740974701181 -0.02360735680711768 0
0.008802393700813177 -0.02590386335511628 0
0.006399157832800638 -0.02552563126898182 0
0.007216598034577748 -0.02790478309334335 0
0.01113098981970901 -0.02643552628660966 0
0.009123487670988277 -0.02815519635963294 0
0.005116932724742196 -0.02726144885692437 0
0.005756980271495006 -0.02901903255317313 0
0.003997855033908306 -0.02573376328684186 0
0.006856931491896064 -0.01345748578152432 0
0.01484324411710807 -0.004887491624382474 0
0.01727074415209779 -0.008118273057390315 0
0.02152425784569447 -0.0100649309781589 0
0.02161953044479844 -0.0135467621031364 0
0.0244944330997894 -0.01084824046515485 0
0.02038654687602952 -0.01610304777403308 0
0.02270683771288925 -0.0168215823154424 0
0.006387601625087291 -0.01996158434410328 0
0.0005969147795588293 -0.03048682444884073 0
0.001527097105806387 -0.03022646213625267 0
0.001730442210699861 -0.02937828153924472 0
0.002559770016150147 -0.02994278346184005 0
0.002577169867653027 -0.02856677107548385 0
0.003607248671029847 -0.02955630458614209 0
0.03049471225733164 -0.0008109569070226834 0
0.02997491715168991 -0.001598914150243362 0
0.02888251790838544 -0.001658576527341663 0
0.02725473552862472 -0.003417925137379935 0
0.02559737696483683 -0.003307244990239546 0
0.02695998291875348 -0.00504734070821915 0
0.02885673569654199 -0.004966029974086414 0
0.02776326026885394 -0.006982918016074579 0
0.025913576242932 -0.007024167766910856 0
0.02747522595389082 -0.008412602916479606 0
0.02945441998007563 -0.006369453978691283 0
0.02953049725923426 -0.00352528748474888 0
0.02881980772871472 -0.008008285767066258 0
0.02818745222516465 -0.009267964675070723 0
0.0272532305754977 -0.009882553734416684 0
0.02814705543962761 -0.0107896297061101 0
0.0271741686858777 -0.01109441337482638 0
0.0254730515940074 -0.009049981306217583 0
0.02915279124745281 -0.01010481082778753 0
0.02334826034924662 -0.00779485109775242 0
0.02804073095658064 -0.0116810263978988 0
0.02725124554622591 -0.01214734035684543 0
0.02797955538486502 -0.01277059944745553 0
0.02715291394027727 -0.01312086648729378 0
0.02623010214469632 -0.01266943872507159 0
0.02622293667113022 -0.01387528944155025 0
0.02506096234589864 -0.01332566886908733 0
0.02515133055758275 -0.01461182316345651 0
0.02624616677762093 -0.01505915704799446 0
0.02536018670628829 -0.01574837152545428 0
0.02734266928114338 -0.01445978979484188 0
0.02634058517090893 -0.01599110247184633 0
0.02403756803768976 -0.01553396501706521 0
0.02454664312820851 -0.0167559010514467 0
0.02356282246864814 -0.01801823104130447 0
0.02244418160954395 -0.01841511590703511 0
0.02288924168243234 -0.01928601393338928 0
0.0217589099969618 -0.01947934799125166 0
0.02211709915056614 -0.02052364722823421 0
0.02107027885354888 -0.02051950916115986 0
0.02019161029413686 -0.01951446550551542 0
0.01988739332331439 -0.02094028237648375 0
0.02056732626033685 -0.02205795147683523 0
0.01941887929900884 -0.02216706377549521 0
0.01799165753680222 -0.02121915017985928 0
0.02177157442150624 -0.02135970067769436 0
0.02327710818044736 -0.02018447024710029 0
0.02567685908272464 -0.01651687621344498 0
0.02512819661695011 -0.0174292044587447 0
0.02920171313618711 -0.008750068648470999 0
0.02387226220190595 -0.01899546849659767 0
0.02014336807500711 -0.02286714146298674 0
0.01929304590679247 -0.02315810294352615 0
0.02110624693436648 -0.02263789368718416 0
0.003346237623376264 -0.03039530472819826 0
0.004220128600370942 -0.03022450888844664 0
0.003852114308867146 -0.03089819402965115 0
0.002657858946516165 -0.03066351189872981 0
0.004737886764061119 -0.02954481432987269 0
0.005092630575153956 -0.03021837178476099 0
0.006150076855951481 -0.02993068848724344 0
0.01988613626714088 -0.02364767526896262 0
0.01927174942323589 -0.02401399103083443 0
0.01854281727057067 -0.02362305901421566 0
0.01865359704669795 -0.02444790527922501 0
0.01790090173115296 -0.02417855582064194 0
0.01807319094062591 -0.02503085835410158 0
0.01720324610269708 -0.02475543356616752 0
0.01835325354682999 -0.02261297035355838 0
0.01882720662118315 -0.02511675952877289 0
0.01985126643943373 -0.0243524490605245 0
0.004180983241158551 -0.02856071953282415 0
0.003438512069304822 -0.02738002132124133 0
0.02250232811977802 -0.02114618820870828 0
0.02229251014129326 -0.02179501181892019 0
0.03080782017960462 -0.001585613724561894 0
0.03042147317982814 -0.002330943185867878 0
0.02619020320631962 -0.01750014070494998 0
0.03137995979345517 -0.002646868051067251 0
0.02920565817125321 -0.01177868065203094 0
0.02874736367097723 -0.01134737861485689 0
0.02893282729338591 -0.01069217792883783 0
0.02286172137272787 -0.02171319465309646 0
0.01285316780414943 -0.02874266288919284 0
0.01289928292496035 -0.02814548829771285 0
0.01347683322868785 -0.02787354543149535 0
0.01289019969457791 -0.02745956391713015 0
0.01354298555087398 -0.02716370333381728 0
0.01234234267038766 -0.02844035164927209 0
0.01293643360076982 -0.02658172662616373 0
0.01403937542066137 -0.02762298434231002 0
0.01421486449293542 -0.02704496749562451 0
0.02845091416849682 -0.01334999519422398 0
0.02769166490819778 -0.01496809562352002 0
0.01700654565362628 -0.02649730483253483 0
0.01648149288790349 -0.02620988487715615 0
0.0159365206941375 -0.02654228414003707 0
0.0159408318148118 -0.02582865967947883 0
0.0169845584798098 -0.02588647258875569 0
0.01528059950087424 -0.02618027673487491 0
0.01537596450810895 -0.02682043638022031 0
0.01519063105268076 -0.0252969093139347 0
0.01439481049726377 -0.0258111579422399 0
0.01621053003218347 -0.02501578654641221 0
0.0153465176983085 -0.02431932891324021 0
0.0101133973428316 -0.02981711667721805 0
0.01021496110402915 -0.02922634585945124 0
0.01078654353245226 -0.02901478116696476 0
0.009633071566971452 -0.02946877102383046 0
0.01041079350989575 -0.02864354689309214 0
0.01096263289202148 -0.0283336165631356 0
0.01016495870570989 -0.02792432383829427 0
0.03117733167609912 -0.004393292577042591 0
0.0306165914260588 -0.004603788277911957 0
0.03050691145018191 -0.005206906652678491 0
0.03071735334825277 -0.004024818292066595 0
0.02989822906294794 -0.00481228461726451 0
0.02966732430966866 -0.005587773773127915 0
0.03049322605181464 -0.007865809053845124 0
0.03005656876762679 -0.007456620863185893 0
0.0302171447099241 -0.006890902977079172 0
0.002675054024505638 -0.03129118196325739 0
0.02481254015694272 -0.01940894810544929 0
0.02515886090165291 -0.01893863777150054 0
0.02491219556291718 -0.01840912780135671 0
0.007294245041979452 -0.03063497635687314 0
0.007444165476211591 -0.03005686001429089 0
0.008030975637107689 -0.02989530743860319 0
0.007550092217827055 -0.02951737709096016 0
0.00819202084740674 -0.02923656218438898 0
0.006818275618089396 -0.02959226028349992 0
0.0298181793554176 -0.01011647305886973 0
0.008434622563959798 -0.03034081293113552 0
0.00556979283494758 -0.03101683993277021 0
0.02708440969799061 -0.01599811163258214 0
0.02406060071112903 -0.02031736401549774 0
0.02382482161242182 -0.01972779264927786 0
0.03019630046640215 -0.008998135452356296 0
0.02362754551768042 -0.02076608769692834 0
0.001469246663672136 -0.03146204501902236 0
0.001109326967234586 -0.03096789575281957 0
0.01600000000000005 -0.02712393384298488 0
0.03098261598421388 -0.00556954368151436 0
0.01123050857708582 -0.02942079985688052 0
0.0279534595787766 -0.01444273825899959 0
0.0139500482993016 -0.02823719649764647 0
0.006145657423729124 -0.03090147532342225 0
0.02958665586413767 -0.01064014016302257 0
0.02870991497320658 -0.01282166087297252 0
0.03145698549535274 -0.00147168293589308 0
0.02682000965625463 -0.01650438939061458 0
0.03076738711690333 -0.006721241950513704 0
0.02586004208707933 -0.01800441583859071 0
0.02760739704635872 -0.01394851389934482 0
0.02785768246334024 -0.0133646970726192 0
0.01852765946881716 -0.01963948513874002 0
0.002947137363941098 -0.01782102764490234 0
0.00195187287263696 -0.02435114570047776 0
0.004374451275266243 -0.0312521855116366 0
0.009560448296660345 -0.03002450531708169 0
0.01232184436261037 -0.0290005342170072 0
0.0312553322426017 -0.003808323723889637 0
0.01749736812322199 -0.02613966879969588 0
0.02122162050545227 -0.02327217801776643 0
0.02036777881407681 -0.02399950180235307 0
0.03086572041352417 -0.002851005273170991 0
0.008720671475782728 -0.01701969557851511 0
0.02455671436495586 -0.01890712882691837 0
0.0216543712915167 -0.02290457470742521 0
0.01847921437045386 -0.02556721258889744 0
0.01746221701853371 -0.02539913791218448 0
0.02133929766123485 -0.02199601185300872 0
0.02074120421957324 -0.006162915103308735 0
0.02291701072488499 -0.02067602153003596 0
0.0296187959478414 -0.002498414415592162 0
0.03079059301765723 -0.003444922360084343 0
0.001117021638346676 -0.02849295923913691 0
0.006827098023262252 -0.03023239207597336 0
0.03003148772518584 -0.007988610525063703 0
0.001738013137385224 -0.03092088653919257 0
0.02866556374232729 -0.01187664216693411 0
0.03117077005760452 -0.0005464555222278912 0
0.0005005620865235137 -0.03114628009599046 0
0.03025380736796479 -0.003053147372228338 0
0.0174760609923631 -0.01735953910125871 0
0.02681158037872198 -0.01549095191236573 0
0.02703026056203977 -0.01501861540365533 0
0.005720422025771534 -0.03040274464231903 0
0.03036148849615058 -0.006336060607147103 0
0.0304241050029924 -0.005782464907376593 0
0.01138991988100408 -0.02882470371119034 0
0.0117059945558763 -0.02828188067648874 0
0.008636175693534216 -0.02976323643413098 0
0.008953847895125343 -0.02910300092734477 0
0.02950938235384389 -0.007689550286353404 0
0.02584220723508781 -0.010399007202097 0
0.01543688924244167 -0.02741525207521735 0
0.01448273716687735 -0.02798785952483071 0
0.02426202969081499 -0.01825306604187917 0
0.02966028511149446 -0.00701388799738787 0
0.02895839195145523 -0.007007883866388565 0
0.01479757893641557 -0.02712152871113584 0
0.009750186742119974 -0.02875353081694097 0
0.01232747376169809 -0.02781305328195884 0
0.0300731066150697 -0.004168265182716607 0
0.01647123875742782 -0.02560783454844669 0
0.01661333306156384 -0.02382919400091761 0
0.00498156470491875 -0.0233987393679334 0
0.0269926168960031 -0.01393829859912292 0
0.02838681209946534 -0.01227397922488249 0
0.02936994391785536 -0.004357947580048515 0
0.02465672465565209 -0.01782614861907035 0
0.01332411034793868 -0.02545067859523892 0
0.01378987062823072 -0.02640990521605404 0
0.02968731964020331 -0.008431294453381949 0
0.02071460747804731 -0.02308137112406638 0
0.02622177143130059 -0.01159399699229949 0
0.02953402179729574 -0.009675540444173285 0
0.01193621371882003 -0.025532199856485 0
0.007118407306496305 -0.02881090386710686 0
0.02433891378297635 -0.001587943077329248 0
0.02378968548510983 -0.004766455776340892 0
0.00213626148289988 -0.03054375525940839 0
0.01122953020978194 -0.0275477114969034 0
0.01466393753871452 -0.02653988555974486 0
0.003046114285328059 -0.01443844181650291 0
0.02626744776942598 -0.0166086504134442 0
0.02371899281069433 -0.01412507002930798 0
0.0177561710752099 -0.00323920663280897 0
0.02101786052107868 -0.01817358154170581 0
0.0177427296326607 -0.02330791983038199 0
0.02527834277370544 -0.01795872962716397 0
0.02429318108681085 -0.01937129725812516 0
0.02835812874640892 -0.00075589294869346 0
0.03027307152163575 -0.003643288138368953 0
0.02352038034279202 -0.009405191544197174 0
0.01015380307896852 -0.02660030670795106 0
0.008026662761992997 -0.02717590896411047 0
0.008105170752764568 -0.02839772589932122 0
0.02111802266341496 -0.02145095675067692 0
0.004624242416367335 -0.03072767893662572 0
0.02568074499691901 -0.01750883547526304 0
0.003851421360024093 -0.03141002330608773 0
0.02373600091091667 -0.01252917466832155 0
0.006320306257319027 -0.03043923777189699 0
0.01495962738988244 -0.02305338094153057 0
0.02599399304587293 -0.01702846597427903 0
0.009158165633668411 -0.02971114253059515 0
0.01190943184635984 -0.02875410826572559 0
0.03109475534348925 -0.001059640996703403 0
0.01269707644648985 -0.02358762924949426 0
0.02249389517642026 -0.01522608544779702 0
0.02259531938065641 -0.0221766898738098 0
0.02961405496192063 -0.009129511034724888 0
0.0004140729919123292 -0.03159389710690667 0
0.03159389710690668 -0.0004140729919123315 0
0.03097798075294844 -0.002289147833255912 0
0.002249179245730753 -0.03097119169807912 0
0.02186431392396639 -0.02201522495945561 0
0.02397857758490862 -0.01745040082715051 0
0.02845522258301839 -0.00280478922373751 0
0.02540528737413504 -0.01704785663463569 0
0.006295316685647838 -0.02800448805189717 0
0.02676693003758748 -0.01447023005743297 0
0.02854319626574878 -0.005983207152758006 0
0.005501539267332618 -0.02977422366380363 0
0.01434571783708052 -0.002366980437938163 0
0.02847129524882273 -0.01001291089309448 0
0.01686635807813037 -0.02533293303239332 0
0.01542320588966535 -0.02101320271329076 0
0.02996490953530053 -0.006080685708068054 0
0.003143133394122197 -0.03087828826544507 0
0.02063634126232787 -0.02261038176014055 0
0.005675723875609986 -0.01625235048126056 0
0.02857453142546593 -0.008737063402177175 0
0.02840451965067137 -0.0040198866847034 0
0.02993164956658907 -0.006538198253674696 0
0.02261881178737899 -0.0199923393948766 0
0.01450066872792951 -0.0274965982337364 0
0.02037881064951025 -0.02343288029140766 0
0.01019577109154352 -0.0253149823823167 0
0.01944797865417566 -0.01821519059788315 0
0.02792138470100099 -0.01220677710436109 0
0.01207514013422614 -0.02689496357754179 0
0.02514865398652032 -0.01219330394398696 0
0.005198874747725159 -0.03069467343886491 0
0.02900666439109749 -0.009369692691015013 0
0.006442802089409744 -0.02710187401042451 0
0.02160616182049718 -0.02242413478149981 0
0.02319212699063259 -0.01867870734458163 0
0.009254261183694573 -0.027151919845021 0
2 17 0 369
9084
9085
9086
9087
9088
9089
9090
9091
9092
9093
9094
9095
9096
9097
9098
9099
9100
9101
9102
9103
9104
9105
9106
9107
9108
9109
9110
9111
9112
9113
9114
9115
9116
9117
9118
9119
9120
9121
9122
9123
9124
9125
9126
9127
9128
9129
9130
9131
9132
9133
9134
9135
9136
9137
9138
9139
9140
9141
9142
9143
9144
9145
9146
9147
9148
9149
9150
9151
9152
9153
9154
9155
9156
9157
9158
9159
9160
9161
9162
9163
9164
9165
9166
9167
9168
9169
9170
9171
9172
9173
9174
9175
9176
9177
9178
9179
9180
9181
9182
9183
9184
9185
9186
9187
9188
9189
9190
9191
9192
9193
9194
9195
9196
9197
9198
9199
9200
9201
9202
9203
9204
9205
9206
9207
9208
9209
9210
9211
9212
9213
9214
9215
9216
9217
9218
9219
9220
9221
9222
9223
9224
9225
9226
9227
9228
9229
9230
9231
9232
9233
9234
9235
9236
9237
9238
9239
9240
9241
9242
9243
9244
9245
9246
9247
9248
9249
9250
9251
9252
9253
9254
9255
9256
9257
9258
9259
9260
9261
9262
9263
9264
9265
9266
9267
9268
9269
9270
9271
9272
9273
9274
9275
9276
9277
9278
9279
9280
9281
9282
9283
9284
9285
9286
9287
9288
9289
9290
9291
9292
9293
9294
9295
9296
9297
9298
9299
9300
9301
9302
9303
9304
9305
9306
9307
9308
9309
9310
9311
9312
9313
9314
9315
9316
9317
9318
9319
9320
9321
9322
9323
9324
9325
9326
9327
9328
9329
9330
9331
9332
9333
9334
9335
9336
9337
9338
9339
9340
9341
9342
9343
9344
9345
9346
9347
9348
9349
9350
9351
9352
9353
9354
9355
9356
9357
9358
9359
9360
9361
9362
9363
9364
9365
9366
9367
9368
9369
9370
9371
9372
9373
9374
9375
9376
9377
9378
9379
9380
9381
9382
9383
9384
9385
9386
9387
9388
9389
9390
9391
9392
9393
9394
9395
9396
9397
9398
9399
9400
9401
9402
9403
9404
9405
9406
9407
9408
9409
9410
9411
9412
9413
9414
9415
9416
9417
9418
9419
9420
9421
9422
9423
9424
9425
9426
9427
9428
9429
9430
9431
9432
9433
9434
9435
9436
9437
9438
9439
9440
9441
9442
9443
9444
9445
9446
9447
9448
9449
9450
9451
9452
-0.02921192835693157 0.01178957292340124 0
-0.02770742023149432 0.01497681434781874 0
-0.02585456551222333 0.01800261660820112 0
-0.02372621542447291 0.02080289022019106 0
-0.02119539661555772 0.02327594280692903 0
-0.01845496708239808 0.02547229810610271 0
-0.0155234832924171 0.02743404937088845 0
-0.0123310343626427 0.02899665808163029 0
-0.03017481109156837 0.009002491150683184 0
-0.009550991702944961 0.03002104967664643 0
-0.03075848294984585 0.006716115478153277 0
-0.007291694403688739 0.0306242639742646 0
-0.004987285886385395 0.03110773189784861 0
-0.03110290048323409 0.004993634746540452 0
-0.0313140262559855 0.003232044381142931 0
-0.0169905822676806 0.02651139280680061 0
-0.01392341622253422 0.02823389508970198 0
-0.02681063128423767 0.01649861816586113 0
-0.01985695981285891 0.02442776081086298 0
-0.02246714485896251 0.02205089007565502 0
-0.02848931080146187 0.01339304003204405 0
-0.02478130073238437 0.01941083613094688 0
-0.003340665375523084 0.03137152880569173 0
-0.00270715989037813 0.02121295480007802 0
-0.02162825493775054 0.00267690994772522 0
-0.0105181094310757 0.01076777074804486 0
-0.0270994160472229 0.00165437565359753 0
-0.001617281321731437 0.02670555490591748 0
-0.02949352406758793 0.000810292106565545 0
-0.0007772364299957393 0.02959089042135757 0
-0.03048256323619398 0.007863058552094192 0
-0.01122658151334781 0.029410512045294 0
-0.00614425432043793 0.03088984244286669 0
-0.02980972070547453 0.01011903664900116 0
-0.008437621384893741 0.03033961140882067 0
-0.03141493019833011 0.002031308931611579 0
-0.00203870863734686 0.03143662282980741 0
-0.0008830577804353576 0.03152006288094362 0
-0.03154348872755269 0.0008834958938114823 0
-0.01336863511068993 0.007897808902354154 0
-0.01444166428476523 0.01163503730957333 0
-0.01157861394796224 0.01456801310782042 0
-0.01509921889752532 0.01572709144494058 0
-0.01295504837708374 0.01869931140441862 0
-0.0180372941916497 0.0137325644446707 0
-0.01619544078735732 0.01895507189304033 0
-0.0132600109747455 0.02160113673786374 0
-0.01658753114091042 0.02290425592911728 0
-0.01052159605680324 0.02121726405265384 0
-0.01083626988775671 0.02389623083172174 0
-0.0139714027377041 0.02470077923038557 0
-0.008513205755816529 0.02368021537300473 0
-0.008878201264063237 0.02598570009626405 0
-0.006816970908207228 0.0257502052087797 0
-0.006944177284065045 0.02768316528010987 0
-0.01136473313164402 0.02666896093784975 0
-0.009078090849595391 0.02813604764999856 0
-0.005357464243012951 0.02743938359208545 0
-0.005629356329752142 0.02899404806809855 0
-0.004107579132854506 0.02580084806600164 0
-0.006856931491896068 0.01345748578152432 0
-0.01484324411710808 0.004887491624382466 0
-0.01766484393397641 0.008660889354675072 0
-0.0215359268934358 0.009329309853927225 0
-0.02283209465123132 0.01383253107929757 0
-0.02508755711435393 0.01109970586575022 0
-0.01966956960932471 0.01641600116486424 0
-0.02271541370938401 0.0167843982796609 0
-0.006395005046196677 0.01997558584233906 0
-0.03049471225733163 0.000810956907022688 0
-0.02997491715168991 0.001598914150243369 0
-0.02888251790838544 0.001658576527341664 0
-0.02725784496788522 0.003416030361306683 0
-0.02591213147210663 0.003469765523073278 0
-0.02712681852850131 0.005145952586075883 0
-0.02902869469858904 0.005054457427633848 0
-0.02769346695853613 0.006607926481772922 0
-0.02625111716663794 0.007112428491775432 0
-0.02703414742942771 0.008445404582916555 0
-0.0288755453023727 0.008025838743447969 0
-0.02942322604673346 0.003383694942285595 0
-0.02955980862146737 0.006532046049355785 0
-0.02428296544590603 0.004818385234776766 0
-0.0005969147795588336 0.03048682444884073 0
-0.001527097105806392 0.03022646213625269 0
-0.001730442210699855 0.02937828153924468 0
-0.002559770016150188 0.02994278346184 0
-0.00257716986765299 0.02856677107548375 0
-0.00360724867102988 0.02955630458614195 0
-0.02571419952206168 0.009054955857784923 0
-0.02649122053417004 0.01041047176182486 0
-0.02605966049479281 0.01251295338329674 0
-0.02748347419550473 0.01170999456186827 0
-0.02819295509844527 0.01007587591955449 0
-0.003346237623376384 0.03039530472819816 0
-0.004220128600371052 0.03022450888844653 0
-0.003852114308867241 0.03089819402965111 0
-0.002657858946516242 0.03066351189872977 0
-0.004689867890848754 0.02949292998883734 0
-0.005083495051200933 0.03021165716813033 0
-0.006080782083137626 0.02986824496573735 0
-0.004191798025044432 0.02857756385099927 0
-0.003432832867403237 0.02741700625593477 0
-0.03080782017960463 0.001585613724561906 0
-0.03041936468449759 0.002330725376134879 0
-0.01177868065203091 0.0292056581712531 0
-0.0113218720791089 0.02882092375653822 0
-0.01072292493518636 0.0290429870122308 0
-0.01083651225633088 0.02833221713134806 0
-0.01149832091371074 0.02813532435061021 0
-0.01017179722278263 0.02862400228845468 0
-0.01013728004634009 0.02776882677528026 0
-0.01013724899216806 0.02926557572144807 0
-0.01338814320671468 0.02849728485656236 0
-0.01342278232519378 0.02789838769992833 0
-0.01399660937479546 0.02761466801944739 0
-0.01338971831207989 0.02723617938223193 0
-0.01407419931267414 0.02683736600634232 0
-0.01287230259851696 0.02820470111887151 0
-0.01334911500290597 0.02651067606060353 0
-0.01456092898381504 0.02731359735044177 0
-0.01476774641599761 0.02654596497534526 0
-0.02712393384298472 0.01600000000000001 0
-0.0265273117636927 0.01597285710659637 0
-0.02618929212285758 0.01651377551925027 0
-0.02597926674442061 0.01592200213660431 0
-0.02540088748424694 0.01643993107057485 0
-0.02622208009541822 0.01535782818595161 0
-0.0254036451086166 0.01547654388113788 0
-0.02590742305366156 0.01461446720122435 0
-0.02444176284311514 0.01597730946234387 0
-0.02453110676556208 0.01693829975013979 0
-0.0243736840421687 0.01304391745566066 0
-0.02587453221449377 0.01712028732367181 0
-0.02684017244734948 0.01443685182327345 0
-0.02645997019367238 0.01362976316436539 0
-0.0274179927525308 0.01390303735394052 0
-0.02874266288919273 0.01285316780414951 0
-0.02807513498660732 0.01290083421180661 0
-0.02716353980774915 0.01297474640888895 0
-0.02841176834022602 0.01235733641022722 0
-0.03062579891647652 0.007288291746981344 0
-0.03005171119238874 0.007448142143331711 0
-0.02973005789034448 0.00807760690694437 0
-0.02205860348785466 0.02247500387729038 0
-0.02188864454974518 0.0219024581572664 0
-0.02233108473289318 0.02144171690546859 0
-0.02170396768847624 0.02138202506585962 0
-0.02204747095386115 0.02071059882408522 0
-0.02112249111873822 0.02192846965039048 0
-0.0211108916349712 0.02096161608059341 0
-0.02147783077415237 0.02006230143561996 0
-0.02243727454117813 0.01970778849468735 0
-0.02012516653938473 0.02166234173427637 0
-0.02026677679178045 0.0200418498073982 0
-0.02138331609488836 0.01902306430822231 0
-0.01913819622403885 0.02100658775052586 0
-0.01902537862063589 0.02230208888779663 0
-0.01994940483032476 0.0228833677279563 0
-0.01911241160650295 0.02348747805744796 0
-0.02277833978682233 0.02100450935290449 0
-0.02285571082434058 0.01847853373705379 0
-0.02341489313614385 0.01945683436726943 0
-0.02409519168335611 0.01836466496900162 0
-0.0184597896717725 0.01956166892770489 0
-0.01987815809779653 0.02366952552476149 0
-0.0231835644083368 0.02010471824444238 0
-0.02384430888617226 0.01996872606675161 0
-0.0179755365375745 0.02306336239841714 0
-0.01822766361130288 0.02419384412658311 0
-0.01902359970961487 0.02427608172571624 0
-0.002675054024505694 0.03129118196325736 0
-0.03088266596843874 0.006134806387937201 0
-0.03028570986463099 0.00631550203568582 0
-0.03045125910481037 0.005743987119546093 0
-0.01938343571963771 0.02476446500829797 0
-0.01869217013423727 0.02481095383019821 0
-0.01810836711642546 0.02499337386573045 0
-0.01776178627537384 0.02551273198345547 0
-0.01750599931844276 0.02485134656696919 0
-0.01709326397540479 0.02553775532200839 0
-0.01666575117479644 0.02482568421815582 0
-0.01625654076770663 0.02573654966235223 0
-0.01719078023344636 0.02397815611452076 0
-0.0153878731244576 0.02492170354307336 0
-0.01747762528030452 0.02610780470752485 0
-0.01530856593062381 0.02593127386420422 0
-0.01591826476139354 0.02647515166458603 0
-0.01499021428399858 0.02350733043506386 0
-0.02445578303807132 0.01992164515289107 0
-0.02961751373494943 0.01068373765065513 0
-0.02923159943203205 0.01024010734136848 0
-0.02942474122884935 0.00967630628926352 0
-0.02903483352675792 0.01080678423091233 0
-0.01650079967582871 0.02681840060174686 0
-0.03125239554781138 0.003825216989193903 0
-0.03076614089044649 0.003478504242857353 0
-0.03070766062049925 0.004061068425387714 0
-0.02550436748373414 0.0184697372880197 0
-0.02526050872394654 0.01792682055213748 0
-0.02489150263299342 0.01842153304288856 0
-0.03137995979345518 0.002646868051067292 0
-0.03085790800159176 0.002857154251169018 0
-0.03030136497849643 0.008445495160427521 0
-0.02793781488465527 0.01444204010460345 0
-0.02649733382565921 0.01703682337900459 0
-0.007867296360193333 0.03048349151559302 0
-0.007469319793988065 0.03003906990734036 0
-0.006766774690518833 0.03008137187247733 0
-0.007109948866902996 0.02951956837156629 0
-0.007653704266071441 0.02939898036951429 0
-0.02742471508070566 0.01549518442720001 0
-0.02289705094275066 0.021623091237939 0
-0.01446000966002883 0.02797472656555489 0
-0.03000279482483682 0.009563668466542264 0
-0.02077863012297412 0.02366943741362637 0
-0.02033746795523938 0.02404101209002143 0
-0.008998236294091039 0.03017866572751532 0
-0.009147031550290152 0.02954722051852109 0
-0.009462977704091255 0.02899092644781563 0
-0.005568123563374688 0.03101684725542379 0
-0.01066195949458362 0.02963234073977986 0
-0.03145698549535274 0.001471682935893104 0
-0.006706633866677285 0.03075473486062504 0
-0.001469246663672137 0.03146204501902237 0
-0.001109326967234588 0.03096789575281958 0
-0.02820517355858938 0.01391857435073393 0
-0.02163448968621956 0.02288354524839821 0
-0.02110048610527171 0.02267326440750308 0
-0.02064661517312936 0.02308376454290849 0
-0.0212082025900532 0.005955428514575454 0
-0.0246392121477233 0.01773883749270802 0
-0.01758493886860935 0.0214889373734556 0
-0.002948371267459333 0.01782336122794164 0
-0.008736398710886779 0.02909948072868226 0
-0.001951872872637003 0.0243511457004777 0
-0.004374451275266261 0.03125218551163658 0
-0.02452611776340263 0.01456729687017064 0
-0.01286197520190293 0.02876508518461542 0
-0.02899041655539938 0.01232703398637755 0
-0.0251190923267576 0.01894070771161756 0
-0.03100659020705336 0.005566995084728642 0
-0.03118411316006484 0.004407830317111087 0
-0.02941766177265855 0.01123904349414566 0
-0.01600847034021152 0.02713829315220522 0
-0.03015255052651208 0.006889565387830519 0
-0.00871700849439323 0.01702197669565288 0
-0.02684772782314341 0.01550054288582152 0
-0.02156094298956587 0.02237254826816971 0
-0.01253148602984767 0.02696744900224424 0
-0.01243774366501121 0.02554470316319565 0
-0.02959845750120564 0.002474561547159764 0
-0.001117021638346669 0.02849295923913688 0
-0.0278959418165936 0.01344478024130284 0
-0.008592146719536993 0.02979147186627912 0
-0.008026340056450752 0.0299161995009593 0
-0.001738013137385242 0.03092088653919259 0
-0.01192771784329399 0.02861092429642543 0
-0.01225287808149369 0.02794169791077759 0
-0.03117077005760452 0.0005464555222278994 0
-0.000500562086523518 0.03114628009599046 0
-0.02445797305372709 0.01888918209030239 0
-0.03021368640315886 0.003042288231499581 0
-0.02959072406069954 0.009102443336932308 0
-0.02903854057724437 0.009197396109681547 0
-0.0297803130817408 0.008627386157768308 0
-0.02964723182672276 0.00582201017301783 0
-0.02985538240744171 0.004813627203089513 0
-0.01616442999152188 0.02402742604798622 0
-0.005715805504889109 0.03039589939219836 0
-0.02519785502149475 0.01723832905328256 0
-0.02944213930752496 0.007566379715530982 0
-0.02332328455202334 0.02120498044635291 0
-0.02374728749618395 0.01747620238767587 0
-0.0100883246858936 0.02983597335474159 0
-0.02620590310551521 0.01753928655132096 0
-0.01501010613557017 0.02770316451090517 0
-0.02873442822491648 0.01186092398264775 0
-0.02882655105943469 0.01134273809822276 0
-0.02843049030013683 0.01087643618346116 0
-0.01420939390429419 0.0258126931754857 0
-0.03060594191201294 0.005217035884882774 0
-0.03060866547082694 0.004629761836942267 0
-0.0128938334694264 0.02764968302281072 0
-0.03012375909882368 0.003736684537029966 0
-0.02774705386998838 0.01227988780497191 0
-0.02740249655370002 0.01449245208821943 0
-0.005081965601015012 0.02346182583178014 0
-0.02820031627996318 0.01158830341702035 0
-0.02757623286156584 0.0108476254486513 0
-0.02961790509048695 0.007086825364900977 0
-0.01950046099557615 0.02404414765331156 0
-0.0241433423384093 0.01944145966379848 0
-0.01804249419566384 0.02593904097799539 0
-0.02452547482715263 0.001956011874376547 0
-0.002136261482899921 0.03054375525940836 0
-0.01651329940152205 0.02631669548711651 0
-0.01972707547570381 0.01825357716627347 0
-0.02120736417209907 0.0173444420952593 0
-0.007070574791882456 0.02883250506784378 0
-0.009643620123042387 0.0295144408581244 0
-0.02058883275336976 0.02244624161260694 0
-0.00304621920909662 0.01443864025043482 0
-0.02331248694558193 0.01557257596685203 0
-0.02885154275698948 0.007097054511307496 0
-0.02714647016093863 0.01499118311127495 0
-0.02874433928725519 0.01035751665046627 0
-0.02118400381052622 0.01512179687805938 0
-0.01802164852176076 0.002979780339507384 0
-0.02270743275869925 0.02042840394353689 0
-0.03014626279759735 0.004282063787591391 0
-0.01900263692058083 0.02523643055729036 0
-0.006301451444007747 0.03039366479362143 0
-0.01741882386387156 0.01714850982575177 0
-0.02374304484092653 0.007611489573298412 0
-0.02835812874640893 0.0007558929486934557 0
-0.0294897075087149 0.004222535023504825 0
-0.02369428251387122 0.009700442610475793 0
-0.02296088465485875 0.01166688565925316 0
-0.01512105024237598 0.02707375657068473 0
-0.01532677194464297 0.02656928788432016 0
-0.01557294779466362 0.02693655075399341 0
-0.02991770198991536 0.005330223561634011 0
-0.02879884102570302 0.009750971460942689 0
-0.02829852263946352 0.008911183538278317 0
-0.004624242416367331 0.03072767893662567 0
-0.003851421360024111 0.03141002330608772 0
-0.02412588715212026 0.02040207941021507 0
-0.01037599102501097 0.02540804869512012 0
-0.02546537110953961 0.01367367961494356 0
-0.01173593492951287 0.0274168624727614 0
-0.008230010074500072 0.02723061311686487 0
-0.02663479155751569 0.0114714936113836 0
-0.01244108121694903 0.02847629158559834 0
-0.03109475534348925 0.001059640996703416 0
-0.0232091306346145 0.02064921549096034 0
-0.02033765630396264 0.0234702636649873 0
-0.01266953960100322 0.02341124074181406 0
-0.03159389710690668 0.0004140729919123398 0
-0.0004140729919123331 0.03159389710690666 0
-0.03097599657149586 0.002290334066908935 0
-0.002249179245730792 0.0309711916980791 0
-0.02390579518395691 0.0190015341746295 0
-0.01533345805049877 0.02120815507276092 0
-0.02918110364030852 0.008622177592775412 0
-0.007935768446682272 0.02864164683743919 0
-0.02561138148935503 0.01755286232482247 0
-0.02843706374575613 0.002775320212514979 0
-0.006507909326108246 0.02928690250583426 0
-0.006367080106707809 0.0284312796186638 0
-0.02070250802261303 0.01205732954498051 0
-0.02701770398511015 0.01218981515408189 0
-0.01424436606135662 0.002256482369572532 0
-0.02369939683920078 0.01655109084843161 0
-0.01687599010894573 0.0260420233408566 0
-0.003143133394122343 0.03087828826544501 0
-0.02836092000310413 0.004064682243398641 0
-0.005675988310585351 0.01625333000189494 0
-0.005467760342299167 0.02967111773095784 0
-0.01022579244577413 0.02667248176868481 0
-0.0284952488839548 0.005958179701323285 0
-0.02730143572852837 0.009555442760397725 0
-0.02659277471610226 0.01498017464150918 0
-0.008221695717352425 0.02945668989059866 0
-0.01096642895388545 0.02749911223942241 0
-0.02791799867200775 0.007724286446063004 0
-0.005195790484443491 0.03069196293004535 0
-0.02359442860862592 0.02037531584417558 0
-0.009309874936054582 0.02715873388141851 0
2 18 0 373
9453
9454
9455
9456
9457
9458
9459
9460
9461
9462
9463
9464
9465
9466
9467
9468
9469
9470
9471
9472
9473
9474
9475
9476
9477
9478
9479
9480
9481
9482
9483
9484
9485
9486
9487
9488
9489
9490
9491
9492
9493
9494
9495
9496
9497
9498
9499
9500
9501
9502
9503
9504
9505
9506
9507
9508
9509
9510
9511
9512
9513
9514
9515
9516
9517
9518
9519
9520
9521
9522
9523
9524
9525
9526
9527
9528
9529
9530
9531
9532
9533
9534
9535
9536
9537
9538
9539
9540
9541
9542
9543
9544
9545
9546
9547
9548
9549
9550
9551
9552
9553
9554
9555
9556
9557
9558
9559
9560
9561
9562
9563
9564
9565
9566
9567
9568
9569
9570
9571
9572
9573
9574
9575
9576
9577
9578
9579
9580
9581
9582
9583
9584
9585
9586
9587
9588
9589
9590
9591
9592
9593
9594
9595
9596
9597
9598
9599
9600
9601
9602
9603
9604
9605
9606
9607
9608
9609
9610
9611
9612
9613
9614
9615
9616
9617
9618
9619
9620
9621
9622
9623
9624
9625
9626
9627
9628
9629
9630
9631
9632
9633
9634
9635
9636
9637
9638
9639
9640
9641
9642
9643
9644
9645
9646
9647
9648
9649
9650
9651
9652
9653
9654
9655
9656
9657
9658
9659
9660
9661
9662
9663
9664
9665
9666
9667
9668
9669
9670
9671
9672
9673
9674
9675
9676
9677
9678
9679
9680
9681
9682
9683
9684
9685
9686
9687
9688
9689
9690
9691
9692
9693
9694
9695
9696
9697
9698
9699
9700
9701
9702
9703
9704
9705
9706
9707
9708
9709
9710
9711
9712
9713
9714
9715
9716
9717
9718
9719
9720
9721
9722
9723
9724
9725
9726
9727
9728
9729
9730
9731
9732
9733
9734
9735
9736
9737
9738
9739
9740
9741
9742
9743
9744
9745
9746
9747
9748
9749
9750
9751
9752
9753
9754
9755
9756
9757
9758
9759
9760
9761
9762
9763
9764
9765
9766
9767
9768
9769
9770
9771
9772
9773
9774
9775
9776
9777
9778
9779
9780
9781
9782
9783
9784
9785
9786
9787
9788
9789
9790
9791
9792
9793
9794
9795
9796
9797
9798
9799
9800
9801
9802
9803
9804
9805
9806
9807
9808
9809
9810
9811
9812
9813
9814
9815
9816
9817
9818
9819
9820
9821
9822
9823
9824
9825
-0.01179793309594643 -0.02921069444525218 0
-0.01496937870071709 -0.02769353810109398 0
-0.01794097998370738 -0.02582397021589579 0
-0.02078433771938708 -0.0236749886001666 0
-0.02325448655752194 -0.02121967679306733 0
-0.02550272004188488 -0.01845604566822129 0
-0.02742548206196602 -0.01549516714886512 0
-0.02897668565016889 -0.01227521794192725 0
-0.03003645632650834 -0.00956146917460393 0
-0.008981888226481542 -0.03016438944748989 0
-0.006738569830540953 -0.03076376457822694 0
-0.03063373060864016 -0.007296823083262725 0
-0.03109241789549397 -0.00498418255421613 0
-0.01339156329958871 -0.02851780287835203 0
-0.02649743828055737 -0.01699706197583217 0
-0.02442776081086296 -0.01985695981285892 0
-0.02205641332272361 -0.02249864117778796 0
-0.01649861816586106 -0.02681063128423771 0
-0.02823389508970198 -0.01392341622253423 0
-0.03133468899182507 -0.003217495279842536 0
-0.01939671660352126 -0.02479479252272358 0
-0.005041553503513522 -0.03100223842385625 0
-0.003233830986612477 -0.03133007452836943 0
-0.02131933832959239 -0.002527848713905919 0
-0.002488988026276495 -0.02144128136827419 0
-0.0109600904471269 -0.01034422764045908 0
-0.001599194665742316 -0.02670940054840128 0
-0.02674058888471322 -0.00163726683433074 0
-0.02959089042135757 -0.0007772364299957375 0
-0.0008102921065655468 -0.02949352406758793 0
-0.007869495092633717 -0.03050789951271479 0
-0.01011903664900109 -0.02980972070547457 0
-0.02942019847938736 -0.01122095642343652 0
-0.03088679666044512 -0.006143678027311229 0
-0.03033020341105667 -0.008431673160538984 0
-0.03141561832644284 -0.002061408658932119 0
-0.002058915388671942 -0.03141297850673375 0
-0.0008834958938114686 -0.03154348872755269 0
-0.03152006288094362 -0.0008830577804353545 0
-0.01332947769899297 -0.006930301642002692 0
-0.01495752059217987 -0.01074235035208473 0
-0.01260673356619947 -0.01404082778763397 0
-0.01691302885335262 -0.014654277659825 0
-0.01476706624921505 -0.01846071524596836 0
-0.01935133845998425 -0.01151214495649498 0
-0.02034833276433286 -0.01462064066616093 0
-0.02213382775075943 -0.01116747554587813 0
-0.01052371392850932 -0.01757950484354342 0
-0.01235353063582472 -0.02083786712048894 0
-0.01588317440019253 -0.02082856146570157 0
-0.01423256856806391 -0.02367068655881323 0
-0.0237835265390239 -0.01402170147908605 0
-0.009127875926680672 -0.02110314977274531 0
-0.009680559617824538 -0.02368792979305854 0
-0.006650153442498954 -0.01747736296896965 0
-0.01789009214056541 -0.018009239171877 0
-0.01905836039690325 -0.02115273568563966 0
-0.007438436897773905 -0.02386408647737254 0
-0.007987887314596185 -0.0262007480498324 0
-0.01074934305475404 -0.0266248143971769 0
-0.005742408998471227 -0.02588963007156839 0
-0.006621173071562187 -0.02826442424058267 0
-0.02196951049710437 -0.008247571836552031 0
-0.0245980963460539 -0.008586762842022724 0
-0.02568075300497301 -0.01146667917750787 0
-0.03048682444884073 -0.0005969147795588317 0
-0.03022137059424506 -0.001517228681185602 0
-0.02937726323084319 -0.001728468525775702 0
-0.03001813946086816 -0.002543540974641006 0
-0.02881216506037107 -0.002763250663997028 0
-0.02960614377915 -0.0037045099016924 0
-0.02826124699403926 -0.003985087779443195 0
-0.02918820797029 -0.004797713827473372 0
-0.0279833619820299 -0.005337284615114982 0
-0.02881553862310127 -0.006656790473328223 0
-0.02642921447825326 -0.003726015831047478 0
-0.02726473013359668 -0.00668643127895537 0
-0.02845147789889458 -0.007810975920659447 0
-0.02939403956695959 -0.007467217228517715 0
-0.02904137240094434 -0.008685546440370399 0
-0.02812086967902562 -0.008963406384736713 0
-0.02973183489002847 -0.006449026191945593 0
-0.02675103519474735 -0.008249370559568984 0
-0.02895115479669851 -0.009586461877979496 0
-0.02800967982694024 -0.009967164010436975 0
-0.02875954819708555 -0.01045282881296652 0
-0.02795498141061868 -0.0109359009842701 0
-0.02690437987887596 -0.01051143838495056 0
-0.02933101956098364 -0.01023048177293668 0
-0.0008109569070226882 -0.03049471225733163 0
-0.001752203813577134 -0.03006186350567774 0
-0.001729198863473651 -0.02910749487231156 0
-0.002714258450774122 -0.02961919164684789 0
-0.002518448888941226 -0.03037930685160738 0
-0.003681818231084758 -0.0301181277683081 0
-0.003670873933912622 -0.02895150365750337 0
-0.004664997600710936 -0.02964053512053606 0
-0.004665734955219991 -0.0285801879624757 0
-0.003894108190392659 -0.02731573217984025 0
-0.03018975452599798 -0.004514285759628473 0
-0.03049039033121536 -0.003791047335609635 0
-0.004353349241561038 -0.03047969238095659 0
-0.005011991632860712 -0.03032536993155901 0
-0.005738018436421041 -0.02912737821547923 0
-0.007185047539488112 -0.02950220910582393 0
-0.007718209805226759 -0.02868398312542412 0
-0.005990424544587394 -0.03014598232612872 0
-0.007915672782456255 -0.02957719176191843 0
-0.008836555663535457 -0.02870051395950849 0
-0.007997618457204127 -0.01343741493200088 0
-0.003495413031619154 -0.02550541088236043 0
-0.02446162847789325 -0.002118619020926758 0
-0.02362041943912484 -0.004857426526899397 0
-0.001553156180653784 -0.03079419022056425 0
-0.01896030873885135 -0.02516141304749822 0
-0.01885589464526836 -0.02456691422166215 0
-0.01934469931218567 -0.02417392374423276 0
-0.01882933683682424 -0.02395376042931888 0
-0.01926879125592237 -0.0232197684837747 0
-0.01823156329934626 -0.02432529923339052 0
-0.01835619384042334 -0.02324976924457029 0
-0.01755542364603575 -0.0238050545991038 0
-0.01692228967163182 -0.02465953462854828 0
-0.01991210304510713 -0.02378387492296175 0
-0.02000687079701434 -0.02304938456404968 0
-0.01624686765541786 -0.02363192432805895 0
-0.015869925727963 -0.02476354862178935 0
-0.01401971135963281 -0.02511112319980696 0
-0.01536395386141963 -0.02609288995614413 0
-0.01670654431216465 -0.02551715129077174 0
-0.01289578290666276 -0.02477863482800914 0
-0.01276107214404284 -0.02628253250264821 0
-0.01406684316820716 -0.02686263761410791 0
-0.01289327456987939 -0.02739913325225654 0
-0.01391292373849736 -0.02763969882681806 0
-0.01741284380417809 -0.02527422584156806 0
-0.01805019094874465 -0.02510285667734258 0
-0.01703548761242654 -0.02647181896610883 0
-0.01732112342989517 -0.02592810804883792 0
-0.01549001575859329 -0.02741837338204343 0
-0.01498971785884005 -0.02710842195112882 0
-0.014483384570365 -0.0273533680891252 0
-0.009563203503598867 -0.03000421513500007 0
-0.009664054240809761 -0.02939924213970001 0
-0.01027052912793643 -0.02920521386704807 0
-0.009893707013334016 -0.02883369992294974 0
-0.01044633241584604 -0.02854143104163561 0
-0.009621614078498271 -0.0282042370633894 0
-0.01086638052439341 -0.02900649201903314 0
-0.01120050051955835 -0.0283316335196687 0
-0.02797839003340032 -0.01445397793887693 0
-0.02763798540497772 -0.01396324447648667 0
-0.02791412307621807 -0.01338743573662595 0
-0.02719367085816704 -0.01335393571830287 0
-0.0269349546376302 -0.01400440919567561 0
-0.02759138335547793 -0.01283438472494343 0
-0.02642168018239168 -0.01348475396635358 0
-0.02612914247674371 -0.0142624455528066 0
-0.02717216702175021 -0.01151761027479118 0
-0.0253454889618803 -0.01329055062545492 0
-0.02507000822120468 -0.01564107879477246 0
-0.02825015569246111 -0.01279816438483358 0
-0.02779627267271102 -0.01214610484301951 0
-0.02653000613238279 -0.01498292040157945 0
-0.02850553193425485 -0.01162560553163521 0
-0.01233148827358376 -0.02897442485472396 0
-0.01185881117706736 -0.02860417855877984 0
-0.01240894989935566 -0.02839135472587984 0
-0.01188153479720271 -0.02793503097410501 0
-0.03137831491511921 -0.002644583681361942 0
-0.03087767135871944 -0.002323756660844372 0
-0.003801795392335734 -0.03126962209505642 0
-0.004403849349586407 -0.03108512872468672 0
-0.002617387264069041 -0.03137600429736273 0
-0.007297686692712765 -0.03063519126235673 0
-0.02681911221070524 -0.01649448692043138 0
-0.0262211276207424 -0.01646266433739584 0
-0.02590545868099885 -0.01697046863296403 0
-0.02655584412610054 -0.0159789490565417 0
-0.02480346575334965 -0.01940350158453437 0
-0.02421549071717526 -0.01929871609414203 0
-0.02380781890286042 -0.0197905020867801 0
-0.02359815222779656 -0.0192689825303085 0
-0.02309278057615583 -0.01969914103419268 0
-0.02402550018744475 -0.01861674517448791 0
-0.02289532321558601 -0.01894553438923354 0
-0.02295949802936791 -0.01787013715542482 0
-0.02215546258571252 -0.01977305174484051 0
-0.02174122462639368 -0.01857970463111256 0
-0.02407249614486472 -0.01759832012758936 0
-0.0231947130816238 -0.0165905538137672 0
-0.0208634779326197 -0.01959621676037796 0
-0.021524874594768 -0.02077084427433165 0
-0.02340361157651464 -0.02025260491129117 0
-0.02232613638753956 -0.02060830583625362 0
-0.02192565924769087 -0.02145437587952678 0
-0.02125022749714729 -0.02165260291012712 0
-0.02002298829129026 -0.01806781241465711 0
-0.02152757698061262 -0.01677123195250419 0
-0.02585240832533277 -0.01798223486941715 0
-0.02534446559687838 -0.01794589673976512 0
-0.02482384269362953 -0.01830289568946769 0
-0.0311958385802541 -0.004420988230421977 0
-0.01444544066281859 -0.02796646396869271 0
-0.0229485487256372 -0.02168957116528026 0
-0.02405626775175823 -0.02032145226624641 0
-0.03017779029037755 -0.009000486670653752 0
-0.02771106085027876 -0.01497745542416033 0
-0.02120919837722771 -0.02327584679951985 0
-0.02064069544970044 -0.02308229028733098 0
-0.02110088046735879 -0.02271555703727192 0
-0.02050675743376772 -0.02249408701164931 0
-0.01965462129738314 -0.0223025686746435 0
-0.008436205636230714 -0.03035139894832346 0
-0.02918426122244462 -0.01169111664001247 0
-0.0311669400005042 -0.003819405666465063 0
-0.03099577345390048 -0.005565053019792325 0
-0.03046921480866061 -0.005767646275441574 0
-0.02618413572181036 -0.01749568014169326 0
-0.02852011462546927 -0.01337097746143379 0
-0.0251573062556334 -0.018932127628281 0
-0.005610895444598923 -0.03106807245659479 0
-0.01600000000000004 -0.02712393384298482 0
-0.03049322605181465 -0.007865809053845143 0
-0.01989735550490469 -0.02442115439090216 0
-0.01069523640030351 -0.02962068289576652 0
-0.006117415199743974 -0.03079413503303601 0
-0.001471682935893078 -0.03145698549535275 0
-0.03145698549535274 -0.00147168293589308 0
-0.03095572776086437 -0.001127108804977964 0
-0.03076709389271669 -0.00672351244515871 0
-0.02242569182206837 -0.0219528249215417 0
-0.02592588725638531 -0.01584117579460083 0
-0.01797636989842235 -0.003062135733592435 0
-0.0299124074443911 -0.008004893155853871 0
-0.0297387993013973 -0.008546953664082776 0
-0.01204268045914917 -0.02699873205478933 0
-0.01286696310390303 -0.02875483837503085 0
-0.02713337988381698 -0.01600557207719904 0
-0.02164330462285974 -0.02289437979911479 0
-0.01727517892097184 -0.007403469346102034 0
-0.01752460711956898 -0.0222690772673798 0
-0.01390771999658118 -0.02824584684971639 0
-0.0159754372283447 -0.02650489409119705 0
-0.01648183725465439 -0.02621228009719987 0
-0.0159472838540625 -0.02572003354623273 0
-0.006907610677751494 -0.0301847583729728 0
-0.02038695098548663 -0.0207053229473393 0
-0.01129706940990959 -0.02754413481203021 0
-0.009020983357352887 -0.02948632272231089 0
-0.003030453674692508 -0.01757474369631423 0
-0.02967116773561271 -0.01069628671527657 0
-0.03092524928806363 -0.001746510848056711 0
-0.01549409024212809 -0.02683489745538629 0
-0.02740853714606658 -0.0144858348234915 0
-0.00343993235591949 -0.03081926177237046 0
-0.02460370208882654 -0.01890095872781203 0
-0.02836726444456288 -0.001109895781667078 0
-0.007537316879593384 -0.03006898273203543 0
-0.0305669745361507 -0.005131487326299929 0
-0.03078542066089133 -0.002879219475170115 0
-0.02957030915916324 -0.009169105980464339 0
-0.02557023578296872 -0.01746438604342378 0
-0.0252591820749901 -0.01696188964605704 0
-0.03114718012472695 -0.0004882698477656448 0
-0.000546455522227896 -0.03117077005760452 0
-0.03004631917478326 -0.007417384744756156 0
-0.01850391176270949 -0.02547565939205564 0
-0.02581944144158526 -0.01509759886979806 0
-0.02247527349389578 -0.01514578908563555 0
-0.02997837244764937 -0.005342531221942072 0
-0.0245546905766919 -0.01659096384291107 0
-0.02877725958214367 -0.01283142805862805 0
-0.01151276598086393 -0.02535790032587337 0
-0.01126609035185199 -0.02941160861100739 0
-0.02363237941574432 -0.0207853310889702 0
-0.02036367378334131 -0.02407564024786549 0
-0.02151613767934819 -0.02235460676221966 0
-0.01291176629213135 -0.02813407369307452 0
-0.01342476723195362 -0.0278514363215731 0
-0.02685594004516072 -0.01548528624119759 0
-0.008622330197643288 -0.02766961056519167 0
-0.02548939240516887 -0.01641137350811687 0
-0.03019673296757262 -0.006882796180135233 0
-0.0094953204092187 -0.02692848732089116 0
-0.03032408070758369 -0.00323239822554478 0
-0.004687294215184083 -0.0147520895383196 0
-0.002141995540509005 -0.03082899167364423 0
-0.01245365613934229 -0.02777620180606229 0
-0.01928285818427569 -0.01958709861257754 0
-0.01906375577039241 -0.01625020640157651 0
-0.0288479520942891 -0.01109824769648412 0
-0.008484196009735129 -0.02982142722323173 0
-0.006451392375801603 -0.02971594711784541 0
-0.02671998527933797 -0.01255778388505416 0
-0.02296426619175533 -0.02072196490785226 0
-0.02930369265496163 -0.005779804972259809 0
-0.001722563471424934 -0.02432042389578292 0
-0.01140591138368346 -0.02887841151004053 0
-0.02031325093149706 -0.02347414044528504 0
-0.0176607187952662 -0.02469257940000789 0
-0.02633742380032292 -0.01547718607274353 0
-0.01461836675191197 -0.003517351775699421 0
-0.02714272436207165 -0.01499871802621019 0
-0.03036450531619322 -0.006344497062436483 0
-0.03076573472018294 -0.004642828137327787 0
-0.02508667311108979 -0.006593970975517687 0
-0.02250902540566316 -0.02120369414389631 0
-0.02211793224399881 -0.01328573550392609 0
-0.02186621116563816 -0.02199572129341777 0
-0.0271333677889073 -0.009437451652570704 0
-0.02586306744708755 -0.009793473388723488 0
-0.002554799368056356 -0.02823771801030327 0
-0.002840799745422708 -0.03086781558595105 0
-0.02843222463039833 -0.01226476913892382 0
-0.00111558083397298 -0.02837739916523697 0
-0.005560799049382612 -0.0207890003521153 0
-0.02386205016160054 -0.01229021334126219 0
-0.02411077246896782 -0.01050913771572008 0
-0.03083894775667128 -0.003383410616961367 0
-0.0149815080850637 -0.02658050684018418 0
-0.01877251478204021 -0.02243878387120159 0
-0.02988297148785547 -0.01013099235939151 0
-0.005540286397113054 -0.03053716257082427 0
-0.005389143722338629 -0.02995528563290546 0
-0.01552716697123158 -0.02232031577448351 0
-0.006659222635597498 -0.02903729830175417 0
-0.02953206785847372 -0.009706563896509618 0
-0.02394956212483006 -0.01542470792948199 0
-0.01758093258923158 -0.02631172502607753 0
-0.02022417306514102 -0.005272875841223729 0
-0.008048577280129841 -0.03006538003564477 0
-0.001053149487921783 -0.03109202935168117 0
-0.01046836331463083 -0.02769578969246533 0
-0.006436894446220185 -0.03035178153310592 0
-0.02278845146353557 -0.02021101368688605 0
-0.02484546962164748 -0.01742511545300883 0
-0.007041191940739879 -0.02736141281259798 0
-0.02501619496087798 -0.01462301387523334 0
-0.02751728911143951 -0.002891675430392882 0
-0.03159389710690667 -0.0004140729919123278 0
-0.0004140729919123422 -0.03159389710690668 0
-0.009407382870706079 -0.02892480316157171 0
-0.01456870154704105 -0.02681222246856727 0
-0.01747527935878889 -0.01999126469557427 0
-0.02637587108723308 -0.00553451359523932 0
-0.0185439623617487 -0.02492214654064906 0
-0.01497966141397508 -0.02524397677530118 0
-0.03051060767547407 -0.002032759291181923 0
-0.005617105932134497 -0.02775646091375737 0
-0.003936781477394805 -0.03077062148037454 0
-0.009477385545838548 -0.02544399439403414 0
-0.03076800489774149 -0.004216421251656827 0
-0.01344547464214441 -0.02700592564761574 0
-0.01688624815228518 -0.02603233960072959 0
-0.004408101579158054 -0.02363497217457896 0
-0.003093203436485011 -0.03047325439235207 0
-0.01444452511270865 -0.02610557876902067 0
-0.01361396700028605 -0.02600011536829067 0
-0.002135737194189356 -0.01401602980357181 0
-0.02931690346347283 -0.00808183283011989 0
-0.008502037563371418 -0.02934261408292182 0
-0.00470268593188042 -0.03072310736526464 0
-0.02041433473352197 -0.021759243004035 0
-0.02785723825983369 -0.011556305408429 0
-0.02920597721347167 -0.01073976028422008 0
-0.02204844676557652 -0.02100515173908876 0
-0.02996952402349866 -0.005936701144805107 0
-0.01166115279686773 -0.02308081667083802 0
-0.02964334258894278 -0.006972477962553352 0
-0.02098729776168634 -0.02219334890675948 0
-0.0268762143316791 -0.01455606324142915 0
-0.01433234432684938 -0.02096704765720819 0
$EndNodes
$Elements
18 19648 1 19648
1 19 1 50
1 1 57 
2 57 58 
3 58 59 
4 59 60 
5 60 61 
6 61 62 
7 62 63 
8 63 64 
9 64 65 
10 65 66 
11 66 67 
12 67 68 
13 68 69 
14 69 70 
15 70 71 
16 71 72 
17 72 73 
18 73 74 
19 74 75 
20 75 76 
21 76 77 
22 77 78 
23 78 79 
24 79 80 
25 80 81 
26 81 82 
27 82 83 
28 83 84 
29 84 85 
30 85 86 
31 86 87 
32 87 88 
33 88 89 
34 89 90 
35 90 91 
36 91 92 
37 92 93 
38 93 94 
39 94 95 
40 95 96 
41 96 97 
42 97 98 
43 98 99 
44 99 100 
45 100 101 
46 101 102 
47 102 103 
48 103 104 
49 104 105 
50 105 2 
1 20 1 50
51 3 106 
52 106 107 
53 107 108 
54 108 109 
55 109 110 
56 110 111 
57 111 112 
58 112 113 
59 113 114 
60 114 115 
61 115 116 
62 116 117 
63 117 118 
64 118 119 
65 119 120 
66 120 121 
67 121 122 
68 122 123 
69 123 124 
70 124 125 
71 125 126 
72 126 127 
73 127 128 
74 128 129 
75 129 130 
76 130 131 
77 131 132 
78 132 133 
79 133 134 
80 134 135 
81 135 136 
82 136 137 
83 137 138 
84 138 139 
85 139 140 
86 140 141 
87 141 142 
88 142 143 
89 143 144 
90 144 145 
91 145 146 
92 146 147 
93 147 148 
94 148 149 
95 149 150 
96 150 151 
97 151 152 
98 152 153 
99 153 154 
100 154 1 
1 21 1 50
101 2 155 
102 155 156 
103 156 157 
104 157 158 
105 158 159 
106 159 160 
107 160 161 
108 161 162 
109 162 163 
110 163 164 
111 164 165 
112 165 166 
113 166 167 
114 167 168 
115 168 169 
116 169 170 
117 170 171 
118 171 172 
119 172 173 
120 173 174 
121 174 175 
122 175 176 
123 176 177 
124 177 178 
125 178 179 
126 179 180 
127 180 181 
128 181 182 
129 182 183 
130 183 184 
131 184 185 
132 185 186 
133 186 187 
134 187 188 
135 188 189 
136 189 190 
137 190 191 
138 191 192 
139 192 193 
140 193 194 
141 194 195 
142 195 196 
143 196 197 
144 197 198 
145 198 199 
146 199 200 
147 200 201 
148 201 202 
149 202 203 
150 203 4 
1 22 1 50
151 4 204 
152 204 205 
153 205 206 
154 206 207 
155 207 208 
156 208 209 
157 209 210 
158 210 211 
159 211 212 
160 212 213 
161 213 214 
162 214 215 
163 215 216 
164 216 217 
165 217 218 
166 218 219 
167 219 220 
168 220 221 
169 221 222 
170 222 223 
171 223 224 
172 224 225 
173 225 226 
174 226 227 
175 227 228 
176 228 229 
177 229 230 
178 230 231 
179 231 232 
180 232 233 
181 233 234 
182 234 235 
183 235 236 
184 236 237 
185 237 238 
186 238 239 
187 239 240 
188 240 241 
189 241 242 
190 242 243 
191 243 244 
192 244 245 
193 245 246 
194 246 247 
195 247 248 
196 248 249 
197 249 250 
198 250 251 
199 251 252 
200 252 3 
2 1 2 76
201 1292 1325 1307 
202 1293 1325 1292 
203 1316 1321 1306 
204 1314 1316 1306 
205 1291 1321 1290 
206 18 1321 1291 
207 1302 1322 1301 
208 1311 1321 1316 
209 1316 1323 1311 
210 1310 1322 1302 
211 1307 1325 1319 
212 1304 1320 1313 
213 1306 1321 18 
214 1290 1321 1311 
215 1301 1322 1300 
216 1319 1327 1307 
217 1300 1322 1304 
218 1313 1328 1304 
219 1294 1325 1293 
220 1313 1320 1315 
221 1318 1319 1317 
222 1315 1320 1318 
223 1315 1318 1317 
224 1315 1317 1316 
225 1308 1325 1294 
226 1323 1324 1305 
227 1315 1316 1314 
228 1304 1322 1320 
229 1296 1306 18 
230 1300 1304 20 
231 1303 1310 1302 
232 1288 1305 17 
233 1295 1308 1294 
234 1292 1307 19 
235 1290 1311 1289 
236 1298 1309 1297 
237 1319 1325 1308 
238 1313 1315 1314 
239 1308 1324 1319 
240 1318 1327 1319 
241 1312 1328 1313 
242 1305 1330 1323 
243 1317 1323 1316 
244 1313 1314 1309 
245 1317 1324 1323 
246 1310 1332 1327 
247 1319 1324 1317 
248 1324 1329 1305 
249 1310 1326 1322 
250 1323 1330 1311 
251 1314 1331 1309 
252 1306 1331 1314 
253 1310 1327 1326 
254 1312 1313 1309 
255 1322 1326 1320 
256 1320 1326 1318 
257 1308 1329 1324 
258 1299 1312 1298 
259 1297 1331 1296 
260 1289 1330 1288 
261 17 1329 1295 
262 19 1332 1303 
263 20 1328 1299 
264 1311 1330 1289 
265 1295 1329 1308 
266 1309 1331 1297 
267 1303 1332 1310 
268 1305 1329 17 
269 1288 1330 1305 
270 1296 1331 1306 
271 1307 1332 19 
272 1298 1312 1309 
273 1304 1328 20 
274 1327 1332 1307 
275 1326 1327 1318 
276 1299 1328 1312 
2 6 2 248
277 1364 1377 1363 
278 1395 1420 1401 
279 911 1399 910 
280 1410 1411 1366 
281 1366 1412 1410 
282 1362 1372 1369 
283 899 1382 898 
284 1389 1433 1387 
285 1357 1363 1360 
286 1361 1371 1362 
287 1339 1382 899 
288 1387 1388 1338 
289 1362 1369 1368 
290 1363 1373 1360 
291 1373 1423 1406 
292 1406 1423 1334 
293 1368 1375 1367 
294 1359 1368 1367 
295 1411 1417 1366 
296 1383 1384 1347 
297 1381 1426 1382 
298 1376 1395 1337 
299 1357 1364 1363 
300 910 1399 1340 
301 1410 1412 1333 
302 1377 1383 1340 
303 1359 1365 1355 
304 1359 1430 1365 
305 1370 1395 1361 
306 1337 1435 1376 
307 1394 1435 1337 
308 1413 1422 1345 
309 1398 1399 911 
310 1342 1417 1411 
311 1388 1418 1338 
312 907 1385 906 
313 1374 1381 1339 
314 1347 1385 907 
315 1396 1433 1348 
316 1361 1362 1358 
317 1365 1381 1355 
318 1388 1422 1413 
319 1369 1375 1368 
320 1367 1412 1366 
321 1378 1433 1396 
322 1372 1422 1369 
323 1356 1368 1359 
324 1361 1395 1376 
325 1375 1378 1367 
326 1378 1397 1367 
327 1340 1399 1377 
328 1369 1387 1375 
329 1384 1385 1347 
330 1357 1360 1358 
331 1381 1382 1339 
332 1397 1412 1367 
333 1371 1431 1391 
334 1396 1397 1378 
335 1387 1433 1375 
336 1406 1407 1373 
337 1359 1367 1366 
338 1365 1426 1381 
339 1395 1401 1337 
340 1361 1376 1371 
341 1369 1388 1387 
342 1383 1409 1340 
343 1363 1400 1373 
344 1343 1400 1379 
345 1379 1398 1343 
346 1343 1408 1400 
347 1357 1414 1364 
348 1429 1432 1391 
349 1370 1420 1395 
350 1370 1407 1405 
351 1408 1423 1400 
352 1347 1409 1383 
353 1382 1416 898 
354 1354 1414 1357 
355 1376 1415 1371 
356 1366 1430 1359 
357 1360 1436 1358 
358 1362 1368 1358 
359 1380 1381 1374 
360 1335 1419 1386 
361 886 1345 885 
362 910 1340 909 
363 882 1346 881 
364 11 1334 914 
365 913 1343 912 
366 876 1341 875 
367 905 1335 904 
368 891 1348 890 
369 879 1337 878 
370 903 1344 902 
371 897 1342 896 
372 889 1338 888 
373 900 1339 899 
374 894 1333 893 
375 884 1336 883 
376 908 1347 907 
377 1360 1407 1370 
378 1338 1389 1387 
379 1402 1421 1351 
380 1384 1386 1385 
381 1350 1374 1349 
382 1405 1406 1404 
383 1364 1384 1383 
384 1377 1399 1379 
385 1376 1435 1415 
386 1379 1400 1363 
387 1344 1351 1350 
388 1333 1412 1397 
389 1386 1419 1385 
390 1377 1379 1363 
391 1335 1421 1402 
392 1358 1368 1356 
393 1384 1414 1386 
394 1364 1383 1377 
395 1358 1436 1361 
396 1355 1381 1380 
397 1422 1434 1345 
398 1356 1359 1355 
399 1341 1420 1405 
400 1344 1402 1351 
401 1386 1421 1335 
402 1391 1432 1371 
403 1375 1433 1378 
404 1379 1399 1398 
405 1336 1429 1391 
406 1344 1350 1349 
407 1336 1391 1390 
408 1341 1405 1404 
409 1385 1419 906 
410 1350 1380 1374 
411 1369 1422 1388 
412 1372 1432 1429 
413 1405 1420 1370 
414 1371 1432 1362 
415 904 1402 903 
416 902 1349 901 
417 885 1403 884 
418 892 1396 891 
419 880 1394 879 
420 914 1408 913 
421 895 1410 894 
422 912 1398 911 
423 877 1393 876 
424 875 1404 874 
425 881 1392 880 
426 896 1411 895 
427 878 1401 877 
428 883 1390 882 
429 909 1409 908 
430 1346 1392 881 
431 913 1408 1343 
432 1337 1401 878 
433 1336 1390 883 
434 894 1410 1333 
435 1334 1408 914 
436 1343 1398 912 
437 1340 1409 909 
438 1345 1403 885 
439 1335 1402 904 
440 908 1409 1347 
441 882 1390 1346 
442 903 1402 1344 
443 884 1403 1336 
444 891 1396 1348 
445 876 1393 1341 
446 1341 1404 875 
447 879 1394 1337 
448 1344 1349 902 
449 1342 1411 896 
450 1339 1425 1374 
451 1334 1424 1406 
452 1391 1431 1390 
453 886 1413 1345 
454 898 1416 897 
455 906 1419 905 
456 1338 1418 888 
457 1355 1380 1352 
458 1346 1415 1392 
459 887 1413 886 
460 1397 1428 1333 
461 11 1424 1334 
462 900 1425 1339 
463 1348 1427 890 
464 889 1427 1338 
465 1333 1428 893 
466 1386 1414 1353 
467 1357 1358 1356 
468 1396 1428 1397 
469 1405 1407 1406 
470 1406 1424 1404 
471 1374 1425 1349 
472 1373 1407 1360 
473 1393 1420 1341 
474 1354 1357 1356 
475 1390 1431 1346 
476 1338 1427 1389 
477 1389 1427 1348 
478 897 1416 1342 
479 888 1418 887 
480 905 1419 1335 
481 1354 1355 1352 
482 1351 1421 1353 
483 1361 1436 1370 
484 1362 1432 1372 
485 1342 1426 1417 
486 877 1401 1393 
487 895 1411 1410 
488 1392 1394 880 
489 1345 1434 1403 
490 1351 1353 1352 
491 1351 1352 1350 
492 874 1424 11 
493 901 1425 900 
494 890 1427 889 
495 893 1428 892 
496 1403 1434 1429 
497 1416 1426 1342 
498 1370 1436 1360 
499 1404 1424 874 
500 1349 1425 901 
501 892 1428 1396 
502 887 1418 1413 
503 1413 1418 1388 
504 1415 1435 1392 
505 1403 1429 1336 
506 1348 1433 1389 
507 1352 1380 1350 
508 1392 1435 1394 
509 1334 1423 1408 
510 1364 1414 1384 
511 1354 1356 1355 
512 1346 1431 1415 
513 1353 1414 1354 
514 1353 1421 1386 
515 1353 1354 1352 
516 1415 1431 1371 
517 1400 1423 1373 
518 1382 1426 1416 
519 1417 1426 1365 
520 1372 1434 1422 
521 1417 1430 1366 
522 1429 1434 1372 
523 1365 1430 1417 
524 1401 1420 1393 
2 7 2 258
525 1463 1466 1464 
526 1493 1494 1472 
527 1470 1471 1461 
528 1500 1530 1483 
529 1483 1535 1500 
530 1465 1473 1470 
531 1466 1474 1464 
532 1443 1522 1510 
533 938 1497 1452 
534 1470 1475 1471 
535 1447 1510 1478 
536 1490 1543 1523 
537 1448 1530 1500 
538 1440 1537 1506 
539 1510 1522 1478 
540 1440 1506 1505 
541 1490 1523 1445 
542 1498 1499 1488 
543 1486 1535 1483 
544 1463 1464 1462 
545 1500 1535 1442 
546 1444 1498 1488 
547 1475 1537 1476 
548 1484 1536 1481 
549 1475 1476 1471 
550 939 1497 938 
551 1478 1519 1447 
552 1459 1483 1482 
553 1527 1544 1511 
554 1465 1477 1473 
555 1451 1485 1480 
556 1463 1541 1466 
557 1441 1527 1511 
558 1499 1517 1445 
559 1468 1480 1467 
560 1466 1523 1474 
561 1494 1496 1495 
562 1477 1527 1473 
563 1493 1522 1492 
564 1465 1470 1462 
565 1482 1530 1484 
566 1492 1522 1443 
567 1445 1523 1499 
568 1452 1497 1494 
569 1494 1495 1472 
570 1482 1484 1481 
571 1483 1530 1482 
572 1484 1530 1515 
573 1515 1530 1448 
574 1518 1519 1476 
575 1480 1487 1451 
576 1462 1470 1461 
577 1439 1487 1481 
578 1463 1468 1467 
579 1472 1495 1461 
580 1471 1545 1461 
581 1481 1536 1439 
582 1461 1495 1458 
583 1464 1540 1462 
584 1460 1463 1462 
585 1484 1515 1491 
586 1476 1519 1471 
587 1476 1537 1489 
588 1523 1543 1474 
589 1477 1533 1502 
590 1447 1519 1518 
591 1460 1539 1463 
592 1477 1544 1527 
593 1489 1518 1476 
594 934 1447 933 
595 941 1437 940 
596 948 1448 947 
597 929 1449 928 
598 953 1451 952 
599 923 1446 922 
600 926 1441 925 
601 12 1444 955 
602 951 1439 950 
603 946 1442 945 
604 920 1438 919 
605 931 1440 930 
606 936 1443 935 
607 943 1450 942 
608 938 1452 937 
609 917 1445 916 
610 1459 1486 1483 
611 1494 1497 1496 
612 1455 1529 1516 
613 1462 1540 1465 
614 1480 1485 1467 
615 1489 1537 1440 
616 1453 1479 1454 
617 928 1508 927 
618 1495 1496 1457 
619 1449 1508 928 
620 1451 1525 1485 
621 1452 1494 1493 
622 1454 1455 1450 
623 1506 1507 1449 
624 1496 1538 1437 
625 1481 1487 1480 
626 1491 1536 1484 
627 1516 1529 1437 
628 1482 1539 1459 
629 1473 1521 1507 
630 1488 1526 1444 
631 1473 1509 1470 
632 1471 1519 1478 
633 1507 1509 1473 
634 1478 1522 1472 
635 1465 1533 1477 
636 1498 1517 1499 
637 1441 1524 1521 
638 1455 1516 1450 
639 1461 1545 1472 
640 1467 1541 1463 
641 1521 1527 1441 
642 1438 1520 1504 
643 1507 1508 1449 
644 1507 1521 1508 
645 1513 1520 1438 
646 1502 1528 1446 
647 1452 1493 1492 
648 1505 1506 1449 
649 1453 1454 1450 
650 1438 1504 1503 
651 1437 1529 1496 
652 1514 1526 1485 
653 1497 1538 1496 
654 1442 1535 1479 
655 955 1514 954 
656 950 1491 949 
657 924 1501 923 
658 930 1505 929 
659 942 1516 941 
660 935 1510 934 
661 949 1515 948 
662 922 1512 921 
663 947 1500 946 
664 932 1489 931 
665 944 1453 943 
666 918 1490 917 
667 925 1511 924 
668 937 1492 936 
669 916 1517 915 
670 933 1518 932 
671 915 1498 12 
672 919 1503 918 
673 921 1513 920 
674 12 1498 1444 
675 941 1516 1437 
676 917 1490 1445 
677 1438 1503 919 
678 920 1513 1438 
679 1446 1512 922 
680 1444 1514 955 
681 929 1505 1449 
682 1452 1492 937 
683 934 1510 1447 
684 936 1492 1443 
685 1439 1491 950 
686 1450 1516 942 
687 1443 1510 935 
688 1447 1518 933 
689 1440 1505 930 
690 946 1500 1442 
691 1441 1511 925 
692 943 1453 1450 
693 931 1489 1440 
694 923 1501 1446 
695 948 1515 1448 
696 1448 1500 947 
697 1445 1517 916 
698 1485 1525 1514 
699 1479 1534 1442 
700 1468 1481 1480 
701 1488 1499 1466 
702 1456 1486 1459 
703 1506 1537 1475 
704 953 1525 1451 
705 1499 1523 1466 
706 926 1524 1441 
707 1501 1502 1446 
708 1451 1531 952 
709 951 1531 1439 
710 1504 1532 1474 
711 1442 1534 945 
712 940 1538 939 
713 1468 1482 1481 
714 1460 1462 1461 
715 1472 1522 1493 
716 1474 1532 1464 
717 1487 1531 1451 
718 1439 1531 1487 
719 927 1524 926 
720 1479 1486 1454 
721 1453 1534 1479 
722 1458 1495 1457 
723 1485 1526 1467 
724 1460 1461 1458 
725 954 1525 953 
726 939 1538 1497 
727 1444 1526 1514 
728 1456 1459 1458 
729 1457 1529 1455 
730 1470 1509 1475 
731 1521 1524 1508 
732 1446 1528 1512 
733 1491 1515 949 
734 924 1511 1501 
735 915 1517 1498 
736 918 1503 1490 
737 1512 1513 921 
738 932 1518 1489 
739 952 1531 951 
740 1479 1535 1486 
741 1456 1457 1455 
742 1467 1526 1488 
743 1454 1456 1455 
744 945 1534 944 
745 1508 1524 927 
746 1506 1509 1507 
747 1514 1525 954 
748 1437 1538 940 
749 1513 1542 1520 
750 1520 1532 1504 
751 944 1534 1453 
752 1439 1536 1491 
753 1463 1539 1468 
754 1496 1529 1457 
755 1472 1545 1478 
756 1504 1543 1503 
757 1502 1533 1528 
758 1469 1532 1520 
759 1473 1527 1521 
760 1459 1460 1458 
761 1454 1486 1456 
762 1478 1545 1471 
763 1456 1458 1457 
764 1469 1540 1532 
765 1520 1542 1469 
766 1474 1543 1504 
767 1501 1544 1502 
768 1475 1509 1506 
769 1533 1540 1469 
770 1459 1539 1460 
771 1528 1542 1512 
772 1512 1542 1513 
773 1469 1542 1528 
774 1503 1543 1490 
775 1465 1540 1533 
776 1511 1544 1501 
777 1502 1544 1477 
778 1468 1539 1482 
779 1488 1541 1467 
780 1466 1541 1488 
781 1528 1533 1469 
782 1532 1540 1464 
2 8 2 254
783 1572 1577 1573 
784 1556 1636 1617 
785 1583 1640 1551 
786 1551 1629 1583 
787 1578 1604 1577 
788 1607 1638 1588 
789 1602 1603 1559 
790 1560 1631 1598 
791 1598 1609 1560 
792 1574 1581 1575 
793 1588 1642 1607 
794 518 1597 517 
795 1577 1582 1573 
796 1553 1597 518 
797 1549 1609 1601 
798 1557 1638 1607 
799 1617 1636 1584 
800 1608 1609 1549 
801 1600 1645 1576 
802 1604 1611 1605 
803 1592 1642 1588 
804 1612 1651 1630 
805 1572 1578 1577 
806 1572 1573 1571 
807 1559 1629 1610 
808 1607 1642 1547 
809 1548 1611 1604 
810 1551 1640 1619 
811 1612 1630 1555 
812 1603 1629 1559 
813 1579 1584 1578 
814 1589 1643 1586 
815 1593 1633 1561 
816 1568 1588 1587 
817 1598 1631 1597 
818 1546 1591 1590 
819 1559 1606 1602 
820 1595 1596 1553 
821 1577 1630 1582 
822 1574 1590 1581 
823 1602 1646 1601 
824 1596 1597 1553 
825 1576 1601 1600 
826 1587 1638 1589 
827 1574 1575 1571 
828 1552 1618 1586 
829 1587 1589 1586 
830 1588 1638 1587 
831 1589 1638 1615 
832 1590 1593 1546 
833 1615 1638 1557 
834 1616 1636 1556 
835 1628 1636 1616 
836 1601 1646 1549 
837 1593 1634 1633 
838 1600 1609 1598 
839 1584 1618 1617 
840 1584 1636 1578 
841 1586 1643 1552 
842 1581 1652 1575 
843 1572 1579 1578 
844 1586 1618 1584 
845 1573 1648 1571 
846 1576 1602 1601 
847 1576 1603 1602 
848 1569 1572 1571 
849 1615 1620 1589 
850 1605 1626 1555 
851 1569 1647 1572 
852 1570 1599 1567 
853 1597 1631 517 
854 1568 1592 1588 
855 491 1556 490 
856 504 1546 503 
857 511 1559 510 
858 516 1560 515 
859 488 1552 487 
860 480 1554 479 
861 502 1561 501 
862 507 1558 506 
863 9 1553 518 
864 493 1548 492 
865 514 1549 513 
866 485 1557 484 
867 496 1555 495 
868 509 1551 508 
869 483 1547 482 
870 499 1550 498 
871 1590 1591 1581 
872 1629 1644 1583 
873 1570 1645 1600 
874 1575 1652 1583 
875 1555 1630 1605 
876 1571 1648 1574 
877 1603 1644 1629 
878 1630 1651 1582 
879 1562 1585 1563 
880 479 1594 478 
881 1596 1598 1597 
882 1554 1594 479 
883 1601 1609 1600 
884 1579 1586 1584 
885 1563 1564 1554 
886 1587 1647 1568 
887 1606 1624 1602 
888 1546 1632 1591 
889 1620 1643 1589 
890 1564 1595 1594 
891 1604 1605 1577 
892 1604 1628 1548 
893 1570 1600 1599 
894 1575 1645 1571 
895 1566 1596 1595 
896 1550 1625 1614 
897 1553 1627 1595 
898 1564 1594 1554 
899 1624 1646 1602 
900 1623 1635 1591 
901 1605 1630 1577 
902 1566 1595 1564 
903 1622 1625 1550 
904 1611 1626 1605 
905 1550 1614 1613 
906 1560 1609 1608 
907 1562 1563 1554 
908 512 1606 511 
909 511 1606 1559 
910 1571 1645 1570 
911 1547 1642 1585 
912 481 1562 480 
913 497 1612 496 
914 487 1620 486 
915 484 1607 483 
916 506 1623 505 
917 508 1619 507 
918 492 1616 491 
919 510 1610 509 
920 498 1613 497 
921 515 1608 514 
922 500 1622 499 
923 486 1615 485 
924 490 1617 489 
925 494 1611 493 
926 501 1621 500 
927 1560 1608 515 
928 493 1611 1548 
929 483 1607 1547 
930 485 1615 1557 
931 491 1616 1556 
932 514 1608 1549 
933 1558 1623 506 
934 1561 1621 501 
935 507 1619 1558 
936 1552 1620 487 
937 1550 1613 498 
938 1556 1617 490 
939 496 1612 1555 
940 1551 1619 508 
941 509 1610 1551 
942 1557 1607 484 
943 480 1562 1554 
944 1559 1610 510 
945 499 1622 1550 
946 1548 1616 492 
947 513 1624 512 
948 1585 1641 1547 
949 1549 1624 513 
950 1558 1640 1635 
951 1555 1626 495 
952 1565 1592 1568 
953 517 1631 516 
954 1591 1632 1623 
955 504 1632 1546 
956 9 1627 1553 
957 1546 1637 503 
958 502 1637 1561 
959 1561 1637 1593 
960 1593 1637 1546 
961 1614 1639 1582 
962 1547 1641 482 
963 488 1649 1552 
964 1579 1587 1586 
965 495 1626 494 
966 1569 1571 1570 
967 1582 1639 1573 
968 1576 1644 1603 
969 478 1627 9 
970 1585 1592 1563 
971 1562 1641 1585 
972 1567 1599 1566 
973 1595 1627 1594 
974 1569 1570 1567 
975 1566 1599 1596 
976 1590 1634 1593 
977 1591 1635 1581 
978 505 1632 504 
979 516 1631 1560 
980 1558 1635 1623 
981 1552 1649 1618 
982 1565 1568 1567 
983 1578 1628 1604 
984 503 1637 502 
985 512 1624 1606 
986 1561 1633 1621 
987 497 1613 1612 
988 1621 1622 500 
989 486 1620 1615 
990 1585 1642 1592 
991 1610 1629 1551 
992 1565 1566 1564 
993 1599 1600 1598 
994 1618 1649 1617 
995 1563 1565 1564 
996 1594 1627 478 
997 482 1641 481 
998 1548 1628 1616 
999 494 1626 1611 
1000 1622 1650 1625 
1001 1623 1632 505 
1002 489 1649 488 
1003 1619 1640 1558 
1004 1625 1639 1614 
1005 481 1641 1562 
1006 1596 1599 1598 
1007 1617 1649 489 
1008 1633 1634 1580 
1009 1634 1648 1580 
1010 1549 1646 1624 
1011 1572 1647 1579 
1012 1614 1651 1613 
1013 1578 1636 1628 
1014 1552 1643 1620 
1015 1568 1569 1567 
1016 1583 1644 1575 
1017 1580 1639 1625 
1018 1563 1592 1565 
1019 1565 1567 1566 
1020 1574 1634 1590 
1021 1580 1648 1639 
1022 1640 1652 1635 
1023 1582 1651 1614 
1024 1625 1650 1580 
1025 1568 1647 1569 
1026 1633 1650 1621 
1027 1621 1650 1622 
1028 1580 1650 1633 
1029 1613 1651 1612 
1030 1576 1645 1644 
1031 1579 1647 1587 
1032 1574 1648 1634 
1033 1639 1648 1573 
1034 1583 1652 1640 
1035 1635 1652 1581 
1036 1644 1645 1575 
2 9 2 248
1037 1684 1697 1683 
1038 474 1719 473 
1039 1690 1714 1681 
1040 1728 1729 1686 
1041 1686 1732 1728 
1042 1682 1692 1689 
1043 462 1702 461 
1044 1709 1753 1707 
1045 1677 1683 1680 
1046 1690 1736 1714 
1047 1681 1691 1682 
1048 1659 1702 462 
1049 1707 1708 1658 
1050 1682 1689 1688 
1051 1683 1693 1680 
1052 1693 1743 1724 
1053 1661 1736 1723 
1054 1724 1743 1654 
1055 1688 1695 1687 
1056 1681 1714 1696 
1057 1679 1688 1687 
1058 1729 1738 1686 
1059 1703 1704 1666 
1060 1701 1746 1702 
1061 1677 1684 1683 
1062 473 1719 1660 
1063 1728 1732 1653 
1064 1697 1703 1660 
1065 1679 1685 1675 
1066 1679 1750 1685 
1067 1657 1755 1696 
1068 1696 1714 1657 
1069 1715 1755 1657 
1070 1733 1742 1665 
1071 1718 1719 474 
1072 1662 1738 1729 
1073 1708 1739 1658 
1074 470 1705 469 
1075 1694 1701 1659 
1076 1666 1705 470 
1077 1716 1753 1668 
1078 1681 1682 1678 
1079 1685 1701 1675 
1080 1708 1742 1733 
1081 1689 1695 1688 
1082 1687 1732 1686 
1083 1698 1753 1716 
1084 1692 1742 1689 
1085 1676 1688 1679 
1086 1695 1698 1687 
1087 1698 1717 1687 
1088 1660 1719 1697 
1089 1689 1707 1695 
1090 1704 1705 1666 
1091 1677 1680 1678 
1092 1701 1702 1659 
1093 1717 1732 1687 
1094 1691 1751 1731 
1095 1714 1736 1713 
1096 1716 1717 1698 
1097 1707 1753 1695 
1098 1724 1725 1693 
1099 1679 1687 1686 
1100 1713 1736 1712 
1101 1685 1746 1701 
1102 1681 1696 1691 
1103 1689 1708 1707 
1104 1723 1736 1690 
1105 1703 1727 1660 
1106 1683 1720 1693 
1107 1663 1720 1699 
1108 1699 1718 1663 
1109 1663 1726 1720 
1110 1712 1736 1661 
1111 1677 1734 1684 
1112 1749 1752 1731 
1113 1690 1725 1723 
1114 1726 1743 1720 
1115 1666 1727 1703 
1116 1702 1737 461 
1117 1674 1734 1677 
1118 1696 1735 1691 
1119 1686 1750 1679 
1120 1680 1756 1678 
1121 1682 1688 1678 
1122 1700 1701 1694 
1123 1655 1740 1706 
1124 449 1665 448 
1125 473 1660 472 
1126 445 1667 444 
1127 8 1654 477 
1128 476 1663 475 
1129 439 1661 438 
1130 471 1666 470 
1131 468 1655 467 
1132 454 1668 453 
1133 442 1657 441 
1134 466 1664 465 
1135 460 1662 459 
1136 452 1658 451 
1137 463 1659 462 
1138 447 1656 446 
1139 457 1653 456 
1140 1680 1725 1690 
1141 1658 1709 1707 
1142 1721 1741 1671 
1143 1704 1706 1705 
1144 1670 1694 1669 
1145 1723 1724 1722 
1146 1684 1704 1703 
1147 1697 1719 1699 
1148 1696 1755 1735 
1149 1699 1720 1683 
1150 1664 1671 1670 
1151 1653 1732 1717 
1152 1706 1740 1705 
1153 1697 1699 1683 
1154 1655 1741 1721 
1155 1678 1688 1676 
1156 1704 1734 1706 
1157 1684 1703 1697 
1158 1678 1756 1681 
1159 1675 1701 1700 
1160 1742 1754 1665 
1161 1676 1679 1675 
1162 1664 1721 1671 
1163 1706 1741 1655 
1164 1731 1752 1691 
1165 1695 1753 1698 
1166 1699 1719 1718 
1167 1656 1749 1731 
1168 1664 1670 1669 
1169 1656 1731 1730 
1170 1661 1723 1722 
1171 1657 1714 1713 
1172 1705 1740 469 
1173 1670 1700 1694 
1174 1689 1742 1708 
1175 1692 1752 1749 
1176 1691 1752 1682 
1177 467 1721 466 
1178 465 1669 464 
1179 448 1711 447 
1180 455 1716 454 
1181 443 1715 442 
1182 477 1726 476 
1183 475 1718 474 
1184 458 1728 457 
1185 440 1712 439 
1186 441 1713 440 
1187 438 1722 437 
1188 444 1710 443 
1189 459 1729 458 
1190 446 1730 445 
1191 472 1727 471 
1192 1667 1710 444 
1193 1657 1713 441 
1194 1656 1730 446 
1195 1663 1718 475 
1196 1660 1727 472 
1197 1665 1711 448 
1198 1655 1721 467 
1199 471 1727 1666 
1200 445 1730 1667 
1201 466 1721 1664 
1202 447 1711 1656 
1203 454 1716 1668 
1204 1661 1722 438 
1205 439 1712 1661 
1206 476 1726 1663 
1207 1654 1726 477 
1208 442 1715 1657 
1209 1664 1669 465 
1210 457 1728 1653 
1211 1662 1729 459 
1212 1659 1745 1694 
1213 1654 1744 1724 
1214 1731 1751 1730 
1215 449 1733 1665 
1216 461 1737 460 
1217 469 1740 468 
1218 1658 1739 451 
1219 1675 1700 1672 
1220 1667 1735 1710 
1221 450 1733 449 
1222 1717 1748 1653 
1223 8 1744 1654 
1224 463 1745 1659 
1225 1668 1747 453 
1226 452 1747 1658 
1227 1653 1748 456 
1228 1706 1734 1673 
1229 1677 1678 1676 
1230 1716 1748 1717 
1231 1723 1725 1724 
1232 1724 1744 1722 
1233 1694 1745 1669 
1234 1693 1725 1680 
1235 1674 1677 1676 
1236 1730 1751 1667 
1237 1658 1747 1709 
1238 1709 1747 1668 
1239 460 1737 1662 
1240 451 1739 450 
1241 468 1740 1655 
1242 1674 1675 1672 
1243 1671 1741 1673 
1244 1681 1756 1690 
1245 1682 1752 1692 
1246 1662 1746 1738 
1247 440 1713 1712 
1248 458 1729 1728 
1249 1710 1715 443 
1250 1665 1754 1711 
1251 1671 1673 1672 
1252 1671 1672 1670 
1253 437 1744 8 
1254 464 1745 463 
1255 453 1747 452 
1256 456 1748 455 
1257 1711 1754 1749 
1258 1737 1746 1662 
1259 1690 1756 1680 
1260 1722 1744 437 
1261 1669 1745 464 
1262 455 1748 1716 
1263 450 1739 1733 
1264 1733 1739 1708 
1265 1735 1755 1710 
1266 1711 1749 1656 
1267 1668 1753 1709 
1268 1672 1700 1670 
1269 1710 1755 1715 
1270 1654 1743 1726 
1271 1684 1734 1704 
1272 1674 1676 1675 
1273 1667 1751 1735 
1274 1673 1734 1674 
1275 1673 1741 1706 
1276 1673 1674 1672 
1277 1735 1751 1691 
1278 1720 1743 1693 
1279 1702 1746 1737 
1280 1738 1746 1685 
1281 1692 1754 1742 
1282 1738 1750 1686 
1283 1749 1754 1692 
1284 1685 1750 1738 
2 10 2 258
1285 1788 1829 1781 
1286 1783 1789 1784 
1287 1786 1787 1781 
1288 1791 1806 1789 
1289 1823 1862 1842 
1290 1823 1842 1769 
1291 1781 1829 1778 
1292 1762 1820 1775 
1293 1785 1793 1786 
1294 1786 1795 1787 
1295 1789 1794 1784 
1296 1775 1854 1762 
1297 1802 1864 1801 
1298 1759 1812 1811 
1299 1803 1812 1759 
1300 1767 1817 1813 
1301 1783 1784 1782 
1302 1801 1855 1799 
1303 1779 1802 1800 
1304 1783 1791 1789 
1305 1792 1797 1791 
1306 1788 1831 1828 
1307 1779 1805 1802 
1308 1765 1845 1824 
1309 1824 1845 1797 
1310 1807 1840 1806 
1311 1806 1840 1758 
1312 1848 1863 1839 
1313 1833 1842 1834 
1314 1769 1842 1833 
1315 1808 1814 1766 
1316 1797 1857 1824 
1317 1789 1842 1794 
1318 1785 1786 1782 
1319 1800 1801 1799 
1320 1809 1814 1808 
1321 1778 1829 1777 
1322 1757 1848 1839 
1323 1813 1817 1793 
1324 1759 1813 1803 
1325 1824 1857 1815 
1326 1795 1808 1787 
1327 1787 1822 1796 
1328 1764 1857 1855 
1329 1782 1786 1781 
1330 1797 1845 1791 
1331 1826 1854 1827 
1332 1766 1822 1808 
1333 1762 1854 1826 
1334 1842 1862 1794 
1335 1800 1802 1801 
1336 1827 1854 1777 
1337 1783 1792 1791 
1338 1828 1829 1788 
1339 1785 1803 1793 
1340 1784 1860 1782 
1341 1796 1848 1788 
1342 1787 1865 1781 
1343 1780 1783 1782 
1344 1803 1856 1812 
1345 1808 1822 1787 
1346 1804 1805 1779 
1347 1758 1834 1806 
1348 1832 1836 1801 
1349 1780 1859 1783 
1350 388 1770 387 
1351 381 1757 380 
1352 393 1772 392 
1353 375 1761 374 
1354 368 1768 367 
1355 372 1767 371 
1356 357 1765 356 
1357 384 1771 383 
1358 365 1763 364 
1359 6 1764 395 
1360 370 1759 369 
1361 391 1760 390 
1362 362 1769 361 
1363 386 1762 385 
1364 360 1758 359 
1365 378 1766 377 
1366 1760 1805 1798 
1367 1803 1813 1793 
1368 1782 1860 1785 
1369 1799 1857 1797 
1370 1816 1818 1817 
1371 1773 1798 1774 
1372 383 1830 382 
1373 1771 1830 383 
1374 1796 1863 1848 
1375 1800 1859 1779 
1376 1792 1799 1797 
1377 1827 1828 1771 
1378 1774 1775 1770 
1379 1788 1848 1831 
1380 1781 1865 1788 
1381 1828 1831 1830 
1382 1793 1819 1786 
1383 1855 1857 1799 
1384 1765 1844 1807 
1385 1777 1829 1827 
1386 1795 1809 1808 
1387 1836 1855 1801 
1388 1775 1820 1770 
1389 1791 1807 1806 
1390 1786 1819 1795 
1391 1812 1847 1768 
1392 1801 1864 1832 
1393 1807 1845 1765 
1394 1763 1841 1838 
1395 1757 1843 1831 
1396 1828 1830 1771 
1397 1835 1841 1763 
1398 1826 1827 1771 
1399 1763 1838 1837 
1400 1816 1817 1767 
1401 1811 1812 1768 
1402 1773 1774 1770 
1403 1809 1853 1761 
1404 1772 1864 1810 
1405 1761 1849 1809 
1406 1760 1810 1805 
1407 1831 1848 1757 
1408 1807 1844 1840 
1409 1832 1864 1772 
1410 1785 1856 1803 
1411 1833 1834 1758 
1412 364 1837 363 
1413 385 1826 384 
1414 363 1823 362 
1415 369 1811 368 
1416 395 1836 394 
1417 380 1839 379 
1418 387 1820 386 
1419 366 1835 365 
1420 367 1825 366 
1421 379 1821 378 
1422 377 1814 376 
1423 389 1773 388 
1424 356 1824 355 
1425 373 1816 372 
1426 394 1832 393 
1427 359 1840 358 
1428 355 1815 6 
1429 361 1833 360 
1430 6 1815 1764 
1431 1770 1820 387 
1432 1758 1840 359 
1433 360 1833 1758 
1434 368 1811 1768 
1435 393 1832 1772 
1436 1764 1836 395 
1437 1769 1833 361 
1438 1766 1814 377 
1439 1765 1824 356 
1440 1763 1837 364 
1441 1757 1839 380 
1442 388 1773 1770 
1443 384 1826 1771 
1444 386 1820 1762 
1445 365 1835 1763 
1446 1768 1825 367 
1447 372 1816 1767 
1448 362 1823 1769 
1449 378 1821 1766 
1450 1762 1826 385 
1451 1759 1811 369 
1452 1777 1854 1775 
1453 1818 1852 1761 
1454 1798 1851 1760 
1455 1759 1846 1813 
1456 1813 1846 1767 
1457 1776 1804 1779 
1458 1809 1849 1814 
1459 1821 1822 1766 
1460 1815 1857 1764 
1461 357 1844 1765 
1462 370 1846 1759 
1463 1767 1846 371 
1464 381 1843 1757 
1465 375 1849 1761 
1466 1834 1842 1789 
1467 1761 1853 1818 
1468 1760 1851 390 
1469 1761 1852 374 
1470 1838 1850 1794 
1471 391 1858 1760 
1472 1772 1858 392 
1473 1792 1800 1799 
1474 1780 1782 1781 
1475 1794 1850 1784 
1476 382 1843 381 
1477 1805 1810 1802 
1478 1798 1804 1774 
1479 1806 1834 1789 
1480 1773 1851 1798 
1481 1818 1819 1817 
1482 1816 1852 1818 
1483 1798 1805 1804 
1484 1810 1864 1802 
1485 1831 1843 1830 
1486 1780 1781 1778 
1487 358 1844 357 
1488 371 1846 370 
1489 1776 1779 1778 
1490 1788 1865 1796 
1491 1768 1847 1825 
1492 1825 1835 366 
1493 394 1836 1832 
1494 355 1824 1815 
1495 379 1839 1821 
1496 363 1837 1823 
1497 376 1849 375 
1498 1819 1853 1795 
1499 1776 1777 1775 
1500 1818 1853 1819 
1501 1760 1858 1810 
1502 1810 1858 1772 
1503 1817 1819 1793 
1504 1774 1776 1775 
1505 1830 1843 382 
1506 1827 1829 1828 
1507 390 1851 389 
1508 374 1852 373 
1509 1791 1845 1807 
1510 1840 1844 358 
1511 1796 1865 1787 
1512 1835 1861 1841 
1513 392 1858 391 
1514 1814 1849 376 
1515 1841 1850 1838 
1516 389 1851 1773 
1517 373 1852 1816 
1518 1795 1853 1809 
1519 1783 1859 1792 
1520 1838 1862 1837 
1521 1764 1855 1836 
1522 1790 1850 1841 
1523 1779 1780 1778 
1524 1774 1804 1776 
1525 1812 1856 1847 
1526 1776 1778 1777 
1527 1821 1863 1822 
1528 1790 1860 1850 
1529 1841 1861 1790 
1530 1794 1862 1838 
1531 1779 1859 1780 
1532 1856 1860 1790 
1533 1847 1861 1825 
1534 1825 1861 1835 
1535 1790 1861 1847 
1536 1785 1860 1856 
1537 1837 1862 1823 
1538 1839 1863 1821 
1539 1822 1863 1796 
1540 1792 1859 1800 
1541 1850 1860 1784 
1542 1847 1856 1790 
2 11 2 262
1543 1892 1895 1893 
1544 1899 1900 1890 
1545 1923 1959 1912 
1546 1912 1964 1923 
1547 1894 1902 1899 
1548 1895 1903 1893 
1549 1872 1951 1935 
1550 1899 1904 1900 
1551 1876 1935 1907 
1552 1919 1974 1952 
1553 1877 1959 1923 
1554 1869 1968 1931 
1555 1935 1951 1907 
1556 1869 1931 1930 
1557 1919 1952 1875 
1558 1921 1922 1917 
1559 1915 1964 1912 
1560 1884 1966 1942 
1561 1942 1966 1866 
1562 1892 1893 1891 
1563 1923 1964 1871 
1564 1873 1921 1917 
1565 1904 1968 1905 
1566 1913 1967 1910 
1567 1904 1905 1900 
1568 1907 1947 1876 
1569 1888 1912 1911 
1570 1957 1975 1936 
1571 1894 1906 1902 
1572 1880 1914 1909 
1573 1892 1972 1895 
1574 1870 1957 1936 
1575 1922 1937 1875 
1576 1897 1909 1896 
1577 1895 1952 1903 
1578 1906 1957 1902 
1579 1927 1951 1943 
1580 1894 1899 1891 
1581 1911 1959 1913 
1582 1943 1951 1872 
1583 1875 1952 1922 
1584 1911 1913 1910 
1585 1912 1959 1911 
1586 1913 1959 1941 
1587 1941 1959 1877 
1588 1944 1947 1905 
1589 1909 1916 1880 
1590 1891 1899 1890 
1591 1868 1916 1910 
1592 1892 1897 1896 
1593 1900 1976 1890 
1594 1910 1967 1868 
1595 1893 1971 1891 
1596 1889 1892 1891 
1597 1913 1941 1920 
1598 1905 1947 1900 
1599 1905 1968 1918 
1600 1952 1974 1903 
1601 1906 1962 1929 
1602 1876 1947 1944 
1603 1889 1970 1892 
1604 1906 1975 1957 
1605 1918 1944 1905 
1606 415 1876 414 
1607 422 1866 421 
1608 429 1877 428 
1609 410 1878 409 
1610 434 1880 433 
1611 404 1874 403 
1612 407 1870 406 
1613 7 1873 436 
1614 432 1868 431 
1615 427 1871 426 
1616 401 1867 400 
1617 412 1869 411 
1618 417 1872 416 
1619 424 1879 423 
1620 419 1881 418 
1621 398 1875 397 
1622 1888 1915 1912 
1623 1891 1971 1894 
1624 1909 1914 1896 
1625 1918 1968 1869 
1626 1924 1926 1925 
1627 1882 1908 1883 
1628 409 1933 408 
1629 1878 1933 409 
1630 1880 1955 1914 
1631 1925 1927 1881 
1632 1883 1884 1879 
1633 1931 1932 1878 
1634 1910 1916 1909 
1635 1920 1967 1913 
1636 1911 1970 1888 
1637 1902 1950 1932 
1638 1917 1956 1873 
1639 1902 1934 1899 
1640 1900 1947 1907 
1641 1932 1934 1902 
1642 1907 1951 1901 
1643 1894 1962 1906 
1644 1921 1937 1922 
1645 1870 1954 1950 
1646 1927 1943 1881 
1647 1884 1942 1879 
1648 1890 1976 1901 
1649 1896 1972 1892 
1650 1950 1957 1870 
1651 1867 1948 1946 
1652 1901 1949 1890 
1653 1932 1933 1878 
1654 1932 1950 1933 
1655 1939 1948 1867 
1656 1929 1958 1874 
1657 1924 1925 1881 
1658 1930 1931 1878 
1659 1882 1883 1879 
1660 1867 1946 1945 
1661 1940 1956 1914 
1662 1871 1964 1908 
1663 436 1940 435 
1664 399 1919 398 
1665 431 1920 430 
1666 405 1928 404 
1667 411 1930 410 
1668 406 1936 405 
1669 416 1935 415 
1670 430 1941 429 
1671 403 1938 402 
1672 413 1918 412 
1673 425 1882 424 
1674 428 1923 427 
1675 420 1924 419 
1676 418 1943 417 
1677 397 1937 396 
1678 414 1944 413 
1679 396 1921 7 
1680 400 1945 399 
1681 402 1939 401 
1682 423 1942 422 
1683 1890 1949 1887 
1684 7 1921 1873 
1685 1877 1923 428 
1686 1867 1945 400 
1687 401 1939 1867 
1688 422 1942 1866 
1689 1874 1938 403 
1690 1873 1940 436 
1691 410 1930 1878 
1692 1881 1943 418 
1693 415 1935 1876 
1694 417 1943 1872 
1695 1868 1920 431 
1696 1872 1935 416 
1697 1876 1944 414 
1698 1869 1930 411 
1699 427 1923 1871 
1700 424 1882 1879 
1701 412 1918 1869 
1702 1879 1942 423 
1703 404 1928 1874 
1704 429 1941 1877 
1705 398 1919 1875 
1706 419 1924 1881 
1707 1875 1937 397 
1708 1870 1936 406 
1709 1914 1955 1940 
1710 1926 1965 1866 
1711 1908 1963 1871 
1712 1897 1910 1909 
1713 1917 1922 1895 
1714 1885 1915 1888 
1715 1931 1968 1904 
1716 434 1955 1880 
1717 1922 1952 1895 
1718 407 1954 1870 
1719 1866 1966 1926 
1720 1928 1929 1874 
1721 432 1960 1868 
1722 1880 1960 433 
1723 1946 1961 1903 
1724 1871 1963 426 
1725 1866 1965 421 
1726 1897 1911 1910 
1727 1889 1891 1890 
1728 1903 1961 1893 
1729 1886 1966 1884 
1730 1916 1960 1880 
1731 1868 1960 1916 
1732 408 1954 407 
1733 1908 1915 1883 
1734 1882 1963 1908 
1735 1924 1965 1926 
1736 1914 1956 1896 
1737 1889 1890 1887 
1738 435 1955 434 
1739 1873 1956 1940 
1740 1901 1951 1927 
1741 1885 1888 1887 
1742 1899 1934 1904 
1743 1950 1954 1933 
1744 1874 1958 1938 
1745 399 1945 1919 
1746 1920 1941 430 
1747 396 1937 1921 
1748 405 1936 1928 
1749 1938 1939 402 
1750 413 1944 1918 
1751 433 1960 432 
1752 1908 1964 1915 
1753 1885 1886 1884 
1754 1896 1956 1917 
1755 1926 1953 1925 
1756 1883 1885 1884 
1757 426 1963 425 
1758 421 1965 420 
1759 1933 1954 408 
1760 1925 1969 1927 
1761 1931 1934 1932 
1762 1940 1955 435 
1763 1926 1966 1953 
1764 1939 1973 1948 
1765 1948 1961 1946 
1766 425 1963 1882 
1767 420 1965 1924 
1768 1868 1967 1920 
1769 1892 1970 1897 
1770 1901 1976 1907 
1771 1946 1974 1945 
1772 1929 1962 1958 
1773 1898 1961 1948 
1774 1902 1957 1950 
1775 1888 1889 1887 
1776 1883 1915 1885 
1777 1907 1976 1900 
1778 1949 1953 1886 
1779 1885 1887 1886 
1780 1898 1971 1961 
1781 1948 1973 1898 
1782 1903 1974 1946 
1783 1928 1975 1929 
1784 1887 1949 1886 
1785 1927 1969 1901 
1786 1904 1934 1931 
1787 1962 1971 1898 
1788 1888 1970 1889 
1789 1958 1973 1938 
1790 1938 1973 1939 
1791 1898 1973 1958 
1792 1945 1974 1919 
1793 1894 1971 1962 
1794 1936 1975 1928 
1795 1901 1969 1949 
1796 1929 1975 1906 
1797 1953 1966 1886 
1798 1897 1970 1911 
1799 1917 1972 1896 
1800 1953 1969 1925 
1801 1895 1972 1917 
1802 1958 1962 1898 
1803 1961 1971 1893 
1804 1949 1969 1953 
2 12 2 3981
1805 2856 2857 2570 
1806 2947 3618 2572 
1807 2984 3565 2086 
1808 2765 3380 2897 
1809 2726 3194 3090 
1810 3232 3240 3147 
1811 2975 3271 2740 
1812 2815 3484 1991 
1813 303 2832 304 
1814 2961 2984 2086 
1815 2035 3071 3069 
1816 3307 3537 2786 
1817 2690 3546 2928 
1818 3090 3194 2027 
1819 1999 3588 3345 
1820 2560 3358 3257 
1821 2572 3637 2947 
1822 2035 3538 3071 
1823 2078 3537 3307 
1824 2813 3533 2070 
1825 2975 3659 3271 
1826 2070 3571 2813 
1827 216 3572 215 
1828 2808 3766 2980 
1829 286 3708 3550 
1830 1997 3610 3359 
1831 3147 3241 3232 
1832 2055 3414 2824 
1833 2868 3336 2871 
1834 2665 3344 3199 
1835 2659 3797 3253 
1836 2922 2923 2308 
1837 2332 3337 2334 
1838 2808 2980 2809 
1839 2798 3570 1984 
1840 2940 3692 3412 
1841 2904 3586 2907 
1842 3345 3685 1999 
1843 3550 3708 2842 
1844 233 2833 232 
1845 2816 2848 2048 
1846 2358 3335 2875 
1847 3309 3620 2763 
1848 2041 2832 303 
1849 3073 3577 2052 
1850 2052 3628 3073 
1851 2875 3336 2358 
1852 2882 2945 2853 
1853 3253 3797 3305 
1854 3497 3694 3237 
1855 2848 3418 2784 
1856 2835 2837 2050 
1857 2763 3683 3309 
1858 2080 3332 3086 
1859 3146 3440 3241 
1860 3270 3574 3269 
1861 3145 3612 3148 
1862 2570 3632 2856 
1863 1991 3749 2815 
1864 3386 3387 2703 
1865 2788 3617 2903 
1866 3046 3480 2057 
1867 3363 3664 2901 
1868 2048 2847 2816 
1869 2086 3535 2961 
1870 3596 3642 2004 
1871 2014 3472 2972 
1872 2922 3736 2957 
1873 2904 3755 3586 
1874 3106 3718 3595 
1875 2648 3601 2644 
1876 2079 3421 3310 
1877 2897 3380 2898 
1878 2561 3112 2858 
1879 3294 3694 3127 
1880 3237 3694 2028 
1881 2863 2931 2864 
1882 293 2878 1998 
1883 2827 3546 2690 
1884 2066 2963 2892 
1885 3253 3306 2659 
1886 3412 3578 2940 
1887 2901 3641 3363 
1888 2334 3337 2956 
1889 2921 2957 2925 
1890 3071 3538 3073 
1891 3051 3572 216 
1892 3491 3681 3564 
1893 2662 2967 2789 
1894 2049 3156 3154 
1895 2861 2952 2585 
1896 2057 3540 3046 
1897 2081 2967 2822 
1898 3595 3718 2040 
1899 2285 3379 2898 
1900 2784 2978 2848 
1901 2029 2833 233 
1902 3359 3660 1997 
1903 2961 3535 2962 
1904 3538 3577 3073 
1905 2006 3051 217 
1906 2881 3618 2947 
1907 292 2878 293 
1908 2778 2911 2710 
1909 1986 2970 2969 
1910 3342 3688 3640 
1911 2019 3604 3160 
1912 2853 2979 2882 
1913 3050 3671 2085 
1914 2085 3716 3050 
1915 2864 2931 2867 
1916 2904 2907 2906 
1917 2921 2925 2924 
1918 2308 3736 2922 
1919 3587 3588 318 
1920 3160 3746 2019 
1921 2951 3537 2078 
1922 3580 3629 3036 
1923 3199 3344 2737 
1924 2982 3542 2764 
1925 2778 3722 2911 
1926 2813 3571 1987 
1927 2775 2991 2774 
1928 2975 3414 2055 
1929 3154 3806 2049 
1930 2816 3418 2848 
1931 1982 3629 3580 
1932 2078 3576 2951 
1933 3107 3595 178 
1934 2912 2989 2796 
1935 3640 3688 3328 
1936 2847 2960 2943 
1937 3276 3600 3293 
1938 3358 3607 3257 
1939 1987 3624 2813 
1940 3421 3676 3310 
1941 2892 2973 2066 
1942 2869 3336 2868 
1943 1984 3698 2798 
1944 2871 3336 2875 
1945 268 2839 269 
1946 178 3762 3107 
1947 172 3702 3598 
1948 2822 2966 2081 
1949 2964 3689 2583 
1950 2583 3756 2964 
1951 2818 3642 3596 
1952 2922 2957 2921 
1953 2885 3785 2758 
1954 3556 3643 2896 
1955 2991 3664 2774 
1956 3197 3653 2738 
1957 2991 3610 266 
1958 3256 3683 2661 
1959 2738 3705 3197 
1960 3293 3688 3276 
1961 191 2846 190 
1962 3368 3574 3270 
1963 2862 2987 2586 
1964 2669 3601 2854 
1965 2076 3158 3157 
1966 217 3051 216 
1967 2837 3638 2050 
1968 2903 3617 2905 
1969 3180 3663 3181 
1970 2758 3652 2885 
1971 2832 3551 304 
1972 3332 3668 3086 
1973 2923 2977 2891 
1974 1997 2839 268 
1975 2023 3546 2827 
1976 3663 3710 3181 
1977 3127 3584 3294 
1978 2869 3337 3336 
1979 2957 3736 2304 
1980 1996 3311 3000 
1981 2717 3318 3295 
1982 3335 3563 2875 
1983 2795 3711 2007 
1984 1996 2846 191 
1985 2954 3685 2761 
1986 2822 2967 2662 
1987 3148 3612 2009 
1988 2007 3757 2795 
1989 78 3157 77 
1990 2358 3337 2332 
1991 3564 3681 3195 
1992 2022 3713 2807 
1993 2862 2942 2941 
1994 2944 2982 2764 
1995 2881 2947 2946 
1996 2963 3789 2877 
1997 2877 3789 3656 
1998 2897 3670 2765 
1999 2707 3250 2667 
2000 1990 3647 3084 
2001 2772 2954 2761 
2002 3258 3718 2810 
2003 2821 3649 2045 
2004 3047 3051 2006 
2005 273 2906 2046 
2006 302 2924 2041 
2007 3146 3241 3147 
2008 3241 3440 2252 
2009 2807 3723 2022 
2010 2045 3722 2821 
2011 1986 3771 2970 
2012 3046 3540 3036 
2013 2793 3587 2792 
2014 2831 2833 2029 
2015 2898 3380 2285 
2016 2982 3601 2648 
2017 2824 3589 2055 
2018 3085 3647 118 
2019 2029 2948 2831 
2020 2056 3549 2985 
2021 2585 2987 2861 
2022 2726 3196 3194 
2023 3112 3633 2858 
2024 2918 3634 2702 
2025 2014 3676 3472 
2026 2028 3694 3294 
2027 3270 3548 3368 
2028 2857 3616 2570 
2029 118 3725 3085 
2030 2968 3553 2093 
2031 3084 3714 1990 
2032 3412 3692 2773 
2033 2076 3650 3602 
2034 1991 3484 2927 
2035 3261 3262 3027 
2036 2793 3588 3587 
2037 3540 3580 3036 
2038 2827 3603 2023 
2039 2698 3643 3556 
2040 3598 3702 3100 
2041 2800 3570 2798 
2042 3774 3803 2909 
2043 2708 3634 2918 
2044 2025 2940 2939 
2045 3180 3624 1987 
2046 3587 3739 2792 
2047 2967 2968 2789 
2048 3602 3650 3117 
2049 2702 3761 2918 
2050 2918 3763 2708 
2051 2613 3306 2615 
2052 2962 3535 2054 
2053 2909 3803 2908 
2054 2979 3756 2583 
2055 2891 3545 2923 
2056 2967 3553 2968 
2057 2809 2980 2916 
2058 3359 3610 2775 
2059 3199 3677 2665 
2060 83 3623 2828 
2061 1987 3663 3180 
2062 3257 3655 2560 
2063 2952 3174 2585 
2064 2929 2931 2863 
2065 2076 3602 3158 
2066 2090 3658 3576 
2067 2938 2989 2912 
2068 2953 3174 2952 
2069 3266 3680 2734 
2070 2901 3764 2676 
2071 3621 3626 2635 
2072 2661 3655 3256 
2073 215 3572 1989 
2074 2861 2987 2862 
2075 223 3657 3068 
2076 2734 3728 3266 
2077 2576 3174 2953 
2078 2054 3574 2962 
2079 2906 2907 2046 
2080 2924 2925 2041 
2081 2811 3258 2810 
2082 2854 3715 2669 
2083 3387 3709 2703 
2084 2985 3734 2056 
2085 3000 3696 1996 
2086 264 2900 1980 
2087 2882 2979 2556 
2088 3368 3548 3367 
2089 2707 3706 3250 
2090 3045 3615 3323 
2091 3329 3340 3286 
2092 2171 3625 3611 
2093 2828 3765 83 
2094 2897 2898 2896 
2095 2775 3610 2991 
2096 3155 3806 3154 
2097 3576 3658 2951 
2098 3606 3635 3203 
2099 2091 3565 2984 
2100 2965 3803 2953 
2101 335 3649 2830 
2102 2001 3544 2974 
2103 2648 3542 2982 
2104 2980 3766 2047 
2105 3086 3594 2080 
2106 272 2906 273 
2107 301 2924 302 
2108 2316 3717 2894 
2109 2923 3545 2308 
2110 2833 3795 232 
2111 3068 3747 223 
2112 2908 3803 2965 
2113 3619 3630 1985 
2114 2326 3563 3335 
2115 3297 3705 3382 
2116 2900 2901 1980 
2117 2911 3722 2045 
2118 2830 3699 335 
2119 2853 3756 2979 
2120 2758 2981 2742 
2121 2894 3665 2316 
2122 2869 3691 3337 
2123 2943 3575 2847 
2124 2968 3566 2087 
2125 2972 3605 2014 
2126 292 2990 2878 
2127 2703 3599 3386 
2128 2911 2983 2710 
2129 2858 3632 2561 
2130 2066 3789 2963 
2131 3269 3574 2054 
2132 2286 3380 2293 
2133 2407 3774 2909 
2134 2076 3157 78 
2135 77 3157 2049 
2136 2048 2960 2847 
2137 2346 2986 2936 
2138 2040 3718 3258 
2139 2895 2897 2896 
2140 3045 3794 3615 
2141 3548 3593 3367 
2142 3134 3669 3133 
2143 2931 2932 2867 
2144 2883 3778 2186 
2145 2909 3733 2407 
2146 2360 3541 2988 
2147 2974 3306 2001 
2148 1999 3685 2954 
2149 2357 2955 2935 
2150 2807 3713 2937 
2151 2900 3764 2901 
2152 2891 2977 2887 
2153 3669 3712 3133 
2154 2047 2857 2855 
2155 2974 3544 2976 
2156 3439 3651 3390 
2157 2084 3609 2834 
2158 2334 2956 2336 
2159 2988 3541 2936 
2160 3356 3739 2885 
2161 2186 3779 2883 
2162 3240 3612 3147 
2163 3379 3556 2898 
2164 2949 3613 2483 
2165 2631 3446 2948 
2166 2615 3306 2974 
2167 2659 3306 2613 
2168 3666 3700 3062 
2169 2888 2973 2892 
2170 3243 3714 3374 
2171 2012 3489 3259 
2172 2742 2981 2741 
2173 2858 2859 2060 
2174 3234 3724 2255 
2175 3367 3593 2274 
2176 2948 3446 2831 
2177 2339 2986 2341 
2178 3133 3712 2038 
2179 2939 2940 2852 
2180 3147 3612 3145 
2181 3345 3588 2793 
2182 2879 2945 2882 
2183 2096 2938 2000 
2184 2850 2939 2852 
2185 2017 2973 2888 
2186 2943 2960 2065 
2187 2094 2944 2764 
2188 2862 2941 2044 
2189 2853 2945 2030 
2190 2062 2965 2953 
2191 2881 2946 2043 
2192 2397 2987 2399 
2193 2644 3601 2669 
2194 2917 2918 2064 
2195 2895 2896 2061 
2196 2855 2856 2060 
2197 2916 2980 350 
2198 259 2917 2064 
2199 307 2895 2061 
2200 341 2926 2854 
2201 353 2855 2060 
2202 289 2929 2863 
2203 315 2913 2884 
2204 2758 3785 2981 
2205 2038 3758 3133 
2206 3134 3628 2052 
2207 3672 3693 2299 
2208 3236 3246 3235 
2209 2971 3626 3621 
2210 2255 3720 3234 
2211 3382 3674 3297 
2212 2006 3543 3047 
2213 2935 2986 2357 
2214 3293 3600 3292 
2215 3295 3706 2717 
2216 2839 3622 269 
2217 2928 3546 256 
2218 2064 3761 3596 
2219 3298 3674 3343 
2220 2885 3652 3356 
2221 2950 3658 2088 
2222 3343 3744 3298 
2223 2860 2952 2861 
2224 2887 2977 2886 
2225 2858 3633 2859 
2226 2001 3306 3253 
2227 2953 3803 2576 
2228 3328 3688 3293 
2229 2908 2965 2046 
2230 3101 3598 3100 
2231 2845 3592 3573 
2232 2052 3669 3134 
2233 263 2900 264 
2234 3611 3625 3196 
2235 3314 3675 3645 
2236 2878 3770 1998 
2237 3158 3635 3606 
2238 2088 2985 2950 
2239 160 3570 3569 
2240 2676 3641 2901 
2241 2661 3683 2763 
2242 2936 3541 2346 
2243 2717 3636 3318 
2244 2969 2971 1986 
2245 2096 2989 2938 
2246 2599 3581 3559 
2247 2796 3772 2912 
2248 2293 3380 2765 
2249 2285 3380 2286 
2250 2834 3787 2084 
2251 2074 3558 3531 
2252 3573 3592 2988 
2253 2905 3554 2491 
2254 2902 2906 272 
2255 2919 2924 301 
2256 2554 2989 2098 
2257 2840 3708 2024 
2258 2768 3630 3619 
2259 2049 3157 3156 
2260 2026 3700 3666 
2261 2862 3745 2942 
2262 2336 2956 2357 
2263 2978 3788 2848 
2264 3235 3246 1981 
2265 3262 3751 3027 
2266 2981 3785 2913 
2267 2087 3759 2968 
2268 3596 3761 2818 
2269 2073 3557 3089 
2270 2854 3601 1979 
2271 3374 3687 3243 
2272 3286 3679 3329 
2273 2870 2990 2865 
2274 3241 3805 3232 
2275 2025 3692 2940 
2276 2341 2986 2346 
2277 2357 2986 2339 
2278 2920 2977 2923 
2279 2586 2987 2397 
2280 2399 2987 2585 
2281 2050 3679 2835 
2282 2936 2986 2935 
2283 2704 3754 3236 
2284 2085 3760 3716 
2285 3156 3159 3154 
2286 2357 2956 2955 
2287 3390 3727 3439 
2288 2845 3796 2930 
2289 3232 3805 3231 
2290 2041 3646 2832 
2291 2772 3591 2954 
2292 2899 2900 263 
2293 2903 3735 2788 
2294 3326 3693 3672 
2295 2022 3703 2915 
2296 2928 3776 2690 
2297 3568 3668 2092 
2298 2946 2947 2059 
2299 2850 2851 2030 
2300 2017 2887 2886 
2301 2941 2942 2065 
2302 2884 2885 1977 
2303 2094 2095 2000 
2304 1979 2982 2944 
2305 2860 2861 2044 
2306 2062 2952 2860 
2307 2879 2880 2043 
2308 2863 2864 1978 
2309 2886 2977 2058 
2310 3236 3687 2704 
2311 3336 3337 2358 
2312 2068 3620 3309 
2313 2843 3550 2842 
2314 2947 3590 2059 
2315 2907 2908 2046 
2316 2916 3678 2809 
2317 2774 3664 3363 
2318 2889 3717 3185 
2319 2556 3800 2882 
2320 3244 3760 2085 
2321 2098 2989 2096 
2322 2796 2989 2554 
2323 2058 2977 2920 
2324 2029 3531 2948 
2325 3213 3536 3211 
2326 3251 3543 2006 
2327 3086 3668 3038 
2328 265 2991 266 
2329 306 2895 307 
2330 262 2899 263 
2331 258 2917 259 
2332 349 2916 350 
2333 288 2929 289 
2334 340 2926 341 
2335 255 2928 256 
2336 291 2990 292 
2337 300 2919 301 
2338 308 2937 309 
2339 271 2902 272 
2340 314 2913 315 
2341 352 2855 353 
2342 2081 3553 2967 
2343 3212 3651 3439 
2344 2878 2990 2870 
2345 2930 3701 2845 
2346 75 3806 3155 
2347 1997 3660 2839 
2348 2023 3763 2917 
2349 2932 2933 2867 
2350 3101 3775 3598 
2351 2865 2990 1978 
2352 2914 3582 1993 
2353 2976 3544 2067 
2354 2937 3713 309 
2355 2093 3566 2968 
2356 3090 3667 2795 
2357 2884 3785 2885 
2358 2583 3781 2979 
2359 332 2983 2911 
2360 330 2946 2059 
2361 327 2945 2879 
2362 325 2850 2030 
2363 342 2854 1979 
2364 279 2941 2065 
2365 2046 2965 274 
2366 2025 2939 323 
2367 2060 2859 354 
2368 2017 2886 298 
2369 316 2884 1977 
2370 345 2094 2000 
2371 347 2938 2912 
2372 2000 2938 346 
2373 1998 2910 294 
2374 1999 2954 320 
2375 281 2960 2048 
2376 2022 2915 311 
2377 351 2980 2047 
2378 5 2859 2042 
2379 344 2944 2094 
2380 2062 2860 276 
2381 295 2910 2066 
2382 348 2912 2020 
2383 312 2915 2914 
2384 1979 2944 343 
2385 324 2939 2850 
2386 290 2863 1978 
2387 277 2860 2044 
2388 2059 2983 331 
2389 284 2978 2024 
2390 297 2973 2017 
2391 313 2914 1993 
2392 328 2879 2043 
2393 2066 2973 296 
2394 333 2911 2045 
2395 2065 2960 280 
2396 2030 2945 326 
2397 299 2886 2058 
2398 2043 2946 329 
2399 275 2965 2062 
2400 2044 2941 278 
2401 2855 2857 2856 
2402 2856 2858 2060 
2403 3568 3777 3668 
2404 3181 3710 2016 
2405 2958 3681 3491 
2406 3294 3584 2075 
2407 2915 3654 2914 
2408 2937 3729 2807 
2409 3645 3675 2791 
2410 3531 3558 2948 
2411 2984 3330 2091 
2412 2846 3631 190 
2413 3382 3705 2738 
2414 286 3550 287 
2415 3569 3570 2800 
2416 3050 3629 1982 
2417 3559 3581 2927 
2418 3539 3542 2166 
2419 3157 3158 3156 
2420 3310 3676 2014 
2421 257 3546 2023 
2422 2016 3752 3181 
2423 2022 3723 3703 
2424 2949 3665 2894 
2425 3603 3763 2023 
2426 2012 3784 3489 
2427 1998 3656 2910 
2428 2850 2852 2851 
2429 2942 2943 2065 
2430 2017 2888 2887 
2431 2861 2862 2044 
2432 2851 2853 2030 
2433 2095 2096 2000 
2434 2094 2764 2095 
2435 2864 2865 1978 
2436 2062 2953 2952 
2437 2880 2881 2043 
2438 2879 2882 2880 
2439 305 3551 2037 
2440 2907 2909 2908 
2441 3667 3711 2795 
2442 2849 3640 2077 
2443 2766 3551 2832 
2444 3484 3559 2927 
2445 3251 3583 3543 
2446 3159 3408 3152 
2447 3185 3730 2889 
2448 3536 3769 3211 
2449 2932 2934 2933 
2450 3098 3702 2031 
2451 3231 3719 3233 
2452 3244 3798 3760 
2453 2047 3766 2857 
2454 1996 3696 2846 
2455 2536 3408 3159 
2456 3154 3159 3152 
2457 2842 3708 2840 
2458 2959 3642 2671 
2459 2877 3613 2963 
2460 2067 3585 2976 
2461 2880 2883 2881 
2462 2095 2097 2096 
2463 2888 2889 2887 
2464 2864 2866 2865 
2465 2852 2964 2851 
2466 2024 3704 2840 
2467 1982 3671 3050 
2468 2074 3560 3558 
2469 2934 2935 2933 
2470 2764 3542 3539 
2471 2864 2867 2866 
2472 2097 2098 2096 
2473 2866 2868 2865 
2474 2889 2891 2887 
2475 2888 2890 2889 
2476 2934 2936 2935 
2477 2935 2955 2933 
2478 3528 3530 3397 
2479 2888 2892 2890 
2480 2866 2869 2868 
2481 2097 2099 2098 
2482 2868 2870 2865 
2483 2934 2988 2936 
2484 3525 3527 2739 
2485 3525 3526 2592 
2486 2739 3527 2649 
2487 2892 2893 2890 
2488 2099 2105 2098 
2489 2097 2100 2099 
2490 2868 2871 2870 
2491 3527 3529 2649 
2492 2100 2101 2099 
2493 2871 2872 2870 
2494 2892 2963 2893 
2495 2105 2554 2098 
2496 2893 2894 2890 
2497 2893 2949 2894 
2498 2872 2878 2870 
2499 2871 2873 2872 
2500 2105 2649 2554 
2501 2100 2102 2101 
2502 3522 3523 3506 
2503 2105 2739 2649 
2504 2871 2875 2873 
2505 2873 2874 2872 
2506 2102 2103 2101 
2507 2100 2166 2102 
2508 2649 2650 2554 
2509 2797 3530 3528 
2510 2873 2876 2874 
2511 2102 2104 2103 
2512 2650 2796 2554 
2513 2739 3526 3525 
2514 2876 2877 2874 
2515 2650 2797 2796 
2516 2104 2106 2103 
2517 3517 3520 2646 
2518 2106 2120 2103 
2519 2104 2107 2106 
2520 2108 3519 2106 
2521 2829 2992 2574 
2522 2107 2108 2106 
2523 2992 2993 2574 
2524 2994 3462 2646 
2525 2574 2993 2291 
2526 2995 3513 2735 
2527 2993 3462 2994 
2528 2106 3519 2120 
2529 2993 2994 2291 
2530 3511 3512 2545 
2531 2107 2109 2108 
2532 2164 3513 2995 
2533 2107 2110 2109 
2534 2109 2134 2108 
2535 2134 2135 2108 
2536 2110 2111 2109 
2537 2110 2112 2111 
2538 2134 2136 2135 
2539 3504 3505 3128 
2540 2112 2113 2111 
2541 2136 2144 2135 
2542 2110 2137 2112 
2543 3135 3136 3074 
2544 2467 3080 3052 
2545 2416 3080 2467 
2546 3074 3333 3072 
2547 3136 3333 3074 
2548 3072 3333 2496 
2549 2496 3075 3070 
2550 3070 3072 2496 
2551 2420 3501 2418 
2552 3063 3065 2484 
2553 2454 3137 3056 
2554 2430 3137 2454 
2555 3059 3061 2480 
2556 3052 3057 2467 
2557 2435 3479 3095 
2558 2418 3080 2416 
2559 2406 3498 2404 
2560 2433 3496 2431 
2561 2464 3376 3054 
2562 3054 3475 2464 
2563 3054 3376 3214 
2564 2484 3282 3063 
2565 3214 3376 2455 
2566 2480 3281 3059 
2567 3061 3282 2480 
2568 3057 3281 2467 
2569 3055 3214 2455 
2570 2455 3316 3055 
2571 3070 3075 3067 
2572 3076 3077 2443 
2573 3078 3496 2433 
2574 2436 3078 2433 
2575 2441 3404 2438 
2576 2418 3501 3080 
2577 3316 3471 3055 
2578 3059 3281 3057 
2579 2404 3498 3075 
2580 3065 3498 2484 
2581 3063 3282 3061 
2582 3077 3078 2443 
2583 2402 3075 2496 
2584 2404 3075 2402 
2585 2435 3137 2430 
2586 3056 3471 2454 
2587 2454 3471 3316 
2588 3095 3137 2435 
2589 3079 3457 2453 
2590 2113 2115 2111 
2591 2410 3282 2408 
2592 2112 2114 2113 
2593 2136 2145 2144 
2594 2443 3078 2436 
2595 2435 3496 3479 
2596 2453 3274 3079 
2597 3079 3274 3091 
2598 2431 3496 2435 
2599 3075 3498 3067 
2600 2414 3281 2412 
2601 2443 3404 3076 
2602 2453 3404 2441 
2603 3067 3498 3065 
2604 2484 3498 2406 
2605 2438 3404 2443 
2606 3091 3274 2466 
2607 2465 3280 2996 
2608 2453 3457 3404 
2609 2996 3400 2465 
2610 2998 3091 2466 
2611 2480 3282 2410 
2612 2408 3282 2484 
2613 2997 3202 2452 
2614 2688 3202 2997 
2615 2456 3396 2449 
2616 2467 3281 2414 
2617 2465 3400 3267 
2618 2412 3281 2480 
2619 3201 3202 2687 
2620 2452 3267 2997 
2621 2687 3202 2688 
2622 2464 3501 2420 
2623 3087 3396 2456 
2624 2689 3495 3247 
2625 2485 3082 3081 
2626 3033 3471 3031 
2627 3077 3088 3078 
2628 2136 2146 2145 
2629 2145 2290 2144 
2630 2429 3355 2432 
2631 2114 2116 2113 
2632 3088 3406 3023 
2633 3167 3486 3449 
2634 1983 3490 3474 
2635 3087 3218 2666 
2636 3412 3468 3410 
2637 2687 3247 3201 
2638 3443 3488 2721 
2639 2466 3396 2998 
2640 3267 3400 2997 
2641 2417 3267 2419 
2642 3228 3238 1992 
2643 2593 3129 3083 
2644 3221 3238 3228 
2645 3081 3354 2485 
2646 2679 3353 2681 
2647 2622 3486 3167 
2648 3242 3289 3240 
2649 2456 3218 3087 
2650 69 3242 68 
2651 2398 3136 2396 
2652 3083 3130 2593 
2653 2015 3312 3262 
2654 2582 3414 2566 
2655 3219 3490 1983 
2656 3077 3406 3088 
2657 2449 3396 2466 
2658 3144 3165 3160 
2659 3084 3085 2696 
2660 3456 3494 3113 
2661 2619 3084 2696 
2662 2777 3119 3118 
2663 2425 3493 2427 
2664 2427 3355 2429 
2665 3079 3091 3002 
2666 2398 3333 3136 
2667 2485 3355 3082 
2668 3204 3470 3205 
2669 2276 3092 2275 
2670 68 3242 1992 
2671 2578 3245 3173 
2672 3025 3086 3038 
2673 2838 3352 3342 
2674 3122 3353 2679 
2675 2767 3184 3183 
2676 2783 3169 2841 
2677 2677 3122 2679 
2678 2734 3494 3456 
2679 3083 3129 2541 
2680 2721 3488 3083 
2681 2844 3169 3168 
2682 2245 3464 2208 
2683 2773 3468 3412 
2684 1992 3239 3228 
2685 3247 3495 3201 
2686 2082 3238 3221 
2687 3166 3167 2133 
2688 3353 3354 3081 
2689 3144 3151 3150 
2690 2419 3267 2452 
2691 3144 3160 3151 
2692 3097 3347 2535 
2693 2465 3267 2417 
2694 2535 3099 3097 
2695 2701 3178 3177 
2696 2374 3177 2530 
2697 2732 3476 3435 
2698 2230 3478 3190 
2699 2275 3092 2527 
2700 2432 3355 2485 
2701 2537 3132 3131 
2702 3463 3472 3092 
2703 2123 3272 2122 
2704 2740 3245 2578 
2705 2681 3353 3081 
2706 2396 3136 2537 
2707 2246 3426 3385 
2708 2776 3138 3102 
2709 2725 3090 2795 
2710 3167 3272 2133 
2711 3140 3150 2199 
2712 3208 3417 3209 
2713 3405 3469 3420 
2714 3170 3346 2785 
2715 3055 3471 3033 
2716 2535 3108 3099 
2717 3005 3323 3007 
2718 3104 3459 3419 
2719 2337 3488 3443 
2720 3141 3165 3144 
2721 2841 3169 2844 
2722 2214 3123 2216 
2723 3002 3091 2999 
2724 2372 3177 2374 
2725 3103 3464 2245 
2726 2537 3131 2394 
2727 3096 3347 3097 
2728 3327 3328 3293 
2729 2581 3352 2838 
2730 2802 3087 2666 
2731 2718 3392 3121 
2732 3205 3453 2729 
2733 3045 3323 3005 
2734 2118 3279 2116 
2735 2511 3347 3096 
2736 2271 3322 2273 
2737 2972 3472 3463 
2738 3056 3137 3094 
2739 3102 3138 2596 
2740 2290 2291 2144 
2741 3413 3451 2382 
2742 2656 3093 2830 
2743 3186 3416 3208 
2744 2452 3200 2421 
2745 2666 3218 2494 
2746 2564 3139 2691 
2747 3144 3150 3140 
2748 2363 3162 2353 
2749 2521 3108 2518 
2750 3209 3417 3213 
2751 2032 3327 3293 
2752 2149 3273 2152 
2753 2114 2117 2116 
2754 2672 3252 3120 
2755 3054 3214 3040 
2756 3410 3468 2251 
2757 2133 3272 2123 
2758 2521 3109 3108 
2759 2561 3377 3112 
2760 3143 3165 3141 
2761 3015 3324 3019 
2762 3173 3413 2578 
2763 2824 3414 2582 
2764 3118 3119 3114 
2765 3166 3320 2610 
2766 3229 3239 3232 
2767 3385 3426 2727 
2768 2566 3414 2577 
2769 3120 3392 2718 
2770 3104 3419 2251 
2771 2394 3131 2392 
2772 3120 3252 2451 
2773 2521 3176 3109 
2774 2185 3114 2183 
2775 3453 3461 2729 
2776 3023 3479 3088 
2777 2216 3123 2219 
2778 3161 3175 2354 
2779 2365 3171 2557 
2780 2137 3505 3504 
2781 2362 3171 2365 
2782 2421 3200 2423 
2783 3056 3094 3029 
2784 2637 3089 2817 
2785 2672 3120 2674 
2786 2392 3110 2390 
2787 2708 3383 2559 
2788 2146 2168 2145 
2789 2446 3122 3121 
2790 3382 3391 2553 
2791 2446 3121 2439 
2792 2612 3166 2610 
2793 2757 3189 2750 
2794 3031 3471 3056 
2795 2511 3096 2510 
2796 2282 3351 2281 
2797 2518 3108 2535 
2798 2539 3119 2777 
2799 3130 3425 2593 
2800 2152 3273 2533 
2801 3163 3164 2331 
2802 2353 3162 2351 
2803 2380 3129 2377 
2804 3252 3373 2451 
2805 2503 3377 2561 
2806 2077 3328 3327 
2807 2133 3320 3166 
2808 2151 3360 2154 
2809 2263 3124 2525 
2810 2321 3161 2354 
2811 1992 3242 3239 
2812 2741 3351 2282 
2813 3152 3408 2266 
2814 3208 3416 2697 
2815 2181 3119 2539 
2816 3114 3119 2183 
2817 2337 3443 3163 
2818 3099 3108 3101 
2819 3364 3425 3130 
2820 3342 3352 2302 
2821 2474 3371 2617 
2822 3108 3109 3101 
2823 2605 3357 2261 
2824 2541 3129 2380 
2825 2403 3174 2576 
2826 2618 3431 2488 
2827 2277 3366 2272 
2828 2718 3122 2677 
2829 2757 3190 3189 
2830 3128 3182 2121 
2831 2319 3186 2318 
2832 2730 3322 2271 
2833 2427 3493 3355 
2834 3319 3372 2125 
2835 3419 3459 2245 
2836 3040 3214 3035 
2837 3043 3051 3047 
2838 2269 3415 2730 
2839 2633 3369 2387 
2840 2434 3354 2437 
2841 3138 3283 2596 
2842 2706 3321 2654 
2843 2606 3162 2363 
2844 2199 3150 2197 
2845 2803 2804 2802 
2846 3095 3423 3020 
2847 2452 3202 3200 
2848 3177 3178 2530 
2849 2767 3183 2538 
2850 3228 3239 3229 
2851 3348 3455 3445 
2852 2654 3321 2167 
2853 2621 3366 2277 
2854 3168 3169 2361 
2855 2479 3361 2497 
2856 2616 3205 2729 
2857 3200 3202 3201 
2858 69 3289 3242 
2859 2201 3140 2199 
2860 2303 3341 2302 
2861 2507 3303 2509 
2862 2785 3346 2571 
2863 3094 3137 3095 
2864 3348 3445 2235 
2865 2273 3322 2278 
2866 2629 3391 3382 
2867 2750 3189 2752 
2868 2389 3375 2385 
2869 3182 3372 3319 
2870 2400 3333 2398 
2871 2620 3416 3175 
2872 2329 3164 2342 
2873 2352 3168 2361 
2874 2361 3171 2362 
2875 2428 3316 2426 
2876 3124 3126 2525 
2877 2970 2972 2590 
2878 2655 2951 2950 
2879 2401 3174 2403 
2880 2509 3303 2512 
2881 3124 3127 3126 
2882 3173 3451 3413 
2883 2311 3278 2310 
2884 2314 3278 2311 
2885 3001 3002 2999 
2886 3034 3039 3035 
2887 2122 3272 2139 
2888 2125 3372 2127 
2889 2546 2547 2168 
2890 2182 3188 2572 
2891 3248 3283 3138 
2892 2179 3188 2182 
2893 2359 3162 3113 
2894 2539 2777 2709 
2895 3205 3470 2229 
2896 2245 3459 3103 
2897 3186 3187 2318 
2898 2698 3381 2529 
2899 2534 3248 3138 
2900 2721 3083 2541 
2901 2704 3374 3302 
2902 2716 2717 2707 
2903 2148 3273 2149 
2904 2547 2587 2168 
2905 2451 3392 3120 
2906 3151 3160 3153 
2907 2124 3279 2118 
2908 2158 3409 2299 
2909 2296 3183 2300 
2910 3007 3323 3010 
2911 3436 3439 3278 
2912 2205 3440 3434 
2913 3287 3426 2246 
2914 2620 3175 2618 
2915 2256 3248 2534 
2916 2557 3171 2783 
2917 2743 3426 3287 
2918 3019 3324 3026 
2919 2367 3401 2368 
2920 2523 3177 2372 
2921 2720 2721 2541 
2922 3435 3476 2640 
2923 2265 3349 2560 
2924 2392 3131 3110 
2925 2565 2794 2657 
2926 3028 3029 3021 
2927 3053 3057 3052 
2928 3182 3319 2121 
2929 2333 3163 2331 
2930 2114 2121 2117 
2931 2466 3274 2447 
2932 2481 3317 2459 
2933 2657 2833 2831 
2934 3081 3082 2689 
2935 3298 3300 3299 
2936 3021 3094 3020 
2937 2015 3261 3260 
2938 2226 3415 2269 
2939 2261 3357 2236 
2940 2331 3164 2329 
2941 2339 2340 2338 
2942 2344 3191 2343 
2943 2377 3129 2375 
2944 2578 3413 2482 
2945 2542 3428 2602 
2946 3288 3389 2386 
2947 3052 3080 3049 
2948 2015 3262 3261 
2949 2281 2596 2262 
2950 2322 2323 2321 
2951 2382 3451 2720 
2952 2500 3377 2503 
2953 2570 3303 2507 
2954 3222 3234 3225 
2955 2545 3216 2157 
2956 3183 3184 2300 
2957 2426 3316 2455 
2958 3429 3450 2614 
2959 2974 2976 2623 
2960 2393 2394 2392 
2961 2520 3192 2517 
2962 2695 2780 2693 
2963 3043 3047 3044 
2964 3148 3149 3143 
2965 2153 3360 2151 
2966 2294 3183 2296 
2967 2451 3373 2448 
2968 3097 3098 2812 
2969 3011 3013 3012 
2970 3039 3040 3035 
2971 3370 3388 2143 
2972 3203 3430 2189 
2973 2536 3203 2191 
2974 2290 2574 2291 
2975 2326 3335 2327 
2976 3175 3416 2354 
2977 2489 3302 2540 
2978 2522 3176 2521 
2979 2532 3204 2616 
2980 2600 3182 3128 
2981 2777 2828 2709 
2982 2716 2993 2992 
2983 3013 3014 3012 
2984 3028 3030 3029 
2985 3180 3181 3179 
2986 2217 3334 2215 
2987 2275 2277 2272 
2988 2624 3375 2389 
2989 2419 2420 2418 
2990 2437 2439 2438 
2991 2628 3393 2470 
2992 2488 3431 2486 
2993 3121 3122 2718 
2994 2754 3345 2753 
2995 2002 3256 3255 
2996 2003 3266 3265 
2997 2667 3176 2550 
2998 2783 2841 2840 
2999 2783 3171 3169 
3000 2117 2118 2116 
3001 2238 3339 2265 
3002 2262 3283 2241 
3003 2525 3437 2258 
3004 2273 2275 2272 
3005 2286 2287 2284 
3006 2295 3284 2288 
3007 2391 2392 2390 
3008 2553 3391 2476 
3009 2692 2813 2701 
3010 2753 3345 2793 
3011 2781 3450 3429 
3012 3001 3003 3002 
3013 3094 3095 3020 
3014 2251 3468 3104 
3015 2549 2551 2550 
3016 3344 3393 2628 
3017 3003 3004 3002 
3018 3071 3073 3072 
3019 3170 3361 3346 
3020 2157 3216 2140 
3021 2159 2545 2157 
3022 2529 3381 2257 
3023 2364 3288 2386 
3024 2765 2766 2538 
3025 2579 2811 2810 
3026 2614 2659 2613 
3027 2737 3344 2628 
3028 2756 2759 2754 
3029 2191 3203 2189 
3030 2241 3283 2243 
3031 2580 3284 2295 
3032 2350 2351 2349 
3033 2352 2353 2351 
3034 2361 2362 2353 
3035 2427 2428 2426 
3036 2431 2435 2430 
3037 2567 2663 2662 
3038 2835 2836 2580 
3039 3027 3324 3013 
3040 3322 3470 3204 
3041 2249 3334 2217 
3042 2325 3432 2323 
3043 2327 3335 2330 
3044 2382 2541 2380 
3045 2450 2456 2449 
3046 2497 3361 2595 
3047 2629 2738 2737 
3048 3030 3050 3032 
3049 2143 3388 2611 
3050 2146 2546 2168 
3051 2208 3464 2210 
3052 2272 3366 2270 
3053 2348 3191 2344 
3054 2399 2585 2401 
3055 2621 3368 3367 
3056 2686 3359 2685 
3057 2725 2795 2781 
3058 3000 3001 2999 
3059 3003 3045 3005 
3060 3007 3010 3009 
3061 3011 3027 3013 
3062 2202 2203 2201 
3063 2271 2272 2270 
3064 2372 2373 2356 
3065 2558 3401 2367 
3066 2378 2379 2377 
3067 2432 2485 2434 
3068 2439 3121 2442 
3069 2459 3317 2461 
3070 2594 3377 2498 
3071 2510 2579 2575 
3072 2539 2709 2641 
3073 3172 3357 2605 
3074 2623 3486 2622 
3075 2697 3417 3208 
3076 3186 3208 3187 
3077 88 2027 87 
3078 186 2039 185 
3079 2150 3370 2142 
3080 2151 2154 2150 
3081 2226 2269 2250 
3082 2228 2231 2227 
3083 2237 2238 2236 
3084 3339 3349 2265 
3085 2728 2742 2741 
3086 3013 3015 3014 
3087 3151 3153 3152 
3088 3212 3439 3436 
3089 2296 2298 2297 
3090 3341 3342 2302 
3091 2355 2356 2345 
3092 2565 3110 2794 
3093 2611 2613 2612 
3094 3231 3233 3230 
3095 2200 2201 2199 
3096 2216 2219 2218 
3097 2221 2223 2222 
3098 2246 3385 2232 
3099 2297 3352 2581 
3100 2336 2338 2335 
3101 2381 2382 2380 
3102 2383 2567 2566 
3103 2490 2542 2505 
3104 2532 2589 2588 
3105 2817 3358 2719 
3106 2805 3087 2802 
3107 3025 3038 3037 
3108 3035 3214 3055 
3109 2226 2250 2249 
3110 3190 3465 2230 
3111 2268 2281 2262 
3112 2336 2339 2338 
3113 2343 3191 2355 
3114 2477 3361 2479 
3115 2527 2591 2528 
3116 2532 2616 2589 
3117 2540 3302 2769 
3118 2801 2802 2666 
3119 3003 3005 3004 
3120 3005 3007 3006 
3121 3042 3054 3040 
3122 3179 3469 3405 
3123 3222 3224 3220 
3124 3230 3234 3223 
3125 3301 3386 2053 
3126 2117 3319 2119 
3127 2173 2174 2172 
3128 2179 2182 2181 
3129 2183 3119 2181 
3130 2225 2228 2227 
3131 2228 2232 2231 
3132 2234 2237 2236 
3133 2248 2254 2253 
3134 2324 2325 2323 
3135 2341 2344 2343 
3136 2368 2384 2370 
3137 2461 3317 2468 
3138 2540 2618 2488 
3139 2510 3096 2579 
3140 2592 2646 2551 
3141 2598 3182 2600 
3142 2831 3446 2624 
3143 2656 2830 2821 
3144 2677 2679 2678 
3145 2684 2686 2685 
3146 2687 2688 2686 
3147 2749 2750 2748 
3148 2836 3286 3285 
3149 3164 3399 3398 
3150 2184 2186 2185 
3151 2501 3105 2703 
3152 3014 3023 3012 
3153 3030 3031 3029 
3154 182 3299 181 
3155 2140 3216 2124 
3156 2167 3321 2163 
3157 2194 2195 2193 
3158 2196 2197 2195 
3159 2266 3408 2195 
3160 2198 2199 2197 
3161 2197 3150 2266 
3162 2219 3123 2267 
3163 2224 2229 2222 
3164 2240 2268 2262 
3165 2264 2283 2263 
3166 2313 2314 2311 
3167 2313 3185 2316 
3168 2323 3161 2321 
3169 2339 2341 2340 
3170 2423 3200 2440 
3171 2447 3274 2444 
3172 2490 2544 2542 
3173 2550 3176 2522 
3174 2658 2829 2574 
3175 2588 2969 2590 
3176 2591 2715 2651 
3177 3113 3162 2606 
3178 2607 2790 2608 
3179 3204 3205 2616 
3180 2625 3373 3252 
3181 2747 2748 2746 
3182 3110 3111 2794 
3183 3142 3143 3141 
3184 3163 3399 3164 
3185 3239 3240 3232 
3186 3268 3270 3269 
3187 2128 3320 2126 
3188 2192 2193 2191 
3189 2283 3124 2263 
3190 2585 3174 2401 
3191 2495 2665 2664 
3192 3428 3451 2602 
3193 2640 3448 2638 
3194 2787 2839 2713 
3195 2750 2751 2748 
3196 3015 3017 3016 
3197 3058 3059 3057 
3198 3141 3144 3140 
3199 3149 3165 3143 
3200 3211 3212 3210 
3201 3444 3458 3424 
3202 2297 2581 2580 
3203 2674 2675 2673 
3204 3013 3324 3015 
3205 3297 3298 2034 
3206 2156 2157 2140 
3207 2148 2149 2142 
3208 2154 3360 2724 
3209 2158 2159 2157 
3210 2160 2161 2159 
3211 2653 2654 2167 
3212 2178 2179 2176 
3213 2190 2191 2189 
3214 2226 2249 2217 
3215 2223 2235 2225 
3216 2237 2240 2239 
3217 2256 2257 2254 
3218 2286 2288 2287 
3219 2301 2303 2302 
3220 2321 2354 2319 
3221 2324 2326 2325 
3222 3164 3398 2342 
3223 2373 3425 2356 
3224 2364 2386 2363 
3225 2402 2496 2400 
3226 2413 2415 2414 
3227 2417 2419 2418 
3228 2429 2432 2431 
3229 2434 2437 2436 
3230 2438 2443 2436 
3231 2448 2450 2449 
3232 2448 3373 2450 
3233 2461 2463 2462 
3234 2495 2664 2494 
3235 2507 2509 2508 
3236 3178 3179 2530 
3237 2577 2740 2578 
3238 2577 2975 2740 
3239 2769 3084 2619 
3240 2733 2734 2695 
3241 3428 3481 2720 
3242 3019 3026 3025 
3243 66 2082 65 
3244 115 2083 114 
3245 164 2084 163 
3246 213 2085 212 
3247 2146 2645 2546 
3248 2187 3430 2289 
3249 2214 2216 2215 
3250 2385 3375 2370 
3251 2388 2389 2385 
3252 2388 2391 2390 
3253 2397 2399 2398 
3254 2405 2407 2406 
3255 2425 2427 2426 
3256 2434 2436 2433 
3257 2471 3371 2474 
3258 2479 2492 2478 
3259 2500 2501 2499 
3260 2595 3170 2826 
3261 2631 2668 2630 
3262 3066 3069 3067 
3263 3300 3387 3386 
3264 2126 3320 2133 
3265 2155 2564 2563 
3266 2699 3188 2178 
3267 2188 2189 2187 
3268 2350 2360 2352 
3269 2384 2632 2387 
3270 2437 3354 2446 
3271 2766 2767 2538 
3272 2579 3096 2812 
3273 2615 2622 2612 
3274 2814 3435 2640 
3275 2844 2845 2843 
3276 3018 3020 3016 
3277 3034 3035 3033 
3278 2122 2139 2124 
3279 2125 2126 2123 
3280 2163 2165 2164 
3281 2178 3188 2179 
3282 2202 2204 2203 
3283 2210 2212 2211 
3284 2219 2267 2221 
3285 2637 2719 2280 
3286 2308 2309 2307 
3287 2317 2320 2319 
3288 2350 2352 2351 
3289 2352 2361 2353 
3290 2384 2387 2385 
3291 2445 2448 2447 
3292 2462 2494 2460 
3293 3449 3486 2564 
3294 2565 2657 2624 
3295 2661 2731 2605 
3296 2607 3389 3378 
3297 2642 3106 3105 
3298 2674 3120 2718 
3299 2683 3363 2680 
3300 2711 3359 2686 
3301 2724 2726 2725 
3302 2804 2806 2805 
3303 3018 3022 3021 
3304 3261 3263 3260 
3305 71 2009 70 
3306 120 2005 119 
3307 169 2011 168 
3308 180 3301 2053 
3309 218 2006 217 
3310 2175 3424 2562 
3311 3464 3478 2230 
3312 2243 2247 2242 
3313 2310 3277 3275 
3314 2372 2374 2373 
3315 2386 3389 2607 
3316 2474 2617 2571 
3317 2487 2489 2488 
3318 2490 2505 2489 
3319 2497 2594 2498 
3320 2532 2588 2531 
3321 3142 3145 3143 
3322 3145 3148 3143 
3323 3222 3225 3224 
3324 3198 3199 2039 
3325 2119 2123 2122 
3326 2139 2155 2140 
3327 2169 2170 2153 
3328 2154 2723 2722 
3329 2154 2724 2723 
3330 2155 2563 2156 
3331 2162 2652 2167 
3332 2223 2225 2224 
3333 2240 2241 2239 
3334 2244 3357 3172 
3335 2278 2532 2531 
3336 2642 3105 2501 
3337 2542 2602 2543 
3338 2564 2691 2563 
3339 2602 3173 2660 
3340 2627 2672 2671 
3341 2715 2961 2651 
3342 2672 2674 2673 
3343 2679 2681 2680 
3344 2753 2793 2792 
3345 3153 3155 3154 
3346 2117 2119 2118 
3347 2127 2128 2126 
3348 2610 3320 2131 
3349 2149 2151 2150 
3350 2171 3360 2153 
3351 2173 2175 2174 
3352 2179 2181 2180 
3353 2184 2185 2183 
3354 2210 2230 2212 
3355 2281 2597 2596 
3356 2343 2345 2340 
3357 2423 2440 2425 
3358 2449 2466 2447 
3359 2450 2458 2457 
3360 2468 2559 2469 
3361 2517 3192 2519 
3362 2524 2693 2692 
3363 2557 2782 2558 
3364 3175 3431 2618 
3365 2619 2696 2620 
3366 2779 3089 2637 
3367 2647 2648 2644 
3368 2655 2705 2654 
3369 2685 3359 2775 
3370 2743 3287 2745 
3371 2752 2755 2754 
3372 2804 2805 2802 
3373 3026 3086 3025 
3374 3256 3257 3255 
3375 2119 2125 2123 
3376 2160 2162 2161 
3377 2175 2178 2176 
3378 2186 2187 2185 
3379 2194 2196 2195 
3380 2223 2224 2222 
3381 2234 2236 2233 
3382 2256 2534 2529 
3383 2259 2264 2263 
3384 2309 2311 2310 
3385 2322 2483 2324 
3386 2329 2342 2328 
3387 2593 3425 2373 
3388 2374 2376 2375 
3389 2399 2401 2400 
3390 2534 3138 2776 
3391 2611 2612 2610 
3392 2613 2615 2612 
3393 2816 2847 2633 
3394 2655 2950 2705 
3395 3173 3245 2660 
3396 3058 3060 3059 
3397 222 2026 221 
3398 2129 2130 2128 
3399 2130 2141 2132 
3400 2289 3114 2185 
3401 2209 2252 2207 
3402 2256 2529 2257 
3403 2527 2528 2277 
3404 2306 3341 2303 
3405 2309 2310 2307 
3406 2313 2316 2315 
3407 2366 3288 2364 
3408 2496 3333 2400 
3409 2415 2465 2417 
3410 2422 2464 2420 
3411 2439 2442 2441 
3412 2458 2625 2481 
3413 2468 2609 2559 
3414 2664 2666 2494 
3415 2533 2656 2584 
3416 2579 2812 2811 
3417 2581 2835 2580 
3418 2581 2838 2837 
3419 2636 2779 2637 
3420 2684 2685 2683 
3421 2714 2787 2713 
3422 2728 2743 2742 
3423 2750 2752 2751 
3424 2755 3103 2756 
3425 2823 2966 2822 
3426 2836 3285 3284 
3427 2841 2843 2842 
3428 3019 3025 3024 
3429 3064 3065 3063 
3430 3069 3070 3067 
3431 3223 3234 3222 
3432 3298 3299 2034 
3433 2082 3221 3220 
3434 2127 2138 2129 
3435 2598 2599 2177 
3436 2187 2289 2185 
3437 2188 2190 2189 
3438 2296 2300 2298 
3439 3364 3441 2338 
3440 2393 2395 2394 
3441 2396 2537 2394 
3442 2500 2502 2501 
3443 2524 2692 2523 
3444 2595 2826 2825 
3445 2752 2754 2753 
3446 3099 3101 3100 
3447 3130 3441 3364 
3448 3178 3180 3179 
3449 3221 3223 3222 
3450 3228 3229 3223 
3451 3229 3231 3230 
3452 59 2086 58 
3453 61 2054 60 
3454 108 2087 107 
3455 110 2055 109 
3456 157 2088 156 
3457 159 2056 158 
3458 206 2089 205 
3459 208 2057 207 
3460 2027 3194 3193 
3461 2127 2129 2128 
3462 2131 3320 2128 
3463 2138 2147 2129 
3464 2154 2722 2150 
3465 2354 3186 2319 
3466 2375 3129 2593 
3467 2395 2396 2394 
3468 2397 2398 2396 
3469 2442 2445 2444 
3470 2450 2457 2456 
3471 2459 2461 2460 
3472 2478 2553 2476 
3473 2487 2488 2486 
3474 2497 2498 2493 
3475 2527 2700 2591 
3476 2691 2768 2563 
3477 2617 2690 2571 
3478 2616 2729 2634 
3479 2639 2640 2638 
3480 2653 2655 2654 
3481 2661 2763 2731 
3482 2712 2714 2713 
3483 2997 3400 2712 
3484 3017 3018 3016 
3485 3022 3028 3021 
3486 3030 3032 3031 
3487 3064 3068 3066 
3488 3153 3154 3152 
3489 3221 3222 3220 
3490 3229 3230 3223 
3491 2119 2122 2118 
3492 2149 2150 2142 
3493 2177 2569 2147 
3494 2569 2638 2147 
3495 2152 2533 2169 
3496 2175 2562 2178 
3497 2188 2556 2190 
3498 2193 2536 2191 
3499 2200 2202 2201 
3500 2257 2258 2254 
3501 2259 3379 2264 
3502 2260 3434 3142 
3503 2268 2282 2281 
3504 2297 2580 2295 
3505 2413 2414 2412 
3506 2457 3218 2456 
3507 2461 2468 2463 
3508 2477 2478 2476 
3509 2479 2497 2493 
3510 2548 2549 2522 
3511 2692 2701 2523 
3512 2609 2708 2559 
3513 2776 2807 2573 
3514 2600 2643 2601 
3515 2607 2608 2606 
3516 2608 3113 2606 
3517 2615 2974 2623 
3518 2629 2737 2628 
3519 2688 2997 2712 
3520 2724 2725 2723 
3521 77 2049 76 
3522 79 2076 78 
3523 82 2051 81 
3524 85 2036 84 
3525 126 2032 125 
3526 128 2077 127 
3527 131 2050 130 
3528 134 2075 133 
3529 174 2031 173 
3530 177 2040 176 
3531 180 2053 179 
3532 3299 3301 181 
3533 183 2034 182 
3534 228 2052 227 
3535 231 2038 230 
3536 2142 3370 2132 
3537 2174 2292 2172 
3538 2219 2221 2220 
3539 2241 2243 2242 
3540 2270 2274 2250 
3541 2555 2605 2261 
3542 2283 3362 3125 
3543 2285 2286 2284 
3544 2330 2331 2329 
3545 2334 2335 2333 
3546 2341 2343 2340 
3547 2343 2355 2345 
3548 2374 2530 2376 
3549 2379 2380 2377 
3550 2403 2404 2402 
3551 2415 2416 2414 
3552 2477 2479 2478 
3553 2577 2578 2482 
3554 2498 2500 2499 
3555 2500 2503 2502 
3556 2591 2651 2528 
3557 2547 2770 2587 
3558 2597 3102 2596 
3559 2619 2620 2618 
3560 2652 2786 2653 
3561 2743 2744 2742 
3562 2138 2598 2177 
3563 2190 2192 2191 
3564 2196 2198 2197 
3565 2196 2279 2198 
3566 2207 3440 2205 
3567 2208 2210 2209 
3568 2210 2211 2209 
3569 2238 2261 2236 
3570 2243 3283 3248 
3571 2280 3350 2247 
3572 2248 2256 2254 
3573 2257 2259 2258 
3574 2264 2284 2283 
3575 2273 2276 2275 
3576 2528 2621 2277 
3577 2636 2637 2280 
3578 2290 2658 2574 
3579 2305 2307 2306 
3580 2309 2312 2311 
3581 2312 3185 2313 
3582 2317 2318 2315 
3583 2317 2319 2318 
3584 2320 2321 2319 
3585 2320 2322 2321 
3586 2322 2324 2323 
3587 2332 2334 2333 
3588 2360 3168 2352 
3589 2362 2365 2364 
3590 2386 2606 2363 
3591 2388 2390 2389 
3592 2391 2393 2392 
3593 2391 3369 2568 
3594 2399 2400 2398 
3595 2401 2402 2400 
3596 2403 2405 2404 
3597 2403 2576 2405 
3598 2409 2411 2410 
3599 2409 2491 2411 
3600 2412 2480 2410 
3601 2411 2413 2412 
3602 2415 3280 2465 
3603 2417 2418 2416 
3604 2419 2421 2420 
3605 2421 2423 2422 
3606 2423 2424 2422 
3607 2437 2438 2436 
3608 2439 2441 2438 
3609 2474 2571 2475 
3610 2489 2540 2488 
3611 2503 2504 2502 
3612 2509 2512 2511 
3613 2514 2515 2513 
3614 2515 2520 2517 
3615 2517 2519 2518 
3616 2519 2548 2522 
3617 2549 2550 2522 
3618 2526 2631 2630 
3619 3398 3399 2544 
3620 2645 2735 2546 
3621 2836 3284 2580 
3622 2656 2821 2584 
3623 2595 2825 2594 
3624 2600 3128 2643 
3625 2644 2669 2601 
3626 2643 2647 2644 
3627 2645 2736 2735 
3628 2670 2818 2702 
3629 2677 2678 2675 
3630 2679 2680 2678 
3631 2680 3363 2678 
3632 2730 3415 3365 
3633 3273 3476 2732 
3634 2744 2758 2742 
3635 2745 2746 2744 
3636 2749 2757 2750 
3637 2759 3345 2754 
3638 2762 2773 2772 
3639 2771 2799 2798 
3640 3018 3021 3020 
3641 3115 3118 3114 
3642 3125 3127 3124 
3643 3208 3209 3187 
3644 3210 3304 3187 
3645 3254 3326 3325 
3646 2138 2177 2147 
3647 2192 2583 2194 
3648 2411 2412 2410 
3649 2475 2477 2476 
3650 2562 3424 2778 
3651 2690 2785 2571 
3652 2579 2810 2575 
3653 2732 3093 2656 
3654 2771 2798 2770 
3655 2803 2846 2804 
3656 3004 3079 3002 
3657 3043 3044 3042 
3658 3062 3063 3061 
3659 3132 3134 3133 
3660 91 2007 90 
3661 94 2001 93 
3662 103 2078 102 
3663 105 2090 104 
3664 140 2008 139 
3665 143 2002 142 
3666 152 2079 151 
3667 154 2091 153 
3668 171 2071 170 
3669 189 2012 188 
3670 192 1996 191 
3671 201 2080 200 
3672 203 2092 202 
3673 220 2072 219 
3674 225 2035 224 
3675 238 2010 237 
3676 241 2003 240 
3677 250 2081 249 
3678 252 2093 251 
3679 2208 2209 2207 
3680 2228 2246 2232 
3681 2233 2244 2231 
3682 2264 2285 2284 
3683 2275 2527 2277 
3684 2368 2370 2369 
3685 2387 2388 2385 
3686 2409 2410 2408 
3687 2421 2422 2420 
3688 2502 2642 2501 
3689 2533 2732 2656 
3690 2549 2592 2551 
3691 2552 2667 2550 
3692 2808 2809 2604 
3693 2637 2817 2719 
3694 2663 2823 2822 
3695 2715 2984 2961 
3696 2752 2753 2751 
3697 3035 3055 3033 
3698 3039 3041 3040 
3699 3249 3250 2011 
3700 2119 3319 2125 
3701 2126 2133 2123 
3702 2132 2143 2131 
3703 2149 2152 2151 
3704 2152 2169 2153 
3705 2170 2171 2153 
3706 2192 2194 2193 
3707 2251 3419 2204 
3708 2212 2214 2213 
3709 2216 2218 2217 
3710 2219 2220 2218 
3711 2238 2265 2261 
3712 2596 3283 2262 
3713 2278 2531 2276 
3714 2727 2728 2282 
3715 2283 3125 3124 
3716 2538 3183 2294 
3717 2304 2305 2303 
3718 2347 2350 2349 
3719 2371 2372 2356 
3720 2557 2558 2367 
3721 2376 2378 2377 
3722 2379 2383 2381 
3723 2383 2566 2482 
3724 2390 3110 2565 
3725 2407 2408 2406 
3726 2425 2426 2424 
3727 2427 2429 2428 
3728 2446 3353 3122 
3729 2448 2449 2447 
3730 2461 2462 2460 
3731 2462 2495 2494 
3732 2471 2474 2473 
3733 2492 3343 2478 
3734 2479 2493 2492 
3735 2513 3347 2511 
3736 2547 2771 2770 
3737 2567 2582 2566 
3738 2567 3338 2663 
3739 2662 2789 2582 
3740 2629 3382 2738 
3741 2685 2774 2683 
3742 2712 3400 2714 
3743 2716 2992 2717 
3744 2726 3090 2725 
3745 2755 2756 2754 
3746 2760 2762 2761 
3747 3005 3006 3004 
3748 3007 3008 3006 
3749 3008 3077 3076 
3750 3023 3406 3012 
3751 3029 3094 3021 
3752 64 1983 63 
3753 68 1992 67 
3754 113 1981 112 
3755 117 1990 116 
3756 162 1984 161 
3757 166 1994 165 
3758 211 1982 210 
3759 215 1989 214 
3760 2121 3319 2117 
3761 2143 2611 2610 
3762 2562 2699 2178 
3763 2288 3284 2287 
3764 2293 2294 2288 
3765 2384 2385 2370 
3766 2387 3369 2388 
3767 2506 2570 2507 
3768 2825 3112 2594 
3769 2622 3166 2612 
3770 2674 2677 2675 
3771 2684 2687 2686 
3772 2743 2745 2744 
3773 3008 3076 3006 
3774 3069 3071 3070 
3775 3209 3210 3187 
3776 3239 3242 3240 
3777 3300 3386 3301 
3778 2182 2184 2183 
3779 2202 2251 2204 
3780 2212 2213 2211 
3781 2236 3357 2233 
3782 2234 3384 2237 
3783 2263 2525 2258 
3784 2273 2278 2276 
3785 2296 2297 2295 
3786 2310 3278 3277 
3787 2342 2486 2328 
3788 2336 2357 2339 
3789 2362 2363 2353 
3790 2362 2364 2363 
3791 2365 2366 2364 
3792 2379 3338 2383 
3793 2395 2397 2396 
3794 2395 2586 2397 
3795 2471 2473 2472 
3796 2474 2475 2473 
3797 2503 2506 2504 
3798 2512 2603 2514 
3799 2537 3135 3132 
3800 3388 3429 2614 
3801 2668 3389 2630 
3802 2674 2718 2677 
3803 2681 3081 2689 
3804 2999 3091 2998 
3805 3048 3052 3049 
3806 3116 3117 3115 
3807 2141 2148 2142 
3808 2158 2160 2159 
3809 2204 2205 2203 
3810 2206 2207 2205 
3811 2225 2227 2224 
3812 2241 2242 2239 
3813 2248 2253 2247 
3814 2265 2560 2555 
3815 2281 3351 2597 
3816 2294 2296 2295 
3817 2300 2301 2298 
3818 2305 2306 2303 
3819 2323 3432 3161 
3820 2335 2337 2333 
3821 2342 2487 2486 
3822 2365 2557 2367 
3823 2368 2369 2366 
3824 2510 2575 2508 
3825 2581 2837 2835 
3826 2770 2819 2587 
3827 2627 2671 2670 
3828 2672 2673 2671 
3829 2681 2689 2682 
3830 2714 2788 2787 
3831 2722 3388 3370 
3832 2760 2761 2759 
3833 2762 2772 2761 
3834 3062 3064 3063 
3835 2630 3288 2369 
3836 2413 3280 2415 
3837 2469 2470 2463 
3838 2497 2595 2594 
3839 2509 2510 2508 
3840 2512 2514 2513 
3841 2518 2535 2516 
3842 2527 3092 2700 
3843 2598 2600 2599 
3844 3317 3394 2609 
3845 2617 2827 2690 
3846 2766 2832 2767 
3847 3221 3228 3223 
3848 2082 3220 3219 
3849 2083 3236 3235 
3850 2122 2124 2118 
3851 2125 2127 2126 
3852 2130 2131 2128 
3853 2186 2188 2187 
3854 2214 2215 2213 
3855 2216 2217 2215 
3856 2218 2226 2217 
3857 2237 2239 2238 
3858 2243 2248 2247 
3859 2269 2270 2250 
3860 2305 2308 2307 
3861 2332 2333 2331 
3862 2337 3163 2333 
3863 2369 3288 2366 
3864 2379 2381 2380 
3865 2383 2482 2381 
3866 2386 2607 2606 
3867 2632 2633 2387 
3868 2407 2409 2408 
3869 2429 2430 2428 
3870 2445 2451 2448 
3871 2566 2577 2482 
3872 2487 2490 2489 
3873 2789 2824 2582 
3874 2607 3378 2790 
3875 2670 2702 2626 
3876 2632 2816 2633 
3877 2658 2834 2829 
3878 2694 2733 2695 
3879 2725 2781 2723 
3880 2745 2747 2746 
3881 3053 3058 3057 
3882 3073 3074 3072 
3883 3434 3440 3146 
3884 3209 3211 3210 
3885 3339 3350 3349 
3886 3296 3297 2034 
3887 2139 2140 2124 
3888 2143 2610 2131 
3889 2155 2156 2140 
3890 2156 2158 2157 
3891 2158 2299 2160 
3892 2163 2164 2161 
3893 2162 2167 2163 
3894 2179 2180 2176 
3895 2181 2539 2180 
3896 2232 2234 2233 
3897 3151 3152 2266 
3898 2276 3463 3092 
3899 2278 3322 3204 
3900 2286 2293 2288 
3901 2326 2327 2325 
3902 2365 2367 2366 
3903 2375 2593 2373 
3904 2509 2511 2510 
3905 2512 2513 2511 
3906 2524 2694 2693 
3907 2591 3421 2715 
3908 2696 2697 2620 
3909 2705 2706 2654 
3910 2689 3247 2682 
3911 2688 2712 2711 
3912 2747 2749 2748 
3913 3011 3012 3009 
3914 3032 3034 3033 
3915 2203 3434 2260 
3916 2215 3334 2255 
3917 2253 2636 2280 
3918 2354 3416 3186 
3919 2401 2403 2402 
3920 2459 2460 2457 
3921 2471 2472 2470 
3922 2516 3347 2513 
3923 2784 3418 2558 
3924 2682 2683 2680 
3925 2752 3189 2755 
3926 3031 3056 3029 
3927 2539 2641 2180 
3928 2197 2266 2195 
3929 2203 2260 2201 
3930 2265 2555 2261 
3931 2294 2295 2288 
3932 2301 2302 2298 
3933 2301 2304 2303 
3934 2334 2336 2335 
3935 2346 2347 2344 
3936 2347 2348 2344 
3937 2351 3162 2359 
3938 2355 2371 2356 
3939 2383 3338 2567 
3940 2460 3218 2457 
3941 2472 2628 2470 
3942 2625 2626 2481 
3943 2782 2784 2558 
3944 2627 2670 2626 
3945 2682 2684 2683 
3946 2714 3400 2996 
3947 2748 3356 2746 
3948 3096 3097 2812 
3949 3411 3412 3410 
3950 2001 3253 93 
3951 2002 3255 142 
3952 2003 3265 240 
3953 2032 3292 3291 
3954 2170 2173 2172 
3955 2313 2315 2314 
3956 2368 3401 2384 
3957 2370 3375 2526 
3958 2501 2703 2499 
3959 2515 2516 2513 
3960 2517 2518 2516 
3961 2519 2521 2518 
3962 2569 2639 2638 
3963 2624 3446 3375 
3964 2806 2999 2998 
3965 3064 3066 3065 
3966 3097 3099 3098 
3967 2228 3438 2246 
3968 2268 2727 2282 
3969 2330 2358 2332 
3970 2370 2526 2369 
3971 2482 3413 2381 
3972 2432 2434 2433 
3973 2567 2662 2582 
3974 2663 2822 2662 
3975 2675 2676 2673 
3976 2753 2792 2751 
3977 2760 3104 2762 
3978 2170 2172 2171 
3979 2175 2176 2174 
3980 2242 3339 2239 
3981 2240 2262 2241 
3982 2247 3350 2242 
3983 2253 2280 2247 
3984 2728 2741 2282 
3985 2293 2538 2294 
3986 2327 2330 2329 
3987 2330 2332 2331 
3988 2391 2568 2393 
3989 2437 2446 2439 
3990 2505 3302 2489 
3991 2506 2507 2504 
3992 2543 2704 2505 
3993 2519 2522 2521 
3994 2533 3273 2732 
3995 2976 3139 2623 
3996 2664 2801 2666 
3997 2688 2711 2686 
3998 2719 3358 3349 
3999 2801 2803 2802 
4000 3142 3434 3146 
4001 3190 3478 3189 
4002 3229 3232 3231 
4003 2189 3430 2187 
4004 2260 3140 2201 
4005 2204 2206 2205 
4006 2259 3381 3379 
4007 2342 3398 2487 
4008 2415 2417 2416 
4009 2423 2425 2424 
4010 2494 3218 2460 
4011 2603 2604 2514 
4012 2519 3192 2548 
4013 2551 2552 2550 
4014 2756 2760 2759 
4015 3099 3100 3098 
4016 74 2019 73 
4017 96 2067 95 
4018 98 1985 97 
4019 101 2013 100 
4020 101 3307 2013 
4021 123 2033 122 
4022 136 2028 135 
4023 138 2073 137 
4024 143 3309 2002 
4025 145 2068 144 
4026 147 1986 146 
4027 150 2014 149 
4028 150 3310 2014 
4029 192 3311 1996 
4030 194 2069 193 
4031 196 1988 195 
4032 199 2015 198 
4033 199 3312 2015 
4034 234 2029 233 
4035 236 2074 235 
4036 241 3315 2003 
4037 243 2070 242 
4038 245 1987 244 
4039 248 2016 247 
4040 2233 3357 2244 
4041 2327 2328 2325 
4042 2454 3316 2428 
4043 2432 2433 2431 
4044 2472 2629 2628 
4045 2515 2517 2516 
4046 2681 2682 2680 
4047 2316 2317 2315 
4048 2545 3217 3216 
4049 2616 2634 2589 
4050 2643 2644 2601 
4051 2625 3252 2627 
4052 2806 3000 2999 
4053 3420 3469 2823 
4054 3007 3009 3008 
4055 3010 3011 3009 
4056 3022 3036 3028 
4057 3022 3473 3046 
4058 3060 3061 3059 
4059 93 3253 92 
4060 142 3255 141 
4061 181 3301 180 
4062 240 3265 239 
4063 2162 2163 2161 
4064 2198 2200 2199 
4065 2270 3366 2274 
4066 2341 2346 2344 
4067 2408 2484 2406 
4068 2419 2452 2421 
4069 2426 2455 2424 
4070 2588 2590 2531 
4071 2627 3252 2672 
4072 2639 2815 2814 
4073 2792 3356 2751 
4074 2783 2840 2782 
4075 2221 2222 2220 
4076 2242 3350 3339 
4077 2259 2263 2258 
4078 2264 3379 2285 
4079 2314 3436 3278 
4080 3187 3304 2318 
4081 2330 3335 2358 
4082 2348 3492 3483 
4083 3113 3494 2359 
4084 2388 3369 2391 
4085 2565 2624 2389 
4086 2444 3274 2453 
4087 2475 2476 2473 
4088 2476 3391 2473 
4089 2503 2561 2506 
4090 2611 2614 2613 
4091 2697 3416 2620 
4092 2736 2995 2735 
4093 3194 3195 3193 
4094 3209 3213 3211 
4095 2206 2245 2208 
4096 2246 3438 3287 
4097 2371 2524 2523 
4098 2416 2467 2414 
4099 2498 2499 2493 
4100 2498 3377 2500 
4101 2512 3303 2603 
4102 2701 3177 2523 
4103 3378 3389 2668 
4104 2694 2695 2693 
4105 2799 2800 2798 
4106 2244 3466 3461 
4107 2278 3204 2532 
4108 2318 3304 2315 
4109 2328 3432 2325 
4110 2458 2481 2459 
4111 2534 2573 2529 
4112 2555 2661 2605 
4113 3112 3377 2594 
4114 2595 3361 3170 
4115 2600 2601 2599 
4116 2615 2623 2622 
4117 2639 2814 2640 
4118 2091 3330 153 
4119 2092 3332 202 
4120 3272 3449 2139 
4121 2652 2653 2167 
4122 2182 2572 2184 
4123 2293 2765 2538 
4124 2526 2630 2369 
4125 2468 2469 2463 
4126 2469 2471 2470 
4127 3349 3358 2560 
4128 2603 2808 2604 
4129 2751 3356 2748 
4130 2806 2998 2805 
4131 2841 2844 2843 
4132 3019 3024 3017 
4133 3025 3037 3024 
4134 3060 3062 3061 
4135 3110 3131 3111 
4136 2141 2142 2132 
4137 2722 3370 2150 
4138 2227 3461 3453 
4139 2535 3347 2516 
4140 2562 2710 2699 
4141 2685 2775 2774 
4142 2714 2996 2788 
4143 3423 3479 3023 
4144 2130 2132 2131 
4145 2162 3452 2652 
4146 2533 2584 2169 
4147 2215 2255 2213 
4148 2243 3248 2248 
4149 3366 3367 2274 
4150 2351 2359 2349 
4151 2430 2454 2428 
4152 2573 2698 2529 
4153 2540 2619 2618 
4154 2642 3482 3106 
4155 2950 2985 2705 
4156 3015 3019 3017 
4157 3032 3033 3031 
4158 3142 3146 3145 
4159 3146 3147 3145 
4160 2152 2153 2151 
4161 2163 3321 2165 
4162 2224 3453 2229 
4163 2260 3142 3141 
4164 2390 2565 2389 
4165 2534 2776 2573 
4166 2709 2958 2641 
4167 2774 3363 2683 
4168 3082 3495 2689 
4169 3048 3053 3052 
4170 3066 3067 3065 
4171 2132 3370 2143 
4172 2289 3115 3114 
4173 2310 3275 2307 
4174 2327 2329 2328 
4175 2445 2447 2444 
4176 2445 3392 2451 
4177 2731 3172 2605 
4178 2625 2627 2626 
4179 2712 2713 2711 
4180 2838 2849 2837 
4181 2032 3293 3292 
4182 2182 2183 2181 
4183 2356 3425 2345 
4184 2382 2720 2541 
4185 2444 2453 2441 
4186 2495 3393 3344 
4187 2700 3421 2591 
4188 2790 2791 2608 
4189 2657 2831 2624 
4190 2652 2820 2786 
4191 3245 3246 2660 
4192 2841 2842 2840 
4193 3018 3473 3022 
4194 3071 3072 3070 
4195 3195 3485 3193 
4196 3263 3331 3260 
4197 3300 3301 3299 
4198 64 3219 1983 
4199 113 3235 1981 
4200 2229 3365 2222 
4201 2235 3438 2225 
4202 3461 3466 2729 
4203 3132 3133 3111 
4204 2232 2233 2231 
4205 2258 3437 2254 
4206 3150 3151 2266 
4207 3275 3276 2306 
4208 2312 2313 2311 
4209 2315 3304 2314 
4210 2490 3398 2544 
4211 2622 3167 3166 
4212 3041 3043 3042 
4213 2206 2208 2207 
4214 2271 2273 2272 
4215 2429 2431 2430 
4216 2442 2444 2441 
4217 2478 3343 2553 
4218 2481 3394 3317 
4219 2507 2508 2504 
4220 3349 3350 2719 
4221 2720 3481 2721 
4222 3022 3046 3036 
4223 2269 2730 2271 
4224 2289 3116 3115 
4225 2371 2523 2372 
4226 2405 2406 2404 
4227 2485 3354 2434 
4228 2458 2459 2457 
4229 2462 3393 2495 
4230 2515 3397 2520 
4231 2630 3389 3288 
4232 3106 3107 3105 
4233 2552 2707 2667 
4234 2634 2635 2589 
4235 2684 3247 2687 
4236 3362 3402 3125 
4237 2075 3340 133 
4238 2638 3427 2147 
4239 2252 3440 2207 
4240 2230 3465 2212 
4241 2260 3141 3140 
4242 2269 2271 2270 
4243 2284 3362 2283 
4244 2495 3344 2665 
4245 2540 2769 2619 
4246 3103 3459 2756 
4247 3404 3457 3076 
4248 3131 3132 3111 
4249 2147 3427 2129 
4250 2367 2368 2366 
4251 2720 3451 3428 
4252 2040 3258 176 
4253 2551 3462 2552 
4254 3041 3042 3040 
4255 1983 3474 3268 
4256 2239 3339 2238 
4257 2719 3350 2280 
4258 2378 3338 2379 
4259 3200 3201 2440 
4260 2458 3373 2625 
4261 2470 3393 2463 
4262 2468 3317 2609 
4263 2542 2543 2505 
4264 2602 2660 2543 
4265 2727 3426 2728 
4266 2763 3395 2731 
4267 3302 3374 2769 
4268 2998 3396 2805 
4269 3008 3406 3077 
4270 3167 3449 3272 
4271 3454 3466 3172 
4272 2127 3372 2138 
4273 2225 3438 2228 
4274 2487 3398 2490 
4275 2562 2778 2710 
4276 3225 3226 3224 
4277 2068 3309 144 
4278 2034 3299 182 
4279 2069 3311 193 
4280 2070 3315 242 
4281 2129 3427 2130 
4282 2237 3384 2240 
4283 2559 3383 3371 
4284 2961 2962 2651 
4285 2731 3454 3172 
4286 2745 3467 2747 
4287 3015 3016 3014 
4288 2077 3327 127 
4289 2257 3381 2259 
4290 2289 3430 3116 
4291 3048 3049 3044 
4292 2214 3465 3123 
4293 2235 3467 3438 
4294 2347 2349 2348 
4295 3405 3420 2378 
4296 2422 3376 2464 
4297 3179 3405 2530 
4298 2611 3388 2614 
4299 2621 3367 3366 
4300 3190 3487 3465 
4301 2173 3424 2175 
4302 2641 3422 2180 
4303 3285 3362 2287 
4304 3169 3171 2361 
4305 2393 3403 2395 
4306 3346 3361 2477 
4307 3371 3383 2617 
4308 2173 3444 3424 
4309 2205 3434 2203 
4310 2374 2375 2373 
4311 2450 3373 2458 
4312 2552 2716 2707 
4313 2557 2783 2782 
4314 2621 3477 3368 
4315 2026 3313 221 
4316 2248 3248 2256 
4317 3304 3436 2314 
4318 2559 3371 2469 
4319 2702 3394 2626 
4320 2268 3384 2727 
4321 2376 2377 2375 
4322 2381 3413 2382 
4323 2568 3403 2393 
4324 3338 3420 2663 
4325 3291 3390 3290 
4326 2287 3362 2284 
4327 2455 3376 2424 
4328 2544 3428 2542 
4329 2082 3219 65 
4330 91 3305 2007 
4331 2083 3235 114 
4332 140 3308 2008 
4333 144 3309 143 
4334 193 3311 192 
4335 220 3313 2072 
4336 238 3314 2010 
4337 242 3315 241 
4338 2174 3422 2292 
4339 2577 3414 2975 
4340 2218 3415 2226 
4341 2440 3493 2425 
4342 2442 3392 2445 
4343 2682 3247 2684 
4344 3465 3487 3123 
4345 3172 3466 2244 
4346 2355 3447 2371 
4347 2598 3372 3182 
4348 3278 3439 3277 
4349 2307 3275 2306 
4350 3276 3341 2306 
4351 2345 3425 3364 
4352 2395 3403 2586 
4353 3012 3406 3009 
4354 3253 3305 92 
4355 3255 3308 141 
4356 3265 3314 239 
4357 2371 3447 2524 
4358 2584 3458 3444 
4359 2156 3409 2158 
4360 2376 3405 2378 
4361 3014 3423 3023 
4362 126 3327 2032 
4363 131 3329 2050 
4364 132 3340 3329 
4365 183 3296 2034 
4366 2530 3405 2376 
4367 2222 3365 2220 
4368 3284 3285 2287 
4369 2424 3376 2422 
4370 3126 3460 2525 
4371 2634 3466 3454 
4372 2728 3426 2743 
4373 2446 3354 3353 
4374 184 3296 183 
4375 2223 3348 2235 
4376 3095 3479 3423 
4377 2279 3411 2198 
4378 2524 3447 2694 
4379 2969 2970 2590 
4380 3442 3482 2642 
4381 2794 3407 2657 
4382 2663 3420 2823 
4383 3226 3227 3224 
4384 3257 3308 3255 
4385 61 3269 2054 
4386 206 3215 2089 
4387 2229 3453 3205 
4388 2537 3136 3135 
4389 2198 3411 2200 
4390 2240 3384 2268 
4391 2335 3441 2337 
4392 2378 3420 3338 
4393 3121 3392 2442 
4394 2626 3394 2481 
4395 2012 3259 188 
4396 2010 3264 237 
4397 2139 3449 2155 
4398 2704 3302 2505 
4399 2604 3397 2514 
4400 2635 3454 3395 
4401 133 3340 132 
4402 166 3318 1994 
4403 3384 3385 2727 
4404 127 3327 126 
4405 132 3329 131 
4406 176 3258 175 
4407 2463 3393 2462 
4408 2486 3432 2328 
4409 2340 3364 2338 
4410 2469 3371 2471 
4411 2652 3452 2820 
4412 3181 3469 3179 
4413 3474 3490 3227 
4414 2732 3435 3093 
4415 3445 3455 2749 
4416 2027 3193 87 
4417 2039 3197 185 
4418 2338 3441 2335 
4419 2571 3346 2475 
4420 2735 3433 2546 
4421 3287 3467 2745 
4422 3009 3406 3008 
4423 3210 3436 3304 
4424 2032 3291 125 
4425 2176 3422 2174 
4426 2514 3397 2515 
4427 2057 3215 207 
4428 2180 3422 2176 
4429 2138 3372 2598 
4430 2475 3346 2477 
4431 3103 3478 3464 
4432 2130 3427 2141 
4433 2558 3418 3401 
4434 2384 3401 2632 
4435 2638 3448 3427 
4436 2760 3459 3104 
4437 2805 3396 3087 
4438 3076 3457 3006 
4439 2071 3249 170 
4440 2072 3251 219 
4441 2632 3418 2816 
4442 3447 3483 2694 
4443 2202 3410 2251 
4444 2749 3455 2757 
4445 1992 3238 67 
4446 1985 3206 97 
4447 1990 3243 116 
4448 1988 3207 195 
4449 1989 3244 214 
4450 2472 3391 2629 
4451 2546 3433 2547 
4452 96 3206 2067 
4453 152 3330 2079 
4454 186 3198 2039 
4455 194 3207 2069 
4456 201 3332 2080 
4457 236 3264 2074 
4458 2170 3444 2173 
4459 3104 3468 2762 
4460 92 3305 91 
4461 141 3308 140 
4462 221 3313 220 
4463 239 3314 238 
4464 3479 3496 3088 
4465 1983 3268 63 
4466 1981 3271 112 
4467 3216 3279 2124 
4468 2634 3454 2635 
4469 2231 3461 2227 
4470 2575 3442 2508 
4471 3020 3423 3016 
4472 2617 3383 2827 
4473 2299 3452 2160 
4474 3191 3447 2355 
4475 3047 3048 3044 
4476 3424 3458 2778 
4477 2078 3307 102 
4478 2079 3310 151 
4479 2080 3312 200 
4480 2563 3409 2156 
4481 2473 3391 2472 
4482 2531 3463 2276 
4483 2345 3364 2340 
4484 2267 3487 3455 
4485 2547 3433 2771 
4486 2575 3482 3442 
4487 2267 3348 2221 
4488 2730 3470 3322 
4489 2220 3415 2218 
4490 2009 3289 70 
4491 2011 3295 168 
4492 2013 3254 100 
4493 2073 3237 137 
4494 2015 3260 198 
4495 3427 3448 2141 
4496 66 3238 2082 
4497 115 3243 2083 
4498 153 3330 152 
4499 169 3249 2011 
4500 202 3332 201 
4501 213 3244 2085 
4502 218 3251 2006 
4503 2160 3452 2162 
4504 2254 3437 2253 
4505 2525 3460 3437 
4506 3161 3431 3175 
4507 3163 3443 3399 
4508 3212 3436 3210 
4509 2028 3294 135 
4510 2195 3408 2193 
4511 2552 3462 2716 
4512 3395 3454 2731 
4513 102 3307 101 
4514 151 3310 150 
4515 188 3259 187 
4516 200 3312 199 
4517 237 3264 236 
4518 2221 3348 2223 
4519 2729 3466 2634 
4520 3286 3402 3285 
4521 3438 3467 3287 
4522 2204 3419 2206 
4523 3365 3415 2220 
4524 2302 3352 2298 
4525 2502 3442 2642 
4526 2756 3459 2760 
4527 2169 3444 2170 
4528 2227 3453 2224 
4529 2200 3411 3410 
4530 2298 3352 2297 
4531 3292 3390 3291 
4532 2155 3449 2564 
4533 2640 3476 3448 
4534 3006 3457 3004 
4535 3455 3487 2757 
4536 2584 3444 2169 
4537 2244 3461 2231 
4538 2234 3385 3384 
4539 3431 3432 2486 
4540 3092 3472 2700 
4541 2768 3409 2563 
4542 3016 3423 3014 
4543 2646 3462 2551 
4544 2206 3419 2245 
4545 2253 3437 2636 
4546 3483 3492 2733 
4547 3161 3432 3431 
4548 136 3237 2028 
4549 2200 3410 2202 
4550 2229 3470 3365 
4551 3197 3296 184 
4552 2716 3462 2993 
4553 3004 3457 3079 
4554 2821 3458 2584 
4555 3191 3483 3447 
4556 3044 3475 3042 
4557 85 3485 2036 
4558 134 3294 2075 
4559 3473 3480 3046 
4560 3285 3402 3362 
4561 137 3237 136 
4562 3445 3467 2235 
4563 2590 3463 2531 
4564 3401 3418 2632 
4565 2212 3465 2214 
4566 3365 3470 2730 
4567 3268 3474 3270 
4568 65 3219 64 
4569 114 3235 113 
4570 2193 3408 2536 
4571 3049 3475 3044 
4572 125 3291 124 
4573 2504 3442 2502 
4574 2657 3407 2833 
4575 2694 3483 2733 
4576 3220 3490 3219 
4577 3217 3279 3216 
4578 3132 3135 3134 
4579 2747 3445 2749 
4580 2267 3455 3348 
4581 2349 3492 2348 
4582 2602 3451 3173 
4583 2757 3487 3190 
4584 97 3206 96 
4585 195 3207 194 
4586 2508 3442 2504 
4587 2972 3463 2590 
4588 2210 3464 2230 
4589 2232 3385 2234 
4590 2141 3448 2148 
4591 2747 3467 3445 
4592 2636 3460 2779 
4593 123 3290 2033 
4594 187 3259 3198 
4595 2722 3429 3388 
4596 3375 3446 2526 
4597 2544 3481 3428 
4598 3123 3487 2267 
4599 2526 3446 2631 
4600 67 3238 66 
4601 116 3243 115 
4602 124 3291 3290 
4603 214 3244 213 
4604 2762 3468 2773 
4605 63 3268 62 
4606 112 3271 111 
4607 2148 3476 3273 
4608 3399 3481 2544 
4609 2791 3456 2608 
4610 2348 3483 3191 
4611 3042 3475 3054 
4612 87 3193 86 
4613 185 3197 184 
4614 3437 3460 2636 
4615 2608 3456 3113 
4616 2723 3429 2722 
4617 167 3318 166 
4618 2614 3450 2659 
4619 3083 3488 3130 
4620 70 3289 69 
4621 168 3295 167 
4622 98 3325 1985 
4623 187 3198 186 
4624 196 3331 1988 
4625 2781 3429 2723 
4626 3295 3318 167 
4627 3024 3473 3017 
4628 3017 3473 3018 
4629 3268 3269 62 
4630 2962 3477 2651 
4631 2528 3477 2621 
4632 124 3290 123 
4633 135 3294 134 
4634 62 3269 61 
4635 207 3215 206 
4636 3448 3476 2148 
4637 170 3249 169 
4638 219 3251 218 
4639 100 3254 99 
4640 198 3260 197 
4641 3193 3485 86 
4642 2134 3503 2136 
4643 3355 3493 3082 
4644 2359 3492 2349 
4645 3024 3480 3473 
4646 2651 3477 2528 
4647 2810 3482 2575 
4648 3443 3481 3399 
4649 86 3485 85 
4650 2733 3494 2734 
4651 2755 3478 3103 
4652 3037 3480 3024 
4653 3189 3478 2755 
4654 2564 3486 3139 
4655 2721 3481 3443 
4656 2569 3484 2639 
4657 3254 3325 99 
4658 3260 3331 197 
4659 3441 3488 2337 
4660 3201 3495 2440 
4661 3088 3496 3078 
4662 3126 3497 3460 
4663 3130 3488 3441 
4664 99 3325 98 
4665 197 3331 196 
4666 3422 3491 2292 
4667 2665 3489 2664 
4668 3460 3497 2779 
4669 3139 3486 2623 
4670 2639 3484 2815 
4671 3492 3494 2733 
4672 2664 3489 2801 
4673 2168 3499 2145 
4674 2145 3499 2290 
4675 2359 3494 3492 
4676 2440 3495 3493 
4677 2958 3491 2641 
4678 3493 3495 3082 
4679 2641 3491 3422 
4680 3224 3490 3220 
4681 3227 3490 3224 
4682 3475 3501 2464 
4683 2587 3499 2168 
4684 2290 3499 2658 
4685 3499 3500 2658 
4686 2587 3500 3499 
4687 3049 3501 3475 
4688 2113 3502 2115 
4689 3217 3502 3279 
4690 2658 3500 2834 
4691 2116 3502 2113 
4692 2819 3500 2587 
4693 3080 3501 3049 
4694 3279 3502 2116 
4695 2137 3504 2112 
4696 2136 3503 2146 
4697 2121 3504 3128 
4698 2112 3504 2114 
4699 3128 3505 2643 
4700 2146 3503 2645 
4701 2114 3504 2121 
4702 2137 3506 3505 
4703 3505 3506 2647 
4704 2643 3505 2647 
4705 2109 3507 2134 
4706 2104 3518 2107 
4707 2111 3507 2109 
4708 2134 3507 3503 
4709 2995 3512 3511 
4710 2115 3507 2111 
4711 2735 3513 3433 
4712 2645 3508 2736 
4713 2120 3520 3517 
4714 2994 3510 2291 
4715 3217 3509 3502 
4716 3507 3508 3503 
4717 2115 3508 3507 
4718 2291 3510 2144 
4719 3217 3512 3509 
4720 2995 3511 2164 
4721 3503 3508 2645 
4722 2159 3511 2545 
4723 2164 3511 2161 
4724 3508 3509 2736 
4725 2545 3512 3217 
4726 3502 3509 2115 
4727 3509 3512 2736 
4728 2115 3509 3508 
4729 2144 3510 2135 
4730 2706 3515 3321 
4731 2161 3511 2159 
4732 2771 3514 2799 
4733 2736 3512 2995 
4734 3514 3515 2799 
4735 2165 3513 2164 
4736 3433 3514 2771 
4737 2706 3516 3515 
4738 2137 3518 3506 
4739 2107 3518 2110 
4740 2165 3515 3514 
4741 3321 3515 2165 
4742 3513 3514 3433 
4743 2799 3516 2800 
4744 2165 3514 3513 
4745 3515 3516 2799 
4746 2592 3517 2646 
4747 2110 3518 2137 
4748 2166 3523 3522 
4749 2646 3520 2994 
4750 2135 3519 2108 
4751 3510 3519 2135 
4752 3519 3520 2120 
4753 3510 3520 3519 
4754 2994 3520 3510 
4755 2103 3521 2101 
4756 2120 3521 2103 
4757 3517 3521 2120 
4758 2166 3522 2102 
4759 3518 3522 3506 
4760 2102 3522 2104 
4761 3506 3523 2647 
4762 2104 3522 3518 
4763 2647 3523 2648 
4764 2649 3529 2650 
4765 2549 3525 2592 
4766 2099 3524 2105 
4767 2101 3524 2099 
4768 3521 3524 2101 
4769 2105 3524 2739 
4770 2592 3526 3517 
4771 2548 3525 2549 
4772 2920 2923 2922 
4773 3521 3526 3524 
4774 2604 3528 3397 
4775 3524 3526 2739 
4776 2548 3527 3525 
4777 3517 3526 3521 
4778 3192 3527 2548 
4779 3397 3530 2520 
4780 2809 3528 2604 
4781 254 3561 2063 
4782 2042 3561 253 
4783 3192 3529 3527 
4784 2520 3529 3192 
4785 2650 3530 2797 
4786 2904 2906 2902 
4787 2920 2922 2921 
4788 2903 2905 2904 
4789 2921 2924 2919 
4790 2074 3531 235 
4791 234 3531 2029 
4792 3529 3530 2650 
4793 2520 3530 3529 
4794 235 3531 234 
4795 2903 2904 2902 
4796 2920 2921 2919 
4797 2930 2931 2929 
4798 3089 3737 2073 
4799 162 3532 1984 
4800 2084 3532 163 
4801 2780 3533 2693 
4802 2692 3533 2813 
4803 2088 3658 3567 
4804 317 3587 318 
4805 318 3588 319 
4806 2071 3534 3249 
4807 163 3532 162 
4808 59 3535 2086 
4809 2054 3535 60 
4810 3100 3702 3098 
4811 122 3536 121 
4812 1993 2981 2913 
4813 2018 2903 2902 
4814 2058 2920 2919 
4815 1991 2927 2926 
4816 2004 2959 2899 
4817 2037 2897 2895 
4818 1995 2930 2929 
4819 354 2859 5 
4820 319 1999 320 
4821 344 2094 345 
4822 346 2938 347 
4823 353 2060 354 
4824 324 2850 325 
4825 322 2025 323 
4826 342 1979 343 
4827 327 2879 328 
4828 330 2059 331 
4829 298 2886 299 
4830 341 2854 342 
4831 326 2945 327 
4832 336 2021 337 
4833 332 2911 333 
4834 284 2024 285 
4835 331 2983 332 
4836 350 2980 351 
4837 5 2042 253 
4838 315 2884 316 
4839 339 1991 340 
4840 345 2000 346 
4841 264 1980 265 
4842 270 2018 271 
4843 276 2860 277 
4844 289 2863 290 
4845 254 2063 255 
4846 293 1998 294 
4847 296 2973 297 
4848 351 2047 352 
4849 281 2048 282 
4850 316 1977 317 
4851 325 2030 326 
4852 347 2912 348 
4853 267 1997 268 
4854 307 2061 308 
4855 329 2946 330 
4856 275 2062 276 
4857 279 2065 280 
4858 310 2022 311 
4859 323 2939 324 
4860 320 2954 321 
4861 328 2043 329 
4862 257 2023 258 
4863 259 2064 260 
4864 261 2004 262 
4865 333 2045 334 
4866 295 2066 296 
4867 311 2915 312 
4868 290 1978 291 
4869 273 2046 274 
4870 277 2044 278 
4871 305 2037 306 
4872 280 2960 281 
4873 299 2058 300 
4874 274 2965 275 
4875 283 2978 284 
4876 294 2910 295 
4877 348 2020 349 
4878 313 1993 314 
4879 312 2914 313 
4880 278 2941 279 
4881 297 2017 298 
4882 343 2944 344 
4883 287 1995 288 
4884 302 2041 303 
4885 2007 3797 3757 
4886 2027 3667 3090 
4887 2693 3533 2692 
4888 1989 3798 3244 
4889 2786 3537 2653 
4890 2655 3537 2951 
4891 2764 3539 2095 
4892 2948 3558 2631 
4893 225 3538 2035 
4894 2848 3788 2048 
4895 3155 3780 75 
4896 1990 3714 3243 
4897 2100 3539 2166 
4898 1991 2926 340 
4899 2047 2855 352 
4900 2063 2928 255 
4901 2018 2902 271 
4902 1993 2913 314 
4903 1980 2991 265 
4904 2020 2916 349 
4905 2004 2899 262 
4906 2058 2919 300 
4907 2023 2917 258 
4908 2037 2895 306 
4909 1995 2929 288 
4910 1978 2990 291 
4911 2061 2937 308 
4912 208 3540 2057 
4913 2021 3579 337 
4914 2095 3539 2097 
4915 3561 3697 2063 
4916 2350 3541 2360 
4917 2346 3541 2347 
4918 2166 3542 3523 
4919 3249 3534 3250 
4920 3047 3543 3048 
4921 2483 3791 2949 
4922 2077 3814 2849 
4923 60 3535 59 
4924 2033 3536 122 
4925 94 3544 2001 
4926 2067 3544 95 
4927 2308 3545 2309 
4928 2896 3643 2061 
4929 2726 3611 3196 
4930 3027 3639 3261 
4931 322 3591 2025 
4932 2954 3591 321 
4933 2653 3537 2655 
4934 2966 3752 2016 
4935 226 3538 225 
4936 3184 3646 2925 
4937 81 3547 80 
4938 266 3610 267 
4939 2898 3556 2896 
4940 3474 3548 3270 
4941 261 3596 2004 
4942 2064 3596 260 
4943 2971 3562 1986 
4944 2097 3539 2100 
4945 209 3540 208 
4946 2926 3715 2854 
4947 2985 3549 2705 
4948 2706 3549 3516 
4949 2036 3681 2958 
4950 2792 3739 3356 
4951 2016 3793 2966 
4952 3001 3552 3003 
4953 2020 3678 2916 
4954 2817 3607 3358 
4955 3206 3585 2067 
4956 2347 3541 2350 
4957 3207 3552 2069 
4958 3523 3542 2648 
4959 2004 3642 2959 
4960 3116 3602 3117 
4961 2093 3553 251 
4962 250 3553 2081 
4963 2413 3554 3280 
4964 2491 3554 2411 
4965 3085 3555 2696 
4966 2697 3555 3417 
4967 3305 3797 2007 
4968 2849 3638 2837 
4969 3048 3543 3053 
4970 3106 3595 3107 
4971 2947 3637 3590 
4972 138 3557 2073 
4973 2008 3557 139 
4974 3387 3744 2492 
4975 3196 3625 3564 
4976 95 3544 94 
4977 2599 3559 2177 
4978 2569 3559 3484 
4979 2309 3545 2312 
4980 2072 3583 3251 
4981 2983 3590 2710 
4982 3407 3795 2833 
4983 3271 3686 2740 
4984 2915 3703 3654 
4985 2949 3791 3665 
4986 270 3622 2018 
4987 256 3546 257 
4988 2055 3659 2975 
4989 2279 3689 2964 
4990 2492 3709 3387 
4991 2033 3769 3536 
4992 2940 3804 2852 
4993 145 3562 2068 
4994 1986 3562 146 
4995 2051 3547 81 
4996 2843 3701 3550 
4997 2671 3809 2959 
4998 2811 3614 3258 
4999 3554 3617 3280 
5000 3227 3548 3474 
5001 2586 3745 2862 
5002 3381 3556 3379 
5003 2875 3563 2873 
5004 58 3565 57 
5005 107 3566 106 
5006 156 3567 155 
5007 205 3568 204 
5008 160 3569 159 
5009 161 3570 160 
5010 3084 3647 3085 
5011 243 3571 2070 
5012 1987 3571 244 
5013 3041 3572 3043 
5014 2787 3622 2839 
5015 2705 3549 2706 
5016 2962 3574 3477 
5017 334 3649 335 
5018 2304 3648 2957 
5019 2847 3575 2633 
5020 3369 3575 2568 
5021 2090 3576 104 
5022 103 3576 2078 
5023 2052 3577 227 
5024 3411 3578 3412 
5025 2698 3556 3381 
5026 2717 3706 2707 
5027 3575 3682 2568 
5028 3003 3552 3045 
5029 1982 3580 210 
5030 2934 3573 2988 
5031 2859 3633 2042 
5032 2601 3581 2599 
5033 2815 3579 2814 
5034 3402 3584 3125 
5035 304 3551 305 
5036 2856 3632 2858 
5037 3026 3594 3086 
5038 287 3550 1995 
5039 2976 3585 3139 
5040 2988 3592 2360 
5041 251 3553 250 
5042 108 3589 2087 
5043 2055 3589 109 
5044 3439 3727 3277 
5045 2411 3554 2413 
5046 2696 3555 2697 
5047 2981 3582 2741 
5048 2360 3592 3168 
5049 2844 3592 2845 
5050 2710 3590 2699 
5051 3312 3594 3262 
5052 3206 3630 3585 
5053 178 3595 177 
5054 226 3577 3538 
5055 3148 3662 3149 
5056 172 3598 171 
5057 3105 3599 2703 
5058 2969 3626 2971 
5059 2925 3808 3184 
5060 209 3580 3540 
5061 3277 3600 3275 
5062 139 3557 138 
5063 1980 3664 2991 
5064 2668 3560 3378 
5065 3383 3603 2827 
5066 3160 3604 3153 
5067 2933 3597 2867 
5068 2014 3605 149 
5069 3257 3607 3308 
5070 3236 3754 3246 
5071 2912 3772 2020 
5072 3185 3717 2316 
5073 3543 3583 3053 
5074 2072 3627 3583 
5075 2020 3772 3678 
5076 2914 3654 3582 
5077 3231 3805 3719 
5078 164 3609 2084 
5079 1994 3609 165 
5080 3233 3719 2211 
5081 2631 3558 2668 
5082 2177 3559 2569 
5083 2171 3611 3360 
5084 2724 3611 2726 
5085 2059 3590 2983 
5086 3289 3612 3240 
5087 3041 3798 3572 
5088 2905 3617 3554 
5089 335 3699 336 
5090 2536 3606 3203 
5091 2963 3613 2893 
5092 3256 3655 3257 
5093 3264 3560 2074 
5094 174 3614 2031 
5095 3258 3614 175 
5096 3263 3615 3331 
5097 2570 3616 3303 
5098 2603 3616 2808 
5099 285 3708 286 
5100 2996 3617 2788 
5101 2867 3597 2866 
5102 3547 3650 80 
5103 3325 3619 1985 
5104 3395 3621 2635 
5105 84 3623 83 
5106 2813 3624 2701 
5107 3178 3624 3180 
5108 2172 3625 2171 
5109 2959 3764 2899 
5110 3558 3560 2668 
5111 3093 3792 2021 
5112 2690 3776 2785 
5113 2588 3626 2969 
5114 2635 3626 2589 
5115 3227 3593 3548 
5116 3073 3628 3074 
5117 3135 3628 3134 
5118 3030 3629 3050 
5119 3036 3629 3028 
5120 1998 3770 3656 
5121 189 3631 2012 
5122 2506 3632 2570 
5123 146 3562 145 
5124 310 3713 2022 
5125 253 3561 254 
5126 2609 3634 2708 
5127 2702 3634 3394 
5128 3203 3635 3430 
5129 2992 3636 2717 
5130 2817 3768 3607 
5131 3662 3707 3149 
5132 3188 3637 2572 
5133 2966 3793 2081 
5134 2050 3638 130 
5135 2873 3563 2876 
5136 3578 3804 2940 
5137 3491 3564 2292 
5138 2086 3565 58 
5139 2087 3566 107 
5140 2088 3567 156 
5141 2089 3568 205 
5142 159 3569 2056 
5143 3342 3640 2838 
5144 2675 3641 2676 
5145 3363 3641 2678 
5146 2671 3642 2670 
5147 339 3749 1991 
5148 2274 3644 2250 
5149 283 3788 2978 
5150 2048 3788 282 
5151 2491 3755 2905 
5152 1984 3570 161 
5153 2891 3730 3545 
5154 2009 3662 3148 
5155 2741 3582 3351 
5156 2826 3697 3561 
5157 118 3647 117 
5158 244 3571 243 
5159 3117 3650 3547 
5160 2301 3648 2304 
5161 3184 3648 2300 
5162 79 3650 2076 
5163 2932 3573 2934 
5164 3043 3572 3051 
5165 3290 3651 2033 
5166 2943 3682 3575 
5167 3356 3652 2746 
5168 2744 3652 2758 
5169 2737 3653 3199 
5170 3616 3766 2808 
5171 2039 3653 3197 
5172 2555 3655 2661 
5173 224 3657 223 
5174 3555 3790 3417 
5175 3560 3608 3378 
5176 2968 3759 2789 
5177 3477 3574 3368 
5178 3536 3673 121 
5179 110 3659 2055 
5180 3271 3659 111 
5181 2839 3660 2713 
5182 2711 3660 3359 
5183 1985 3630 3206 
5184 2633 3575 3369 
5185 2084 3787 3532 
5186 3613 3748 2483 
5187 71 3662 2009 
5188 104 3576 103 
5189 245 3663 1987 
5190 227 3577 226 
5191 2316 3665 2317 
5192 3572 3798 1989 
5193 2279 3578 3411 
5194 3340 3731 3286 
5195 88 3667 2027 
5196 228 3669 2052 
5197 3532 3787 2819 
5198 211 3671 1982 
5199 2085 3671 212 
5200 210 3580 209 
5201 2031 3738 3098 
5202 2768 3672 3409 
5203 3207 3794 3552 
5204 3264 3608 3560 
5205 120 3673 2005 
5206 3213 3673 3536 
5207 2018 3735 2903 
5208 2553 3674 3382 
5209 2815 3749 3579 
5210 2669 3581 2601 
5211 3265 3675 3314 
5212 2700 3676 3421 
5213 337 3579 338 
5214 3053 3583 3058 
5215 3198 3677 3199 
5216 2849 3814 3638 
5217 2809 3678 3528 
5218 3125 3584 3127 
5219 2836 3679 3286 
5220 3313 3627 2072 
5221 1993 3582 2981 
5222 2734 3680 2695 
5223 3485 3681 2036 
5224 3309 3683 2002 
5225 2492 3744 3343 
5226 2759 3685 3345 
5227 3243 3687 2083 
5228 3341 3688 3342 
5229 2907 3586 2909 
5230 3139 3585 2691 
5231 2196 3689 2279 
5232 2583 3689 2194 
5233 2979 3781 2556 
5234 2077 3640 3328 
5235 3117 3690 3115 
5236 3158 3606 3156 
5237 2299 3693 3452 
5238 3126 3694 3497 
5239 2846 3696 2804 
5240 2806 3696 3000 
5241 2785 3697 3170 
5242 2798 3698 2770 
5243 109 3589 108 
5244 2866 3597 2869 
5245 3062 3700 3064 
5246 173 3702 172 
5247 2840 3704 2782 
5248 3156 3606 3159 
5249 3197 3705 3296 
5250 3407 3758 2038 
5251 3250 3706 2011 
5252 2019 3707 73 
5253 2038 3795 3407 
5254 2493 3709 2492 
5255 2703 3709 2499 
5256 2016 3710 247 
5257 2007 3711 90 
5258 2088 3734 2985 
5259 2005 3790 3555 
5260 2038 3712 230 
5261 2769 3714 3084 
5262 1977 3587 317 
5263 319 3588 1999 
5264 3050 3716 3032 
5265 2890 3717 2889 
5266 3168 3592 2844 
5267 3482 3718 3106 
5268 2830 3649 2821 
5269 1979 3601 2982 
5270 3226 3593 3227 
5271 321 3591 322 
5272 3551 3670 2037 
5273 2211 3719 2209 
5274 2821 3722 3458 
5275 2776 3723 2807 
5276 3230 3724 3234 
5277 2080 3594 3312 
5278 119 3725 118 
5279 3176 3726 3109 
5280 177 3595 2040 
5281 3552 3794 3045 
5282 2777 3732 2828 
5283 2409 3733 2491 
5284 2970 3605 2972 
5285 157 3734 2088 
5286 2056 3734 158 
5287 2305 3736 2308 
5288 2779 3737 3089 
5289 3098 3738 2812 
5290 2913 3785 2884 
5291 57 3740 1 
5292 1 3740 154 
5293 2 3741 105 
5294 155 3741 2 
5295 106 3742 3 
5296 3 3742 252 
5297 4 3743 203 
5298 204 3743 4 
5299 2955 3597 2933 
5300 128 3814 2077 
5301 2673 3809 2671 
5302 3298 3744 3300 
5303 2828 3807 2709 
5304 76 3806 75 
5305 3165 3746 3160 
5306 2803 3631 2846 
5307 3564 3625 2292 
5308 3027 3751 3324 
5309 2823 3752 2966 
5310 3181 3752 3469 
5311 2543 3754 2704 
5312 3246 3754 2660 
5313 3386 3599 2053 
5314 171 3598 2071 
5315 2795 3757 2781 
5316 231 3795 2038 
5317 2794 3758 3407 
5318 3133 3758 3111 
5319 2081 3793 249 
5320 248 3793 2016 
5321 3435 3792 3093 
5322 2322 3791 2483 
5323 2984 3695 3330 
5324 179 3762 178 
5325 2037 3670 2897 
5326 3500 3787 2834 
5327 83 3765 82 
5328 260 3596 261 
5329 3489 3784 2801 
5330 2003 3767 3266 
5331 3068 3783 3066 
5332 2556 3781 2190 
5333 2192 3781 2583 
5334 2872 3770 2878 
5335 147 3771 1986 
5336 74 3780 2019 
5337 2572 3779 2184 
5338 2186 3778 2188 
5339 2405 3774 2407 
5340 2324 3661 2326 
5341 3109 3726 3534 
5342 3107 3599 3105 
5343 3275 3600 3276 
5344 3547 3690 3117 
5345 2715 3695 2984 
5346 3297 3674 3298 
5347 2959 3809 3764 
5348 3337 3691 2956 
5349 2051 3690 3547 
5350 3378 3608 2790 
5351 2079 3695 3421 
5352 3246 3686 1981 
5353 3011 3639 3027 
5354 2708 3603 3383 
5355 3313 3666 3627 
5356 3153 3604 3155 
5357 3237 3737 3497 
5358 149 3605 148 
5359 3159 3606 2536 
5360 3583 3627 3058 
5361 3308 3607 2008 
5362 2051 3732 3690 
5363 2010 3608 3264 
5364 3585 3630 2691 
5365 3532 3698 1984 
5366 2964 3756 2851 
5367 3545 3730 2312 
5368 165 3609 164 
5369 2021 3699 3093 
5370 2931 3796 2932 
5371 2019 3746 3707 
5372 3516 3750 2800 
5373 3360 3611 2724 
5374 2767 3646 3184 
5375 2819 3698 3532 
5376 2009 3612 3289 
5377 3593 3644 2274 
5378 3085 3725 3555 
5379 3001 3721 3552 
5380 3579 3749 338 
5381 267 3610 1997 
5382 2893 3613 2949 
5383 3245 3686 3246 
5384 175 3614 174 
5385 3331 3615 1988 
5386 3303 3616 2603 
5387 1977 3739 3587 
5388 3280 3617 2996 
5389 2704 3687 3374 
5390 2883 3618 2881 
5391 3550 3701 1995 
5392 2925 3646 2041 
5393 3010 3782 3639 
5394 3329 3679 2050 
5395 2576 3803 3774 
5396 2832 3646 2767 
5397 2021 3792 3579 
5398 2958 3807 2036 
5399 3326 3619 3325 
5400 3010 3639 3011 
5401 2763 3620 3395 
5402 2857 3766 3616 
5403 2978 3704 2024 
5404 3318 3636 1994 
5405 2573 3729 2698 
5406 3608 3645 2790 
5407 2036 3623 84 
5408 3589 3759 2087 
5409 2784 3704 2978 
5410 269 3622 270 
5411 3480 3813 2057 
5412 2701 3624 3178 
5413 3573 3796 2845 
5414 2738 3653 2737 
5415 2292 3625 2172 
5416 2964 3804 2279 
5417 2786 3786 3307 
5418 2026 3666 3313 
5419 2010 3645 3608 
5420 2589 3626 2588 
5421 2927 3715 2926 
5422 3633 3815 2042 
5423 3582 3654 3351 
5424 2326 3661 3563 
5425 3058 3627 3060 
5426 3069 3783 2035 
5427 3074 3628 3135 
5428 3552 3721 2069 
5429 3732 3765 2828 
5430 2491 3733 3586 
5431 3028 3629 3030 
5432 2930 3796 2931 
5433 2691 3630 2768 
5434 3555 3725 2005 
5435 190 3631 189 
5436 3286 3731 3402 
5437 2561 3632 2506 
5438 3639 3782 3263 
5439 3619 3672 2768 
5440 2825 3633 3112 
5441 3607 3768 2008 
5442 2019 3780 3604 
5443 3394 3634 2609 
5444 3430 3635 3116 
5445 2845 3701 2843 
5446 3109 3775 3101 
5447 3489 3677 3259 
5448 3623 3807 2828 
5449 2901 3664 1980 
5450 2829 3636 2992 
5451 2889 3730 2891 
5452 2699 3637 3188 
5453 3622 3735 2018 
5454 2800 3750 3569 
5455 130 3638 129 
5456 2042 3815 3561 
5457 3618 3779 2572 
5458 3534 3775 3109 
5459 2073 3737 3237 
5460 2790 3645 2791 
5461 3261 3639 3263 
5462 2838 3640 2849 
5463 2678 3641 2675 
5464 2665 3677 3489 
5465 2670 3642 2818 
5466 2250 3644 2249 
5467 2766 3670 3551 
5468 3627 3666 3060 
5469 3314 3645 2010 
5470 3594 3751 3262 
5471 2061 3643 2937 
5472 2483 3661 2324 
5473 3598 3775 2071 
5474 3591 3810 2025 
5475 117 3647 1990 
5476 2970 3771 3605 
5477 3631 3784 2012 
5478 3093 3699 2830 
5479 3599 3762 2053 
5480 2300 3648 2301 
5481 3590 3637 2699 
5482 3107 3762 3599 
5483 223 3747 222 
5484 80 3650 79 
5485 3657 3783 3068 
5486 2942 3682 2943 
5487 3390 3651 3290 
5488 2791 3728 3456 
5489 2746 3652 2744 
5490 2255 3802 2213 
5491 2045 3649 334 
5492 3199 3653 2039 
5493 3351 3654 2597 
5494 2818 3761 2702 
5495 3254 3753 3326 
5496 2560 3655 2555 
5497 2877 3656 2874 
5498 2035 3657 224 
5499 3605 3771 148 
5500 2951 3658 2950 
5501 3311 3721 3000 
5502 3226 3684 3644 
5503 111 3659 110 
5504 2713 3660 2711 
5505 2882 3800 2880 
5506 2740 3686 3245 
5507 3644 3684 2249 
5508 2824 3759 3589 
5509 3581 3715 2927 
5510 3266 3767 3680 
5511 72 3662 71 
5512 246 3663 245 
5513 3615 3794 1988 
5514 3597 3691 2869 
5515 2317 3665 2320 
5516 3636 3801 1994 
5517 3060 3666 3062 
5518 3196 3812 3194 
5519 3215 3773 2089 
5520 89 3667 88 
5521 2092 3668 3332 
5522 229 3669 228 
5523 2765 3670 2766 
5524 2211 3802 3233 
5525 212 3671 211 
5526 3402 3731 3584 
5527 3409 3672 2299 
5528 3456 3728 2734 
5529 121 3673 120 
5530 3343 3674 2553 
5531 2955 3691 3597 
5532 3266 3675 3265 
5533 3472 3676 2700 
5534 3654 3703 2597 
5535 3259 3677 3198 
5536 3564 3812 3196 
5537 3528 3678 2797 
5538 2956 3691 2955 
5539 2957 3808 2925 
5540 2835 3679 2836 
5541 2695 3680 2780 
5542 3195 3681 3485 
5543 3225 3684 3226 
5544 2825 3815 3633 
5545 2568 3682 3403 
5546 3620 3621 3395 
5547 2002 3683 3256 
5548 2942 3745 3682 
5549 2249 3684 3334 
5550 2829 3801 3636 
5551 2761 3685 2759 
5552 3215 3813 3773 
5553 1981 3686 3271 
5554 3638 3814 129 
5555 72 3707 3662 
5556 3567 3658 2090 
5557 2083 3687 3236 
5558 2785 3776 3697 
5559 246 3710 3663 
5560 2910 3789 2066 
5561 3276 3688 3341 
5562 3421 3695 2715 
5563 3602 3635 3158 
5564 3116 3635 3602 
5565 2194 3689 2196 
5566 89 3711 3667 
5567 2483 3748 3661 
5568 229 3712 3669 
5569 3115 3690 3118 
5570 3250 3726 2667 
5571 3226 3644 3593 
5572 2698 3729 3643 
5573 3452 3693 2820 
5574 3127 3694 3126 
5575 3000 3721 3001 
5576 3579 3792 2814 
5577 3330 3695 2079 
5578 3656 3770 2874 
5579 2804 3696 2806 
5580 3170 3697 2826 
5581 3225 3720 3684 
5582 2770 3698 2819 
5583 3684 3720 3334 
5584 222 3747 2026 
5585 3064 3700 3068 
5586 2013 3753 3254 
5587 3026 3751 3594 
5588 2252 3805 3241 
5589 2031 3702 173 
5590 2597 3703 3102 
5591 2782 3704 2784 
5592 1995 3701 2930 
5593 2057 3813 3215 
5594 3296 3705 3297 
5595 3661 3748 2876 
5596 3563 3661 2876 
5597 2011 3706 3295 
5598 3665 3791 2320 
5599 73 3707 72 
5600 3682 3745 3403 
5601 336 3699 2021 
5602 2807 3729 2573 
5603 2499 3709 2493 
5604 247 3710 246 
5605 3690 3732 3118 
5606 3089 3768 2817 
5607 3586 3733 2909 
5608 90 3711 89 
5609 3703 3723 3102 
5610 2918 3761 2064 
5611 3678 3772 2797 
5612 230 3712 229 
5613 3374 3714 2769 
5614 2883 3779 3618 
5615 2024 3708 285 
5616 2917 3763 2918 
5617 3032 3716 3034 
5618 3673 3790 2005 
5619 3565 3740 57 
5620 3566 3742 106 
5621 3567 3741 155 
5622 3568 3743 204 
5623 2894 3717 2890 
5624 3277 3727 3600 
5625 3534 3726 3250 
5626 309 3713 310 
5627 3614 3738 2031 
5628 2810 3718 3482 
5629 3234 3720 3225 
5630 2209 3719 2252 
5631 3334 3720 2255 
5632 2069 3721 3311 
5633 3458 3722 2778 
5634 3561 3815 2826 
5635 3102 3723 2776 
5636 2885 3739 1977 
5637 3233 3724 3230 
5638 2005 3725 119 
5639 2667 3726 3176 
5640 3292 3727 3390 
5641 2773 3810 2772 
5642 3651 3769 2033 
5643 2013 3786 3753 
5644 3549 3750 3516 
5645 2312 3730 3185 
5646 3307 3786 2013 
5647 2075 3731 3340 
5648 3584 3731 2075 
5649 3118 3732 2777 
5650 3716 3760 3034 
5651 2971 3811 3562 
5652 2407 3733 2409 
5653 1994 3801 3609 
5654 3707 3746 3149 
5655 158 3734 157 
5656 2788 3735 2787 
5657 2304 3736 2305 
5658 2803 3784 3631 
5659 3497 3737 2779 
5660 2812 3738 2811 
5661 105 3741 2090 
5662 154 3740 2091 
5663 203 3743 2092 
5664 252 3742 2093 
5665 3604 3780 3155 
5666 3300 3744 3387 
5667 3403 3745 2586 
5668 2876 3748 2877 
5669 3149 3746 3165 
5670 2899 3764 2900 
5671 2851 3756 2853 
5672 3324 3751 3026 
5673 3469 3752 2823 
5674 2660 3754 2543 
5675 3184 3808 3648 
5676 2905 3755 2904 
5677 338 3749 339 
5678 3557 3768 3089 
5679 2213 3802 2211 
5680 2279 3804 3578 
5681 2781 3757 3450 
5682 3111 3758 2794 
5683 2880 3800 2883 
5684 2789 3759 2824 
5685 3034 3760 3039 
5686 3263 3782 3615 
5687 2053 3762 179 
5688 3326 3672 3619 
5689 82 3765 2051 
5690 2008 3768 3557 
5691 3315 3767 2003 
5692 3211 3769 3212 
5693 3767 3799 2780 
5694 2874 3770 2872 
5695 148 3771 147 
5696 2797 3772 2796 
5697 3038 3773 3037 
5698 3757 3797 3450 
5699 3760 3798 3039 
5700 2708 3763 3603 
5701 2576 3774 2405 
5702 2071 3775 3534 
5703 2056 3750 3549 
5704 3315 3799 3767 
5705 2188 3778 2556 
5706 2184 3779 2186 
5707 3773 3813 3037 
5708 75 3780 74 
5709 2190 3781 2192 
5710 3323 3782 3010 
5711 3066 3783 3069 
5712 2801 3784 2803 
5713 2820 3786 2786 
5714 2819 3787 3500 
5715 2780 3799 3533 
5716 3417 3790 3213 
5717 3562 3811 2068 
5718 2320 3791 2322 
5719 2814 3792 3435 
5720 249 3793 248 
5721 1988 3794 3207 
5722 2852 3804 2964 
5723 232 3795 231 
5724 3450 3797 2659 
5725 3039 3798 3041 
5726 2070 3799 3315 
5727 2834 3801 2829 
5728 3753 3786 2820 
5729 2049 3806 76 
5730 2709 3807 2958 
5731 2063 3776 2928 
5732 2676 3809 2673 
5733 3194 3812 3195 
5734 3037 3813 3480 
5735 129 3814 128 
5736 2826 3815 2825 
5737 282 3788 283 
5738 3533 3799 2070 
5739 3675 3728 2791 
5740 3621 3811 2971 
5741 2787 3735 3622 
5742 2090 3741 3567 
5743 2091 3740 3565 
5744 2092 3743 3568 
5745 2093 3742 3566 
5746 2669 3715 3581 
5747 3724 3802 2255 
5748 3326 3753 3693 
5749 3656 3789 2910 
5750 2036 3807 3623 
5751 2089 3777 3568 
5752 2051 3765 3732 
5753 2068 3811 3620 
5754 3620 3811 3621 
5755 3600 3727 3292 
5756 3569 3750 2056 
5757 2811 3738 3614 
5758 3586 3755 2491 
5759 2025 3810 3692 
5760 3609 3801 2834 
5761 3195 3812 3564 
5762 2877 3748 3613 
5763 3764 3809 2676 
5764 2932 3796 3573 
5765 3643 3729 2937 
5766 2026 3747 3700 
5767 3697 3776 2063 
5768 3615 3782 3323 
5769 2035 3783 3657 
5770 3266 3728 3675 
5771 2772 3810 3591 
5772 3692 3810 2773 
5773 3212 3769 3651 
5774 3719 3805 2252 
5775 3213 3790 3673 
5776 3680 3767 2780 
5777 3693 3753 2820 
5778 3700 3747 3068 
5779 3648 3808 2957 
5780 3668 3777 3038 
5781 2883 3800 3778 
5782 3773 3777 2089 
5783 3038 3777 3773 
5784 3233 3802 3724 
5785 3778 3800 2556 
2 13 2 7733
5786 5263 5265 5264 
5787 6704 6830 4315 
5788 4691 7263 4687 
5789 4686 6690 4688 
5790 4817 6975 4816 
5791 5861 5918 5772 
5792 5999 6168 5809 
5793 4133 5724 4303 
5794 5032 7178 4407 
5795 4987 6684 5371 
5796 4228 6481 4867 
5797 4542 7065 4540 
5798 4327 6200 5116 
5799 4925 6378 4937 
5800 5398 7079 5194 
5801 6151 7080 5192 
5802 4713 7250 4712 
5803 4633 5269 4631 
5804 4999 5213 4997 
5805 4970 5215 4968 
5806 4941 6377 4944 
5807 5861 6136 5918 
5808 4841 5376 4838 
5809 4675 5377 4673 
5810 4871 5079 4869 
5811 4647 4672 4645 
5812 4601 6655 4599 
5813 5018 5370 5016 
5814 4233 7124 5687 
5815 5271 6723 4100 
5816 5118 6785 5110 
5817 4427 5369 4425 
5818 4110 6969 4629 
5819 5696 5880 5841 
5820 5410 5982 5020 
5821 4316 6884 6114 
5822 5642 6434 5998 
5823 4337 4347 4312 
5824 3972 7030 6643 
5825 4377 6729 4362 
5826 4322 7293 5013 
5827 5388 6277 4055 
5828 5631 6814 6236 
5829 5964 6925 4319 
5830 4720 6610 6358 
5831 6856 7104 4323 
5832 5178 5314 4017 
5833 5696 7000 5880 
5834 4749 6152 6151 
5835 3990 5387 5091 
5836 4614 5619 5616 
5837 5146 7123 6195 
5838 6417 6480 6312 
5839 5617 7166 5618 
5840 4341 7188 5277 
5841 5379 6794 4406 
5842 3972 6643 5312 
5843 4213 6568 4282 
5844 4204 7002 4206 
5845 4462 6945 4507 
5846 5918 6861 5772 
5847 4639 5292 4637 
5848 5788 6435 5859 
5849 4441 6707 5437 
5850 4179 7045 4157 
5851 6196 6591 5937 
5852 4847 5376 4841 
5853 4431 5369 4427 
5854 5023 5370 5018 
5855 4390 6920 6274 
5856 4679 5377 4675 
5857 4784 6615 6614 
5858 5284 6192 5389 
5859 5598 6719 5932 
5860 6247 7077 4861 
5861 4929 6327 4916 
5862 4735 6850 4752 
5863 5116 6449 4327 
5864 4387 6963 6829 
5865 5746 6977 3947 
5866 5832 6468 6287 
5867 5496 7310 5494 
5868 5768 6657 5766 
5869 5171 6075 4345 
5870 3999 6342 5151 
5871 4825 5438 4818 
5872 5809 5818 5808 
5873 6124 6357 5789 
5874 3989 6374 5160 
5875 5686 6389 6066 
5876 4816 6128 5248 
5877 4298 6214 5448 
5878 5964 7298 6925 
5879 6291 6408 5627 
5880 5509 5513 5512 
5881 343 6068 342 
5882 4239 6997 4188 
5883 4437 6707 4441 
5884 6208 6474 6392 
5885 6938 6979 5149 
5886 4656 6929 5552 
5887 6829 6963 4237 
5888 4480 4670 4472 
5889 4370 6927 4366 
5890 4845 6224 4843 
5891 6377 6378 4107 
5892 6702 6746 4952 
5893 5778 6226 4564 
5894 4533 6617 4531 
5895 4721 6817 5010 
5896 5123 6807 3997 
5897 4792 6876 5035 
5898 5778 6824 4578 
5899 5533 7183 5534 
5900 5814 6023 5796 
5901 4861 7077 4865 
5902 5035 5406 4792 
5903 4700 6899 4683 
5904 5522 6366 5526 
5905 6644 7007 5381 
5906 4939 6471 4936 
5907 336 6714 5973 
5908 3947 6977 5694 
5909 5491 7121 5163 
5910 5720 6676 5717 
5911 4803 6549 4800 
5912 5728 6351 5501 
5913 5484 6351 5480 
5914 5247 6498 4820 
5915 4974 6330 4178 
5916 5507 6536 5513 
5917 4284 6770 4209 
5918 5976 7262 4117 
5919 5465 6237 5463 
5920 6290 6706 5076 
5921 4726 6592 5241 
5922 5283 6892 5382 
5923 6066 6181 5686 
5924 4161 6215 4180 
5925 4645 5263 4643 
5926 5161 6514 4513 
5927 4511 5351 4550 
5928 4374 6912 4366 
5929 6030 6719 5738 
5930 4185 6608 4193 
5931 4316 5206 5205 
5932 4513 6932 4521 
5933 6214 6627 5448 
5934 5236 6969 4110 
5935 4364 4377 4362 
5936 5932 6174 5598 
5937 4944 6377 4107 
5938 4378 6255 5314 
5939 5725 6309 6057 
5940 5721 6240 5725 
5941 5682 5686 5684 
5942 5363 6501 6364 
5943 5797 6392 5793 
5944 3952 5253 5252 
5945 4406 4408 4405 
5946 5863 6009 5565 
5947 4013 6068 343 
5948 6387 6388 5641 
5949 4340 6996 4339 
5950 4649 5240 4647 
5951 4824 6805 4822 
5952 6290 6751 5074 
5953 5942 6281 3816 
5954 5243 5695 5693 
5955 5776 6226 5778 
5956 5166 6808 5468 
5957 4564 6226 5613 
5958 4187 6149 5430 
5959 5455 6087 5457 
5960 4810 7009 4809 
5961 5422 6506 5923 
5962 4685 4700 4683 
5963 6233 7176 4911 
5964 5597 5600 5598 
5965 6279 6412 4304 
5966 4677 6709 4678 
5967 5617 5619 4628 
5968 5058 5065 5060 
5969 4858 4864 4860 
5970 5165 6534 4175 
5971 4342 7188 4341 
5972 5421 6143 5423 
5973 4978 6483 6420 
5974 5277 6426 4341 
5975 4191 6869 4150 
5976 4711 4713 4710 
5977 5021 5022 5019 
5978 5511 6863 4509 
5979 4935 7032 4931 
5980 5789 6778 6124 
5981 4186 6205 4184 
5982 6130 6304 6131 
5983 5480 6351 6350 
5984 5340 6321 5381 
5985 4303 5724 5723 
5986 5601 6767 6338 
5987 6342 6343 4390 
5988 4814 6952 4796 
5989 5488 6347 5486 
5990 5586 6217 5575 
5991 6231 6536 5507 
5992 5522 6367 6366 
5993 5911 6664 5910 
5994 5968 6498 5328 
5995 5738 6238 6030 
5996 6197 6365 4297 
5997 4357 6282 4371 
5998 5579 6217 5585 
5999 5515 5863 5565 
6000 3949 6630 5415 
6001 5176 6655 4601 
6002 5529 6359 5532 
6003 5414 5417 4015 
6004 4672 7018 4645 
6005 6203 6524 5538 
6006 5317 6063 5851 
6007 4530 7139 4536 
6008 4250 7229 4276 
6009 5314 6255 4017 
6010 5561 6409 5891 
6011 5192 6843 6151 
6012 5980 6619 6156 
6013 4661 6699 4596 
6014 6511 6512 5777 
6015 4572 7055 4524 
6016 4714 5385 4709 
6017 4962 6856 6578 
6018 5578 6348 5576 
6019 6364 6501 3951 
6020 4388 5498 5495 
6021 4163 7037 4190 
6022 5415 6454 3949 
6023 6188 6355 5837 
6024 5460 6415 5462 
6025 5690 5699 5688 
6026 4798 4814 4796 
6027 5805 7137 4563 
6028 4554 6683 6127 
6029 5721 6457 6240 
6030 4879 4880 4877 
6031 4519 4611 4582 
6032 4867 7016 4228 
6033 5422 5923 5420 
6034 4334 6353 4012 
6035 5382 6902 5283 
6036 5743 6572 5745 
6037 4742 4745 4738 
6038 4235 7039 6596 
6039 6121 6735 5240 
6040 5627 6148 5629 
6041 4727 5997 5285 
6042 6264 6846 6469 
6043 336 5973 4096 
6044 4453 7233 4506 
6045 5999 7052 5822 
6046 5172 6542 4270 
6047 4396 7194 4203 
6048 4198 7099 4339 
6049 5705 6180 4048 
6050 5383 6647 6379 
6051 4871 5410 5079 
6052 4811 6965 4800 
6053 4012 6815 4334 
6054 5158 5407 5307 
6055 5156 5157 5155 
6056 6011 6293 5737 
6057 4200 7308 4324 
6058 324 6252 323 
6059 5528 6513 6463 
6060 4707 6088 4708 
6061 4837 5164 5150 
6062 5121 6229 5120 
6063 4826 4828 4827 
6064 5089 5091 5090 
6065 5081 6193 5082 
6066 5029 6294 5030 
6067 5080 5268 5176 
6068 6192 6278 6277 
6069 4853 6406 4852 
6070 6156 6352 5980 
6071 5106 6443 5105 
6072 4173 6937 5165 
6073 5127 5174 5128 
6074 5153 6091 5152 
6075 3952 5254 5253 
6076 6586 7122 4564 
6077 5757 5883 5754 
6078 6061 6423 5134 
6079 6229 6938 3985 
6080 4331 6713 5146 
6081 5105 6413 5114 
6082 4596 6699 4595 
6083 4094 5990 4330 
6084 4601 5177 5176 
6085 5403 7180 5015 
6086 5513 5514 5512 
6087 5560 6942 5730 
6088 5692 6665 5690 
6089 6050 7157 4654 
6090 4488 7133 4655 
6091 4182 5298 4330 
6092 4419 6765 4418 
6093 5087 6133 5088 
6094 6738 6890 5310 
6095 4931 7032 4930 
6096 5533 6513 5531 
6097 5762 6974 6097 
6098 5235 5298 4182 
6099 4279 5396 4113 
6100 4834 5403 4831 
6101 4908 5404 4904 
6102 4554 6127 4553 
6103 4329 5235 4177 
6104 4417 5405 4414 
6105 4999 6381 5213 
6106 4970 6382 5215 
6107 4319 6925 5185 
6108 4509 7133 4488 
6109 4048 5885 5705 
6110 4559 5400 4434 
6111 4321 5314 5178 
6112 4685 7263 6788 
6113 4792 5406 4788 
6114 5182 6110 5184 
6115 4478 4504 4477 
6116 4594 6617 4533 
6117 5305 6825 5122 
6118 4688 6690 4702 
6119 5105 6443 5104 
6120 4148 7153 4191 
6121 5551 6658 5554 
6122 5336 6077 5340 
6123 3985 6938 5149 
6124 4287 6583 4249 
6125 5306 6825 5305 
6126 4396 6976 5969 
6127 4148 4191 4150 
6128 5371 6684 4753 
6129 4477 6945 4462 
6130 5992 6158 5996 
6131 4600 4601 4599 
6132 5589 5592 5588 
6133 4700 6703 6024 
6134 5692 6977 5945 
6135 5694 6977 5692 
6136 4233 6380 4215 
6137 4664 7285 5291 
6138 5945 6977 5746 
6139 6649 6956 4241 
6140 3937 5301 4876 
6141 6602 6812 4270 
6142 4247 6590 4245 
6143 4015 5416 5414 
6144 3986 5305 5122 
6145 4657 7082 4658 
6146 5558 5562 5560 
6147 4537 6552 5342 
6148 5432 6452 6332 
6149 4266 6542 4624 
6150 4749 6761 4747 
6151 4004 5311 4428 
6152 3992 5308 4961 
6153 3994 5309 4854 
6154 4667 7233 4453 
6155 4421 7006 517 
6156 3926 5312 5039 
6157 4297 7147 4298 
6158 6779 7002 4322 
6159 4173 5165 4175 
6160 4316 5378 5206 
6161 3868 5313 4676 
6162 4441 5437 5072 
6163 4530 6907 4529 
6164 5860 6122 5855 
6165 5269 6095 5543 
6166 5131 6966 5266 
6167 5281 6786 4670 
6168 4499 7122 4512 
6169 5753 6539 6241 
6170 4467 6217 5586 
6171 6950 7161 5739 
6172 5132 6966 5131 
6173 5366 6646 354 
6174 6242 6403 5353 
6175 5609 6161 5608 
6176 5588 6970 5582 
6177 4275 6650 4273 
6178 5642 6433 6194 
6179 5616 6842 5620 
6180 5744 6196 5937 
6181 5244 6800 5242 
6182 5042 6916 4290 
6183 5163 7121 5492 
6184 4101 6574 5116 
6185 5348 6878 4524 
6186 5797 6391 6208 
6187 5399 6870 4573 
6188 4554 6292 6249 
6189 4100 6403 6242 
6190 4155 6704 4153 
6191 5704 5705 5701 
6192 5513 5516 5514 
6193 3950 6444 5987 
6194 4519 6870 4611 
6195 4007 5152 430 
6196 4425 5369 879 
6197 3980 5155 910 
6198 4997 5213 474 
6199 491 4826 3983 
6200 3991 5154 451 
6201 422 5029 3959 
6202 433 5134 4005 
6203 877 5311 4004 
6204 376 4852 3995 
6205 458 5158 3987 
6206 511 5308 3992 
6207 383 4785 3978 
6208 4721 5010 508 
6209 397 5031 3931 
6210 3999 5151 924 
6211 411 4707 3913 
6212 387 5159 3976 
6213 882 5312 3926 
6214 4968 5215 938 
6215 454 5089 3989 
6216 363 4704 3902 
6217 3989 5160 455 
6218 4987 5371 502 
6219 4673 5377 901 
6220 374 5309 3994 
6221 385 5127 3977 
6222 489 4837 3982 
6223 466 5301 3937 
6224 462 5120 3985 
6225 5285 5997 505 
6226 381 5080 3979 
6227 5016 5370 890 
6228 4838 5376 471 
6229 4869 5079 887 
6230 496 5123 3997 
6231 7 4402 3966 
6232 427 5081 4010 
6233 899 5313 3868 
6234 460 5305 3986 
6235 464 5147 3984 
6236 923 5028 3999 
6237 5249 5250 4542 
6238 5554 6759 5556 
6239 5454 5925 5466 
6240 5212 6517 6405 
6241 5336 6692 6077 
6242 5995 6159 5994 
6243 5242 6800 5243 
6244 6824 6947 4578 
6245 5696 6547 5694 
6246 5462 6431 5465 
6247 5584 5588 5582 
6248 4580 5393 5162 
6249 5612 5875 5607 
6250 4510 7068 4504 
6251 3953 6134 327 
6252 6159 6514 6161 
6253 6551 6791 4537 
6254 4175 4186 4184 
6255 318 6034 317 
6256 4524 6878 4572 
6257 6182 6899 4700 
6258 4512 7276 4500 
6259 5556 6759 5782 
6260 5125 6807 5123 
6261 5412 6838 5417 
6262 5588 7017 6970 
6263 4544 7092 4545 
6264 5526 6475 5529 
6265 5068 6421 5069 
6266 5146 6195 4331 
6267 4706 5216 3902 
6268 5796 5816 5814 
6269 4726 6817 4721 
6270 5438 5968 3983 
6271 4481 6349 4483 
6272 4231 6447 4210 
6273 5127 5128 3977 
6274 4826 4827 3983 
6275 5147 5148 3984 
6276 5436 6458 4373 
6277 4704 4705 3902 
6278 5028 6140 3999 
6279 5158 5307 3987 
6280 6396 6761 4749 
6281 5370 7029 3904 
6282 5369 7030 3972 
6283 5120 6229 3985 
6284 4837 5150 3982 
6285 5322 6802 6131 
6286 5582 5587 5580 
6287 3980 5156 5155 
6288 5159 6050 3976 
6289 5151 6342 4390 
6290 5630 5871 5625 
6291 4785 5175 3978 
6292 4709 5385 3913 
6293 5034 5198 3931 
6294 6434 6976 5998 
6295 4246 6604 4289 
6296 4707 4708 3913 
6297 5031 5032 3931 
6298 5200 5313 5199 
6299 5089 5090 3989 
6300 5081 5082 4010 
6301 6803 6804 5474 
6302 4814 6933 6189 
6303 5029 5030 3959 
6304 3991 5324 5154 
6305 5080 5176 3979 
6306 4546 7048 4547 
6307 5241 6145 6144 
6308 4985 5311 4003 
6309 4007 5153 5152 
6310 5725 6057 5715 
6311 4180 6215 5235 
6312 4194 6883 4195 
6313 4531 6907 4530 
6314 5540 6176 5539 
6315 5072 6290 5077 
6316 4505 4510 4504 
6317 5076 6751 6290 
6318 5289 6540 4401 
6319 4330 7290 4094 
6320 3980 5266 5156 
6321 3976 6050 5194 
6322 5184 6407 5745 
6323 4749 7296 6152 
6324 4499 4512 4500 
6325 4200 6930 4201 
6326 5136 5324 3991 
6327 4007 6395 5153 
6328 6131 6304 5322 
6329 5182 7047 4125 
6330 6235 7077 6246 
6331 4620 6520 4619 
6332 5408 6055 4731 
6333 4800 6549 4811 
6334 6287 6288 5832 
6335 5655 6726 5657 
6336 4143 6839 5163 
6337 4291 6568 4213 
6338 4478 4561 4505 
6339 5112 5118 5110 
6340 4595 6983 4593 
6341 5116 6200 4101 
6342 4005 6423 5085 
6343 4852 6406 3995 
6344 4657 7091 4457 
6345 5160 6374 5117 
6346 4100 6723 305 
6347 4158 6215 4161 
6348 4511 6981 5351 
6349 6463 6513 4476 
6350 5515 5979 5863 
6351 3985 5149 5147 
6352 4522 6932 4513 
6353 5589 6624 5592 
6354 5154 5387 3990 
6355 4402 4403 3966 
6356 5535 5539 5537 
6357 4825 6498 5968 
6358 5820 6060 5457 
6359 5163 6596 4138 
6360 4309 7109 4338 
6361 5119 6979 6938 
6362 4135 6556 4133 
6363 5587 6178 5580 
6364 4734 4745 4744 
6365 5412 5417 5414 
6366 5499 7142 5496 
6367 4308 7103 4309 
6368 6170 6931 5549 
6369 4419 6246 4294 
6370 4342 6995 6640 
6371 4055 5636 5388 
6372 6268 6844 4546 
6373 4137 6458 5436 
6374 4628 7166 5617 
6375 5432 6515 5427 
6376 5296 6840 4575 
6377 4920 6508 4922 
6378 3974 5132 5131 
6379 4848 5210 5187 
6380 4902 5195 4905 
6381 4411 5189 4413 
6382 5002 5217 3935 
6383 4988 5198 4990 
6384 4965 5199 3905 
6385 5044 5202 5046 
6386 4953 5220 3867 
6387 4754 4757 3960 
6388 4762 5227 3829 
6389 5057 5228 4001 
6390 4717 5223 4720 
6391 4111 5203 4123 
6392 5084 5086 3967 
6393 4414 5405 3936 
6394 4767 5202 3907 
6395 4788 5406 3828 
6396 4784 5221 3830 
6397 5076 5222 3864 
6398 4980 4984 4003 
6399 4347 6076 4312 
6400 4831 5403 3839 
6401 4904 5404 3835 
6402 3970 5204 4957 
6403 5772 6861 5771 
6404 3934 6275 5137 
6405 4434 5400 3901 
6406 4455 6773 4667 
6407 4993 5210 3838 
6408 4963 5211 4967 
6409 5033 5034 5032 
6410 5137 6189 3963 
6411 3967 6828 4402 
6412 4478 6010 4561 
6413 4719 5214 3908 
6414 3909 5213 4901 
6415 4760 5217 4763 
6416 3912 5215 4756 
6417 4113 5396 3906 
6418 4949 5216 4951 
6419 4193 6883 4194 
6420 4117 7190 5976 
6421 6472 6716 6014 
6422 4128 6606 4306 
6423 4733 6850 4735 
6424 4945 5221 4947 
6425 4432 5222 4446 
6426 4780 5220 4782 
6427 5288 6322 4332 
6428 4973 6852 6330 
6429 4561 6981 4505 
6430 4236 5726 5722 
6431 4809 5447 4810 
6432 4896 5223 3965 
6433 4786 5224 4789 
6434 5070 5227 5073 
6435 4002 5228 4982 
6436 5987 6689 3950 
6437 5704 6180 5705 
6438 4660 7021 5278 
6439 4975 7123 3961 
6440 3872 7097 5207 
6441 3870 7098 5208 
6442 5193 7079 3975 
6443 3964 7089 5014 
6444 5191 7080 3996 
6445 5188 7081 4765 
6446 4009 7083 5130 
6447 5196 7084 4881 
6448 5486 5501 5484 
6449 4934 5419 5390 
6450 5134 6423 4005 
6451 3874 6810 5195 
6452 5757 6245 5883 
6453 4010 7043 5138 
6454 6144 6779 4322 
6455 4670 6580 4472 
6456 4731 6571 4733 
6457 4337 7036 4347 
6458 5244 7050 6800 
6459 3904 6516 5054 
6460 4166 7223 4385 
6461 4309 6793 4308 
6462 5167 6937 5468 
6463 5179 5975 4376 
6464 4145 5320 4146 
6465 4834 7180 5403 
6466 5389 6277 5388 
6467 5396 7001 4777 
6468 5400 7013 5078 
6469 5405 6989 5135 
6470 6486 6487 6193 
6471 5067 6426 5277 
6472 5394 6516 5027 
6473 6171 6787 5571 
6474 5214 6675 4855 
6475 4646 6959 4648 
6476 3962 6671 5211 
6477 5404 6980 4979 
6478 5229 6324 4325 
6479 5829 6434 6194 
6480 5385 6957 4868 
6481 4212 6447 4218 
6482 4633 6720 5269 
6483 4020 6479 5989 
6484 4395 7273 6165 
6485 4184 6608 4185 
6486 4448 6404 4445 
6487 3837 6667 5189 
6488 4317 5365 4244 
6489 5015 6733 3930 
6490 4366 6927 4374 
6491 4385 6923 4386 
6492 4217 4233 4215 
6493 4635 6789 4634 
6494 5013 6144 4322 
6495 4571 6804 6803 
6496 4484 7034 4482 
6497 5593 7281 5589 
6498 5098 5100 5096 
6499 5261 6356 5910 
6500 4836 7180 4834 
6501 6086 6354 5820 
6502 519 5420 520 
6503 5538 6564 6203 
6504 4578 7162 5778 
6505 4327 6926 4326 
6506 4362 5330 4360 
6507 3948 6254 4392 
6508 904 4885 905 
6509 516 4421 517 
6510 5824 6178 5587 
6511 5592 6624 774 
6512 4201 6930 4202 
6513 5186 5331 3871 
6514 5006 5008 5007 
6515 5050 5052 5051 
6516 5000 5003 5001 
6517 5282 7229 4250 
6518 5094 5387 5102 
6519 5055 6201 5056 
6520 5053 6075 5171 
6521 4130 4974 4178 
6522 4825 5968 5438 
6523 4698 6672 5267 
6524 5910 6664 5261 
6525 6089 6348 5578 
6526 5171 6048 3969 
6527 5265 6772 5264 
6528 6145 6592 4724 
6529 4325 6324 4197 
6530 5145 6075 3968 
6531 4894 4900 4895 
6532 5269 6371 4631 
6533 4289 6892 4248 
6534 4329 5298 5235 
6535 5860 6329 6122 
6536 5727 7289 5726 
6537 774 6697 5592 
6538 4106 7090 5337 
6539 4849 4851 4850 
6540 4887 5329 5201 
6541 4829 5209 4830 
6542 4954 4956 4955 
6543 4124 6484 4297 
6544 4022 7110 5256 
6545 4723 5997 4727 
6546 6743 7267 4399 
6547 6741 7268 4889 
6548 6213 6214 4305 
6549 5456 5466 5460 
6550 5859 6213 5788 
6551 5543 6371 5269 
6552 5185 6109 6108 
6553 4545 4546 4544 
6554 5767 5768 5766 
6555 4545 7048 4546 
6556 4938 4939 4936 
6557 4218 6447 6445 
6558 5183 6484 4125 
6559 257 6248 256 
6560 4809 7009 4807 
6561 6013 7161 6473 
6562 4480 5342 4670 
6563 4210 7156 4231 
6564 5571 6172 6171 
6565 5442 7308 4200 
6566 4326 6926 4293 
6567 4146 5320 4149 
6568 6991 7090 4106 
6569 5687 6380 4233 
6570 5950 6681 5368 
6571 5357 7073 6823 
6572 4550 5351 5350 
6573 5703 6520 5706 
6574 4567 7055 6529 
6575 5381 7007 5383 
6576 6180 7198 5708 
6577 6250 6670 5699 
6578 4248 6892 5282 
6579 5694 6547 3947 
6580 5535 5537 5536 
6581 5091 5387 5094 
6582 4812 7089 5343 
6583 4918 4929 4916 
6584 4323 7059 7058 
6585 5429 6649 4241 
6586 5539 6921 5537 
6587 4242 7015 4317 
6588 4366 6912 4364 
6589 5169 6810 4716 
6590 6578 6856 4323 
6591 4352 6998 4350 
6592 6006 6134 3953 
6593 5417 6838 4199 
6594 4671 6535 4468 
6595 5235 6215 4177 
6596 4654 6992 5399 
6597 4507 7082 4657 
6598 4188 4240 4239 
6599 5263 5264 4643 
6600 6236 6814 5167 
6601 4496 6896 4588 
6602 5204 7057 4957 
6603 4387 6497 4144 
6604 317 6034 4018 
6605 5737 6012 6011 
6606 4513 6514 4523 
6607 517 7006 3865 
6608 5144 5146 5145 
6609 6552 6746 6702 
6610 4107 5287 4944 
6611 5276 7151 6645 
6612 5119 6938 5118 
6613 4853 7216 6406 
6614 5488 6550 6347 
6615 4449 6678 4560 
6616 4623 7235 6439 
6617 5806 6903 5804 
6618 4224 5244 5242 
6619 4445 6404 4467 
6620 4210 6447 4212 
6621 5847 6363 3889 
6622 4659 6944 6943 
6623 4463 4478 4477 
6624 4409 6052 5345 
6625 4143 5163 4140 
6626 5995 7277 6159 
6627 5730 5731 5560 
6628 4150 6963 4147 
6629 4187 4188 4186 
6630 4175 4187 4186 
6631 4892 6419 4893 
6632 259 5416 258 
6633 4551 6292 4554 
6634 5107 6854 5106 
6635 4023 6252 324 
6636 5229 6813 4104 
6637 4922 6508 4924 
6638 5574 6363 5570 
6639 6400 7229 5284 
6640 4431 7030 5369 
6641 4163 4190 4164 
6642 5972 7139 4530 
6643 5516 6536 6276 
6644 5023 7029 5370 
6645 6303 6304 6130 
6646 4513 4521 4500 
6647 5556 5782 5561 
6648 4459 4657 4457 
6649 4350 5974 4348 
6650 4599 7159 4598 
6651 5015 7180 6733 
6652 3904 7029 6516 
6653 4240 5435 4239 
6654 5340 5381 5380 
6655 4310 6793 4309 
6656 4639 6801 5292 
6657 6361 7110 4022 
6658 5627 6408 6146 
6659 6067 6068 4013 
6660 4765 7081 4768 
6661 3975 7079 5004 
6662 3996 7080 5009 
6663 6046 7083 4009 
6664 4881 7084 4883 
6665 4369 4370 4366 
6666 5448 6627 5920 
6667 4108 6413 5275 
6668 5458 6087 5455 
6669 4977 7123 4975 
6670 4532 4533 4531 
6671 5343 7089 3964 
6672 5234 7089 4812 
6673 5343 5344 4812 
6674 4857 7097 3872 
6675 4779 7098 3870 
6676 5195 6105 4905 
6677 5189 5190 4413 
6678 4912 6980 4908 
6679 4577 6947 4576 
6680 4965 5200 5199 
6681 4885 7207 905 
6682 4757 4758 3960 
6683 5086 5379 3967 
6684 6164 6165 4024 
6685 4490 4508 4492 
6686 4290 5043 5042 
6687 4984 4985 4003 
6688 5200 6502 5313 
6689 6475 6680 5529 
6690 6687 6808 5467 
6691 4985 6504 5311 
6692 5211 5212 4967 
6693 4498 6349 4481 
6694 6084 6777 5731 
6695 4576 6947 4514 
6696 4268 7302 4273 
6697 4658 6463 4657 
6698 4802 4803 4800 
6699 4716 6957 4714 
6700 5490 6204 5488 
6701 4719 5364 5214 
6702 4540 5348 4526 
6703 4548 6717 4511 
6704 5121 6785 6229 
6705 4547 6268 4546 
6706 6165 7273 4014 
6707 4306 7011 4974 
6708 4160 6215 4158 
6709 4194 6838 4185 
6710 4364 6912 4377 
6711 5693 6872 5243 
6712 4175 4184 4174 
6713 5224 5225 4789 
6714 4262 4270 4264 
6715 4169 4189 4171 
6716 5515 6863 5512 
6717 4025 6324 5229 
6718 5258 7274 4474 
6719 5563 6658 5551 
6720 4573 7200 5402 
6721 4297 4298 4152 
6722 4203 7194 4232 
6723 258 5416 4015 
6724 4150 6869 4192 
6725 5137 7243 6189 
6726 354 6646 4105 
6727 5866 6716 5865 
6728 6358 6610 4898 
6729 6086 6087 5765 
6730 4225 6634 6494 
6731 4486 4509 4488 
6732 4925 4931 4930 
6733 4504 7068 4563 
6734 4303 7070 4133 
6735 5083 7043 4010 
6736 5513 6536 5516 
6737 5745 6572 5184 
6738 5379 6828 3967 
6739 4243 6999 4242 
6740 6150 6720 4633 
6741 4593 4596 4595 
6742 4689 4691 4687 
6743 5582 6970 5587 
6744 5365 6604 4246 
6745 6763 6881 5115 
6746 4294 6765 4419 
6747 5866 6450 6014 
6748 5352 5353 4021 
6749 5270 5271 4100 
6750 5185 6110 5182 
6751 4971 6853 6852 
6752 5730 6482 5731 
6753 5957 6379 4042 
6754 5612 6300 5875 
6755 6581 6863 5515 
6756 5700 7000 5696 
6757 4638 4639 4637 
6758 5285 7075 4727 
6759 5657 6726 6725 
6760 4647 6882 4672 
6761 5139 5142 5140 
6762 5699 6670 5688 
6763 4655 6522 4490 
6764 5501 6351 5484 
6765 4602 7128 4601 
6766 5535 5536 5534 
6767 4695 6966 5133 
6768 5963 6629 6628 
6769 4281 6830 4157 
6770 4386 6688 4385 
6771 5433 5434 4589 
6772 4036 6371 5543 
6773 5349 7290 4330 
6774 4227 6481 4228 
6775 4356 6855 4354 
6776 5633 5634 4635 
6777 5276 6895 5061 
6778 6566 7270 4959 
6779 4825 7096 6498 
6780 4716 6810 6809 
6781 6165 6567 4024 
6782 4632 4633 4631 
6783 4936 6728 4935 
6784 4249 6583 4247 
6785 4644 4645 4643 
6786 4140 5163 4138 
6787 5857 5860 5855 
6788 5425 6506 5422 
6789 4209 6770 4207 
6790 5206 7030 4431 
6791 5025 7029 5023 
6792 5389 7264 5284 
6793 5022 6334 5024 
6794 4800 6965 4798 
6795 4624 6305 4266 
6796 4209 6833 4284 
6797 4708 6088 4711 
6798 4282 7297 4213 
6799 4453 4506 4451 
6800 5110 6393 5108 
6801 5529 5532 5531 
6802 6762 6989 4417 
6803 5925 6297 5466 
6804 4634 6789 4633 
6805 327 6134 326 
6806 5945 6665 5692 
6807 4164 7223 4166 
6808 4279 7001 5396 
6809 4702 6690 4259 
6810 5065 6202 5068 
6811 4311 7315 4310 
6812 4417 6989 5405 
6813 4714 6957 5385 
6814 4706 6573 5216 
6815 5609 6157 5996 
6816 4527 7022 4473 
6817 4286 6868 4191 
6818 5390 6648 4934 
6819 4564 6798 6586 
6820 4559 7013 5400 
6821 4908 6980 5404 
6822 4384 6919 6212 
6823 5709 7124 4233 
6824 5630 6323 5871 
6825 7023 7228 5316 
6826 4523 4524 4522 
6827 5069 6421 4697 
6828 6379 6902 5383 
6829 5108 6854 5107 
6830 5034 6575 5198 
6831 6116 7166 4628 
6832 4650 6812 6602 
6833 4502 6044 5395 
6834 4390 6274 5151 
6835 4339 6996 4341 
6836 5616 5620 4614 
6837 5142 6488 5143 
6838 6048 7057 5204 
6839 6127 6683 5230 
6840 3998 5328 5247 
6841 6448 6958 5407 
6842 4180 6784 4179 
6843 4305 5789 5787 
6844 3866 5997 4723 
6845 5514 5979 5515 
6846 4273 6650 4332 
6847 4388 6492 5498 
6848 4812 7009 5239 
6849 6870 7200 4573 
6850 4306 4974 4128 
6851 4558 7115 5258 
6852 4478 4505 4504 
6853 4017 6633 5178 
6854 5371 6055 3831 
6855 4607 6227 4605 
6856 5487 5488 5486 
6857 5434 6266 4547 
6858 4629 6032 4110 
6859 4523 7202 4525 
6860 4781 6615 4784 
6861 4155 6830 6704 
6862 6241 6539 6063 
6863 5460 5462 5461 
6864 6168 6712 5809 
6865 4169 4385 4189 
6866 4753 6055 5371 
6867 4643 6651 4642 
6868 5380 5382 4289 
6869 4473 7022 4558 
6870 4192 6869 4200 
6871 4648 4649 4647 
6872 5571 6787 5657 
6873 5731 6482 6083 
6874 4646 4647 4645 
6875 5195 6810 6105 
6876 4110 6032 320 
6877 6064 6700 4577 
6878 4207 6770 4285 
6879 5463 6237 5468 
6880 5537 6564 5538 
6881 5382 6892 4289 
6882 4146 7226 4148 
6883 5691 5692 5690 
6884 5077 6290 5074 
6885 4250 4276 4252 
6886 4095 6322 5288 
6887 4567 6528 5346 
6888 3865 7006 6368 
6889 6405 6517 4318 
6890 4561 5170 5168 
6891 4390 7154 6920 
6892 4390 6343 4356 
6893 6312 6903 6417 
6894 6518 6590 6589 
6895 4468 6535 4438 
6896 6028 6029 5481 
6897 4470 6155 4580 
6898 5419 7158 4664 
6899 4928 6378 4925 
6900 5989 7012 4020 
6901 5608 6161 5611 
6902 5167 6237 6236 
6903 4539 7307 4543 
6904 323 6252 4103 
6905 5507 5513 5509 
6906 4339 7099 4340 
6907 6524 7008 5538 
6908 5194 6533 5398 
6909 5102 5387 5324 
6910 5481 6490 6028 
6911 4488 4655 4490 
6912 4552 7228 4551 
6913 5211 6671 5212 
6914 4161 4179 4157 
6915 4929 5142 5141 
6916 6017 6067 4013 
6917 4145 5409 5320 
6918 5364 6675 5214 
6919 4463 4477 4462 
6920 5133 6966 5132 
6921 5278 6430 4660 
6922 6486 7271 5140 
6923 4276 6401 4252 
6924 6046 6729 4377 
6925 5395 6044 4570 
6926 4476 6773 4455 
6927 4191 5445 4286 
6928 5252 6308 3952 
6929 4275 6337 5345 
6930 5027 6516 5025 
6931 5189 6667 5190 
6932 6485 6566 5181 
6933 320 6032 319 
6934 4481 6551 4480 
6935 5568 6363 5847 
6936 5298 6815 6771 
6937 4127 5182 4125 
6938 6368 7258 3865 
6939 6149 6534 6467 
6940 4845 6753 6224 
6941 5654 7295 5656 
6942 4483 6349 4486 
6943 6275 7243 5137 
6944 4305 6214 4298 
6945 5357 6823 5278 
6946 4297 6484 6197 
6947 5943 6281 5942 
6948 5498 6766 5499 
6949 4891 6741 4889 
6950 5085 6423 6133 
6951 4401 6743 4399 
6952 5240 6964 6121 
6953 315 6054 314 
6954 5703 5704 5701 
6955 5652 7295 5654 
6956 5168 7250 4561 
6957 5373 7187 3956 
6958 6284 6988 271 
6959 4815 4817 4816 
6960 6453 7135 4996 
6961 4213 7297 4211 
6962 6192 6277 5389 
6963 4097 6284 271 
6964 5243 6799 5695 
6965 5782 6409 5561 
6966 6275 6952 4814 
6967 6520 6836 5706 
6968 6193 7111 5082 
6969 4243 6860 5341 
6970 5292 6225 5921 
6971 4943 6423 6061 
6972 4229 4230 4227 
6973 5420 5923 520 
6974 4593 6983 4591 
6975 4549 7023 4548 
6976 4526 5348 4524 
6977 5175 6821 5174 
6978 5088 6795 5087 
6979 4796 6876 4793 
6980 5166 6937 4173 
6981 5203 6314 4123 
6982 4274 7135 6453 
6983 4407 5033 5032 
6984 5705 6893 5700 
6985 5554 5556 5555 
6986 4328 6763 5315 
6987 5703 7050 6520 
6988 5471 6804 5473 
6989 5593 7008 6524 
6990 4190 6638 5770 
6991 4333 6052 5286 
6992 5434 6898 4589 
6993 6622 7291 7244 
6994 5869 6410 5897 
6995 5522 5526 5525 
6996 5284 6244 6192 
6997 5398 5399 4573 
6998 4241 5984 4242 
6999 5434 7048 6898 
7000 4270 6542 4264 
7001 4636 7140 4635 
7002 5558 5560 5559 
7003 5079 6711 3869 
7004 4205 4396 4203 
7005 6332 7026 5432 
7006 5327 7285 4664 
7007 4030 5889 5334 
7008 4110 6331 5236 
7009 4398 4399 932 
7010 4874 5251 468 
7011 4888 4889 935 
7012 4420 4421 516 
7013 5139 5140 424 
7014 5037 5262 884 
7015 4884 4885 904 
7016 4958 4959 513 
7017 4863 6247 4861 
7018 4345 6076 5171 
7019 4241 4242 4240 
7020 5359 5361 3957 
7021 5256 6295 4022 
7022 6598 6709 4677 
7023 4286 5443 5441 
7024 5248 5447 4816 
7025 4502 5395 5362 
7026 4511 6717 4510 
7027 4494 4576 4499 
7028 4515 7051 4516 
7029 3987 5307 5306 
7030 5714 6412 6279 
7031 5604 6719 5598 
7032 5586 6727 4467 
7033 4457 4476 4455 
7034 5353 6403 4021 
7035 4435 6707 4437 
7036 6420 6483 4313 
7037 4683 6849 4680 
7038 5483 5484 5480 
7039 4953 6605 5220 
7040 5223 6610 4720 
7041 4762 6611 5227 
7042 5057 6612 5228 
7043 4486 6349 4509 
7044 4784 6613 5221 
7045 5076 6618 5222 
7046 5002 6601 5217 
7047 4447 6678 4449 
7048 5292 5921 5635 
7049 5210 6599 5187 
7050 5663 6379 5957 
7051 3982 5150 4828 
7052 5184 6858 6407 
7053 4500 7276 4513 
7054 5067 5276 5063 
7055 3841 6176 5540 
7056 4147 4387 4144 
7057 6724 6725 4466 
7058 4484 4530 4529 
7059 4188 6997 4186 
7060 4993 6599 5210 
7061 5468 6237 5167 
7062 5221 6613 4947 
7063 5222 6618 4446 
7064 5217 6601 4763 
7065 6193 6487 4932 
7066 3978 5175 5174 
7067 5202 6597 5046 
7068 5377 6941 3833 
7069 5220 6605 4782 
7070 5198 6575 4990 
7071 5376 6935 3873 
7072 4767 6597 5202 
7073 4220 5242 4217 
7074 4881 4882 4009 
7075 5044 5045 3993 
7076 5135 5136 3991 
7077 4138 7039 4135 
7078 4411 4412 3936 
7079 3981 6201 5055 
7080 4765 4766 3907 
7081 5053 5171 3969 
7082 4005 5085 5084 
7083 4242 4317 4244 
7084 4563 5806 5805 
7085 4671 7114 6219 
7086 3970 4956 4954 
7087 4829 4830 3839 
7088 3997 5192 5191 
7089 4902 4903 3835 
7090 4848 5186 3871 
7091 3996 5008 5006 
7092 3975 5003 5000 
7093 4887 5201 3837 
7094 4849 4850 3964 
7095 3976 5194 5193 
7096 5054 5394 3962 
7097 5131 5266 3980 
7098 5138 6395 4007 
7099 5050 5051 3974 
7100 3995 6406 6326 
7101 3927 5052 5050 
7102 4855 4856 3872 
7103 4777 4778 3870 
7104 4988 4989 3838 
7105 5000 5001 3935 
7106 3871 5331 5188 
7107 5006 5007 3933 
7108 4963 4964 3905 
7109 4896 6610 5223 
7110 5227 6611 5073 
7111 5228 6612 4982 
7112 6249 7040 4554 
7113 4124 4297 4152 
7114 5551 5554 5553 
7115 5381 5383 5382 
7116 4199 6324 5417 
7117 4949 4950 3867 
7118 3909 4900 4894 
7119 4111 4112 3906 
7120 4717 4718 3908 
7121 3968 6075 5053 
7122 4760 4761 3829 
7123 3912 4755 4754 
7124 3930 4976 4975 
7125 4000 5197 5196 
7126 5055 5056 4001 
7127 5130 5232 3929 
7128 4386 7192 6905 
7129 6091 7231 6061 
7130 5 5366 354 
7131 4780 4781 3830 
7132 4786 4787 3828 
7133 4002 4981 4980 
7134 5070 5071 3864 
7135 4894 4895 3965 
7136 5144 5145 3968 
7137 5142 5143 5140 
7138 4095 5288 5287 
7139 5216 6573 4951 
7140 5251 5272 4840 
7141 4455 4667 4453 
7142 5213 6381 4901 
7143 5215 6382 4756 
7144 3969 6048 5204 
7145 5035 5036 3934 
7146 4432 4433 3901 
7147 5014 5234 3973 
7148 4945 4946 3932 
7149 5010 5011 3903 
7150 4173 7184 5166 
7151 4328 6881 6763 
7152 4541 4542 4540 
7153 5091 5092 5090 
7154 5323 6768 6552 
7155 4490 6522 4508 
7156 3963 4851 4849 
7157 5207 5329 4887 
7158 5078 6219 3958 
7159 5208 5209 4829 
7160 4954 4955 3971 
7161 4200 4201 4192 
7162 4148 4150 4147 
7163 6397 6575 5034 
7164 4828 6128 4827 
7165 5272 6579 4878 
7166 5350 7041 4550 
7167 4806 7193 4803 
7168 4316 7116 6884 
7169 4584 7022 5658 
7170 4149 7226 4146 
7171 4471 4527 4473 
7172 6685 7023 5317 
7173 5603 6338 4238 
7174 6513 6773 4476 
7175 6208 6392 5797 
7176 5428 5432 5427 
7177 5593 6524 6079 
7178 4496 4588 4497 
7179 4388 5495 5493 
7180 4816 7042 4815 
7181 5584 5589 5588 
7182 5247 6499 5124 
7183 6511 7162 5779 
7184 5599 6563 5602 
7185 5777 7162 6511 
7186 6779 7300 4206 
7187 4126 7102 4346 
7188 4241 6639 5984 
7189 5823 7137 6362 
7190 4336 4337 4312 
7191 4188 5429 4241 
7192 4670 6786 6155 
7193 5689 5690 5688 
7194 4104 6425 253 
7195 4293 7105 4292 
7196 5181 6566 4959 
7197 5756 5757 5754 
7198 6259 6689 6043 
7199 6267 6691 5119 
7200 5846 6967 6686 
7201 4298 7147 4305 
7202 4529 7034 4484 
7203 5948 6846 6264 
7204 5407 6443 5307 
7205 4604 6821 4603 
7206 5574 6679 6363 
7207 4513 4523 4522 
7208 4523 4525 4524 
7209 4819 7096 4818 
7210 5622 6369 4058 
7211 5143 6486 5140 
7212 5535 5540 5539 
7213 6330 7011 4973 
7214 5851 6062 5317 
7215 6194 6434 5642 
7216 5164 7056 5150 
7217 6333 6981 4561 
7218 5307 6854 5306 
7219 4441 5072 4443 
7220 5808 7052 5809 
7221 5266 6966 5267 
7222 4188 4241 4240 
7223 4820 6499 5247 
7224 6224 6753 5346 
7225 4107 6378 5985 
7226 4265 4382 4268 
7227 4224 5242 4220 
7228 5897 6310 5869 
7229 4840 7266 5251 
7230 4926 6508 4920 
7231 4346 6163 6162 
7232 6499 6761 5126 
7233 6359 6623 5532 
7234 4262 6602 4270 
7235 4392 7069 3948 
7236 5693 5694 5692 
7237 5538 6537 5536 
7238 5303 6834 4196 
7239 4335 6021 5418 
7240 5670 6188 5837 
7241 3961 5146 5144 
7242 4197 6324 4199 
7243 304 4108 303 
7244 319 6032 4098 
7245 5388 7074 5357 
7246 287 4109 286 
7247 321 4110 320 
7248 5242 7095 4217 
7249 6677 6678 5077 
7250 4268 4273 4272 
7251 4193 4194 4185 
7252 5721 5725 5723 
7253 4524 7055 4522 
7254 5451 6341 5264 
7255 4304 6629 4131 
7256 5430 7177 4187 
7257 5153 6471 6091 
7258 4872 7269 5262 
7259 4385 6688 4189 
7260 4526 7107 4538 
7261 4392 6254 4394 
7262 4560 6632 5297 
7263 4292 7105 4230 
7264 5156 6672 5157 
7265 5990 7109 4309 
7266 4312 7315 4311 
7267 4277 7037 6955 
7268 5255 5409 5253 
7269 6483 6734 4313 
7270 6270 6664 5911 
7271 4573 7061 5397 
7272 290 6117 289 
7273 6260 6262 6040 
7274 5157 6672 6202 
7275 4181 6784 4180 
7276 4747 7296 4749 
7277 5258 7115 5260 
7278 5268 6655 5176 
7279 5163 6839 5491 
7280 4196 6608 6205 
7281 4619 6520 6494 
7282 5534 7183 5535 
7283 4357 7154 4356 
7284 6425 6908 253 
7285 5117 6448 5160 
7286 5246 7041 5350 
7287 6145 6570 4343 
7288 4259 6847 4251 
7289 4184 4185 4174 
7290 6873 7095 5243 
7291 931 4398 932 
7292 430 5152 431 
7293 467 4874 468 
7294 910 5155 911 
7295 490 4826 491 
7296 451 5154 452 
7297 878 4425 879 
7298 876 5311 877 
7299 934 4888 935 
7300 421 5029 422 
7301 457 5158 458 
7302 501 4987 502 
7303 510 5308 511 
7304 432 5134 433 
7305 396 5031 397 
7306 473 4997 474 
7307 410 4707 411 
7308 386 5159 387 
7309 937 4968 938 
7310 382 4785 383 
7311 515 4420 516 
7312 455 5160 456 
7313 423 5139 424 
7314 375 4852 376 
7315 453 5089 454 
7316 881 5312 882 
7317 924 5151 925 
7318 362 4704 363 
7319 373 5309 374 
7320 883 5037 884 
7321 903 4884 904 
7322 507 4721 508 
7323 488 4837 489 
7324 378 5257 379 
7325 512 4958 513 
7326 886 4869 887 
7327 384 5127 385 
7328 900 4673 901 
7329 465 5301 466 
7330 889 5016 890 
7331 470 4838 471 
7332 380 5080 381 
7333 461 5120 462 
7334 495 5123 496 
7335 504 5285 505 
7336 898 5313 899 
7337 436 4402 7 
7338 426 5081 427 
7339 459 5305 460 
7340 922 5028 923 
7341 463 5147 464 
7342 5457 6086 5820 
7343 4211 6984 4209 
7344 6556 6960 4236 
7345 256 6248 4025 
7346 4015 6248 257 
7347 4039 7281 6079 
7348 4538 7167 4539 
7349 4187 5429 4188 
7350 5298 6771 5349 
7351 6901 7065 5250 
7352 6449 6881 4327 
7353 6176 6375 5539 
7354 5793 6392 5795 
7355 4341 6996 4342 
7356 314 6054 3957 
7357 449 5405 5135 
7358 3969 5204 918 
7359 928 4881 4009 
7360 3927 5050 906 
7361 3970 4954 920 
7362 4009 5130 929 
7363 360 5400 5078 
7364 447 4411 3936 
7365 441 4855 3872 
7366 3908 5214 439 
7367 371 5221 4945 
7368 369 4780 3830 
7369 4010 5138 428 
7370 3961 5144 12 
7371 366 4949 3867 
7372 3909 4894 476 
7373 493 5968 5328 
7374 3963 4849 484 
7375 3974 5131 908 
7376 481 5035 3934 
7377 3904 5054 892 
7378 393 5217 4760 
7379 944 4111 3906 
7380 950 4829 3839 
7381 3870 5208 948 
7382 400 4988 3838 
7383 438 4717 3908 
7384 408 5202 5044 
7385 947 4777 3870 
7386 3981 5055 912 
7387 3964 5014 486 
7388 389 5193 3975 
7389 420 4979 3928 
7390 895 5211 4963 
7391 403 4848 3871 
7392 3872 5207 442 
7393 417 4902 3835 
7394 888 5079 3869 
7395 3867 5220 367 
7396 3934 5137 482 
7397 3968 5053 916 
7398 414 4868 3874 
7399 953 5015 3930 
7400 3997 5191 497 
7401 358 4432 3901 
7402 406 4765 3907 
7403 478 4786 3828 
7404 3996 5006 499 
7405 4002 4980 874 
7406 3835 5404 418 
7407 472 5376 3873 
7408 3905 5199 897 
7409 503 5371 3831 
7410 3828 5406 479 
7411 391 5000 3935 
7412 955 4975 3961 
7413 3839 5403 951 
7414 3829 5227 395 
7415 941 4754 3960 
7416 3913 5385 412 
7417 11 5228 4002 
7418 394 4760 3829 
7419 3965 5223 8 
7420 939 5215 3912 
7421 3962 5211 894 
7422 891 5370 3904 
7423 3960 5203 942 
7424 3864 5222 356 
7425 3902 5216 364 
7426 4001 5228 914 
7427 3838 5210 401 
7428 946 5396 4777 
7429 9 5224 4786 
7430 355 5070 3864 
7431 3874 5195 415 
7432 3865 5224 518 
7433 435 5084 3967 
7434 405 5188 4765 
7435 3930 4975 954 
7436 3912 4754 940 
7437 6 5227 5070 
7438 3931 5198 398 
7439 3871 5188 404 
7440 3975 5000 390 
7441 917 5053 3969 
7442 443 5207 4887 
7443 494 5328 3998 
7444 875 4980 4003 
7445 444 4887 3837 
7446 357 5222 4432 
7447 500 5006 3933 
7448 4005 5084 434 
7449 506 5997 3866 
7450 416 5195 4902 
7451 3907 5202 407 
7452 896 4963 3905 
7453 402 5210 4848 
7454 902 5377 3833 
7455 409 5044 3993 
7456 372 4945 3932 
7457 893 5054 3962 
7458 483 5137 3963 
7459 3976 5193 388 
7460 4000 5196 926 
7461 3906 5396 945 
7462 485 4849 3964 
7463 477 4894 3965 
7464 3837 5189 445 
7465 399 5198 4988 
7466 952 5403 5015 
7467 913 5055 4001 
7468 487 5014 3973 
7469 909 5131 3980 
7470 3983 5968 492 
7471 413 5385 4868 
7472 437 5223 4717 
7473 943 5203 4111 
7474 498 5191 3996 
7475 3830 5221 370 
7476 3935 5217 392 
7477 509 5010 3903 
7478 365 5216 4949 
7479 446 5189 4411 
7480 419 5404 4979 
7481 480 5406 5035 
7482 361 5078 3958 
7483 3901 5400 359 
7484 475 5213 3909 
7485 915 5144 3968 
7486 880 5369 3972 
7487 921 4954 3971 
7488 949 5208 4829 
7489 450 5135 3991 
7490 429 5138 4007 
7491 368 5220 4780 
7492 3936 5405 448 
7493 907 5050 3974 
7494 927 5196 4881 
7495 930 5130 3929 
7496 919 5204 3970 
7497 440 5214 4855 
7498 337 6714 336 
7499 5610 5612 5607 
7500 4132 7070 4131 
7501 4404 5031 3966 
7502 6243 6902 6379 
7503 6416 6532 4748 
7504 5375 7187 5373 
7505 5549 6931 5563 
7506 6452 6796 6332 
7507 4379 6652 4380 
7508 6777 6811 4578 
7509 6294 6576 5030 
7510 4246 4289 4248 
7511 4499 4576 4514 
7512 4509 6138 5511 
7513 4818 7096 4825 
7514 5174 6820 5128 
7515 5395 6501 5363 
7516 4930 7087 4925 
7517 6718 7129 6543 
7518 5454 5466 5456 
7519 4724 6721 6145 
7520 5587 5825 5824 
7521 5045 6088 3993 
7522 4568 6034 6033 
7523 6484 6491 6197 
7524 5485 5486 5484 
7525 5129 5159 3977 
7526 4931 4936 4935 
7527 5157 6201 3981 
7528 5294 5301 3984 
7529 5303 6997 6334 
7530 4187 7177 5429 
7531 339 4107 338 
7532 269 4106 268 
7533 4368 4372 4365 
7534 5628 5630 5625 
7535 5298 5349 4330 
7536 5338 5365 4317 
7537 4516 7051 4517 
7538 3929 5232 5219 
7539 4558 5258 4473 
7540 5008 5439 5007 
7541 5056 6201 5065 
7542 5766 6974 5762 
7543 5007 6451 3933 
7544 4150 6951 4238 
7545 5320 5409 5255 
7546 4668 6773 6513 
7547 5697 5700 5696 
7548 5286 6052 6051 
7549 4504 7218 4477 
7550 4406 6794 4410 
7551 3979 5177 4785 
7552 3959 5141 5139 
7553 4202 7104 4203 
7554 4324 6930 4200 
7555 6063 7155 5851 
7556 4204 7104 6856 
7557 4623 6439 6093 
7558 4348 7036 4337 
7559 5719 6676 6027 
7560 5092 5095 5093 
7561 6165 7210 4395 
7562 4871 5982 5410 
7563 3973 5234 5164 
7564 4587 7241 6546 
7565 6107 6110 6108 
7566 5275 7304 4108 
7567 5427 6837 5425 
7568 6392 6474 4659 
7569 3956 6289 5373 
7570 6690 6879 4259 
7571 5112 5119 5118 
7572 321 4665 4110 
7573 5526 5529 5527 
7574 5254 5255 5253 
7575 4742 6446 4745 
7576 5695 5696 5694 
7577 5467 6808 4189 
7578 4159 5448 4163 
7579 4465 6090 4450 
7580 3953 6183 6006 
7581 4189 7184 4171 
7582 4450 6090 4452 
7583 4195 7116 4197 
7584 6119 6236 5646 
7585 5846 6686 6476 
7586 4255 6523 5293 
7587 4696 7225 4693 
7588 4553 6127 4556 
7589 5796 5817 5816 
7590 5564 6125 5780 
7591 4642 6651 4640 
7592 5562 6942 5560 
7593 4774 6525 4776 
7594 4628 7112 6116 
7595 5790 7147 6365 
7596 4189 6688 5467 
7597 4580 7246 4470 
7598 4389 6766 5498 
7599 5980 6352 4581 
7600 5162 7163 4580 
7601 6281 6495 3816 
7602 4317 6143 5335 
7603 5397 5398 4573 
7604 6586 6798 5611 
7605 5809 7052 5999 
7606 4579 6903 5806 
7607 7201 7218 4504 
7608 4847 6935 5376 
7609 5362 6008 4502 
7610 4679 6941 5377 
7611 4323 7104 6557 
7612 4365 4372 4367 
7613 4482 6551 4481 
7614 4146 4148 4147 
7615 4153 7190 4117 
7616 5402 7051 4575 
7617 6473 7161 4391 
7618 5390 5419 4464 
7619 6493 6527 4995 
7620 4911 7176 6500 
7621 4540 7301 5348 
7622 5657 7136 5571 
7623 6108 6110 5185 
7624 4464 7249 4463 
7625 5335 5338 4317 
7626 5157 6202 6201 
7627 4098 6034 318 
7628 4253 4259 4251 
7629 5173 6635 4779 
7630 5589 7281 6624 
7631 5790 6778 5789 
7632 4659 7082 6944 
7633 5498 5499 5496 
7634 4494 4499 4496 
7635 4940 7231 4939 
7636 4461 4464 4463 
7637 6418 6419 4892 
7638 6362 7137 6437 
7639 4270 6851 5172 
7640 4913 7172 4912 
7641 5241 6592 6145 
7642 5291 5475 4664 
7643 5756 7129 6718 
7644 6068 7049 342 
7645 4131 6629 4129 
7646 4507 4657 4462 
7647 4611 6251 4582 
7648 5706 7198 5704 
7649 6021 6022 5418 
7650 4131 6962 4304 
7651 4142 4143 4140 
7652 4514 7122 4499 
7653 5421 6641 6143 
7654 4820 7096 4819 
7655 4692 6922 4691 
7656 4685 6788 4700 
7657 6472 7240 6716 
7658 4958 5180 4959 
7659 4598 4600 4599 
7660 5041 5262 5037 
7661 4563 7137 5807 
7662 4546 6844 5353 
7663 4605 6821 4604 
7664 4157 6830 4155 
7665 4884 6182 4885 
7666 6338 6767 4237 
7667 3957 6054 5359 
7668 4591 7217 4535 
7669 4728 7076 4730 
7670 4499 4500 4496 
7671 5145 6228 6075 
7672 5424 5425 5422 
7673 6079 7281 5593 
7674 5583 5584 5582 
7675 5509 5512 5511 
7676 5361 6059 3957 
7677 4511 4549 4548 
7678 4461 5390 4464 
7679 4354 6855 4352 
7680 4929 6488 5142 
7681 4598 7159 4596 
7682 4798 6965 4814 
7683 5287 6875 4095 
7684 5141 5142 5139 
7685 4576 6064 4577 
7686 6719 6949 5738 
7687 4883 6510 5330 
7688 5869 5890 4076 
7689 5254 6295 5256 
7690 4589 6783 5433 
7691 3932 5310 5309 
7692 5012 5308 3903 
7693 6557 7059 4323 
7694 4922 7209 4921 
7695 4695 6775 5267 
7696 3971 5179 5028 
7697 5865 6716 6288 
7698 5489 5490 5488 
7699 6020 6917 6019 
7700 5658 7287 6398 
7701 4539 7167 5321 
7702 5576 7024 5575 
7703 5097 7237 5093 
7704 4651 6401 5280 
7705 5151 6274 4000 
7706 5647 6237 5465 
7707 4807 7193 4806 
7708 5334 6692 5336 
7709 5601 6338 5600 
7710 5465 6431 6071 
7711 4187 6534 6149 
7712 377 6325 378 
7713 4125 7047 5183 
7714 4563 7201 4504 
7715 5684 5698 5687 
7716 5712 6412 5711 
7717 4491 6008 4489 
7718 4144 6497 4143 
7719 4406 4409 4408 
7720 4027 5925 5454 
7721 4170 6022 4168 
7722 6340 6801 4639 
7723 6863 7133 4509 
7724 5279 5357 5278 
7725 4217 7095 4233 
7726 5462 5465 5463 
7727 4464 5419 4664 
7728 4107 6875 5287 
7729 5838 6387 5641 
7730 6864 7282 4566 
7731 5663 5957 3881 
7732 6064 6934 4508 
7733 4354 4357 4356 
7734 6499 6859 6761 
7735 4612 7197 4557 
7736 6344 6500 4663 
7737 5243 7095 5242 
7738 4505 4511 4510 
7739 5568 5847 4070 
7740 5831 6976 6434 
7741 4361 4362 4360 
7742 5577 5578 5576 
7743 4594 6738 5310 
7744 4273 4332 4280 
7745 5411 5412 4176 
7746 5991 5996 4086 
7747 6216 7181 4283 
7748 4864 5249 4860 
7749 5286 5288 4333 
7750 4257 6959 5367 
7751 4723 4727 4725 
7752 6469 6846 5995 
7753 5533 5534 4668 
7754 5315 6763 6762 
7755 5336 5340 5339 
7756 4817 4819 4818 
7757 5410 6711 5079 
7758 4711 6345 5246 
7759 5065 5068 5060 
7760 5985 6378 4928 
7761 6596 7039 4138 
7762 5266 5267 5156 
7763 4242 6999 4240 
7764 4019 6532 6416 
7765 6216 6900 5671 
7766 4550 4551 4549 
7767 4654 7157 6509 
7768 6129 6131 4093 
7769 4730 7076 4731 
7770 4921 6904 4920 
7771 5136 5325 5324 
7772 5097 6958 5117 
7773 4711 5350 4713 
7774 4238 6915 4150 
7775 5619 6985 4628 
7776 4737 7219 4743 
7777 4309 4311 4310 
7778 5475 6877 4910 
7779 4551 4554 4553 
7780 5277 7151 5276 
7781 4813 7042 4809 
7782 5671 6900 5672 
7783 6803 7107 4571 
7784 4637 7140 4636 
7785 4497 7092 4544 
7786 4539 4543 4541 
7787 5501 6588 5728 
7788 4515 4516 4465 
7789 6932 7055 4567 
7790 6972 6976 4396 
7791 5448 5983 4298 
7792 4772 7040 6249 
7793 5354 5355 4501 
7794 4283 7297 6900 
7795 5613 6798 4564 
7796 5735 5879 3888 
7797 5321 7307 4539 
7798 6620 7319 6462 
7799 6043 7278 6259 
7800 4888 5218 4890 
7801 5987 6444 5989 
7802 4304 6962 6279 
7803 4133 7070 4132 
7804 4398 5219 4400 
7805 292 7187 5375 
7806 6392 6943 5795 
7807 6232 7100 5613 
7808 6298 6772 5265 
7809 6083 6084 5731 
7810 6033 6928 4592 
7811 5994 6158 5992 
7812 4860 5249 4862 
7813 5971 6247 4863 
7814 4808 4809 4807 
7815 5292 5635 4637 
7816 4314 6693 6211 
7817 6718 6819 6139 
7818 5916 6304 6303 
7819 5495 5496 5494 
7820 5686 5698 5684 
7821 5581 5582 5580 
7822 4470 7246 4468 
7823 6246 7077 6247 
7824 5771 6953 5768 
7825 5020 5982 5302 
7826 4100 6242 5270 
7827 5209 6635 5446 
7828 4612 6305 4624 
7829 5438 6222 4818 
7830 5625 5871 3856 
7831 4246 4247 4245 
7832 5060 5068 5062 
7833 5711 6412 5714 
7834 4229 4292 4230 
7835 5230 7280 4383 
7836 5190 6667 6235 
7837 5607 5875 3885 
7838 4474 4480 4472 
7839 6139 7204 6718 
7840 4420 5231 4422 
7841 5253 5409 4302 
7842 4511 4550 4549 
7843 6563 6990 5602 
7844 5754 5883 3922 
7845 4358 7154 4357 
7846 5293 6857 4255 
7847 5723 6561 4303 
7848 5996 6158 5609 
7849 4517 7200 4518 
7850 4203 7104 4204 
7851 4019 6117 290 
7852 5262 6559 4872 
7853 4172 5411 4176 
7854 4739 6660 4740 
7855 5153 6728 6471 
7856 4551 7228 4549 
7857 4812 5239 5234 
7858 4678 6709 4681 
7859 5398 6533 5399 
7860 6686 6967 4622 
7861 4277 5920 5919 
7862 4128 7248 4127 
7863 5312 6643 5039 
7864 4204 4206 4205 
7865 4145 6049 5409 
7866 4104 6776 5229 
7867 5722 5724 4236 
7868 4582 6656 4518 
7869 4560 7313 4449 
7870 4575 7143 5296 
7871 313 6059 312 
7872 862 5661 3881 
7873 4245 7189 4244 
7874 5324 5325 5102 
7875 5928 7018 6715 
7876 5984 7015 4242 
7877 5415 6630 5418 
7878 4874 6579 5251 
7879 5531 6513 5527 
7880 3951 6501 5290 
7881 6080 7182 4103 
7882 4565 7179 4566 
7883 5470 6036 698 
7884 5007 6631 6451 
7885 5807 7052 5808 
7886 5375 6835 292 
7887 4822 6859 4819 
7888 4346 6606 4126 
7889 4106 7165 6273 
7890 698 6036 699 
7891 6333 7250 4713 
7892 5769 5771 5768 
7893 4502 6008 4491 
7894 4166 4385 4169 
7895 4349 4350 4348 
7896 5780 5781 5564 
7897 5716 6026 597 
7898 597 6026 598 
7899 4129 7248 4128 
7900 590 6056 591 
7901 655 6065 656 
7902 792 6069 793 
7903 696 6441 3946 
7904 5710 6056 590 
7905 4805 6478 5319 
7906 4489 6008 5354 
7907 4333 5288 4332 
7908 5886 6065 655 
7909 5518 6069 792 
7910 4176 6022 4170 
7911 4168 6022 6021 
7912 5436 6186 4137 
7913 4696 6206 4697 
7914 6143 7015 5423 
7915 4538 4539 4526 
7916 5936 6778 5790 
7917 4818 6975 4817 
7918 3957 6059 313 
7919 5690 7260 5699 
7920 4265 4268 4267 
7921 5128 5129 3977 
7922 5792 5799 5797 
7923 6020 7314 6917 
7924 4705 4706 3902 
7925 6183 6280 6003 
7926 4827 5438 3983 
7927 5148 5294 3984 
7928 4013 6257 6017 
7929 3819 5884 5681 
7930 4487 5354 4501 
7931 644 5637 3891 
7932 828 5614 4033 
7933 815 5752 3922 
7934 714 5773 4065 
7935 761 5566 4070 
7936 648 5833 3879 
7937 614 5942 3816 
7938 868 5899 4059 
7939 749 5909 4078 
7940 733 5938 3818 
7941 630 5879 4050 
7942 857 5732 3857 
7943 870 5951 3921 
7944 5302 6834 5303 
7945 4197 7116 4198 
7946 4652 5280 5279 
7947 4533 6739 4594 
7948 5592 7017 5588 
7949 6649 7177 5431 
7950 6058 6267 5119 
7951 5900 5926 5902 
7952 4127 7071 5182 
7953 5082 5083 4010 
7954 3928 6845 6294 
7955 5591 6537 5590 
7956 5614 5617 4033 
7957 4273 6827 4275 
7958 5262 7269 884 
7959 4889 7268 935 
7960 4959 7270 513 
7961 4399 7267 932 
7962 5251 7266 468 
7963 5140 7271 424 
7964 6266 6461 6267 
7965 632 5903 3914 
7966 5104 7232 5101 
7967 4142 6049 4145 
7968 4376 7221 5179 
7969 5920 6955 5448 
7970 6860 7189 4318 
7971 5290 7044 6263 
7972 4708 4709 3913 
7973 5032 5034 3931 
7974 5502 5840 742 
7975 5891 6555 5561 
7976 6161 6514 5161 
7977 4810 7056 5239 
7978 4938 4940 4939 
7979 5052 5440 5051 
7980 5003 5005 5001 
7981 354 4105 353 
7982 254 4104 253 
7983 4879 6266 4880 
7984 4465 7313 4515 
7985 5648 6171 3915 
7986 5030 5141 3959 
7987 5176 5177 3979 
7988 5895 5930 5893 
7989 6628 6629 4304 
7990 824 5977 4032 
7991 716 6081 717 
7992 835 6095 836 
7993 554 6096 555 
7994 608 6137 609 
7995 727 6125 728 
7996 543 6101 544 
7997 5740 5941 5742 
7998 5580 7168 5581 
7999 4157 7045 4281 
8000 4230 6481 4227 
8001 5958 6153 4089 
8002 6160 6436 4571 
8003 6146 6408 5895 
8004 4403 4404 3966 
8005 5658 6398 4584 
8006 5254 5256 5255 
8007 4108 5245 303 
8008 5828 6194 3917 
8009 5590 5593 5589 
8010 5883 6245 817 
8011 6560 6615 4783 
8012 4173 4175 4174 
8013 4147 6963 4387 
8014 4851 6548 4850 
8015 5209 5446 4830 
8016 4956 5974 4955 
8017 4474 7274 4498 
8018 693 6129 694 
8019 563 6122 564 
8020 718 6113 719 
8021 581 6111 582 
8022 729 6169 730 
8023 556 6135 557 
8024 538 6118 539 
8025 776 6079 777 
8026 682 6141 683 
8027 592 6175 593 
8028 4500 6896 4496 
8029 4923 7086 4932 
8030 5676 5939 4085 
8031 4146 4147 4144 
8032 5345 6337 4408 
8033 5719 6026 5716 
8034 705 5991 4086 
8035 4900 5449 4895 
8036 5267 6672 5156 
8037 5141 6327 4929 
8038 4555 7244 4553 
8039 5409 6049 4302 
8040 4142 4144 4143 
8041 5180 5181 4959 
8042 4372 4373 4367 
8043 704 5991 705 
8044 683 6141 5905 
8045 557 6135 5955 
8046 694 6129 4093 
8047 730 6169 5545 
8048 593 6175 3863 
8049 719 6113 5729 
8050 582 6111 4090 
8051 539 6118 3820 
8052 777 6079 3817 
8053 5300 6630 3949 
8054 5290 6806 3951 
8055 5891 6409 724 
8056 4199 6838 4194 
8057 4346 6316 6163 
8058 4668 6513 5533 
8059 4824 7138 6805 
8060 4712 4714 4709 
8061 4539 4540 4526 
8062 4966 6736 6518 
8063 5473 6036 5470 
8064 302 5245 4101 
8065 4245 6590 6518 
8066 3820 6118 5646 
8067 823 5977 824 
8068 4627 5172 4632 
8069 4693 6922 4692 
8070 4391 7161 6950 
8071 5931 6030 4074 
8072 884 7269 885 
8073 513 7270 514 
8074 935 7268 936 
8075 932 7267 933 
8076 424 7271 425 
8077 468 7266 469 
8078 4115 4279 4113 
8079 4451 6404 4448 
8080 4620 6836 6520 
8081 4122 4126 4125 
8082 5067 5277 5276 
8083 5875 6300 709 
8084 805 5898 4087 
8085 5543 6095 835 
8086 5892 6137 608 
8087 5848 6081 716 
8088 5758 6096 554 
8089 5780 6125 727 
8090 5940 6101 543 
8091 3861 6074 5775 
8092 5412 5413 4176 
8093 6054 6360 5360 
8094 5818 6558 5808 
8095 569 5784 3894 
8096 5325 6763 5102 
8097 5541 6018 4049 
8098 4907 4908 4904 
8099 4833 4834 4831 
8100 4566 7208 4615 
8101 7160 7217 4590 
8102 5360 6710 6339 
8103 6325 6326 4662 
8104 4318 7189 6518 
8105 4259 6879 6847 
8106 707 5605 3885 
8107 4416 4417 4414 
8108 6017 6257 6016 
8109 4126 6606 4128 
8110 5841 5880 668 
8111 3958 7114 4704 
8112 5205 5299 4316 
8113 4215 7196 4213 
8114 4461 4463 4462 
8115 861 5661 862 
8116 4030 5334 5333 
8117 6140 6342 3999 
8118 5871 6323 536 
8119 5354 5356 5355 
8120 5753 6241 5755 
8121 4891 6853 6741 
8122 5263 6818 5265 
8123 5264 6772 5451 
8124 4436 4559 4434 
8125 5803 6437 5805 
8126 5354 6008 5356 
8127 697 5470 698 
8128 4141 6049 4142 
8129 4292 4326 4293 
8130 6181 6909 5686 
8131 4550 6292 4551 
8132 695 6441 696 
8133 905 7207 3927 
8134 5027 6517 5394 
8135 4880 6266 5434 
8136 4265 7031 4382 
8137 6110 6858 5184 
8138 6088 6345 4711 
8139 5021 6334 5022 
8140 5413 6022 4176 
8141 4791 4792 4788 
8142 6050 7033 5194 
8143 4550 7041 6292 
8144 4506 6404 4451 
8145 834 5543 835 
8146 791 5518 792 
8147 643 5637 644 
8148 799 5813 800 
8149 741 5502 742 
8150 827 5614 828 
8151 806 5929 807 
8152 607 5892 608 
8153 553 5758 554 
8154 715 5848 716 
8155 713 5773 714 
8156 816 5883 817 
8157 760 5566 761 
8158 561 5853 562 
8159 589 5710 590 
8160 708 5875 709 
8161 814 5752 815 
8162 568 5784 569 
8163 654 5886 655 
8164 604 5728 605 
8165 723 5891 724 
8166 647 5833 648 
8167 770 5824 771 
8168 535 5871 536 
8169 734 5862 735 
8170 756 5747 757 
8171 596 5716 597 
8172 550 5819 551 
8173 871 5889 872 
8174 613 5942 614 
8175 860 5660 861 
8176 680 5878 681 
8177 633 5908 634 
8178 752 5826 753 
8179 748 5909 749 
8180 732 5938 733 
8181 856 5732 857 
8182 637 5842 638 
8183 726 5780 727 
8184 572 5933 573 
8185 629 5879 630 
8186 869 5951 870 
8187 867 5899 868 
8188 542 5940 543 
8189 687 5939 688 
8190 4109 7010 6302 
8191 4273 4280 4272 
8192 4534 7160 4533 
8193 5356 6008 5362 
8194 5893 5930 531 
8195 5323 6552 4537 
8196 4585 6718 6543 
8197 5117 7237 5097 
8198 4258 6669 6602 
8199 3953 6280 6183 
8200 5947 6264 4092 
8201 4920 6904 4918 
8202 6000 6004 6001 
8203 6955 7037 4163 
8204 4615 7208 4616 
8205 5632 5922 5634 
8206 5418 6022 5413 
8207 6659 7288 4109 
8208 4058 6369 5943 
8209 4268 4272 4267 
8210 5914 6132 4084 
8211 5308 6889 4961 
8212 5309 6890 4854 
8213 6298 6562 846 
8214 4943 7231 4940 
8215 4203 4232 4201 
8216 4456 6000 4475 
8217 3881 5957 863 
8218 4061 5917 559 
8219 4071 5874 766 
8220 4034 5821 802 
8221 3920 5946 522 
8222 3816 6078 615 
8223 4084 6132 691 
8224 4046 5872 524 
8225 624 6173 3876 
8226 4064 5810 851 
8227 619 5791 3852 
8228 4070 5847 762 
8229 788 5659 3847 
8230 4075 6106 579 
8231 4092 6372 702 
8232 3817 5783 778 
8233 3876 5931 625 
8234 3859 5949 832 
8235 612 5622 4058 
8236 4083 6094 821 
8237 4035 5800 797 
8238 785 5643 3941 
8239 4076 5890 528 
8240 601 5476 4066 
8241 600 6335 5476 
8242 666 5746 3947 
8243 3877 5881 768 
8244 571 6123 4082 
8245 576 5740 3923 
8246 850 5621 4064 
8247 745 5541 4049 
8248 677 5900 4081 
8249 660 5679 4062 
8250 839 5632 3943 
8251 541 5644 4045 
8252 651 5665 4063 
8253 820 5748 4083 
8254 796 5792 4035 
8255 3923 5924 577 
8256 3917 6432 641 
8257 4081 5843 678 
8258 4088 6112 810 
8259 595 6429 4051 
8260 769 5881 4052 
8261 4090 6047 583 
8262 622 5594 4038 
8263 669 5880 3849 
8264 731 5545 4068 
8265 813 5850 4091 
8266 521 5923 3920 
8267 3820 5644 540 
8268 720 5729 4056 
8269 3878 5541 744 
8270 751 5811 3916 
8271 3821 6120 853 
8272 831 5876 3859 
8273 759 5648 3915 
8274 575 5941 5740 
8275 3819 5679 659 
8276 849 5927 5621 
8277 679 5843 3860 
8278 578 5924 4075 
8279 838 5922 5632 
8280 532 5930 4073 
8281 636 5864 3918 
8282 529 5890 3880 
8283 658 5884 3819 
8284 642 6432 4047 
8285 4078 5811 750 
8286 798 5800 3862 
8287 755 5873 3919 
8288 3863 6429 594 
8289 779 5783 4031 
8290 833 5949 4036 
8291 690 5912 4084 
8292 640 5828 3917 
8293 547 5925 4027 
8294 795 5799 5792 
8295 626 5931 4074 
8296 665 5945 5746 
8297 712 6074 3861 
8298 809 5801 4088 
8299 784 5953 5643 
8300 525 5872 3892 
8301 803 5821 3886 
8302 676 5926 5900 
8303 4038 6173 623 
8304 763 5847 3889 
8305 852 5810 3821 
8306 701 5947 4092 
8307 560 5917 3858 
8308 767 5874 3877 
8309 523 5946 4046 
8310 558 5955 4061 
8311 684 5905 3884 
8312 586 5958 4089 
8313 864 5957 4042 
8314 618 5965 5791 
8315 5109 5110 5108 
8316 5492 6596 5163 
8317 842 6225 3850 
8318 5707 7198 5706 
8319 4379 7286 4370 
8320 5311 6504 4428 
8321 631 5903 632 
8322 4257 6669 4258 
8323 6190 6402 5902 
8324 5392 6328 3954 
8325 5819 6394 551 
8326 4430 4431 4427 
8327 5767 5769 5768 
8328 5557 7311 5558 
8329 4278 6017 6015 
8330 4843 4847 4841 
8331 6000 6001 4475 
8332 6581 6929 4656 
8333 5256 5319 5255 
8334 3941 5954 786 
8335 787 5954 5659 
8336 6471 6728 4936 
8337 5022 5023 5018 
8338 4272 6067 4278 
8339 5246 5350 4711 
8340 688 5939 3896 
8341 5516 7256 5514 
8342 4556 7241 4555 
8343 4378 6993 6255 
8344 772 5825 3853 
8345 5313 6502 4676 
8346 4271 6035 4260 
8347 6304 7167 5322 
8348 5790 6365 5936 
8349 4183 6021 4335 
8350 4678 4679 4675 
8351 743 5840 3878 
8352 3879 6187 649 
8353 650 6187 5665 
8354 5412 5414 5413 
8355 5845 5878 3860 
8356 5713 6056 5710 
8357 5660 5661 861 
8358 4454 6000 4456 
8359 5363 6059 5361 
8360 5637 6388 3891 
8361 5417 6248 4015 
8362 6015 6037 4278 
8363 5356 5359 5355 
8364 534 5623 3856 
8365 4393 6035 4271 
8366 6607 6769 6608 
8367 4670 6702 5281 
8368 4171 4173 4172 
8369 4940 5088 4943 
8370 5300 6353 4334 
8371 4251 6585 4249 
8372 5965 6285 5791 
8373 5600 5603 5598 
8374 5864 6287 3918 
8375 5301 6848 4876 
8376 4167 6021 4183 
8377 5399 6533 4654 
8378 4221 6185 4219 
8379 4136 6186 4139 
8380 4260 6035 4256 
8381 6983 7195 6961 
8382 6001 6002 4475 
8383 5319 5320 5255 
8384 5250 7065 4542 
8385 5147 5149 5148 
8386 6395 6728 5153 
8387 5310 6754 4594 
8388 5921 6225 841 
8389 5414 5415 5413 
8390 5303 6334 5021 
8391 4198 4339 4325 
8392 4222 6042 6041 
8393 5356 5361 5359 
8394 5359 5360 5355 
8395 696 3946 697 
8396 4458 6038 4460 
8397 4226 6041 4234 
8398 4173 4174 4172 
8399 5402 7061 4573 
8400 6002 6039 6038 
8401 4234 6041 5988 
8402 4745 6445 4744 
8403 4460 6038 5391 
8404 6001 6003 6002 
8405 5791 6286 3852 
8406 4475 6038 4458 
8407 4244 5365 4246 
8408 4223 6041 4226 
8409 6002 6038 4475 
8410 5414 5416 5415 
8411 5415 5418 5413 
8412 5356 5362 5361 
8413 4267 6037 4263 
8414 6041 6042 5988 
8415 4263 6037 4261 
8416 5362 5363 5361 
8417 6042 6043 5988 
8418 4269 6037 6015 
8419 4503 6044 4495 
8420 5362 5395 5363 
8421 6038 6039 5391 
8422 4570 6044 4503 
8423 4495 6044 4493 
8424 6039 6040 5391 
8425 4569 5290 4570 
8426 4569 4570 4503 
8427 4544 4569 4503 
8428 4234 5988 5987 
8429 5987 5989 5986 
8430 4497 4544 4503 
8431 4394 4395 4393 
8432 4234 5987 5986 
8433 4497 4503 4495 
8434 4460 5391 5390 
8435 6015 6017 6016 
8436 4392 4394 4393 
8437 4234 5986 4229 
8438 4496 4497 4495 
8439 4461 4462 4459 
8440 4460 5390 4461 
8441 4392 4393 4271 
8442 4265 4267 4263 
8443 4264 4266 4265 
8444 6015 6016 4344 
8445 4226 4234 4229 
8446 4494 4496 4495 
8447 4460 4461 4459 
8448 4269 6015 4344 
8449 4264 4265 4263 
8450 4344 4392 4271 
8451 4227 4228 4225 
8452 4226 4229 4227 
8453 4494 4495 4493 
8454 4493 6044 4502 
8455 4172 4176 4170 
8456 4335 5300 4334 
8457 5252 5253 4302 
8458 4321 5178 4320 
8459 4301 5392 5252 
8460 4458 4460 4459 
8461 6005 6007 6006 
8462 4262 4264 4263 
8463 4269 4344 4271 
8464 4226 4227 4225 
8465 4492 4494 4493 
8466 4493 4502 4491 
8467 4183 4335 4334 
8468 4171 4172 4170 
8469 4301 5252 4302 
8470 4300 4321 4320 
8471 6005 6006 6004 
8472 4458 4459 4457 
8473 4456 4475 4458 
8474 4269 4271 4260 
8475 4262 4263 4261 
8476 4261 6037 4269 
8477 4223 4226 4225 
8478 4257 4258 4256 
8479 4492 4493 4491 
8480 4169 4171 4170 
8481 4183 4334 4329 
8482 4301 4302 4162 
8483 4300 4320 4299 
8484 4456 4458 4457 
8485 4479 6005 6004 
8486 4302 6049 4162 
8487 4258 4262 4261 
8488 4261 4269 4260 
8489 4130 4178 4132 
8490 4223 4225 4224 
8491 4557 7241 4556 
8492 4254 4257 4256 
8493 4490 4492 4491 
8494 4169 4170 4168 
8495 4183 4329 4177 
8496 4683 6899 6849 
8497 4151 4300 4299 
8498 4299 4301 4162 
8499 4479 6004 6000 
8500 4456 4457 4455 
8501 4704 5162 4705 
8502 4258 4261 4260 
8503 671 5885 4048 
8504 4223 4224 4220 
8505 4222 6041 4223 
8506 4149 6478 4296 
8507 4490 4491 4489 
8508 3946 5470 697 
8509 4166 4169 4168 
8510 4168 6021 4167 
8511 4167 4183 4177 
8512 5731 6777 6191 
8513 4151 4299 4162 
8514 4454 4456 4455 
8515 4479 6000 4454 
8516 4182 7103 4181 
8517 4508 6934 4492 
8518 4258 4260 4256 
8519 5373 5374 5372 
8520 4751 5375 5373 
8521 5905 6141 5907 
8522 5407 6958 5104 
8523 4222 4223 4220 
8524 4489 5354 4487 
8525 4488 4490 4489 
8526 4166 4168 4167 
8527 4167 4177 4165 
8528 4256 6035 4255 
8529 5558 7149 5562 
8530 5324 5387 5154 
8531 777 3817 778 
8532 744 5541 745 
8533 787 5659 788 
8534 759 3915 760 
8535 812 5850 813 
8536 832 5949 833 
8537 855 4043 856 
8538 802 5821 803 
8539 820 4083 821 
8540 837 5922 838 
8541 850 4064 851 
8542 790 4037 791 
8543 785 3941 786 
8544 797 5800 798 
8545 751 3916 752 
8546 765 4071 766 
8547 763 3889 764 
8548 611 5622 612 
8549 619 3852 620 
8550 768 5881 769 
8551 585 5958 586 
8552 650 5665 651 
8553 853 6120 854 
8554 866 3893 867 
8555 769 4052 770 
8556 720 4056 721 
8557 525 3892 526 
8558 599 6335 600 
8559 755 3919 756 
8560 784 5643 785 
8561 731 4068 732 
8562 679 3860 680 
8563 730 5545 731 
8564 778 5783 779 
8565 614 3816 615 
8566 635 5864 636 
8567 740 4057 741 
8568 529 3880 530 
8569 594 6429 595 
8570 574 5941 575 
8571 646 4067 647 
8572 862 3881 863 
8573 666 3947 667 
8574 675 5926 676 
8575 725 3945 726 
8576 824 4032 825 
8577 557 5955 558 
8578 839 3943 840 
8579 527 4076 528 
8580 624 3876 625 
8581 626 4074 627 
8582 749 4078 750 
8583 547 4027 548 
8584 690 4084 691 
8585 576 3923 577 
8586 809 4088 810 
8587 623 6173 624 
8588 579 6106 580 
8589 571 4082 572 
8590 621 5594 622 
8591 628 3888 629 
8592 549 3851 550 
8593 694 4093 695 
8594 711 6074 712 
8595 868 4059 869 
8596 641 6432 642 
8597 801 4034 802 
8598 546 5925 547 
8599 684 3884 685 
8600 733 3818 734 
8601 844 4026 845 
8602 521 3920 522 
8603 524 5872 525 
8604 615 6078 616 
8605 665 5746 666 
8606 676 5900 677 
8607 842 3850 843 
8608 531 5930 532 
8609 606 3942 607 
8610 767 3877 768 
8611 660 4062 661 
8612 640 3917 641 
8613 677 4081 678 
8614 864 4042 865 
8615 810 6112 811 
8616 754 5873 755 
8617 565 3882 566 
8618 618 5791 619 
8619 532 4073 533 
8620 560 3858 561 
8621 644 3891 645 
8622 714 4065 715 
8623 815 3922 816 
8624 567 4079 568 
8625 520 5923 521 
8626 578 4075 579 
8627 630 4050 631 
8628 794 5799 795 
8629 582 4090 583 
8630 603 3846 604 
8631 691 6132 692 
8632 622 4038 623 
8633 588 3887 589 
8634 651 4063 652 
8635 700 5947 701 
8636 831 3859 832 
8637 552 3944 553 
8638 601 4066 602 
8639 857 3857 858 
8640 707 3885 708 
8641 762 5847 763 
8642 701 4092 702 
8643 830 5876 831 
8644 558 4061 559 
8645 758 5648 759 
8646 819 5748 820 
8647 848 5927 849 
8648 705 4086 706 
8649 796 4035 797 
8650 528 5890 529 
8651 779 4031 780 
8652 795 5792 796 
8653 689 5912 690 
8654 805 4087 806 
8655 658 3819 659 
8656 570 6123 571 
8657 595 4051 596 
8658 747 3890 748 
8659 522 5946 523 
8660 586 4089 587 
8661 849 5621 850 
8662 639 5828 640 
8663 653 3855 654 
8664 657 5884 658 
8665 541 4045 542 
8666 559 5917 560 
8667 600 5476 601 
8668 686 4085 687 
8669 722 3848 723 
8670 671 4048 672 
8671 642 4047 643 
8672 648 3879 649 
8673 539 3820 540 
8674 575 5740 576 
8675 593 3863 594 
8676 719 5729 720 
8677 712 3861 713 
8678 772 3853 773 
8679 669 3849 670 
8680 632 3914 633 
8681 534 3856 535 
8682 540 5644 541 
8683 863 5957 864 
8684 636 3918 637 
8685 577 5924 578 
8686 659 5679 660 
8687 743 3878 744 
8688 852 3821 853 
8689 738 3854 739 
8690 617 5965 618 
8691 702 6372 703 
8692 612 4058 613 
8693 523 4046 524 
8694 668 5880 669 
8695 798 3862 799 
8696 838 5632 839 
8697 683 5905 684 
8698 664 5945 665 
8699 783 5953 784 
8700 761 4070 762 
8701 826 3883 827 
8702 583 6047 584 
8703 870 3921 871 
8704 750 5811 751 
8705 625 5931 626 
8706 833 4036 834 
8707 813 4091 814 
8708 781 6176 782 
8709 803 3886 804 
8710 859 4055 860 
8711 788 3847 789 
8712 851 5810 852 
8713 808 5801 809 
8714 745 4049 746 
8715 828 4033 829 
8716 766 5874 767 
8717 821 6094 822 
8718 678 5843 679 
8719 4089 6411 587 
8720 588 6411 3887 
8721 3898 5929 5803 
8722 4162 6049 4141 
8723 4037 5518 791 
8724 4057 5502 741 
8725 3919 5747 756 
8726 3893 5899 867 
8727 4052 5824 770 
8728 4043 5732 856 
8729 3890 5909 748 
8730 3918 5842 637 
8731 4047 5637 643 
8732 4093 6441 695 
8733 3922 5883 816 
8734 3915 5566 760 
8735 3944 5758 553 
8736 4079 5784 568 
8737 3914 5908 633 
8738 3942 5892 607 
8739 3860 5878 680 
8740 3851 5819 550 
8741 4067 5833 647 
8742 3888 5879 629 
8743 4055 5660 860 
8744 4085 5939 687 
8745 4036 5543 834 
8746 3858 5853 561 
8747 3846 5728 604 
8748 3887 5710 589 
8749 3921 5889 871 
8750 4087 5929 806 
8751 3916 5826 752 
8752 4045 5940 542 
8753 4051 5716 596 
8754 3861 5773 713 
8755 3945 5780 726 
8756 3855 5886 654 
8757 4058 5942 613 
8758 4059 5951 869 
8759 4068 5938 732 
8760 3818 5862 734 
8761 4091 5752 814 
8762 4082 5933 572 
8763 3883 5614 827 
8764 4065 5848 715 
8765 3856 5871 535 
8766 3848 5891 723 
8767 3885 5875 708 
8768 3862 5813 799 
8769 4151 4162 4141 
8770 4530 4532 4531 
8771 4278 6037 4267 
8772 452 3990 453 
8773 907 3974 908 
8774 389 3975 390 
8775 914 5228 11 
8776 475 3909 476 
8777 477 3965 8 
8778 912 5055 913 
8779 482 5137 483 
8780 919 3970 920 
8781 911 3981 912 
8782 469 3836 470 
8783 906 5050 907 
8784 355 3864 356 
8785 915 3968 916 
8786 8 5223 437 
8787 11 4002 874 
8788 885 3832 886 
8789 448 5405 449 
8790 905 3927 906 
8791 454 3989 455 
8792 441 3872 442 
8793 387 3976 388 
8794 940 4754 941 
8795 417 3835 418 
8796 936 3875 937 
8797 364 5216 365 
8798 405 4765 406 
8799 913 4001 914 
8800 369 3830 370 
8801 394 3829 395 
8802 506 3866 507 
8803 517 3865 518 
8804 476 4894 477 
8805 392 5217 393 
8806 363 3902 364 
8807 447 3936 448 
8808 896 3905 897 
8809 487 3973 488 
8810 929 5130 930 
8811 458 3987 459 
8812 439 5214 440 
8813 497 5191 498 
8814 887 5079 888 
8815 450 3991 451 
8816 376 3995 377 
8817 494 3998 495 
8818 427 4010 428 
8819 449 5135 450 
8820 478 3828 479 
8821 946 4777 947 
8822 511 3992 512 
8823 949 4829 950 
8824 945 5396 946 
8825 472 3873 473 
8826 951 5403 952 
8827 952 5015 953 
8828 916 5053 917 
8829 462 3985 463 
8830 899 3868 900 
8831 909 3980 910 
8832 927 4881 928 
8833 409 3993 410 
8834 429 4007 430 
8835 928 4009 929 
8836 492 5968 493 
8837 367 5220 368 
8838 397 3931 398 
8839 464 3984 465 
8840 466 3937 467 
8841 901 5377 902 
8842 428 5138 429 
8843 947 3870 948 
8844 393 4760 394 
8845 434 5084 435 
8846 438 3908 439 
8847 445 5189 446 
8848 953 3930 954 
8849 443 4887 444 
8850 496 3997 497 
8851 414 3874 415 
8852 895 4963 896 
8853 893 3962 894 
8854 943 4111 944 
8855 456 3988 457 
8856 877 4004 878 
8857 437 4717 438 
8858 874 4980 875 
8859 880 3972 881 
8860 374 3994 375 
8861 415 5195 416 
8862 875 4003 876 
8863 419 4979 420 
8864 882 3926 883 
8865 938 5215 939 
8866 442 5207 443 
8867 365 4949 366 
8868 366 3867 367 
8869 391 3935 392 
8870 406 3907 407 
8871 407 5202 408 
8872 425 4011 426 
8873 489 3982 490 
8874 514 3900 515 
8875 890 5370 891 
8876 925 4000 926 
8877 926 5196 927 
8878 944 3906 945 
8879 444 3837 445 
8880 388 5193 389 
8881 908 5131 909 
8882 395 5227 6 
8883 518 5224 9 
8884 955 3961 12 
8885 357 4432 358 
8886 398 5198 399 
8887 471 5376 472 
8888 480 5035 481 
8889 879 5369 880 
8890 917 3969 918 
8891 390 5000 391 
8892 509 3903 510 
8893 402 4848 403 
8894 921 3971 922 
8895 368 4780 369 
8896 440 4855 441 
8897 491 3983 492 
8898 892 5054 893 
8899 371 4945 372 
8900 412 5385 413 
8901 431 4006 432 
8902 950 3839 951 
8903 891 3904 892 
8904 894 5211 895 
8905 433 4005 434 
8906 446 4411 447 
8907 370 5221 371 
8908 411 3913 412 
8909 416 4902 417 
8910 460 3986 461 
8911 474 5213 475 
8912 493 5328 494 
8913 897 5199 898 
8914 930 3929 931 
8915 372 3932 373 
8916 413 4868 414 
8917 403 3871 404 
8918 485 3964 486 
8919 498 3996 499 
8920 404 5188 405 
8921 888 3869 889 
8922 923 3999 924 
8923 933 3834 934 
8924 359 5400 360 
8925 400 3838 401 
8926 408 5044 409 
8927 486 5014 487 
8928 503 3831 504 
8929 948 5208 949 
8930 902 3833 903 
8931 435 3967 436 
8932 954 4975 955 
8933 383 3978 384 
8934 360 5078 361 
8935 381 3979 382 
8936 401 5210 402 
8937 422 3959 423 
8938 483 3963 484 
8939 920 4954 921 
8940 941 3960 942 
8941 499 5006 500 
8942 505 5997 506 
8943 6 5070 355 
8944 7 3966 396 
8945 9 4786 478 
8946 12 5144 915 
8947 420 3928 421 
8948 502 5371 503 
8949 379 4008 380 
8950 939 3912 940 
8951 481 3934 482 
8952 484 4849 485 
8953 500 3933 501 
8954 385 3977 386 
8955 508 5010 509 
8956 358 3901 359 
8957 399 4988 400 
8958 918 5204 919 
8959 418 5404 419 
8960 479 5406 480 
8961 942 5203 943 
8962 356 5222 357 
8963 361 3958 362 
8964 5359 6054 5360 
8965 841 6225 842 
8966 4454 4455 4453 
8967 4452 4479 4454 
8968 4048 6179 672 
8969 6393 6825 5108 
8970 5367 6959 4646 
8971 925 5151 4000 
8972 3972 5312 881 
8973 3836 4838 470 
8974 3868 4673 900 
8975 452 5154 3990 
8976 3993 4707 410 
8977 3979 4785 382 
8978 456 5160 3988 
8979 3937 4874 467 
8980 4004 4425 878 
8981 3992 4958 512 
8982 3903 5308 510 
8983 3833 4884 903 
8984 3967 4402 436 
8985 3832 4869 886 
8986 431 5152 4006 
8987 3973 4837 488 
8988 3933 4987 501 
8989 4003 5311 876 
8990 911 5155 3981 
8991 3929 4398 931 
8992 3966 5031 396 
8993 3873 4997 473 
8994 3900 4420 515 
8995 3869 5016 889 
8996 3831 5285 504 
8997 3958 4704 362 
8998 3988 5158 457 
8999 379 5257 4008 
9000 4008 5080 380 
9001 3990 5089 453 
9002 3986 5120 461 
9003 3982 4826 490 
9004 3987 5305 459 
9005 3998 5123 495 
9006 3926 5037 883 
9007 3984 5301 465 
9008 3866 4721 507 
9009 4011 5081 426 
9010 3971 5028 922 
9011 3834 4888 934 
9012 3985 5147 463 
9013 3928 5029 421 
9014 3994 4852 375 
9015 5199 5313 898 
9016 3932 5309 373 
9017 3978 5127 384 
9018 3875 4968 937 
9019 3959 5139 423 
9020 3977 5159 386 
9021 4006 5134 432 
9022 4751 5373 5372 
9023 725 6409 3945 
9024 786 5954 787 
9025 4219 4222 4220 
9026 5801 6312 4088 
9027 4225 6494 4224 
9028 807 5929 3898 
9029 4103 4665 322 
9030 4411 4413 4412 
9031 4765 4768 4766 
9032 804 5898 805 
9033 5665 5666 4063 
9034 3996 5009 5008 
9035 4902 4905 4903 
9036 3975 5004 5003 
9037 4848 5187 5186 
9038 5051 5132 3974 
9039 5659 6366 3847 
9040 4881 4883 4882 
9041 4882 6046 4009 
9042 5044 5046 5045 
9043 4109 6302 286 
9044 4518 6656 4520 
9045 673 6179 6103 
9046 3927 6024 5052 
9047 4964 4965 3905 
9048 5001 5002 3935 
9049 4988 4990 4989 
9050 5594 5595 4038 
9051 4520 7261 7212 
9052 4412 4414 3936 
9053 4766 4767 3907 
9054 5085 5086 5084 
9055 4278 6067 6017 
9056 4888 4890 4889 
9057 4398 4400 4399 
9058 4050 5903 631 
9059 4488 4489 4487 
9060 742 5840 743 
9061 649 6187 650 
9062 6273 7165 4338 
9063 4159 4163 4160 
9064 4950 4953 3867 
9065 4111 4123 4112 
9066 4717 4720 4718 
9067 4755 4757 4754 
9068 4976 4977 4975 
9069 4761 4762 3829 
9070 5056 5057 4001 
9071 4166 4167 4165 
9072 4254 4256 4255 
9073 4665 6331 4110 
9074 3970 4957 4956 
9075 4903 4904 3835 
9076 4830 4831 3839 
9077 4850 5343 3964 
9078 5701 5705 5700 
9079 3895 5977 823 
9080 673 6103 674 
9081 706 5605 707 
9082 4280 6068 6067 
9083 667 5841 668 
9084 5969 6465 4396 
9085 325 4023 324 
9086 341 4095 340 
9087 323 4103 322 
9088 336 4096 335 
9089 352 4024 351 
9090 350 4014 349 
9091 328 3953 327 
9092 331 3955 330 
9093 289 4099 288 
9094 285 4102 284 
9095 347 3948 346 
9096 314 3957 313 
9097 317 4018 316 
9098 334 4016 333 
9099 280 3952 279 
9100 311 3951 310 
9101 267 4094 266 
9102 283 4022 282 
9103 256 4025 255 
9104 258 4015 257 
9105 261 3949 260 
9106 297 3950 296 
9107 306 4100 305 
9108 272 4097 271 
9109 277 3954 276 
9110 302 4101 301 
9111 319 4098 318 
9112 264 4012 263 
9113 274 4017 273 
9114 291 4019 290 
9115 300 4020 299 
9116 294 3956 293 
9117 308 4021 307 
9118 344 4013 343 
9119 4981 4984 4980 
9120 4781 4784 3830 
9121 4787 4788 3828 
9122 5071 5076 3864 
9123 4075 6107 6106 
9124 6401 6422 4252 
9125 546 6297 5925 
9126 4989 4993 3838 
9127 4856 4857 3872 
9128 4778 4779 3870 
9129 4963 4967 4964 
9130 4137 6186 4136 
9131 4052 6178 5824 
9132 4796 6952 6876 
9133 5888 6065 5886 
9134 4244 7189 4243 
9135 3821 6121 6120 
9136 5876 5877 3859 
9137 4587 6546 6545 
9138 6917 7314 5517 
9139 4715 4716 4714 
9140 4740 7296 4746 
9141 3894 6123 570 
9142 822 6094 3895 
9143 722 5849 3848 
9144 3846 6351 5728 
9145 4462 4657 4459 
9146 4433 4434 3901 
9147 5036 6275 3934 
9148 4946 5310 3932 
9149 5011 5012 3903 
9150 872 5889 4030 
9151 5523 6069 5518 
9152 5456 5460 5459 
9153 4112 4113 3906 
9154 4949 4951 4950 
9155 3909 4901 4900 
9156 4760 4763 4761 
9157 4000 6274 5197 
9158 4718 4719 3908 
9159 3912 4756 4755 
9160 3897 5991 704 
9161 6416 7108 5326 
9162 5090 6374 3989 
9163 4420 4422 4421 
9164 5622 6336 5497 
9165 3858 6136 5853 
9166 4955 5179 3971 
9167 3963 6189 4851 
9168 4699 7093 6164 
9169 530 5893 531 
9170 4780 4782 4781 
9171 4139 4151 4141 
9172 4141 4142 4140 
9173 4432 4446 4433 
9174 4945 4947 4946 
9175 4145 4146 4144 
9176 5497 7320 6369 
9177 4410 6795 6051 
9178 5241 6817 4726 
9179 3850 5450 843 
9180 844 5450 4026 
9181 4027 5452 548 
9182 549 5452 3851 
9183 4909 4912 4908 
9184 4835 4836 4834 
9185 6498 7096 4820 
9186 5342 6702 4670 
9187 4452 4454 4453 
9188 6614 6615 4583 
9189 4002 4982 4981 
9190 4786 4789 4787 
9191 5070 5073 5071 
9192 4895 4896 3965 
9193 3884 5674 685 
9194 686 5674 4085 
9195 587 6411 588 
9196 6339 6710 4586 
9197 6169 6170 5545 
9198 737 6841 6276 
9199 4178 6459 4132 
9200 4569 7044 5290 
9201 6006 6183 6004 
9202 4332 6650 4333 
9203 6175 6240 3863 
9204 6282 6283 4371 
9205 5101 5105 5104 
9206 5104 6443 5407 
9207 5573 5574 5570 
9208 4071 6306 5874 
9209 4249 6585 4287 
9210 6001 6183 6003 
9211 4088 6480 6112 
9212 5296 7143 5297 
9213 4321 6496 5314 
9214 724 6409 725 
9215 4687 7263 4685 
9216 4697 7225 4696 
9217 289 6117 4099 
9218 634 5908 4029 
9219 757 5747 4028 
9220 4029 5908 5866 
9221 4543 7179 4565 
9222 5989 6479 5986 
9223 4751 5372 4750 
9224 6256 7117 5178 
9225 4592 6593 6033 
9226 5267 6775 4698 
9227 552 6394 3944 
9228 4034 5999 5821 
9229 5286 6051 4942 
9230 4098 6032 6031 
9231 4447 4449 4448 
9232 322 4665 321 
9233 5184 7047 5182 
9234 4472 6580 4470 
9235 5146 6713 5145 
9236 4248 5282 4250 
9237 533 5623 534 
9238 4219 4220 4217 
9239 4216 4221 4219 
9240 5750 6094 4083 
9241 6984 7297 4283 
9242 4222 6185 6042 
9243 5758 6097 6096 
9244 6119 7067 5631 
9245 4521 6896 4500 
9246 843 5450 844 
9247 548 5452 549 
9248 5748 5749 4083 
9249 5183 6491 6484 
9250 4272 4278 4267 
9251 4276 6400 5280 
9252 3896 5912 689 
9253 703 6372 3897 
9254 3886 5898 804 
9255 5205 5206 4431 
9256 603 5944 3846 
9257 5024 5025 5023 
9258 4494 6934 4576 
9259 569 3894 570 
9260 822 3895 823 
9261 4616 7235 4617 
9262 6122 6329 564 
9263 4214 4215 4213 
9264 4202 4203 4201 
9265 5417 6324 6248 
9266 4139 6186 4151 
9267 840 5921 841 
9268 817 6245 818 
9269 4036 7171 6371 
9270 4868 6809 3874 
9271 6335 6490 5476 
9272 5346 6753 4567 
9273 4086 5605 706 
9274 3947 5841 667 
9275 5254 6831 6295 
9276 4606 4607 4605 
9277 6151 6843 4749 
9278 6250 6894 662 
9279 670 5885 671 
9280 4404 7178 5031 
9281 793 6069 3826 
9282 771 5825 772 
9283 717 6081 3825 
9284 5278 7021 4652 
9285 598 6026 3827 
9286 5734 5735 3888 
9287 826 6390 3883 
9288 4032 6390 825 
9289 567 6220 4079 
9290 3882 6220 566 
9291 4916 6576 4914 
9292 685 5674 686 
9293 5537 5538 5536 
9294 3987 5306 5305 
9295 3873 4998 4997 
9296 3875 4969 4968 
9297 4006 6061 5134 
9298 4008 5268 5080 
9299 3928 6294 5029 
9300 3836 4839 4838 
9301 3834 5218 4888 
9302 3993 6088 4707 
9303 5575 7024 5574 
9304 4092 6469 6372 
9305 3857 5636 858 
9306 859 5636 4055 
9307 4663 6500 6010 
9308 5171 7251 6048 
9309 4011 6193 5081 
9310 3990 5091 5089 
9311 3937 4875 4874 
9312 3929 5219 4398 
9313 4512 7122 6586 
9314 3851 5820 5819 
9315 3998 5124 5123 
9316 5155 5157 3981 
9317 4079 5785 5784 
9318 4055 6277 5660 
9319 656 6065 4072 
9320 5728 6588 605 
9321 6086 6865 6354 
9322 4731 4733 4732 
9323 5497 6369 5622 
9324 4057 5503 5502 
9325 3992 4960 4958 
9326 3994 4853 4852 
9327 3988 5407 5158 
9328 4449 7313 4465 
9329 3880 5893 530 
9330 5094 5102 5099 
9331 3916 6098 5826 
9332 4487 4501 4485 
9333 4486 4488 4487 
9334 4556 6305 4612 
9335 3986 5121 5120 
9336 3973 5164 4837 
9337 3926 5038 5037 
9338 3900 5231 4420 
9339 3933 6451 4987 
9340 3818 5863 5862 
9341 621 5678 5594 
9342 4617 7235 4618 
9343 5940 6414 6101 
9344 672 6179 673 
9345 4525 4526 4524 
9346 4164 4166 4165 
9347 4254 4255 4253 
9348 4816 6222 6128 
9349 661 6250 662 
9350 753 5826 4080 
9351 638 5842 4053 
9352 5033 6397 5034 
9353 3949 7222 5300 
9354 3831 5408 5285 
9355 3868 4674 4673 
9356 3832 4870 4869 
9357 3982 4828 4826 
9358 5289 6541 6540 
9359 5152 6091 4006 
9360 315 6360 6054 
9361 5129 7157 5159 
9362 259 6454 5416 
9363 5186 7239 5331 
9364 3836 4840 4839 
9365 551 6394 552 
9366 4134 4135 4133 
9367 3937 4876 4875 
9368 4004 4426 4425 
9369 5704 7198 6180 
9370 4296 7130 4149 
9371 3869 5017 5016 
9372 3866 4722 4721 
9373 3833 4886 4884 
9374 3978 5174 5127 
9375 4518 7200 4519 
9376 3938 5420 519 
9377 6832 7313 4560 
9378 5328 6498 5247 
9379 5873 6184 3919 
9380 4979 6845 3928 
9381 6113 6482 5729 
9382 5552 7003 4656 
9383 4275 6453 6337 
9384 3986 5122 5121 
9385 3898 5801 808 
9386 3899 5958 585 
9387 584 6047 3899 
9388 688 3896 689 
9389 703 3897 704 
9390 3998 5247 5124 
9391 5603 5604 5598 
9392 3862 5814 5813 
9393 6014 6450 5904 
9394 4082 6123 5935 
9395 5177 7170 4785 
9396 721 5849 722 
9397 6117 6416 5326 
9398 737 6276 738 
9399 4406 4410 4409 
9400 5077 6924 5072 
9401 3994 4854 4853 
9402 3992 4961 4960 
9403 4737 6660 4739 
9404 6725 7136 5657 
9405 5892 6550 6137 
9406 5358 5388 5357 
9407 4600 4602 4601 
9408 4117 7262 4115 
9409 4228 6634 4225 
9410 4004 4428 4426 
9411 4073 5623 533 
9412 4564 7122 6824 
9413 3926 5039 5038 
9414 5824 5825 771 
9415 3890 5910 5909 
9416 5833 6355 3879 
9417 4163 4164 4160 
9418 4090 6460 6047 
9419 836 6095 3823 
9420 555 6096 3822 
9421 845 6298 846 
9422 5373 6289 5374 
9423 5476 5477 4066 
9424 3866 4723 4722 
9425 4727 7075 4728 
9426 825 6390 826 
9427 566 6220 567 
9428 378 7131 5257 
9429 5685 5689 5688 
9430 5402 7200 4517 
9431 544 6101 3845 
9432 3943 5921 840 
9433 5329 7245 5201 
9434 3832 4872 4870 
9435 3868 4676 4674 
9436 3831 6055 5408 
9437 565 6329 3882 
9438 858 5636 859 
9439 4627 4632 4631 
9440 6163 6314 4758 
9441 6805 7138 4823 
9442 5112 6058 5119 
9443 6004 6183 6001 
9444 735 5862 4069 
9445 4251 6847 6585 
9446 4077 6078 5967 
9447 4542 6045 5249 
9448 4388 6839 6497 
9449 545 6297 546 
9450 653 6209 3855 
9451 4063 6209 652 
9452 3854 6230 739 
9453 740 6230 4057 
9454 3849 5885 670 
9455 4067 5834 5833 
9456 5646 6236 5647 
9457 4783 6615 4781 
9458 6103 6179 5708 
9459 4300 5436 4321 
9460 5257 6531 4008 
9461 5729 5730 4056 
9462 4082 5934 5933 
9463 6396 6807 5125 
9464 7114 7163 5162 
9465 4535 7217 7160 
9466 5259 6917 5517 
9467 5868 5869 4076 
9468 3960 7230 5203 
9469 611 6336 5622 
9470 790 6370 4037 
9471 3847 6370 789 
9472 4039 6079 776 
9473 4614 6985 5619 
9474 709 6300 710 
9475 6007 6134 6006 
9476 5441 5442 4286 
9477 5494 7320 5493 
9478 5841 6547 5696 
9479 4924 7087 4923 
9480 4649 6964 5240 
9481 4238 7005 5603 
9482 4795 4796 4793 
9483 872 4030 873 
9484 5101 7232 5097 
9485 4107 5985 338 
9486 4174 5411 4172 
9487 5909 6356 4078 
9488 4031 6921 6375 
9489 5977 6544 4032 
9490 6225 6801 3850 
9491 4126 4127 4125 
9492 4280 6067 4272 
9493 4029 5864 635 
9494 4028 5648 758 
9495 5912 5913 4084 
9496 6285 6286 5791 
9497 807 3898 808 
9498 584 3899 585 
9499 699 6036 3925 
9500 4106 6273 268 
9501 5632 5633 3943 
9502 4285 6972 4207 
9503 4130 4131 4129 
9504 602 5944 603 
9505 5421 5422 5420 
9506 4300 6186 5436 
9507 4864 7211 5249 
9508 6624 7281 4039 
9509 4923 7209 4922 
9510 5923 6506 3920 
9511 4369 4379 4370 
9512 5905 5906 3884 
9513 5854 6136 5861 
9514 5707 6190 6104 
9515 5381 5382 5380 
9516 5549 5563 5551 
9517 4195 4197 4194 
9518 5504 5840 5502 
9519 6325 7131 378 
9520 5576 6348 6306 
9521 5160 6448 3988 
9522 6152 7296 4740 
9523 536 6323 537 
9524 4056 5849 721 
9525 4452 6090 4479 
9526 3859 5950 5949 
9527 5899 6321 4059 
9528 4139 4141 4140 
9529 7153 7226 4295 
9530 4603 7128 4602 
9531 4626 7113 4625 
9532 4664 6880 4464 
9533 4735 7219 4737 
9534 5265 6562 6298 
9535 4151 6186 4300 
9536 4192 6948 4391 
9537 4377 7083 6046 
9538 6226 6232 5613 
9539 4730 6569 4729 
9540 4142 4145 4144 
9541 4700 6788 6703 
9542 728 6125 3844 
9543 4992 6575 6397 
9544 5703 5706 5704 
9545 5675 5676 4085 
9546 4006 6091 6061 
9547 5967 7142 6553 
9548 4219 6185 4222 
9549 4578 6947 6777 
9550 3865 7258 5224 
9551 652 6209 653 
9552 739 6230 740 
9553 4682 4683 4680 
9554 5821 5822 3886 
9555 634 4029 635 
9556 757 4028 758 
9557 5831 6434 5829 
9558 4802 4806 4803 
9559 287 6659 4109 
9560 620 5678 621 
9561 4048 6180 6179 
9562 6111 6428 4090 
9563 4122 7102 4126 
9564 5239 7056 5164 
9565 562 5853 4060 
9566 5178 7117 4320 
9567 789 6370 790 
9568 4452 4453 4451 
9569 6395 7043 4935 
9570 4320 6328 4299 
9571 3878 5542 5541 
9572 4301 6328 5392 
9573 5386 7188 6505 
9574 4463 6756 4478 
9575 4406 6828 5379 
9576 6569 6570 4729 
9577 4008 6531 5268 
9578 781 6375 6176 
9579 4031 6375 780 
9580 5643 6359 3941 
9581 4827 6222 5438 
9582 5088 6133 4943 
9583 4165 6215 4160 
9584 4236 5727 5726 
9585 4077 5965 617 
9586 616 6078 4077 
9587 4139 4140 4138 
9588 6698 7131 4662 
9589 5844 5845 3860 
9590 5740 5742 5741 
9591 4080 5873 754 
9592 4053 5828 639 
9593 4774 4776 4775 
9594 3820 5646 5645 
9595 4596 7159 4661 
9596 4509 6349 6138 
9597 5900 5902 5901 
9598 4242 4244 4243 
9599 4357 4359 4358 
9600 3819 5681 5680 
9601 5792 5797 5793 
9602 4383 6127 5230 
9603 606 6588 3942 
9604 609 6137 3840 
9605 4229 5986 4292 
9606 3861 5775 5774 
9607 4356 7154 4390 
9608 5764 5766 5762 
9609 4553 4556 4555 
9610 5874 6348 3877 
9611 3876 5932 5931 
9612 3911 6111 581 
9613 4671 7163 7114 
9614 4363 4364 4362 
9615 5187 6599 6526 
9616 4119 4153 4117 
9617 4525 7107 4526 
9618 5688 7120 5685 
9619 4704 7114 5162 
9620 4539 4541 4540 
9621 4037 5519 5518 
9622 5905 5907 5906 
9623 830 5952 5876 
9624 4482 6791 6551 
9625 5755 6241 5316 
9626 6788 7263 4694 
9627 4440 4468 4438 
9628 5691 5693 5692 
9629 5069 6646 5064 
9630 5632 5634 5633 
9631 5715 6561 5725 
9632 6517 6671 5394 
9633 4613 7197 4612 
9634 3855 5887 5886 
9635 5913 5914 4084 
9636 4066 5944 602 
9637 6329 7175 3882 
9638 4185 6838 5411 
9639 3825 6113 718 
9640 5787 6213 4305 
9641 338 5985 337 
9642 5542 6018 5541 
9643 4660 7257 6121 
9644 4380 7286 4379 
9645 6105 6810 5169 
9646 5951 6077 3921 
9647 5953 6623 5643 
9648 6102 6664 6270 
9649 5726 6676 5720 
9650 5834 6355 5833 
9651 303 5245 302 
9652 6144 6145 4343 
9653 4592 4593 4591 
9654 5932 6030 5931 
9655 3827 6335 599 
9656 3826 5799 794 
9657 573 5933 3940 
9658 4914 7172 4913 
9659 591 6056 4041 
9660 5938 6009 3818 
9661 6771 6815 4012 
9662 681 5878 4040 
9663 5992 5996 5991 
9664 5800 6023 3862 
9665 4054 6118 538 
9666 5054 6516 5394 
9667 5471 5473 5470 
9668 5596 6173 4038 
9669 3883 5615 5614 
9670 5540 6073 3841 
9671 5930 6408 4073 
9672 5717 5719 5716 
9673 4072 5884 657 
9674 5545 5546 4068 
9675 6079 6524 3817 
9676 4136 4138 4135 
9677 4060 6122 563 
9678 5711 5713 5710 
9679 4624 7317 4613 
9680 3921 6692 5889 
9681 527 5867 4076 
9682 4385 7223 6923 
9683 10 3938 519 
9684 5910 6356 5909 
9685 4105 6223 353 
9686 5251 6579 5272 
9687 6014 6716 5866 
9688 4212 4213 4211 
9689 4295 7169 5445 
9690 4689 4692 4691 
9691 6276 6841 5516 
9692 3852 5678 620 
9693 3944 5759 5758 
9694 5808 7201 4563 
9695 4743 5439 5274 
9696 6715 7018 4672 
9697 6753 6954 4567 
9698 616 4077 617 
9699 775 4039 776 
9700 5342 6551 4537 
9701 5638 6388 5637 
9702 753 4080 754 
9703 638 4053 639 
9704 5615 5617 5614 
9705 5106 6854 5307 
9706 4634 4636 4635 
9707 5740 5741 3923 
9708 4924 6508 5973 
9709 4566 4615 4565 
9710 5349 6771 265 
9711 3924 6129 693 
9712 5843 5844 3860 
9713 5562 7148 5849 
9714 6199 6726 5655 
9715 5320 7259 4149 
9716 5887 5888 5886 
9717 4748 4751 4750 
9718 5466 6994 5460 
9719 5519 5523 5518 
9720 6127 6305 4556 
9721 5621 6427 4064 
9722 3822 6135 556 
9723 6537 6888 5536 
9724 4544 5352 4569 
9725 5821 5999 5822 
9726 6148 6467 5629 
9727 6160 7027 4562 
9728 3863 6457 6429 
9729 580 6106 3911 
9730 3910 5850 812 
9731 811 6112 3910 
9732 5737 6013 6012 
9733 6040 7227 6260 
9734 5699 6894 6250 
9735 4731 7076 5408 
9736 3945 5781 5780 
9737 339 6875 4107 
9738 4608 6992 4607 
9739 3887 5711 5710 
9740 3919 6438 5747 
9741 4282 6440 5672 
9742 6217 6792 5585 
9743 5665 6187 5668 
9744 5937 6197 5744 
9745 3824 5926 675 
9746 598 3827 599 
9747 793 3826 794 
9748 4651 7021 4649 
9749 5291 6877 5475 
9750 5903 5904 3914 
9751 5917 5918 3858 
9752 5556 7311 5557 
9753 4549 7228 7023 
9754 5426 5427 5425 
9755 6306 6348 5874 
9756 5813 5870 800 
9757 3820 5645 5644 
9758 5749 5750 4083 
9759 5124 5125 5123 
9760 4045 6431 5940 
9761 4969 4970 4968 
9762 4998 4999 4997 
9763 4618 7299 4619 
9764 4216 4217 4215 
9765 4960 5180 4958 
9766 5360 6339 5355 
9767 5245 6574 4101 
9768 4543 4565 4541 
9769 4839 4841 4838 
9770 4040 6141 682 
9771 5928 6818 5263 
9772 735 4069 736 
9773 656 4072 657 
9774 5038 5041 5037 
9775 674 6103 3824 
9776 4746 7296 4747 
9777 5900 5901 4081 
9778 5475 6344 4663 
9779 3942 6347 5892 
9780 6007 6663 6134 
9781 4206 7002 6779 
9782 5145 6713 6228 
9783 4870 4871 4869 
9784 4674 4675 4673 
9785 6271 6851 4270 
9786 4562 7202 6514 
9787 4603 6821 5175 
9788 5962 6153 5959 
9789 855 5544 4043 
9790 854 6120 5544 
9791 5924 6407 4075 
9792 5852 6480 6417 
9793 5122 6825 6393 
9794 4082 5935 5934 
9795 4932 6554 4923 
9796 5392 6308 5252 
9797 6413 6507 5114 
9798 4886 6182 4884 
9799 5017 5018 5016 
9800 4722 4726 4721 
9801 5229 6776 4025 
9802 5496 6281 5943 
9803 5468 6937 5166 
9804 3952 6831 5254 
9805 6287 6468 3918 
9806 4426 4427 4425 
9807 774 6624 775 
9808 4748 6532 4751 
9809 4216 4219 4217 
9810 5098 5103 5100 
9811 5514 5515 5512 
9812 6194 6433 3917 
9813 3819 5680 5679 
9814 3917 6433 6432 
9815 6354 6394 5819 
9816 6488 6554 6487 
9817 4171 7184 4173 
9818 829 5952 830 
9819 5169 6233 6105 
9820 4103 7182 4665 
9821 4383 7031 6305 
9822 5792 5793 4035 
9823 5641 6388 5638 
9824 3925 5947 700 
9825 692 6132 3924 
9826 4386 6905 6688 
9827 4248 4249 4247 
9828 580 3911 581 
9829 811 3910 812 
9830 6035 6523 4255 
9831 4047 5638 5637 
9832 6131 6442 4093 
9833 6437 7137 5805 
9834 5772 5919 5861 
9835 4645 7018 5263 
9836 5830 6468 5832 
9837 4619 7299 4620 
9838 3823 5922 837 
9839 5599 5602 5601 
9840 4391 6951 4192 
9841 4351 4352 4350 
9842 3918 6468 5842 
9843 3844 6169 729 
9844 717 3825 718 
9845 674 3824 675 
9846 3950 6689 6259 
9847 4797 4798 4796 
9848 628 5733 3888 
9849 5759 6097 5758 
9850 4243 7189 6860 
9851 5811 6099 3916 
9852 4631 6371 5368 
9853 4812 7193 7009 
9854 3817 6203 5783 
9855 3842 5927 848 
9856 4551 4553 4552 
9857 5554 5555 5553 
9858 265 7290 5349 
9859 5643 6623 6359 
9860 4125 6484 4124 
9861 5898 6362 4087 
9862 3861 5774 5773 
9863 5093 6374 5090 
9864 4041 6175 592 
9865 5358 5389 5388 
9866 6436 7146 4571 
9867 5345 6052 4333 
9868 6053 6747 4574 
9869 4546 5353 5352 
9870 4625 7317 4624 
9871 6643 7030 5206 
9872 4075 6407 6107 
9873 6264 6469 4092 
9874 5150 7056 5248 
9875 6334 6997 4239 
9876 6467 6534 5165 
9877 5584 5591 5590 
9878 6130 6131 6129 
9879 5263 7018 5928 
9880 6055 6571 4731 
9881 3988 6448 5407 
9882 5899 6644 6321 
9883 526 5867 527 
9884 6185 7019 6042 
9885 6439 7235 4616 
9886 3939 5748 819 
9887 3940 5941 574 
9888 4815 7042 4813 
9889 537 4054 538 
9890 854 5544 855 
9891 4359 7213 4358 
9892 5340 6722 6321 
9893 5881 5882 4052 
9894 4753 6850 6571 
9895 3915 6172 5566 
9896 4175 6534 4187 
9897 4627 7113 4626 
9898 4044 6074 711 
9899 4556 4612 4557 
9900 562 4060 563 
9901 5166 7184 6808 
9902 4093 6442 6441 
9903 3914 6450 5908 
9904 6184 6438 3919 
9905 4087 6437 5929 
9906 4062 6250 661 
9907 6202 6672 4698 
9908 5784 6357 3894 
9909 4218 6265 4214 
9910 6182 7279 4885 
9911 4640 6341 4639 
9912 5294 6848 5301 
9913 4395 6523 4393 
9914 5218 6540 6299 
9915 5248 6128 4828 
9916 6062 6685 5317 
9917 6195 7123 4977 
9918 5848 6625 6081 
9919 5066 5067 5063 
9920 5785 6357 5784 
9921 699 3925 700 
9922 692 3924 693 
9923 4535 7160 4534 
9924 4659 6943 6392 
9925 5954 6475 5659 
9926 5645 5647 5465 
9927 4133 6556 5724 
9928 4568 7186 6034 
9929 5009 7080 6151 
9930 5004 7079 5398 
9931 5545 6170 5546 
9932 4042 5673 865 
9933 866 5673 3893 
9934 3946 5471 5470 
9935 6171 6172 3915 
9936 4483 4484 4482 
9937 4684 4685 4683 
9938 4768 7081 4770 
9939 295 6258 294 
9940 276 6256 275 
9941 348 6254 347 
9942 353 6223 352 
9943 273 6255 272 
9944 335 6253 334 
9945 345 6257 344 
9946 296 6259 295 
9947 333 6262 332 
9948 332 6260 331 
9949 284 6261 283 
9950 309 6263 308 
9951 6076 7251 5171 
9952 3862 6023 5814 
9953 5496 7142 6281 
9954 4553 7244 4552 
9955 5877 5950 3859 
9956 4501 7139 5972 
9957 4313 6784 6760 
9958 836 3823 837 
9959 555 3822 556 
9960 4859 7097 4857 
9961 818 3939 819 
9962 573 3940 574 
9963 4033 5952 829 
9964 6240 6457 3863 
9965 5918 6136 3858 
9966 847 3842 848 
9967 544 3845 545 
9968 5624 5625 3856 
9969 4642 4644 4643 
9970 6347 6550 5892 
9971 5802 6903 6312 
9972 4206 4208 4207 
9973 5168 5169 4716 
9974 4126 4128 4127 
9975 6716 7240 4397 
9976 6852 6853 4893 
9977 773 6697 774 
9978 5095 5096 5093 
9979 6464 7263 4691 
9980 5498 6492 4389 
9981 818 6245 3939 
9982 3843 5945 664 
9983 5879 6293 4050 
9984 537 6323 4054 
9985 6167 6502 5200 
9986 6988 7191 270 
9987 4276 7229 6400 
9988 5367 6669 4257 
9989 4934 6648 6595 
9990 5179 7221 5028 
9991 5650 6438 5652 
9992 4216 6265 4221 
9993 3816 6495 6078 
9994 5659 6475 6366 
9995 5561 7311 5556 
9996 6678 6924 5077 
9997 4933 7254 6253 
9998 6555 7149 5561 
9999 801 5870 4034 
10000 5940 6431 6414 
10001 681 4040 682 
10002 710 4044 711 
10003 6673 6738 4590 
10004 4616 4617 4615 
10005 6518 7189 4245 
10006 738 6276 3854 
10007 5798 6944 5817 
10008 5959 6153 5958 
10009 6953 7141 5768 
10010 4890 4891 4889 
10011 4814 6965 6933 
10012 5560 6191 5559 
10013 5546 6170 5549 
10014 4400 4401 4399 
10015 5368 6681 4630 
10016 4740 4746 4739 
10017 3995 6326 6325 
10018 5978 6544 5977 
10019 5575 5577 5576 
10020 3845 6297 545 
10021 4971 6852 4973 
10022 6221 7175 6435 
10023 347 6254 3948 
10024 352 6223 4024 
10025 3954 6256 276 
10026 334 6253 4016 
10027 4096 6253 335 
10028 294 6258 3956 
10029 272 6255 4097 
10030 4017 6255 273 
10031 283 6261 4022 
10032 344 6257 4013 
10033 3950 6259 296 
10034 4102 6261 284 
10035 331 6260 3955 
10036 4016 6262 333 
10037 308 6263 4021 
10038 564 6329 565 
10039 329 6280 328 
10040 7244 7291 4585 
10041 6019 6917 6272 
10042 3892 5867 526 
10043 4311 4336 4312 
10044 4108 6507 6413 
10045 5384 7045 6025 
10046 4457 7091 4476 
10047 6312 6480 4088 
10048 5558 5559 5557 
10049 5462 5463 5461 
10050 5649 6171 5648 
10051 5822 7052 5823 
10052 6436 6846 5948 
10053 873 5332 10 
10054 5416 6454 5415 
10055 5364 7211 6675 
10056 4422 4423 4421 
10057 4051 5717 5716 
10058 5708 7198 6104 
10059 3841 5953 783 
10060 782 6176 3841 
10061 4479 6090 6005 
10062 5257 7131 6698 
10063 3893 6644 5899 
10064 5695 5697 5696 
10065 4517 7051 5402 
10066 865 5673 866 
10067 5631 6236 6119 
10068 4196 6205 5303 
10069 6145 6721 6570 
10070 5391 6648 5390 
10071 4644 4646 4645 
10072 328 6280 3953 
10073 3821 6735 6121 
10074 4638 4640 4639 
10075 4027 5454 5453 
10076 5102 6763 5115 
10077 3818 6009 5863 
10078 5316 7129 5755 
10079 4632 4634 4633 
10080 5493 7320 5490 
10081 4026 6298 845 
10082 5606 5607 3885 
10083 5111 5112 5110 
10084 5890 6310 3880 
10085 282 6295 281 
10086 646 6313 4067 
10087 3891 6313 645 
10088 747 6296 3890 
10089 4049 6296 746 
10090 6263 6806 5290 
10091 6029 6780 5481 
10092 4014 6567 6165 
10093 5096 5097 5093 
10094 6458 7106 4379 
10095 710 6300 4044 
10096 5662 5663 3881 
10097 4022 6295 282 
10098 5267 6966 4695 
10099 627 5733 628 
10100 6179 6180 5708 
10101 6227 6820 4605 
10102 263 6353 262 
10103 270 7191 269 
10104 6339 7139 4501 
10105 6375 6921 5539 
10106 5894 6310 5897 
10107 4484 5972 4530 
10108 6360 6710 5360 
10109 5882 6178 4052 
10110 5595 5596 4038 
10111 5996 6157 4086 
10112 5826 6098 5827 
10113 4528 5818 5817 
10114 5660 6278 5661 
10115 6002 6694 6039 
10116 4486 4487 4485 
10117 663 3843 664 
10118 728 3844 729 
10119 4517 4518 4516 
10120 5857 6435 5860 
10121 316 6360 315 
10122 3952 6308 279 
10123 5428 6452 5432 
10124 5578 7164 5882 
10125 5829 6194 5828 
10126 5988 6689 5987 
10127 3850 6340 5450 
10128 5026 5027 5025 
10129 5452 6060 3851 
10130 610 6336 611 
10131 5355 6339 4501 
10132 4513 7276 5161 
10133 800 5870 801 
10134 591 4041 592 
10135 5674 5675 4085 
10136 3916 6099 6098 
10137 279 6308 278 
10138 5672 6900 4282 
10139 782 3841 783 
10140 609 3840 610 
10141 4283 7181 6833 
10142 6428 6460 4090 
10143 4770 7284 4773 
10144 4469 4470 4468 
10145 4154 4155 4153 
10146 312 6364 311 
10147 4206 7300 4208 
10148 5374 7019 6185 
10149 5665 5668 5666 
10150 6202 6421 5068 
10151 5853 6136 5854 
10152 5185 7071 4319 
10153 3889 5956 764 
10154 765 5956 4071 
10155 4185 5411 4174 
10156 5448 6955 4163 
10157 4164 4165 4160 
10158 6288 6465 5832 
10159 4252 4254 4253 
10160 6839 6987 5491 
10161 5340 5380 5339 
10162 5232 7083 4377 
10163 5363 6364 6059 
10164 4309 7103 4307 
10165 4567 6529 6528 
10166 5178 6633 6256 
10167 3954 7203 5392 
10168 4299 6328 4301 
10169 5809 6712 5818 
10170 4161 4180 4179 
10171 6368 7006 4423 
10172 5103 5275 5100 
10173 3995 6325 377 
10174 4546 5352 4544 
10175 4334 6815 4329 
10176 6081 6625 6082 
10177 5885 6893 5705 
10178 4570 6501 5395 
10179 645 6313 646 
10180 746 6296 747 
10181 5124 6499 5126 
10182 4920 4922 4921 
10183 5503 5504 5502 
10184 6059 6364 312 
10185 4205 6972 4396 
10186 5719 6027 6026 
10187 4612 4624 4613 
10188 3848 6555 5891 
10189 6656 7261 4520 
10190 5621 6715 6427 
10191 5737 6293 5735 
10192 5315 6764 4328 
10193 3895 5978 5977 
10194 4471 6489 4527 
10195 5944 6350 3846 
10196 6494 6520 5244 
10197 5386 6504 4985 
10198 4335 6630 5300 
10199 4631 7318 4627 
10200 6562 6818 3842 
10201 4681 6709 4701 
10202 4285 6976 6972 
10203 5882 6089 5578 
10204 4652 7021 4651 
10205 6262 6595 6040 
10206 6435 7175 5860 
10207 5770 6923 4190 
10208 4065 6511 5848 
10209 4074 5733 627 
10210 5655 6489 6199 
10211 4210 4211 4209 
10212 3851 6060 5820 
10213 6031 6033 4098 
10214 6146 6148 5627 
10215 4861 7255 4859 
10216 5493 6987 4388 
10217 6153 6906 4089 
10218 5729 6482 5730 
10219 3955 6376 330 
10220 5837 6216 5670 
10221 5535 6705 5540 
10222 5001 5401 5002 
10223 6350 6351 3846 
10224 5939 6156 3896 
10225 3897 5992 5991 
10226 4666 7217 6983 
10227 764 5956 765 
10228 6277 6278 5660 
10229 4344 7069 4392 
10230 4254 6422 4257 
10231 5265 6818 6562 
10232 5567 5568 4070 
10233 298 6444 297 
10234 5960 6460 5964 
10235 5240 6882 4647 
10236 4011 6486 6193 
10237 4648 6959 4653 
10238 260 6454 259 
10239 3817 6524 6203 
10240 4305 5790 5789 
10241 5150 5248 4828 
10242 5105 5107 5106 
10243 4332 6322 4280 
10244 5260 6373 5258 
10245 5476 6490 5477 
10246 5401 5402 4575 
10247 5579 7168 5578 
10248 4575 6840 5401 
10249 5500 6766 4389 
10250 3899 5959 5958 
10251 5249 6045 4862 
10252 5927 6715 5621 
10253 6137 6550 6204 
10254 5556 5557 5555 
10255 4466 6727 6724 
10256 4942 5088 4940 
10257 4955 5975 5179 
10258 4474 4498 4481 
10259 4079 6220 5786 
10260 4021 6403 307 
10261 306 6403 4100 
10262 5469 6859 4822 
10263 6024 7279 4700 
10264 5820 6354 5819 
10265 271 6988 270 
10266 5068 5069 5062 
10267 6985 7317 4628 
10268 4377 5233 5232 
10269 4733 4735 4734 
10270 4867 5971 4863 
10271 5904 6450 3914 
10272 4190 7223 4164 
10273 4747 6761 5469 
10274 4925 7087 4924 
10275 5826 5827 4080 
10276 5526 5527 5525 
10277 5532 5533 5531 
10278 5860 7175 6329 
10279 4136 4139 4138 
10280 6463 7091 4657 
10281 5212 6671 6517 
10282 5807 5808 4563 
10283 4012 6353 263 
10284 4079 5786 5785 
10285 6570 6721 4729 
10286 4252 6422 4254 
10287 4214 6265 4216 
10288 6334 6797 5024 
10289 5133 6755 4695 
10290 4467 6727 4444 
10291 5115 6881 6449 
10292 6414 6431 5462 
10293 6362 6437 4087 
10294 5483 5485 5484 
10295 5427 7238 6837 
10296 6595 7254 4934 
10297 4046 6515 5872 
10298 4703 6165 6164 
10299 5666 5667 4063 
10300 4972 6382 4970 
10301 5667 6209 4063 
10302 5753 5754 3922 
10303 6048 7251 4347 
10304 5570 6363 5568 
10305 6081 6082 3825 
10306 6412 6628 4304 
10307 4086 6157 5605 
10308 4192 6951 4150 
10309 5045 6345 6088 
10310 4028 5649 5648 
10311 4018 6360 316 
10312 4646 4648 4647 
10313 5916 7215 6304 
10314 6366 6367 3847 
10315 5902 6402 6085 
10316 4342 6640 6505 
10317 4073 6291 5623 
10318 3836 7266 4840 
10319 5876 6115 5877 
10320 4214 4216 4215 
10321 4286 5444 5443 
10322 4407 7178 4404 
10323 5261 6918 6356 
10324 3910 6112 5852 
10325 5799 6391 5797 
10326 4695 6922 6775 
10327 4773 7284 4774 
10328 4375 7191 6988 
10329 6367 6370 3847 
10330 6492 6829 4389 
10331 4648 4651 4649 
10332 6266 6267 4547 
10333 5884 6389 5681 
10334 6276 6536 3854 
10335 4653 6401 4651 
10336 6511 6625 5848 
10337 5810 6735 3821 
10338 4514 6947 6824 
10339 4618 4619 4617 
10340 5762 6097 5759 
10341 4057 5505 5503 
10342 4819 6859 4820 
10343 6506 6837 3920 
10344 4053 5842 5830 
10345 4574 6358 5318 
10346 5310 6890 5309 
10347 5012 6889 5308 
10348 4073 6408 6291 
10349 4624 4626 4625 
10350 5926 6190 5902 
10351 5858 6627 5859 
10352 780 6375 781 
10353 3832 7269 4872 
10354 5687 6740 6380 
10355 5869 6310 5890 
10356 5817 5818 5816 
10357 254 6776 4104 
10358 5993 6469 5995 
10359 4028 5747 5650 
10360 4865 7255 4861 
10361 4628 7317 7112 
10362 5594 6563 5595 
10363 4307 7103 4182 
10364 4567 6954 6932 
10365 5855 6122 4060 
10366 4416 6764 5315 
10367 5676 6156 5939 
10368 5998 6976 4285 
10369 311 6364 3951 
10370 5678 6563 5594 
10371 5290 6501 4570 
10372 330 6376 329 
10373 4652 5279 5278 
10374 5487 5489 5488 
10375 5713 6057 6056 
10376 5474 6804 5471 
10377 285 6302 4102 
10378 6026 6027 3827 
10379 4319 7066 5964 
10380 6920 7154 4358 
10381 7212 7261 6007 
10382 4259 6857 4702 
10383 4636 4638 4637 
10384 5889 6692 5334 
10385 6083 6113 3825 
10386 5859 6214 6213 
10387 5862 5979 4069 
10388 4910 6344 5475 
10389 5941 6196 5742 
10390 5041 6559 5262 
10391 6028 6335 3827 
10392 5399 6992 4610 
10393 4053 5829 5828 
10394 605 6588 606 
10395 6257 6530 6016 
10396 5231 6566 6485 
10397 4564 6824 5778 
10398 332 6262 6260 
10399 295 6259 6258 
10400 6243 6379 5663 
10401 5095 5099 5098 
10402 4057 6230 5505 
10403 4389 6767 5500 
10404 6133 6423 4943 
10405 3948 6530 346 
10406 4326 6200 4327 
10407 10 5332 3938 
10408 5779 7162 6811 
10409 6109 6111 3911 
10410 6206 6646 5069 
10411 4445 4467 4444 
10412 6584 7119 6916 
10413 3840 6336 610 
10414 4014 6538 349 
10415 5853 5854 4060 
10416 4588 7092 4497 
10417 6204 6550 5488 
10418 5315 6762 4417 
10419 4134 4137 4136 
10420 6302 7010 4813 
10421 5895 6408 5930 
10422 6101 6415 3845 
10423 5707 6402 6190 
10424 6107 6108 6106 
10425 4633 6789 6150 
10426 4752 6684 6451 
10427 5863 5979 5862 
10428 350 6567 4014 
10429 4024 6567 351 
10430 4122 4125 4124 
10431 4212 4218 4214 
10432 3898 5803 5802 
10433 5975 6998 4376 
10434 6118 6119 5646 
10435 4029 5866 5865 
10436 5477 6490 5481 
10437 4669 6537 5591 
10438 6258 6289 3956 
10439 4077 5967 5966 
10440 4209 6984 6833 
10441 253 6908 5 
10442 4602 4604 4603 
10443 6667 6668 6235 
10444 3930 6733 4976 
10445 4446 6707 4433 
10446 4043 6823 5732 
10447 5232 5233 5219 
10448 6546 7241 4557 
10449 5473 6320 6036 
10450 5529 5531 5527 
10451 307 6403 306 
10452 5735 6293 5879 
10453 326 6663 325 
10454 5437 6706 6290 
10455 3891 6388 6387 
10456 4101 6565 301 
10457 300 6565 4020 
10458 5465 6071 5645 
10459 6823 7073 5732 
10460 5485 5487 5486 
10461 5845 6198 5878 
10462 4021 7044 5352 
10463 4701 6709 6585 
10464 4823 7138 5326 
10465 267 6273 4094 
10466 4748 4750 4742 
10467 4280 6322 6068 
10468 5225 7258 6368 
10469 5234 5239 5164 
10470 3910 5851 5850 
10471 6159 7277 4562 
10472 5894 5895 5893 
10473 5063 5276 5061 
10474 6509 7157 5129 
10475 6888 7233 6682 
10476 4935 7043 7032 
10477 269 7191 4106 
10478 6384 7011 4306 
10479 6073 6623 5953 
10480 4106 7191 6991 
10481 274 6633 4017 
10482 4384 6212 6126 
10483 6248 6324 4025 
10484 6476 6686 4623 
10485 4108 7304 5245 
10486 5928 6715 5927 
10487 5837 6355 5834 
10488 4436 6535 4559 
10489 4566 7179 6864 
10490 7032 7043 5083 
10491 6018 6270 4049 
10492 5059 6612 5057 
10493 4450 4452 4451 
10494 4449 4465 4450 
10495 4071 6307 6306 
10496 5289 6653 4374 
10497 5307 6443 5106 
10498 4255 6857 4253 
10499 4782 6605 5323 
10500 4532 4534 4533 
10501 4999 6528 6381 
10502 5418 6630 4335 
10503 6833 7181 5839 
10504 265 6771 264 
10505 5292 6801 6225 
10506 4337 5337 4349 
10507 5617 5618 4033 
10508 6164 7093 4690 
10509 3899 6047 5960 
10510 4656 7133 6863 
10511 6253 7145 4933 
10512 4763 6601 5296 
10513 4365 4366 4364 
10514 6272 6917 6373 
10515 4635 7140 5633 
10516 4362 6729 5330 
10517 4898 6610 4896 
10518 5073 6611 5075 
10519 6036 6320 3925 
10520 6517 6860 4318 
10521 305 6723 304 
10522 6414 6415 6101 
10523 4990 6575 4992 
10524 5297 6832 4560 
10525 6162 6386 4346 
10526 4939 7231 6091 
10527 4626 5172 4627 
10528 4474 4481 4480 
10529 4537 6560 5323 
10530 5020 6711 5410 
10531 4597 4598 4596 
10532 5046 6597 5048 
10533 4372 6496 4373 
10534 4951 6573 5281 
10535 5182 7071 5185 
10536 4208 4209 4207 
10537 7208 7282 4621 
10538 5334 5336 5335 
10539 6137 6204 3840 
10540 6051 6795 5088 
10541 5708 6104 6103 
10542 4671 6867 6535 
10543 6406 7216 4666 
10544 6030 6238 4074 
10545 4177 6215 4165 
10546 3842 5928 5927 
10547 4347 7057 6048 
10548 4233 6873 5709 
10549 5948 6264 5947 
10550 5493 5495 5494 
10551 5849 7148 3848 
10552 297 6444 3950 
10553 847 6562 3842 
10554 6518 6736 6405 
10555 4360 7213 4359 
10556 3951 6806 310 
10557 5175 6822 4603 
10558 6341 6651 5264 
10559 3924 6130 6129 
10560 4099 6117 5326 
10561 4561 6010 5170 
10562 6422 6959 4257 
10563 5319 7110 4805 
10564 5565 6581 5515 
10565 4244 4246 4245 
10566 4069 6841 736 
10567 3949 6454 260 
10568 280 6831 3952 
10569 4034 6168 5999 
10570 3897 6372 5993 
10571 291 6835 4019 
10572 5849 6942 5562 
10573 4669 7233 6888 
10574 5814 5815 5813 
10575 329 6376 6280 
10576 4915 4916 4914 
10577 4651 5280 4652 
10578 4025 6776 255 
10579 6074 6232 5775 
10580 6544 6842 4032 
10581 3900 6566 5231 
10582 6175 6309 6240 
10583 5888 6066 6065 
10584 5532 6623 6073 
10585 5952 6115 5876 
10586 4091 6539 5752 
10587 266 7290 265 
10588 5859 6435 5857 
10589 4359 4361 4360 
10590 5922 6150 5634 
10591 4937 4938 4936 
10592 5969 6976 5831 
10593 6452 6649 5431 
10594 293 7187 292 
10595 4601 6822 5177 
10596 5523 6070 6069 
10597 3826 6391 5799 
10598 4799 4800 4798 
10599 6588 7127 3942 
10600 5748 6139 5749 
10601 4806 4808 4807 
10602 6134 6663 326 
10603 4252 4253 4251 
10604 5530 6695 5521 
10605 6106 6108 3911 
10606 5733 5734 3888 
10607 4204 4205 4203 
10608 4072 6389 5884 
10609 3890 5911 5910 
10610 4212 4214 4213 
10611 6280 6376 6003 
10612 6358 6747 4720 
10613 4901 6381 5238 
10614 4020 7012 299 
10615 4353 4354 4352 
10616 6894 7260 3843 
10617 4099 6659 288 
10618 5218 6299 4890 
10619 341 7049 4095 
10620 3879 6188 6187 
10621 5219 6653 4400 
10622 4757 6162 4758 
10623 5764 5767 5766 
10624 261 7222 3949 
10625 4095 6875 340 
10626 4965 6166 5200 
10627 277 7203 3954 
10628 7149 7311 5561 
10629 5317 7023 6241 
10630 4054 6119 6118 
10631 5929 6437 5803 
10632 5854 5855 4060 
10633 5867 5868 4076 
10634 5914 6303 6132 
10635 4878 7220 5272 
10636 5231 6311 4422 
10637 4686 4687 4685 
10638 5564 6301 6125 
10639 6082 6083 3825 
10640 6087 7192 5765 
10641 6657 7141 6135 
10642 5274 6152 4743 
10643 4134 4136 4135 
10644 5657 6787 5651 
10645 4264 6542 4266 
10646 5718 6457 5721 
10647 5796 6023 5794 
10648 4159 5983 5448 
10649 5460 5461 5459 
10650 4337 4349 4348 
10651 6462 7319 5524 
10652 6246 7053 4294 
10653 4473 5258 4474 
10654 4743 6660 4737 
10655 6093 7224 4623 
10656 5394 6671 3962 
10657 298 7012 6444 
10658 4855 6675 4856 
10659 5908 6450 5866 
10660 5527 6513 5528 
10661 5330 6510 4360 
10662 4395 7210 6523 
10663 3824 6190 5926 
10664 6121 7257 6120 
10665 5322 7167 6803 
10666 6100 7035 4584 
10667 6319 6782 5970 
10668 7055 7283 6529 
10669 4019 6416 6117 
10670 4927 5419 4934 
10671 3822 6657 6135 
10672 6543 7244 4585 
10673 5915 7215 5916 
10674 4067 5835 5834 
10675 6212 7280 6126 
10676 3892 6332 5867 
10677 4445 7174 4447 
10678 4692 4696 4693 
10679 6056 6057 4041 
10680 6515 7026 5872 
10681 5261 7115 7035 
10682 6694 7227 6039 
10683 4581 5981 5980 
10684 6285 6577 6286 
10685 5201 6667 3837 
10686 6526 6911 6527 
10687 4703 6164 4690 
10688 4696 6424 6206 
10689 6254 6538 4394 
10690 5795 6943 5798 
10691 6033 6593 4568 
10692 3841 6073 5953 
10693 5584 5590 5589 
10694 6141 6142 5907 
10695 6560 6790 6615 
10696 6212 6919 4382 
10697 6027 6028 3827 
10698 5815 5870 5813 
10699 5337 7165 4106 
10700 6090 7212 6005 
10701 3910 5852 5851 
10702 4478 6756 6010 
10703 5878 6198 4040 
10704 5573 5575 5574 
10705 5768 7141 6657 
10706 4041 6309 6175 
10707 4697 6206 5069 
10708 4703 7210 6165 
10709 6159 6161 6158 
10710 4250 4251 4249 
10711 5489 5493 5490 
10712 6181 6693 4314 
10713 6466 7234 4102 
10714 4208 4210 4209 
10715 6864 7179 4581 
10716 4750 7303 4742 
10717 5851 7155 5850 
10718 6031 6928 6033 
10719 5181 7059 6485 
10720 5934 6591 5933 
10721 5443 6368 5441 
10722 6112 6480 5852 
10723 6336 6674 5497 
10724 6718 7204 5757 
10725 4471 4473 4472 
10726 345 6530 6257 
10727 4702 5293 4703 
10728 6155 6786 5393 
10729 6527 6911 4995 
10730 5966 6285 5965 
10731 6365 7147 4297 
10732 4011 7271 6486 
10733 5807 7137 5823 
10734 5817 6944 4528 
10735 6622 7244 4555 
10736 5136 6989 6762 
10737 5986 6479 4292 
10738 4329 6815 5298 
10739 6107 6858 6110 
10740 348 6538 6254 
10741 4393 6523 6035 
10742 6121 6964 4660 
10743 4288 6582 6167 
10744 6007 7261 6663 
10745 5661 5662 3881 
10746 5284 7264 6400 
10747 5378 6643 5206 
10748 5269 6720 6095 
10749 6065 6066 4072 
10750 6069 6070 3826 
10751 5933 6591 3940 
10752 6518 6589 4966 
10753 5689 5691 5690 
10754 5017 6711 5020 
10755 5028 7221 6140 
10756 5348 7301 5318 
10757 6205 6608 4184 
10758 5280 6401 4276 
10759 4752 7219 4735 
10760 5794 5800 4035 
10761 304 6723 4108 
10762 3925 5948 5947 
10763 5299 7116 4316 
10764 4610 6992 4608 
10765 4354 6282 4357 
10766 5865 6287 5864 
10767 4871 6587 5982 
10768 5656 5658 5654 
10769 3940 6196 5941 
10770 6128 6222 4827 
10771 663 6894 3843 
10772 5099 6449 5098 
10773 6261 6361 4022 
10774 4751 6532 5375 
10775 5544 6430 4043 
10776 4306 6386 6385 
10777 6103 6104 3824 
10778 6096 6974 3822 
10779 6039 7227 6040 
10780 4785 7170 5175 
10781 4198 4325 4197 
10782 3882 6221 6220 
10783 4402 6828 4403 
10784 5031 7178 5032 
10785 4190 7037 6638 
10786 6051 6052 4410 
10787 4053 5830 5829 
10788 6674 7320 5497 
10789 346 6530 345 
10790 3822 6974 6657 
10791 5623 5624 3856 
10792 5727 6960 6654 
10793 5159 7157 6050 
10794 4471 4472 4470 
10795 5756 6718 5757 
10796 4156 4157 4155 
10797 5517 6781 5259 
10798 6108 6109 3911 
10799 3920 6837 5946 
10800 6327 6576 4916 
10801 4373 6496 5436 
10802 6075 6228 4345 
10803 4051 6429 5718 
10804 4875 6579 4874 
10805 3854 6231 6230 
10806 4805 7309 6478 
10807 3892 7026 6332 
10808 4547 7048 5434 
10809 4135 6960 6556 
10810 3946 6441 5472 
10811 4699 7118 6424 
10812 6302 6752 4102 
10813 4727 4728 4725 
10814 6078 6495 5967 
10815 6184 6239 5656 
10816 4116 6317 4120 
10817 5604 6949 6719 
10818 5605 5606 3885 
10819 3894 6124 6123 
10820 349 6538 348 
10821 4735 4737 4736 
10822 4918 6904 4929 
10823 4029 5865 5864 
10824 6256 6633 275 
10825 6229 6785 5118 
10826 6453 6827 4274 
10827 4077 5966 5965 
10828 4790 6758 5970 
10829 6211 6440 4314 
10830 6289 7278 7019 
10831 4028 5650 5649 
10832 5955 6953 4061 
10833 6406 6961 6326 
10834 5426 5428 5427 
10835 4178 7106 6459 
10836 5699 7260 6894 
10837 5698 6740 5687 
10838 6961 7195 6326 
10839 5577 5579 5578 
10840 5341 6999 4243 
10841 4283 6900 6216 
10842 4040 6142 6141 
10843 4698 6421 6202 
10844 4501 5972 4485 
10845 846 6562 847 
10846 6028 6490 6335 
10847 5656 7287 5658 
10848 4315 6816 5446 
10849 5194 7033 6533 
10850 6664 7115 5261 
10851 4026 6772 6298 
10852 4862 6045 4866 
10853 4742 7303 6446 
10854 5546 5549 5548 
10855 3997 6807 5192 
10856 3887 6411 5712 
10857 6626 6655 5268 
10858 5873 6239 6184 
10859 5745 5924 3923 
10860 5225 6368 5443 
10861 6154 6906 6153 
10862 3945 6409 5782 
10863 4128 4130 4129 
10864 4080 6239 5873 
10865 5970 6758 5226 
10866 4745 6446 6445 
10867 3939 6139 5748 
10868 5062 5069 5064 
10869 3844 6931 6169 
10870 5732 7073 3857 
10871 4224 6494 5244 
10872 4747 4823 4746 
10873 3823 6150 5922 
10874 3898 5802 5801 
10875 5392 7203 6308 
10876 5441 6368 4423 
10877 5583 5591 5584 
10878 4622 7299 6686 
10879 5517 6666 5506 
10880 5107 5109 5108 
10881 6116 7112 6681 
10882 351 6567 350 
10883 3944 6394 5760 
10884 4047 6432 5639 
10885 5010 6817 5011 
10886 4069 7256 6841 
10887 6430 6823 4043 
10888 5224 7258 5225 
10889 5565 6009 5547 
10890 3891 6387 6313 
10891 5566 5567 4070 
10892 6353 7222 262 
10893 3840 6674 6336 
10894 6132 6303 3924 
10895 4062 6670 6250 
10896 5450 5451 4026 
10897 4027 5453 5452 
10898 5802 6312 5801 
10899 6201 6202 5065 
10900 3883 6390 5616 
10901 4044 6232 6074 
10902 5640 5641 5638 
10903 4081 6072 5843 
10904 5495 5498 5496 
10905 6083 6482 6113 
10906 4595 7195 6983 
10907 4758 7230 3960 
10908 4336 5337 4337 
10909 5314 6496 4372 
10910 4466 7126 4442 
10911 5697 5701 5700 
10912 3896 6619 5912 
10913 4483 4486 4485 
10914 5725 6561 5723 
10915 4102 7060 6466 
10916 6140 6343 6342 
10917 5870 6168 4034 
10918 4508 6661 6064 
10919 4444 4466 4442 
10920 4922 4924 4923 
10921 5437 6290 5072 
10922 5644 6071 4045 
10923 5233 6912 4374 
10924 5002 6840 6601 
10925 5610 5613 5612 
10926 4447 4448 4445 
10927 3899 5960 5959 
10928 309 6806 6263 
10929 4213 7196 4291 
10930 4037 6370 5520 
10931 5567 6172 5571 
10932 6495 7142 5967 
10933 5280 6400 5279 
10934 3884 6177 5674 
10935 5477 5478 4066 
10936 4127 7248 7071 
10937 5956 6307 4071 
10938 5239 7009 4810 
10939 5284 7004 6244 
10940 6270 6296 4049 
10941 6847 6879 4701 
10942 5187 6526 6525 
10943 5423 5424 5422 
10944 6094 6218 3895 
10945 6301 6931 3844 
10946 6253 7254 4016 
10947 7081 7284 4770 
10948 6444 7012 5989 
10949 4089 6906 6411 
10950 5618 5952 4033 
10951 6845 7172 6294 
10952 5961 5962 5959 
10953 5628 5631 5630 
10954 3900 7270 6566 
10955 5424 5426 5425 
10956 6012 6014 5904 
10957 3869 6711 5017 
10958 6209 6210 3855 
10959 5321 7167 6304 
10960 5880 7000 3849 
10961 5823 5898 3886 
10962 3897 5993 5992 
10963 6125 6301 3844 
10964 4859 7255 7097 
10965 6027 6676 6029 
10966 4037 5520 5519 
10967 6109 6428 6111 
10968 6077 6692 3921 
10969 301 6565 300 
10970 6319 7169 4295 
10971 4410 6052 4409 
10972 5581 5583 5582 
10973 4232 6948 4201 
10974 5639 6433 5642 
10975 5840 6600 3878 
10976 6140 7221 4376 
10977 4091 7155 6539 
10978 5344 7173 4812 
10979 5547 5938 4068 
10980 5658 7022 4527 
10981 4585 6819 6718 
10982 5635 5921 3943 
10983 5750 6218 6094 
10984 268 6273 267 
10985 6295 6831 281 
10986 5271 7253 5114 
10987 5789 6357 5785 
10988 4443 7174 4445 
10989 5279 5358 5357 
10990 4706 6786 6573 
10991 3890 6296 5911 
10992 4266 7031 4265 
10993 6456 6978 4284 
10994 5752 5753 3922 
10995 5761 5762 5759 
10996 6164 7118 4699 
10997 4741 6416 4748 
10998 6585 6709 4287 
10999 5248 7056 4810 
11000 3877 6089 5881 
11001 6173 6174 3876 
11002 4917 4918 4916 
11003 5773 6512 4065 
11004 6856 7002 4204 
11005 6047 6460 5960 
11006 4906 6732 4911 
11007 4415 6731 4419 
11008 6632 6745 4764 
11009 4772 6730 4769 
11010 4099 7138 6659 
11011 3875 6741 4969 
11012 6200 6565 4101 
11013 3834 6743 5218 
11014 5478 5944 4066 
11015 5100 5101 5097 
11016 6410 6708 5897 
11017 4314 6909 6181 
11018 5641 6456 5838 
11019 5249 7211 5250 
11020 4995 6737 4991 
11021 3849 6893 5885 
11022 275 6633 274 
11023 5027 6860 6517 
11024 4700 7279 6182 
11025 5633 5635 3943 
11026 4180 4182 4181 
11027 6163 6315 6314 
11028 5603 7005 5604 
11029 5854 5861 5856 
11030 5011 6817 5241 
11031 4078 5812 5811 
11032 5672 6701 5669 
11033 5161 7094 6161 
11034 4856 6675 4864 
11035 3883 5616 5615 
11036 5300 7222 6353 
11037 4604 4606 4605 
11038 4206 4207 4205 
11039 6025 7045 4179 
11040 6494 6634 4619 
11041 5662 6278 6192 
11042 4953 6768 6605 
11043 5919 7072 4277 
11044 5477 5481 5479 
11045 3880 5894 5893 
11046 4941 4942 4940 
11047 5894 5897 5896 
11048 4762 6774 6611 
11049 4367 4369 4366 
11050 4067 6313 5835 
11051 6372 6469 5993 
11052 4384 6527 6493 
11053 3854 6536 6231 
11054 5839 6456 4284 
11055 6040 6648 5391 
11056 4519 4582 4518 
11057 5912 6619 5913 
11058 4778 7001 5976 
11059 6363 6679 3889 
11060 6247 7053 6246 
11061 6451 6684 4987 
11062 5872 7026 3892 
11063 5755 5756 5754 
11064 6396 6843 6807 
11065 5197 6920 6510 
11066 4579 6685 6417 
11067 4128 4974 4130 
11068 5783 6564 4031 
11069 6178 7164 5580 
11070 286 6302 285 
11071 4032 6842 6390 
11072 5606 6157 5609 
11073 4473 4474 4472 
11074 3855 6210 5887 
11075 3944 5760 5759 
11076 4712 4715 4714 
11077 4998 6935 6224 
11078 3857 7074 5636 
11079 6459 7106 6458 
11080 5679 6636 4062 
11081 5747 6438 5650 
11082 6944 7082 4507 
11083 6697 7017 5592 
11084 6123 6124 5935 
11085 6211 6885 6440 
11086 4833 4835 4834 
11087 4907 4909 4908 
11088 4767 6757 6597 
11089 5135 6989 5136 
11090 4416 5315 4417 
11091 6767 7134 5500 
11092 3879 6355 6188 
11093 4535 4592 4591 
11094 4791 4793 4792 
11095 5317 6241 6063 
11096 4731 4732 4730 
11097 4801 4802 4800 
11098 4562 7277 6160 
11099 6286 6577 5602 
11100 4566 7282 7208 
11101 4290 6769 5043 
11102 4050 6011 5903 
11103 5086 6794 5379 
11104 4777 7001 4778 
11105 7075 7076 4728 
11106 5569 5570 5568 
11107 3849 7000 6893 
11108 5693 5695 5694 
11109 5172 6851 4632 
11110 5955 7141 6953 
11111 5528 6463 6462 
11112 4753 6571 6055 
11113 5906 6177 3884 
11114 4794 6782 6319 
11115 5822 5823 3886 
11116 4074 6238 5733 
11117 6308 7203 278 
11118 4418 6764 4416 
11119 5489 6987 5493 
11120 4288 6590 6583 
11121 5504 6600 5840 
11122 5842 6468 5830 
11123 5664 6243 5663 
11124 4430 5205 4431 
11125 7014 7212 6090 
11126 4926 7145 6508 
11127 5078 7013 6219 
11128 6289 7019 5374 
11129 5022 5024 5023 
11130 3941 6680 5954 
11131 4678 4680 4679 
11132 5024 6797 5026 
11133 6688 6905 5467 
11134 6704 7190 4153 
11135 5673 7007 3893 
11136 5246 6345 5047 
11137 4058 5943 5942 
11138 4654 7033 6050 
11139 5608 5610 5607 
11140 6552 6702 5342 
11141 4064 6346 5810 
11142 6505 7188 4342 
11143 3945 5782 5781 
11144 5896 6146 5895 
11145 5401 7061 5402 
11146 4246 4248 4247 
11147 5803 5805 5804 
11148 6187 6188 5668 
11149 4397 7194 6465 
11150 4639 6341 6340 
11151 4688 4689 4687 
11152 5454 5456 5455 
11153 5656 7295 6184 
11154 325 6663 4023 
11155 3887 5712 5711 
11156 5173 6704 6635 
11157 5626 5628 5625 
11158 6286 6990 3852 
11159 5769 5772 5771 
11160 6043 6689 5988 
11161 5457 6060 5453 
11162 5372 7252 7064 
11163 4548 7023 6685 
11164 4316 6114 5378 
11165 5581 7168 5579 
11166 4813 6752 6302 
11167 4200 6868 5442 
11168 4468 7246 4671 
11169 6612 6826 4982 
11170 6003 6694 6002 
11171 4932 7111 6193 
11172 6439 7208 4621 
11173 4942 6051 5088 
11174 7097 7255 5329 
11175 5446 6635 4315 
11176 3853 6697 773 
11177 7064 7252 4221 
11178 4741 7108 6416 
11179 6647 7007 5673 
11180 5681 6389 5686 
11181 5781 6759 5564 
11182 6105 6233 4905 
11183 4984 4986 4985 
11184 5973 6508 4096 
11185 4130 4132 4131 
11186 5190 6234 4413 
11187 4506 7312 6404 
11188 775 6624 4039 
11189 4361 4363 4362 
11190 6516 7029 5025 
11191 4743 6631 5439 
11192 4132 4134 4133 
11193 4059 6722 5951 
11194 4878 6579 4875 
11195 6034 7186 4018 
11196 5098 6449 5116 
11197 4927 7158 5419 
11198 5765 6865 6086 
11199 5138 7043 6395 
11200 5624 6291 5627 
11201 5331 7284 7081 
11202 5411 6838 5412 
11203 6033 6034 4098 
11204 4095 7049 6322 
11205 5212 6405 4967 
11206 5613 7100 5612 
11207 4289 6604 5380 
11208 6169 6931 6170 
11209 6135 7141 5955 
11210 4821 4822 4819 
11211 4927 7305 7158 
11212 4137 6459 6458 
11213 6189 7243 4814 
11214 5567 5571 5569 
11215 5225 5226 4789 
11216 5962 6154 6153 
11217 6379 6647 4042 
11218 5082 7111 6866 
11219 6465 7194 4396 
11220 6404 6792 4467 
11221 4250 4252 4251 
11222 5856 5857 5855 
11223 5836 5837 5834 
11224 4584 7035 7022 
11225 4774 4775 4773 
11226 4961 6889 6637 
11227 5538 7008 6537 
11228 4379 7106 6652 
11229 5435 6797 4239 
11230 5194 7079 5193 
11231 5192 7080 5191 
11232 6219 7114 3958 
11233 5661 6278 5662 
11234 4134 6459 4137 
11235 5331 7081 5188 
11236 6608 6769 4193 
11237 4277 6955 5920 
11238 4051 5718 5717 
11239 5048 6757 6249 
11240 5852 6417 6062 
11241 5130 7083 5232 
11242 5197 7084 5196 
11243 5061 6826 5059 
11244 6010 6500 5170 
11245 3878 6600 5542 
11246 5685 7120 5683 
11247 4993 6911 6599 
11248 5793 5794 4035 
11249 5508 5517 5506 
11250 5993 5995 5994 
11251 4221 7252 6185 
11252 4481 4483 4482 
11253 5260 6664 6102 
11254 5712 6906 6154 
11255 3948 7069 6530 
11256 4284 6978 6770 
11257 5351 6333 4713 
11258 4382 7101 4268 
11259 5830 5832 5831 
11260 3845 6994 6297 
11261 5014 7089 5234 
11262 4248 4250 4249 
11263 6154 6412 5712 
11264 4374 6653 5233 
11265 5818 6712 5816 
11266 4047 5639 5638 
11267 5653 5657 5651 
11268 3875 7268 6741 
11269 3834 7267 6743 
11270 5092 5093 5090 
11271 4492 6934 4494 
11272 6607 6834 5304 
11273 5736 5737 5735 
11274 5546 5547 4068 
11275 5650 5652 5651 
11276 6385 6742 6383 
11277 5207 7097 5329 
11278 5208 7098 5209 
11279 4562 6514 6159 
11280 5976 7001 4279 
11281 5102 5115 5099 
11282 4208 7156 4210 
11283 4928 6714 5985 
11284 4876 6848 4879 
11285 5334 5335 5333 
11286 5596 6174 6173 
11287 5960 5964 5961 
11288 4342 6996 6995 
11289 7071 7248 4319 
11290 4808 4813 4809 
11291 5850 7155 4091 
11292 5943 7310 5496 
11293 5760 6394 6354 
11294 4737 4739 4738 
11295 5279 6400 5358 
11296 5091 5094 5092 
11297 264 6771 4012 
11298 5634 6789 4635 
11299 6905 7192 6087 
11300 3850 6801 6340 
11301 5718 5721 5720 
11302 4056 6942 5849 
11303 4019 6835 6532 
11304 5978 6545 6544 
11305 4388 6987 6839 
11306 3947 6547 5841 
11307 4759 6742 6385 
11308 5741 5745 3923 
11309 4158 4161 4157 
11310 4378 5314 4372 
11311 6668 7245 4865 
11312 4744 6569 4730 
11313 310 6806 309 
11314 4893 6853 4891 
11315 5368 7171 5950 
11316 4298 5983 4152 
11317 6445 6447 4744 
11318 6520 7050 5244 
11319 5524 5530 5521 
11320 4116 4120 4118 
11321 3877 6348 6089 
11322 3876 6174 5932 
11323 4349 4351 4350 
11324 6321 6644 5381 
11325 6451 6631 4752 
11326 6631 7219 4752 
11327 4437 4441 4439 
11328 6359 6680 3941 
11329 5671 5672 5669 
11330 5386 6505 6504 
11331 3946 5472 5471 
11332 5185 6925 6109 
11333 6073 6705 5532 
11334 6338 6915 4238 
11335 4179 6784 6025 
11336 5075 6774 6677 
11337 5722 5726 5720 
11338 5676 6352 6156 
11339 4124 4152 4121 
11340 5795 5796 5794 
11341 4719 6871 5364 
11342 4658 6620 6462 
11343 3880 6310 5894 
11344 3955 6694 6376 
11345 3873 6935 4998 
11346 5662 6192 5664 
11347 4483 4485 4484 
11348 4403 6828 4406 
11349 4528 6558 5818 
11350 4388 6497 6492 
11351 4572 7283 7055 
11352 4702 6857 5293 
11353 4571 7027 6160 
11354 736 6841 737 
11355 4810 5447 5248 
11356 6326 7195 4662 
11357 4105 6424 6223 
11358 5606 5609 5608 
11359 5631 7067 5630 
11360 281 6831 280 
11361 4574 6747 6358 
11362 4403 4405 4404 
11363 5566 6172 5567 
11364 4078 6356 5812 
11365 5611 7094 6586 
11366 6240 6309 5725 
11367 5455 5457 5453 
11368 5451 6772 4026 
11369 292 6835 291 
11370 4824 7288 6659 
11371 5823 7052 5807 
11372 4795 4797 4796 
11373 5778 7162 5777 
11374 6097 6974 6096 
11375 3833 6941 4886 
11376 6167 6503 6502 
11377 6675 7211 4864 
11378 5742 6196 5744 
11379 6493 7135 6919 
11380 255 6776 254 
11381 4705 5393 4706 
11382 5508 6781 5517 
11383 4018 6710 6360 
11384 5128 6227 5129 
11385 5082 6866 5083 
11386 4016 6595 6262 
11387 5148 5295 5294 
11388 5985 6714 337 
11389 3961 7123 5146 
11390 5794 6023 5800 
11391 5486 7127 5501 
11392 4470 6580 6155 
11393 5639 5642 5640 
11394 5297 6632 4764 
11395 6316 7102 4120 
11396 3938 5421 5420 
11397 4906 4911 4910 
11398 6245 7204 3939 
11399 4415 4419 4418 
11400 5775 5776 5774 
11401 5049 5246 5047 
11402 5030 6327 5141 
11403 5843 6072 5844 
11404 4876 4877 4875 
11405 4771 4772 4769 
11406 5675 5677 5676 
11407 4708 4710 4709 
11408 4994 4995 4991 
11409 5122 6393 5121 
11410 5902 6085 5901 
11411 5646 5647 5645 
11412 5681 5682 5680 
11413 5844 5846 5845 
11414 5734 5736 5735 
11415 5742 5743 5741 
11416 5903 6011 5904 
11417 6381 6528 5238 
11418 4919 4920 4918 
11419 5272 5273 4840 
11420 5548 5565 5547 
11421 5774 6512 5773 
11422 4682 4684 4683 
11423 5974 5975 4955 
11424 4964 4966 4965 
11425 4990 4991 4989 
11426 6024 6703 5052 
11427 5005 5401 5001 
11428 4580 6155 5393 
11429 4755 4759 4757 
11430 5056 5058 5057 
11431 4976 4978 4977 
11432 4450 4451 4448 
11433 5004 5397 5003 
11434 5187 6525 5186 
11435 5009 5274 5008 
11436 5051 5133 5132 
11437 4854 6673 4853 
11438 4961 4962 4960 
11439 4787 4790 4788 
11440 6366 6475 5526 
11441 4768 4769 4766 
11442 4485 5972 4484 
11443 6876 6952 5036 
11444 5011 5013 5012 
11445 4433 4435 4434 
11446 4883 5330 4882 
11447 5046 5047 5045 
11448 4210 4212 4211 
11449 5039 5040 5038 
11450 5920 6627 5858 
11451 6841 7256 5516 
11452 5085 5087 5086 
11453 4412 4415 4414 
11454 4723 4724 4722 
11455 5907 6092 5906 
11456 6307 6679 5574 
11457 4850 5344 5343 
11458 4903 4906 4904 
11459 4830 4832 4831 
11460 4872 4873 4870 
11461 5128 6820 6227 
11462 5913 5915 5914 
11463 4947 4948 4946 
11464 5624 5627 5626 
11465 4368 4378 4372 
11466 6570 7150 4343 
11467 5542 6019 6018 
11468 5775 6232 6226 
11469 4778 5173 4779 
11470 4856 4858 4857 
11471 4974 7011 6330 
11472 5951 6722 6077 
11473 6283 6284 4097 
11474 5595 6563 5599 
11475 4782 4783 4781 
11476 6440 6885 5672 
11477 5109 5111 5110 
11478 5623 6291 5624 
11479 6577 7134 5602 
11480 4982 4983 4981 
11481 5073 5074 5071 
11482 4895 4897 4896 
11483 5520 6367 5522 
11484 5868 6410 5869 
11485 4763 4764 4761 
11486 4951 4952 4950 
11487 4718 6053 4719 
11488 4112 4114 4113 
11489 4901 5237 4900 
11490 5932 6719 6030 
11491 5711 5714 5713 
11492 5039 6643 5378 
11493 5605 6157 5606 
11494 5667 6210 6209 
11495 5901 6072 4081 
11496 5304 6587 4873 
11497 662 6894 663 
11498 6523 7210 5293 
11499 5284 7229 7004 
11500 4741 4748 4742 
11501 5645 6071 5644 
11502 4218 7303 6265 
11503 5030 6576 6327 
11504 5615 5619 5617 
11505 5101 6413 5105 
11506 3894 6357 6124 
11507 4103 6252 6251 
11508 5017 5020 5019 
11509 6500 7176 5170 
11510 4119 4154 4153 
11511 4253 6857 4259 
11512 5257 6698 6531 
11513 4440 4469 4468 
11514 4403 4406 4405 
11515 5347 6594 4565 
11516 6149 6467 6148 
11517 4318 6518 6405 
11518 4715 5168 4716 
11519 4774 7239 6525 
11520 6102 6272 5260 
11521 4909 4913 4912 
11522 4944 5286 4942 
11523 4927 4934 4933 
11524 4292 6479 4326 
11525 4023 6656 6252 
11526 6220 6221 5786 
11527 6733 7180 4836 
11528 4350 5975 5974 
11529 5231 6485 6311 
11530 6514 7202 4523 
11531 6487 6554 4932 
11532 5974 7152 4348 
11533 5436 6496 4321 
11534 5011 5241 5013 
11535 6896 7275 6897 
11536 5749 5751 5750 
11537 5218 6743 6540 
11538 5935 5936 5934 
11539 3940 6591 6196 
11540 5787 5789 5785 
11541 5450 6340 5451 
11542 5458 6905 6087 
11543 5453 6060 5452 
11544 5056 5065 5058 
11545 4541 6594 4542 
11546 6323 7067 4054 
11547 5881 6089 5882 
11548 5745 6407 5924 
11549 5274 5439 5008 
11550 5572 7136 6725 
11551 6162 6163 4758 
11552 6297 6994 5466 
11553 5085 6133 5087 
11554 6166 6167 5200 
11555 4856 4864 4858 
11556 4778 5976 5173 
11557 4258 6602 4262 
11558 5500 6696 6553 
11559 6071 6431 4045 
11560 5812 6099 5811 
11561 6322 7049 6068 
11562 6601 6840 5296 
11563 6783 6973 6603 
11564 3925 6320 5948 
11565 4050 6293 6011 
11566 5024 5026 5025 
11567 7065 7301 4540 
11568 6510 7084 5197 
11569 4708 4711 4710 
11570 6154 6628 6412 
11571 5674 6177 5675 
11572 5264 6651 4643 
11573 6208 6391 6070 
11574 6203 6564 5783 
11575 5480 6350 5478 
11576 6407 6858 6107 
11577 5680 6636 5679 
11578 4064 6427 6346 
11579 5827 6239 4080 
11580 6369 7320 5494 
11581 5823 6362 5898 
11582 6058 6268 6267 
11583 6535 6867 4559 
11584 5352 7044 4569 
11585 6057 6309 4041 
11586 4313 6734 6025 
11587 6095 6720 3823 
11588 5815 6168 5870 
11589 5520 6370 6367 
11590 5532 6705 5533 
11591 4846 6954 4845 
11592 5336 5339 5338 
11593 6385 6386 4759 
11594 4664 7158 5327 
11595 6098 6398 5827 
11596 6441 6442 5472 
11597 5757 7204 6245 
11598 6321 6722 4059 
11599 6230 6231 5505 
11600 4182 4330 4307 
11601 5040 7119 6584 
11602 4339 5229 4325 
11603 6429 6457 5718 
11604 4607 6509 6227 
11605 5547 6009 5938 
11606 4662 7131 6325 
11607 6300 7100 4044 
11608 5867 6332 5868 
11609 3843 6665 5945 
11610 6939 7063 6765 
11611 6207 6695 5530 
11612 4854 6890 6738 
11613 5954 6680 6475 
11614 4924 4928 4925 
11615 5721 5723 5722 
11616 4347 7251 6076 
11617 5534 6682 4668 
11618 5098 5116 5103 
11619 4606 4608 4607 
11620 5624 5626 5625 
11621 4759 6386 6162 
11622 4733 4734 4732 
11623 5444 5970 5226 
11624 5233 6653 5219 
11625 5353 6844 6242 
11626 6156 6619 3896 
11627 5043 5304 4873 
11628 5522 5525 5524 
11629 4441 4443 4442 
11630 6084 6811 6777 
11631 5124 5126 5125 
11632 4674 4677 4675 
11633 6557 7104 4202 
11634 4973 6384 4972 
11635 6622 7241 4587 
11636 5595 5599 5597 
11637 5017 5019 5018 
11638 4886 6899 6182 
11639 7130 7226 4149 
11640 4120 4122 4121 
11641 6605 6768 5323 
11642 5454 5455 5453 
11643 5858 5859 5857 
11644 4426 4429 4427 
11645 5606 5608 5607 
11646 4998 5346 4999 
11647 4969 4971 4970 
11648 5798 5817 5796 
11649 5478 6350 5944 
11650 7019 7278 6043 
11651 5662 5664 5663 
11652 4839 4842 4841 
11653 4519 7200 6870 
11654 6573 6786 5281 
11655 6376 6694 6003 
11656 5652 5654 5653 
11657 5372 7064 4750 
11658 6599 6911 6526 
11659 5429 7177 6649 
11660 5201 7245 6668 
11661 5299 7292 4340 
11662 6611 6774 5075 
11663 6249 6757 4772 
11664 4593 4597 4596 
11665 6219 6867 4671 
11666 6042 7019 6043 
11667 4449 4450 4448 
11668 5482 5483 5480 
11669 5752 6539 5753 
11670 4641 4642 4640 
11671 4879 6461 6266 
11672 5595 5597 5596 
11673 4288 6583 6582 
11674 5832 6465 5969 
11675 5549 5551 5550 
11676 5261 7035 6918 
11677 6432 6433 5639 
11678 4976 6733 6483 
11679 6102 6270 6018 
11680 4102 7234 6261 
11681 3895 6218 5978 
11682 6597 6757 5048 
11683 299 7012 298 
11684 5567 5569 5568 
11685 4103 6251 6080 
11686 5668 5669 5666 
11687 6224 6935 4847 
11688 6478 7309 6477 
11689 4159 4160 4158 
11690 6691 6979 5119 
11691 5950 7171 5949 
11692 5507 5509 5508 
11693 4320 7117 6328 
11694 5066 6425 5067 
11695 5572 6725 6724 
11696 6545 6936 4587 
11697 6263 7044 4021 
11698 5059 6826 6612 
11699 4534 6593 4535 
11700 5858 7199 5920 
11701 5715 6057 5713 
11702 4794 6319 6318 
11703 6809 6810 3874 
11704 4122 4124 4121 
11705 6104 6190 3824 
11706 4835 6734 4836 
11707 5326 7138 4099 
11708 4505 6981 4511 
11709 4132 6459 4134 
11710 6016 7069 4344 
11711 5618 6115 5952 
11712 5520 5522 5521 
11713 6916 7119 4290 
11714 6091 6471 4939 
11715 288 6659 287 
11716 5981 7215 5915 
11717 4621 6887 6862 
11718 6878 7132 6940 
11719 5702 5703 5701 
11720 5753 5755 5754 
11721 6725 6726 4466 
11722 4776 6126 4775 
11723 6274 6920 5197 
11724 342 7049 341 
11725 5036 6952 6275 
11726 5678 6990 6563 
11727 5113 6058 5112 
11728 5681 5686 5682 
11729 6077 6722 5340 
11730 3893 7007 6644 
11731 6770 6978 5998 
11732 6346 6735 5810 
11733 5439 6631 5007 
11734 4201 6948 4192 
11735 4040 6198 6142 
11736 4346 7102 6316 
11737 4877 4878 4875 
11738 5601 7134 6767 
11739 5920 7199 5919 
11740 6115 6116 5877 
11741 4307 5990 4309 
11742 5786 5787 5785 
11743 4148 7226 7153 
11744 6319 7130 6318 
11745 5256 7110 5319 
11746 6898 7048 4545 
11747 4369 6458 4379 
11748 5421 5423 5422 
11749 4363 4365 4364 
11750 4065 6512 6511 
11751 4883 7084 6510 
11752 4345 7315 6076 
11753 4723 4725 4724 
11754 4876 4879 4877 
11755 6571 6850 4733 
11756 3924 6303 6130 
11757 5733 6238 5734 
11758 5684 5685 5683 
11759 4961 6637 4962 
11760 5039 5378 5040 
11761 4872 5042 4873 
11762 4422 4424 4423 
11763 5479 5480 5478 
11764 6790 6907 4583 
11765 340 6875 339 
11766 5505 5506 5503 
11767 4890 4892 4891 
11768 4538 7107 6803 
11769 5319 7259 5320 
11770 5775 6226 5776 
11771 4931 4937 4936 
11772 4702 4703 4690 
11773 4400 5289 4401 
11774 4315 6830 6816 
11775 4872 6559 5042 
11776 5347 7205 6594 
11777 4814 7243 6275 
11778 6005 7212 6007 
11779 5408 7075 5285 
11780 5763 5764 5762 
11781 6288 6716 4397 
11782 6259 7278 6258 
11783 4802 6466 4806 
11784 5742 5744 5743 
11785 5734 6238 5738 
11786 6126 6527 4384 
11787 4020 7088 6479 
11788 6207 6208 6070 
11789 4797 6477 4799 
11790 5374 7252 5372 
11791 6147 6148 6146 
11792 4394 7273 4395 
11793 5383 6902 5382 
11794 6636 6670 4062 
11795 6424 7118 6223 
11796 6070 6391 3826 
11797 5051 5440 5133 
11798 5003 5397 5005 
11799 6066 6389 4072 
11800 5052 6703 5440 
11801 4584 6609 6100 
11802 6305 7031 4266 
11803 5551 5553 5552 
11804 5736 7161 5737 
11805 5888 6181 6066 
11806 6161 7094 5611 
11807 5523 6207 6070 
11808 4850 6548 5344 
11809 4830 5446 4832 
11810 4407 6337 5033 
11811 6205 6997 5303 
11812 4339 6813 5229 
11813 4423 7006 4421 
11814 278 7203 277 
11815 5201 6668 6667 
11816 4571 7146 6804 
11817 5490 6674 6204 
11818 6447 6569 4744 
11819 4867 6481 5971 
11820 5463 5468 5464 
11821 262 7222 261 
11822 5970 7169 6319 
11823 5612 7100 6300 
11824 425 7271 4011 
11825 469 7266 3836 
11826 885 7269 3832 
11827 936 7268 3875 
11828 933 7267 3834 
11829 514 7270 3900 
11830 4615 5347 4565 
11831 4120 7102 4122 
11832 4921 6554 6488 
11833 6317 6748 6315 
11834 6525 7239 5186 
11835 4895 5449 4897 
11836 4998 6224 5346 
11837 4797 4799 4798 
11838 5237 5449 4900 
11839 6427 6715 4672 
11840 6760 6784 4181 
11841 6189 6933 4851 
11842 6384 6385 6383 
11843 5509 5511 5510 
11844 5936 5937 5934 
11845 4376 6343 6140 
11846 6269 7274 5259 
11847 4428 6640 4426 
11848 5287 5288 5286 
11849 4351 4353 4352 
11850 5916 6303 5914 
11851 6282 6284 6283 
11852 3927 7207 6024 
11853 6425 6426 5067 
11854 6866 7111 7086 
11855 3956 7187 293 
11856 4465 7014 6090 
11857 6019 6102 6018 
11858 6025 6784 4313 
11859 4913 4915 4914 
11860 5917 6861 5918 
11861 4972 6383 6382 
11862 5431 7177 6708 
11863 5168 5170 5169 
11864 5979 7256 4069 
11865 6314 6315 4123 
11866 6530 7069 6016 
11867 5804 6903 5802 
11868 4676 6642 4674 
11869 5887 6693 5888 
11870 5630 7067 6323 
11871 5318 6358 4898 
11872 5519 6695 5523 
11873 5731 6191 5560 
11874 4120 6317 6316 
11875 4672 6882 6427 
11876 5714 5715 5713 
11877 4684 4686 4685 
11878 5994 6159 6158 
11879 4640 6651 6341 
11880 6665 7260 5690 
11881 4405 4407 4404 
11882 6531 6626 5268 
11883 5020 5302 5021 
11884 5 6908 5366 
11885 6738 6739 4590 
11886 4288 6167 6166 
11887 6708 7177 5430 
11888 6267 6268 4547 
11889 4094 7290 266 
11890 5814 5816 5815 
11891 5907 6142 6093 
11892 5270 7253 5271 
11893 4992 6397 4996 
11894 4616 7208 6439 
11895 6191 6777 4577 
11896 4666 6983 6961 
11897 6012 6472 6014 
11898 7051 7143 4575 
11899 6677 6774 6632 
11900 4536 4586 4568 
11901 5512 6863 5511 
11902 4180 5235 4182 
11903 6760 6914 6420 
11904 5907 6093 6092 
11905 4433 6707 4435 
11906 5430 6149 6147 
11907 4387 6829 6492 
11908 4621 6862 6092 
11909 4114 6748 6317 
11910 3955 7227 6694 
11911 4996 6744 6453 
11912 4443 4445 4444 
11913 6411 6906 5712 
11914 6304 7215 5321 
11915 6893 7000 5700 
11916 6849 6899 4886 
11917 4286 5445 5444 
11918 5915 5916 5914 
11919 5026 5341 5027 
11920 6659 7138 4824 
11921 5572 5573 5570 
11922 4851 6933 6548 
11923 4710 4712 4709 
11924 4338 7109 6273 
11925 4435 4436 4434 
11926 4776 6527 6126 
11927 4790 4791 4788 
11928 5111 5113 5112 
11929 5894 5896 5895 
11930 5058 5059 5057 
11931 4978 6195 4977 
11932 6099 6609 6098 
11933 5803 5804 5802 
11934 4030 5332 873 
11935 5698 6910 6740 
11936 4782 5323 4783 
11937 4482 7034 6791 
11938 4990 4992 4991 
11939 5225 5443 5226 
11940 5004 5398 5397 
11941 5009 6151 5274 
11942 4042 6647 5673 
11943 4986 5386 4985 
11944 4768 4770 4769 
11945 5046 5048 5047 
11946 5911 6296 6270 
11947 4030 5333 5332 
11948 4763 5296 4764 
11949 4951 5281 4952 
11950 4114 4115 4113 
11951 4901 5238 5237 
11952 4415 4416 4414 
11953 5835 5836 5834 
11954 4906 4907 4904 
11955 4832 4833 4831 
11956 5845 6476 6198 
11957 5073 5075 5074 
11958 4897 4898 4896 
11959 4858 4859 4857 
11960 5190 6235 6234 
11961 6227 6509 5129 
11962 5967 6553 5966 
11963 5110 6785 6393 
11964 5970 6782 4790 
11965 5456 5459 5458 
11966 4469 4471 4470 
11967 4956 7152 5974 
11968 4154 4156 4155 
11969 6221 6435 5788 
11970 6251 6252 4582 
11971 6681 7112 4630 
11972 4149 7259 6478 
11973 6390 6842 5616 
11974 4960 6578 5180 
11975 4330 5990 4307 
11976 6241 7023 5316 
11977 4531 6617 6616 
11978 6540 6743 4401 
11979 6645 7151 4986 
11980 5038 6584 5041 
11981 4568 6593 4534 
11982 4197 4199 4194 
11983 6313 6387 5835 
11984 5019 5022 5018 
11985 4429 4430 4427 
11986 4870 6587 4871 
11987 4677 4678 4675 
11988 5772 7072 5919 
11989 5734 5738 5736 
11990 6497 6839 4143 
11991 5136 6762 5325 
11992 5913 5980 5915 
11993 5937 6591 5934 
11994 5126 6396 5125 
11995 3889 6679 5956 
11996 6595 6648 6040 
11997 4722 6592 4726 
11998 5501 7127 6588 
11999 4914 6576 6294 
12000 4061 6861 5917 
12001 4971 4972 4970 
12002 5761 5765 5763 
12003 4586 7186 4568 
12004 4842 4843 4841 
12005 5432 7026 6515 
12006 5825 6970 3853 
12007 4735 4736 4734 
12008 4816 6975 6222 
12009 4094 7109 5990 
12010 4131 7070 6962 
12011 5751 6622 6621 
12012 6453 6744 6337 
12013 5564 6759 6658 
12014 5835 5838 5836 
12015 5425 6837 6506 
12016 5544 7257 6430 
12017 5649 6787 6171 
12018 6294 7172 4914 
12019 6273 7109 4094 
12020 5384 7236 4281 
12021 6120 7257 5544 
12022 4608 4611 4610 
12023 6191 6700 5559 
12024 3852 6990 5678 
12025 6541 7286 4381 
12026 4424 5441 4423 
12027 4377 6912 5233 
12028 6808 7184 4189 
12029 4114 6317 4116 
12030 5542 6020 6019 
12031 6236 6237 5647 
12032 6970 7017 3853 
12033 6331 7054 5236 
12034 5113 6844 6058 
12035 5770 7185 6923 
12036 4383 7280 6212 
12037 4892 4893 4891 
12038 6565 7088 4020 
12039 6206 6424 4105 
12040 4805 6361 4804 
12041 5730 6942 4056 
12042 4699 6424 4696 
12043 4284 6833 5839 
12044 5865 6288 6287 
12045 6010 6756 4663 
12046 5600 6338 5603 
12047 4808 6752 4813 
12048 5706 6836 5707 
12049 5477 5479 5478 
12050 6462 6463 4658 
12051 6446 7303 4218 
12052 6668 7077 6235 
12053 6382 6383 4756 
12054 4159 7316 5983 
12055 4536 4568 4534 
12056 3823 6720 6150 
12057 4343 6779 6144 
12058 4115 7262 4279 
12059 4919 4927 4926 
12060 5114 6507 5271 
12061 6417 6903 4579 
12062 5520 5521 5519 
12063 4865 7077 6668 
12064 4938 4941 4940 
12065 5724 6556 4236 
12066 3848 7148 6555 
12067 5540 6705 6073 
12068 6553 7142 5499 
12069 4561 7250 6333 
12070 5877 6681 5950 
12071 5294 7242 6848 
12072 6419 6852 4893 
12073 4905 6732 4903 
12074 4413 6731 4412 
12075 4105 6646 6206 
12076 4880 5433 4878 
12077 5620 6546 4614 
12078 6537 7008 5590 
12079 4882 6729 6046 
12080 5205 7292 5299 
12081 4046 7238 6515 
12082 6269 6781 5510 
12083 5075 6677 5077 
12084 5776 5777 5774 
12085 5835 6387 5838 
12086 4761 6745 4762 
12087 4950 6746 4953 
12088 4123 6748 4112 
12089 4720 6747 4718 
12090 4766 6730 4767 
12091 6950 7005 4238 
12092 5345 6650 4275 
12093 4981 6750 4984 
12094 5071 6751 5076 
12095 4854 6738 6673 
12096 5854 5856 5855 
12097 5806 7206 4579 
12098 6330 6852 6419 
12099 6316 6317 6315 
12100 4375 6988 4355 
12101 3954 7117 6256 
12102 4294 7294 6939 
12103 4946 6754 5310 
12104 6082 6084 6083 
12105 5760 5761 5759 
12106 4967 6736 4964 
12107 4989 6737 4993 
12108 5445 7153 4295 
12109 5852 6062 5851 
12110 5259 6781 6269 
12111 3842 6818 5928 
12112 4728 4730 4729 
12113 4759 6162 4757 
12114 5779 6625 6511 
12115 5170 7176 5169 
12116 6199 6489 4469 
12117 4741 4742 4738 
12118 4817 4821 4819 
12119 5682 5683 5680 
12120 4756 6742 4755 
12121 6138 6269 5510 
12122 4966 6166 4965 
12123 6761 6859 5469 
12124 6572 7047 5184 
12125 4365 4367 4366 
12126 5096 5100 5097 
12127 6210 6211 5887 
12128 5041 6916 6559 
12129 6713 6749 6228 
12130 6985 6986 4613 
12131 5830 5831 5829 
12132 6027 6029 6028 
12133 4789 6758 4787 
12134 6884 7116 4195 
12135 4915 4917 4916 
12136 6519 6836 4620 
12137 5650 5651 5649 
12138 4306 6606 6386 
12139 5636 7074 5388 
12140 6897 6973 4589 
12141 4397 6465 6288 
12142 4597 4629 4598 
12143 4973 7011 6384 
12144 4542 6594 6045 
12145 5525 6462 5524 
12146 6539 7155 6063 
12147 5043 6607 5304 
12148 6185 7252 5374 
12149 4609 7054 6331 
12150 5072 7174 4443 
12151 5981 7307 7215 
12152 6155 6580 4670 
12153 4799 4801 4800 
12154 5503 6666 5504 
12155 4014 7273 6538 
12156 5318 7301 4574 
12157 5430 7025 6708 
12158 4104 6813 6426 
12159 6025 6734 4835 
12160 5960 5961 5959 
12161 4937 6377 4938 
12162 5599 5601 5600 
12163 4353 4355 4354 
12164 6897 7275 4846 
12165 4688 4702 4690 
12166 5639 5640 5638 
12167 6328 7117 3954 
12168 5546 5548 5547 
12169 6939 7294 4230 
12170 4976 6483 4978 
12171 6544 6545 5620 
12172 5332 6641 3938 
12173 6585 6847 4701 
12174 5103 7304 5275 
12175 5534 6888 6682 
12176 4686 4688 4687 
12177 5143 6487 6486 
12178 4957 7152 4956 
12179 4801 4805 4804 
12180 5993 5994 5992 
12181 5956 6679 6307 
12182 5442 6868 4286 
12183 4899 5318 4898 
12184 6991 7191 4375 
12185 5097 7232 6958 
12186 4116 4117 4115 
12187 4061 6953 6861 
12188 4574 6901 6053 
12189 6147 7025 5430 
12190 4437 4438 4436 
12191 6261 7234 6361 
12192 4518 4520 4516 
12193 4860 4861 4859 
12194 4698 7225 6421 
12195 5060 5061 5059 
12196 4992 4996 4994 
12197 6461 6691 6267 
12198 5048 6249 5049 
12199 5472 5474 5471 
12200 4770 4773 4771 
12201 5761 6865 5765 
12202 5793 5795 5794 
12203 5597 5598 5596 
12204 5209 7098 6635 
12205 5094 5099 5095 
12206 5961 5963 5962 
12207 6331 7182 4609 
12208 6402 6519 6085 
12209 5718 5720 5717 
12210 6092 6439 4621 
12211 5457 6087 6086 
12212 5336 5338 5335 
12213 4947 6614 4948 
12214 4438 6535 4436 
12215 6504 6505 4428 
12216 6502 6503 4676 
12217 4844 4845 4843 
12218 5668 5670 5669 
12219 6638 7037 6455 
12220 4374 6927 5289 
12221 5203 7230 6314 
12222 5491 6987 5489 
12223 4747 6805 4823 
12224 4409 5345 4408 
12225 6427 6882 6346 
12226 5384 6025 4835 
12227 6485 6557 4324 
12228 4794 4795 4793 
12229 5767 6455 5769 
12230 5005 7061 5401 
12231 5350 5351 4713 
12232 7053 7294 4294 
12233 6011 6012 5904 
12234 4752 6850 6684 
12235 4919 7305 4927 
12236 6373 6917 5259 
12237 4235 6596 6470 
12238 4793 6876 4792 
12239 4156 4158 4157 
12240 4846 6973 6897 
12241 4681 4682 4680 
12242 5437 6707 6706 
12243 4737 4738 4736 
12244 6197 6491 5744 
12245 5346 6528 4999 
12246 6138 6349 6269 
12247 4622 6982 6085 
12248 5786 5788 5787 
12249 6923 7185 4386 
12250 6158 6161 5609 
12251 5686 6909 5698 
12252 5949 7171 4036 
12253 4439 4440 4438 
12254 5549 5550 5548 
12255 4118 4119 4117 
12256 4862 4863 4861 
12257 4983 6895 6645 
12258 4680 6849 4679 
12259 7027 7202 4562 
12260 4156 4159 4158 
12261 5620 6842 6544 
12262 5505 5507 5506 
12263 6104 7198 5707 
12264 5856 5858 5857 
12265 5677 6352 5676 
12266 5517 7314 6666 
12267 4600 5236 4602 
12268 5812 6100 6099 
12269 4231 6569 6447 
12270 4585 7291 6819 
12271 5062 5063 5061 
12272 6417 6685 6062 
12273 6654 6960 4235 
12274 6265 7064 4221 
12275 5721 5722 5720 
12276 5832 5969 5831 
12277 5652 5653 5651 
12278 5897 7025 5896 
12279 5555 6399 5553 
12280 5095 5098 5096 
12281 4644 5367 4646 
12282 4611 6870 4610 
12283 6837 7238 5946 
12284 4663 6880 5475 
12285 4986 6750 6645 
12286 4966 6589 6166 
12287 4306 6385 6384 
12288 5913 6619 5980 
12289 4840 6971 4839 
12290 5401 6840 5002 
12291 4211 7297 6984 
12292 6252 6656 4582 
12293 5795 5798 5796 
12294 4917 4919 4918 
12295 4469 6489 4471 
12296 4592 6928 4593 
12297 4634 6271 4636 
12298 4287 6598 6582 
12299 4671 7246 7163 
12300 4353 4375 4355 
12301 5100 5275 5101 
12302 5087 6794 5086 
12303 5064 5066 5063 
12304 5666 6701 5667 
12305 5180 7058 5181 
12306 4554 7040 6683 
12307 5380 6604 5339 
12308 5559 6700 6661 
12309 4868 6957 6809 
12310 4866 4867 4863 
12311 4579 6717 6685 
12312 5946 7238 4046 
12313 4937 6378 6377 
12314 5805 5806 5804 
12315 6519 7299 4622 
12316 5761 5763 5762 
12317 4152 7125 4121 
12318 4367 4373 4369 
12319 5428 6649 6452 
12320 6470 6654 4235 
12321 4915 5327 4917 
12322 4941 4944 4942 
12323 4597 6031 4629 
12324 5423 5984 5424 
12325 6109 6925 6428 
12326 6085 6519 4622 
12327 4287 6709 6598 
12328 6255 6993 4097 
12329 4599 6655 6626 
12330 6645 6750 4983 
12331 6804 7146 5473 
12332 4610 6870 5399 
12333 5896 6147 6146 
12334 5469 6805 4747 
12335 6279 6561 5715 
12336 6635 7098 4779 
12337 4801 4804 4802 
12338 6340 6341 5451 
12339 6602 6669 4650 
12340 4381 7286 6418 
12341 5143 6488 6487 
12342 4355 6282 4354 
12343 5341 6860 5027 
12344 4467 6792 6217 
12345 5642 5998 5640 
12346 4593 6928 4597 
12347 6207 6474 6208 
12348 4688 4690 4689 
12349 5463 5464 5461 
12350 4311 4338 4336 
12351 5559 6661 5557 
12352 4638 4641 4640 
12353 5962 6628 6154 
12354 3853 7017 6697 
12355 6212 7031 4383 
12356 5598 6174 5596 
12357 6532 6835 5375 
12358 4368 6662 4378 
12359 5174 6821 6820 
12360 5573 5586 5575 
12361 5542 6600 6020 
12362 4608 6080 4611 
12363 4648 4653 4651 
12364 5514 7256 5979 
12365 4736 4745 4734 
12366 6614 6616 4948 
12367 6152 6660 4743 
12368 5527 5528 5525 
12369 4120 4121 4118 
12370 5483 5492 5485 
12371 4285 6770 5998 
12372 5047 6345 5045 
12373 5602 7134 5601 
12374 4577 6700 6191 
12375 6613 6614 4947 
12376 6618 6706 4446 
12377 4886 6941 6849 
12378 4619 6634 4617 
12379 4441 4442 4439 
12380 4821 4824 4822 
12381 5569 5572 5570 
12382 4743 7219 6631 
12383 6199 7126 4466 
12384 5487 5491 5489 
12385 5167 6968 6937 
12386 6061 7231 4943 
12387 5963 6628 5962 
12388 4911 6732 6233 
12389 6053 6871 4719 
12390 5577 6217 5579 
12391 6531 6698 4661 
12392 6192 6244 5664 
12393 5608 5611 5610 
12394 5283 7004 6892 
12395 4934 7254 4933 
12396 6654 7085 6780 
12397 4521 7275 6896 
12398 5590 7008 5593 
12399 4667 6773 6682 
12400 5111 5270 5113 
12401 5026 5435 5341 
12402 4739 4741 4738 
12403 4198 7116 5299 
12404 4419 6731 6234 
12405 5456 5458 5455 
12406 6150 6789 5634 
12407 6686 7235 4623 
12408 6767 6829 4237 
12409 5626 5629 5628 
12410 7078 7125 4152 
12411 6438 7295 5652 
12412 6461 7242 5295 
12413 4927 4933 4926 
12414 4911 6344 4910 
12415 4994 6493 4995 
12416 4333 6650 5345 
12417 6741 6853 4969 
12418 4684 6690 4686 
12419 4532 4536 4534 
12420 6868 6869 4191 
12421 5522 5524 5521 
12422 5689 5709 5691 
12423 6983 7217 4591 
12424 6919 7135 4274 
12425 6114 7119 5040 
12426 5479 5482 5480 
12427 4589 6973 6783 
12428 6485 7059 6557 
12429 7158 7305 5327 
12430 5723 5724 5722 
12431 4984 6750 4986 
12432 4231 6570 6569 
12433 4359 4371 4361 
12434 4626 6542 5172 
12435 5440 6464 5133 
12436 4656 6863 6581 
12437 4979 6980 6845 
12438 4919 4926 4920 
12439 6233 6732 4905 
12440 5482 6470 5483 
12441 4363 4368 4365 
12442 4911 6500 6344 
12443 6234 6731 4413 
12444 5697 5702 5701 
12445 4692 4699 4696 
12446 5335 6143 5333 
12447 4529 6907 6790 
12448 6260 7227 3955 
12449 6548 6549 5344 
12450 5446 6816 4832 
12451 6283 6662 4371 
12452 4270 6812 6271 
12453 4563 7068 5806 
12454 5535 7183 6705 
12455 6543 7129 5316 
12456 5777 6512 5774 
12457 4944 5287 5286 
12458 4024 7118 6164 
12459 4924 5973 4928 
12460 5553 6521 5552 
12461 5118 6938 6229 
12462 6315 6748 4123 
12463 4418 6765 6764 
12464 4583 6616 6614 
12465 4728 4729 4725 
12466 4355 6988 6284 
12467 5581 5585 5583 
12468 5026 6797 5435 
12469 5351 6981 6333 
12470 5510 6781 5508 
12471 4823 5326 4746 
12472 6405 6736 4967 
12473 6347 7127 5486 
12474 6682 6773 4668 
12475 5672 6885 6701 
12476 6410 6796 5431 
12477 5107 5114 5109 
12478 4866 7205 7016 
12479 4909 5291 4913 
12480 4508 6946 6661 
12481 5654 5655 5653 
12482 4535 6593 4592 
12483 4653 6422 6401 
12484 5564 6658 6301 
12485 4604 4609 4606 
12486 5509 5510 5508 
12487 6545 6546 5620 
12488 4440 6199 4469 
12489 4295 7130 6319 
12490 6383 6742 4756 
12491 6479 7088 4326 
12492 5226 6758 4789 
12493 4732 4744 4730 
12494 4890 6299 4892 
12495 5339 5365 5338 
12496 4933 7145 4926 
12497 6320 6436 5948 
12498 5838 5839 5836 
12499 6234 6246 4419 
12500 6371 7171 5368 
12501 5738 5739 5736 
12502 4422 6311 4424 
12503 5278 6823 6430 
12504 4833 5384 4835 
12505 4443 4444 4442 
12506 4400 6653 5289 
12507 4791 4794 4793 
12508 5115 6449 5099 
12509 5020 5021 5019 
12510 4775 5230 4773 
12511 4678 4681 4680 
12512 5173 7190 6704 
12513 4669 6888 6537 
12514 6258 7278 6289 
12515 6204 6674 3840 
12516 6373 7274 5258 
12517 5511 6138 5510 
12518 5629 6968 6814 
12519 5165 6968 6467 
12520 5551 5552 5550 
12521 6896 6897 4588 
12522 6777 6947 4577 
12523 5270 6242 5113 
12524 5241 6144 5013 
12525 4096 7145 6253 
12526 4281 7045 5384 
12527 4331 6914 6793 
12528 6625 6913 6082 
12529 6299 6540 4381 
12530 5684 5687 5685 
12531 6058 6844 6268 
12532 5859 6627 6214 
12533 4662 6699 6698 
12534 5764 6638 5767 
12535 4376 6998 6855 
12536 6426 6813 4341 
12537 5175 7170 6822 
12538 5599 5600 5597 
12539 4773 6683 4771 
12540 6617 6754 4948 
12541 6369 7310 5943 
12542 4586 7139 6339 
12543 6346 6882 5240 
12544 5094 5095 5092 
12545 5763 5770 5764 
12546 4836 6734 6483 
12547 6147 6149 6148 
12548 6080 6251 4611 
12549 5530 6474 6207 
12550 6393 6785 5121 
12551 4879 7242 6461 
12552 5116 6574 5103 
12553 4641 4650 4642 
12554 5507 5508 5506 
12555 5744 6491 5743 
12556 7004 7265 6244 
12557 5042 5043 4873 
12558 5788 6213 5787 
12559 6474 6620 4659 
12560 5322 6803 6802 
12561 5936 6365 5937 
12562 5670 5671 5669 
12563 5378 6114 5040 
12564 6019 6272 6102 
12565 4317 7015 6143 
12566 5433 7220 4878 
12567 5714 6279 5715 
12568 4555 7241 6622 
12569 4444 6727 4466 
12570 5302 5303 5021 
12571 6093 6439 6092 
12572 5682 5684 5683 
12573 5776 5778 5777 
12574 5459 5467 5458 
12575 5443 5444 5226 
12576 4877 4880 4878 
12577 5980 5981 5915 
12578 6540 6541 4381 
12579 5075 5077 5074 
12580 4897 4899 4898 
12581 5283 6902 6243 
12582 5323 6560 4783 
12583 6031 6032 4629 
12584 4710 4713 4712 
12585 6163 6316 6315 
12586 4341 6813 4339 
12587 7113 7318 4630 
12588 4114 4116 4115 
12589 5281 6702 4952 
12590 5296 5297 4764 
12591 5668 6188 5670 
12592 5846 6476 5845 
12593 4858 4860 4859 
12594 4435 4437 4436 
12595 4906 4910 4907 
12596 4405 4408 4407 
12597 6223 7118 4024 
12598 5169 7176 6233 
12599 4415 4418 4416 
12600 6235 6246 6234 
12601 4842 4844 4843 
12602 5683 6636 5680 
12603 5149 6979 5148 
12604 5505 6231 5507 
12605 5536 6888 5534 
12606 5058 5060 5059 
12607 4978 6420 6195 
12608 5670 6216 5671 
12609 5048 5049 5047 
12610 4971 4973 4972 
12611 6552 6768 6746 
12612 4565 6594 4541 
12613 4992 4994 4991 
12614 4424 5442 5441 
12615 4770 4771 4769 
12616 5064 5366 5066 
12617 6151 6152 5274 
12618 6272 6373 5260 
12619 4594 6754 6617 
12620 5126 6761 6396 
12621 4880 5434 5433 
12622 5283 7265 7004 
12623 5786 6221 5788 
12624 5061 6895 6826 
12625 4681 4701 4682 
12626 4862 4866 4863 
12627 4794 6318 4795 
12628 4860 4862 4861 
12629 6249 6292 5049 
12630 4116 4118 4117 
12631 4844 4846 4845 
12632 5062 5064 5063 
12633 5060 5062 5061 
12634 4899 5348 5318 
12635 4801 7309 4805 
12636 4437 4439 4438 
12637 4507 6945 6944 
12638 4303 6561 6279 
12639 6445 6446 4218 
12640 5529 6680 6359 
12641 5424 6639 5426 
12642 6491 6572 5743 
12643 4383 6305 6127 
12644 4929 6904 6488 
12645 5293 7210 4703 
12646 4613 7317 6985 
12647 6807 6843 5192 
12648 6626 7159 4599 
12649 5750 6621 6218 
12650 6400 7264 5358 
12651 4938 6377 4941 
12652 6526 6527 4776 
12653 5837 7181 6216 
12654 6314 7230 4758 
12655 4574 7301 7065 
12656 5966 6696 6285 
12657 6184 7295 6438 
12658 4429 6995 4430 
12659 5963 7247 6629 
12660 6167 6582 6503 
12661 5882 7164 6178 
12662 5523 6695 6207 
12663 5888 6693 6181 
12664 5237 6940 5449 
12665 5093 7237 6374 
12666 4842 6971 6603 
12667 5490 7320 6674 
12668 4536 7139 4586 
12669 6803 7167 4538 
12670 3882 7175 6221 
12671 6076 7315 4312 
12672 6467 6968 5629 
12673 5572 6724 5573 
12674 6013 6472 6012 
12675 4641 6812 4650 
12676 6822 7170 5177 
12677 6866 7032 5083 
12678 6811 7162 4578 
12679 6937 6968 5165 
12680 4845 6954 6753 
12681 4691 6755 6464 
12682 4408 6337 4407 
12683 4291 7196 6740 
12684 6583 6590 4247 
12685 6483 6733 4836 
12686 5482 6654 6470 
12687 6473 7240 6472 
12688 4820 6859 6499 
12689 5937 6365 6197 
12690 6160 6846 6436 
12691 6139 6819 5749 
12692 6200 7088 6565 
12693 4314 6910 6909 
12694 4282 6568 6440 
12695 5117 6958 6448 
12696 4522 7055 6932 
12697 4725 6721 4724 
12698 3942 7127 6347 
12699 4480 6551 5342 
12700 5306 6854 6825 
12701 5383 7007 6647 
12702 4658 7082 6620 
12703 3843 7260 6665 
12704 4790 6782 4791 
12705 6933 6965 4811 
12706 6878 6940 4572 
12707 5275 6413 5101 
12708 4238 6951 6950 
12709 6311 6485 4324 
12710 6848 7242 4879 
12711 6460 7298 5964 
12712 6780 7085 5481 
12713 4629 6969 4598 
12714 6285 6696 6577 
12715 6481 7294 5971 
12716 6337 6744 5033 
12717 6884 7119 6114 
12718 5431 6796 6452 
12719 6440 6568 4314 
12720 5393 6786 4706 
12721 4576 6934 6064 
12722 5295 6691 6461 
12723 4340 7099 5299 
12724 5691 6872 5693 
12725 4104 6426 6425 
12726 6872 6873 5243 
12727 6281 7142 6495 
12728 6428 7298 6460 
12729 6811 6913 5779 
12730 6616 6617 4948 
12731 6706 6707 4446 
12732 6219 7013 6867 
12733 5739 7161 5736 
12734 5591 7038 4669 
12735 6564 6921 4031 
12736 4466 6726 6199 
12737 6762 6763 5325 
12738 5971 7294 7053 
12739 4380 6419 6418 
12740 6615 6790 4583 
12741 4290 6883 6769 
12742 5587 6970 5825 
12743 6967 6982 4622 
12744 6098 6609 6398 
12745 6637 7293 4322 
12746 6195 6914 4331 
12747 4557 6986 6546 
12748 5240 6735 6346 
12749 4552 7244 6543 
12750 5655 6886 6489 
12751 7112 7317 4625 
12752 6621 6622 4587 
12753 7207 7279 6024 
12754 4813 7010 4815 
12755 4506 7038 7028 
12756 4351 6991 4353 
12757 6299 6418 4892 
12758 4279 7262 5976 
12759 4294 6939 6765 
12760 4972 6384 6383 
12761 4207 6972 4205 
12762 4749 6843 6396 
12763 6306 7024 5576 
12764 5012 7293 6889 
12765 4982 6826 4983 
12766 4373 6458 4369 
12767 5367 7046 6669 
12768 5464 6808 6687 
12769 5695 6799 5697 
12770 5604 7005 6949 
12771 6442 6802 5472 
12772 6528 6529 5238 
12773 6849 6941 4679 
12774 5602 6990 6286 
12775 4515 7143 7051 
12776 6474 7319 6620 
12777 4355 6284 6282 
12778 4899 7132 6878 
12779 5064 6646 5366 
12780 4804 6466 4802 
12781 5347 7020 7016 
12782 4331 6793 6749 
12783 6944 6945 4528 
12784 5461 6687 5459 
12785 6045 7205 4866 
12786 6582 6598 6503 
12787 6703 6788 4694 
12788 4627 7318 7113 
12789 6166 6589 4288 
12790 6654 6780 5727 
12791 5707 6836 6402 
12792 6307 7024 6306 
12793 6538 7273 4394 
12794 4571 7107 7027 
12795 4156 7316 4159 
12796 4186 6997 6205 
12797 4290 6884 6883 
12798 5260 7115 6664 
12799 6533 7033 4654 
12800 6560 6791 6790 
12801 4376 6855 6343 
12802 6415 6994 3845 
12803 6568 6910 4314 
12804 5919 7199 5861 
12805 5528 6462 5525 
12806 5273 6783 6603 
12807 6662 7214 4371 
12808 4621 7282 6887 
12809 4293 7063 6939 
12810 6269 6349 4498 
12811 5358 7264 5389 
12812 6746 6768 4953 
12813 5337 7090 4349 
12814 4935 6728 6395 
12815 4391 6948 6473 
12816 6730 6757 4767 
12817 6745 6774 4762 
12818 4328 6926 6881 
12819 6242 6844 5113 
12820 5482 7085 6654 
12821 6669 7046 4650 
12822 4797 6874 6477 
12823 4389 6829 6767 
12824 4560 6678 6677 
12825 6553 6766 5500 
12826 5751 6621 5750 
12827 5640 6978 5641 
12828 5982 6587 5304 
12829 6419 6652 6330 
12830 4308 6914 6760 
12831 4135 7039 6960 
12832 4620 7299 6519 
12833 4815 6891 4817 
12834 6525 6526 4776 
12835 5460 6994 6415 
12836 4589 6898 6897 
12837 4181 7103 6760 
12838 6116 6681 5877 
12839 6515 7238 5427 
12840 4508 6522 6399 
12841 6578 7058 5180 
12842 4842 6603 4844 
12843 4969 6853 4971 
12844 6826 6895 4983 
12845 6698 6699 4661 
12846 5838 6456 5839 
12847 6541 6927 4370 
12848 5521 6695 5519 
12849 6558 7218 7201 
12850 5506 6666 5503 
12851 5473 7146 6320 
12852 4240 6999 5435 
12853 6279 6962 4303 
12854 4119 7078 4154 
12855 6243 7265 5283 
12856 6603 6971 5273 
12857 6124 6778 5935 
12858 6211 6693 5887 
12859 4296 6478 6477 
12860 7148 7149 6555 
12861 5641 6978 6456 
12862 4986 7151 5386 
12863 4822 6805 5469 
12864 6632 6774 6745 
12865 4597 6928 6031 
12866 6889 7293 6637 
12867 4296 6874 6318 
12868 6356 6918 5812 
12869 5633 7140 5635 
12870 4239 6797 6334 
12871 6421 7225 4697 
12872 7306 7307 5981 
12873 6470 6596 5492 
12874 6809 6957 4716 
12875 6082 6913 6084 
12876 5033 6744 6397 
12877 4313 6760 6420 
12878 6943 6944 5798 
12879 4583 6907 6616 
12880 6749 6793 4310 
12881 5610 6798 5613 
12882 6663 7261 4023 
12883 4426 6640 4429 
12884 4962 6578 4960 
12885 6489 6886 4527 
12886 4674 6642 4677 
12887 4772 6757 6730 
12888 6574 7304 5103 
12889 5040 6584 5038 
12890 5976 7190 5173 
12891 5368 7318 4631 
12892 5431 6708 6410 
12893 5983 7078 4152 
12894 4873 6587 4870 
12895 5658 6886 5654 
12896 6814 6968 5167 
12897 6100 6609 6099 
12898 5737 7161 6013 
12899 4632 6851 4634 
12900 5669 6701 5666 
12901 4724 6592 4722 
12902 6637 6856 4962 
12903 6343 6855 4356 
12904 5677 6864 6352 
12905 5563 6931 6301 
12906 6115 7166 6116 
12907 5483 6470 5492 
12908 4694 6464 5440 
12909 5906 6862 6177 
12910 5628 6814 5631 
12911 5557 6946 5555 
12912 4108 6723 6507 
12913 6398 6609 4584 
12914 4237 6915 6338 
12915 6455 7037 4277 
12916 5504 7314 6600 
12917 3938 6641 5421 
12918 6686 7299 4618 
12919 6053 6901 6871 
12920 4915 7285 5327 
12921 6582 6583 4287 
12922 4590 7216 6673 
12923 4191 7153 5445 
12924 4995 6911 6737 
12925 4899 6878 5348 
12926 5272 7220 5273 
12927 4018 7186 6710 
12928 6710 7186 4586 
12929 6013 6473 6472 
12930 5973 6714 4928 
12931 4236 6960 5727 
12932 7086 7111 4932 
12933 5558 7311 7149 
12934 6354 6865 5760 
12935 4230 7105 6939 
12936 6521 7003 5552 
12937 5447 7042 4816 
12938 4506 7233 7038 
12939 6897 6898 4588 
12940 6218 6936 5978 
12941 5440 6703 4694 
12942 4839 6971 4842 
12943 6661 6700 6064 
12944 4740 6660 6152 
12945 6430 7257 4660 
12946 5289 6927 6541 
12947 6399 6522 6521 
12948 6684 6850 4753 
12949 6620 7082 4659 
12950 4677 6642 6598 
12951 5815 6712 6168 
12952 4196 6834 6607 
12953 6598 6642 6503 
12954 6507 6723 5271 
12955 5087 6795 6794 
12956 6740 7196 6380 
12957 4630 7318 5368 
12958 4516 7014 4465 
12959 4353 6991 4375 
12960 4957 7057 7036 
12961 6845 6980 4912 
12962 6755 6922 4695 
12963 6867 7013 4559 
12964 6478 7259 5319 
12965 4054 7067 6119 
12966 6549 7173 5344 
12967 6657 6974 5766 
12968 4350 6998 5975 
12969 6352 6864 4581 
12970 6915 6963 4150 
12971 6380 7196 4215 
12972 6589 6590 4288 
12973 6607 6608 4196 
12974 4598 6969 4600 
12975 5530 7319 6474 
12976 7073 7074 3857 
12977 6557 6930 4324 
12978 6402 6836 6519 
12979 5481 7085 5479 
12980 5043 6769 6607 
12981 5749 6819 5751 
12982 6399 6521 5553 
12983 5984 6639 5424 
12984 4771 7040 4772 
12985 5667 6885 6210 
12986 5049 7041 5246 
12987 5297 7143 6832 
12988 5426 6956 5428 
12989 6737 6911 4993 
12990 6559 6916 5042 
12991 5935 6778 5936 
12992 7016 7020 4228 
12993 6558 7201 5808 
12994 6473 6948 4232 
12995 4380 6652 6419 
12996 6505 6640 4428 
12997 5273 7220 6783 
12998 6833 6984 4283 
12999 6881 6926 4327 
13000 7035 7115 4558 
13001 4846 7275 6954 
13002 7036 7152 4957 
13003 5330 6729 4882 
13004 4412 6731 4415 
13005 6887 7282 5677 
13006 4769 6730 4766 
13007 4903 6732 4906 
13008 6503 6642 4676 
13009 4326 7088 6200 
13010 4983 6750 4981 
13011 5074 6751 5071 
13012 6332 6796 5868 
13013 4948 6754 4946 
13014 4964 6736 4966 
13015 4991 6737 4989 
13016 4923 7087 7086 
13017 4952 6746 4950 
13018 4764 6745 4761 
13019 4112 6748 4114 
13020 4718 6747 6053 
13021 6880 7249 4464 
13022 6464 6755 5133 
13023 4755 6742 4759 
13024 4787 6758 4790 
13025 6724 6727 5586 
13026 5767 6638 6455 
13027 4690 7093 4689 
13028 6084 6913 6811 
13029 7156 7300 7150 
13030 6792 7312 5585 
13031 5827 7287 6239 
13032 6386 6606 4346 
13033 6799 6800 5702 
13034 4805 7110 6361 
13035 4885 7279 7207 
13036 6775 6922 4693 
13037 6399 6946 4508 
13038 4476 7091 6463 
13039 4661 6626 6531 
13040 6949 6950 5739 
13041 6775 7225 4698 
13042 4016 7254 6595 
13043 4290 7119 6884 
13044 6318 7130 4296 
13045 6846 7277 5995 
13046 7182 7272 4609 
13047 5635 7140 4637 
13048 6945 7218 4528 
13049 3939 7204 6139 
13050 4608 7272 6080 
13051 6802 6803 5474 
13052 4370 7286 6541 
13053 6092 6862 5906 
13054 5578 7168 7164 
13055 4636 7062 4638 
13056 5651 6787 5649 
13057 5230 6683 4773 
13058 6676 7289 6029 
13059 6492 6497 4387 
13060 5548 6929 5565 
13061 4581 7306 5981 
13062 4907 6877 4909 
13063 6883 6884 4195 
13064 4641 7062 6812 
13065 5709 6873 6872 
13066 4617 7020 4615 
13067 6584 6916 5041 
13068 7003 7133 4656 
13069 4381 6418 6299 
13070 4305 7147 5790 
13071 6143 6641 5333 
13072 5423 7015 5984 
13073 6918 7035 6100 
13074 4739 7108 4741 
13075 4044 7100 6232 
13076 5896 7025 6147 
13077 5685 7124 5689 
13078 5687 7124 5685 
13079 4602 7054 4604 
13080 4689 7093 4692 
13081 6950 6951 4391 
13082 5339 6604 5365 
13083 6586 7094 5161 
13084 4746 7108 4739 
13085 6177 6887 5675 
13086 4368 7214 6662 
13087 4806 7060 4808 
13088 4662 7195 6699 
13089 5861 7199 5856 
13090 6740 6910 4291 
13091 5978 6936 6545 
13092 4477 7218 6945 
13093 5273 6971 4840 
13094 5111 7253 5270 
13095 5444 7169 5970 
13096 4615 7020 5347 
13097 6920 7213 6510 
13098 5333 6641 5332 
13099 5565 6929 6581 
13100 6708 7025 5897 
13101 5574 7024 6307 
13102 4097 6993 6283 
13103 6816 6830 4281 
13104 4430 7292 5205 
13105 4811 6549 6548 
13106 4655 7133 7003 
13107 4665 7182 6331 
13108 4642 7046 4644 
13109 4795 6874 4797 
13110 4382 7031 6212 
13111 4440 7126 6199 
13112 4528 7218 6558 
13113 5654 6886 5655 
13114 5428 6956 6649 
13115 6760 7103 4308 
13116 4666 6961 6406 
13117 4594 6739 6738 
13118 5964 7066 5961 
13119 5836 7181 5837 
13120 5677 7282 6864 
13121 6891 7010 4109 
13122 5449 7132 4897 
13123 4682 6879 4684 
13124 4729 6721 4725 
13125 6925 7298 6428 
13126 5611 6798 5610 
13127 5183 7047 6572 
13128 6521 6522 4655 
13129 5485 7121 5487 
13130 5765 7192 7185 
13131 5435 6999 5341 
13132 4715 7250 5168 
13133 6673 7216 4853 
13134 5408 7076 7075 
13135 4791 6782 4794 
13136 4808 7060 6752 
13137 5769 7072 5772 
13138 7185 7192 4386 
13139 6072 6967 5844 
13140 4650 7046 4642 
13141 6493 6919 4384 
13142 6361 7234 4804 
13143 5629 6814 5628 
13144 5770 6638 5764 
13145 7066 7247 5963 
13146 4684 6879 6690 
13147 4560 6677 6632 
13148 4232 7240 6473 
13149 5183 6572 6491 
13150 7112 7113 4630 
13151 5571 7136 5569 
13152 6374 7237 5117 
13153 7022 7035 4558 
13154 4291 6910 6568 
13155 5573 6724 5586 
13156 6418 7286 4380 
13157 4527 6886 5658 
13158 5697 6799 5702 
13159 4241 6956 6639 
13160 4866 7016 4867 
13161 6986 7197 4613 
13162 4275 6827 6453 
13163 4397 7240 7194 
13164 6964 7021 4660 
13165 6682 7233 4667 
13166 6029 7289 6780 
13167 5751 7291 6622 
13168 5702 7050 5703 
13169 4815 7010 6891 
13170 4200 6869 6868 
13171 5583 7028 5591 
13172 6603 6973 4844 
13173 5738 6949 5739 
13174 5901 6982 6072 
13175 6825 6854 5108 
13176 4537 6791 6560 
13177 5726 7289 6676 
13178 5475 6880 4664 
13179 5844 6967 5846 
13180 6812 7062 6271 
13181 6932 6954 4521 
13182 6466 7060 4806 
13183 5304 6834 5982 
13184 6397 6744 4996 
13185 5445 7169 5444 
13186 7009 7193 4807 
13187 6769 6883 4193 
13188 5664 7265 6243 
13189 5316 7228 6543 
13190 4363 7214 4368 
13191 5259 7274 6373 
13192 5148 6979 5295 
13193 4601 7128 6822 
13194 6949 7005 6950 
13195 4498 7274 6269 
13196 4579 7206 6717 
13197 4349 7090 4351 
13198 7058 7059 5181 
13199 5066 6908 6425 
13200 7028 7312 4506 
13201 6085 6982 5901 
13202 4817 6891 4821 
13203 5675 6887 5677 
13204 5971 7053 6247 
13205 6320 7146 6436 
13206 4833 7236 5384 
13207 5238 7283 5237 
13208 6488 6904 4921 
13209 5243 6800 6799 
13210 5464 6687 5461 
13211 4520 7014 4516 
13212 5299 7099 4198 
13213 4319 7248 7247 
13214 6861 6953 5771 
13215 5237 7283 6940 
13216 6330 6652 4178 
13217 5779 6913 6625 
13218 5459 6687 5467 
13219 5295 7242 5294 
13220 4661 7159 6626 
13221 5329 7255 7245 
13222 5472 6802 5474 
13223 6553 6696 5966 
13224 4693 7225 6775 
13225 6924 7174 5072 
13226 6616 6907 4531 
13227 6752 7060 4102 
13228 5816 6712 5815 
13229 5494 7310 6369 
13230 6832 7143 4515 
13231 4322 7002 6856 
13232 6739 7160 4590 
13233 6793 6914 4308 
13234 6661 6946 5557 
13235 6701 6885 5667 
13236 4909 6877 5291 
13237 7173 7193 4812 
13238 5709 6872 5691 
13239 4336 7165 5337 
13240 6509 6992 4654 
13241 6636 7120 6670 
13242 5467 6905 5458 
13243 7239 7284 5331 
13244 6940 7132 5449 
13245 4237 6963 6915 
13246 6629 7247 4129 
13247 4638 7062 4641 
13248 4590 7217 7216 
13249 4023 7261 6656 
13250 4634 6851 6271 
13251 5562 7149 7148 
13252 5868 6796 6410 
13253 5982 6834 5302 
13254 5357 7074 7073 
13255 5487 7121 5491 
13256 6318 6874 4795 
13257 6239 7287 5656 
13258 6962 7070 4303 
13259 7086 7087 4930 
13260 6222 6975 4818 
13261 4574 7065 6901 
13262 4701 6879 4682 
13263 4844 6973 4846 
13264 6420 6914 6195 
13265 6683 7040 4771 
13266 4910 6877 4907 
13267 4119 7125 7078 
13268 4109 7288 6891 
13269 4607 6992 6509 
13270 5555 6946 6399 
13271 5618 7166 6115 
13272 4319 7247 7066 
13273 5366 6908 5066 
13274 5765 7185 5763 
13275 6301 6658 5563 
13276 5397 7061 5005 
13277 6292 7041 5049 
13278 5755 7129 5756 
13279 4600 6969 5236 
13280 6871 7211 5364 
13281 6898 7092 4588 
13282 7016 7205 5347 
13283 6995 7292 4430 
13284 4533 7160 6739 
13285 5760 6865 5761 
13286 6919 7101 4382 
13287 4351 7090 6991 
13288 5013 7293 5012 
13289 5236 7054 4602 
13290 5998 6978 5640 
13291 4653 6959 6422 
13292 5161 7276 6586 
13293 5812 6918 6100 
13294 6080 7272 7182 
13295 4604 7054 4609 
13296 4996 7135 4994 
13297 4295 7226 7130 
13298 4361 7214 4363 
13299 5479 7085 5482 
13300 4273 7302 6827 
13301 4439 7126 4440 
13302 6658 6759 5554 
13303 4118 7125 4119 
13304 6508 7145 4096 
13305 7247 7248 4129 
13306 6791 7034 4529 
13307 6635 6704 4315 
13308 6398 7287 5827 
13309 5839 7181 5836 
13310 4202 6930 6557 
13311 5326 7108 4746 
13312 6210 6885 6211 
13313 6900 7297 4282 
13314 6455 7072 5769 
13315 4447 6924 6678 
13316 4692 7093 4699 
13317 4803 7173 6549 
13318 6594 7205 6045 
13319 4618 7235 6686 
13320 7004 7229 5282 
13321 4832 7236 4833 
13322 7038 7233 4669 
13323 6634 7020 4617 
13324 4691 6922 6755 
13325 6198 7224 6142 
13326 4897 7132 4899 
13327 6621 6936 6218 
13328 4614 6986 6985 
13329 5689 7124 5709 
13330 6477 7309 4799 
13331 5499 6766 6553 
13332 6271 7062 4636 
13333 4644 7046 5367 
13334 4233 7095 6873 
13335 6685 6717 4548 
13336 5585 7028 5583 
13337 4310 7315 7144 
13338 6548 6933 4811 
13339 4424 7308 5442 
13340 5109 7253 5111 
13341 4809 7042 5447 
13342 4322 6856 6637 
13343 4520 7212 7014 
13344 4803 7193 7173 
13345 5500 7134 6577 
13346 6824 7122 4514 
13347 6960 7039 4235 
13348 5550 6929 5548 
13349 4338 7165 4336 
13350 6639 6956 5426 
13351 6666 7314 5504 
13352 6909 6910 5698 
13353 4606 7272 4608 
13354 4442 7126 4439 
13355 4121 7125 4118 
13356 6283 6993 6662 
13357 4587 6936 6621 
13358 4331 6749 6713 
13359 5763 7185 5770 
13360 5492 7121 5485 
13361 4277 7072 6455 
13362 6670 7120 5688 
13363 5856 7199 5858 
13364 6126 7280 4775 
13365 5537 6921 6564 
13366 6820 6821 4605 
13367 4994 7135 6493 
13368 6765 7063 6764 
13369 5961 7066 5963 
13370 6756 7249 4663 
13371 6476 7224 6198 
13372 7151 7188 5386 
13373 6404 7312 6792 
13374 6228 7144 4345 
13375 4230 7294 6481 
13376 6311 7308 4424 
13377 7064 7303 4750 
13378 6265 7303 7064 
13379 4324 7308 6311 
13380 7179 7306 4581 
13381 4623 7224 6476 
13382 4371 7214 4361 
13383 4310 7144 6749 
13384 6244 7265 5664 
13385 4913 7285 4915 
13386 4663 7249 6880 
13387 7163 7246 4580 
13388 4912 7172 6845 
13389 7216 7217 4666 
13390 6800 7050 5702 
13391 5327 7305 4917 
13392 4799 7309 4801 
13393 6816 7236 4832 
13394 6790 6791 4529 
13395 5569 7136 5572 
13396 6529 7283 5238 
13397 4274 7302 7101 
13398 4154 7316 4156 
13399 4343 7300 6779 
13400 5114 7253 5109 
13401 5524 7319 5530 
13402 6645 6895 5276 
13403 6554 7209 4923 
13404 6819 7291 5751 
13405 4274 7101 6919 
13406 6923 7223 4190 
13407 4609 7272 4606 
13408 4917 7305 4919 
13409 4515 7313 6832 
13410 6871 6901 5250 
13411 7068 7206 5806 
13412 7101 7302 4268 
13413 4775 7280 5230 
13414 4208 7300 7156 
13415 5291 7285 4913 
13416 6477 6874 4296 
13417 6855 6998 4352 
13418 6862 6887 6177 
13419 6160 7277 6846 
13420 4821 7288 4824 
13421 4231 7150 6570 
13422 4545 7092 6898 
13423 4694 7263 6464 
13424 7144 7315 4345 
13425 4804 7234 6466 
13426 5295 6979 6691 
13427 5245 7304 6574 
13428 6926 7063 4293 
13429 6892 7004 5282 
13430 6072 6982 6967 
13431 6794 6795 4410 
13432 4328 7063 6926 
13433 6939 7105 4293 
13434 6600 7314 6020 
13435 6749 7144 6228 
13436 6995 6996 4340 
13437 6764 7063 4328 
13438 6783 7220 5433 
13439 7028 7038 5591 
13440 6717 7206 4510 
13441 7036 7057 4347 
13442 4463 7249 6756 
13443 5585 7312 7028 
13444 6822 7128 4603 
13445 7078 7316 4154 
13446 4921 7209 6554 
13447 4655 7003 6521 
13448 7215 7307 5321 
13449 6546 6986 4614 
13450 4228 7020 6634 
13451 4281 7236 6816 
13452 6543 7228 4552 
13453 6891 7288 4821 
13454 4649 7021 6964 
13455 6958 7232 5104 
13456 4231 7156 7150 
13457 6866 7086 4930 
13458 6577 6696 5500 
13459 6652 7106 4178 
13460 6142 7224 6093 
13461 6827 7302 4274 
13462 7150 7300 4343 
13463 4930 7032 6866 
13464 4323 7058 6578 
13465 4625 7113 7112 
13466 6586 7276 4512 
13467 6662 6993 4378 
13468 6699 7195 4595 
13469 7164 7168 5580 
13470 6510 7213 4360 
13471 6940 7283 4572 
13472 7027 7107 4525 
13473 4557 7197 6986 
13474 6705 7183 5533 
13475 7194 7240 4232 
13476 5983 7316 7078 
13477 4348 7152 7036 
13478 5683 7120 6636 
13479 5277 7188 7151 
13480 4447 7174 6924 
13481 4358 7213 6920 
13482 4525 7202 7027 
13483 6780 7289 5727 
13484 6954 7275 4521 
13485 7245 7255 4865 
13486 4774 7284 7239 
13487 4340 7292 6995 
13488 5250 7211 6871 
13489 4543 7306 7179 
13490 4543 7307 7306 
13491 4510 7206 7068 
13492 4309 4338 4311 
13493 4357 4371 4359 
13494 6640 6995 4429 
13495 4530 4536 4532 
13496 4624 6542 4626 
13497 5162 5393 4705 
13498 4712 7250 4715 
13499 4734 4744 4732 
13500 4738 4745 4736 
13501 4784 6614 6613 
13502 4843 6224 4847 
13503 4925 4937 4931 
13504 5035 6876 5036 
13505 5076 6706 6618 
13506 5105 5114 5107 
13507 5462 6415 6414 
13508 5468 6808 5464 
13509 5552 6929 5550 
13510 5575 6217 5577 
13511 5579 5585 5581 
13512 5616 5619 5615 
13513 5627 5629 5626 
13514 5655 5657 5653 
13515 5717 6676 5719 
13516 5743 5745 5741 
13517 5782 6759 5781 
13518 6131 6802 6442 
2 14 2 2750
13519 7636 8251 8223 
13520 7679 8226 8221 
13521 8221 8226 7633 
13522 7856 8220 8203 
13523 8203 8220 7632 
13524 7630 8275 8219 
13525 8216 8239 7671 
13526 7626 8239 8216 
13527 7687 8218 8217 
13528 8223 8251 7774 
13529 8217 8218 7627 
13530 8210 8333 7769 
13531 7637 8224 7833 
13532 7833 8263 7637 
13533 7803 8326 8231 
13534 8255 8292 7635 
13535 8254 8265 7629 
13536 7628 8264 8253 
13537 8208 8280 7622 
13538 7623 8266 8209 
13539 7618 8262 8206 
13540 8252 8293 7631 
13541 7651 8240 7880 
13542 8219 8275 7659 
13543 7616 8285 8204 
13544 7657 8265 8254 
13545 8253 8264 7689 
13546 8207 8248 7619 
13547 7641 8229 7882 
13548 7880 8245 7651 
13549 7644 8261 7734 
13550 7882 8290 7641 
13551 7734 8269 7644 
13552 8205 8257 7617 
13553 8272 8310 7748 
13554 8206 8262 7831 
13555 7639 8310 8272 
13556 7685 8321 8309 
13557 8200 8332 7790 
13558 7624 8304 8213 
13559 7853 8237 7648 
13560 7649 8238 7783 
13561 7885 8280 8208 
13562 7894 8248 8207 
13563 7776 8292 8255 
13564 7681 8302 8274 
13565 8209 8266 7862 
13566 7743 8222 7634 
13567 7648 8281 7853 
13568 7783 8282 7649 
13569 7727 8306 8303 
13570 7634 8296 7743 
13571 7682 8302 7681 
13572 8256 8271 7615 
13573 8214 8283 7625 
13574 8291 8298 7772 
13575 8204 8285 7817 
13576 7675 8293 8252 
13577 7811 8232 7650 
13578 7673 8271 8256 
13579 7647 8235 7754 
13580 7798 8257 8205 
13581 8278 8287 7729 
13582 7824 8345 8185 
13583 7643 8333 8210 
13584 7650 8250 7811 
13585 7785 8228 7640 
13586 7730 8278 7729 
13587 7669 8233 7645 
13588 7640 8295 7785 
13589 8231 8326 7620 
13590 7771 8291 7772 
13591 7645 8277 7669 
13592 7664 8241 7486 
13593 7684 8321 7685 
13594 8329 8342 7815 
13595 7486 8289 7664 
13596 7727 8303 7726 
13597 7891 8286 7652 
13598 7761 8338 8316 
13599 8189 8244 7788 
13600 7652 8276 7891 
13601 8213 8304 7838 
13602 7614 8244 8189 
13603 8305 8315 7718 
13604 7740 8288 7638 
13605 7847 8234 7646 
13606 7638 8294 7740 
13607 7844 8283 8214 
13608 7792 8330 7642 
13609 7642 8247 7792 
13610 7708 8320 8311 
13611 8162 8344 7889 
13612 8268 8336 7873 
13613 7767 8337 8267 
13614 7754 8307 7647 
13615 7692 8308 8301 
13616 7872 8268 7873 
13617 7767 8267 7766 
13618 7621 8332 8200 
13619 7814 8329 7815 
13620 7662 8284 7661 
13621 7761 8316 7760 
13622 7869 8279 7870 
13623 7717 8305 7718 
13624 8279 8334 7870 
13625 8284 8328 7661 
13626 7707 8320 7708 
13627 7724 8322 8317 
13628 7692 8301 7691 
13629 7646 8314 7847 
13630 8318 8343 7842 
13631 7841 8318 7842 
13632 7807 8341 8299 
13633 7807 8299 7806 
13634 8144 8323 7778 
13635 7829 8324 8143 
13636 7723 8322 7724 
13637 7701 8173 8140 
13638 7613 8202 8181 
13639 7697 8260 7696 
13640 8313 8340 7704 
13641 7721 8339 8312 
13642 7697 8335 8260 
13643 7607 8190 8177 
13644 8181 8202 7943 
13645 7601 8211 8171 
13646 8185 8345 7487 
13647 8177 8190 7715 
13648 8140 8173 7604 
13649 7606 8212 8195 
13650 7801 8164 8154 
13651 8187 8197 7901 
13652 8195 8212 7898 
13653 7599 8230 8168 
13654 7915 8300 8132 
13655 8172 8186 7602 
13656 7605 8197 8187 
13657 8151 8188 7864 
13658 7597 8297 8166 
13659 7667 8186 8172 
13660 8154 8164 7595 
13661 8170 8194 7600 
13662 8171 8211 7849 
13663 7703 8313 7704 
13664 7721 8312 7720 
13665 8191 8199 7608 
13666 7603 8188 8151 
13667 7925 8325 8128 
13668 7486 8241 7724 
13669 7945 8194 8170 
13670 8168 8230 7944 
13671 7796 8199 8191 
13672 8133 8182 7911 
13673 7488 8344 8162 
13674 8127 8145 7930 
13675 7692 8235 7647 
13676 7583 8193 8148 
13677 7926 8142 8136 
13678 8138 8319 7914 
13679 8155 8184 7586 
13680 7646 8234 7708 
13681 7585 8174 8153 
13682 8152 8179 7584 
13683 7918 8184 8155 
13684 7921 8179 8152 
13685 8153 8174 7919 
13686 8183 8273 7598 
13687 7697 8240 7651 
13688 7611 8225 8178 
13689 8148 8193 7916 
13690 7596 8182 8133 
13691 8136 8142 7577 
13692 8146 8149 7929 
13693 8131 8331 7924 
13694 7928 8150 8147 
13695 7579 8149 8146 
13696 7650 8232 7661 
13697 8147 8150 7580 
13698 7578 8145 8127 
13699 7634 8222 7718 
13700 7724 8317 7486 
13701 7575 8167 8141 
13702 7610 8323 8144 
13703 8143 8324 7609 
13704 7628 8253 7772 
13705 8178 8225 7809 
13706 7872 8229 7641 
13707 7640 8228 7766 
13708 7727 8214 7625 
13709 8141 8167 8007 
13710 8166 8297 7711 
13711 7721 8238 7649 
13712 7648 8237 7704 
13713 8196 8249 7612 
13714 7624 8213 7685 
13715 7647 8308 7692 
13716 7869 8255 7635 
13717 7593 8246 8163 
13718 7652 8286 7681 
13719 7708 8311 7646 
13720 7632 8220 7870 
13721 7638 8288 7729 
13722 8289 8327 7664 
13723 7814 8261 7644 
13724 7767 8217 7627 
13725 7626 8216 7873 
13726 7730 8254 7629 
13727 7645 8233 7760 
13728 8159 8169 7576 
13729 7807 8224 7637 
13730 7682 8256 7615 
13731 7636 8223 7842 
13732 7641 8268 7872 
13733 7766 8267 7640 
13734 7651 8335 7697 
13735 7661 8328 7650 
13736 7909 8273 8183 
13737 8132 8300 7591 
13738 7794 8249 8196 
13739 8006 8169 8159 
13740 7681 8274 7652 
13741 7841 8252 7631 
13742 7587 8227 8156 
13743 7771 8310 7639 
13744 7664 8327 7665 
13745 7630 8219 7806 
13746 7718 8315 7634 
13747 7717 8221 7633 
13748 8163 8246 7699 
13749 7616 8204 7696 
13750 7662 8205 7617 
13751 7649 8339 7721 
13752 7704 8340 7648 
13753 8180 8201 7594 
13754 7772 8298 7628 
13755 7635 8279 7869 
13756 7729 8287 7638 
13757 7625 8306 7727 
13758 7761 8208 7622 
13759 7760 8316 7645 
13760 7685 8309 7624 
13761 7623 8209 7815 
13762 7592 8319 8138 
13763 7955 8158 8108 
13764 7629 8278 7730 
13765 7644 8329 7814 
13766 8104 8161 7365 
13767 8156 8227 7913 
13768 8005 8270 8070 
13769 8066 8134 7877 
13770 7806 8299 7630 
13771 7703 8207 7619 
13772 7618 8206 7720 
13773 7627 8337 7767 
13774 7873 8336 7626 
13775 8128 8325 7582 
13776 7912 8201 8180 
13777 7870 8334 7632 
13778 7780 8126 8071 
13779 8112 8130 7374 
13780 8123 8157 7989 
13781 7696 8260 7616 
13782 8175 8192 7588 
13783 7639 8291 7771 
13784 7723 8244 7614 
13785 7631 8318 7841 
13786 7684 8333 7643 
13787 7642 8330 7726 
13788 7615 8302 7682 
13789 7887 8135 8065 
13790 7633 8305 7717 
13791 7617 8284 7662 
13792 8139 8165 7574 
13793 8345 8347 7487 
13794 7611 8178 7811 
13795 7637 8341 7807 
13796 7366 8115 8105 
13797 7842 8343 7636 
13798 7581 8331 8131 
13799 7917 8192 8175 
13800 7942 8165 8139 
13801 7590 8158 7955 
13802 7989 8157 7589 
13803 7601 8171 7792 
13804 7622 8338 7761 
13805 7815 8342 7623 
13806 7726 8303 7642 
13807 7880 8196 7612 
13808 7707 8332 7621 
13809 7620 8326 7691 
13810 7643 8321 7684 
13811 7963 8130 8112 
13812 7587 8156 7671 
13813 7614 8322 7723 
13814 7619 8313 7703 
13815 7720 8312 7618 
13816 7997 8161 8104 
13817 7583 8148 7803 
13818 7606 8195 7669 
13819 7604 8173 7785 
13820 7769 8172 7602 
13821 7679 8180 7594 
13822 7607 8177 7847 
13823 7599 8168 7740 
13824 7687 8175 7588 
13825 7613 8181 7891 
13826 7593 8163 7856 
13827 7530 8076 8063 
13828 958 7823 7392 
13829 8105 8115 8002 
13830 7833 8183 7598 
13831 7986 8118 8075 
13832 8074 8117 7949 
13833 7691 8301 7620 
13834 7595 8164 7743 
13835 7882 8188 7603 
13836 7811 8250 7611 
13837 8009 8114 8071 
13838 7579 8146 7831 
13839 8069 8110 7983 
13840 7961 8111 8068 
13841 7845 8083 8079 
13842 7823 7824 7392 
13843 7621 8320 7707 
13844 7790 8152 7584 
13845 7754 8191 7608 
13846 7597 8166 7774 
13847 8185 8198 7824 
13848 7708 7905 7473 
13849 8066 8106 7988 
13850 7685 7906 7477 
13851 7948 8243 8067 
13852 7724 7908 7466 
13853 7984 8107 8065 
13854 7472 7902 7692 
13855 7824 8198 7920 
13856 7734 8197 7605 
13857 7476 7903 7727 
13858 7748 8170 7600 
13859 7521 8137 8050 
13860 7718 7907 7485 
13861 7976 8103 8061 
13862 8085 8119 7995 
13863 7776 8182 7596 
13864 8062 8258 7968 
13865 7980 8259 8059 
13866 7792 8247 7601 
13867 7585 8153 7838 
13868 7772 7904 7481 
13869 8071 8126 7523 
13870 7577 8142 7817 
13871 8084 8116 7970 
13872 7612 8245 7880 
13873 8052 8096 7998 
13874 8083 8113 8004 
13875 7977 8097 8053 
13876 7467 7910 7682 
13877 7889 8176 8162 
13878 7678 7679 7446 
13879 7863 7864 7415 
13880 7686 7687 7440 
13881 7879 7880 7464 
13882 7895 7914 7404 
13883 7788 8139 7574 
13884 7736 7924 7393 
13885 1111 7672 7428 
13886 1028 7746 7360 
13887 1244 7739 7411 
13888 990 7670 7399 
13889 13 7851 7489 
13890 1206 7832 7450 
13891 1183 7826 7353 
13892 1268 7736 7393 
13893 1248 7709 7325 
13894 1065 7706 7473 
13895 1105 7713 7339 
13896 1151 7744 7345 
13897 1185 7735 7330 
13898 1099 7660 7463 
13899 1222 7775 7448 
13900 1024 7800 7365 
13901 1246 7857 7369 
13902 1107 7758 7344 
13903 1230 7698 7363 
13904 1016 7678 7446 
13905 1022 7742 7407 
13906 1276 7668 7418 
13907 1101 7810 7423 
13908 1002 7770 7481 
13909 1260 7784 7416 
13910 1175 7753 7460 
13911 1193 7683 7477 
13912 1141 7793 7424 
13913 1039 7710 7367 
13914 1109 7781 7386 
13915 978 7820 7331 
13916 1242 7728 7451 
13917 1173 7795 7420 
13918 1139 7799 7382 
13919 1026 7839 7323 
13920 1012 7763 7364 
13921 1234 7821 7362 
13922 1153 7818 7338 
13923 1224 7868 7484 
13924 1069 7846 7419 
13925 984 7881 7454 
13926 1232 7819 7321 
13927 1055 7848 7371 
13928 1093 7875 7388 
13929 1091 7860 7346 
13930 1075 7786 7348 
13931 1143 7879 7464 
13932 980 7883 7373 
13933 992 7854 7357 
13934 982 7863 7415 
13935 1264 7804 7332 
13936 1254 7686 7440 
13937 1032 7674 7444 
13938 1181 7802 7395 
13939 1073 7850 7335 
13940 1149 7816 7387 
13941 1284 7745 7391 
13942 1061 7827 7396 
13943 1278 7897 7376 
13944 1187 7866 7372 
13945 1053 7791 7413 
13946 1203 7887 7368 
13947 1286 7888 7653 
13948 1282 7858 7349 
13949 1270 7884 7433 
13950 1165 7830 7389 
13951 970 7813 7475 
13952 1128 7722 7466 
13953 1201 7764 7328 
13954 1045 7750 7398 
13955 1008 7834 7361 
13956 1197 7837 7397 
13957 1280 7845 7334 
13958 1034 7840 7482 
13959 1216 7878 7324 
13960 1030 7895 7404 
13961 7657 8158 7590 
13962 7589 8157 7689 
13963 7469 7922 7662 
13964 8044 8090 8000 
13965 7964 8122 8076 
13966 7602 8210 7769 
13967 7875 7930 7388 
13968 7923 8176 7889 
13969 7575 8141 7665 
13970 7868 7869 7484 
13971 8010 8236 8008 
13972 8065 8135 7516 
13973 7515 8134 8066 
13974 8082 8242 7965 
13975 957 7823 958 
13976 7972 8121 8072 
13977 7770 7771 7481 
13978 8081 8102 7954 
13979 7673 8159 7576 
13980 7894 8147 7580 
13981 7992 8089 8039 
13982 8063 8076 7799 
13983 8040 8088 8013 
13984 7891 8276 7613 
13985 8080 8100 7960 
13986 7512 8061 8035 
13987 7832 7833 7450 
13988 7671 8239 7587 
13989 7952 8086 8029 
13990 7669 8277 7606 
13991 7785 8295 7604 
13992 8038 8215 7958 
13993 7510 8059 8033 
13994 7856 8203 7593 
13995 7480 7927 7730 
13996 7392 7920 7751 
13997 7803 8231 7583 
13998 7798 8145 7578 
13999 7844 8155 7586 
14000 8078 8095 7994 
14001 8077 8093 8003 
14002 7508 8058 8031 
14003 7815 7935 7475 
14004 8060 8085 7529 
14005 7665 7931 7427 
14006 7822 7823 957 
14007 7594 8226 7679 
14008 7704 7932 7471 
14009 7470 7934 7721 
14010 7474 7933 7761 
14011 7445 7856 7855 
14012 7421 7829 7828 
14013 7416 7701 7700 
14014 7394 7925 7732 
14015 7777 7778 7422 
14016 7403 7915 7676 
14017 7779 7911 7408 
14018 7789 7790 7436 
14019 7787 7788 7426 
14020 7745 7923 7391 
14021 7768 7769 7456 
14022 7795 7796 7420 
14023 8073 8091 7956 
14024 8054 8084 7525 
14025 7740 8294 7599 
14026 7953 8109 8058 
14027 7672 7673 7428 
14028 7995 8119 7571 
14029 7468 7696 7695 
14030 7479 7766 7765 
14031 7871 7872 7478 
14032 7827 7921 7396 
14033 7840 7841 7482 
14034 7842 7941 7482 
14035 7683 7684 7477 
14036 1243 7739 1244 
14037 989 7670 990 
14038 1110 7672 1111 
14039 1287 7851 13 
14040 1247 7709 1248 
14041 1027 7746 1028 
14042 1182 7826 1183 
14043 1245 7857 1246 
14044 1100 7810 1101 
14045 1267 7736 1268 
14046 1150 7744 1151 
14047 1104 7713 1105 
14048 1021 7742 1022 
14049 1174 7753 1175 
14050 1015 7678 1016 
14051 1184 7735 1185 
14052 1001 7770 1002 
14053 1106 7758 1107 
14054 14 7710 1039 
14055 983 7881 984 
14056 1098 7660 1099 
14057 1108 7781 1109 
14058 1221 7775 1222 
14059 1025 7839 1026 
14060 1023 7800 1024 
14061 1064 7706 1065 
14062 1259 7784 1260 
14063 1092 7875 1093 
14064 1229 7698 1230 
14065 1233 7821 1234 
14066 1152 7818 1153 
14067 1205 7832 1206 
14068 1011 7763 1012 
14069 1241 7728 1242 
14070 1172 7795 1173 
14071 1138 7799 1139 
14072 1068 7846 1069 
14073 956 7822 957 
14074 977 7820 978 
14075 991 7854 992 
14076 1142 7879 1143 
14077 1074 7786 1075 
14078 1231 7819 1232 
14079 1140 7793 1141 
14080 1180 7802 1181 
14081 1269 7884 1270 
14082 1060 7827 1061 
14083 1186 7866 1187 
14084 1054 7848 1055 
14085 1263 7804 1264 
14086 979 7883 980 
14087 1253 7686 1254 
14088 1192 7683 1193 
14089 1148 7816 1149 
14090 1223 7868 1224 
14091 1090 7860 1091 
14092 1275 7668 1276 
14093 981 7863 982 
14094 1277 7897 1278 
14095 1164 7830 1165 
14096 1072 7850 1073 
14097 1031 7674 1032 
14098 1281 7858 1282 
14099 1202 7887 1203 
14100 1052 7791 1053 
14101 1285 7888 1286 
14102 1033 7840 1034 
14103 969 7813 970 
14104 1007 7834 1008 
14105 1127 7722 1128 
14106 1200 7764 1201 
14107 1283 7745 1284 
14108 1279 7845 1280 
14109 1196 7837 1197 
14110 1044 7750 1045 
14111 1029 7895 1030 
14112 1215 7878 1216 
14113 7483 7937 7807 
14114 7570 8118 7986 
14115 7949 8117 7569 
14116 7750 7918 7398 
14117 7706 7707 7473 
14118 7881 7882 7454 
14119 7774 8251 7597 
14120 7584 8200 7790 
14121 8050 8137 7883 
14122 7884 7885 7433 
14123 7775 7776 7448 
14124 7588 8218 7687 
14125 7970 8116 7567 
14126 7467 7681 7680 
14127 8004 8113 7566 
14128 7674 7675 7444 
14129 7605 8269 7734 
14130 7722 7723 7466 
14131 7367 7877 1040 
14132 1133 7931 7385 
14133 7370 7896 997 
14134 7482 7941 1035 
14135 7425 7899 1118 
14136 7342 7876 1123 
14137 7327 7749 1042 
14138 7392 7751 959 
14139 7412 7747 999 
14140 1208 7937 7483 
14141 7384 7787 1125 
14142 7476 7725 1050 
14143 7417 7733 967 
14144 7433 7933 1271 
14145 7336 7693 1170 
14146 7361 7756 1009 
14147 1226 7936 7445 
14148 7449 7773 1037 
14149 7396 7789 1062 
14150 7438 7903 1048 
14151 7423 7808 1102 
14152 1131 7663 7427 
14153 7326 7874 995 
14154 7478 7940 987 
14155 7383 7737 1120 
14156 7445 7855 1227 
14157 1195 7906 7437 
14158 7375 7900 965 
14159 1177 7902 7472 
14160 7468 7695 1146 
14161 7348 7835 1076 
14162 7454 7871 985 
14163 7467 7680 1114 
14164 7434 7861 973 
14165 7343 7741 1136 
14166 1067 7905 7459 
14167 7421 7828 1086 
14168 1214 7676 7359 
14169 7479 7765 1257 
14170 7472 7690 1178 
14171 7333 7780 963 
14172 7416 7700 1261 
14173 7432 7702 1080 
14174 7366 7779 1219 
14175 1238 7656 7442 
14176 1212 7658 7403 
14177 1161 7934 7470 
14178 7430 7922 1096 
14179 7485 7907 1019 
14180 7461 7852 1084 
14181 7466 7908 1129 
14182 7474 7759 1273 
14183 7398 7843 1046 
14184 7389 7731 1166 
14185 7388 7797 1094 
14186 7329 7705 1058 
14187 1006 7688 7401 
14188 7390 7893 1078 
14189 7422 7782 1158 
14190 7364 7865 1013 
14191 7394 7732 975 
14192 7402 7656 1237 
14193 1266 7694 7351 
14194 7481 7904 1003 
14195 7341 7752 15 
14196 7324 7755 1217 
14197 7464 7938 1144 
14198 1059 7705 7354 
14199 16 7738 7410 
14200 7379 7677 1088 
14201 7371 7867 1056 
14202 1018 7716 7485 
14203 7385 7836 1134 
14204 1189 7666 7414 
14205 7347 7892 1168 
14206 7358 7757 1251 
14207 7471 7932 1082 
14208 7325 7762 1249 
14209 1121 7737 7341 
14210 1240 7927 7480 
14211 7372 7666 1188 
14212 1081 7702 7471 
14213 7414 7768 1190 
14214 7397 7712 1198 
14215 7440 7939 1255 
14216 976 7732 7352 
14217 7380 7777 1156 
14218 1089 7677 7337 
14219 1157 7777 7422 
14220 7475 7935 971 
14221 968 7733 7457 
14222 1163 7719 7431 
14223 1051 7725 7455 
14224 994 7859 7326 
14225 1167 7731 7347 
14226 1199 7712 7355 
14227 1250 7762 7358 
14228 1038 7773 7409 
14229 1210 7805 7443 
14230 7350 7886 961 
14231 7362 7812 1235 
14232 1071 7714 7377 
14233 1236 7812 7402 
14234 7357 7859 993 
14235 7338 7825 1154 
14236 1155 7825 7380 
14237 7465 7890 1116 
14238 7441 7688 1005 
14239 7419 7714 1070 
14240 1159 7782 7462 
14241 7446 7716 1017 
14242 7332 7694 1265 
14243 972 7935 7434 
14244 7443 7658 1211 
14245 1171 7693 7378 
14246 1274 7759 7458 
14247 962 7886 7333 
14248 7368 7738 1204 
14249 1122 7752 7342 
14250 1252 7757 7400 
14251 1218 7755 7366 
14252 7462 7934 1160 
14253 7428 7910 1112 
14254 7403 7676 1213 
14255 1256 7939 7479 
14256 1147 7695 7429 
14257 1115 7680 7465 
14258 7470 7719 1162 
14259 1220 7779 7408 
14260 1004 7904 7441 
14261 1191 7768 7456 
14262 1130 7908 7663 
14263 964 7780 7375 
14264 1087 7828 7379 
14265 1047 7843 7438 
14266 1083 7932 7461 
14267 1113 7910 7467 
14268 1145 7938 7468 
14269 1135 7836 7343 
14270 1137 7741 7340 
14271 1179 7690 7435 
14272 1262 7700 7374 
14273 974 7861 7394 
14274 1020 7907 7447 
14275 1095 7797 7430 
14276 1117 7890 7425 
14277 1000 7747 7452 
14278 1258 7765 7453 
14279 7483 7805 1209 
14280 1057 7867 7329 
14281 1077 7835 7390 
14282 1063 7789 7436 
14283 7460 7902 1176 
14284 1085 7852 7421 
14285 7473 7905 1066 
14286 1169 7892 7336 
14287 1010 7756 7322 
14288 1014 7865 7406 
14289 1097 7922 7469 
14290 1079 7893 7432 
14291 988 7940 7439 
14292 1126 7787 7426 
14293 7442 7927 1239 
14294 1103 7808 7381 
14295 986 7871 7478 
14296 960 7751 7350 
14297 1043 7749 7356 
14298 996 7874 7370 
14299 1228 7855 7405 
14300 1272 7933 7474 
14301 7484 7936 1225 
14302 7477 7906 1194 
14303 1036 7941 7449 
14304 1041 7877 7327 
14305 1124 7876 7384 
14306 1049 7903 7476 
14307 966 7900 7417 
14308 1119 7899 7383 
14309 7450 7937 1207 
14310 7427 7931 1132 
14311 998 7896 7412 
14312 8041 8082 7517 
14313 7971 8101 8051 
14314 7603 8290 7882 
14315 7598 8263 7833 
14316 7565 8114 8009 
14317 7600 8272 7748 
14318 7990 8099 8047 
14319 7870 7936 7484 
14320 7771 7772 7481 
14321 7813 7814 7475 
14322 7555 8104 7801 
14323 7743 8296 7595 
14324 7962 8098 8045 
14325 8034 8081 7511 
14326 7873 7940 7478 
14327 7479 7939 7767 
14328 7468 7938 7697 
14329 7983 8110 7561 
14330 7993 8094 8043 
14331 7753 7754 7460 
14332 7562 8111 7961 
14333 8030 8080 7507 
14334 7684 7685 7477 
14335 7707 7708 7473 
14336 7449 7774 7773 
14337 7851 8346 7655 
14338 7910 8256 7682 
14339 519 7654 10 
14340 7772 8253 7904 
14341 7864 8120 7563 
14342 7781 8006 7386 
14343 8070 8270 7573 
14344 697 7490 696 
14345 7723 7724 7466 
14346 7793 7794 7424 
14347 7467 7682 7681 
14348 8025 8078 7503 
14349 8022 8049 7974 
14350 7733 7734 7457 
14351 7893 7894 7432 
14352 7988 8106 7557 
14353 7831 8262 7579 
14354 7920 8090 7751 
14355 8028 8041 7991 
14356 7476 7727 7726 
14357 7903 8214 7727 
14358 7472 7692 7691 
14359 7558 8107 7984 
14360 7824 7920 7392 
14361 7987 8042 8027 
14362 7435 7803 7802 
14363 7391 7889 7888 
14364 7387 7926 7744 
14365 7407 7801 7800 
14366 7463 7811 7810 
14367 7439 7671 7670 
14368 798 7507 797 
14369 828 7599 827 
14370 760 7583 759 
14371 781 7503 780 
14372 821 7590 820 
14373 838 7588 837 
14374 851 7499 850 
14375 813 7553 812 
14376 745 7537 744 
14377 766 7520 765 
14378 595 7508 594 
14379 691 7613 690 
14380 853 7541 852 
14381 663 7494 662 
14382 642 7567 641 
14383 796 7551 795 
14384 717 7572 716 
14385 715 7530 714 
14386 868 7497 867 
14387 648 7538 647 
14388 785 7558 784 
14389 724 7616 723 
14390 779 7545 778 
14391 614 7546 613 
14392 709 7575 708 
14393 644 7525 643 
14394 559 7505 558 
14395 741 7618 740 
14396 608 7557 607 
14397 676 7571 675 
14398 726 7577 725 
14399 601 7631 600 
14400 840 7627 839 
14401 625 7561 624 
14402 627 7519 626 
14403 533 7644 532 
14404 548 7603 547 
14405 719 7612 718 
14406 555 7587 554 
14407 721 7651 720 
14408 817 7510 816 
14409 815 7511 814 
14410 546 7563 545 
14411 629 7502 628 
14412 695 7531 694 
14413 544 7521 543 
14414 561 7518 560 
14415 576 7509 575 
14416 584 7633 583 
14417 734 7570 733 
14418 845 7604 844 
14419 843 7640 842 
14420 768 7562 767 
14421 661 7527 660 
14422 540 7542 539 
14423 678 7529 677 
14424 580 7554 579 
14425 836 7548 835 
14426 755 7647 754 
14427 667 7578 666 
14428 582 7594 581 
14429 870 7539 869 
14430 565 7600 564 
14431 542 7500 541 
14432 659 7569 658 
14433 701 7574 700 
14434 743 7579 742 
14435 849 7522 848 
14436 764 7501 763 
14437 578 7512 577 
14438 652 7619 651 
14439 699 7532 698 
14440 806 7635 805 
14441 593 7513 592 
14442 604 7636 603 
14443 770 7602 769 
14444 832 7517 831 
14445 587 7634 586 
14446 703 7614 702 
14447 753 7608 752 
14448 638 7646 637 
14449 749 7526 748 
14450 553 7626 552 
14451 732 7528 731 
14452 802 7556 801 
14453 597 7552 596 
14454 672 7650 671 
14455 606 7597 605 
14456 669 7617 668 
14457 529 7565 528 
14458 557 7547 556 
14459 811 7593 810 
14460 589 7595 588 
14461 650 7580 649 
14462 665 7536 664 
14463 572 7589 571 
14464 728 7535 727 
14465 800 7514 799 
14466 525 7498 524 
14467 655 7648 654 
14468 860 7645 859 
14469 631 7544 630 
14470 612 7504 611 
14471 536 7623 535 
14472 680 7492 679 
14473 550 7641 549 
14474 713 7491 712 
14475 633 7584 632 
14476 616 7586 615 
14477 618 7625 617 
14478 738 7649 737 
14479 775 7624 774 
14480 623 7601 622 
14481 684 7576 683 
14482 777 7585 776 
14483 730 7493 729 
14484 674 7611 673 
14485 706 7486 705 
14486 762 7543 761 
14487 523 7540 522 
14488 751 7568 750 
14489 834 7506 833 
14490 640 7607 639 
14491 789 7637 788 
14492 591 7555 590 
14493 792 7630 791 
14494 787 7598 786 
14495 857 7622 856 
14496 864 7566 863 
14497 809 7632 808 
14498 804 7596 803 
14499 847 7564 846 
14500 1183 7353 1184 
14501 1242 7451 1243 
14502 1266 7351 1267 
14503 1218 7366 1219 
14504 1198 7712 1199 
14505 1256 7479 1257 
14506 1170 7693 1171 
14507 1237 7656 1238 
14508 1274 7458 1275 
14509 1224 7484 1225 
14510 1178 7690 1179 
14511 1261 7700 1262 
14512 1212 7403 1213 
14513 1037 7773 1038 
14514 1120 7737 1121 
14515 1109 7386 1110 
14516 1190 7768 1191 
14517 1122 7342 1123 
14518 1157 7422 1158 
14519 1130 7663 1131 
14520 1206 7450 1207 
14521 1252 7400 1253 
14522 1161 7470 1162 
14523 1146 7695 1147 
14524 1114 7680 1115 
14525 1166 7731 1167 
14526 1113 7467 1114 
14527 1112 7910 1113 
14528 1141 7424 1142 
14529 1121 7341 15 
14530 1153 7338 1154 
14531 1203 7368 1204 
14532 1107 7344 1108 
14533 1067 7459 1068 
14534 1139 7382 1140 
14535 1012 7364 1013 
14536 1039 7367 1040 
14537 1136 7741 1137 
14538 978 7331 979 
14539 972 7434 973 
14540 1019 7907 1020 
14541 1236 7402 1237 
14542 1057 7329 1058 
14543 1069 7419 1070 
14544 1133 7385 1134 
14545 1156 7777 1157 
14546 1282 7349 1283 
14547 1043 7356 1044 
14548 1046 7843 1047 
14549 1144 7938 1145 
14550 973 7861 974 
14551 1085 7421 1086 
14552 1168 7892 1169 
14553 1251 7757 1252 
14554 1087 7379 1088 
14555 1197 7397 1198 
14556 1080 7702 1081 
14557 966 7417 967 
14558 1028 7360 1029 
14559 1062 7789 1063 
14560 1002 7481 1003 
14561 1049 7476 1050 
14562 1280 7334 1281 
14563 993 7859 994 
14564 999 7747 1000 
14565 1050 7725 1051 
14566 982 7415 983 
14567 1020 7447 1021 
14568 1082 7932 1083 
14569 980 7373 981 
14570 1188 7666 1189 
14571 1165 7389 1166 
14572 1210 7443 1211 
14573 1102 7808 1103 
14574 1051 7455 1052 
14575 959 7751 960 
14576 967 7733 968 
14577 1005 7688 1006 
14578 1264 7332 1265 
14579 1000 7452 1001 
14580 1036 7449 1037 
14581 1059 7354 1060 
14582 1073 7335 1074 
14583 968 7457 969 
14584 1035 7941 1036 
14585 1086 7828 1087 
14586 1175 7460 1176 
14587 1038 7409 14 
14588 1103 7381 1104 
14589 1145 7468 1146 
14590 1248 7325 1249 
14591 1026 7323 1027 
14592 1048 7903 1049 
14593 1058 7705 1059 
14594 1088 7677 1089 
14595 1151 7345 1152 
14596 1232 7321 1233 
14597 1254 7440 1255 
14598 13 7489 956 
14599 965 7900 966 
14600 1076 7835 1077 
14601 1084 7852 1085 
14602 1128 7466 1129 
14603 1004 7441 1005 
14604 1116 7890 1117 
14605 1125 7787 1126 
14606 1204 7738 16 
14607 963 7780 964 
14608 1014 7406 1015 
14609 1115 7465 1116 
14610 1134 7836 1135 
14611 1265 7694 1266 
14612 15 7752 1122 
14613 16 7410 1205 
14614 1022 7407 1023 
14615 1053 7413 1054 
14616 1149 7387 1150 
14617 1105 7339 1106 
14618 1187 7372 1188 
14619 1032 7444 1033 
14620 1040 7877 1041 
14621 1009 7756 1010 
14622 961 7886 962 
14623 1158 7782 1159 
14624 1147 7429 1148 
14625 1177 7472 1178 
14626 1255 7939 1256 
14627 1286 7653 1287 
14628 1030 7404 1031 
14629 1235 7812 1236 
14630 1077 7390 1078 
14631 1216 7324 1217 
14632 1045 7398 1046 
14633 1070 7714 1071 
14634 1272 7474 1273 
14635 1006 7401 1007 
14636 1176 7902 1177 
14637 1273 7759 1274 
14638 1135 7343 1136 
14639 1249 7762 1250 
14640 971 7935 972 
14641 1071 7377 1072 
14642 1097 7469 1098 
14643 1154 7825 1155 
14644 975 7732 976 
14645 976 7352 977 
14646 1042 7749 1043 
14647 1222 7448 1223 
14648 1227 7855 1228 
14649 1260 7416 1261 
14650 1131 7427 1132 
14651 1055 7371 1056 
14652 1061 7396 1062 
14653 1065 7473 1066 
14654 1091 7346 1092 
14655 1228 7405 1229 
14656 1257 7765 1258 
14657 1018 7485 1019 
14658 1225 7936 1226 
14659 1270 7433 1271 
14660 1111 7428 1112 
14661 964 7375 965 
14662 974 7394 975 
14663 1008 7361 1009 
14664 1056 7867 1057 
14665 1095 7430 1096 
14666 1159 7462 1160 
14667 1220 7408 1221 
14668 970 7475 971 
14669 1143 7464 1144 
14670 1171 7378 1172 
14671 1118 7899 1119 
14672 1169 7336 1170 
14673 1230 7363 1231 
14674 996 7370 997 
14675 1017 7716 1018 
14676 1079 7432 1080 
14677 960 7350 961 
14678 1132 7931 1133 
14679 1081 7471 1082 
14680 1173 7420 1174 
14681 1191 7456 1192 
14682 958 7392 959 
14683 1078 7893 1079 
14684 1162 7719 1163 
14685 984 7454 985 
14686 1024 7365 1025 
14687 1041 7327 1042 
14688 1181 7395 1182 
14689 1226 7445 1227 
14690 1123 7876 1124 
14691 1124 7384 1125 
14692 1211 7658 1212 
14693 1262 7374 1263 
14694 1284 7391 1285 
14695 986 7478 987 
14696 1101 7423 1102 
14697 1213 7676 1214 
14698 988 7439 989 
14699 1003 7904 1004 
14700 1194 7906 1195 
14701 1219 7779 1220 
14702 1258 7453 1259 
14703 987 7940 988 
14704 1201 7328 1202 
14705 1240 7480 1241 
14706 995 7874 996 
14707 1217 7755 1218 
14708 1034 7482 1035 
14709 1234 7362 1235 
14710 1137 7340 1138 
14711 962 7333 963 
14712 1016 7446 1017 
14713 1214 7359 1215 
14714 1010 7322 1011 
14715 1189 7414 1190 
14716 1066 7905 1067 
14717 1089 7337 1090 
14718 1094 7797 1095 
14719 1250 7358 1251 
14720 1083 7461 1084 
14721 1129 7908 1130 
14722 1167 7347 1168 
14723 1179 7435 1180 
14724 1238 7442 1239 
14725 1013 7865 1014 
14726 1096 7922 1097 
14727 994 7326 995 
14728 1155 7380 1156 
14729 997 7896 998 
14730 998 7412 999 
14731 1063 7436 1064 
14732 1246 7369 1247 
14733 1276 7418 1277 
14734 1185 7330 1186 
14735 1160 7934 1161 
14736 1047 7438 1048 
14737 1093 7388 1094 
14738 1119 7383 1120 
14739 985 7871 986 
14740 1163 7431 1164 
14741 990 7399 991 
14742 1075 7348 1076 
14743 1239 7927 1240 
14744 992 7357 993 
14745 1099 7463 1100 
14746 1207 7937 1208 
14747 1193 7477 1194 
14748 1271 7933 1272 
14749 1268 7393 1269 
14750 1209 7805 1210 
14751 1195 7437 1196 
14752 1278 7376 1279 
14753 1126 7426 1127 
14754 1208 7483 1209 
14755 1244 7411 1245 
14756 1199 7355 1200 
14757 1117 7425 1118 
14758 7902 8235 7692 
14759 8021 8073 7500 
14760 7455 7792 7791 
14761 7967 8037 8030 
14762 7404 7674 1031 
14763 7381 7713 1104 
14764 7439 7670 989 
14765 7405 7698 1229 
14766 7386 7672 1110 
14767 7458 7668 1275 
14768 7452 7770 1001 
14769 7409 7710 14 
14770 7469 7660 1098 
14771 7410 7832 1205 
14772 7406 7678 1015 
14773 7323 7746 1027 
14774 7456 7683 1192 
14775 7455 7791 1052 
14776 7387 7744 1150 
14777 7335 7786 1074 
14778 7400 7686 1253 
14779 7322 7763 1011 
14780 7369 7709 1247 
14781 7447 7742 1021 
14782 7436 7706 1064 
14783 7353 7735 1184 
14784 7451 7739 1243 
14785 7351 7736 1267 
14786 7457 7813 969 
14787 7344 7781 1108 
14788 7345 7818 1152 
14789 7339 7758 1106 
14790 7480 7728 1241 
14791 7463 7810 1100 
14792 7489 7822 956 
14793 7382 7793 1140 
14794 7407 7800 1023 
14795 7352 7820 977 
14796 7453 7784 1259 
14797 7444 7840 1033 
14798 7356 7750 1044 
14799 7435 7802 1180 
14800 7395 7826 1182 
14801 7374 7804 1263 
14802 7429 7816 1148 
14803 7340 7799 1138 
14804 7408 7775 1221 
14805 7354 7827 1060 
14806 7378 7795 1172 
14807 7355 7764 1200 
14808 7448 7868 1223 
14809 7415 7881 983 
14810 7337 7860 1090 
14811 7330 7866 1186 
14812 7431 7830 1164 
14813 7331 7883 979 
14814 7399 7854 991 
14815 7321 7821 1233 
14816 7376 7845 1279 
14817 7334 7858 1281 
14818 7349 7745 1283 
14819 7424 7879 1142 
14820 7328 7887 1202 
14821 7373 7863 981 
14822 7365 7839 1025 
14823 7437 7837 1196 
14824 7426 7722 1127 
14825 7420 7753 1174 
14826 7413 7848 1054 
14827 7346 7875 1092 
14828 7653 7851 1287 
14829 7401 7834 1007 
14830 7363 7819 1231 
14831 7393 7884 1269 
14832 7377 7850 1072 
14833 7411 7857 1245 
14834 7459 7846 1068 
14835 7359 7878 1215 
14836 7391 7888 1285 
14837 7418 7897 1277 
14838 7360 7895 1029 
14839 7950 8057 8017 
14840 7685 8213 7906 
14841 7389 7929 7731 
14842 7747 7748 7452 
14843 7835 7928 7390 
14844 7900 7901 7417 
14845 7717 7718 7485 
14846 7656 7657 7442 
14847 7441 7689 7688 
14848 7465 7891 7890 
14849 7528 8075 8057 
14850 8056 8074 7527 
14851 7954 8102 7553 
14852 7590 8265 7657 
14853 7689 8264 7589 
14854 7572 8122 7964 
14855 7483 7806 7805 
14856 7520 8068 8048 
14857 7778 8118 7570 
14858 7569 8117 7829 
14859 7708 8234 7905 
14860 7554 8103 7976 
14861 7718 8222 7907 
14862 7419 7715 7714 
14863 7497 8043 8020 
14864 7476 7726 7725 
14865 7666 7667 7414 
14866 7574 8189 7788 
14867 7526 8072 8055 
14868 7480 7730 7729 
14869 7472 7691 7690 
14870 7797 7798 7430 
14871 7535 8087 7926 
14872 7960 8100 7551 
14873 7596 8292 7776 
14874 7914 8109 7552 
14875 7434 7862 7861 
14876 7663 7664 7427 
14877 7461 7853 7852 
14878 7782 7783 7462 
14879 7566 8113 7898 
14880 7724 8241 7908 
14881 7469 7662 7661 
14882 7568 8121 7972 
14883 7564 8112 7701 
14884 7716 7717 7485 
14885 7397 7919 7712 
14886 7443 7659 7658 
14887 7783 8323 7610 
14888 7609 8324 7853 
14889 7480 7729 7728 
14890 7654 7655 10 
14891 8079 8083 7524 
14892 8023 8077 7501 
14893 7425 7943 7899 
14894 7998 8096 7547 
14895 7540 8090 7920 
14896 8035 8061 7763 
14897 7548 8097 7977 
14898 8055 8124 8014 
14899 7474 7760 7759 
14900 7385 8007 7836 
14901 7702 7703 7471 
14902 7470 7720 7719 
14903 7896 7945 7412 
14904 7518 8067 8042 
14905 7994 8095 7545 
14906 7561 8110 7849 
14907 7923 8094 7539 
14908 531 7605 530 
14909 862 7606 861 
14910 8033 8059 7821 
14911 7580 8248 7894 
14912 8003 8093 7543 
14913 7736 8098 7924 
14914 7924 8098 7541 
14915 570 7628 569 
14916 823 7629 822 
14917 7745 8094 7923 
14918 8046 8069 7519 
14919 7823 8345 7824 
14920 7817 8285 7577 
14921 7847 8314 7607 
14922 7549 8258 8123 
14923 7895 8109 7914 
14924 7930 8092 7536 
14925 7875 8092 7930 
14926 7843 7844 7438 
14927 7911 8105 7556 
14928 7796 8121 7568 
14929 7458 7669 7668 
14930 7431 7831 7830 
14931 8031 8058 7746 
14932 7956 8091 7542 
14933 7863 8120 7864 
14934 8032 8062 7509 
14935 7926 8087 7744 
14936 686 7615 685 
14937 7423 7809 7808 
14938 7757 7917 7400 
14939 8000 8090 7540 
14940 7551 8100 7915 
14941 8017 8160 7493 
14942 7391 7923 7889 
14943 7538 8089 7992 
14944 8013 8088 7537 
14945 7801 8104 7800 
14946 7865 7912 7406 
14947 7506 8053 8028 
14948 8027 8052 7505 
14949 7578 8257 7798 
14950 7494 8129 8018 
14951 7675 8319 7592 
14952 7383 8005 7737 
14953 7504 8051 8026 
14954 7876 7942 7384 
14955 7499 8045 8022 
14956 689 7652 688 
14957 7869 7870 7484 
14958 7552 8109 7953 
14959 7686 8175 7687 
14960 7418 7898 7897 
14961 7665 8141 7931 
14962 696 7946 695 
14963 7451 7740 7739 
14964 7543 8093 7916 
14965 7678 8180 7679 
14966 8019 8044 7498 
14967 7542 8091 7925 
14968 7395 7916 7826 
14969 7576 8271 7673 
14970 7413 7849 7848 
14971 7879 8196 7880 
14972 697 7952 7490 
14973 7490 7946 696 
14974 695 7946 7531 
14975 782 7947 781 
14976 797 7960 796 
14977 731 7950 730 
14978 660 7949 659 
14979 698 7952 697 
14980 541 7956 540 
14981 611 7966 610 
14982 662 7969 661 
14983 575 7968 574 
14984 814 7954 813 
14985 835 7977 834 
14986 816 7973 815 
14987 750 7972 749 
14988 799 7967 798 
14989 818 7980 817 
14990 613 7971 612 
14991 850 7974 849 
14992 609 7988 608 
14993 562 7948 561 
14994 820 7955 819 
14995 528 8009 527 
14996 543 7982 542 
14997 748 8014 747 
14998 733 7986 732 
14999 577 7959 576 
15000 831 7965 830 
15001 647 7992 646 
15002 526 7996 525 
15003 746 8013 745 
15004 716 7964 715 
15005 679 8001 678 
15006 833 7991 832 
15007 643 7970 642 
15008 579 7976 578 
15009 780 7994 779 
15010 573 7989 572 
15011 712 7958 711 
15012 645 8012 644 
15013 767 7961 766 
15014 677 7995 676 
15015 596 7953 595 
15016 869 7993 868 
15017 714 7978 713 
15018 852 7962 851 
15019 630 7990 629 
15020 867 7985 866 
15021 558 7998 557 
15022 784 7984 783 
15023 524 8000 523 
15024 763 8003 762 
15025 626 7983 625 
15026 560 7987 559 
15027 594 7979 593 
15028 865 8004 864 
15029 7591 8300 7659 
15030 7873 8216 7940 
15031 7939 8217 7767 
15032 7429 7817 7816 
15033 7453 7785 7784 
15034 826 7638 825 
15035 567 7639 566 
15036 7567 8116 7715 
15037 7901 8114 7565 
15038 7938 8240 7697 
15039 7655 8348 7851 
15040 7803 8148 7802 
15041 7532 8086 7952 
15042 7814 7815 7475 
15043 7671 8156 7670 
15044 7870 8220 7936 
15045 7447 7743 7742 
15046 7794 8122 7572 
15047 8015 8038 7491 
15048 781 7947 7503 
15049 7514 7967 799 
15050 7507 7960 797 
15051 766 7961 7520 
15052 834 7977 7506 
15053 796 7960 7551 
15054 730 7950 7493 
15055 868 7993 7497 
15056 7528 7950 731 
15057 540 7956 7542 
15058 7532 7952 698 
15059 659 7949 7569 
15060 7527 7949 660 
15061 7525 7970 643 
15062 557 7998 7547 
15063 7510 7973 816 
15064 593 7979 7513 
15065 612 7971 7504 
15066 749 7972 7526 
15067 7500 7956 541 
15068 559 7987 7505 
15069 851 7962 7499 
15070 7504 7966 611 
15071 7565 8009 528 
15072 745 8013 7537 
15073 661 7969 7527 
15074 7511 7954 814 
15075 7570 7986 733 
15076 7499 7974 850 
15077 7554 7976 579 
15078 644 8012 7525 
15079 7590 7955 820 
15080 576 7959 7509 
15081 7498 8000 524 
15082 7544 7990 630 
15083 813 7954 7553 
15084 7509 7968 575 
15085 678 8001 7529 
15086 832 7991 7517 
15087 7521 7982 543 
15088 561 7948 7518 
15089 7494 7969 662 
15090 817 7980 7510 
15091 815 7973 7511 
15092 7530 7978 714 
15093 542 7982 7500 
15094 849 7974 7522 
15095 715 7964 7530 
15096 7552 7953 596 
15097 7512 7959 577 
15098 7517 7965 831 
15099 7526 8014 748 
15100 7568 7972 750 
15101 7572 7964 716 
15102 7546 7971 613 
15103 779 7994 7545 
15104 762 8003 7543 
15105 7529 7995 677 
15106 7548 7977 835 
15107 525 7996 7498 
15108 7538 7992 647 
15109 608 7988 7557 
15110 732 7986 7528 
15111 578 7976 7512 
15112 713 7978 7491 
15113 595 7953 7508 
15114 7492 8001 679 
15115 625 7983 7561 
15116 642 7970 7567 
15117 7491 7958 712 
15118 798 7967 7507 
15119 676 7995 7571 
15120 7506 7991 833 
15121 572 7989 7589 
15122 7503 7994 780 
15123 7497 7985 867 
15124 7562 7961 767 
15125 7541 7962 852 
15126 7558 7984 784 
15127 7519 7983 626 
15128 629 7990 7502 
15129 7539 7993 869 
15130 523 8000 7540 
15131 7505 7998 558 
15132 7508 7979 594 
15133 7518 7987 560 
15134 7501 8003 763 
15135 864 8004 7566 
15136 7841 7842 7482 
15137 7664 7665 7427 
15138 7608 8307 7754 
15139 7479 7767 7766 
15140 7468 7697 7696 
15141 7872 7873 7478 
15142 7546 8101 7971 
15143 7792 8171 7791 
15144 7811 8178 7810 
15145 7927 8254 7730 
15146 7925 8091 7732 
15147 7502 8047 8024 
15148 7411 7944 7857 
15149 7469 7661 7660 
15150 7544 8099 7990 
15151 7758 8016 8008 
15152 7665 8327 7575 
15153 7553 8102 7699 
15154 7915 8100 7676 
15155 7474 7761 7760 
15156 7703 7704 7471 
15157 7470 7721 7720 
15158 7667 8111 7562 
15159 7779 8105 7911 
15160 873 7488 872 
15161 520 7487 519 
15162 7459 7847 7846 
15163 7483 7807 7806 
15164 7933 8208 7761 
15165 7541 8098 7962 
15166 7547 8096 7913 
15167 7889 8344 7888 
15168 7701 8112 7700 
15169 7937 8224 7807 
15170 8016 8060 8001 
15171 8008 8016 7492 
15172 8108 8259 7550 
15173 7704 8237 7932 
15174 7934 8238 7721 
15175 7829 8117 7828 
15176 7777 8118 7778 
15177 7437 7838 7837 
15178 7922 8205 7662 
15179 7921 8099 7544 
15180 7918 8101 7546 
15181 7539 8094 7993 
15182 7868 8255 7869 
15183 7815 8209 7935 
15184 7827 8099 7921 
15185 7842 8223 7941 
15186 7399 7913 7854 
15187 7795 8121 7796 
15188 7758 8008 7344 
15189 7845 8079 7334 
15190 7832 8183 7833 
15191 7571 8119 7809 
15192 7750 8101 7918 
15193 7405 7699 7698 
15194 7770 8310 7771 
15195 7333 8126 7780 
15196 7930 8145 7388 
15197 7787 8139 7788 
15198 7729 8288 7728 
15199 7394 8325 7925 
15200 8020 8043 7858 
15201 635 7621 634 
15202 758 7620 757 
15203 7755 8115 7366 
15204 7789 8152 7790 
15205 7403 8300 7915 
15206 7831 8146 7830 
15207 7416 8173 7701 
15208 7916 8093 7826 
15209 7856 8163 7855 
15210 7877 8134 7327 
15211 7738 7909 7410 
15212 8018 8056 7969 
15213 7687 8217 7440 
15214 8005 8064 7737 
15215 7531 8064 8005 
15216 7679 8221 7446 
15217 7529 8085 7995 
15218 7778 8323 7422 
15219 7421 8324 7829 
15220 7768 8172 7769 
15221 7880 8240 7464 
15222 7885 8331 7581 
15223 7898 8113 7897 
15224 7838 8304 7585 
15225 7669 8195 7668 
15226 7610 8282 7783 
15227 7853 8281 7609 
15228 7849 8110 7848 
15229 7672 8159 7673 
15230 7964 8076 7530 
15231 7525 8084 7970 
15232 7374 8130 7804 
15233 7445 8220 7856 
15234 7545 8095 7919 
15235 7986 8075 7528 
15236 7527 8074 7949 
15237 7928 8089 7538 
15238 7537 8088 7929 
15239 7972 8072 7526 
15240 772 7643 771 
15241 621 7642 620 
15242 7884 8331 7885 
15243 7696 8204 7695 
15244 7582 8325 7862 
15245 7781 8236 8006 
15246 7365 8161 7839 
15247 7766 8228 7765 
15248 7871 8229 7872 
15249 7881 8188 7882 
15250 7775 8182 7776 
15251 7929 8088 7731 
15252 7835 8089 7928 
15253 7944 8242 7857 
15254 7740 8168 7739 
15255 7674 8319 7675 
15256 7570 8144 7778 
15257 7829 8143 7569 
15258 7586 8283 7844 
15259 7817 8142 7816 
15260 7557 8106 7711 
15261 7793 8122 7794 
15262 7840 8252 7841 
15263 7912 8103 7554 
15264 7913 8096 7854 
15265 7519 8069 7983 
15266 7961 8068 7520 
15267 7517 8082 7965 
15268 7681 8286 7680 
15269 7683 8333 7684 
15270 8012 8125 8054 
15271 7706 8332 7707 
15272 7924 8331 7393 
15273 7900 8114 7901 
15274 7785 8173 7784 
15275 7914 8319 7404 
15276 7743 8164 7742 
15277 7917 8097 7548 
15278 7833 8224 7450 
15279 7666 8111 7667 
15280 7774 8166 7773 
15281 7701 8140 7564 
15282 7715 8116 7714 
15283 7722 8244 7723 
15284 680 8010 7492 
15285 7864 8188 7415 
15286 7948 8067 7518 
15287 7699 8102 7698 
15288 7919 8095 7712 
15289 7786 8125 8039 
15290 8018 8129 7860 
15291 7383 8270 8005 
15292 7753 8191 7754 
15293 7387 8142 7926 
15294 7893 8147 7894 
15295 7511 8081 7954 
15296 7911 8182 7408 
15297 7801 8154 7555 
15298 7407 8164 7801 
15299 8120 8137 7975 
15300 7654 8348 7655 
15301 7507 8080 7960 
15302 7389 8146 7929 
15303 7563 8151 7864 
15304 7921 8152 7396 
15305 7733 8197 7734 
15306 7847 8177 7846 
15307 7813 8261 7814 
15308 7449 8223 7774 
15309 7838 8153 7837 
15310 7549 8123 7989 
15311 7976 8061 7512 
15312 7928 8147 7390 
15313 7943 8270 7899 
15314 7820 8073 8021 
15315 7918 8155 7398 
15316 7509 8062 7968 
15317 7980 8059 7510 
15318 599 7592 598 
15319 794 7591 793 
15320 7953 8058 7508 
15321 7689 8157 7688 
15322 7656 8158 7657 
15323 8007 8215 7836 
15324 10 8349 873 
15325 7409 7711 7710 
15326 7747 8170 7748 
15327 7661 8232 7660 
15328 7797 8145 7798 
15329 7788 8244 7426 
15330 7901 8197 7417 
15331 7896 8243 7945 
15332 7946 8064 7531 
15333 7419 8177 7715 
15334 7894 8207 7432 
15335 7790 8332 7436 
15336 7891 8181 7890 
15337 736 7610 735 
15338 657 7609 656 
15339 7667 8172 7414 
15340 7556 8133 7911 
15341 7764 8078 8025 
15342 7673 8256 7428 
15343 7463 8232 7811 
15344 7862 8325 7861 
15345 7503 8078 7994 
15346 7435 8326 7803 
15347 7439 8216 7671 
15348 7659 8275 7591 
15349 7769 8333 7456 
15350 7397 8153 7919 
15351 7757 8097 7917 
15352 7977 8053 7506 
15353 7505 8052 7998 
15354 8001 8060 7529 
15355 7455 8330 7792 
15356 7501 8077 8003 
15357 7818 8017 7338 
15358 7955 8108 7550 
15359 7878 8080 8030 
15360 7820 8021 7331 
15361 7971 8051 7504 
15362 7659 8300 7658 
15363 7942 8086 7532 
15364 7876 8086 7942 
15365 7853 8324 7852 
15366 7782 8323 7783 
15367 7819 8081 8034 
15368 7915 8132 7551 
15369 7657 8254 7442 
15370 7441 8253 7689 
15371 7528 8057 7950 
15372 7969 8056 7527 
15373 7882 8229 7454 
15374 7806 8219 7805 
15375 7465 8286 7891 
15376 7990 8047 7502 
15377 7885 8208 7433 
15378 7500 8073 7956 
15379 8012 8054 7525 
15380 7385 8141 8007 
15381 7526 8055 8014 
15382 7865 8103 7912 
15383 7809 8119 7808 
15384 7798 8205 7430 
15385 7726 8330 7725 
15386 7691 8326 7690 
15387 7531 8070 694 
15388 7764 8025 7328 
15389 7709 8082 8041 
15390 7425 8181 7943 
15391 7962 8045 7499 
15392 7434 8209 7862 
15393 7741 8038 8015 
15394 7945 8170 7412 
15395 7974 8049 7522 
15396 7331 8050 7883 
15397 7592 8293 7675 
15398 7898 8212 7566 
15399 7461 8237 7853 
15400 7783 8238 7462 
15401 7663 8241 7664 
15402 7498 8044 8000 
15403 7993 8043 7497 
15404 7552 8138 7914 
15405 7886 8044 8019 
15406 7878 8030 7324 
15407 7340 8063 7799 
15408 7328 8135 7887 
15409 7443 8219 7659 
15410 7716 8221 7717 
15411 7735 8077 8023 
15412 8022 8045 7694 
15413 7963 8112 7564 
15414 7819 8034 7321 
15415 7332 8049 8022 
15416 7325 8041 8028 
15417 7818 8160 8017 
15418 8027 8042 7326 
15419 7843 8155 7844 
15420 7850 8084 8054 
15421 7909 8107 7558 
15422 8030 8037 7324 
15423 7720 8206 7719 
15424 7702 8207 7703 
15425 8048 8068 7866 
15426 7926 8136 7535 
15427 7839 8036 7323 
15428 8017 8057 7338 
15429 7991 8041 7517 
15430 7715 8190 7567 
15431 7859 8052 8027 
15432 8028 8053 7762 
15433 7754 8235 7460 
15434 7713 8085 8060 
15435 7565 8187 7901 
15436 8026 8051 7749 
15437 7965 8242 7559 
15438 7518 8042 7987 
15439 7760 8233 7759 
15440 7925 8128 7542 
15441 7709 8041 7325 
15442 7858 8043 7349 
15443 7560 8243 7948 
15444 538 7582 537 
15445 855 7581 854 
15446 7423 8178 7809 
15447 7491 8038 7958 
15448 7796 8191 7420 
15449 7849 8211 7561 
15450 7735 8023 7330 
15451 563 7560 562 
15452 830 7559 829 
15453 7568 8199 7796 
15454 7942 8139 7384 
15455 7952 8029 7490 
15456 7804 8049 7332 
15457 7844 8214 7438 
15458 7741 8015 7340 
15459 7756 8062 8032 
15460 7431 8206 7831 
15461 7973 8034 7511 
15462 7541 8131 7924 
15463 7979 8036 7513 
15464 7959 8032 7509 
15465 7514 8037 7967 
15466 7850 8054 7335 
15467 7786 8039 7348 
15468 7458 8233 7669 
15469 7967 8030 7507 
15470 8031 8036 7979 
15471 7536 8127 7930 
15472 7562 8186 7667 
15473 8042 8067 7874 
15474 7711 8106 7710 
15475 7746 8058 7360 
15476 693 7573 692 
15477 8033 8034 7973 
15478 7959 8035 8032 
15479 7713 8060 7339 
15480 7763 8061 7364 
15481 7886 8019 7333 
15482 7322 8035 7763 
15483 7395 8148 7916 
15484 7332 8022 7694 
15485 7821 8059 7362 
15486 8024 8047 7705 
15487 7418 8195 7898 
15488 7734 8261 7457 
15489 7336 8124 8055 
15490 7321 8033 7821 
15491 819 7550 818 
15492 574 7549 573 
15493 7887 8065 7368 
15494 7506 8028 7991 
15495 7987 8027 7505 
15496 7860 8129 7346 
15497 709 8167 7575 
15498 7413 8171 7849 
15499 7576 8169 683 
15500 7537 8149 744 
15501 648 8150 7538 
15502 743 8149 7579 
15503 7580 8150 649 
15504 8055 8072 7693 
15505 7653 8346 7851 
15506 7578 8127 666 
15507 665 8127 7536 
15508 7542 8128 539 
15509 7947 8025 7503 
15510 7866 8068 7372 
15511 7859 8027 7326 
15512 7325 8028 7762 
15513 7748 8310 7452 
15514 7323 8031 7746 
15515 7504 8026 7966 
15516 7677 8074 8056 
15517 8057 8075 7825 
15518 8040 8124 7892 
15519 7327 8026 7749 
15520 7545 8174 778 
15521 777 8174 7585 
15522 681 8010 680 
15523 8006 8159 7386 
15524 853 8131 7541 
15525 7551 8132 795 
15526 7776 8255 7448 
15527 7867 8069 8046 
15528 8029 8086 7342 
15529 802 8133 7556 
15530 7596 8133 803 
15531 7584 8179 632 
15532 631 8179 7544 
15533 7329 8046 8024 
15534 7752 8029 7342 
15535 7598 8273 786 
15536 785 8273 7558 
15537 7586 8184 615 
15538 614 8184 7546 
15539 7451 8288 7740 
15540 870 8176 7539 
15541 7982 8021 7500 
15542 7600 8194 564 
15543 7535 8136 727 
15544 726 8136 7577 
15545 7499 8022 7974 
15546 8005 8070 7531 
15547 768 8186 7562 
15548 7602 8186 769 
15549 7675 8252 7444 
15550 597 8138 7552 
15551 682 7534 681 
15552 711 7533 710 
15553 845 8140 7604 
15554 7564 8140 846 
15555 529 8187 7565 
15556 7543 8193 761 
15557 760 8193 7583 
15558 7567 8190 641 
15559 640 8190 7607 
15560 7490 8029 8011 
15561 7569 8143 658 
15562 734 8144 7570 
15563 7756 8032 7322 
15564 691 8202 7613 
15565 7996 8019 7498 
15566 7799 8076 7382 
15567 7411 8168 7944 
15568 546 8151 7563 
15569 7603 8151 547 
15570 589 8154 7595 
15571 7555 8154 590 
15572 7862 8266 7582 
15573 7608 8199 752 
15574 751 8199 7568 
15575 7920 8198 7540 
15576 606 8297 7597 
15577 7557 8297 607 
15578 828 8230 7599 
15579 7981 8160 8087 
15580 7429 8204 7817 
15581 7561 8211 624 
15582 623 8211 7601 
15583 7540 8198 522 
15584 7566 8212 863 
15585 7563 8120 7975 
15586 7892 8124 7336 
15587 7324 8037 7755 
15588 7453 8228 7785 
15589 7968 8258 7549 
15590 7343 8038 7741 
15591 7350 8090 8044 
15592 7539 8176 7923 
15593 7326 8042 7874 
15594 7978 8015 7491 
15595 7447 8222 7743 
15596 7550 8259 7980 
15597 7350 8044 7886 
15598 7339 8016 7758 
15599 7916 8193 7543 
15600 7738 8107 7909 
15601 548 8290 7603 
15602 7641 8290 549 
15603 866 7524 865 
15604 527 7523 526 
15605 7614 8189 702 
15606 701 8189 7574 
15607 7950 8017 7493 
15608 7794 8196 7424 
15609 7694 8045 7351 
15610 7492 8010 8008 
15611 7917 8175 7400 
15612 7883 8137 7373 
15613 7334 8020 7858 
15614 7329 8024 7705 
15615 843 8295 7640 
15616 7604 8295 844 
15617 7617 8257 668 
15618 667 8257 7578 
15619 7619 8248 651 
15620 650 8248 7580 
15621 7534 8236 8010 
15622 536 8266 7623 
15623 633 8200 7584 
15624 7339 8060 8016 
15625 7357 8096 8052 
15626 7399 8156 7913 
15627 7589 8264 571 
15628 821 8265 7590 
15629 7705 8047 7354 
15630 792 8275 7630 
15631 7593 8203 810 
15632 809 8203 7632 
15633 684 8271 7576 
15634 8008 8236 7344 
15635 604 8251 7636 
15636 7597 8251 605 
15637 8053 8097 7358 
15638 7337 8018 7860 
15639 565 8272 7600 
15640 7622 8280 856 
15641 770 8210 7602 
15642 7749 8051 7356 
15643 7644 8269 532 
15644 7627 8218 839 
15645 838 8218 7588 
15646 655 8281 7648 
15647 7649 8282 737 
15648 724 8285 7616 
15649 7577 8285 725 
15650 8039 8089 7348 
15651 741 8262 7618 
15652 7579 8262 742 
15653 7343 8215 8038 
15654 7613 8276 690 
15655 7631 8293 600 
15656 7581 8280 7885 
15657 7633 8226 583 
15658 582 8226 7594 
15659 7357 8052 7859 
15660 7762 8053 7358 
15661 7635 8292 805 
15662 804 8292 7596 
15663 706 8289 7486 
15664 7583 8231 759 
15665 7637 8263 788 
15666 787 8263 7598 
15667 7347 8088 8040 
15668 553 8239 7626 
15669 7587 8239 554 
15670 7912 8180 7406 
15671 7851 8348 7489 
15672 7559 8242 7944 
15673 587 8296 7634 
15674 7595 8296 588 
15675 7997 8104 7555 
15676 7336 8055 7693 
15677 7347 8040 7892 
15678 8061 8103 7364 
15679 7599 8294 827 
15680 719 8245 7612 
15681 7651 8245 720 
15682 7601 8247 622 
15683 860 8277 7645 
15684 7459 8234 7847 
15685 7361 8258 8062 
15686 7556 8105 8002 
15687 672 8250 7650 
15688 7611 8250 673 
15689 7677 8056 7337 
15690 7338 8057 7825 
15691 7616 8260 723 
15692 8059 8259 7362 
15693 7630 8299 791 
15694 8011 8064 7946 
15695 550 8268 7641 
15696 7640 8267 842 
15697 7919 8174 7545 
15698 7405 8163 7699 
15699 7867 8046 7329 
15700 7437 8213 7838 
15701 703 8322 7614 
15702 7367 8106 8066 
15703 8065 8107 7368 
15704 601 8318 7631 
15705 806 8279 7635 
15706 7605 8187 530 
15707 783 7516 782 
15708 610 7515 609 
15709 7575 8327 708 
15710 7737 8064 7341 
15711 7538 8150 7928 
15712 7929 8149 7537 
15713 8092 8129 7957 
15714 7361 8062 7756 
15715 7371 8110 8069 
15716 669 8284 7617 
15717 8068 8111 7372 
15718 7337 8056 8018 
15719 8123 8258 7834 
15720 7367 8066 7877 
15721 7874 8067 7370 
15722 7626 8336 552 
15723 840 8337 7627 
15724 7546 8184 7918 
15725 7544 8179 7921 
15726 862 8212 7606 
15727 8067 8243 7370 
15728 7645 8316 859 
15729 7335 8125 7786 
15730 618 8306 7625 
15731 755 8308 7647 
15732 7371 8069 7867 
15733 7624 8309 774 
15734 7634 8315 586 
15735 7646 8311 637 
15736 857 8338 7622 
15737 7486 8317 705 
15738 7648 8340 654 
15739 738 8339 7649 
15740 7623 8342 535 
15741 533 8329 7644 
15742 7379 8117 8074 
15743 8075 8118 7380 
15744 8071 8114 7375 
15745 7744 8087 7345 
15746 7693 8072 7378 
15747 7560 7948 562 
15748 830 7965 7559 
15749 646 7496 645 
15750 747 7495 746 
15751 7379 8074 7677 
15752 7825 8075 7380 
15753 7780 8071 7375 
15754 570 8264 7628 
15755 7629 8265 822 
15756 531 8269 7605 
15757 7982 8050 8021 
15758 7650 8328 671 
15759 848 7963 847 
15760 545 7975 544 
15761 7826 8093 7353 
15762 8023 8048 7330 
15763 7573 8270 7943 
15764 7606 8277 861 
15765 584 8305 7633 
15766 721 8335 7651 
15767 7854 8096 7357 
15768 8043 8094 7349 
15769 7522 7963 848 
15770 847 7963 7564 
15771 544 7975 7521 
15772 7563 7975 545 
15773 7615 8271 685 
15774 7834 8258 7361 
15775 8045 8098 7351 
15776 7632 8334 808 
15777 8011 8029 7752 
15778 823 8278 7629 
15779 7698 8102 7363 
15780 8054 8125 7335 
15781 7492 8016 8001 
15782 8047 8099 7354 
15783 7800 8104 7365 
15784 7710 8106 7367 
15785 8051 8101 7356 
15786 7981 8087 7535 
15787 7812 8259 8108 
15788 7628 8298 569 
15789 7958 8215 7533 
15790 7848 8110 7371 
15791 8058 8109 7360 
15792 652 8313 7619 
15793 7618 8312 740 
15794 7550 7980 818 
15795 819 7955 7550 
15796 7549 7989 573 
15797 574 7968 7549 
15798 7857 8242 7369 
15799 7352 8091 8073 
15800 7897 8113 7376 
15801 7353 8093 8077 
15802 711 7958 7533 
15803 7494 8018 7969 
15804 686 8302 7615 
15805 7355 8095 8078 
15806 7346 8129 8092 
15807 694 8070 693 
15808 689 8276 7652 
15809 7497 8020 7985 
15810 7945 8243 7560 
15811 7330 8048 7866 
15812 7342 8086 7876 
15813 7363 8102 8081 
15814 7359 8100 8080 
15815 7488 8162 872 
15816 664 7957 663 
15817 729 7981 728 
15818 7711 8297 7557 
15819 7909 8183 7410 
15820 7652 8274 688 
15821 789 8341 7637 
15822 7636 8343 603 
15823 7524 8004 865 
15824 866 7985 7524 
15825 527 8009 7523 
15826 7523 7996 526 
15827 7639 8272 566 
15828 7352 8073 7820 
15829 520 8185 7487 
15830 8072 8121 7378 
15831 801 8002 800 
15832 592 7997 591 
15833 663 7957 7494 
15834 7536 7957 664 
15835 728 7981 7535 
15836 7493 7981 729 
15837 8032 8035 7322 
15838 7321 8034 8033 
15839 8076 8122 7382 
15840 8024 8046 7951 
15841 7353 8077 7735 
15842 7409 8166 7711 
15843 826 8294 7638 
15844 7731 8088 7347 
15845 7348 8089 7835 
15846 7323 8036 8031 
15847 7355 8078 7764 
15848 8039 8125 7496 
15849 7751 8090 7350 
15850 7512 8035 7959 
15851 7369 8242 8082 
15852 7556 8002 801 
15853 800 8002 7514 
15854 591 7997 7555 
15855 7513 7997 592 
15856 7558 8273 7909 
15857 7732 8091 7352 
15858 8087 8160 7345 
15859 7510 8033 7973 
15860 567 8291 7639 
15861 7638 8287 825 
15862 7508 8031 7979 
15863 8108 8158 7402 
15864 7376 8113 8083 
15865 7359 8080 7878 
15866 7712 8095 7355 
15867 7377 8116 8084 
15868 7836 8215 7343 
15869 7373 8137 8120 
15870 7358 8097 7757 
15871 7363 8081 7819 
15872 7521 8050 7982 
15873 7381 8119 8085 
15874 7676 8100 7359 
15875 7362 8259 7812 
15876 7364 8103 7865 
15877 7625 8283 617 
15878 616 8283 7586 
15879 7369 8082 7709 
15880 7366 8105 7779 
15881 7978 8063 8015 
15882 7368 8107 7738 
15883 7585 8304 776 
15884 775 8304 7624 
15885 7812 8108 7402 
15886 7516 7947 782 
15887 783 7984 7516 
15888 7515 7988 609 
15889 610 7966 7515 
15890 7345 8160 7818 
15891 753 8307 7608 
15892 7647 8307 754 
15893 7536 8092 7957 
15894 7607 8314 639 
15895 638 8314 7646 
15896 7487 8347 7654 
15897 7372 8111 7666 
15898 7816 8142 7387 
15899 7830 8146 7389 
15900 7377 8084 7850 
15901 7700 8112 7374 
15902 646 7992 7496 
15903 7496 8012 645 
15904 747 8014 7495 
15905 7495 8013 746 
15906 7370 8243 7896 
15907 7376 8083 7845 
15908 8021 8050 7331 
15909 7375 8114 7900 
15910 7714 8116 7377 
15911 7802 8148 7395 
15912 7381 8085 7713 
15913 7828 8117 7379 
15914 7380 8118 7777 
15915 7837 8153 7397 
15916 7670 8156 7399 
15917 628 7951 627 
15918 765 7999 764 
15919 7808 8119 7381 
15920 7899 8270 7383 
15921 7530 8063 7978 
15922 8006 8236 7534 
15923 7341 8011 7752 
15924 7742 8164 7407 
15925 7621 8200 634 
15926 7502 7951 628 
15927 627 7951 7519 
15928 764 7999 7501 
15929 7520 7999 765 
15930 7739 8168 7411 
15931 7791 8171 7413 
15932 7809 8225 7571 
15933 7784 8173 7416 
15934 7975 8137 7521 
15935 758 8231 7620 
15936 7668 8195 7418 
15937 7846 8177 7419 
15938 7594 8201 581 
15939 580 8201 7554 
15940 7810 8178 7423 
15941 7524 8083 8004 
15942 7620 8301 757 
15943 7346 8092 7875 
15944 7553 8246 812 
15945 811 8246 7593 
15946 635 8320 7621 
15947 7349 8094 7745 
15948 7351 8098 7736 
15949 674 8225 7611 
15950 7571 8225 675 
15951 7643 8210 771 
15952 7534 8010 681 
15953 8009 8071 7523 
15954 7495 8124 8040 
15955 7572 8249 7794 
15956 717 8249 7572 
15957 7612 8249 718 
15958 7354 8099 7827 
15959 7356 8101 7750 
15960 621 8247 7642 
15961 7642 8303 620 
15962 7344 8236 7781 
15963 772 8321 7643 
15964 7360 8109 7895 
15965 8015 8063 7340 
15966 7574 8165 700 
15967 699 8165 7532 
15968 7401 8157 8123 
15969 794 8132 7591 
15970 7533 8215 8007 
15971 7384 8139 7787 
15972 7699 8246 7553 
15973 7592 8138 598 
15974 693 8070 7573 
15975 7728 8288 7451 
15976 7931 8141 7385 
15977 7388 8145 7797 
15978 7888 8344 7653 
15979 7660 8232 7463 
15980 7390 8147 7893 
15981 836 8192 7548 
15982 7588 8192 837 
15983 7861 8325 7394 
15984 7610 8144 735 
15985 657 8143 7609 
15986 7373 8120 7863 
15987 7396 8152 7789 
15988 7398 8155 7843 
15989 7999 8048 8023 
15990 7378 8121 7795 
15991 7688 8157 7401 
15992 7402 8158 7656 
15993 555 8227 7587 
15994 7547 8227 556 
15995 7658 8300 7403 
15996 7855 8163 7405 
15997 7382 8122 7793 
15998 7554 8201 7912 
15999 7943 8202 7573 
16000 7773 8166 7409 
16001 7591 8275 793 
16002 7412 8170 7747 
16003 710 8167 709 
16004 683 8169 682 
16005 7414 8172 7768 
16006 599 8293 7592 
16007 7401 8123 7834 
16008 744 8149 743 
16009 649 8150 648 
16010 7417 8197 7733 
16011 666 8127 665 
16012 7852 8324 7421 
16013 7422 8323 7782 
16014 539 8128 538 
16015 736 8282 7610 
16016 7609 8281 656 
16017 7890 8181 7425 
16018 7341 8064 8011 
16019 778 8174 777 
16020 7515 8066 7988 
16021 7984 8065 7516 
16022 7944 8230 7559 
16023 538 8128 7582 
16024 854 8131 853 
16025 795 8132 794 
16026 7581 8131 854 
16027 803 8133 802 
16028 632 8179 631 
16029 786 8273 785 
16030 615 8184 614 
16031 871 8176 870 
16032 564 8194 563 
16033 727 8136 726 
16034 563 8194 7560 
16035 769 8186 768 
16036 598 8138 597 
16037 7913 8227 7547 
16038 7560 8194 7945 
16039 846 8140 845 
16040 530 8187 529 
16041 761 8193 760 
16042 641 8190 640 
16043 7559 8230 829 
16044 7428 8256 7910 
16045 658 8143 657 
16046 735 8144 734 
16047 7695 8204 7429 
16048 7430 8205 7922 
16049 7719 8206 7431 
16050 7432 8207 7702 
16051 7433 8208 7933 
16052 7935 8209 7434 
16053 7690 8326 7435 
16054 692 8202 691 
16055 7906 8213 7437 
16056 7438 8214 7903 
16057 7940 8216 7439 
16058 7440 8217 7939 
16059 7904 8253 7441 
16060 7442 8254 7927 
16061 7805 8219 7443 
16062 7936 8220 7445 
16063 7446 8221 7716 
16064 7907 8222 7447 
16065 547 8151 546 
16066 7941 8223 7449 
16067 7450 8224 7937 
16068 7582 8266 537 
16069 7573 8202 692 
16070 590 8154 589 
16071 7454 8229 7871 
16072 7765 8228 7453 
16073 7725 8330 7455 
16074 752 8199 751 
16075 7759 8233 7458 
16076 607 8297 606 
16077 7905 8234 7459 
16078 7460 8235 7902 
16079 7932 8237 7461 
16080 7462 8238 7934 
16081 7464 8240 7938 
16082 7680 8286 7465 
16083 7548 8192 7917 
16084 855 8280 7581 
16085 829 8230 828 
16086 7908 8241 7663 
16087 872 8162 871 
16088 624 8211 623 
16089 7386 8159 7672 
16090 7533 8167 710 
16091 682 8169 7534 
16092 522 8198 521 
16093 863 8212 862 
16094 7393 8331 7884 
16095 7400 8175 7686 
16096 7404 8319 7674 
16097 7493 8160 7981 
16098 7490 8011 7946 
16099 7406 8180 7678 
16100 7957 8129 7494 
16101 7408 8182 7775 
16102 521 8185 520 
16103 7410 8183 7832 
16104 702 8189 701 
16105 7415 8188 7881 
16106 549 8290 548 
16107 668 8257 667 
16108 7420 8191 7753 
16109 651 8248 650 
16110 7424 8196 7879 
16111 537 8266 536 
16112 634 8200 633 
16113 844 8295 843 
16114 7495 8040 8013 
16115 7992 8039 7496 
16116 7532 8165 7942 
16117 571 8264 570 
16118 822 8265 821 
16119 793 8275 792 
16120 810 8203 809 
16121 685 8271 684 
16122 605 8251 604 
16123 566 8272 565 
16124 8162 8176 871 
16125 856 8280 855 
16126 771 8210 770 
16127 532 8269 531 
16128 839 8218 838 
16129 656 8281 655 
16130 737 8282 736 
16131 725 8285 724 
16132 7951 8046 7519 
16133 742 8262 741 
16134 690 8276 689 
16135 600 8293 599 
16136 583 8226 582 
16137 805 8292 804 
16138 707 8289 706 
16139 759 8231 758 
16140 788 8263 787 
16141 554 8239 553 
16142 7822 8347 8345 
16143 588 8296 587 
16144 827 8294 826 
16145 720 8245 719 
16146 7426 8244 7722 
16147 622 8247 621 
16148 861 8277 860 
16149 673 8250 672 
16150 723 8260 722 
16151 757 8301 756 
16152 7436 8332 7706 
16153 521 8198 8185 
16154 791 8299 790 
16155 842 8267 841 
16156 551 8268 550 
16157 620 8303 619 
16158 688 8274 687 
16159 7444 8252 7840 
16160 7448 8255 7868 
16161 7452 8310 7770 
16162 7456 8333 7683 
16163 704 8322 703 
16164 7457 8261 7813 
16165 636 8320 635 
16166 602 8318 601 
16167 807 8279 806 
16168 568 8291 567 
16169 773 8321 772 
16170 8007 8167 7533 
16171 825 8287 824 
16172 708 8327 707 
16173 824 8278 823 
16174 7534 8169 8006 
16175 7334 8079 8020 
16176 8020 8079 7985 
16177 859 8316 858 
16178 670 8284 669 
16179 534 8329 533 
16180 7822 8345 7823 
16181 7996 8126 8019 
16182 7947 8135 8025 
16183 8026 8134 7966 
16184 841 8337 840 
16185 552 8336 551 
16186 585 8305 584 
16187 687 8302 686 
16188 7999 8023 7501 
16189 7502 8024 7951 
16190 569 8298 568 
16191 8014 8124 7495 
16192 671 8328 670 
16193 7520 8048 7999 
16194 619 8306 618 
16195 756 8308 755 
16196 774 8309 773 
16197 586 8315 585 
16198 637 8311 636 
16199 858 8338 857 
16200 705 8317 704 
16201 739 8339 738 
16202 654 8340 653 
16203 535 8342 534 
16204 7489 8347 7822 
16205 653 8313 652 
16206 740 8312 739 
16207 707 8327 8289 
16208 722 8335 721 
16209 808 8334 807 
16210 824 8287 8278 
16211 581 8201 580 
16212 551 8336 8268 
16213 8267 8337 841 
16214 8274 8302 687 
16215 8301 8308 756 
16216 617 8283 616 
16217 8303 8306 619 
16218 700 8165 699 
16219 568 8298 8291 
16220 8317 8322 704 
16221 8311 8320 636 
16222 8309 8321 773 
16223 812 8246 811 
16224 776 8304 775 
16225 8316 8338 858 
16226 8260 8335 722 
16227 7523 8126 7996 
16228 675 8225 674 
16229 754 8307 753 
16230 534 8342 8329 
16231 670 8328 8284 
16232 790 8341 789 
16233 603 8343 602 
16234 639 8314 638 
16235 718 8249 717 
16236 807 8334 8279 
16237 7516 8135 7947 
16238 7966 8134 7515 
16239 837 8192 836 
16240 585 8315 8305 
16241 8019 8126 7333 
16242 7496 8125 8012 
16243 7655 8349 10 
16244 7488 8346 8344 
16245 8037 8115 7755 
16246 7514 8115 8037 
16247 7985 8079 7524 
16248 556 8227 555 
16249 653 8340 8313 
16250 8312 8339 739 
16251 8299 8341 790 
16252 602 8343 8318 
16253 7327 8134 8026 
16254 8025 8135 7328 
16255 8002 8115 7514 
16256 7522 8130 7963 
16257 7487 7654 519 
16258 7804 8130 8049 
16259 8049 8130 7522 
16260 7513 8161 7997 
16261 7839 8161 8036 
16262 8036 8161 7513 
16263 8344 8346 7653 
16264 8347 8348 7654 
16265 7489 8348 8347 
16266 7488 8349 8346 
16267 873 8349 7488 
16268 8346 8349 7655 
2 15 2 843
16269 8523 8616 8538 
16270 8625 8697 8527 
16271 8478 8484 8477 
16272 8502 8632 8351 
16273 8417 8589 8499 
16274 8412 8698 8413 
16275 36 8425 37 
16276 8423 8613 8421 
16277 8550 8605 8486 
16278 8481 8605 8482 
16279 8578 8608 8562 
16280 8437 8598 8522 
16281 8471 8485 8481 
16282 8476 8477 8472 
16283 8394 8698 8412 
16284 8528 8674 8529 
16285 8394 8412 8390 
16286 8482 8604 8567 
16287 8467 8469 8466 
16288 8500 8694 8417 
16289 8459 8601 8564 
16290 8351 8633 8502 
16291 8488 8489 8478 
16292 8494 8496 8493 
16293 8403 8687 8404 
16294 8487 8511 8488 
16295 8425 8620 37 
16296 8471 8481 8480 
16297 8453 8692 8385 
16298 8377 8613 8423 
16299 8444 8446 8445 
16300 8624 8677 8443 
16301 8405 8602 8546 
16302 8404 8641 8403 
16303 8547 8660 8543 
16304 8446 8700 8370 
16305 8408 8451 8448 
16306 8527 8697 8638 
16307 8477 8652 8472 
16308 8415 8675 8440 
16309 8482 8605 8604 
16310 8602 8691 8547 
16311 8582 8606 8468 
16312 8403 8641 8402 
16313 8561 8679 8562 
16314 8447 8700 8444 
16315 8503 8654 8495 
16316 8397 8717 8597 
16317 8375 8410 8391 
16318 8523 8617 8522 
16319 8376 8696 8427 
16320 8468 8652 8582 
16321 8548 8610 8508 
16322 8372 8646 8531 
16323 8508 8640 8548 
16324 8584 8661 8412 
16325 8385 8576 8453 
16326 8546 8602 8547 
16327 8399 8663 8398 
16328 8476 8478 8477 
16329 8480 8681 8417 
16330 8588 8680 8446 
16331 8372 8571 8484 
16332 8430 8705 8431 
16333 8429 8647 8438 
16334 8420 8649 8422 
16335 8412 8661 8411 
16336 8407 8451 8408 
16337 8500 8678 8414 
16338 8481 8482 8480 
16339 8389 8411 1291 
16340 8402 8684 8401 
16341 8393 8695 8395 
16342 8419 8580 8420 
16343 8422 8444 8424 
16344 8435 8643 8516 
16345 8484 8646 8372 
16346 8531 8646 8489 
16347 8465 8575 8479 
16348 8450 8667 8578 
16349 8423 8452 8377 
16350 8486 8605 8481 
16351 8416 8694 8394 
16352 8462 8573 8457 
16353 8492 8572 8502 
16354 8506 8570 8512 
16355 8406 8615 8460 
16356 1290 8389 1291 
16357 8390 8412 8389 
16358 8393 8395 8392 
16359 8530 8554 8526 
16360 8398 8663 8396 
16361 8567 8626 8482 
16362 8415 8440 8439 
16363 8407 8687 8403 
16364 8470 8474 8473 
16365 8441 8675 8415 
16366 8499 8500 8417 
16367 8454 8692 8453 
16368 8401 8684 8399 
16369 8445 8680 8449 
16370 8397 8511 8487 
16371 8414 8694 8500 
16372 8396 8695 8393 
16373 8414 8698 8694 
16374 8511 8513 8488 
16375 8425 8685 8620 
16376 8413 8671 8669 
16377 8377 8452 8409 
16378 8431 8707 8430 
16379 8467 8662 8471 
16380 8394 8668 8416 
16381 8488 8532 8489 
16382 8522 8617 8437 
16383 8546 8714 8405 
16384 8580 8619 8387 
16385 8370 8682 8446 
16386 8446 8680 8445 
16387 8516 8631 8435 
16388 8543 8660 8639 
16389 8487 8488 8478 
16390 8507 8596 8508 
16391 8494 8706 8498 
16392 8427 8670 8376 
16393 8417 8681 8589 
16394 8419 8619 8580 
16395 1289 8410 8375 
16396 8410 8600 8391 
16397 8401 8403 8402 
16398 8545 8640 8508 
16399 8538 8617 8523 
16400 8488 8666 8532 
16401 8485 8486 8481 
16402 8355 8665 8532 
16403 8546 8547 8543 
16404 8444 8445 8424 
16405 8480 8651 8474 
16406 8532 8666 8355 
16407 8422 8447 8444 
16408 8395 8585 8483 
16409 8437 8645 8598 
16410 8444 8700 8446 
16411 8393 8600 8398 
16412 8426 8453 8425 
16413 8408 8687 8407 
16414 8418 8586 8373 
16415 8438 8647 8374 
16416 8417 8651 8480 
16417 8609 8679 8408 
16418 8443 8676 8624 
16419 8430 8707 8428 
16420 8443 8657 8629 
16421 8620 8685 8388 
16422 8529 8674 8658 
16423 8506 8512 8509 
16424 8622 8679 8561 
16425 8529 8530 8526 
16426 8465 8479 8467 
16427 8460 8462 8457 
16428 8564 8602 8459 
16429 8492 8502 8494 
16430 8460 8461 8406 
16431 8445 8449 8448 
16432 8370 8700 8533 
16433 8544 8545 8400 
16434 8409 8642 8587 
16435 8562 8609 8578 
16436 8475 8476 8472 
16437 8397 8597 8511 
16438 8694 8698 8394 
16439 8428 8696 8376 
16440 8511 8597 8510 
16441 8395 8668 8392 
16442 8644 8716 8443 
16443 8398 8401 8399 
16444 8629 8644 8443 
16445 8469 8473 8472 
16446 8467 8470 8469 
16447 8398 8600 8418 
16448 8415 8501 8441 
16449 8494 8497 8496 
16450 8533 8700 8447 
16451 8389 8412 8411 
16452 8418 8701 8586 
16453 8580 8618 8420 
16454 8695 8717 8397 
16455 8549 8714 8546 
16456 8578 8609 8450 
16457 8499 8503 8495 
16458 8391 8600 8393 
16459 8472 8652 8468 
16460 8489 8532 8531 
16461 8422 8424 8423 
16462 8374 8584 8438 
16463 8497 8500 8496 
16464 8426 8454 8453 
16465 8501 8659 8441 
16466 8453 8685 8425 
16467 8392 8394 8390 
16468 8391 8393 8392 
16469 1036 8385 1035 
16470 1013 8351 1012 
16471 1016 8363 1015 
16472 1021 8383 1020 
16473 1038 8388 1037 
16474 989 8355 988 
16475 961 8370 960 
16476 968 8361 967 
16477 1001 8353 1000 
16478 975 8381 974 
16479 1004 8366 1003 
16480 992 8372 991 
16481 1024 8358 1023 
16482 1034 8365 1033 
16483 1010 8368 1009 
16484 980 8369 979 
16485 986 8371 985 
16486 983 8356 982 
16487 1007 8352 1006 
16488 972 8359 971 
16489 977 8357 976 
16490 995 8354 994 
16491 964 8362 963 
16492 959 8386 958 
16493 1019 8350 1018 
16494 1026 8382 1025 
16495 970 8384 969 
16496 1028 8360 1027 
16497 966 8380 965 
16498 998 8367 997 
16499 957 8387 956 
16500 1031 8364 1030 
16501 8391 8392 8390 
16502 8431 8617 8538 
16503 8485 8715 8486 
16504 8660 8664 8565 
16505 28 8419 27 
16506 8392 8668 8394 
16507 8494 8498 8497 
16508 8575 8634 8479 
16509 8460 8615 8462 
16510 8467 8471 8470 
16511 8420 8422 8421 
16512 8375 8391 8390 
16513 8680 8713 8449 
16514 8462 8635 8573 
16515 8529 8658 8655 
16516 8572 8632 8502 
16517 8570 8637 8512 
16518 8517 8520 8518 
16519 8524 8527 8525 
16520 8413 8584 8412 
16521 8650 8668 8483 
16522 8413 8669 8584 
16523 8441 8659 8658 
16524 8419 8420 8379 
16525 8534 8536 8535 
16526 8521 8523 8522 
16527 8353 8686 8634 
16528 8393 8398 8396 
16529 1029 8521 1028 
16530 997 8463 996 
16531 982 8539 981 
16532 976 8455 975 
16533 1009 8490 1008 
16534 994 8551 993 
16535 985 8504 984 
16536 1006 8552 1005 
16537 1022 8517 1021 
16538 1032 8534 1031 
16539 1017 8524 1016 
16540 978 8563 977 
16541 1027 8514 1026 
16542 974 8573 973 
16543 1015 8554 1014 
16544 1020 8555 1019 
16545 1025 8556 1024 
16546 969 8569 968 
16547 1011 8572 1010 
16548 984 8574 983 
16549 1003 8550 1002 
16550 1008 8553 1007 
16551 965 8568 964 
16552 971 8558 970 
16553 991 8531 990 
16554 979 8565 978 
16555 1005 8566 1004 
16556 987 8570 986 
16557 996 8581 995 
16558 993 8571 992 
16559 960 8533 959 
16560 1035 8557 1034 
16561 999 8575 998 
16562 967 8577 966 
16563 1037 8576 1036 
16564 958 8579 957 
16565 8530 8636 8554 
16566 8513 8666 8488 
16567 1028 8521 8360 
16568 8367 8463 997 
16569 8356 8539 982 
16570 8368 8490 1009 
16571 975 8455 8381 
16572 8354 8551 994 
16573 8357 8455 976 
16574 8371 8504 985 
16575 8385 8557 1035 
16576 959 8533 8386 
16577 1031 8534 8364 
16578 8363 8554 1015 
16579 1019 8555 8350 
16580 8352 8552 1006 
16581 1016 8524 8363 
16582 8361 8577 967 
16583 8360 8514 1027 
16584 8388 8576 1037 
16585 8380 8568 965 
16586 995 8581 8354 
16587 957 8579 8387 
16588 970 8558 8384 
16589 1024 8556 8358 
16590 1021 8517 8383 
16591 968 8569 8361 
16592 1026 8514 8382 
16593 977 8563 8357 
16594 8381 8573 974 
16595 8382 8556 1025 
16596 983 8574 8356 
16597 1010 8572 8368 
16598 8384 8569 969 
16599 8366 8550 1003 
16600 8372 8531 991 
16601 1004 8566 8366 
16602 8383 8555 1020 
16603 964 8568 8362 
16604 8359 8558 971 
16605 1007 8553 8352 
16606 992 8571 8372 
16607 8369 8565 979 
16608 986 8570 8371 
16609 8370 8533 960 
16610 1034 8557 8365 
16611 998 8575 8367 
16612 966 8577 8380 
16613 8386 8579 958 
16614 1036 8576 8385 
16615 8368 8572 8492 
16616 8432 8705 8430 
16617 8356 8574 8548 
16618 8378 8425 36 
16619 8367 8575 8465 
16620 8540 8541 8539 
16621 8356 8548 8540 
16622 8537 8672 8436 
16623 8457 8573 8381 
16624 963 8588 962 
16625 8368 8492 8491 
16626 8526 8554 8363 
16627 8552 8567 8566 
16628 8354 8583 8551 
16629 8525 8526 8363 
16630 8365 8592 1033 
16631 980 8594 8369 
16632 8358 8590 1023 
16633 8350 8591 1018 
16634 8364 8593 1030 
16635 8371 8570 8506 
16636 23 8373 22 
16637 31 8374 32 
16638 8563 8564 8357 
16639 8521 8522 8360 
16640 8524 8525 8363 
16641 8534 8592 8536 
16642 8367 8465 8464 
16643 8490 8553 1008 
16644 978 8565 8563 
16645 8551 8571 993 
16646 8504 8574 984 
16647 8552 8566 1005 
16648 8463 8581 996 
16649 8361 8578 8577 
16650 8557 8599 8365 
16651 8519 8555 8383 
16652 8517 8590 8520 
16653 8581 8582 8354 
16654 8456 8457 8381 
16655 8560 8569 8384 
16656 8516 8556 8382 
16657 8517 8518 8383 
16658 8356 8540 8539 
16659 8524 8591 8527 
16660 8375 8390 8389 
16661 8518 8519 8383 
16662 8380 8630 8568 
16663 8484 8688 8477 
16664 8371 8506 8505 
16665 8558 8559 8384 
16666 8514 8515 8382 
16667 8559 8560 8384 
16668 8515 8516 8382 
16669 8362 8588 963 
16670 8371 8505 8504 
16671 8582 8583 8354 
16672 8521 8593 8523 
16673 8579 8580 8387 
16674 8368 8491 8490 
16675 1289 8375 1290 
16676 1288 8410 1289 
16677 22 8586 21 
16678 1033 8592 1032 
16679 981 8594 980 
16680 1023 8590 1022 
16681 1018 8591 1017 
16682 1030 8593 1029 
16683 8534 8535 8364 
16684 8455 8456 8381 
16685 8473 8475 8472 
16686 1032 8592 8534 
16687 8539 8594 981 
16688 1022 8590 8517 
16689 1017 8591 8524 
16690 1029 8593 8521 
16691 8366 8605 8550 
16692 8541 8594 8539 
16693 8365 8612 8592 
16694 8367 8464 8463 
16695 27 8379 26 
16696 35 8378 36 
16697 8358 8628 8590 
16698 8360 8598 8514 
16699 8350 8625 8591 
16700 8510 8596 8507 
16701 8429 8430 8428 
16702 8357 8601 8455 
16703 8375 8389 1290 
16704 8638 8697 8442 
16705 8569 8608 8361 
16706 8364 8616 8593 
16707 8440 8716 8439 
16708 8434 8709 8433 
16709 8508 8596 8545 
16710 8433 8709 8432 
16711 8514 8598 8515 
16712 28 8619 8419 
16713 8373 8642 8418 
16714 8489 8646 8478 
16715 8683 8715 8353 
16716 8590 8628 8520 
16717 8455 8601 8456 
16718 8595 8615 8406 
16719 8592 8612 8536 
16720 30 8699 8661 
16721 8498 8706 8633 
16722 8587 8642 8373 
16723 8591 8625 8527 
16724 8454 8621 8599 
16725 8439 8716 8434 
16726 8634 8686 8479 
16727 8532 8665 8531 
16728 8351 8632 1012 
16729 8353 8634 1000 
16730 8604 8605 8366 
16731 8560 8608 8569 
16732 972 8635 8359 
16733 1013 8636 8351 
16734 8355 8637 988 
16735 8448 8702 8408 
16736 8522 8598 8360 
16737 8593 8616 8523 
16738 8369 8660 8565 
16739 8352 8603 8552 
16740 8564 8601 8357 
16741 8633 8655 8498 
16742 8512 8710 8513 
16743 8585 8695 8397 
16744 8566 8604 8366 
16745 8463 8606 8581 
16746 8552 8603 8567 
16747 8512 8513 8509 
16748 8471 8480 8474 
16749 8380 8667 8630 
16750 8635 8704 8359 
16751 8567 8604 8566 
16752 1011 8632 8572 
16753 8611 8621 8454 
16754 999 8634 8575 
16755 8443 8716 8676 
16756 8490 8607 8553 
16757 8573 8635 973 
16758 8554 8636 1014 
16759 8361 8608 8578 
16760 987 8637 8570 
16761 8581 8606 8582 
16762 8478 8646 8484 
16763 8504 8610 8574 
16764 8374 8661 8584 
16765 8352 8654 8603 
16766 8505 8610 8504 
16767 8359 8614 8558 
16768 8486 8683 8550 
16769 8574 8610 8548 
16770 1288 8653 8410 
16771 29 8619 28 
16772 37 8620 38 
16773 8445 8448 8424 
16774 8464 8606 8463 
16775 8400 8549 8544 
16776 8450 8609 8408 
16777 989 8665 8355 
16778 8491 8607 8490 
16779 8599 8612 8365 
16780 8596 8597 8400 
16781 33 8376 34 
16782 25 8377 24 
16783 8378 8426 8425 
16784 8476 8487 8478 
16785 8558 8614 8559 
16786 8386 8618 8579 
16787 961 8682 8370 
16788 1001 8683 8353 
16789 8416 8668 8650 
16790 8556 8627 8358 
16791 8588 8682 962 
16792 8630 8702 8449 
16793 8409 8452 8407 
16794 8555 8623 8350 
16795 8623 8697 8625 
16796 8602 8711 8459 
16797 8531 8665 990 
16798 8533 8693 8386 
16799 8579 8618 8580 
16800 8535 8616 8364 
16801 14 8689 1038 
16802 956 8690 13 
16803 8563 8664 8564 
16804 8600 8701 8418 
16805 30 8661 31 
16806 8550 8683 1002 
16807 17 8653 1288 
16808 8446 8682 8588 
16809 21 8653 17 
16810 8584 8669 8438 
16811 8578 8667 8577 
16812 8553 8654 8352 
16813 8617 8705 8437 
16814 27 8419 8379 
16815 8516 8627 8556 
16816 8519 8623 8555 
16817 38 8689 14 
16818 13 8690 29 
16819 8655 8658 8498 
16820 8433 8439 8434 
16821 8661 8699 8411 
16822 8474 8650 8473 
16823 8607 8654 8553 
16824 8627 8628 8358 
16825 8447 8693 8533 
16826 8486 8715 8683 
16827 8430 8433 8432 
16828 1012 8632 1011 
16829 1000 8634 999 
16830 24 8587 23 
16831 8623 8625 8350 
16832 8551 8688 8571 
16833 973 8635 972 
16834 1014 8636 1013 
16835 988 8637 987 
16836 8462 8704 8635 
16837 8576 8685 8453 
16838 8508 8610 8505 
16839 8557 8692 8599 
16840 8544 8549 8546 
16841 8577 8667 8380 
16842 8409 8587 8377 
16843 8351 8712 8633 
16844 8559 8614 8595 
16845 8468 8606 8464 
16846 8436 8648 8537 
16847 8594 8639 8369 
16848 8450 8702 8630 
16849 8495 8607 8491 
16850 8543 8639 8541 
16851 8630 8713 8568 
16852 8545 8596 8400 
16853 26 8613 25 
16854 8499 8589 8503 
16855 8565 8664 8563 
16856 8373 8586 22 
16857 8538 8648 8431 
16858 8562 8608 8560 
16859 8395 8695 8585 
16860 8398 8418 8401 
16861 8430 8438 8433 
16862 8571 8688 8484 
16863 8538 8616 8535 
16864 8456 8601 8459 
16865 8411 8699 1291 
16866 8476 8585 8487 
16867 8541 8639 8594 
16868 8459 8711 8458 
16869 8436 8707 8648 
16870 8509 8513 8511 
16871 8405 8711 8602 
16872 8589 8626 8503 
16873 8422 8649 8447 
16874 8475 8585 8476 
16875 8636 8712 8351 
16876 8424 8451 8423 
16877 8696 8707 8436 
16878 8407 8452 8451 
16879 23 8587 8373 
16880 8482 8626 8589 
16881 8679 8687 8408 
16882 8487 8585 8397 
16883 8653 8701 8410 
16884 8564 8691 8602 
16885 8422 8423 8421 
16886 8362 8680 8588 
16887 8403 8409 8407 
16888 8434 8716 8644 
16889 8355 8710 8637 
16890 8374 8647 32 
16891 8385 8692 8557 
16892 8420 8421 8379 
16893 8362 8713 8680 
16894 8414 8678 8501 
16895 990 8665 989 
16896 34 8670 35 
16897 8536 8537 8535 
16898 8426 8611 8454 
16899 8497 8678 8500 
16900 8540 8542 8541 
16901 8465 8466 8464 
16902 8456 8458 8457 
16903 8492 8493 8491 
16904 8506 8507 8505 
16905 8515 8631 8516 
16906 8559 8561 8560 
16907 8614 8704 8615 
16908 8431 8705 8617 
16909 8525 8528 8526 
16910 8547 8664 8660 
16911 8639 8660 8369 
16912 8527 8638 8525 
16913 32 8647 33 
16914 8542 8543 8541 
16915 8376 8429 8428 
16916 8429 8438 8430 
16917 8376 8670 34 
16918 962 8682 961 
16919 1002 8683 1001 
16920 8466 8468 8464 
16921 8542 8640 8545 
16922 8388 8685 8576 
16923 8387 8690 956 
16924 1038 8689 8388 
16925 8493 8495 8491 
16926 8559 8595 8561 
16927 8615 8704 8462 
16928 8456 8459 8458 
16929 8507 8508 8505 
16930 8437 8705 8656 
16931 8614 8615 8595 
16932 25 8613 8377 
16933 8561 8562 8560 
16934 8528 8529 8526 
16935 8506 8509 8507 
16936 8583 8688 8551 
16937 8477 8688 8583 
16938 8465 8467 8466 
16939 8492 8494 8493 
16940 8599 8692 8454 
16941 8436 8621 8611 
16942 8548 8640 8540 
16943 8483 8668 8395 
16944 8458 8460 8457 
16945 8537 8538 8535 
16946 8359 8704 8614 
16947 8542 8545 8544 
16948 8518 8677 8519 
16949 8618 8649 8420 
16950 8544 8546 8543 
16951 8461 8708 8406 
16952 8630 8667 8450 
16953 8513 8710 8666 
16954 8603 8654 8503 
16955 8568 8713 8362 
16956 8469 8472 8468 
16957 8404 8679 8622 
16958 8471 8474 8470 
16959 8496 8499 8495 
16960 8379 8613 26 
16961 8509 8511 8510 
16962 8479 8662 8467 
16963 8603 8626 8567 
16964 8624 8697 8623 
16965 8663 8714 8549 
16966 8529 8655 8530 
16967 1291 8699 18 
16968 8628 8629 8520 
16969 8586 8653 21 
16970 8418 8642 8401 
16971 8449 8713 8630 
16972 8627 8643 8628 
16973 8530 8712 8636 
16974 8439 8671 8415 
16975 8599 8621 8612 
16976 8378 8427 8426 
16977 8671 8673 8415 
16978 8519 8624 8623 
16979 8427 8611 8426 
16980 8449 8702 8448 
16981 18 8699 30 
16982 8650 8651 8416 
16983 8377 8587 24 
16984 8436 8672 8621 
16985 8598 8645 8515 
16986 8520 8657 8518 
16987 8582 8652 8583 
16988 8676 8697 8624 
16989 8633 8706 8502 
16990 8656 8709 8435 
16991 8451 8452 8423 
16992 8655 8712 8530 
16993 8637 8710 8512 
16994 8471 8662 8485 
16995 8502 8706 8494 
16996 8406 8622 8595 
16997 8386 8693 8618 
16998 8470 8473 8469 
16999 8537 8648 8538 
17000 8458 8711 8461 
17001 8666 8710 8355 
17002 8597 8717 8400 
17003 8408 8702 8450 
17004 8562 8679 8609 
17005 35 8670 8378 
17006 8410 8701 8600 
17007 8479 8686 8662 
17008 8473 8483 8475 
17009 8448 8451 8424 
17010 8435 8709 8644 
17011 8466 8469 8468 
17012 8542 8544 8543 
17013 8510 8597 8596 
17014 8595 8622 8561 
17015 8493 8496 8495 
17016 8631 8656 8435 
17017 8509 8510 8507 
17018 8421 8613 8379 
17019 8458 8461 8460 
17020 8619 8690 8387 
17021 8388 8689 8620 
17022 29 8690 8619 
17023 8620 8689 38 
17024 8496 8500 8499 
17025 31 8661 8374 
17026 8622 8641 8404 
17027 8401 8642 8403 
17028 8612 8672 8536 
17029 8633 8712 8655 
17030 8482 8681 8480 
17031 8659 8678 8497 
17032 8658 8674 8441 
17033 33 8647 8376 
17034 8618 8693 8649 
17035 8474 8651 8650 
17036 8406 8641 8622 
17037 8498 8659 8497 
17038 8501 8673 8414 
17039 8442 8676 8675 
17040 8503 8626 8603 
17041 8427 8696 8611 
17042 8676 8716 8440 
17043 8664 8691 8564 
17044 8519 8677 8624 
17045 8403 8642 8409 
17046 8438 8669 8433 
17047 8589 8681 8482 
17048 8396 8717 8695 
17049 8433 8669 8439 
17050 8611 8696 8436 
17051 8442 8697 8676 
17052 8540 8640 8542 
17053 8525 8638 8528 
17054 8442 8675 8674 
17055 8413 8673 8671 
17056 8437 8656 8645 
17057 8415 8673 8501 
17058 8649 8693 8447 
17059 8406 8708 8641 
17060 8400 8663 8549 
17061 8638 8674 8528 
17062 8586 8701 8653 
17063 8628 8643 8629 
17064 8515 8645 8631 
17065 8643 8644 8629 
17066 8657 8677 8518 
17067 8656 8705 8432 
17068 8658 8659 8498 
17069 8645 8656 8631 
17070 8417 8694 8651 
17071 8442 8674 8638 
17072 8662 8686 8485 
17073 8473 8650 8483 
17074 8435 8644 8643 
17075 8378 8670 8427 
17076 8644 8709 8434 
17077 8583 8652 8477 
17078 8684 8703 8405 
17079 8536 8672 8537 
17080 8399 8714 8663 
17081 8629 8657 8520 
17082 8461 8711 8703 
17083 8376 8647 8429 
17084 8353 8715 8686 
17085 8703 8708 8461 
17086 8402 8708 8703 
17087 8663 8717 8396 
17088 8432 8709 8656 
17089 8405 8714 8684 
17090 8621 8672 8612 
17091 8402 8703 8684 
17092 8400 8717 8663 
17093 8674 8675 8441 
17094 8669 8671 8439 
17095 8413 8698 8673 
17096 8648 8707 8431 
17097 8673 8698 8414 
17098 8501 8678 8659 
17099 8428 8707 8696 
17100 8641 8708 8402 
17101 8686 8715 8485 
17102 8547 8691 8664 
17103 8675 8676 8440 
17104 8651 8694 8416 
17105 8443 8677 8657 
17106 8404 8687 8679 
17107 8703 8711 8405 
17108 8684 8714 8399 
17109 8483 8585 8475 
17110 8495 8654 8607 
17111 8516 8643 8627 
2 16 2 839
17112 8802 8805 8800 
17113 8839 8929 8829 
17114 8798 9014 8801 
17115 8805 8993 8800 
17116 8822 8824 8821 
17117 8838 8866 8831 
17118 8785 9044 8784 
17119 8855 8857 8731 
17120 8826 9054 8840 
17121 8885 8941 8815 
17122 27 8793 28 
17123 8791 8969 8789 
17124 8813 8873 8808 
17125 8859 8862 8857 
17126 8922 9012 8921 
17127 8762 8780 8758 
17128 8904 8995 8902 
17129 8784 9022 8785 
17130 8782 9036 8781 
17131 8762 8782 8781 
17132 8785 9052 8826 
17133 8762 8781 8780 
17134 8986 9031 8922 
17135 8785 8826 8825 
17136 8842 9007 8805 
17137 8784 9044 8782 
17138 8886 8937 8823 
17139 8793 8974 28 
17140 8853 8923 8776 
17141 8829 8929 8843 
17142 8868 9049 8754 
17143 8835 9032 8834 
17144 8824 8978 8821 
17145 8745 8969 8791 
17146 8847 8849 8848 
17147 8826 8840 8822 
17148 8805 9007 8987 
17149 8720 8962 8859 
17150 8764 9062 8761 
17151 8849 9064 8737 
17152 8762 8784 8782 
17153 8776 8864 8851 
17154 8844 9065 8835 
17155 8928 8929 8839 
17156 8815 8947 8885 
17157 8761 9062 8763 
17158 8839 8931 8928 
17159 8855 8863 8854 
17160 8859 8963 8720 
17161 8832 8838 8831 
17162 8840 9019 8824 
17163 8850 9064 8847 
17164 8859 8962 8862 
17165 8836 8844 8835 
17166 9005 9043 9011 
17167 8743 8778 8759 
17168 8762 8977 8784 
17169 8744 9053 8795 
17170 8989 8994 8719 
17171 8910 9057 8803 
17172 8893 8994 8989 
17173 8754 8942 8868 
17174 8965 9021 8780 
17175 8857 8862 8731 
17176 8720 8963 8955 
17177 8798 9057 8799 
17178 8771 9030 8770 
17179 8996 9016 8984 
17180 8821 9056 8818 
17181 8803 9063 8910 
17182 8951 9033 8849 
17183 8923 9012 8776 
17184 8845 8854 8844 
17185 8765 8861 8837 
17186 8788 9015 8790 
17187 8858 8999 8860 
17188 8955 8963 8891 
17189 8780 9021 8779 
17190 8775 8864 8776 
17191 8757 8779 1295 
17192 8731 8863 8855 
17193 8781 9036 8783 
17194 8787 8933 8788 
17195 8802 9067 8805 
17196 8927 8978 8824 
17197 8790 8847 8792 
17198 9030 9080 8772 
17199 8824 8943 8927 
17200 8791 8865 8745 
17201 8809 8813 8808 
17202 8834 9032 8832 
17203 8820 8821 8818 
17204 8893 8934 8889 
17205 8822 8840 8824 
17206 8866 8875 8722 
17207 8799 9068 8798 
17208 1239 8862 1238 
17209 1294 8757 1295 
17210 8863 8957 8854 
17211 8937 8946 8823 
17212 8758 8780 8757 
17213 8761 8763 8760 
17214 8731 8862 1239 
17215 8878 8938 8883 
17216 9011 9073 8773 
17217 8869 9049 8868 
17218 8811 8940 8924 
17219 8848 9033 8852 
17220 8946 8947 8816 
17221 8774 8995 8904 
17222 8837 9062 8765 
17223 8799 8910 8909 
17224 8931 8966 8722 
17225 8801 9014 8812 
17226 8853 9037 8970 
17227 8793 9042 8974 
17228 8839 8966 8931 
17229 8745 8865 8777 
17230 8834 8836 8835 
17231 8846 8964 8835 
17232 8933 8975 8756 
17233 8737 9035 8849 
17234 8874 8940 8811 
17235 8823 8979 8886 
17236 8849 9033 8848 
17237 8795 9026 8744 
17238 8722 8966 8866 
17239 8873 8874 8808 
17240 8787 8975 8933 
17241 1293 8778 8743 
17242 8778 8959 8759 
17243 8774 9031 8986 
17244 8769 9073 8767 
17245 8769 8771 8770 
17246 1241 8863 1240 
17247 1240 8863 8731 
17248 8841 9054 8826 
17249 8885 8947 8732 
17250 8811 9060 8874 
17251 8771 9080 9030 
17252 8767 9043 8766 
17253 8816 8947 8815 
17254 8847 8848 8792 
17255 8797 9014 8798 
17256 8858 9023 8999 
17257 8835 9065 8846 
17258 8858 8859 8857 
17259 8790 8850 8847 
17260 8765 9023 8861 
17261 8838 8867 8866 
17262 8847 9064 8849 
17263 8732 8947 8946 
17264 8826 9004 8841 
17265 8761 8959 8766 
17266 8820 8822 8821 
17267 8794 8868 8793 
17268 8786 8949 8742 
17269 8801 8802 8800 
17270 8798 9068 8796 
17271 8776 9055 8775 
17272 8768 9043 9005 
17273 8974 9042 8755 
17274 8878 8883 8880 
17275 8941 9002 8815 
17276 8892 8893 8889 
17277 8897 9038 8768 
17278 8848 8852 8851 
17279 8853 8970 8923 
17280 8737 9064 8914 
17281 8760 8977 8762 
17282 8814 9075 8813 
17283 8818 9001 8816 
17284 8867 8875 8866 
17285 8814 8816 8815 
17286 8777 9000 8950 
17287 8763 8977 8760 
17288 8978 8979 8821 
17289 8922 9031 9012 
17290 8845 8855 8854 
17291 8830 9070 8829 
17292 8796 9053 8744 
17293 8799 9057 8910 
17294 8766 8769 8767 
17295 8766 9043 8764 
17296 8783 9028 8781 
17297 8807 9060 8806 
17298 8734 9045 8867 
17299 8808 9060 8807 
17300 8813 8973 8873 
17301 8802 8810 8807 
17302 8986 8995 8774 
17303 8766 8959 8786 
17304 8781 9028 8812 
17305 8856 8857 8855 
17306 8836 8845 8844 
17307 8831 9070 8830 
17308 8914 9064 8850 
17309 8757 8780 8779 
17310 8786 9066 8949 
17311 8862 8962 1238 
17312 8933 8972 8788 
17313 8901 8995 8986 
17314 8770 9073 8769 
17315 8867 9051 8734 
17316 8846 9081 8964 
17317 8881 8996 8984 
17318 8800 9057 8798 
17319 8759 8959 8761 
17320 8830 8832 8831 
17321 8896 9061 8860 
17322 8827 9052 8785 
17323 8790 8792 8791 
17324 8828 8830 8829 
17325 9001 9056 8823 
17326 9038 9043 8768 
17327 8828 9082 8827 
17328 8825 8826 8822 
17329 8996 9076 9016 
17330 8732 8946 8937 
17331 8794 8869 8868 
17332 8854 9072 8844 
17333 1241 8957 8863 
17334 8807 8809 8808 
17335 8868 9042 8793 
17336 8760 8762 8758 
17337 8759 8761 8760 
17338 8785 8828 8827 
17339 1283 8738 1282 
17340 1267 8725 1266 
17341 1225 8718 1224 
17342 1213 8736 1212 
17343 1243 8721 1242 
17344 1249 8722 1248 
17345 1269 8750 1268 
17346 1210 8737 1209 
17347 1258 8739 1257 
17348 1255 8723 1254 
17349 1234 8733 1233 
17350 1208 8753 1207 
17351 1240 8731 1239 
17352 1237 8720 1236 
17353 1264 8732 1263 
17354 1223 8749 1222 
17355 1228 8735 1227 
17356 1261 8724 1260 
17357 1246 8734 1245 
17358 1231 8719 1230 
17359 1285 8754 1284 
17360 1272 8727 1271 
17361 1220 8726 1219 
17362 1218 8748 1217 
17363 1216 8728 1215 
17364 1278 8751 1277 
17365 1280 8730 1279 
17366 1276 8729 1275 
17367 1206 8756 1205 
17368 1287 8755 1286 
17369 1274 8752 1273 
17370 1252 8740 1251 
17371 8759 8760 8758 
17372 8773 9073 9029 
17373 55 8787 54 
17374 8802 8807 8806 
17375 8893 9017 8994 
17376 8788 8790 8789 
17377 8743 8759 8758 
17378 8815 9075 8814 
17379 8945 9034 9024 
17380 9033 9078 8852 
17381 8997 9027 8804 
17382 8893 8989 8934 
17383 8899 8901 8898 
17384 8877 8881 8876 
17385 8884 9017 9006 
17386 8787 8788 8746 
17387 8905 8908 8906 
17388 8806 9067 8802 
17389 8909 9003 8799 
17390 8761 8766 8764 
17391 1257 8870 1256 
17392 1222 8898 1221 
17393 1248 8875 1247 
17394 1271 8924 1270 
17395 1265 8885 1264 
17396 1262 8886 1261 
17397 1281 8905 1280 
17398 1260 8927 1259 
17399 1268 8872 1267 
17400 1227 8876 1226 
17401 1275 8911 1274 
17402 1250 8931 1249 
17403 1235 8887 1234 
17404 1217 8918 1216 
17405 1266 8941 1265 
17406 1219 8925 1218 
17407 1224 8936 1223 
17408 1254 8916 1253 
17409 1214 8926 1213 
17410 1279 8935 1278 
17411 1273 8930 1272 
17412 1259 8943 1258 
17413 1233 8934 1232 
17414 1263 8937 1262 
17415 1284 8871 1283 
17416 1209 8914 1208 
17417 1251 8928 1250 
17418 1253 8915 1252 
17419 1256 8945 1255 
17420 1270 8940 1269 
17421 1229 8938 1228 
17422 1215 8939 1214 
17423 1207 8932 1206 
17424 1277 8944 1276 
17425 1286 8942 1285 
17426 8938 8990 8883 
17427 8739 8870 1257 
17428 8749 8898 1222 
17429 1261 8886 8724 
17430 8727 8924 1271 
17431 8722 8875 1248 
17432 1264 8885 8732 
17433 8754 8871 1284 
17434 8724 8927 1260 
17435 8718 8936 1224 
17436 1208 8914 8753 
17437 1280 8905 8730 
17438 1206 8932 8756 
17439 8723 8916 1254 
17440 1216 8918 8728 
17441 8750 8872 1268 
17442 8729 8911 1275 
17443 1278 8935 8751 
17444 8735 8876 1227 
17445 1276 8944 8729 
17446 8726 8925 1219 
17447 8725 8941 1266 
17448 1267 8872 8725 
17449 8755 8942 1286 
17450 1234 8887 8733 
17451 1249 8931 8722 
17452 8752 8930 1273 
17453 1218 8925 8748 
17454 8748 8918 1217 
17455 1274 8911 8752 
17456 1213 8926 8736 
17457 8732 8937 1263 
17458 1255 8945 8723 
17459 1258 8943 8739 
17460 1223 8936 8749 
17461 8733 8934 1233 
17462 8740 8928 1251 
17463 1272 8930 8727 
17464 1252 8915 8740 
17465 8730 8935 1279 
17466 1269 8940 8750 
17467 1228 8938 8735 
17468 8737 8914 1209 
17469 1283 8871 8738 
17470 8728 8939 1215 
17471 8753 8932 1207 
17472 8751 8944 1277 
17473 1285 8942 8754 
17474 8729 8944 8913 
17475 8889 8934 8733 
17476 8747 8793 27 
17477 8887 8891 8888 
17478 8741 9021 8965 
17479 8809 8814 8813 
17480 8729 8913 8912 
17481 8750 8940 8874 
17482 8907 8935 8730 
17483 1212 8951 1211 
17484 8888 8889 8733 
17485 8929 9025 8843 
17486 8735 8938 8878 
17487 8735 8878 8877 
17488 8738 8954 1282 
17489 8720 8955 1236 
17490 1220 8952 8726 
17491 1225 8953 8718 
17492 8724 8978 8927 
17493 8939 8980 8926 
17494 22 8741 23 
17495 50 8742 49 
17496 8735 8877 8876 
17497 8723 8917 8916 
17498 8905 8954 8908 
17499 1265 8941 8885 
17500 1214 8939 8926 
17501 8928 8931 1250 
17502 8924 8940 1270 
17503 8927 8943 1259 
17504 8870 8945 1256 
17505 1262 8937 8886 
17506 1253 8916 8915 
17507 8871 8958 8738 
17508 8783 8988 8810 
17509 8749 8936 8900 
17510 8901 8952 8898 
17511 8906 8907 8730 
17512 8750 8874 8873 
17513 8748 8925 8920 
17514 8749 8899 8898 
17515 8829 9082 8828 
17516 8881 8953 8876 
17517 8743 8758 8757 
17518 8749 8900 8899 
17519 9011 9043 8767 
17520 8748 8919 8918 
17521 1243 8956 8721 
17522 8748 8920 8919 
17523 8736 8951 1212 
17524 8729 8912 8911 
17525 1242 8957 1241 
17526 8740 8929 8928 
17527 8887 8955 8891 
17528 8932 8933 8756 
17529 8887 8888 8733 
17530 1293 8743 1294 
17531 1292 8778 1293 
17532 49 8949 48 
17533 1282 8954 1281 
17534 1236 8955 1235 
17535 1221 8952 1220 
17536 1226 8953 1225 
17537 8905 8906 8730 
17538 8750 8873 8872 
17539 1281 8954 8905 
17540 1235 8955 8887 
17541 8898 8952 1221 
17542 8876 8953 1226 
17543 8860 8963 8859 
17544 8816 9001 8946 
17545 1238 8962 1237 
17546 8738 8968 8954 
17547 54 8746 53 
17548 26 8747 27 
17549 8724 8979 8978 
17550 8734 8961 1245 
17551 8797 8798 8796 
17552 8743 8757 1294 
17553 8999 9038 8897 
17554 8935 8982 8751 
17555 8763 9062 8837 
17556 1244 8956 1243 
17557 8886 8979 8724 
17558 8829 9070 8839 
17559 55 8975 8787 
17560 8742 9000 8786 
17561 8781 8965 8780 
17562 8721 8957 1242 
17563 8907 8982 8935 
17564 8954 8968 8908 
17565 21 9059 9021 
17566 8950 9000 8742 
17567 8869 8976 8958 
17568 8752 9007 8930 
17569 8725 9002 8941 
17570 1231 8989 8719 
17571 8837 8948 8763 
17572 1245 8961 1244 
17573 8719 8990 1230 
17574 1237 8962 8720 
17575 8843 8991 8827 
17576 1244 8961 8956 
17577 8839 9070 8966 
17578 8956 8961 8846 
17579 8916 8960 8915 
17580 8956 9008 8721 
17581 8813 9002 8973 
17582 8768 8895 8894 
17583 9016 9029 8904 
17584 8874 9060 8808 
17585 8945 9024 8723 
17586 8917 8960 8916 
17587 8960 8991 8843 
17588 8934 8989 1232 
17589 8967 8976 8869 
17590 1229 8990 8938 
17591 8883 8884 8880 
17592 8740 9025 8929 
17593 8846 9008 8956 
17594 8918 8970 8728 
17595 8883 9071 8884 
17596 8872 8973 8725 
17597 9007 9046 8930 
17598 8825 9044 8785 
17599 8843 9025 8960 
17600 8811 9079 9060 
17601 1292 9018 8778 
17602 28 8974 29 
17603 56 8975 55 
17604 8848 8851 8792 
17605 8812 8965 8781 
17606 9010 9079 8811 
17607 8958 8968 8738 
17608 24 8744 25 
17609 52 8745 51 
17610 8747 8794 8793 
17611 8919 8970 8918 
17612 8911 8971 8752 
17613 8753 8972 8932 
17614 1210 9035 8737 
17615 8985 9040 8986 
17616 8851 9058 8776 
17617 8924 9010 8811 
17618 1246 9045 8734 
17619 8858 8860 8859 
17620 8832 9032 8838 
17621 8726 8985 8925 
17622 8751 8981 8944 
17623 8873 8973 8872 
17624 8951 9035 1211 
17625 8819 8820 8818 
17626 8777 8865 8775 
17627 8983 9041 8984 
17628 8718 8983 8936 
17629 8892 9017 8893 
17630 8867 9045 8875 
17631 8944 8981 8913 
17632 8912 8971 8911 
17633 8914 9050 8753 
17634 8751 8982 8981 
17635 8932 8972 8933 
17636 8824 9019 8943 
17637 1205 9047 16 
17638 13 9048 1287 
17639 8817 8818 8816 
17640 8866 8966 8831 
17641 8959 9066 8786 
17642 21 9021 22 
17643 19 9018 1292 
17644 8849 9035 8951 
17645 48 9018 19 
17646 8875 9045 1247 
17647 54 8787 8746 
17648 8925 8985 8920 
17649 8726 9040 8985 
17650 8936 8983 8900 
17651 8939 9037 8980 
17652 8970 9037 8728 
17653 16 9047 56 
17654 29 9048 13 
17655 8801 8810 8802 
17656 9021 9059 8779 
17657 8718 9041 8983 
17658 8721 9072 8957 
17659 8838 9051 8867 
17660 9046 9079 9010 
17661 8979 9056 8821 
17662 8850 9050 8914 
17663 8798 8801 8800 
17664 8960 9025 8915 
17665 1232 8989 1231 
17666 8980 9058 8852 
17667 51 8950 50 
17668 8803 9057 8993 
17669 9004 9052 8991 
17670 8767 9073 9011 
17671 1230 8990 1229 
17672 8810 8988 8807 
17673 8957 9072 8854 
17674 8860 8999 8896 
17675 8942 9042 8868 
17676 8765 9038 8999 
17677 8871 9049 8958 
17678 8920 8985 8922 
17679 8986 9040 8901 
17680 8833 8834 8832 
17681 8980 9078 8926 
17682 8984 9041 8881 
17683 8900 8983 8903 
17684 8777 8950 8745 
17685 8915 9025 8740 
17686 8923 8970 8919 
17687 8971 9007 8752 
17688 53 8969 52 
17689 8804 9003 8997 
17690 8845 8861 8856 
17691 8856 8858 8857 
17692 8985 8986 8922 
17693 8964 9051 8838 
17694 9012 9055 8776 
17695 8845 8856 8855 
17696 8983 8984 8903 
17697 8742 8949 49 
17698 8973 9002 8725 
17699 8910 8982 8907 
17700 8766 8786 8769 
17701 8853 9058 8980 
17702 8727 9010 8924 
17703 8723 9024 8917 
17704 8807 8988 8809 
17705 8779 9059 1295 
17706 8727 9046 9010 
17707 9019 9039 8739 
17708 8818 9056 9001 
17709 8894 8897 8768 
17710 8881 9041 8953 
17711 8901 9040 8952 
17712 8728 9037 8939 
17713 8953 9041 8718 
17714 8952 9040 8726 
17715 8943 9019 8739 
17716 8826 9052 9004 
17717 8790 9015 8850 
17718 8792 8864 8791 
17719 8719 9071 8990 
17720 8739 9039 8870 
17721 8775 8865 8864 
17722 8820 8825 8822 
17723 8870 9034 8945 
17724 50 8950 8742 
17725 9018 9066 8778 
17726 8773 9029 9016 
17727 8999 9023 8765 
17728 8843 9082 8829 
17729 8790 8791 8789 
17730 8736 9033 8951 
17731 8771 8777 8775 
17732 8836 8861 8845 
17733 8775 9080 8771 
17734 8741 9013 23 
17735 8890 8998 8896 
17736 8754 9049 8871 
17737 8788 8789 8746 
17738 8736 9078 9033 
17739 8930 9046 8727 
17740 9024 9034 8841 
17741 25 9026 26 
17742 8794 8967 8869 
17743 9006 9017 8895 
17744 8870 9039 9034 
17745 8776 9058 8853 
17746 8961 9081 8846 
17747 8966 9070 8831 
17748 8834 8837 8836 
17749 8906 8909 8907 
17750 8888 8890 8889 
17751 8879 9076 8996 
17752 8920 8921 8919 
17753 8900 8902 8899 
17754 8878 8879 8877 
17755 8805 9067 8842 
17756 8877 8996 8881 
17757 8899 8995 8901 
17758 23 9013 24 
17759 8744 8797 8796 
17760 8908 8997 8906 
17761 8744 9026 25 
17762 8891 8998 8888 
17763 8890 8896 8894 
17764 1211 9035 1210 
17765 8755 9042 8942 
17766 1287 9048 8755 
17767 8756 9047 1205 
17768 8921 8923 8919 
17769 8840 9039 9019 
17770 8852 9058 8851 
17771 8913 8992 8912 
17772 52 8969 8745 
17773 8900 8903 8902 
17774 8920 8922 8921 
17775 8804 9068 9003 
17776 8878 8880 8879 
17777 8890 8892 8889 
17778 8958 9049 8869 
17779 8804 8976 8967 
17780 8909 8910 8907 
17781 9013 9014 8797 
17782 1247 9045 1246 
17783 8852 9078 8980 
17784 8904 9083 8774 
17785 8965 9014 8741 
17786 8972 9015 8788 
17787 8812 9014 8965 
17788 8926 9078 8736 
17789 9053 9068 8804 
17790 8734 9081 8961 
17791 8746 8969 53 
17792 8946 9001 8823 
17793 8894 8895 8892 
17794 8917 8991 8960 
17795 8813 9075 9002 
17796 8827 9082 8843 
17797 8814 8817 8816 
17798 8917 9024 9004 
17799 1295 9059 17 
17800 8949 9018 48 
17801 8980 9037 8853 
17802 8786 9000 8769 
17803 8912 8987 8971 
17804 8810 9028 8783 
17805 8819 9020 8820 
17806 8895 9017 8892 
17807 8958 8976 8968 
17808 8784 9074 9022 
17809 8817 8819 8818 
17810 8747 8795 8794 
17811 8741 9014 9013 
17812 8837 8861 8836 
17813 8795 8967 8794 
17814 8884 9071 8994 
17815 8990 9071 8883 
17816 8991 9052 8827 
17817 17 9059 21 
17818 8963 9061 8891 
17819 8745 8950 51 
17820 8842 9046 9007 
17821 8830 8833 8832 
17822 8804 9027 8976 
17823 8948 8977 8763 
17824 8833 8948 8834 
17825 8864 8865 8791 
17826 8896 8999 8897 
17827 8844 9072 9008 
17828 8994 9071 8719 
17829 8753 9050 8972 
17830 8834 8948 8837 
17831 8860 9061 8963 
17832 8998 9061 8896 
17833 8803 8993 8992 
17834 9008 9072 8721 
17835 8984 9016 8903 
17836 8842 9079 9046 
17837 26 9026 8747 
17838 8778 9066 8959 
17839 8851 8864 8792 
17840 8882 9076 8879 
17841 8884 9006 8880 
17842 8801 8812 8810 
17843 8896 8897 8894 
17844 8820 9020 8825 
17845 8838 9032 8964 
17846 8988 9009 8809 
17847 8921 9012 8923 
17848 8880 8882 8879 
17849 8903 8904 8902 
17850 8789 8969 8746 
17851 8890 8894 8892 
17852 8755 9048 8974 
17853 8975 9047 8756 
17854 8974 9048 29 
17855 56 9047 8975 
17856 22 9021 8741 
17857 9011 9076 8882 
17858 8769 9000 8771 
17859 8968 9027 8908 
17860 9051 9081 8734 
17861 8903 9016 8904 
17862 8764 9043 9038 
17863 9039 9054 9034 
17864 8783 9077 9009 
17865 8993 9057 8800 
17866 8948 9074 8977 
17867 8783 9009 8988 
17868 24 9013 8744 
17869 9004 9024 8841 
17870 8972 9050 9015 
17871 8768 9005 8895 
17872 8846 9065 9008 
17873 8917 9004 8991 
17874 8982 9063 8981 
17875 9005 9011 8882 
17876 9067 9079 8842 
17877 8795 9053 8967 
17878 8809 9009 8814 
17879 9030 9031 8774 
17880 8861 9023 8856 
17881 8774 9083 9030 
17882 8771 9000 8777 
17883 8856 9023 8858 
17884 8906 8997 8909 
17885 8888 8998 8890 
17886 8902 8995 8899 
17887 8967 9053 8804 
17888 8879 8996 8877 
17889 8994 9017 8884 
17890 9012 9031 8772 
17891 8912 8992 8987 
17892 9060 9079 8806 
17893 9005 9006 8895 
17894 9020 9044 8825 
17895 8977 9074 8784 
17896 9015 9050 8850 
17897 8992 8993 8987 
17898 8949 9066 9018 
17899 8882 9006 9005 
17900 8997 9003 8909 
17901 8913 9069 8992 
17902 8828 9022 8830 
17903 8823 9056 8979 
17904 8987 8993 8805 
17905 8747 9026 8795 
17906 8814 9009 8817 
17907 8981 9069 8913 
17908 8819 9036 9020 
17909 8964 9032 8835 
17910 9038 9062 8764 
17911 8880 9006 8882 
17912 8908 9027 8997 
17913 8773 9076 9011 
17914 8765 9062 9038 
17915 8744 9013 8797 
17916 8964 9081 9051 
17917 9016 9076 8773 
17918 9055 9080 8775 
17919 9003 9068 8799 
17920 8976 9027 8968 
17921 8830 9022 8833 
17922 8812 9028 8810 
17923 9002 9075 8815 
17924 9029 9083 8904 
17925 9020 9036 8782 
17926 9034 9054 8841 
17927 8891 9061 8998 
17928 8910 9063 8982 
17929 8772 9031 9030 
17930 8803 9069 9063 
17931 8819 9077 9036 
17932 8806 9079 9067 
17933 9008 9065 8844 
17934 9030 9083 8770 
17935 8817 9077 8819 
17936 8833 9074 8948 
17937 9029 9073 8770 
17938 8840 9054 9039 
17939 8796 9068 9053 
17940 8772 9055 9012 
17941 8992 9069 8803 
17942 8782 9044 9020 
17943 9063 9069 8981 
17944 9009 9077 8817 
17945 9022 9074 8833 
17946 8772 9080 9055 
17947 9036 9077 8783 
17948 8770 9083 9029 
17949 8785 9022 8828 
17950 8987 9007 8971 
2 17 2 845
17951 9223 9337 9222 
17952 9243 9249 9242 
17953 9203 9364 9334 
17954 9218 9370 9220 
17955 9146 9434 9147 
17956 45 9153 46 
17957 9350 9406 9159 
17958 9171 9336 9169 
17959 9227 9428 9349 
17960 9165 9329 9257 
17961 9236 9250 9246 
17962 9288 9310 9220 
17963 9241 9242 9237 
17964 9128 9434 9146 
17965 9128 9146 9124 
17966 9232 9234 9231 
17967 9209 9212 9210 
17968 9273 9376 9251 
17969 9253 9254 9243 
17970 9153 9343 46 
17971 9236 9246 9245 
17972 9187 9424 9119 
17973 9111 9336 9171 
17974 9178 9180 9179 
17975 9224 9372 9369 
17976 9361 9372 9224 
17977 9271 9380 9266 
17978 9180 9439 9106 
17979 9142 9185 9182 
17980 9350 9444 9165 
17981 9242 9385 9237 
17982 9141 9433 9138 
17983 9312 9332 9233 
17984 9260 9261 9089 
17985 9149 9416 9174 
17986 9253 9267 9263 
17987 9181 9439 9178 
17988 9109 9144 9125 
17989 9110 9431 9155 
17990 9247 9345 9284 
17991 9233 9385 9312 
17992 9270 9271 9266 
17993 9102 9375 9259 
17994 9314 9392 9146 
17995 9119 9306 9187 
17996 9138 9415 9137 
17997 9241 9243 9242 
17998 9150 9391 9128 
17999 9320 9409 9180 
18000 9102 9300 9249 
18001 9137 9415 9136 
18002 9158 9444 9159 
18003 9251 9376 9246 
18004 9157 9378 9166 
18005 9168 9379 9170 
18006 9318 9338 9302 
18007 9220 9370 9288 
18008 9146 9392 9145 
18009 9141 9185 9142 
18010 9123 9145 1299 
18011 9134 9364 9268 
18012 9159 9406 9351 
18013 9136 9412 9135 
18014 9263 9267 9265 
18015 9127 9427 9129 
18016 9167 9309 9168 
18017 9170 9178 9172 
18018 9249 9375 9102 
18019 9159 9440 9158 
18020 9259 9375 9254 
18021 9230 9296 9244 
18022 9171 9186 9111 
18023 9324 9345 9105 
18024 9196 9305 9191 
18025 9218 9220 9219 
18026 9222 9369 9223 
18027 9245 9357 9151 
18028 9199 9297 9204 
18029 1298 9123 1299 
18030 9124 9146 9123 
18031 9127 9129 9126 
18032 9246 9426 9245 
18033 9137 9141 9138 
18034 9217 9289 9208 
18035 9284 9345 9324 
18036 9149 9174 9173 
18037 9261 9262 9089 
18038 9134 9421 9334 
18039 9334 9364 9134 
18040 9235 9239 9238 
18041 9188 9424 9187 
18042 9135 9412 9133 
18043 9310 9337 9220 
18044 9179 9409 9183 
18045 9334 9412 9139 
18046 9184 9396 9292 
18047 9130 9427 9127 
18048 9220 9337 9223 
18049 1069 9269 9099 
18050 9153 9418 9343 
18051 9147 9401 9398 
18052 9205 9364 9201 
18053 9111 9186 9143 
18054 9177 9445 9373 
18055 9232 9393 9236 
18056 9128 9397 9150 
18057 9253 9260 9254 
18058 9292 9432 9184 
18059 9309 9344 9121 
18060 9106 9410 9180 
18061 1070 9269 1069 
18062 9180 9409 9179 
18063 9177 9373 9363 
18064 9148 9434 9391 
18065 9227 9355 9163 
18066 9142 9433 9141 
18067 9284 9315 9247 
18068 9163 9428 9227 
18069 9252 9253 9243 
18070 9342 9367 9333 
18071 9155 9399 9110 
18072 9175 9416 9149 
18073 9167 9344 9309 
18074 9140 9303 9194 
18075 1297 9144 9109 
18076 9144 9330 9125 
18077 9363 9390 9177 
18078 9135 9137 9136 
18079 9365 9366 9351 
18080 9278 9380 9271 
18081 9133 9421 9132 
18082 9250 9251 9246 
18083 9089 9395 9260 
18084 9178 9179 9172 
18085 9245 9382 9239 
18086 9170 9181 9178 
18087 9293 9432 9292 
18088 9129 9316 9248 
18089 9165 9374 9329 
18090 9178 9439 9180 
18091 9159 9444 9350 
18092 9216 9413 9175 
18093 9090 9403 9360 
18094 9127 9330 9132 
18095 9253 9261 9260 
18096 9154 9187 9153 
18097 9158 9440 9156 
18098 9152 9317 9107 
18099 9166 9378 9108 
18100 9264 9269 9262 
18101 9151 9382 9245 
18102 9391 9434 9128 
18103 9343 9418 9122 
18104 9199 9204 9201 
18105 9210 9217 9208 
18106 9230 9244 9232 
18107 9194 9196 9191 
18108 9194 9195 9140 
18109 9179 9183 9182 
18110 9247 9357 9245 
18111 9106 9439 9255 
18112 9140 9429 9318 
18113 9360 9403 9204 
18114 9143 9371 9319 
18115 9240 9241 9237 
18116 9303 9318 9302 
18117 9215 9354 9210 
18118 9213 9413 9321 
18119 9257 9350 9165 
18120 9156 9431 9110 
18121 9129 9397 9126 
18122 9132 9135 9133 
18123 9132 9421 9130 
18124 9213 9321 9212 
18125 9234 9238 9237 
18126 9149 9216 9175 
18127 9268 9272 9134 
18128 9212 9214 9210 
18129 9318 9447 9338 
18130 9232 9235 9234 
18131 9132 9330 9152 
18132 9255 9439 9181 
18133 9271 9328 9278 
18134 9123 9146 9145 
18135 9152 9441 9317 
18136 9309 9340 9168 
18137 9245 9426 9247 
18138 9262 9377 9089 
18139 9415 9429 9140 
18140 9202 9367 9342 
18141 9270 9404 9271 
18142 9266 9438 9264 
18143 9125 9330 9127 
18144 9237 9385 9233 
18145 9272 9421 9134 
18146 9254 9260 9259 
18147 9174 9445 9173 
18148 9170 9172 9171 
18149 9108 9314 9166 
18150 9201 9364 9203 
18151 9154 9188 9187 
18152 9187 9418 9153 
18153 9125 9127 9126 
18154 9126 9128 9124 
18155 9148 9321 9216 
18156 1111 9094 1110 
18157 1081 9103 1080 
18158 1105 9117 1104 
18159 1044 9106 1043 
18160 1099 9104 1098 
18161 1119 9119 1118 
18162 1063 9100 1062 
18163 1093 9101 1092 
18164 1121 9122 1120 
18165 1058 9115 1057 
18166 1055 9093 1054 
18167 1066 9090 1065 
18168 1087 9105 1086 
18169 1090 9086 1089 
18170 1117 9098 1116 
18171 1114 9097 1113 
18172 1051 9095 1050 
18173 1040 9121 1039 
18174 1047 9096 1046 
18175 1049 9116 1048 
18176 1072 9089 1071 
18177 1102 9084 1101 
18178 1060 9091 1059 
18179 1096 9085 1095 
18180 1042 9120 1041 
18181 1109 9114 1108 
18182 1075 9102 1074 
18183 1078 9088 1077 
18184 1107 9092 1106 
18185 1053 9118 1052 
18186 1069 9099 1068 
18187 1084 9087 1083 
18188 9125 9126 9124 
18189 9250 9451 9251 
18190 37 9167 36 
18191 9126 9397 9128 
18192 9296 9356 9244 
18193 9214 9215 9210 
18194 9232 9236 9235 
18195 9358 9384 9093 
18196 9168 9170 9169 
18197 9109 9125 9124 
18198 9409 9450 9183 
18199 9196 9358 9305 
18200 9220 9223 9219 
18201 9148 9387 9321 
18202 9198 9202 9197 
18203 9283 9284 9282 
18204 9221 9224 9222 
18205 9147 9314 9146 
18206 9297 9360 9204 
18207 9381 9397 9248 
18208 9147 9398 9314 
18209 9167 9168 9113 
18210 9256 9258 9257 
18211 9217 9359 9289 
18212 9087 9419 9356 
18213 9280 9281 9279 
18214 9127 9132 9130 
18215 1112 9256 1111 
18216 1059 9189 1058 
18217 1080 9228 1079 
18218 1086 9273 1085 
18219 1100 9221 1099 
18220 1094 9206 1093 
18221 1062 9197 1061 
18222 1082 9296 1081 
18223 1104 9274 1103 
18224 1110 9225 1109 
18225 1092 9289 1091 
18226 1057 9305 1056 
18227 1108 9287 1107 
18228 1097 9288 1096 
18229 1052 9290 1051 
18230 1068 9278 1067 
18231 1077 9299 1076 
18232 1064 9297 1063 
18233 1074 9259 1073 
18234 1089 9282 1088 
18235 1048 9304 1047 
18236 1054 9301 1053 
18237 1076 9300 1075 
18238 1106 9298 1105 
18239 1095 9295 1094 
18240 1116 9279 1115 
18241 1043 9255 1042 
18242 1118 9285 1117 
18243 1098 9310 1097 
18244 1079 9311 1078 
18245 1050 9307 1049 
18246 1120 9306 1119 
18247 1041 9308 1040 
18248 9359 9430 9086 
18249 9283 9354 9315 
18250 1111 9256 9094 
18251 9103 9228 1080 
18252 9105 9273 1086 
18253 9100 9197 1062 
18254 1099 9221 9104 
18255 1058 9189 9115 
18256 1042 9255 9120 
18257 9119 9285 1118 
18258 9091 9189 1059 
18259 1081 9296 9103 
18260 1093 9206 9101 
18261 9117 9274 1104 
18262 1096 9288 9085 
18263 9116 9304 1048 
18264 9095 9307 1050 
18265 9122 9306 1120 
18266 9094 9225 1110 
18267 1040 9308 9121 
18268 1051 9290 9095 
18269 1053 9301 9118 
18270 1107 9287 9092 
18271 1105 9298 9117 
18272 1109 9225 9114 
18273 9114 9287 1108 
18274 1063 9297 9100 
18275 9104 9310 1098 
18276 1075 9300 9102 
18277 9098 9279 1116 
18278 9118 9290 1052 
18279 9115 9305 1057 
18280 9086 9282 1089 
18281 9102 9259 1074 
18282 9092 9298 1106 
18283 9101 9289 1092 
18284 9099 9278 1068 
18285 9085 9295 1095 
18286 1047 9304 9096 
18287 9088 9299 1077 
18288 9093 9301 1054 
18289 1078 9311 9088 
18290 9106 9255 1043 
18291 1117 9285 9098 
18292 1049 9307 9116 
18293 1119 9306 9119 
18294 9120 9308 1041 
18295 9292 9307 9095 
18296 9117 9298 9276 
18297 9160 9444 9158 
18298 9131 9427 9272 
18299 9112 9153 45 
18300 9103 9296 9230 
18301 9334 9421 9133 
18302 9173 9445 9162 
18303 9117 9276 9275 
18304 9275 9277 9274 
18305 9291 9292 9095 
18306 9191 9305 9115 
18307 1046 9320 1045 
18308 9088 9313 9299 
18309 1060 9322 9091 
18310 1102 9327 9084 
18311 1114 9326 9097 
18312 9084 9323 1101 
18313 1087 9324 9105 
18314 9097 9325 1113 
18315 9208 9289 9101 
18316 32 9107 31 
18317 40 9108 41 
18318 9256 9257 9094 
18319 9221 9222 9104 
18320 9086 9283 9282 
18321 9098 9280 9279 
18322 9103 9230 9229 
18323 9202 9322 9197 
18324 1094 9295 9206 
18325 9299 9300 1076 
18326 9228 9311 1079 
18327 1097 9310 9288 
18328 9285 9286 9098 
18329 9207 9208 9101 
18330 9206 9207 9101 
18331 9311 9312 9088 
18332 9093 9302 9301 
18333 9190 9191 9115 
18334 9227 9287 9114 
18335 9408 9428 9163 
18336 9327 9362 9084 
18337 9221 9323 9224 
18338 9284 9324 9282 
18339 9109 9124 9123 
18340 9116 9353 9304 
18341 9117 9275 9274 
18342 9249 9420 9242 
18343 9100 9198 9197 
18344 9100 9297 9199 
18345 1066 9328 9090 
18346 9225 9226 9114 
18347 9226 9227 9114 
18348 9270 9364 9205 
18349 9096 9320 1046 
18350 9312 9313 9088 
18351 9290 9291 9095 
18352 9256 9325 9258 
18353 9098 9286 9280 
18354 9100 9199 9198 
18355 9281 9326 9279 
18356 9308 9309 9121 
18357 9326 9366 9097 
18358 9104 9337 9310 
18359 1296 9144 1297 
18360 1297 9109 1298 
18361 31 9317 30 
18362 9205 9404 9270 
18363 1061 9322 1060 
18364 1103 9327 1102 
18365 1115 9326 1114 
18366 1101 9323 1100 
18367 1088 9324 1087 
18368 1113 9325 1112 
18369 9333 9414 9342 
18370 9189 9190 9115 
18371 9369 9372 9176 
18372 9238 9240 9237 
18373 9210 9354 9217 
18374 9197 9322 1061 
18375 9274 9327 1103 
18376 9279 9326 1115 
18377 1100 9323 9221 
18378 9282 9324 1088 
18379 1112 9325 9256 
18380 9222 9337 9104 
18381 9302 9384 9303 
18382 9103 9229 9228 
18383 36 9113 35 
18384 44 9112 45 
18385 9269 9438 9099 
18386 9277 9327 9274 
18387 9094 9329 9225 
18388 9278 9328 1067 
18389 9157 9158 9156 
18390 9263 9264 9262 
18391 9109 9123 1298 
18392 1067 9328 1066 
18393 9287 9349 9092 
18394 9196 9384 9358 
18395 9162 9449 9161 
18396 9161 9449 9160 
18397 9118 9339 9290 
18398 9225 9329 9226 
18399 9351 9406 9365 
18400 37 9344 9167 
18401 9107 9371 9152 
18402 9254 9375 9243 
18403 9411 9451 9087 
18404 9281 9366 9326 
18405 9188 9346 9286 
18406 9277 9362 9327 
18407 39 9436 9392 
18408 9319 9371 9107 
18409 9356 9419 9244 
18410 9260 9395 9259 
18411 9290 9339 9291 
18412 9288 9370 9085 
18413 9227 9349 9287 
18414 9087 9356 1083 
18415 9217 9430 9359 
18416 1055 9358 9093 
18417 1090 9359 9086 
18418 9182 9442 9142 
18419 9090 9360 1065 
18420 9295 9331 9206 
18421 9257 9329 9094 
18422 9348 9408 9407 
18423 9219 9223 9175 
18424 9316 9427 9131 
18425 9204 9205 9201 
18426 1070 9377 9269 
18427 9228 9332 9311 
18428 9269 9377 9262 
18429 9349 9428 9347 
18430 9206 9331 9207 
18431 9236 9245 9239 
18432 9116 9396 9353 
18433 9194 9303 9196 
18434 1082 9356 9296 
18435 9133 9412 9334 
18436 9305 9358 1056 
18437 9289 9359 1091 
18438 9311 9332 9312 
18439 9243 9375 9249 
18440 1064 9360 9297 
18441 9108 9392 9314 
18442 9099 9380 9278 
18443 9089 9377 1071 
18444 9370 9389 9085 
18445 9251 9411 9273 
18446 9091 9341 9189 
18447 9301 9338 9118 
18448 1296 9386 9144 
18449 9335 9346 9188 
18450 46 9343 47 
18451 38 9344 37 
18452 9179 9182 9172 
18453 9229 9332 9228 
18454 1072 9395 9089 
18455 9265 9266 9264 
18456 9252 9267 9253 
18457 42 9110 43 
18458 34 9111 33 
18459 9112 9154 9153 
18460 9302 9338 9301 
18461 9213 9446 9218 
18462 9241 9252 9243 
18463 9120 9340 9308 
18464 1044 9410 9106 
18465 1084 9411 9087 
18466 9092 9347 9298 
18467 9150 9397 9381 
18468 9373 9445 9174 
18469 9189 9341 9190 
18470 9267 9352 9265 
18471 9320 9410 1045 
18472 9341 9417 9342 
18473 9353 9442 9183 
18474 9143 9186 9141 
18475 9298 9347 9276 
18476 9338 9339 9118 
18477 9218 9219 9213 
18478 9303 9384 9196 
18479 9259 9395 1073 
18480 9255 9425 9120 
18481 9092 9349 9347 
18482 9308 9340 9309 
18483 1039 9423 14 
18484 15 9422 1121 
18485 9091 9417 9341 
18486 9330 9441 9152 
18487 39 9392 40 
18488 9273 9411 1085 
18489 18 9386 1296 
18490 9348 9428 9408 
18491 9180 9410 9320 
18492 30 9386 18 
18493 9295 9389 9331 
18494 9314 9398 9166 
18495 9345 9376 9105 
18496 9131 9267 9252 
18497 36 9167 9113 
18498 9085 9389 9295 
18499 14 9423 38 
18500 47 9422 15 
18501 9161 9173 9162 
18502 9392 9436 9145 
18503 9163 9449 9408 
18504 9204 9403 9205 
18505 9239 9381 9238 
18506 9292 9396 9307 
18507 9211 9446 9213 
18508 9181 9425 9255 
18509 9251 9451 9411 
18510 9158 9161 9160 
18511 1083 9356 1082 
18512 33 9319 32 
18513 9299 9420 9300 
18514 1056 9358 1055 
18515 1091 9359 1090 
18516 9261 9263 9262 
18517 1065 9360 1064 
18518 9306 9418 9187 
18519 9285 9424 9286 
18520 9207 9331 9211 
18521 9307 9396 9116 
18522 9143 9319 9111 
18523 9342 9417 9202 
18524 9084 9362 9361 
18525 9097 9365 9325 
18526 9084 9361 9323 
18527 9233 9332 9229 
18528 9184 9442 9353 
18529 9190 9341 9193 
18530 9097 9366 9365 
18531 9353 9450 9304 
18532 35 9336 34 
18533 9268 9270 9266 
18534 9264 9438 9269 
18535 9107 9317 31 
18536 9129 9427 9316 
18537 9105 9376 9273 
18538 9132 9152 9135 
18539 9158 9166 9161 
18540 9300 9420 9249 
18541 9323 9361 9224 
18542 9291 9339 9294 
18543 9325 9365 9258 
18544 9145 9436 1299 
18545 9341 9342 9193 
18546 9138 9429 9415 
18547 9241 9316 9252 
18548 9130 9421 9272 
18549 9380 9438 9266 
18550 1071 9377 1070 
18551 9202 9417 9322 
18552 9272 9427 9130 
18553 9322 9417 9091 
18554 9170 9379 9181 
18555 9240 9316 9241 
18556 9333 9334 9139 
18557 9172 9185 9171 
18558 9354 9430 9217 
18559 9141 9186 9185 
18560 9175 9413 9219 
18561 32 9319 9107 
18562 9252 9316 9131 
18563 9386 9441 9144 
18564 9086 9430 9283 
18565 9170 9171 9169 
18566 9093 9384 9302 
18567 9096 9409 9320 
18568 9137 9143 9141 
18569 9283 9430 9354 
18570 9108 9378 41 
18571 9119 9424 9285 
18572 9407 9408 9177 
18573 9168 9169 9113 
18574 9096 9450 9409 
18575 9333 9367 9200 
18576 1073 9395 1072 
18577 43 9399 44 
18578 9351 9400 9159 
18579 9315 9354 9215 
18580 9268 9352 9272 
18581 9154 9335 9188 
18582 9328 9405 9090 
18583 9258 9350 9257 
18584 9283 9315 9284 
18585 9224 9369 9222 
18586 9230 9231 9229 
18587 9190 9192 9191 
18588 9291 9293 9292 
18589 9321 9413 9216 
18590 9226 9355 9227 
18591 9199 9200 9198 
18592 9207 9209 9208 
18593 9280 9368 9281 
18594 9272 9352 9131 
18595 9198 9367 9202 
18596 41 9378 42 
18597 9110 9157 9156 
18598 9157 9166 9158 
18599 9110 9399 43 
18600 1045 9410 1044 
18601 1085 9411 1084 
18602 9231 9233 9229 
18603 9122 9418 9306 
18604 1121 9422 9122 
18605 9121 9423 1039 
18606 9291 9294 9293 
18607 9190 9193 9192 
18608 9207 9211 9209 
18609 9203 9333 9200 
18610 9165 9444 9388 
18611 9286 9346 9280 
18612 9199 9201 9200 
18613 34 9336 9111 
18614 9209 9210 9208 
18615 9313 9420 9299 
18616 9242 9420 9313 
18617 9230 9232 9231 
18618 9286 9424 9188 
18619 9248 9397 9129 
18620 9192 9194 9191 
18621 9347 9428 9348 
18622 9366 9394 9351 
18623 9263 9265 9264 
18624 9362 9372 9361 
18625 9340 9379 9168 
18626 9353 9396 9184 
18627 9276 9407 9275 
18628 9164 9346 9335 
18629 9140 9318 9303 
18630 9211 9213 9212 
18631 9304 9450 9096 
18632 9234 9237 9233 
18633 9236 9239 9235 
18634 9271 9405 9328 
18635 9113 9336 35 
18636 9315 9357 9247 
18637 9277 9363 9362 
18638 9244 9393 9232 
18639 1299 9436 20 
18640 9317 9386 30 
18641 9431 9440 9164 
18642 9265 9268 9266 
18643 9152 9371 9135 
18644 9183 9450 9353 
18645 9218 9389 9370 
18646 9173 9401 9149 
18647 9112 9155 9154 
18648 9401 9402 9149 
18649 9155 9335 9154 
18650 9347 9348 9276 
18651 9373 9416 9176 
18652 9183 9442 9182 
18653 20 9436 39 
18654 9381 9382 9150 
18655 9111 9319 33 
18656 9164 9440 9400 
18657 9195 9452 9140 
18658 9329 9374 9226 
18659 9312 9385 9313 
18660 9139 9414 9333 
18661 9388 9449 9163 
18662 9185 9186 9171 
18663 9357 9437 9151 
18664 9275 9390 9277 
18665 9099 9438 9380 
18666 9236 9393 9250 
18667 9151 9391 9382 
18668 9120 9425 9340 
18669 9235 9238 9234 
18670 9368 9400 9394 
18671 9212 9321 9214 
18672 9131 9352 9267 
18673 9142 9442 9184 
18674 9342 9414 9193 
18675 9219 9413 9213 
18676 44 9399 9112 
18677 9090 9405 9403 
18678 9144 9441 9330 
18679 9244 9419 9393 
18680 9238 9248 9240 
18681 9182 9185 9172 
18682 9265 9352 9268 
18683 9164 9368 9346 
18684 9214 9437 9215 
18685 9193 9448 9192 
18686 9203 9334 9333 
18687 9281 9394 9366 
18688 9231 9234 9233 
18689 9184 9432 9142 
18690 9211 9212 9209 
18691 9294 9383 9293 
18692 9355 9388 9163 
18693 9201 9203 9200 
18694 9169 9336 9113 
18695 9192 9195 9194 
18696 9122 9422 9343 
18697 9344 9423 9121 
18698 9343 9422 47 
18699 38 9423 9344 
18700 9215 9357 9315 
18701 40 9392 9108 
18702 9365 9406 9258 
18703 9383 9432 9293 
18704 9135 9371 9137 
18705 9363 9372 9362 
18706 9148 9391 9387 
18707 9376 9426 9246 
18708 42 9378 9110 
18709 9340 9425 9379 
18710 9223 9435 9175 
18711 9239 9382 9381 
18712 9429 9447 9318 
18713 9195 9448 9443 
18714 9155 9431 9335 
18715 9216 9402 9148 
18716 9389 9446 9331 
18717 9164 9400 9368 
18718 9137 9371 9143 
18719 9166 9398 9161 
18720 9400 9440 9159 
18721 9294 9447 9429 
18722 9338 9447 9339 
18723 9200 9367 9198 
18724 9348 9407 9276 
18725 9369 9435 9223 
18726 9161 9398 9173 
18727 9335 9431 9164 
18728 9403 9405 9404 
18729 9382 9391 9150 
18730 9321 9387 9214 
18731 9346 9368 9280 
18732 9404 9405 9271 
18733 9363 9373 9372 
18734 9147 9402 9401 
18735 9258 9406 9350 
18736 9174 9416 9373 
18737 9149 9402 9216 
18738 9140 9452 9415 
18739 9165 9388 9374 
18740 9379 9425 9181 
18741 9317 9441 9386 
18742 9226 9374 9355 
18743 9443 9448 9139 
18744 9387 9391 9151 
18745 9388 9444 9160 
18746 9275 9407 9390 
18747 9374 9388 9355 
18748 9383 9429 9138 
18749 9393 9419 9250 
18750 9192 9448 9195 
18751 9238 9381 9248 
18752 9112 9399 9155 
18753 9408 9449 9162 
18754 9416 9435 9176 
18755 9313 9385 9242 
18756 9412 9443 9139 
18757 9215 9437 9357 
18758 9403 9404 9205 
18759 9277 9390 9363 
18760 9368 9394 9281 
18761 9394 9400 9351 
18762 9110 9378 9157 
18763 9087 9451 9419 
18764 9160 9449 9388 
18765 9387 9437 9214 
18766 9372 9373 9176 
18767 9247 9426 9345 
18768 9345 9426 9376 
18769 9408 9445 9177 
18770 9331 9446 9211 
18771 9383 9433 9432 
18772 9294 9429 9383 
18773 9414 9448 9193 
18774 9398 9401 9173 
18775 9175 9435 9416 
18776 9147 9434 9402 
18777 9402 9434 9148 
18778 9339 9447 9294 
18779 9443 9452 9195 
18780 9419 9451 9250 
18781 9218 9446 9389 
18782 9136 9443 9412 
18783 9415 9452 9136 
18784 9138 9433 9383 
18785 9176 9435 9369 
18786 9156 9440 9431 
18787 9390 9407 9177 
18788 9139 9448 9414 
18789 9136 9452 9443 
18790 9432 9433 9142 
18791 9151 9437 9387 
18792 9162 9445 9408 
18793 9248 9316 9240 
18794 9253 9263 9261 
18795 9268 9364 9270 
2 18 2 853
18796 9515 9759 9516 
18797 9474 9776 9674 
18798 9642 9654 9637 
18799 9684 9760 9657 
18800 9623 9713 9521 
18801 9598 9795 9600 
18802 54 9542 55 
18803 9575 9588 9582 
18804 9522 9710 9520 
18805 9617 9667 9460 
18806 9532 9714 9536 
18807 9635 9638 9637 
18808 9572 9573 9570 
18809 9527 9531 9530 
18810 9588 9589 9455 
18811 9492 9755 9693 
18812 9480 9792 9528 
18813 9575 9582 9579 
18814 9693 9755 9686 
18815 9511 9790 9513 
18816 9536 9541 9538 
18817 9460 9767 9617 
18818 9542 9718 55 
18819 9640 9647 9645 
18820 9600 9795 9561 
18821 9553 9805 9552 
18822 9560 9711 9557 
18823 9555 9776 9474 
18824 9578 9579 9503 
18825 9648 9760 9684 
18826 9509 9774 9694 
18827 9474 9815 9555 
18828 9500 9562 9494 
18829 9557 9779 9558 
18830 9579 9800 9503 
18831 9608 9747 9615 
18832 9654 9709 9637 
18833 9571 9774 9665 
18834 9549 9554 9547 
18835 9565 9759 9515 
18836 9578 9778 9694 
18837 9489 9680 9566 
18838 9558 9560 9557 
18839 9546 9740 9543 
18840 9519 9801 9521 
18841 9740 9766 9626 
18842 9523 9552 9525 
18843 9647 9819 9645 
18844 9724 9735 9716 
18845 9462 9702 9595 
18846 9511 9513 9510 
18847 9573 9774 9571 
18848 9585 9594 9587 
18849 9514 9779 9556 
18850 9535 9759 9529 
18851 9455 9591 9588 
18852 9496 9797 9502 
18853 9522 9792 9710 
18854 9595 9702 9596 
18855 9523 9553 9552 
18856 9642 9789 9654 
18857 9518 9682 9519 
18858 9614 9672 9605 
18859 9667 9744 9485 
18860 9545 9546 9543 
18861 9497 9761 9498 
18862 9634 9658 9646 
18863 9507 9562 9500 
18864 9492 9493 9478 
18865 9457 9748 9728 
18866 1302 9562 1303 
18867 9576 9677 9569 
18868 9601 9678 9597 
18869 9578 9694 9574 
18870 9555 9815 9554 
18871 9560 9784 9711 
18872 9457 9760 9748 
18873 9532 9536 9533 
18874 9657 9760 9457 
18875 9521 9738 9523 
18876 9728 9748 9646 
18877 9497 9498 9495 
18878 9506 9804 9510 
18879 9552 9805 9758 
18880 9617 9744 9667 
18881 9566 9740 9489 
18882 9554 9803 9547 
18883 9556 9777 9549 
18884 9542 9785 9718 
18885 9536 9538 9537 
18886 9516 9771 9515 
18887 9541 9818 9538 
18888 9589 9720 9455 
18889 9641 9651 9639 
18890 9527 9822 9531 
18891 9714 9780 9536 
18892 9648 9762 9649 
18893 9682 9717 9491 
18894 9499 9761 9497 
18895 9509 9816 9665 
18896 9489 9740 9626 
18897 9494 9562 9478 
18898 9700 9742 9644 
18899 9518 9717 9682 
18900 1301 9492 9478 
18901 9547 9803 9708 
18902 9506 9510 9505 
18903 9543 9740 9566 
18904 9679 9776 9559 
18905 9704 9818 9541 
18906 9775 9780 9461 
18907 9517 9747 9612 
18908 9495 9743 9508 
18909 9510 9804 9511 
18910 9521 9801 9623 
18911 9725 9767 9460 
18912 9640 9645 9644 
18913 9582 9698 9579 
18914 9496 9501 9500 
18915 9594 9656 9587 
18916 9495 9508 9496 
18917 9505 9821 9506 
18918 9525 9749 9526 
18919 9545 9809 9546 
18920 9531 9813 9530 
18921 9543 9566 9542 
18922 9713 9738 9521 
18923 9694 9797 9509 
18924 9639 9651 9643 
18925 9538 9744 9539 
18926 9562 9739 1303 
18927 9544 9768 9765 
18928 9586 9732 9731 
18929 9556 9802 9514 
18930 9516 9759 9535 
18931 9674 9776 9679 
18932 9528 9565 9564 
18933 9718 9785 9490 
18934 9571 9576 9569 
18935 9599 9601 9597 
18936 9617 9767 9615 
18937 9551 9765 9479 
18938 9634 9646 9636 
18939 9515 9771 9499 
18940 9608 9614 9605 
18941 9541 9780 9775 
18942 9614 9767 9725 
18943 9572 9753 9574 
18944 9509 9742 9700 
18945 9526 9749 9527 
18946 9503 9825 9778 
18947 9584 9806 9586 
18948 9539 9744 9617 
18949 9498 9743 9495 
18950 9512 9804 9726 
18951 9502 9825 9496 
18952 9527 9530 9529 
18953 9528 9564 9480 
18954 9588 9591 9582 
18955 9550 9802 9556 
18956 9648 9649 9645 
18957 9806 9811 9585 
18958 9540 9611 9517 
18959 9700 9816 9509 
18960 9549 9555 9554 
18961 9559 9787 9679 
18962 9508 9797 9496 
18963 9493 9494 9478 
18964 9496 9825 9501 
18965 9572 9574 9573 
18966 9638 9639 9637 
18967 9561 9734 9600 
18968 9649 9762 9730 
18969 9528 9798 9565 
18970 9656 9695 9587 
18971 9602 9621 9619 
18972 9612 9747 9609 
18973 9501 9505 9500 
18974 9613 9735 9724 
18975 9536 9780 9541 
18976 9577 9664 9662 
18977 9696 9698 9697 
18978 9514 9802 9790 
18979 9523 9525 9524 
18980 9790 9802 9513 
18981 9503 9800 9580 
18982 9638 9641 9639 
18983 9535 9764 9516 
18984 9553 9772 9668 
18985 9558 9814 9560 
18986 9587 9806 9585 
18987 9492 9693 9493 
18988 9493 9495 9494 
18989 9547 9809 9545 
18990 9550 9556 9549 
18991 9521 9523 9522 
18992 9645 9700 9644 
18993 9493 9497 9495 
18994 9495 9496 9494 
18995 9639 9642 9637 
18996 9682 9705 9519 
18997 9615 9747 9611 
18998 9496 9500 9494 
18999 9515 9783 9565 
19000 9606 9747 9608 
19001 9566 9785 9542 
19002 9534 9822 9527 
19003 1179 9454 1178 
19004 1123 9491 1122 
19005 1158 9468 1157 
19006 1149 9459 1148 
19007 1134 9464 1133 
19008 1200 9475 1199 
19009 1167 9456 1166 
19010 1164 9469 1163 
19011 1127 9472 1126 
19012 1173 9455 1172 
19013 1152 9467 1151 
19014 1185 9453 1184 
19015 1170 9473 1169 
19016 1155 9458 1154 
19017 1161 9457 1160 
19018 1182 9466 1181 
19019 1176 9470 1175 
19020 1188 9484 1187 
19021 1146 9471 1145 
19022 1143 9460 1142 
19023 1132 9486 1131 
19024 1192 9483 1191 
19025 1202 9489 1201 
19026 1125 9488 1124 
19027 1130 9465 1129 
19028 1141 9485 1140 
19029 1197 9474 1196 
19030 1138 9461 1137 
19031 1190 9462 1189 
19032 1194 9463 1193 
19033 1136 9487 1135 
19034 1204 9490 1203 
19035 9583 9821 9503 
19036 9548 9549 9547 
19037 9668 9805 9553 
19038 9696 9706 9581 
19039 9530 9813 9532 
19040 9557 9711 9699 
19041 46 9518 45 
19042 9729 9752 9456 
19043 9727 9751 9453 
19044 9614 9725 9672 
19045 9503 9821 9501 
19046 9519 9521 9520 
19047 9658 9728 9646 
19048 9619 9620 9618 
19049 9629 9631 9628 
19050 9662 9663 9661 
19051 9455 9782 9591 
19052 9576 9729 9677 
19053 9518 9519 9481 
19054 9493 9693 9497 
19055 9689 9726 9584 
19056 9591 9782 9590 
19057 1171 9567 1170 
19058 1162 9657 1161 
19059 1175 9590 1174 
19060 1189 9595 1188 
19061 1184 9618 1183 
19062 1147 9603 1146 
19063 1159 9658 1158 
19064 1198 9625 1197 
19065 1129 9655 1128 
19066 1178 9592 1177 
19067 1154 9652 1153 
19068 1157 9632 1156 
19069 1187 9678 1186 
19070 1193 9627 1192 
19071 1156 9673 1155 
19072 1166 9661 1165 
19073 1191 9666 1190 
19074 1177 9675 1176 
19075 1135 9676 1134 
19076 1131 9669 1130 
19077 1180 9656 1179 
19078 1199 9624 1198 
19079 1145 9672 1144 
19080 1169 9677 1168 
19081 1137 9659 1136 
19082 1148 9660 1147 
19083 1196 9674 1195 
19084 1151 9628 1150 
19085 1128 9668 1127 
19086 1163 9684 1162 
19087 1126 9622 1125 
19088 1201 9626 1200 
19089 1142 9667 1141 
19090 1153 9671 1152 
19091 1195 9679 1194 
19092 1124 9681 1123 
19093 1133 9683 1132 
19094 1203 9680 1202 
19095 9601 9727 9678 
19096 9684 9762 9648 
19097 1170 9567 9473 
19098 1161 9657 9457 
19099 9470 9590 1175 
19100 1125 9622 9488 
19101 1146 9603 9471 
19102 9489 9626 1201 
19103 1188 9595 9484 
19104 9465 9655 1129 
19105 9463 9627 1193 
19106 1197 9625 9474 
19107 9456 9661 1166 
19108 9462 9595 1189 
19109 1158 9658 9468 
19110 9486 9669 1131 
19111 9464 9683 1133 
19112 1136 9659 9487 
19113 9484 9678 1187 
19114 9453 9618 1184 
19115 1134 9676 9464 
19116 1123 9681 9491 
19117 1141 9667 9485 
19118 1190 9666 9462 
19119 9468 9632 1157 
19120 9490 9680 1203 
19121 9458 9652 1154 
19122 9454 9592 1178 
19123 1155 9673 9458 
19124 1179 9656 9454 
19125 1192 9627 9483 
19126 9475 9624 1199 
19127 9483 9666 1191 
19128 9469 9684 1163 
19129 1127 9668 9472 
19130 9459 9660 1148 
19131 9467 9628 1151 
19132 9487 9676 1135 
19133 9461 9659 1137 
19134 1176 9675 9470 
19135 9471 9672 1145 
19136 9473 9677 1169 
19137 9474 9674 1196 
19138 1130 9669 9465 
19139 1152 9671 9467 
19140 9460 9667 1142 
19141 9472 9622 1126 
19142 1200 9626 9475 
19143 1194 9679 9463 
19144 9488 9681 1124 
19145 1202 9680 9489 
19146 1132 9683 9486 
19147 9605 9672 9471 
19148 9482 9542 54 
19149 9458 9673 9654 
19150 9458 9654 9653 
19151 9597 9678 9484 
19152 9501 9821 9505 
19153 9596 9597 9484 
19154 9468 9658 9634 
19155 9583 9811 9584 
19156 1149 9691 9459 
19157 9604 9605 9471 
19158 1182 9690 9466 
19159 1164 9692 9469 
19160 9454 9656 9594 
19161 9467 9671 9630 
19162 9456 9662 9661 
19163 9595 9596 9484 
19164 9732 9806 9587 
19165 49 9477 50 
19166 41 9476 40 
19167 9466 9695 1181 
19168 9631 9691 9628 
19169 9475 9708 9624 
19170 9592 9675 1177 
19171 9632 9673 1156 
19172 9652 9671 1153 
19173 1162 9684 9657 
19174 1147 9660 9603 
19175 9624 9625 1198 
19176 9674 9679 1195 
19177 9655 9668 1128 
19178 9458 9653 9652 
19179 9620 9690 9618 
19180 9454 9594 9593 
19181 9454 9593 9592 
19182 9675 9696 9470 
19183 9463 9699 9627 
19184 9468 9634 9633 
19185 9569 9677 9473 
19186 9507 9769 9703 
19187 9567 9568 9473 
19188 9453 9619 9618 
19189 9486 9670 9669 
19190 9512 9726 9689 
19191 9622 9623 9488 
19192 9467 9630 9629 
19193 9663 9692 9661 
19194 9568 9569 9473 
19195 9659 9688 9487 
19196 9501 9825 9503 
19197 9470 9697 9590 
19198 9467 9629 9628 
19199 9523 9738 9553 
19200 9681 9682 9491 
19201 1301 9478 1302 
19202 1300 9492 1301 
19203 40 9686 39 
19204 1150 9691 1149 
19205 1183 9690 1182 
19206 1165 9692 1164 
19207 9532 9533 9530 
19208 9468 9633 9632 
19209 1181 9695 1180 
19210 9513 9802 9551 
19211 1140 9704 1139 
19212 9628 9691 1150 
19213 9618 9690 1183 
19214 9661 9692 1165 
19215 9653 9789 9715 
19216 1180 9695 9656 
19217 9645 9819 9648 
19218 9464 9736 9683 
19219 9487 9687 9676 
19220 9603 9604 9471 
19221 45 9481 44 
19222 53 9482 54 
19223 9696 9697 9470 
19224 9558 9779 9514 
19225 9619 9751 9602 
19226 9478 9562 1302 
19227 9580 9811 9583 
19228 9554 9815 9625 
19229 9574 9753 9575 
19230 9662 9752 9577 
19231 9466 9732 9695 
19232 9576 9752 9729 
19233 9497 9515 9499 
19234 9694 9778 9502 
19235 9601 9751 9727 
19236 9505 9507 9500 
19237 9487 9688 9687 
19238 9536 9537 9533 
19239 9538 9539 9537 
19240 9455 9720 1172 
19241 9488 9705 9681 
19242 9763 9764 9535 
19243 46 9717 9518 
19244 9581 9698 9696 
19245 9504 9770 9612 
19246 9546 9766 9740 
19247 9462 9745 9702 
19248 1171 9720 9567 
19249 9486 9757 9670 
19250 9681 9705 9682 
19251 9485 9704 1140 
19252 9531 9719 9687 
19253 1143 9725 9460 
19254 9479 9563 9551 
19255 9575 9579 9578 
19256 1185 9727 9453 
19257 9457 9728 1160 
19258 1167 9729 9456 
19259 9592 9706 9675 
19260 48 9703 49 
19261 9584 9811 9806 
19262 9590 9807 9591 
19263 9737 9786 9600 
19264 9571 9577 9576 
19265 9625 9803 9554 
19266 9660 9707 9603 
19267 9593 9706 9592 
19268 9675 9706 9696 
19269 9686 9783 9693 
19270 9539 9817 9611 
19271 9469 9762 9684 
19272 9672 9725 1144 
19273 9475 9766 9708 
19274 9678 9727 1186 
19275 1159 9728 9658 
19276 9704 9775 1139 
19277 9736 9757 9683 
19278 9632 9709 9673 
19279 9608 9615 9614 
19280 9677 9729 1168 
19281 9695 9732 9587 
19282 9610 9824 9616 
19283 9623 9705 9488 
19284 9653 9715 9652 
19285 9765 9768 9479 
19286 9710 9792 9480 
19287 9652 9715 9671 
19288 9599 9602 9601 
19289 9625 9815 9474 
19290 9461 9714 9659 
19291 9472 9713 9622 
19292 9517 9764 9540 
19293 9673 9709 9654 
19294 9703 9769 9477 
19295 9633 9709 9632 
19296 9627 9711 9483 
19297 1300 9755 9492 
19298 9720 9799 9567 
19299 47 9717 46 
19300 55 9718 56 
19301 9676 9719 9464 
19302 9719 9736 9464 
19303 1172 9720 1171 
19304 9669 9712 9465 
19305 9712 9758 9465 
19306 9603 9707 9604 
19307 9679 9787 9463 
19308 9561 9814 9558 
19309 9668 9772 9472 
19310 9612 9791 9504 
19311 9552 9723 9525 
19312 9580 9583 9503 
19313 51 9479 52 
19314 43 9480 42 
19315 9622 9713 9623 
19316 9482 9543 9542 
19317 9699 9711 9627 
19318 9507 9739 9562 
19319 1138 9775 9461 
19320 9688 9714 9532 
19321 9659 9714 9688 
19322 1173 9782 9455 
19323 9572 9799 9589 
19324 9671 9715 9630 
19325 9670 9712 9669 
19326 9556 9746 9559 
19327 9716 9789 9724 
19328 9552 9758 9712 
19329 9544 9545 9543 
19330 9503 9778 9578 
19331 41 9564 9476 
19332 9541 9775 9704 
19333 9685 9735 9613 
19334 9465 9758 9655 
19335 9687 9719 9676 
19336 9558 9734 9561 
19337 9733 9756 9459 
19338 9731 9741 9586 
19339 1122 9793 15 
19340 16 9794 1204 
19341 9577 9752 9576 
19342 9683 9757 9486 
19343 9590 9782 1174 
19344 20 9755 1300 
19345 39 9755 20 
19346 9607 9824 9610 
19347 9459 9756 9660 
19348 9551 9563 9513 
19349 9497 9693 9515 
19350 9737 9804 9512 
19351 45 9518 9481 
19352 9660 9756 9707 
19353 9502 9797 9694 
19354 15 9793 47 
19355 56 9794 16 
19356 9602 9751 9601 
19357 9640 9788 9647 
19358 9650 9743 9651 
19359 9711 9784 9483 
19360 9726 9821 9583 
19361 1144 9725 1143 
19362 9615 9767 9614 
19363 1186 9727 1185 
19364 1160 9728 1159 
19365 9624 9803 9625 
19366 1168 9729 1167 
19367 9680 9785 9566 
19368 9611 9817 9615 
19369 9637 9709 9633 
19370 9589 9799 9720 
19371 9655 9805 9668 
19372 9692 9730 9469 
19373 9689 9741 9621 
19374 9604 9707 9607 
19375 9586 9689 9584 
19376 9690 9731 9466 
19377 9666 9745 9462 
19378 9691 9733 9459 
19379 44 9710 43 
19380 42 9564 41 
19381 9549 9777 9555 
19382 9609 9747 9606 
19383 9626 9766 9475 
19384 9612 9770 9517 
19385 9551 9802 9550 
19386 9476 9686 40 
19387 9564 9565 9476 
19388 9559 9777 9556 
19389 9530 9535 9529 
19390 9568 9799 9572 
19391 9527 9749 9534 
19392 9527 9529 9526 
19393 9539 9611 9540 
19394 9602 9701 9621 
19395 9620 9731 9690 
19396 9663 9730 9692 
19397 9712 9723 9552 
19398 9577 9665 9664 
19399 9611 9747 9517 
19400 9631 9733 9691 
19401 9615 9817 9617 
19402 9665 9774 9509 
19403 9565 9783 9476 
19404 9730 9823 9649 
19405 9588 9753 9589 
19406 9581 9800 9698 
19407 49 9703 9477 
19408 9781 9791 9613 
19409 9525 9526 9524 
19410 9586 9741 9689 
19411 9512 9786 9737 
19412 9586 9806 9732 
19413 9483 9784 9666 
19414 9505 9769 9507 
19415 9523 9524 9522 
19416 9688 9813 9687 
19417 9461 9780 9714 
19418 9616 9756 9733 
19419 9666 9784 9745 
19420 9613 9721 9685 
19421 9453 9751 9619 
19422 9545 9548 9547 
19423 9548 9550 9549 
19424 9456 9752 9662 
19425 9521 9522 9520 
19426 9591 9807 9582 
19427 9715 9789 9716 
19428 9477 9750 50 
19429 9519 9520 9481 
19430 9731 9732 9466 
19431 9689 9701 9512 
19432 9748 9788 9646 
19433 48 9812 9703 
19434 9719 9822 9736 
19435 52 9768 53 
19436 9713 9772 9738 
19437 9463 9787 9699 
19438 9629 9685 9631 
19439 9651 9743 9498 
19440 9761 9770 9504 
19441 9651 9722 9643 
19442 9619 9621 9620 
19443 9662 9664 9663 
19444 9563 9808 9513 
19445 9745 9784 9560 
19446 9604 9606 9605 
19447 9634 9635 9633 
19448 50 9750 51 
19449 9568 9570 9569 
19450 9584 9726 9583 
19451 1139 9775 1138 
19452 9581 9810 9800 
19453 9596 9598 9597 
19454 9479 9768 52 
19455 9604 9607 9606 
19456 1174 9782 1173 
19457 9490 9785 9680 
19458 9491 9793 1122 
19459 1204 9794 9490 
19460 9568 9572 9570 
19461 9635 9637 9633 
19462 9646 9788 9636 
19463 9724 9789 9642 
19464 43 9710 9480 
19465 9570 9571 9569 
19466 9606 9608 9605 
19467 9598 9599 9597 
19468 9621 9701 9689 
19469 9634 9636 9635 
19470 9636 9788 9640 
19471 9616 9721 9610 
19472 9630 9735 9629 
19473 9472 9772 9713 
19474 9513 9808 9510 
19475 9565 9798 9759 
19476 9639 9643 9642 
19477 9575 9578 9574 
19478 9650 9651 9641 
19479 9708 9803 9624 
19480 9748 9760 9647 
19481 9607 9610 9609 
19482 9693 9783 9515 
19483 9640 9644 9641 
19484 9506 9821 9726 
19485 9481 9710 44 
19486 9649 9700 9645 
19487 9636 9640 9638 
19488 9726 9804 9506 
19489 9567 9799 9568 
19490 9703 9739 9507 
19491 9730 9762 9469 
19492 1303 9812 19 
19493 9686 9755 39 
19494 9670 9723 9712 
19495 9702 9795 9596 
19496 9620 9741 9731 
19497 9715 9716 9630 
19498 9585 9796 9594 
19499 9613 9791 9721 
19500 9589 9753 9572 
19501 9697 9807 9590 
19502 9706 9773 9581 
19503 9699 9787 9746 
19504 9697 9698 9582 
19505 9703 9812 9739 
19506 9482 9544 9543 
19507 9699 9746 9557 
19508 9650 9742 9508 
19509 9508 9743 9650 
19510 19 9812 48 
19511 9545 9765 9548 
19512 9617 9817 9539 
19513 9534 9757 9736 
19514 9477 9808 9750 
19515 9558 9790 9734 
19516 9540 9764 9763 
19517 9773 9810 9581 
19518 9738 9772 9553 
19519 9539 9540 9537 
19520 9574 9694 9573 
19521 9722 9781 9643 
19522 9698 9800 9579 
19523 9708 9809 9547 
19524 9533 9535 9530 
19525 9643 9724 9642 
19526 9510 9769 9505 
19527 9758 9805 9655 
19528 9750 9808 9563 
19529 9687 9813 9531 
19530 53 9768 9482 
19531 9531 9822 9719 
19532 9594 9796 9593 
19533 9476 9783 9686 
19534 9485 9818 9704 
19535 9616 9754 9721 
19536 9734 9737 9600 
19537 9593 9773 9706 
19538 9498 9722 9651 
19539 9544 9765 9545 
19540 9759 9798 9529 
19541 9721 9754 9685 
19542 9744 9818 9485 
19543 9701 9786 9512 
19544 9548 9551 9550 
19545 9526 9528 9524 
19546 9607 9609 9606 
19547 9598 9600 9599 
19548 9570 9573 9571 
19549 9520 9710 9481 
19550 9636 9638 9635 
19551 9490 9794 9718 
19552 9717 9793 9491 
19553 47 9793 9717 
19554 9718 9794 56 
19555 9610 9612 9609 
19556 9640 9641 9638 
19557 9644 9650 9641 
19558 9509 9797 9742 
19559 9723 9820 9749 
19560 9514 9790 9558 
19561 9746 9787 9559 
19562 9766 9809 9708 
19563 9631 9754 9733 
19564 9705 9801 9519 
19565 9532 9813 9688 
19566 51 9750 9479 
19567 9722 9761 9504 
19568 9757 9820 9670 
19569 9670 9820 9723 
19570 9724 9781 9613 
19571 9623 9801 9705 
19572 9643 9781 9724 
19573 9621 9741 9620 
19574 9716 9735 9630 
19575 9723 9749 9525 
19576 9756 9824 9707 
19577 9721 9791 9610 
19578 9582 9807 9697 
19579 9629 9735 9685 
19580 9733 9754 9616 
19581 9816 9823 9664 
19582 9575 9753 9588 
19583 9685 9754 9631 
19584 9665 9816 9664 
19585 9517 9771 9764 
19586 9538 9818 9744 
19587 9644 9742 9650 
19588 9749 9820 9534 
19589 9739 9812 1303 
19590 9537 9763 9533 
19591 9548 9765 9551 
19592 9664 9823 9663 
19593 9560 9814 9745 
19594 9480 9564 42 
19595 9599 9786 9602 
19596 9479 9750 9563 
19597 9524 9792 9522 
19598 9610 9791 9612 
19599 9504 9791 9781 
19600 9663 9823 9730 
19601 9482 9768 9544 
19602 9776 9777 9559 
19603 9694 9774 9573 
19604 9796 9810 9773 
19605 9649 9816 9700 
19606 9556 9779 9746 
19607 9504 9781 9722 
19608 9555 9777 9776 
19609 9593 9796 9773 
19610 9770 9771 9517 
19611 9511 9737 9734 
19612 9585 9810 9796 
19613 9600 9786 9599 
19614 9647 9788 9748 
19615 9602 9786 9701 
19616 9649 9823 9816 
19617 9533 9763 9535 
19618 9540 9763 9537 
19619 9702 9814 9561 
19620 9529 9798 9526 
19621 9511 9804 9737 
19622 9736 9822 9534 
19623 9596 9795 9598 
19624 9648 9819 9760 
19625 9585 9811 9810 
19626 9561 9795 9702 
19627 9707 9824 9607 
19628 9800 9810 9580 
19629 9528 9792 9524 
19630 9746 9779 9557 
19631 9745 9814 9702 
19632 9499 9770 9761 
19633 9734 9790 9511 
19634 9764 9771 9516 
19635 9510 9808 9769 
19636 9616 9824 9756 
19637 9498 9761 9722 
19638 9526 9798 9528 
19639 9769 9808 9477 
19640 9742 9797 9508 
19641 9778 9825 9502 
19642 9534 9820 9757 
19643 9546 9809 9766 
19644 9760 9819 9647 
19645 9499 9771 9770 
19646 9810 9811 9580 
19647 9571 9665 9577 
19648 9654 9789 9653 
$EndElements
